repo_relative_path,windows_absolute_path,sha256,size_bytes,line_count,extension,top_directory,authority_level,role,parse_status
.codex/README.md,C:\BatteredAggieSyndrome\.codex\README.md,3df7dd57ee2740974effbfc0b098f1029249f9e9008ea1ee1e770395e40269ec,494,11,.md,.codex,SUPPORTING,Supporting repository artifact,OK
.codex/TASK_PACKET_TEMPLATE.md,C:\BatteredAggieSyndrome\.codex\TASK_PACKET_TEMPLATE.md,1aba392336974c435c26cdc1c52bce8c70f500491cea04bce41566da75aec342,406,32,.md,.codex,SUPPORTING,Supporting repository artifact,OK
.codex/WORKTREE_POLICY.md,C:\BatteredAggieSyndrome\.codex\WORKTREE_POLICY.md,d1ebc535fd41b1adccf8f0b50de7d4921713e0b933f939c12de8290ad8065b9f,668,17,.md,.codex,SUPPORTING,Supporting repository artifact,OK
.editorconfig,C:\BatteredAggieSyndrome\.editorconfig,815a7443611a1a19ce656968bc9aefd29eb8bff77308398a0a7ed17768f71d52,240,16,.editorconfig,.editorconfig,SUPPORTING,Supporting repository artifact,OK
.env.example,C:\BatteredAggieSyndrome\.env.example,3a13639a1997c5dc0954861f521049f9d28647ccfe96c8b68948c30ee3ef7658,223,4,.example,.env.example,SUPPORTING,Supporting repository artifact,OK
.gitattributes,C:\BatteredAggieSyndrome\.gitattributes,8132bdd5edd20f90efda8954a3c10df05b96cf7bb34b15a1eac80c6a9c15cf0f,195,12,.gitattributes,.gitattributes,SUPPORTING,Supporting repository artifact,OK
.github/CODEOWNERS,C:\BatteredAggieSyndrome\.github\CODEOWNERS,9c418a8473c73a52303004f4f3121d41aaa09d257dca58477fcd8cc445eb129f,196,4,CODEOWNERS,.github,SUPPORTING,Supporting repository artifact,OK
.github/ISSUE_TEMPLATE/bug_report.yml,C:\BatteredAggieSyndrome\.github\ISSUE_TEMPLATE\bug_report.yml,5646a4c16ac5c3a0e300263d0d72ba5bff648f80eb79c0b5e28d02c2cbe1e19a,634,24,.yml,.github,SUPPORTING,Supporting repository artifact,OK
.github/ISSUE_TEMPLATE/config.yml,C:\BatteredAggieSyndrome\.github\ISSUE_TEMPLATE\config.yml,13064e7bea658e01e718b414fbb7b3b244f36411fe25ee2055c151f7b534547a,27,1,.yml,.github,SUPPORTING,Supporting repository artifact,OK
.github/pull_request_template.md,C:\BatteredAggieSyndrome\.github\pull_request_template.md,6b9946aaedce6304edc81b7ad79f9d3d67317511bcb1d9b40cf4d3e8b1404ca7,452,21,.md,.github,SUPPORTING,Supporting repository artifact,OK
.github/workflows/ci.yml,C:\BatteredAggieSyndrome\.github\workflows\ci.yml,79d65c3c4dcfd58b68b536d50cb296ba4f7b18c85eeb4662879a7927c69019df,2486,77,.yml,.github,SUPPORTING,Supporting repository artifact,OK
.github/workflows/security.yml,C:\BatteredAggieSyndrome\.github\workflows\security.yml,64780116ec9d1561d472ce989db627ebc6b8b5239c2ab6241207d83c4bf17351,571,25,.yml,.github,SUPPORTING,Supporting repository artifact,OK
.gitignore,C:\BatteredAggieSyndrome\.gitignore,05a587aa01c3b526854e8d48fcc3a211b53cdec6a43e8a488c43a5eab8155a33,806,58,.gitignore,.gitignore,SUPPORTING,Supporting repository artifact,OK
.python-version,C:\BatteredAggieSyndrome\.python-version,7b55f8e67b5623c4bef3fa691288da9437d79d3aba156de48d481db32ac7d16d,5,1,.python-version,.python-version,SUPPORTING,Supporting repository artifact,OK
AGENTS.md,C:\BatteredAggieSyndrome\AGENTS.md,0e2c4e1f2ee5b17dedfff53dfcb28c0306e915ec387b2003e9f82b5527681cde,1310,21,.md,AGENTS.md,PROTECTED_INVARIANT,Protected project rule or sealed governance artifact,OK
CHANGELOG.md,C:\BatteredAggieSyndrome\CHANGELOG.md,c58767afad284c26a496d22f1cb7b84d23cfd26b62554a9efa175c4b1f53158a,19945,269,.md,CHANGELOG.md,SUPPORTING,Supporting repository artifact,OK
CONTRIBUTING.md,C:\BatteredAggieSyndrome\CONTRIBUTING.md,0c8dea47db129c5286b441f0c01c881eb0b464b8f26d405540be67d4eded9a53,893,13,.md,CONTRIBUTING.md,SUPPORTING,Supporting repository artifact,OK
README.md,C:\BatteredAggieSyndrome\README.md,5bd89dde6700dd5804e4b1722ff3ae59576bff66a54923bda44db763fd640646,3434,75,.md,README.md,SUPPORTING,Supporting repository artifact,OK
artifacts/README.md,C:\BatteredAggieSyndrome\artifacts\README.md,3b602ad9a9f5a02011952964ded73f392d6f9a73c93b0f77a35173ff7ad23f2b,258,3,.md,artifacts,SUPPORTING,Supporting repository artifact,OK
configs/acceptance_registry.json,C:\BatteredAggieSyndrome\configs\acceptance_registry.json,005628e57406c4243b40a5f515952f812d9c9f988d25723db14e659cc6abaa8f,630816,15332,.json,configs,CURRENT_MACHINE_REGISTRY,Machine-readable governance or implementation registry,OK
configs/architecture_registry.json,C:\BatteredAggieSyndrome\configs\architecture_registry.json,a13ada012009709d0511c6e043e6b38306e44d6a1c0572792108ab9e6ea1c91c,14629,533,.json,configs,CURRENT_MACHINE_REGISTRY,Machine-readable governance or implementation registry,OK
configs/backlog_policy.json,C:\BatteredAggieSyndrome\configs\backlog_policy.json,2c570c0d260ea4b5f2c211f474928ffede7253ca7e5d1659e007c93638ae6a8e,1926,46,.json,configs,CURRENT_MACHINE_REGISTRY,Machine-readable governance or implementation registry,OK
configs/bas_science_registry.json,C:\BatteredAggieSyndrome\configs\bas_science_registry.json,d4eb21b5902d084824f1965ba116260e99771ba59045674dee662511bd6cf808,1799,53,.json,configs,CURRENT_MACHINE_REGISTRY,Machine-readable governance or implementation registry,OK
configs/context_intelligence_registry.json,C:\BatteredAggieSyndrome\configs\context_intelligence_registry.json,8f9b7cbd0de5b9ec32e5f68802da1d548c68bd5117778fd6553ce1c08408cfb6,1849,33,.json,configs,CURRENT_MACHINE_REGISTRY,Machine-readable governance or implementation registry,OK
configs/entity_registry.json,C:\BatteredAggieSyndrome\configs\entity_registry.json,66f4c69f830e34c23745b42bbcbc98b482bf141c3cb8a0e49bfd32c7fc99c647,16533,447,.json,configs,CURRENT_MACHINE_REGISTRY,Machine-readable governance or implementation registry,OK
configs/experiment_artifact_policy.json,C:\BatteredAggieSyndrome\configs\experiment_artifact_policy.json,9e56bf71e65541df1701c46337f7367f9b792064afc72ea8834ee29ff07ee861,281,11,.json,configs,CURRENT_MACHINE_REGISTRY,Machine-readable governance or implementation registry,OK
configs/experiment_research_registry.json,C:\BatteredAggieSyndrome\configs\experiment_research_registry.json,f2ed563906cd8914618bf4073bd2e95e2ea3635e16e7bbb664a14c2d37f270e6,5374,113,.json,configs,CURRENT_MACHINE_REGISTRY,Machine-readable governance or implementation registry,OK
configs/experiment_store_policy.json,C:\BatteredAggieSyndrome\configs\experiment_store_policy.json,eaf37aad659ebf07e84b92b858adf117eefa22bc963920a77f9fbf12593c35da,521,26,.json,configs,CURRENT_MACHINE_REGISTRY,Machine-readable governance or implementation registry,OK
configs/feature_lifecycle_registry.json,C:\BatteredAggieSyndrome\configs\feature_lifecycle_registry.json,66b7549d373507277498bb945ae9923704d7097f14a36240fac3d331fcb1a943,2033,76,.json,configs,CURRENT_MACHINE_REGISTRY,Machine-readable governance or implementation registry,OK
configs/hpo_registry.json,C:\BatteredAggieSyndrome\configs\hpo_registry.json,9c0f7862b5ca901687c6f7c0ffdd775996d90b5ce41f4a5782d6ae2aa1f25f6e,476,18,.json,configs,CURRENT_MACHINE_REGISTRY,Machine-readable governance or implementation registry,OK
configs/hydration_manifest.json,C:\BatteredAggieSyndrome\configs\hydration_manifest.json,52544e0c6934facb27f931dde908d5f8af7f6a877ec8215f9f9801516b7166bf,60075,1958,.json,configs,CURRENT_MACHINE_REGISTRY,Machine-readable governance or implementation registry,OK
configs/implementation_plan.json,C:\BatteredAggieSyndrome\configs\implementation_plan.json,5f22adcef70b5b7c5fef7900f5edfa57bf362e884a3b525ed71bf68be8528573,183436,4493,.json,configs,CURRENT_MACHINE_REGISTRY,Machine-readable governance or implementation registry,OK
configs/judging_rule_seal.json,C:\BatteredAggieSyndrome\configs\judging_rule_seal.json,8e1cb61d850babc5e80bd156aa79f6bbd5575d461df0d83ec6f6eed2a71fe758,3936,87,.json,configs,PROTECTED_INVARIANT,Protected project rule or sealed governance artifact,OK
configs/model_architecture_registry.json,C:\BatteredAggieSyndrome\configs\model_architecture_registry.json,635228c63cf38a044b3b6fa8a6779aed2c577ebd2f492b9b45d0e0f1727fb820,1913,42,.json,configs,CURRENT_MACHINE_REGISTRY,Machine-readable governance or implementation registry,OK
configs/player_intelligence_registry.json,C:\BatteredAggieSyndrome\configs\player_intelligence_registry.json,7ef331f15d8e341e823be1089d5f136fa8c00dbbdccf70d164002146c9e89a22,2615,65,.json,configs,CURRENT_MACHINE_REGISTRY,Machine-readable governance or implementation registry,OK
configs/raw_feature_registry.json,C:\BatteredAggieSyndrome\configs\raw_feature_registry.json,2e88c24bff06accc1231aad953e9657f7a52158983de4cf24586a95b16c44f69,3789,112,.json,configs,CURRENT_MACHINE_REGISTRY,Machine-readable governance or implementation registry,OK
configs/repository_policy.json,C:\BatteredAggieSyndrome\configs\repository_policy.json,4e46a40ce4fe6d1bc8faa049c5f74aad5db1fe01eb0be2b431b9d25b41132839,1004,56,.json,configs,PROTECTED_INVARIANT,Protected project rule or sealed governance artifact,OK
configs/research_execution_registry.json,C:\BatteredAggieSyndrome\configs\research_execution_registry.json,55011de6949802cf563c7a79f55420157c8ca641edf69f40fcbf2085b3be7938,476,11,.json,configs,CURRENT_MACHINE_REGISTRY,Machine-readable governance or implementation registry,OK
configs/research_resource_policy.json,C:\BatteredAggieSyndrome\configs\research_resource_policy.json,acc7721bac101384e457ab89a774843a3c067a34c047e06093187ca4b6d2f279,383,17,.json,configs,CURRENT_MACHINE_REGISTRY,Machine-readable governance or implementation registry,OK
configs/result_comparison_policy.json,C:\BatteredAggieSyndrome\configs\result_comparison_policy.json,57c253b7b41ed00b61fa33003c7b27a1d1ac2b3fedf658ef91d867f314cba6fc,486,24,.json,configs,CURRENT_MACHINE_REGISTRY,Machine-readable governance or implementation registry,OK
configs/tamu_specialization_registry.json,C:\BatteredAggieSyndrome\configs\tamu_specialization_registry.json,f30bc0fa6c9f939cac8327cfc8e00120ee8ffacef6fdc10c6934e20f67038d48,1816,39,.json,configs,CURRENT_MACHINE_REGISTRY,Machine-readable governance or implementation registry,OK
configs/team_state_registry.json,C:\BatteredAggieSyndrome\configs\team_state_registry.json,5342e3ba89afa2d0bca57acdc7c75239d7ba7b0b26bf2a306161531015fc7975,2898,70,.json,configs,CURRENT_MACHINE_REGISTRY,Machine-readable governance or implementation registry,OK
configs/temporal_registry.json,C:\BatteredAggieSyndrome\configs\temporal_registry.json,0319642bfaef5000535227d30bce3a6654e38e8df82a57cce4e7803ffe36eb6b,16583,389,.json,configs,CURRENT_MACHINE_REGISTRY,Machine-readable governance or implementation registry,OK
configs/tournament_registry.json,C:\BatteredAggieSyndrome\configs\tournament_registry.json,be1f301f4ad7f1c29f55c05ed5029babf58d8199b98580a2d235fe859066a393,631,19,.json,configs,CURRENT_MACHINE_REGISTRY,Machine-readable governance or implementation registry,OK
configs/validation_science_registry.json,C:\BatteredAggieSyndrome\configs\validation_science_registry.json,b9a01439c457232102b3d0f24f599a6cf852c712122574a64fb91c87d7c33c21,2609,60,.json,configs,CURRENT_MACHINE_REGISTRY,Machine-readable governance or implementation registry,OK
data/README.md,C:\BatteredAggieSyndrome\data\README.md,00ac41f052e61b9868a179def34bccfac8df9b3227b90dcafa2c2abdb21c52d9,302,3,.md,data,SUPPORTING,Supporting repository artifact,OK
docs/00_PROJECT_CHARTER.md,C:\BatteredAggieSyndrome\docs\00_PROJECT_CHARTER.md,6ba75c6cecc607bc43adf7ec90f8596064f2146c48b32df586b53d4975e9a152,1400,23,.md,docs,ACCEPTED_DESIGN,Accepted architecture/design/protocol source,OK
docs/00_TERMINOLOGY.md,C:\BatteredAggieSyndrome\docs\00_TERMINOLOGY.md,3b4874ca3e0dba4f188b717ff75b70a7f47709a7667f45658b28098ff6db0bc2,1532,17,.md,docs,ACCEPTED_DESIGN,Accepted architecture/design/protocol source,OK
docs/01_ARCHITECTURE.md,C:\BatteredAggieSyndrome\docs\01_ARCHITECTURE.md,a6f53bb36f185be5000a833dfb4caf5a99432f37575cd6d9908eb16e7f0c9381,6679,132,.md,docs,ACCEPTED_DESIGN,Accepted architecture/design/protocol source,OK
docs/01_SOURCE_SYNTHESIS.md,C:\BatteredAggieSyndrome\docs\01_SOURCE_SYNTHESIS.md,4bc8cde084797a3315bae218ebce6ea84218774235fed53cca2d8526f289dd63,2017,19,.md,docs,ACCEPTED_DESIGN,Accepted architecture/design/protocol source,OK
docs/02_RECONNAISSANCE_FINDINGS_INDEX.md,C:\BatteredAggieSyndrome\docs\02_RECONNAISSANCE_FINDINGS_INDEX.md,08c1553df1a1b82e2c0f770e750c94b9e1b9f4fd1accc160bb73bc0a25e61be1,2015,20,.md,docs,ACCEPTED_DESIGN,Accepted architecture/design/protocol source,OK
docs/03_REQUIREMENTS_BASELINE.md,C:\BatteredAggieSyndrome\docs\03_REQUIREMENTS_BASELINE.md,bfa3f9965178fb579a1c1991e015db532f8bc8d289b697077f5038e5b913c92f,2658,31,.md,docs,ACCEPTED_DESIGN,Accepted architecture/design/protocol source,OK
docs/04_REPOSITORY_OPERATIONS.md,C:\BatteredAggieSyndrome\docs\04_REPOSITORY_OPERATIONS.md,2caf76a8a85592adf1fea83b4aff6867b622d25ff2975af555eeb1a6a8146868,1613,32,.md,docs,ACCEPTED_DESIGN,Accepted architecture/design/protocol source,OK
docs/05_LOCAL_WINDOWS_SETUP.md,C:\BatteredAggieSyndrome\docs\05_LOCAL_WINDOWS_SETUP.md,34d6b5c81b35ab1967e5d2a061eab604f597d53ca1eebf4df6eb3f33dcba5c80,1147,18,.md,docs,ACCEPTED_DESIGN,Accepted architecture/design/protocol source,OK
docs/06_GITHUB_CODEX_WORKFLOW.md,C:\BatteredAggieSyndrome\docs\06_GITHUB_CODEX_WORKFLOW.md,3ff557c129c061fb1be7a26a42b17c3ea31b00e4ab35a4d59cbaec030a6fe8da,934,15,.md,docs,ACCEPTED_DESIGN,Accepted architecture/design/protocol source,OK
docs/07_PACKAGING_INTEGRITY.md,C:\BatteredAggieSyndrome\docs\07_PACKAGING_INTEGRITY.md,25e08209e76a304e2fae09835b90fa5741f506856d84747df066485e0c4c04b2,1691,32,.md,docs,ACCEPTED_DESIGN,Accepted architecture/design/protocol source,OK
docs/08_REQUIREMENTS_AND_ACCEPTANCE_ARCHITECTURE.md,C:\BatteredAggieSyndrome\docs\08_REQUIREMENTS_AND_ACCEPTANCE_ARCHITECTURE.md,9cbad42b6035b8aeb421bb38dd4e0e99055574d590348da0a1db2fae95ac0043,3473,44,.md,docs,ACCEPTED_DESIGN,Accepted architecture/design/protocol source,OK
docs/09_SECURITY_REPRODUCIBILITY_PERFORMANCE_GOVERNANCE.md,C:\BatteredAggieSyndrome\docs\09_SECURITY_REPRODUCIBILITY_PERFORMANCE_GOVERNANCE.md,42b76936922ee5095954b39cc0805f88113f4040793fc3e70d6c05fcfbd70742,1815,16,.md,docs,ACCEPTED_DESIGN,Accepted architecture/design/protocol source,OK
docs/100_W18_FULL_IMPLEMENTATION_INVENTORY.md,C:\BatteredAggieSyndrome\docs\100_W18_FULL_IMPLEMENTATION_INVENTORY.md,dd278da52d7c11af54b4fb009d63416271c0afdd4bf317b46fb0164e39d0bc4b,1802,23,.md,docs,ACCEPTED_DESIGN,Accepted architecture/design/protocol source,OK
docs/101_W19_FOUNDATION_IMPLEMENTATION.md,C:\BatteredAggieSyndrome\docs\101_W19_FOUNDATION_IMPLEMENTATION.md,dadce77e0c5f4892c8cc6238806133bab9543509f657ab87000a730fa5e1eec6,2457,29,.md,docs,ACCEPTED_DESIGN,Accepted architecture/design/protocol source,OK
docs/102_W19_IMPLEMENTATION_INVENTORY.md,C:\BatteredAggieSyndrome\docs\102_W19_IMPLEMENTATION_INVENTORY.md,604a04df62cdcb6f41d662e6ccad44efb01c51b7b73441fb7df1caf6e9c157dc,924,21,.md,docs,ACCEPTED_DESIGN,Accepted architecture/design/protocol source,OK
docs/103_W20_MODEL_CALIBRATION_BAS_IMPLEMENTATION.md,C:\BatteredAggieSyndrome\docs\103_W20_MODEL_CALIBRATION_BAS_IMPLEMENTATION.md,49e22485c338db1d6ac010448e7c0c388c4bb6787efe8136252903fde9a5ba76,3339,48,.md,docs,ACCEPTED_DESIGN,Accepted architecture/design/protocol source,OK
docs/104_W20_IMPLEMENTATION_INVENTORY.md,C:\BatteredAggieSyndrome\docs\104_W20_IMPLEMENTATION_INVENTORY.md,6e11ea7c5144b4a296ee73086b5f8d852bf8e63e4746e74478f2b01c9330760c,1165,18,.md,docs,ACCEPTED_DESIGN,Accepted architecture/design/protocol source,OK
docs/105_W21_AUTONOMOUS_WEEKLY_MLOPS.md,C:\BatteredAggieSyndrome\docs\105_W21_AUTONOMOUS_WEEKLY_MLOPS.md,fbe0318625ec30d8e4e29680e2913e3deac8b6862c2e3e39eb25904fefcb7def,2273,27,.md,docs,ACCEPTED_DESIGN,Accepted architecture/design/protocol source,OK
docs/106_W21_IMPLEMENTATION_INVENTORY.md,C:\BatteredAggieSyndrome\docs\106_W21_IMPLEMENTATION_INVENTORY.md,caca757ba6ab05d1bff36be450082c591deb34149761e1ff7ea161caf8355340,589,17,.md,docs,ACCEPTED_DESIGN,Accepted architecture/design/protocol source,OK
docs/107_W22_SNAPSHOT_SERVING_PRODUCT.md,C:\BatteredAggieSyndrome\docs\107_W22_SNAPSHOT_SERVING_PRODUCT.md,0dac1b467e1835da291acdbcc219a1b8f19cf1fe80b911ad1ba71ad447878446,1608,23,.md,docs,ACCEPTED_DESIGN,Accepted architecture/design/protocol source,OK
docs/108_W22_IMPLEMENTATION_INVENTORY.md,C:\BatteredAggieSyndrome\docs\108_W22_IMPLEMENTATION_INVENTORY.md,d4583fbca1db376bec5bb0cea9ffacc17bda4d078467cb772f160186f5ded504,1035,27,.md,docs,ACCEPTED_DESIGN,Accepted architecture/design/protocol source,OK
docs/109_W23_LOCAL_PRODUCTION_OPERATIONS.md,C:\BatteredAggieSyndrome\docs\109_W23_LOCAL_PRODUCTION_OPERATIONS.md,620aca9a055f436140ecd7f34da1662a4328856ff726f14a3f2eae0f90cc9978,1200,19,.md,docs,ACCEPTED_DESIGN,Accepted architecture/design/protocol source,OK
docs/10_IMPLEMENTATION_MASTER_PLAN.md,C:\BatteredAggieSyndrome\docs\10_IMPLEMENTATION_MASTER_PLAN.md,0a66613bfa4056b47ddc560c96d4d039cf07c5d42945c795f5c04c4ba808bcb6,3261,49,.md,docs,ACCEPTED_DESIGN,Accepted architecture/design/protocol source,OK
docs/110_W23_IMPLEMENTATION_INVENTORY.md,C:\BatteredAggieSyndrome\docs\110_W23_IMPLEMENTATION_INVENTORY.md,c5d861bc491744b659366fdee7c43234ae812ddaeb975c5a17e43405fb7b86f8,960,15,.md,docs,ACCEPTED_DESIGN,Accepted architecture/design/protocol source,OK
docs/111_W24_END_TO_END_READINESS_AUDIT.md,C:\BatteredAggieSyndrome\docs\111_W24_END_TO_END_READINESS_AUDIT.md,8adcc7139630585ac6be45176551b11c00e43e440871a335cf88b818b3488f82,2046,21,.md,docs,LATE_READINESS,Late-wave readiness or finalization evidence,OK
docs/112_W24_IMPLEMENTATION_INVENTORY.md,C:\BatteredAggieSyndrome\docs\112_W24_IMPLEMENTATION_INVENTORY.md,18e1852c8b2fd5b9b16fae345bd258f4314a1b989d9955b4540800726cdf8177,1462,18,.md,docs,LATE_READINESS,Late-wave readiness or finalization evidence,OK
docs/113_W25_FINAL_CONSOLIDATION_AND_CODEX_HANDOFF.md,C:\BatteredAggieSyndrome\docs\113_W25_FINAL_CONSOLIDATION_AND_CODEX_HANDOFF.md,8a4fcb835e8b4663e078b286320b132cf636280d1d468f70434878bce3772f10,954,12,.md,docs,LATE_READINESS,Late-wave readiness or finalization evidence,OK
docs/11_CODEX_EXECUTION_STRATEGY.md,C:\BatteredAggieSyndrome\docs\11_CODEX_EXECUTION_STRATEGY.md,045cb173be633f17964842ccbda6da5f6e6dbc244c0473df08be92dc05175cca,2160,32,.md,docs,ACCEPTED_DESIGN,Accepted architecture/design/protocol source,OK
docs/12_SHARED_CONTRACT_AND_WORKTREE_STRATEGY.md,C:\BatteredAggieSyndrome\docs\12_SHARED_CONTRACT_AND_WORKTREE_STRATEGY.md,3649169c14020b0976cf10f24936e453b18cff37ff3837ae1aa8bb449f73f3ea,840,13,.md,docs,ACCEPTED_DESIGN,Accepted architecture/design/protocol source,OK
docs/13_IMPLEMENTATION_EVIDENCE_GATES.md,C:\BatteredAggieSyndrome\docs\13_IMPLEMENTATION_EVIDENCE_GATES.md,cff0f23c88c74b78a9e2c300f5aa1928fdc83fb7cd946522c2041c67031bb5ec,975,16,.md,docs,ACCEPTED_DESIGN,Accepted architecture/design/protocol source,OK
docs/14_CANONICAL_ENTITY_ARCHITECTURE.md,C:\BatteredAggieSyndrome\docs\14_CANONICAL_ENTITY_ARCHITECTURE.md,44e0f776dbbb6d8e31f307fac37683fe8c86528c7c353c7e4d10220e4fedb595,3752,55,.md,docs,ACCEPTED_DESIGN,Accepted architecture/design/protocol source,OK
docs/15_SOURCE_MAPPING_AND_EVIDENCE_IDENTITY.md,C:\BatteredAggieSyndrome\docs\15_SOURCE_MAPPING_AND_EVIDENCE_IDENTITY.md,9fbf23d76009407c25ac28070668325e1df0739d655ccfc5d90ef5f53e9de71d,2303,43,.md,docs,ACCEPTED_DESIGN,Accepted architecture/design/protocol source,OK
docs/16_ENTITY_RESOLUTION_AND_REVIEW.md,C:\BatteredAggieSyndrome\docs\16_ENTITY_RESOLUTION_AND_REVIEW.md,b9b4845be3f8fa2adcd4348c25e1a3d37dd0ca30bdb974c5e980e01584f0c08f,2410,47,.md,docs,ACCEPTED_DESIGN,Accepted architecture/design/protocol source,OK
docs/17_ENTITY_STORAGE_EVALUATION.md,C:\BatteredAggieSyndrome\docs\17_ENTITY_STORAGE_EVALUATION.md,258a85bef9f21de348ad81736158f7c6dbfd7066fe9ff45769b6239f10a1a860,2162,37,.md,docs,ACCEPTED_DESIGN,Accepted architecture/design/protocol source,OK
docs/18_POINT_IN_TIME_DATA_ARCHITECTURE.md,C:\BatteredAggieSyndrome\docs\18_POINT_IN_TIME_DATA_ARCHITECTURE.md,c1bde8d7eee342d75908fa18330edcff814c7d84327a29d78ab4da47363750fe,2310,30,.md,docs,ACCEPTED_DESIGN,Accepted architecture/design/protocol source,OK
docs/19_ASOF_QUERY_AND_CUTOFF_CONTRACT.md,C:\BatteredAggieSyndrome\docs\19_ASOF_QUERY_AND_CUTOFF_CONTRACT.md,5b94506cd458825048a1e74a443d683cc056a37d2f3d19c4ddc479709f77940d,1582,24,.md,docs,ACCEPTED_DESIGN,Accepted architecture/design/protocol source,OK
docs/20_MUTABLE_DOMAIN_SNAPSHOT_POLICIES.md,C:\BatteredAggieSyndrome\docs\20_MUTABLE_DOMAIN_SNAPSHOT_POLICIES.md,d8f6cd0c2d6994cb7d4293da0d70021820777b4a12bc30451266e5cb9b08b1ee,1734,22,.md,docs,ACCEPTED_DESIGN,Accepted architecture/design/protocol source,OK
docs/21_LEAKAGE_AND_REPLAY_TEST_SPEC.md,C:\BatteredAggieSyndrome\docs\21_LEAKAGE_AND_REPLAY_TEST_SPEC.md,a21ebe22ad0a2663d1281258c48dda9d127d75656009573323a9316d2a3eb508,915,19,.md,docs,ACCEPTED_DESIGN,Accepted architecture/design/protocol source,OK
docs/22_RAW_FEATURE_REGISTRY_ARCHITECTURE.md,C:\BatteredAggieSyndrome\docs\22_RAW_FEATURE_REGISTRY_ARCHITECTURE.md,b45a118fc0da6f90747c821f185a00fa49d9bae1927a3e7e80e53000e9910ad7,1648,24,.md,docs,ACCEPTED_DESIGN,Accepted architecture/design/protocol source,OK
docs/23_SCHEMA_DISCOVERY_AND_RECONCILIATION.md,C:\BatteredAggieSyndrome\docs\23_SCHEMA_DISCOVERY_AND_RECONCILIATION.md,5a2fe37b22a3ac99e8157349066031ff35a867663affd2026a878cb307c1ece8,923,9,.md,docs,ACCEPTED_DESIGN,Accepted architecture/design/protocol source,OK
docs/24_RAW_FIELD_TO_CANDIDATE_HANDOFF.md,C:\BatteredAggieSyndrome\docs\24_RAW_FIELD_TO_CANDIDATE_HANDOFF.md,103c57900477460d8bc9c6a4ef4bbcd658a5d3ee2d9d2a3cdd8c8ab74bec274c,798,7,.md,docs,ACCEPTED_DESIGN,Accepted architecture/design/protocol source,OK
docs/25_FEATURE_ENGINEERING_ARCHITECTURE.md,C:\BatteredAggieSyndrome\docs\25_FEATURE_ENGINEERING_ARCHITECTURE.md,bb484a2ff370389fef538c4e571e4200e10022a6a059a90799292e203a9de757,1944,24,.md,docs,ACCEPTED_DESIGN,Accepted architecture/design/protocol source,OK
docs/26_FEATURE_SCREENING_AND_SELECTION.md,C:\BatteredAggieSyndrome\docs\26_FEATURE_SCREENING_AND_SELECTION.md,b4b7c8f9223be05e116981cf5e6d8edca03f2b2294c0694bfd32088f949bca86,1554,33,.md,docs,ACCEPTED_DESIGN,Accepted architecture/design/protocol source,OK
docs/27_FEATURE_LIFECYCLE_GOVERNANCE.md,C:\BatteredAggieSyndrome\docs\27_FEATURE_LIFECYCLE_GOVERNANCE.md,05c31feafeea7702a4714860ea1f853f23d9f61aa022e94f74ece3276564972c,1379,20,.md,docs,ACCEPTED_DESIGN,Accepted architecture/design/protocol source,OK
docs/28_FEATURE_ABLATION_AND_STABILITY.md,C:\BatteredAggieSyndrome\docs\28_FEATURE_ABLATION_AND_STABILITY.md,8703e0580e45289f7796bce2adadfedf5575034d0ef60fb35d40c43a324d8698,1267,18,.md,docs,ACCEPTED_DESIGN,Accepted architecture/design/protocol source,OK
docs/29_COACHING_INTELLIGENCE_ARCHITECTURE.md,C:\BatteredAggieSyndrome\docs\29_COACHING_INTELLIGENCE_ARCHITECTURE.md,34f1738f58366efc3e6e2feea431399bfa1a8a1735d3f24c1084a81a5c790150,1308,20,.md,docs,ACCEPTED_DESIGN,Accepted architecture/design/protocol source,OK
docs/29_TEAM_STATE_ARCHITECTURE.md,C:\BatteredAggieSyndrome\docs\29_TEAM_STATE_ARCHITECTURE.md,8ab42b7f390655052e19b0dc72947b2f26690f31f199fd8cf3fa99bfb38b0bba,1614,24,.md,docs,ACCEPTED_DESIGN,Accepted architecture/design/protocol source,OK
docs/30_EARLY_SEASON_PRIORS_AND_BLENDING.md,C:\BatteredAggieSyndrome\docs\30_EARLY_SEASON_PRIORS_AND_BLENDING.md,b9393b5bda8e705c1980245700e9fcf6f3bd184e6692afc3bb6f4627c5585a35,1432,25,.md,docs,ACCEPTED_DESIGN,Accepted architecture/design/protocol source,OK
docs/30_ENVIRONMENT_RESOURCE_CONTEXT_ARCHITECTURE.md,C:\BatteredAggieSyndrome\docs\30_ENVIRONMENT_RESOURCE_CONTEXT_ARCHITECTURE.md,ffef412c1d3ef4e6ce65bf8f09b6bff5a50aebbe1ed42d8123086bfbe878f44e,1451,24,.md,docs,ACCEPTED_DESIGN,Accepted architecture/design/protocol source,OK
docs/31_HISTORICAL_WEIGHTING_AND_REGIME.md,C:\BatteredAggieSyndrome\docs\31_HISTORICAL_WEIGHTING_AND_REGIME.md,96a689987ca717cfd7af013777c681adbd83397ba1b42822c8a44a616de66c67,1396,29,.md,docs,ACCEPTED_DESIGN,Accepted architecture/design/protocol source,OK
docs/31_REGULATORY_ENVIRONMENT_ARCHITECTURE.md,C:\BatteredAggieSyndrome\docs\31_REGULATORY_ENVIRONMENT_ARCHITECTURE.md,f51f19e341b4282ec8dacd74f892cd8b00edbfc07e266c5a865a3dce8b068c08,682,14,.md,docs,ACCEPTED_DESIGN,Accepted architecture/design/protocol source,OK
docs/32_GAME_MECHANICS_ARCHITECTURE.md,C:\BatteredAggieSyndrome\docs\32_GAME_MECHANICS_ARCHITECTURE.md,c12aa1cce4bdc5560425648638894c7964a4451512cd8cbf5a0241359d956c37,1041,19,.md,docs,ACCEPTED_DESIGN,Accepted architecture/design/protocol source,OK
docs/32_LOWER_DIVISION_STRENGTH_AND_UNCERTAINTY.md,C:\BatteredAggieSyndrome\docs\32_LOWER_DIVISION_STRENGTH_AND_UNCERTAINTY.md,206f1ca5aef2ce2b2f3e6d4a17c8703dcfca9ae781f43b808c3a0a69327ebed0,1288,33,.md,docs,ACCEPTED_DESIGN,Accepted architecture/design/protocol source,OK
docs/33_OPPONENT_STYLE_SCHEDULE_OFFICIATING.md,C:\BatteredAggieSyndrome\docs\33_OPPONENT_STYLE_SCHEDULE_OFFICIATING.md,31e70588f04c5c019512471f60cc0701a69425833ec357c1c4078bb9a5228d37,1164,19,.md,docs,ACCEPTED_DESIGN,Accepted architecture/design/protocol source,OK
docs/33_TEAM_STATE_COMPARISON_AND_GATE.md,C:\BatteredAggieSyndrome\docs\33_TEAM_STATE_COMPARISON_AND_GATE.md,c3804ea97b25fa644ff52b679af97668d87e11ec6694eca348894b4133e18a35,1143,37,.md,docs,ACCEPTED_DESIGN,Accepted architecture/design/protocol source,OK
docs/34_PLAYER_ROSTER_DEPTH_ARCHITECTURE.md,C:\BatteredAggieSyndrome\docs\34_PLAYER_ROSTER_DEPTH_ARCHITECTURE.md,81f740dd0d7fd17dc1050d147b2c2bea909c7c07a62eaa661517c82d7a462b54,2113,41,.md,docs,ACCEPTED_DESIGN,Accepted architecture/design/protocol source,OK
docs/34_W13_EXPERIMENT_BOUNDARIES.md,C:\BatteredAggieSyndrome\docs\34_W13_EXPERIMENT_BOUNDARIES.md,be35187b0d886e6780ff0e0fd3ac8b277d502dab6d06d32854adfb25d154ff3a,623,19,.md,docs,ACCEPTED_DESIGN,Accepted architecture/design/protocol source,OK
docs/35_PLAYER_VALUE_REPLACEMENT_AND_AVAILABILITY.md,C:\BatteredAggieSyndrome\docs\35_PLAYER_VALUE_REPLACEMENT_AND_AVAILABILITY.md,b31df121dc75f3bf1a5d7d4912f090240f6e5e52a0aefe3bd6eb6cdcf65b5dac,2032,52,.md,docs,ACCEPTED_DESIGN,Accepted architecture/design/protocol source,OK
docs/35_W13_TO_W14_HANDOFF.md,C:\BatteredAggieSyndrome\docs\35_W13_TO_W14_HANDOFF.md,af2cd0f93eafee70cdebb333d15741547c7bd9e3c6f2d98d2c800eca0cabc5ab,705,17,.md,docs,ACCEPTED_DESIGN,Accepted architecture/design/protocol source,OK
docs/36_AVAILABILITY_EVIDENCE_AND_OFFICIAL_REPORTS.md,C:\BatteredAggieSyndrome\docs\36_AVAILABILITY_EVIDENCE_AND_OFFICIAL_REPORTS.md,2837c318b5afa052ecfbdc0804c14254007058c331e7dbc9116d8d059a59945e,1593,23,.md,docs,ACCEPTED_DESIGN,Accepted architecture/design/protocol source,OK
docs/37_RECRUITING_TRANSFER_AND_FRESHMAN_INTELLIGENCE.md,C:\BatteredAggieSyndrome\docs\37_RECRUITING_TRANSFER_AND_FRESHMAN_INTELLIGENCE.md,37af6220d726b9cb4667d2535dd44fd6282955dd734375025035653e1e05feb2,1627,34,.md,docs,ACCEPTED_DESIGN,Accepted architecture/design/protocol source,OK
docs/38_PRESEASON_HONORS_AND_DRAFT_DEVELOPMENT.md,C:\BatteredAggieSyndrome\docs\38_PRESEASON_HONORS_AND_DRAFT_DEVELOPMENT.md,aefc24da060abbdd419ccac730d1f005f4517e592a3df607c95ec93409ef7e32,1352,31,.md,docs,ACCEPTED_DESIGN,Accepted architecture/design/protocol source,OK
docs/39_PLAYER_INTELLIGENCE_GATE_AND_HANDOFF.md,C:\BatteredAggieSyndrome\docs\39_PLAYER_INTELLIGENCE_GATE_AND_HANDOFF.md,00d7357136935a00beb3231968ced35bf0913b22f9eb2640f12971f872832f7a,1494,36,.md,docs,ACCEPTED_DESIGN,Accepted architecture/design/protocol source,OK
docs/40_TEXAS_AM_SPECIALIZATION_ARCHITECTURE.md,C:\BatteredAggieSyndrome\docs\40_TEXAS_AM_SPECIALIZATION_ARCHITECTURE.md,c8a8aff2a83d4272fbe860eb67913788580124cf674d6155bb72d7780cbf0718,1241,16,.md,docs,ACCEPTED_DESIGN,Accepted architecture/design/protocol source,OK
docs/41_TAMU_HIGH_RESOLUTION_STATE.md,C:\BatteredAggieSyndrome\docs\41_TAMU_HIGH_RESOLUTION_STATE.md,26f144da14356dc18a6db41056dad517b1a2c7b17dbc92f772c79317ffd7d373,789,7,.md,docs,ACCEPTED_DESIGN,Accepted architecture/design/protocol source,OK
docs/42_TAMU_PEERS_ANALOGS_AND_SNAPSHOTS.md,C:\BatteredAggieSyndrome\docs\42_TAMU_PEERS_ANALOGS_AND_SNAPSHOTS.md,3b4e0ba68f742b539499646b0f18ba6518ac5015d9a35d83623e8c7b2c491aab,728,7,.md,docs,ACCEPTED_DESIGN,Accepted architecture/design/protocol source,OK
docs/43_TAMU_SPECIALIZATION_CANDIDATES_AND_OVERFIT_GUARDS.md,C:\BatteredAggieSyndrome\docs\43_TAMU_SPECIALIZATION_CANDIDATES_AND_OVERFIT_GUARDS.md,3e46e6ced0fe09fe6c1a8a747ac0b9d83cf308b0c054f9dcbda5ebe8e99b8816,732,13,.md,docs,ACCEPTED_DESIGN,Accepted architecture/design/protocol source,OK
docs/44_W14_TO_W15_HANDOFF.md,C:\BatteredAggieSyndrome\docs\44_W14_TO_W15_HANDOFF.md,3d370d69e58fa0905d747b715a5d06b15d891e65abe05cbdbb8de8a91db29272,509,7,.md,docs,ACCEPTED_DESIGN,Accepted architecture/design/protocol source,OK
docs/45_SCIENTIFIC_BAS_SPECIFICATION.md,C:\BatteredAggieSyndrome\docs\45_SCIENTIFIC_BAS_SPECIFICATION.md,5686b9fc38c62ce089e0e2b277356d32101b6de1593f334bbf95dc3518f73065,1509,25,.md,docs,ACCEPTED_DESIGN,Accepted architecture/design/protocol source,OK
docs/46_BAS_CROSSFIT_LABELING_AND_ANTI_CIRCULARITY.md,C:\BatteredAggieSyndrome\docs\46_BAS_CROSSFIT_LABELING_AND_ANTI_CIRCULARITY.md,3e5ccf7426247265a0549806ffa879d812f71745123689e9aa2807e3e4857d0e,848,7,.md,docs,ACCEPTED_DESIGN,Accepted architecture/design/protocol source,OK
docs/47_BAS_GENERAL_FBS_AGGIE_EXCESS_AND_PEERS.md,C:\BatteredAggieSyndrome\docs\47_BAS_GENERAL_FBS_AGGIE_EXCESS_AND_PEERS.md,9e00d6badf24665d5fbb668e16b9921604cbb96225a20810b75bcdbd6dbfc624,855,9,.md,docs,ACCEPTED_DESIGN,Accepted architecture/design/protocol source,OK
docs/48_BAS_COMPONENTS_REGIME_STABILITY_AND_CALIBRATION.md,C:\BatteredAggieSyndrome\docs\48_BAS_COMPONENTS_REGIME_STABILITY_AND_CALIBRATION.md,b0326bac2afe72c6b97abc8fc487343fbfd8d87c802de852664deb32234b7323,913,9,.md,docs,ACCEPTED_DESIGN,Accepted architecture/design/protocol source,OK
docs/49_W15_EXPERIMENT_BOUNDARIES.md,C:\BatteredAggieSyndrome\docs\49_W15_EXPERIMENT_BOUNDARIES.md,7105d948bd16c7f92f7ce8af985d8e53e175a542d1430efca214cdc42a88b2ed,516,7,.md,docs,ACCEPTED_DESIGN,Accepted architecture/design/protocol source,OK
docs/50_W15_TO_W16_HANDOFF.md,C:\BatteredAggieSyndrome\docs\50_W15_TO_W16_HANDOFF.md,3f54d7387a78c3da1768ec3ca572268ae2287c7a1ddd0af0c199b816065a2635,687,7,.md,docs,ACCEPTED_DESIGN,Accepted architecture/design/protocol source,OK
docs/51_MODEL_TARGETS_AND_OUTPUT_COHERENCE.md,C:\BatteredAggieSyndrome\docs\51_MODEL_TARGETS_AND_OUTPUT_COHERENCE.md,0a9ef5d0cc74649cb829719c389f4d9941d40bd4b9eab83870c931b3a16d861d,1668,27,.md,docs,ACCEPTED_DESIGN,Accepted architecture/design/protocol source,OK
docs/52_MODEL_ARCHITECTURE_CANDIDATES.md,C:\BatteredAggieSyndrome\docs\52_MODEL_ARCHITECTURE_CANDIDATES.md,99be1aaa01490817a06f76e778fb6d098b8fdf6e3a596ee1a453bc85d0402925,1361,23,.md,docs,ACCEPTED_DESIGN,Accepted architecture/design/protocol source,OK
docs/53_JOINT_SCORE_AND_SIMULATION.md,C:\BatteredAggieSyndrome\docs\53_JOINT_SCORE_AND_SIMULATION.md,8d76729ed1b772b0861568309948ca4e7c713940c460dfe5ac1d13fadf987fde,1311,37,.md,docs,ACCEPTED_DESIGN,Accepted architecture/design/protocol source,OK
docs/54_UNCERTAINTY_OOD_AND_MARKET_LANES.md,C:\BatteredAggieSyndrome\docs\54_UNCERTAINTY_OOD_AND_MARKET_LANES.md,98e0478a2eb1e611ba2de6145bea6bbb96f4e46e952663b418096f6fd57fc305,1397,37,.md,docs,ACCEPTED_DESIGN,Accepted architecture/design/protocol source,OK
docs/55_W16_EXPERIMENT_BOUNDARIES_AND_W17_HANDOFF.md,C:\BatteredAggieSyndrome\docs\55_W16_EXPERIMENT_BOUNDARIES_AND_W17_HANDOFF.md,faaf29e1f32aa6f512adf6cf8869a578a9353ac4e6d3388cfcd908d443e076b2,1461,38,.md,docs,ACCEPTED_DESIGN,Accepted architecture/design/protocol source,OK
docs/56_VALIDATION_AND_PROTECTED_SPLITS.md,C:\BatteredAggieSyndrome\docs\56_VALIDATION_AND_PROTECTED_SPLITS.md,c868b8d962482fca305db33d230d4338d32f1de6282476829eb62afc06bb3bf2,2044,29,.md,docs,ACCEPTED_DESIGN,Accepted architecture/design/protocol source,OK
docs/57_SCORING_CALIBRATION_AND_SCORECARDS.md,C:\BatteredAggieSyndrome\docs\57_SCORING_CALIBRATION_AND_SCORECARDS.md,17fc5e920fd0879788ce41b7222083730af8491f53580831425be8c0c6b8a1fd,1619,24,.md,docs,ACCEPTED_DESIGN,Accepted architecture/design/protocol source,OK
docs/58_MODEL_PROMOTION_AND_THRESHOLD_PRECOMMITMENT.md,C:\BatteredAggieSyndrome\docs\58_MODEL_PROMOTION_AND_THRESHOLD_PRECOMMITMENT.md,2e53f84fb0398a7fc9870e4d890a0f28346843e6467433dfb11cce564d3deff1,1389,32,.md,docs,ACCEPTED_DESIGN,Accepted architecture/design/protocol source,OK
docs/59_BAS_TAMU_UNCERTAINTY_MARKET_EVALUATION.md,C:\BatteredAggieSyndrome\docs\59_BAS_TAMU_UNCERTAINTY_MARKET_EVALUATION.md,057f643e092b467d666c0a0eb1d98c2b51a08822bf19aedbac406cfd1a0c487b,1347,19,.md,docs,ACCEPTED_DESIGN,Accepted architecture/design/protocol source,OK
docs/60_W17_EXPERIMENT_BOUNDARIES_AND_W18_HANDOFF.md,C:\BatteredAggieSyndrome\docs\60_W17_EXPERIMENT_BOUNDARIES_AND_W18_HANDOFF.md,15eab56b2ed0131eb72a8b6c70832a4f73048fb581be612f12d349e7e2eaa28b,1088,21,.md,docs,ACCEPTED_DESIGN,Accepted architecture/design/protocol source,OK
docs/61_EXPERIMENTATION_AND_AUTONOMOUS_RESEARCH_ARCHITECTURE.md,C:\BatteredAggieSyndrome\docs\61_EXPERIMENTATION_AND_AUTONOMOUS_RESEARCH_ARCHITECTURE.md,62f3975a83ccb504bb5d4c1f52a6de15214b6adda1ab80faf0773aabb9ad7021,4600,79,.md,docs,ACCEPTED_DESIGN,Accepted architecture/design/protocol source,OK
docs/62_EXPERIMENT_IDENTITY_LINEAGE_AND_REPLAY.md,C:\BatteredAggieSyndrome\docs\62_EXPERIMENT_IDENTITY_LINEAGE_AND_REPLAY.md,03e2b05253c77cb7a2d0b4d00dfd13b91fde06d98ed9239977637b05fd7db53e,1899,49,.md,docs,ACCEPTED_DESIGN,Accepted architecture/design/protocol source,OK
docs/63_AUTONOMOUS_RESEARCH_GOVERNANCE.md,C:\BatteredAggieSyndrome\docs\63_AUTONOMOUS_RESEARCH_GOVERNANCE.md,21791c54018967552a989448e554d510a488ae7391d7e9a2fa457e37b6dc1552,1802,46,.md,docs,ACCEPTED_DESIGN,Accepted architecture/design/protocol source,OK
docs/64_TRACKING_HPO_AND_WORKTREE_EXECUTION.md,C:\BatteredAggieSyndrome\docs\64_TRACKING_HPO_AND_WORKTREE_EXECUTION.md,75e9514d29fb9deb6b031c6621bcc355042ba1770d95145b13f08187720d562d,1669,32,.md,docs,ACCEPTED_DESIGN,Accepted architecture/design/protocol source,OK
docs/65_FEATURE_TOURNAMENT.md,C:\BatteredAggieSyndrome\docs\65_FEATURE_TOURNAMENT.md,95493a98ad24f20b378acf349611a65fae2b4837b80adb7bb8cf4d1ccddbd2a3,1594,50,.md,docs,ACCEPTED_DESIGN,Accepted architecture/design/protocol source,OK
docs/66_MODEL_TOURNAMENT.md,C:\BatteredAggieSyndrome\docs\66_MODEL_TOURNAMENT.md,55b40988af0c4a5a29ed42530e041a4fae4b3a350f81b094903b81a6ba875bd9,1796,48,.md,docs,ACCEPTED_DESIGN,Accepted architecture/design/protocol source,OK
docs/67_HYPOTHESIS_AND_EXPERIMENT_QUEUE.md,C:\BatteredAggieSyndrome\docs\67_HYPOTHESIS_AND_EXPERIMENT_QUEUE.md,373db208c1eb63842d8167ac9b13ee29273ca6c48e80edc1195de4286a71d0c3,1577,37,.md,docs,ACCEPTED_DESIGN,Accepted architecture/design/protocol source,OK
docs/68_REPLAY_RESULT_COMPARISON_AND_ADOPTION.md,C:\BatteredAggieSyndrome\docs\68_REPLAY_RESULT_COMPARISON_AND_ADOPTION.md,04e3811993509e96a1b663e76c03b59638da00989551065ed4711b1de3c23c2f,1363,45,.md,docs,ACCEPTED_DESIGN,Accepted architecture/design/protocol source,OK
docs/69_WORKTREE_CONCURRENCY_AND_RESOURCE_GOVERNANCE.md,C:\BatteredAggieSyndrome\docs\69_WORKTREE_CONCURRENCY_AND_RESOURCE_GOVERNANCE.md,605e38771639fd63587755fa6137fc02eb875dc9b7c1ad8a847fbc040f37bcad,1148,21,.md,docs,ACCEPTED_DESIGN,Accepted architecture/design/protocol source,OK
docs/70_MLFLOW_TRACKING_ADAPTER.md,C:\BatteredAggieSyndrome\docs\70_MLFLOW_TRACKING_ADAPTER.md,917ad30335a750507724e181b4d0a371d2e5f1acc83233998f0f91c7fad8c928,1192,30,.md,docs,ACCEPTED_DESIGN,Accepted architecture/design/protocol source,OK
docs/71_OPTUNA_HPO_ADAPTER.md,C:\BatteredAggieSyndrome\docs\71_OPTUNA_HPO_ADAPTER.md,174ead29f9cb535fbd23e6d466c11412ba7f923456511050799cb23a8bb69dd3,1338,32,.md,docs,ACCEPTED_DESIGN,Accepted architecture/design/protocol source,OK
docs/72_ADVANCED_CHALLENGER_ADMISSION.md,C:\BatteredAggieSyndrome\docs\72_ADVANCED_CHALLENGER_ADMISSION.md,a85c3fec0664327320cd9e64442599c84767dc36ad90ed6a40137cd2bf4986ef,1046,29,.md,docs,ACCEPTED_DESIGN,Accepted architecture/design/protocol source,OK
docs/73_NEGATIVE_RESULTS_FAILURES_AND_RETRY_POLICY.md,C:\BatteredAggieSyndrome\docs\73_NEGATIVE_RESULTS_FAILURES_AND_RETRY_POLICY.md,1e29fdc661af773ff183444494e68970732378110b52973c138423478df0a503,1047,27,.md,docs,ACCEPTED_DESIGN,Accepted architecture/design/protocol source,OK
docs/74_W18_IMPLEMENTATION_AND_VALIDATION_INVENTORY.md,C:\BatteredAggieSyndrome\docs\74_W18_IMPLEMENTATION_AND_VALIDATION_INVENTORY.md,53f0b291ca1568c3b00a5e1717aab0a46c42153e23f968b462b898582aff6f6c,1253,30,.md,docs,ACCEPTED_DESIGN,Accepted architecture/design/protocol source,OK
docs/75_W18_TO_W19_HANDOFF.md,C:\BatteredAggieSyndrome\docs\75_W18_TO_W19_HANDOFF.md,04a0694ad0e95380c6d6369071ecf6946876cb6d2ec3dcb73d018dc7d3a70df2,1624,35,.md,docs,ACCEPTED_DESIGN,Accepted architecture/design/protocol source,OK
docs/76_CANONICAL_EXPERIMENT_SPEC.md,C:\BatteredAggieSyndrome\docs\76_CANONICAL_EXPERIMENT_SPEC.md,ab1bdceff17caf322819c445103d9b40164c7ecaadf48f6ea01c104cc76ff973,3737,45,.md,docs,ACCEPTED_DESIGN,Accepted architecture/design/protocol source,OK
docs/77_LOCAL_EXPERIMENT_STORE.md,C:\BatteredAggieSyndrome\docs\77_LOCAL_EXPERIMENT_STORE.md,f5c2a9a80918210a5702e5b55799134bdfeb142dfc06140bd97b78738c270c00,2383,29,.md,docs,ACCEPTED_DESIGN,Accepted architecture/design/protocol source,OK
docs/78_RESEARCH_QUEUE_SCHEDULER.md,C:\BatteredAggieSyndrome\docs\78_RESEARCH_QUEUE_SCHEDULER.md,776b5236dcc426f245e88d203be3f67f4d3ad43c300d6133075066e5c3dc50e4,2445,33,.md,docs,ACCEPTED_DESIGN,Accepted architecture/design/protocol source,OK
docs/79_FEATURE_TOURNAMENT_PROTOCOL.md,C:\BatteredAggieSyndrome\docs\79_FEATURE_TOURNAMENT_PROTOCOL.md,afa7d9bec5c3a06bb671fb1fd74fd53cbdc2405310a59066121922bbad66aaa5,3287,51,.md,docs,ACCEPTED_DESIGN,Accepted architecture/design/protocol source,OK
docs/80_MODEL_TOURNAMENT_PROTOCOL.md,C:\BatteredAggieSyndrome\docs\80_MODEL_TOURNAMENT_PROTOCOL.md,fccbbd26f971842cc8e9eb3ee0b054605adc9b20a2d10d73da02d9e42aacc353,2744,39,.md,docs,ACCEPTED_DESIGN,Accepted architecture/design/protocol source,OK
docs/81_HPO_STUDY_GOVERNANCE.md,C:\BatteredAggieSyndrome\docs\81_HPO_STUDY_GOVERNANCE.md,3f48c9f9c87cbbacd0b1d60b1c0348cce6ff4b5dd8a1f66933a1089172409bfd,2146,33,.md,docs,ACCEPTED_DESIGN,Accepted architecture/design/protocol source,OK
docs/82_HPO_PRUNING_AND_STOPPING.md,C:\BatteredAggieSyndrome\docs\82_HPO_PRUNING_AND_STOPPING.md,580fed63f4cfec1fcaa847e513a4eb42492797296e52cc1be2c963172a557a39,1507,23,.md,docs,ACCEPTED_DESIGN,Accepted architecture/design/protocol source,OK
docs/83_RESULT_PACKET_AND_EVIDENCE.md,C:\BatteredAggieSyndrome\docs\83_RESULT_PACKET_AND_EVIDENCE.md,591011f9720ecf92e0c3873bbc5b784bde5a4fd1e1a2055cbb131b3c35012ac1,1610,25,.md,docs,ACCEPTED_DESIGN,Accepted architecture/design/protocol source,OK
docs/84_REPLAY_ENGINE.md,C:\BatteredAggieSyndrome\docs\84_REPLAY_ENGINE.md,1a8ac59b0aa5739ec91f1bb81624bd1958d16cf2ea3a64b3e1fb809c9bd4227f,1719,25,.md,docs,ACCEPTED_DESIGN,Accepted architecture/design/protocol source,OK
docs/85_WORKTREE_ISOLATION.md,C:\BatteredAggieSyndrome\docs\85_WORKTREE_ISOLATION.md,2cf480999bb0c2f76167b6ab6765bbfddc89c6c07e52bd284a18b8f0d3150e28,1598,23,.md,docs,ACCEPTED_DESIGN,Accepted architecture/design/protocol source,OK
docs/86_ARTIFACT_RETENTION.md,C:\BatteredAggieSyndrome\docs\86_ARTIFACT_RETENTION.md,4bb02995ec2c70c3d6f83b16107bc3a87b2d36541774e4b648413e5a4d925eb9,1524,23,.md,docs,ACCEPTED_DESIGN,Accepted architecture/design/protocol source,OK
docs/87_FAILURE_AND_NEGATIVE_EVIDENCE.md,C:\BatteredAggieSyndrome\docs\87_FAILURE_AND_NEGATIVE_EVIDENCE.md,6ee2fcf9e80e6df3c007f78c945c2b0604b0381072fc3d4d06302a7d94c2453c,1613,25,.md,docs,ACCEPTED_DESIGN,Accepted architecture/design/protocol source,OK
docs/88_CHALLENGER_ADOPTION.md,C:\BatteredAggieSyndrome\docs\88_CHALLENGER_ADOPTION.md,88cf470c4a27466fe0ef04796348ff0836d61e88b2252ca53e295e63f7297592,1280,23,.md,docs,ACCEPTED_DESIGN,Accepted architecture/design/protocol source,OK
docs/89_RESEARCH_THREAT_MODEL.md,C:\BatteredAggieSyndrome\docs\89_RESEARCH_THREAT_MODEL.md,717b11eb90c5c69024d9450b089aaa4bad43167395518eb83f7ff582d4ae9abf,1594,23,.md,docs,ACCEPTED_DESIGN,Accepted architecture/design/protocol source,OK
docs/90_LOCAL_RESOURCE_ORCHESTRATION.md,C:\BatteredAggieSyndrome\docs\90_LOCAL_RESOURCE_ORCHESTRATION.md,f933c2a7d6fb8f216f190cde1297a4371a5c19711f2748f00529da8e7acf3238,1311,23,.md,docs,ACCEPTED_DESIGN,Accepted architecture/design/protocol source,OK
docs/91_ADVANCED_CHALLENGER_GATE.md,C:\BatteredAggieSyndrome\docs\91_ADVANCED_CHALLENGER_GATE.md,bbcacb288290681536034694f91fbd6a3db98105bae5f79c466f84bd647420e6,1229,19,.md,docs,ACCEPTED_DESIGN,Accepted architecture/design/protocol source,OK
docs/92_MLFLOW_ADAPTER.md,C:\BatteredAggieSyndrome\docs\92_MLFLOW_ADAPTER.md,93e55fe54234ae2fff65f2e8b662a4f6bd8bebb47d6c5fb651d2230c24a79271,1613,27,.md,docs,ACCEPTED_DESIGN,Accepted architecture/design/protocol source,OK
docs/93_OPTUNA_ADAPTER.md,C:\BatteredAggieSyndrome\docs\93_OPTUNA_ADAPTER.md,b127ebb33b1ded3d03b2339be9e80f8e94e1bc2f3cc9488c82497e1fbb68e3ab,1559,27,.md,docs,ACCEPTED_DESIGN,Accepted architecture/design/protocol source,OK
docs/94_W18_ACCEPTANCE_TRACEABILITY.md,C:\BatteredAggieSyndrome\docs\94_W18_ACCEPTANCE_TRACEABILITY.md,926ea451391ded5e3f1dbf0c05d10089c4a06988fdb9a5c33704b2897eed88af,1630,19,.md,docs,ACCEPTED_DESIGN,Accepted architecture/design/protocol source,OK
docs/95_W18_W19_INTEGRATION.md,C:\BatteredAggieSyndrome\docs\95_W18_W19_INTEGRATION.md,19e3c76af1d7efc93fb149fdab0cc4f76b6831bf79f5d3576822e9719460d077,1369,23,.md,docs,ACCEPTED_DESIGN,Accepted architecture/design/protocol source,OK
docs/96_W18_OPERATOR_RUNBOOK.md,C:\BatteredAggieSyndrome\docs\96_W18_OPERATOR_RUNBOOK.md,aad9d84226a5be443719f4832920fd367717d973f23dbff5a449f60dbe99e9e4,1902,36,.md,docs,ACCEPTED_DESIGN,Accepted architecture/design/protocol source,OK
docs/97_EXPERIMENT_EXAMPLES.md,C:\BatteredAggieSyndrome\docs\97_EXPERIMENT_EXAMPLES.md,0dbbda1130650713c89c0d47ff0509890ab19878a88eacfd5ad2a4837a5be86a,1874,23,.md,docs,ACCEPTED_DESIGN,Accepted architecture/design/protocol source,OK
docs/98_RESEARCH_PROVENANCE.md,C:\BatteredAggieSyndrome\docs\98_RESEARCH_PROVENANCE.md,11aaf51cd2d120d2a28724e570520069ef819b86def7e88f811a4ef6e2bd7d15,1496,23,.md,docs,ACCEPTED_DESIGN,Accepted architecture/design/protocol source,OK
docs/99_FULL_REBUILD_AUDIT_METHOD.md,C:\BatteredAggieSyndrome\docs\99_FULL_REBUILD_AUDIT_METHOD.md,c4296db6e438758673347da20fb9f76c85cf8d6ed73460856276a83eab31ed42,1331,19,.md,docs,ACCEPTED_DESIGN,Accepted architecture/design/protocol source,OK
docs/architecture/DATAFLOW_AND_STORAGE.md,C:\BatteredAggieSyndrome\docs\architecture\DATAFLOW_AND_STORAGE.md,4af509a9e4c0402f7bc3333078d35978a7c743b11ebeef5905bf3fcf66ff99e9,3025,60,.md,docs,ACCEPTED_DESIGN,Accepted architecture/design/protocol source,OK
docs/architecture/DEPLOYMENT_AND_EXECUTION_LANES.md,C:\BatteredAggieSyndrome\docs\architecture\DEPLOYMENT_AND_EXECUTION_LANES.md,373bbae28fb40c4d24015d7a1d4b1c4107ecbfb59533ef0860f289b07d4e321c,1254,34,.md,docs,ACCEPTED_DESIGN,Accepted architecture/design/protocol source,OK
docs/architecture/INTERFACE_CONTRACTS.md,C:\BatteredAggieSyndrome\docs\architecture\INTERFACE_CONTRACTS.md,60671d5c6b7ea7e3202d6f91300bcba75973078bad75e2f771011dd0d25eda5b,2302,46,.md,docs,ACCEPTED_DESIGN,Accepted architecture/design/protocol source,OK
docs/architecture/MODEL_LAYERS.md,C:\BatteredAggieSyndrome\docs\architecture\MODEL_LAYERS.md,e0ffb855fb0ef66e9479348712fec5392421caf78f41da35abe3b1beacd119b0,1753,42,.md,docs,ACCEPTED_DESIGN,Accepted architecture/design/protocol source,OK
docs/architecture/NATIONAL_TAMU_INTERFACE.md,C:\BatteredAggieSyndrome\docs\architecture\NATIONAL_TAMU_INTERFACE.md,c409e537167e830cc9c7e455a325c52efcab06bd164d4b074252207b957730fa,1325,28,.md,docs,ACCEPTED_DESIGN,Accepted architecture/design/protocol source,OK
docs/architecture/PREDICTION_PIPELINE.md,C:\BatteredAggieSyndrome\docs\architecture\PREDICTION_PIPELINE.md,58fa7e399dbdcf0483f3ec42e3b0d51c5072c3e29829300667f716f033adc4c2,1828,57,.md,docs,ACCEPTED_DESIGN,Accepted architecture/design/protocol source,OK
docs/architecture/RESEARCH_AND_LLM_PLANE.md,C:\BatteredAggieSyndrome\docs\architecture\RESEARCH_AND_LLM_PLANE.md,17511efb815e063fd881ab4dce5a841ae3cfc71aec1e3594be26536a8bb2c294,1435,42,.md,docs,ACCEPTED_DESIGN,Accepted architecture/design/protocol source,OK
docs/architecture/SYSTEM_BOUNDARIES.md,C:\BatteredAggieSyndrome\docs\architecture\SYSTEM_BOUNDARIES.md,db74bcff43a0ec8dba4bcc94d2fae12b8285a328139ae4c5fbadc4e222a461b4,2962,63,.md,docs,ACCEPTED_DESIGN,Accepted architecture/design/protocol source,OK
docs/architecture/W24_FINAL_ARCHITECTURE_CHALLENGE.md,C:\BatteredAggieSyndrome\docs\architecture\W24_FINAL_ARCHITECTURE_CHALLENGE.md,2f2ffb7881d2a5d296314e0f31d28565c1d93ad6f4ad475b4551ae2f1e0ebc88,4158,39,.md,docs,LATE_READINESS,Late-wave readiness or finalization evidence,OK
docs/context/ACCEPTANCE_CONTEXT.md,C:\BatteredAggieSyndrome\docs\context\ACCEPTANCE_CONTEXT.md,96e6f209115fa169f2c86044eb303b933e6458a2a92c32f497bc615dbb969840,598,9,.md,docs,ACCEPTED_DESIGN,Accepted architecture/design/protocol source,OK
docs/context/ADAPTIVE_ARCHITECTURE_CONTEXT.md,C:\BatteredAggieSyndrome\docs\context\ADAPTIVE_ARCHITECTURE_CONTEXT.md,30697298815c779cb235dc4190fbfa9a197362424854587c7dda07b425e4f24d,2327,22,.md,docs,ACCEPTED_DESIGN,Accepted architecture/design/protocol source,OK
docs/context/AUTONOMY_MLOPS_CONTEXT.md,C:\BatteredAggieSyndrome\docs\context\AUTONOMY_MLOPS_CONTEXT.md,6eb6c24dff3ef415ec2875f1a99a29204ca91b3d3f279ee96798efa22326b169,2399,28,.md,docs,ACCEPTED_DESIGN,Accepted architecture/design/protocol source,OK
docs/context/BAS_CONTEXT.md,C:\BatteredAggieSyndrome\docs\context\BAS_CONTEXT.md,66b99db2029d6409cd22cbee33754af1e5b7e2c1159f4c30bb638012d46c2ebe,1584,18,.md,docs,ACCEPTED_DESIGN,Accepted architecture/design/protocol source,OK
docs/context/CONTEXT_INTELLIGENCE_CONTEXT.md,C:\BatteredAggieSyndrome\docs\context\CONTEXT_INTELLIGENCE_CONTEXT.md,86e5c90bcca7b7aaafbea3bbc79b343afda8fdec37185d56f8d72a6679a7e59f,902,19,.md,docs,ACCEPTED_DESIGN,Accepted architecture/design/protocol source,OK
docs/context/CURRENT_RESEARCH_FINDINGS.md,C:\BatteredAggieSyndrome\docs\context\CURRENT_RESEARCH_FINDINGS.md,ddfd0091b0d29629fb86b24a18a6cb8993adb88065640130ffc4775447ae294e,1768,18,.md,docs,ACCEPTED_DESIGN,Accepted architecture/design/protocol source,OK
docs/context/DATA_CONTEXT.md,C:\BatteredAggieSyndrome\docs\context\DATA_CONTEXT.md,9ca9c678fc3757046d2207126845779baade9a96102bc9835bdaeb0a820537ec,1245,12,.md,docs,ACCEPTED_DESIGN,Accepted architecture/design/protocol source,OK
docs/context/ENTITY_CONTEXT.md,C:\BatteredAggieSyndrome\docs\context\ENTITY_CONTEXT.md,1f70222c7b1f4c245ec82fa4b10ea0a11c12524adb5d17c1c1535164f8034550,1112,13,.md,docs,ACCEPTED_DESIGN,Accepted architecture/design/protocol source,OK
docs/context/FEATURE_LIFECYCLE_CONTEXT.md,C:\BatteredAggieSyndrome\docs\context\FEATURE_LIFECYCLE_CONTEXT.md,6b1f5d81bb3d3caacf1c8b4a233989b23a117393e19d00017c6aec8964100ab4,514,12,.md,docs,ACCEPTED_DESIGN,Accepted architecture/design/protocol source,OK
docs/context/FEATURE_REGISTRY_CONTEXT.md,C:\BatteredAggieSyndrome\docs\context\FEATURE_REGISTRY_CONTEXT.md,4887e3632b8590387ca4f75741fdfea7e89ff34422e379461078811ad8bee1fa,602,11,.md,docs,ACCEPTED_DESIGN,Accepted architecture/design/protocol source,OK
docs/context/IMPLEMENTATION_CONTEXT.md,C:\BatteredAggieSyndrome\docs\context\IMPLEMENTATION_CONTEXT.md,2d201a9ebec365bb3defae04ce1b0d5651d8d73cc7a987543f73810e4a0bf873,992,11,.md,docs,ACCEPTED_DESIGN,Accepted architecture/design/protocol source,OK
docs/context/MODELING_CONTEXT.md,C:\BatteredAggieSyndrome\docs\context\MODELING_CONTEXT.md,2360e8f1cc26d482c175dcb24797ccea95097871bf582b641779cb3030ed796b,2471,23,.md,docs,ACCEPTED_DESIGN,Accepted architecture/design/protocol source,OK
docs/context/PLAYER_INTELLIGENCE_CONTEXT.md,C:\BatteredAggieSyndrome\docs\context\PLAYER_INTELLIGENCE_CONTEXT.md,2a67fa546b22ea23d6b1d67f3702fbdccc91a700576856a927d6cdc2d1f9819d,851,17,.md,docs,ACCEPTED_DESIGN,Accepted architecture/design/protocol source,OK
docs/context/PRODUCT_CONTEXT.md,C:\BatteredAggieSyndrome\docs\context\PRODUCT_CONTEXT.md,2840bbff1fa92514b7253e7dd84a728f429e4f45e918e7834216a32ad9e3b6b6,687,11,.md,docs,ACCEPTED_DESIGN,Accepted architecture/design/protocol source,OK
docs/context/TAMU_SPECIALIZATION_CONTEXT.md,C:\BatteredAggieSyndrome\docs\context\TAMU_SPECIALIZATION_CONTEXT.md,fb07aff3a1231e9958a0847d2168c3f137b7923e0b029d36115b0e4f56fa54d1,1398,14,.md,docs,ACCEPTED_DESIGN,Accepted architecture/design/protocol source,OK
docs/context/TEAM_STATE_CONTEXT.md,C:\BatteredAggieSyndrome\docs\context\TEAM_STATE_CONTEXT.md,f4e4a7c0ec5ab890ac09ddd498a2c6491ed7808da2bc2d2cc9079f6cb774279d,528,6,.md,docs,ACCEPTED_DESIGN,Accepted architecture/design/protocol source,OK
docs/context/TEMPORAL_CONTEXT.md,C:\BatteredAggieSyndrome\docs\context\TEMPORAL_CONTEXT.md,32d99170dba6c0918d6384ba71407acd94d06919cd7cc92385be18be0b9bb5ea,827,9,.md,docs,ACCEPTED_DESIGN,Accepted architecture/design/protocol source,OK
docs/context/UNRESOLVED_DATA_CONTEXT.md,C:\BatteredAggieSyndrome\docs\context\UNRESOLVED_DATA_CONTEXT.md,7ec53f9c0d83fce4e74ae391320f396e4c7bec3815283d683a1df1913aafaaee,1982,27,.md,docs,ACCEPTED_DESIGN,Accepted architecture/design/protocol source,OK
docs/data_research/w06/DATASET_ENDPOINT_COLUMN_INVENTORY.csv,C:\BatteredAggieSyndrome\docs\data_research\w06\DATASET_ENDPOINT_COLUMN_INVENTORY.csv,9b267279c2541dfa3c135b83d50cedf6b02afb553c1a32a15b7bd8db70791e21,30225,121,.csv,docs,ACCEPTED_DESIGN,Accepted architecture/design/protocol source,OK
docs/data_research/w06/DATA_ACQUISITION_PLAN.md,C:\BatteredAggieSyndrome\docs\data_research\w06\DATA_ACQUISITION_PLAN.md,a658fa6a6aa448448671095be0e23b500c74088544ff11efa4782fc96466c4df,2033,31,.md,docs,ACCEPTED_DESIGN,Accepted architecture/design/protocol source,OK
docs/data_research/w06/DATA_DOMAIN_COVERAGE_MATRIX.csv,C:\BatteredAggieSyndrome\docs\data_research\w06\DATA_DOMAIN_COVERAGE_MATRIX.csv,a99b14e27391fe2577e152cf3390e4cfb83b592f1a29b6f8022c07fcf1b9bd7d,7652,53,.csv,docs,ACCEPTED_DESIGN,Accepted architecture/design/protocol source,OK
docs/data_research/w06/DATA_MISSINGNESS_STRATEGY.md,C:\BatteredAggieSyndrome\docs\data_research\w06\DATA_MISSINGNESS_STRATEGY.md,2097ab4b02aa017981846921e60f8a9b099a2adee95af305f4e11a0cf04287a2,1599,27,.md,docs,ACCEPTED_DESIGN,Accepted architecture/design/protocol source,OK
docs/data_research/w06/DATA_RESEARCH_FINDINGS.md,C:\BatteredAggieSyndrome\docs\data_research\w06\DATA_RESEARCH_FINDINGS.md,25eebe79c0dafd3c26c7f66ffc04dbc5ca52ddb7e67e3ef7a617e69df7c8d832,4039,45,.md,docs,ACCEPTED_DESIGN,Accepted architecture/design/protocol source,OK
docs/data_research/w06/DATA_RESEARCH_METHOD.md,C:\BatteredAggieSyndrome\docs\data_research\w06\DATA_RESEARCH_METHOD.md,bdf6753947afd9f385d928d0493e3f1954ce26f055cce39fffc4b86ac426eba2,1431,25,.md,docs,ACCEPTED_DESIGN,Accepted architecture/design/protocol source,OK
docs/data_research/w06/DATA_SOURCE_RISK_REGISTER.csv,C:\BatteredAggieSyndrome\docs\data_research\w06\DATA_SOURCE_RISK_REGISTER.csv,2831f88c2b456489a210f5f465bc84192b4fbaa39e154f4934879f8db4bfff83,3754,21,.csv,docs,ACCEPTED_DESIGN,Accepted architecture/design/protocol source,OK
docs/data_research/w06/DATA_UNIVERSE_MASTER.csv,C:\BatteredAggieSyndrome\docs\data_research\w06\DATA_UNIVERSE_MASTER.csv,fe840803e0c29ac7eca712dfd10f5c775dd61c0d2a1efc5b0791a93c6425f46a,39857,61,.csv,docs,ACCEPTED_DESIGN,Accepted architecture/design/protocol source,OK
docs/data_research/w06/POINT_IN_TIME_FEASIBILITY_MATRIX.csv,C:\BatteredAggieSyndrome\docs\data_research\w06\POINT_IN_TIME_FEASIBILITY_MATRIX.csv,796a549707fffe7621a065ba817435aaa259f9615649163a44504868cb62ca78,17389,61,.csv,docs,ACCEPTED_DESIGN,Accepted architecture/design/protocol source,OK
docs/data_research/w06/RESEARCH_EVIDENCE_INDEX.csv,C:\BatteredAggieSyndrome\docs\data_research\w06\RESEARCH_EVIDENCE_INDEX.csv,dc2a80b14f0bc22ab2ec60687a15e74608f64e8b1c7ee9a86f8e7eac73f37137,4674,31,.csv,docs,ACCEPTED_DESIGN,Accepted architecture/design/protocol source,OK
docs/data_research/w06/SOURCE_ACCESS_LICENSE_MATRIX.csv,C:\BatteredAggieSyndrome\docs\data_research\w06\SOURCE_ACCESS_LICENSE_MATRIX.csv,1f3f2403743cf308910e4bfbc3508198489757bee1edf086e67d8c3f3f4b2752,18672,61,.csv,docs,ACCEPTED_DESIGN,Accepted architecture/design/protocol source,OK
docs/data_research/w06/SOURCE_PRIORITY_DECISIONS.md,C:\BatteredAggieSyndrome\docs\data_research\w06\SOURCE_PRIORITY_DECISIONS.md,8f13dc956eee85129148e5390c018d1b4ca85fdf5c96f8a1f4751d49edc13650,9582,99,.md,docs,ACCEPTED_DESIGN,Accepted architecture/design/protocol source,OK
docs/data_research/w06/SOURCE_REDUNDANCY_MAP.csv,C:\BatteredAggieSyndrome\docs\data_research\w06\SOURCE_REDUNDANCY_MAP.csv,1757f8332994aa38358315b1bd24bd82829f60300bf51aea7bacc9e798b56c20,2566,16,.csv,docs,ACCEPTED_DESIGN,Accepted architecture/design/protocol source,OK
docs/data_research/w06/SOURCE_RESEARCH_LOG.csv,C:\BatteredAggieSyndrome\docs\data_research\w06\SOURCE_RESEARCH_LOG.csv,85feade679f2233f4df255b5caef9ef1a59082c71beb506300438ccf0e75f91a,11948,36,.csv,docs,ACCEPTED_DESIGN,Accepted architecture/design/protocol source,OK
docs/data_research/w06/WAVE_06_ARCHITECTURE_IMPACT.md,C:\BatteredAggieSyndrome\docs\data_research\w06\WAVE_06_ARCHITECTURE_IMPACT.md,ba7dc1003d3286e9cc6776de93a463d757921d9e885c07fae1608641af7fddcf,2412,30,.md,docs,ACCEPTED_DESIGN,Accepted architecture/design/protocol source,OK
docs/data_research/w24/DATA_UNIVERSE_W24_ADDITIONS.csv,C:\BatteredAggieSyndrome\docs\data_research\w24\DATA_UNIVERSE_W24_ADDITIONS.csv,2d7144e32a304bde6b7a5c2df2b0471a68a3b778800fdd5776dc7442d18a3271,2074,3,.csv,docs,LATE_READINESS,Late-wave readiness or finalization evidence,OK
docs/data_research/w24/SOURCE_REFRESH_DELTA.csv,C:\BatteredAggieSyndrome\docs\data_research\w24\SOURCE_REFRESH_DELTA.csv,26f08ebc3976ccd56e8ba2cca2ab3ec8b246b807be30eb10fb3f8444d391de25,4646,11,.csv,docs,ACCEPTED_DESIGN,Accepted architecture/design/protocol source,OK
docs/data_research/w24/SOURCE_REFRESH_FINDINGS.md,C:\BatteredAggieSyndrome\docs\data_research\w24\SOURCE_REFRESH_FINDINGS.md,2205f6a1a3fcefc077b08dd7cb2019425fca01f70aa47d1f7dda83d6bab2a09b,2976,30,.md,docs,ACCEPTED_DESIGN,Accepted architecture/design/protocol source,OK
docs/data_research/w24/SOURCE_RESEARCH_LOG.csv,C:\BatteredAggieSyndrome\docs\data_research\w24\SOURCE_RESEARCH_LOG.csv,c1685c75b383f4f31f993f2134b8a5dc51cecd77a40a689eeb50068d3ee832db,1902,9,.csv,docs,ACCEPTED_DESIGN,Accepted architecture/design/protocol source,OK
docs/data_research/w25/FINAL_DATA_SOURCE_AUDIT.md,C:\BatteredAggieSyndrome\docs\data_research\w25\FINAL_DATA_SOURCE_AUDIT.md,a4f838e3ae04f9f76bb04ba546f4a599807ccd42c32f7ca889a42b2e38f8ed98,2505,35,.md,docs,ACCEPTED_DESIGN,Accepted architecture/design/protocol source,OK
docs/final/CODEX_HANDOFF.md,C:\BatteredAggieSyndrome\docs\final\CODEX_HANDOFF.md,afce5c31809075e42c2ae6690e3c642779417ac032d692a82c5eadc114db9d14,2782,59,.md,docs,FINAL_CURRENT,Terminal W25 handoff/current-state artifact,OK
docs/final/FINAL_ARCHITECTURE_RATIONALE.md,C:\BatteredAggieSyndrome\docs\final\FINAL_ARCHITECTURE_RATIONALE.md,a1ea77c719e6e639d0eb44a38d36929ba95eee50457ea873070c4250cbc20145,2979,29,.md,docs,FINAL_CURRENT,Terminal W25 handoff/current-state artifact,OK
docs/final/FINAL_BACKLOG.csv,C:\BatteredAggieSyndrome\docs\final\FINAL_BACKLOG.csv,e8571f8876cfd157ddb70890e028d8c506c5279458679826949dc6e81ab9003f,2271,15,.csv,docs,FINAL_CURRENT,Terminal W25 handoff/current-state artifact,OK
docs/final/FINAL_COMPONENT_MATURITY.csv,C:\BatteredAggieSyndrome\docs\final\FINAL_COMPONENT_MATURITY.csv,069f36f3f296c1ec854cb923d9ca0fd919b82ac03b391d6125a4a9fae99fb413,3281,21,.csv,docs,FINAL_CURRENT,Terminal W25 handoff/current-state artifact,OK
docs/final/FINAL_IMPLEMENTATION_PRIORITY.md,C:\BatteredAggieSyndrome\docs\final\FINAL_IMPLEMENTATION_PRIORITY.md,eae6456f29c60f4fc93073575516ff2bcfb867ab5eec29d4e477bdf5f263c064,1917,28,.md,docs,FINAL_CURRENT,Terminal W25 handoff/current-state artifact,OK
docs/final/FINAL_KNOWN_GAPS.csv,C:\BatteredAggieSyndrome\docs\final\FINAL_KNOWN_GAPS.csv,56328e25b31ee05e7e51feea5575b1716cf388a7becfe7f890135135bf33e6b2,2721,15,.csv,docs,FINAL_CURRENT,Terminal W25 handoff/current-state artifact,OK
docs/final/FINAL_KNOWN_GAPS.md,C:\BatteredAggieSyndrome\docs\final\FINAL_KNOWN_GAPS.md,6653e387a540aa0cd1a9f9cf94d5d177e7f09f9c70fd1bb41633327f8eaa9741,3711,86,.md,docs,FINAL_CURRENT,Terminal W25 handoff/current-state artifact,OK
docs/final/FINAL_REJECTED_ALTERNATIVES.md,C:\BatteredAggieSyndrome\docs\final\FINAL_REJECTED_ALTERNATIVES.md,1e4085638975287c16964c8d8142ada20b8b4a4bc528067f49fb41f531a0da40,1537,24,.md,docs,FINAL_CURRENT,Terminal W25 handoff/current-state artifact,OK
docs/final/FINAL_RISK_REGISTER.csv,C:\BatteredAggieSyndrome\docs\final\FINAL_RISK_REGISTER.csv,7a457115461d50c4279c20a453303038946024d90f25719b32b68587384157fd,58037,311,.csv,docs,FINAL_CURRENT,Terminal W25 handoff/current-state artifact,OK
docs/final/FIRST_72_HOUR_IMPLEMENTATION_QUEUE.md,C:\BatteredAggieSyndrome\docs\final\FIRST_72_HOUR_IMPLEMENTATION_QUEUE.md,6e3c60d351f5f0180565eaa0e1e5dd58d29bcc96e4e78ef5004c40248bba79c2,2095,30,.md,docs,FINAL_CURRENT,Terminal W25 handoff/current-state artifact,OK
docs/operations/BACKUP_RESTORE_RETENTION_RUNBOOK.md,C:\BatteredAggieSyndrome\docs\operations\BACKUP_RESTORE_RETENTION_RUNBOOK.md,72cfb809c9968fd3adc2da02d8140a6fb7b4e91da0ca5a07519a11d109404c79,982,7,.md,docs,ACCEPTED_DESIGN,Accepted architecture/design/protocol source,OK
docs/operations/CI_SECURITY_SUPPLY_CHAIN.md,C:\BatteredAggieSyndrome\docs\operations\CI_SECURITY_SUPPLY_CHAIN.md,08fd1cd08b6b6e7640577201cd5e9998be6cc2800ce3d483751c381bf0beac7a,956,7,.md,docs,ACCEPTED_DESIGN,Accepted architecture/design/protocol source,OK
docs/operations/OBSERVABILITY.md,C:\BatteredAggieSyndrome\docs\operations\OBSERVABILITY.md,c72ce5ef9883652f0a8771249d903661b3d1583e0b6b3798698e1193eb0e3285,622,5,.md,docs,ACCEPTED_DESIGN,Accepted architecture/design/protocol source,OK
docs/operations/TARGET_HARDWARE_BENCHMARK.md,C:\BatteredAggieSyndrome\docs\operations\TARGET_HARDWARE_BENCHMARK.md,b6e3cdcd2d23bf66b2ae060b0a6cb110fdc113dd0deb2da7aa55ab509849383c,917,13,.md,docs,ACCEPTED_DESIGN,Accepted architecture/design/protocol source,OK
docs/product/API_CONTRACT.md,C:\BatteredAggieSyndrome\docs\product\API_CONTRACT.md,921211a9c0de99112d7170902e565d6610fe4e4d4146476bab8bf84ba8eb33d5,1745,33,.md,docs,ACCEPTED_DESIGN,Accepted architecture/design/protocol source,OK
docs/product/FRAMEWORK_DECISION.md,C:\BatteredAggieSyndrome\docs\product\FRAMEWORK_DECISION.md,bd10aabe314120ba2ba17c9cef7f28d71d46863087c08640423afee20a60884f,1747,34,.md,docs,ACCEPTED_DESIGN,Accepted architecture/design/protocol source,OK
docs/readiness/W24_END_TO_END_READINESS.md,C:\BatteredAggieSyndrome\docs\readiness\W24_END_TO_END_READINESS.md,4067aeb63d5d0d7f6e59e892cd13434ffa52f5233dd87368d71e9a4b2818716d,1882,32,.md,docs,LATE_READINESS,Late-wave readiness or finalization evidence,OK
fixtures/bas/synthetic_bas_cases.json,C:\BatteredAggieSyndrome\fixtures\bas\synthetic_bas_cases.json,00413c96c36edd7c6140bc259b6653a2ea0f3ddc7199905181e9b462bea5dce2,554,28,.json,fixtures,SUPPORTING,Supporting repository artifact,OK
fixtures/experimentation/advanced_challenger_blocked.json,C:\BatteredAggieSyndrome\fixtures\experimentation\advanced_challenger_blocked.json,f7086d872a8f3a6e86a4031be03c57cd8f3317fc01a33bf771896b50f114ea2d,536,13,.json,fixtures,SUPPORTING,Supporting repository artifact,OK
fixtures/experimentation/experiment_spec_margin.json,C:\BatteredAggieSyndrome\fixtures\experimentation\experiment_spec_margin.json,4b00de5cf00b2bfaa49616a683f9a322db3b80723dd20887c5f0c6f662a24916,602,27,.json,fixtures,SUPPORTING,Supporting repository artifact,OK
fixtures/experimentation/feature_tournament_evidence.json,C:\BatteredAggieSyndrome\fixtures\experimentation\feature_tournament_evidence.json,af66cdb93a43d0ac37b78c352b6234e3e6436851aa8daf6d1a25e8e3f504c400,377,13,.json,fixtures,SUPPORTING,Supporting repository artifact,OK
fixtures/experimentation/hpo_grid_study.json,C:\BatteredAggieSyndrome\fixtures\experimentation\hpo_grid_study.json,677848583ce68b0d8d99d7163b7433efb0017973ef6e35ef8073e401a9dfc935,255,20,.json,fixtures,SUPPORTING,Supporting repository artifact,OK
fixtures/experimentation/model_tournament_plan.json,C:\BatteredAggieSyndrome\fixtures\experimentation\model_tournament_plan.json,cae3c64a30070d09821806feaa54d1ff37bf81574f1da0b20af51fabfe01a97e,957,36,.json,fixtures,SUPPORTING,Supporting repository artifact,OK
fixtures/experimentation/queue_candidates.json,C:\BatteredAggieSyndrome\fixtures\experimentation\queue_candidates.json,40d9aa2a9e1b1327fb6260fe7099ba92e12c7062c9dc16cfd71f6e43134bfc87,790,36,.json,fixtures,SUPPORTING,Supporting repository artifact,OK
fixtures/experimentation/resource_pool_local.json,C:\BatteredAggieSyndrome\fixtures\experimentation\resource_pool_local.json,1cd5a99294bece9e7576da3402b784a7fee8e69c5db83f0dba32bd26e399a7f7,133,8,.json,fixtures,SUPPORTING,Supporting repository artifact,OK
fixtures/pit/leakage_cases.json,C:\BatteredAggieSyndrome\fixtures\pit\leakage_cases.json,ad4e4300988c6ffdfd54112513a862a334152025f8ef0c22316951ac49fcb140,4529,145,.json,fixtures,SUPPORTING,Supporting repository artifact,OK
fixtures/pit/observations.json,C:\BatteredAggieSyndrome\fixtures\pit\observations.json,7785a076cbf90f760e685335a9005aebd385200de990d9ddaff37e4d52ee11f6,2046,60,.json,fixtures,SUPPORTING,Supporting repository artifact,OK
fixtures/w19/foundation_source.csv,C:\BatteredAggieSyndrome\fixtures\w19\foundation_source.csv,142644b4c865267a5d8579c13d3b77a2b07e42f282acac42cd9f650aa4fbc994,154,3,.csv,fixtures,SUPPORTING,Supporting repository artifact,OK
fixtures/w19/recon_real/REAL_SAMPLE_MANIFEST.csv,C:\BatteredAggieSyndrome\fixtures\w19\recon_real\REAL_SAMPLE_MANIFEST.csv,e7a1d7ab6287e47cf7cc11c366ffc21f859e0f4de2d6cabd6c17e3d2221ce767,1373,7,.csv,fixtures,SUPPORTING,Supporting repository artifact,OK
fixtures/w19/recon_real/schedules_real_row.csv,C:\BatteredAggieSyndrome\fixtures\w19\recon_real\schedules_real_row.csv,37d4d5a671bbc0089b0f424d5cf08019725495514ca8e895384d0a566939a94e,658,2,.csv,fixtures,SUPPORTING,Supporting repository artifact,OK
governance/ACCEPTANCE_CONTROL_CATALOG.csv,C:\BatteredAggieSyndrome\governance\ACCEPTANCE_CONTROL_CATALOG.csv,24984771cc6b472c79c2bc89d6b0e55707ebd4748e777d41e607f0c4fd4b6699,52442,235,.csv,governance,CURRENT_MACHINE_REGISTRY,Machine-readable governance or implementation registry,OK
governance/ACCEPTANCE_STATUS.json,C:\BatteredAggieSyndrome\governance\ACCEPTANCE_STATUS.json,a668871ea5338b3a3d2f50c4bbfdcc8223fb61c30ba21acca43e7688cf330fff,1382,30,.json,governance,CURRENT_MACHINE_REGISTRY,Machine-readable governance or implementation registry,OK
governance/ACCEPTANCE_TASK_TRACEABILITY.csv,C:\BatteredAggieSyndrome\governance\ACCEPTANCE_TASK_TRACEABILITY.csv,200085d7d1c7d99e93a1bd93ca81e2994b0a5899cd434a65df075fe294969813,119421,960,.csv,governance,CURRENT_MACHINE_REGISTRY,Machine-readable governance or implementation registry,OK
governance/ACCEPTANCE_THRESHOLD_REGISTRY.csv,C:\BatteredAggieSyndrome\governance\ACCEPTANCE_THRESHOLD_REGISTRY.csv,e6a642f661b830ff5ee7379442bc8b02b6956ed78586fdb64c137e50dd5ab8d2,2970,16,.csv,governance,CURRENT_MACHINE_REGISTRY,Machine-readable governance or implementation registry,OK
governance/ADAPTIVE_CHANGE_LOG.csv,C:\BatteredAggieSyndrome\governance\ADAPTIVE_CHANGE_LOG.csv,4fce047d82572d9d9db08a0477a6c6b87e79fb938d7fe9f247ac987d312da055,36503,122,.csv,governance,GOVERNANCE_DETAIL,Governance/provenance detail,OK
governance/ADAPTIVE_CHANGE_LOG.md,C:\BatteredAggieSyndrome\governance\ADAPTIVE_CHANGE_LOG.md,d19b1b5eb1c4b22d3c9833c480b46cf086620b6a8f78bb78203ee68e74e2cb74,36469,618,.md,governance,GOVERNANCE_DETAIL,Governance/provenance detail,OK
governance/ADR_ACCEPTANCE_TRACEABILITY.csv,C:\BatteredAggieSyndrome\governance\ADR_ACCEPTANCE_TRACEABILITY.csv,987a7230574bdc4030b0cf06a6d226229b7127e0f7052b60ddbb82d2cc52bd4d,37599,350,.csv,governance,CURRENT_MACHINE_REGISTRY,Machine-readable governance or implementation registry,OK
governance/ADR_INDEX.csv,C:\BatteredAggieSyndrome\governance\ADR_INDEX.csv,8c5dc68e44b533756a4a70cbcd886f6c7ff4c0d88ad873030d8bc6b316f7f17b,84245,350,.csv,governance,CURRENT_MACHINE_REGISTRY,Machine-readable governance or implementation registry,OK
governance/ADVANCED_CHALLENGER_ADMISSION.csv,C:\BatteredAggieSyndrome\governance\ADVANCED_CHALLENGER_ADMISSION.csv,151543563b98fca337b1f0d2caf01cd3fed9801d7610d7b178f8912bd4bdd78e,1076,7,.csv,governance,GOVERNANCE_DETAIL,Governance/provenance detail,OK
governance/ARCHITECTURE_ALTERNATIVES.md,C:\BatteredAggieSyndrome\governance\ARCHITECTURE_ALTERNATIVES.md,f2471aee6a672af6e1d762033b7b0a781cb341809709d2aca98b0b05b80acfd8,5202,76,.md,governance,GOVERNANCE_DETAIL,Governance/provenance detail,OK
governance/ARCHITECTURE_DECISION_MATRIX.csv,C:\BatteredAggieSyndrome\governance\ARCHITECTURE_DECISION_MATRIX.csv,98ce0ce5a6008de649c7071638b372513c4a0072d827c8cca143b30fe2f720d6,2860,16,.csv,governance,GOVERNANCE_DETAIL,Governance/provenance detail,OK
governance/ARTIFACT_CLASS_CATALOG.csv,C:\BatteredAggieSyndrome\governance\ARTIFACT_CLASS_CATALOG.csv,8074e84594956c115c0759abe971243f8bfd841a8c64542fa35107494cf94736,976,12,.csv,governance,GOVERNANCE_DETAIL,Governance/provenance detail,OK
governance/ASSUMPTIONS.csv,C:\BatteredAggieSyndrome\governance\ASSUMPTIONS.csv,45df3c07189abf2687823cd8fddbe2ed7d08d3f85488c4d01a97522e63bb4e98,7778,35,.csv,governance,GOVERNANCE_DETAIL,Governance/provenance detail,OK
governance/ASSUMPTIONS.md,C:\BatteredAggieSyndrome\governance\ASSUMPTIONS.md,786b8a0be8ee679ee0a8b07efc82c65d2c71da56ff81d51f46384434e1bd8d16,11638,148,.md,governance,GOVERNANCE_DETAIL,Governance/provenance detail,OK
governance/ASSUMPTION_CHALLENGE_LOG.csv,C:\BatteredAggieSyndrome\governance\ASSUMPTION_CHALLENGE_LOG.csv,7d8dd7407511c16e05b86fb359d7a67f47ddb9ce70e6ea21a44c07eff67ab846,7393,37,.csv,governance,GOVERNANCE_DETAIL,Governance/provenance detail,OK
governance/ASSUMPTION_CHALLENGE_LOG.md,C:\BatteredAggieSyndrome\governance\ASSUMPTION_CHALLENGE_LOG.md,fa16052757bf493f2c0bbabb6a93d16a2701aa32e0ccd8034c719a0464d82a16,15415,300,.md,governance,GOVERNANCE_DETAIL,Governance/provenance detail,OK
governance/AVAILABILITY_EVIDENCE_CONFIDENCE.csv,C:\BatteredAggieSyndrome\governance\AVAILABILITY_EVIDENCE_CONFIDENCE.csv,8c52a6b4b5f176a8f1d2c15cabb28edfefcd20952048933008b3d56503ae9d6c,1075,8,.csv,governance,GOVERNANCE_DETAIL,Governance/provenance detail,OK
governance/AVAILABILITY_SOURCE_LANE.csv,C:\BatteredAggieSyndrome\governance\AVAILABILITY_SOURCE_LANE.csv,eb69ae1e7c133984ef34092016893a0dd0db36fae62282bcf5d6aed4d405c782,3295,10,.csv,governance,GOVERNANCE_DETAIL,Governance/provenance detail,OK
governance/AVAILABILITY_STATE_CONTRACT.csv,C:\BatteredAggieSyndrome\governance\AVAILABILITY_STATE_CONTRACT.csv,6b89422ac04772928e7d89c137bc6890d3c69354b2d9bfac603ba5d72c110861,1299,9,.csv,governance,GOVERNANCE_DETAIL,Governance/provenance detail,OK
governance/BASELINE_MODEL_CANDIDATES.csv,C:\BatteredAggieSyndrome\governance\BASELINE_MODEL_CANDIDATES.csv,feafd74125ba85314e275630ac79a591694fe37b8c07d46518be253c3be6b763,576,6,.csv,governance,GOVERNANCE_DETAIL,Governance/provenance detail,OK
governance/BAS_AGGIE_EXCESS_TEST_PLAN.csv,C:\BatteredAggieSyndrome\governance\BAS_AGGIE_EXCESS_TEST_PLAN.csv,2bc74c0a2423604dc6010feb3aadb8ff693ebbd0b0f8a0b66cbfd47693ebe581,1761,9,.csv,governance,GOVERNANCE_DETAIL,Governance/provenance detail,OK
governance/BAS_ANTI_CIRCULARITY_RULES.csv,C:\BatteredAggieSyndrome\governance\BAS_ANTI_CIRCULARITY_RULES.csv,9917d9cbc14abb1cc4388b6ace97995a5b4ad0ee07889ae91a01bb7850e81f71,1626,11,.csv,governance,GOVERNANCE_DETAIL,Governance/provenance detail,OK
governance/BAS_COMPONENT_CANDIDATES.csv,C:\BatteredAggieSyndrome\governance\BAS_COMPONENT_CANDIDATES.csv,8a1fcecef729ec89fb888063a1a521b6cad105899cd60075f25fb6de6593ce42,1281,7,.csv,governance,GOVERNANCE_DETAIL,Governance/provenance detail,OK
governance/BAS_EVALUATION_PROTOCOL.csv,C:\BatteredAggieSyndrome\governance\BAS_EVALUATION_PROTOCOL.csv,a1dc53953f127002b31834449c72db84f9d1dd6212606f65c8907c01cbfec240,1176,6,.csv,governance,GOVERNANCE_DETAIL,Governance/provenance detail,OK
governance/BAS_EXPECTATION_CROSSFIT_CONTRACTS.csv,C:\BatteredAggieSyndrome\governance\BAS_EXPECTATION_CROSSFIT_CONTRACTS.csv,ddfaff692706a5da16b67a5e86b79b5a7503726496d2f646b8a8f055461df4e9,1789,11,.csv,governance,GOVERNANCE_DETAIL,Governance/provenance detail,OK
governance/BAS_GATE_STATUS.csv,C:\BatteredAggieSyndrome\governance\BAS_GATE_STATUS.csv,e523ae88a6c3a99a547a9747613236899a7113f2fd79f8a42c30781702d8f793,387,2,.csv,governance,GOVERNANCE_DETAIL,Governance/provenance detail,OK
governance/BAS_GENERAL_FBS_BASELINE_CONTRACTS.csv,C:\BatteredAggieSyndrome\governance\BAS_GENERAL_FBS_BASELINE_CONTRACTS.csv,4edc552de80d1060ad726d91327322ee16ae868a5b98d88c0a521a3ec231899d,850,7,.csv,governance,GOVERNANCE_DETAIL,Governance/provenance detail,OK
governance/BAS_LABEL_CONTRACT.csv,C:\BatteredAggieSyndrome\governance\BAS_LABEL_CONTRACT.csv,6f4e45894805de592aef92794632c6042acaa4fb9c3290566a4ac7b46e4056ff,1107,6,.csv,governance,GOVERNANCE_DETAIL,Governance/provenance detail,OK
governance/BAS_NULL_RESULT_POLICY.csv,C:\BatteredAggieSyndrome\governance\BAS_NULL_RESULT_POLICY.csv,1098edd17e0c30ec5e67d38d4b4139415acd63f9d85311134fe2ad1ba7a8c2ba,689,7,.csv,governance,GOVERNANCE_DETAIL,Governance/provenance detail,OK
governance/BAS_REGIME_STABILITY_CALIBRATION_PLAN.csv,C:\BatteredAggieSyndrome\governance\BAS_REGIME_STABILITY_CALIBRATION_PLAN.csv,1506aa2d6f2d25873e42012bb5aaaa39383d8d58b680488ca0fd8dab03c330df,1512,11,.csv,governance,GOVERNANCE_DETAIL,Governance/provenance detail,OK
governance/CANONICAL_ENTITY_CATALOG.csv,C:\BatteredAggieSyndrome\governance\CANONICAL_ENTITY_CATALOG.csv,4066e1b58d8dccde2ecb9481c74ab2d4e4a3e92da48ad6aed4149bd392d479ce,2774,17,.csv,governance,GOVERNANCE_DETAIL,Governance/provenance detail,OK
governance/CANONICAL_RELATIONSHIP_CATALOG.csv,C:\BatteredAggieSyndrome\governance\CANONICAL_RELATIONSHIP_CATALOG.csv,05d2478f87468cc5965cff4a10241f642c96c295c27dae6cbcfd1c6e3c9251d0,1408,13,.csv,governance,GOVERNANCE_DETAIL,Governance/provenance detail,OK
governance/CHANGELOG_SINCE_WAVE_01.md,C:\BatteredAggieSyndrome\governance\CHANGELOG_SINCE_WAVE_01.md,dd89b5a95b3057810ac0a876d6e1b840b1ba065f251d0d420eb22145dd7128d2,1294,19,.md,governance,GOVERNANCE_DETAIL,Governance/provenance detail,OK
governance/CHANGE_POINT_CANDIDATES.csv,C:\BatteredAggieSyndrome\governance\CHANGE_POINT_CANDIDATES.csv,03b1d6503b4082dad01201caec2fb2c7f1b95119c08cc8913074b0dfc902a828,1239,8,.csv,governance,GOVERNANCE_DETAIL,Governance/provenance detail,OK
governance/COACHING_INTELLIGENCE_GATE_STATUS.csv,C:\BatteredAggieSyndrome\governance\COACHING_INTELLIGENCE_GATE_STATUS.csv,80c94684e13897e172263f030b5dbfd57d24b16fb7813e56b60dffae22d23b62,209,2,.csv,governance,GOVERNANCE_DETAIL,Governance/provenance detail,OK
governance/COACH_CONFOUND_CONTROL_CATALOG.csv,C:\BatteredAggieSyndrome\governance\COACH_CONFOUND_CONTROL_CATALOG.csv,2042fe8413144407d02177c749e921551cd5b31658d3f84eec7ebd2715b94bb6,376,9,.csv,governance,GOVERNANCE_DETAIL,Governance/provenance detail,OK
governance/COACH_DECISION_EVIDENCE_CANDIDATES.csv,C:\BatteredAggieSyndrome\governance\COACH_DECISION_EVIDENCE_CANDIDATES.csv,6c940cc462eeba58ffb97060d0a023befda1e19e9f7657f81aa559ca42ce935b,572,4,.csv,governance,GOVERNANCE_DETAIL,Governance/provenance detail,OK
governance/COACH_DEVELOPMENT_RESIDUAL_CONTRACTS.csv,C:\BatteredAggieSyndrome\governance\COACH_DEVELOPMENT_RESIDUAL_CONTRACTS.csv,45391aff3e17761770df41e017e340a26aeeffa0e93f29b31e3a98fd57a16fb1,1142,7,.csv,governance,GOVERNANCE_DETAIL,Governance/provenance detail,OK
governance/COACH_ROLE_EPISODE_CONTRACTS.csv,C:\BatteredAggieSyndrome\governance\COACH_ROLE_EPISODE_CONTRACTS.csv,a2bbb9c9bedc9794e474b857abace831736a610f8cbafc50bb3cb10d16d40e07,1144,7,.csv,governance,GOVERNANCE_DETAIL,Governance/provenance detail,OK
governance/CODEX_WORK_PACKET_QUEUE.csv,C:\BatteredAggieSyndrome\governance\CODEX_WORK_PACKET_QUEUE.csv,15c0bd373fd104b7a34d5a5bd79ee1ff5f5037a6709948a7662c1e06e656bc8e,13380,34,.csv,governance,CURRENT_MACHINE_REGISTRY,Machine-readable governance or implementation registry,OK
governance/CONSTRAINT_CLASSIFICATION.md,C:\BatteredAggieSyndrome\governance\CONSTRAINT_CLASSIFICATION.md,528eb8940e4c309284c1aed79667ebfdaaee937912a27204a3ecc98096269f53,1826,18,.md,governance,GOVERNANCE_DETAIL,Governance/provenance detail,OK
governance/CONSTRAINT_CLASSIFICATION_AUDIT.csv,C:\BatteredAggieSyndrome\governance\CONSTRAINT_CLASSIFICATION_AUDIT.csv,775b24d49d486437d3d06f2b8d4470cadece9eb09be1b35854f441ca53d9ddfb,32059,216,.csv,governance,GOVERNANCE_DETAIL,Governance/provenance detail,OK
governance/CONTEXT_GATE_STATUS.csv,C:\BatteredAggieSyndrome\governance\CONTEXT_GATE_STATUS.csv,e7575fd6482fba28b94ee25e036db1d512242af5cba9531b19daf4823277150f,224,2,.csv,governance,GOVERNANCE_DETAIL,Governance/provenance detail,OK
governance/CRITICAL_PATH.csv,C:\BatteredAggieSyndrome\governance\CRITICAL_PATH.csv,a9aba6e76a4f6f188aa3c08fd4d1f66547665e1f5b9eaffeb1ffe4d921efebb3,2830,23,.csv,governance,CURRENT_MACHINE_REGISTRY,Machine-readable governance or implementation registry,OK
governance/CRITICAL_PATH.md,C:\BatteredAggieSyndrome\governance\CRITICAL_PATH.md,450b2eed9b19e818887f264c630464680b347e579310b203637819233be704fc,1753,26,.md,governance,CURRENT_MACHINE_REGISTRY,Machine-readable governance or implementation registry,OK
governance/CURRENT_BACKLOG.yaml,C:\BatteredAggieSyndrome\governance\CURRENT_BACKLOG.yaml,0c1cb2f60b2adc4eee37dc94f1633503c381a828b337a7b3da9a09900df6a1ec,754,25,.yaml,governance,FINAL_CURRENT,Terminal W25 handoff/current-state artifact,OK
governance/CURRENT_STATE.yaml,C:\BatteredAggieSyndrome\governance\CURRENT_STATE.yaml,5954ac3aa20933fca66fc3e2cf4252c1e2be326952e0c33bf99b1121eb5d7a7e,1775,42,.yaml,governance,FINAL_CURRENT,Terminal W25 handoff/current-state artifact,OK
governance/DATASET_SCHEMA_REGISTRY.csv,C:\BatteredAggieSyndrome\governance\DATASET_SCHEMA_REGISTRY.csv,a8d81e4973e55cde9bc117340cbe4bd68200cc1b1ed42d2f2585e0a44d7ac753,68120,121,.csv,governance,GOVERNANCE_DETAIL,Governance/provenance detail,OK
governance/DECISION_LEDGER.md,C:\BatteredAggieSyndrome\governance\DECISION_LEDGER.md,9fa7f81fa4791c3a05ace991aa5abbe9e6a324e2ffd3fa073c8f8cac393ee71f,60071,977,.md,governance,GOVERNANCE_DETAIL,Governance/provenance detail,OK
governance/DO_NOT_DRIFT.md,C:\BatteredAggieSyndrome\governance\DO_NOT_DRIFT.md,13e3712dc3f9cb22d65e23953ac040ee2daefff16364d38d195432110a2d3404,4912,65,.md,governance,PROTECTED_INVARIANT,Protected project rule or sealed governance artifact,OK
governance/DRAFT_DEVELOPMENT_CANDIDATE_CONTRACTS.csv,C:\BatteredAggieSyndrome\governance\DRAFT_DEVELOPMENT_CANDIDATE_CONTRACTS.csv,703bd95825d18b32e4ae8d7c31572193383f1b68a335bce7dab28729dca24c36,938,6,.csv,governance,GOVERNANCE_DETAIL,Governance/provenance detail,OK
governance/EARLY_SEASON_BLEND_CANDIDATES.csv,C:\BatteredAggieSyndrome\governance\EARLY_SEASON_BLEND_CANDIDATES.csv,12d0b0c2f3dee7350938528d1b2ac223213f98b3a7cc53524c6609372cc479c9,873,6,.csv,governance,GOVERNANCE_DETAIL,Governance/provenance detail,OK
governance/ENTITY_RESOLUTION_STATES.csv,C:\BatteredAggieSyndrome\governance\ENTITY_RESOLUTION_STATES.csv,b0c0ac7009e4cb0eefcb4b751b2ffd9dd8d3bddb267a0084b05f184adbfc1ef1,705,10,.csv,governance,GOVERNANCE_DETAIL,Governance/provenance detail,OK
governance/ENTITY_STORAGE_DECISION_MATRIX.csv,C:\BatteredAggieSyndrome\governance\ENTITY_STORAGE_DECISION_MATRIX.csv,e3a201943f694e890a80ce19147d3c369b886b5f0624d3ea9814afd825a22753,1033,8,.csv,governance,GOVERNANCE_DETAIL,Governance/provenance detail,OK
governance/EPIC_CATALOG.csv,C:\BatteredAggieSyndrome\governance\EPIC_CATALOG.csv,af67f805fef397b91903c65a04b422ef2d57f9f0eff62311609002b63e8801ea,7002,34,.csv,governance,CURRENT_MACHINE_REGISTRY,Machine-readable governance or implementation registry,OK
governance/EVALUATION_SCORECARD_REGISTRY.csv,C:\BatteredAggieSyndrome\governance\EVALUATION_SCORECARD_REGISTRY.csv,4006696063ab78171ed73fb33a237a6e9a691dc106dd829ab2cf31d2aaa4b338,1883,14,.csv,governance,GOVERNANCE_DETAIL,Governance/provenance detail,OK
governance/EXPERIMENT_ARTIFACT_POLICY.csv,C:\BatteredAggieSyndrome\governance\EXPERIMENT_ARTIFACT_POLICY.csv,13141c46a825cf448eccb061215e3bdb7e9db721737bf6fa2c993a756f6aa24c,503,7,.csv,governance,GOVERNANCE_DETAIL,Governance/provenance detail,OK
governance/EXPERIMENT_GATE_STATUS.csv,C:\BatteredAggieSyndrome\governance\EXPERIMENT_GATE_STATUS.csv,e5b60b0214be285f70ea477b9cd7f9e1840de8afecb9b30aeb382f3239563fc5,1705,15,.csv,governance,GOVERNANCE_DETAIL,Governance/provenance detail,OK
governance/EXPERIMENT_IDENTITY_FIELDS.csv,C:\BatteredAggieSyndrome\governance\EXPERIMENT_IDENTITY_FIELDS.csv,b81321f08ca5cc53afebe3c285c6c1ee0c6816c60ac2156815f017d792a48e70,1530,17,.csv,governance,GOVERNANCE_DETAIL,Governance/provenance detail,OK
governance/EXPERIMENT_QUEUE_POLICY.csv,C:\BatteredAggieSyndrome\governance\EXPERIMENT_QUEUE_POLICY.csv,b1b88cc7f8c4c670eae0327333d8b7620b66c0e32d3560694e6d96ca91114126,1321,11,.csv,governance,GOVERNANCE_DETAIL,Governance/provenance detail,OK
governance/EXPERIMENT_REPLAY_CONTRACT.csv,C:\BatteredAggieSyndrome\governance\EXPERIMENT_REPLAY_CONTRACT.csv,29ff258c85b24c6f18534f84bcde67c7b760dabdcd05a96a229ea9c6c1f7403c,864,9,.csv,governance,GOVERNANCE_DETAIL,Governance/provenance detail,OK
governance/EXPERIMENT_RESULT_EVIDENCE_CONTRACT.csv,C:\BatteredAggieSyndrome\governance\EXPERIMENT_RESULT_EVIDENCE_CONTRACT.csv,827344595a75d268a8d89814f9932ea680988a9e2c34527c7d892f290382fdab,1444,17,.csv,governance,GOVERNANCE_DETAIL,Governance/provenance detail,OK
governance/EXPERIMENT_STATE_MACHINE.csv,C:\BatteredAggieSyndrome\governance\EXPERIMENT_STATE_MACHINE.csv,88454f7a9c1b34d3f07ab30e3742cc15b472804f44fb4086117021ec1962cc66,1442,13,.csv,governance,GOVERNANCE_DETAIL,Governance/provenance detail,OK
governance/EXPERIMENT_STORE_SCHEMA_CATALOG.csv,C:\BatteredAggieSyndrome\governance\EXPERIMENT_STORE_SCHEMA_CATALOG.csv,dbc075b2fa2d2f228515bf05abacd0408d4201cfce5a71ebdf63cbeaf260ac77,1282,16,.csv,governance,GOVERNANCE_DETAIL,Governance/provenance detail,OK
governance/EXPERIMENT_TOOL_DECISION_MATRIX.csv,C:\BatteredAggieSyndrome\governance\EXPERIMENT_TOOL_DECISION_MATRIX.csv,3ad1f09cf53b4960b74c3b2ebbbb423628feaeb0ad2880279c43803d84aff895,1352,5,.csv,governance,GOVERNANCE_DETAIL,Governance/provenance detail,OK
governance/EXPERIMENT_TOOL_RESEARCH_EVIDENCE.csv,C:\BatteredAggieSyndrome\governance\EXPERIMENT_TOOL_RESEARCH_EVIDENCE.csv,bd98f1ee50ded23dfd5f55944857008593fe40049627533a4429540163469067,2765,10,.csv,governance,GOVERNANCE_DETAIL,Governance/provenance detail,OK
governance/FEATURE_CANDIDATE_SEEDS.csv,C:\BatteredAggieSyndrome\governance\FEATURE_CANDIDATE_SEEDS.csv,c1769929206cf7612af4732ed9d9073715c60edf0af09abcdaf8570435d4113f,291388,737,.csv,governance,GOVERNANCE_DETAIL,Governance/provenance detail,OK
governance/FEATURE_EVIDENCE_REQUIREMENTS.csv,C:\BatteredAggieSyndrome\governance\FEATURE_EVIDENCE_REQUIREMENTS.csv,c1c18bbcd00e476b5b9ee1c9eb46e288ea7c9b3e6b224ca6155ca9f8e046a9c3,1609,15,.csv,governance,GOVERNANCE_DETAIL,Governance/provenance detail,OK
governance/FEATURE_FAMILY_EXPERIMENT_PLAN.csv,C:\BatteredAggieSyndrome\governance\FEATURE_FAMILY_EXPERIMENT_PLAN.csv,523f6961b841fb9a50db4ce74141a3c0229e564f069e5dd025cda121ce478473,4385,16,.csv,governance,GOVERNANCE_DETAIL,Governance/provenance detail,OK
governance/FEATURE_LIFECYCLE_DECISION_LOG.csv,C:\BatteredAggieSyndrome\governance\FEATURE_LIFECYCLE_DECISION_LOG.csv,661cf0326debe3739ea16495b6fb84024fa55bf09970350e03811fe3558a57de,127,1,.csv,governance,GOVERNANCE_DETAIL,Governance/provenance detail,OK
governance/FEATURE_LIFECYCLE_STATES.csv,C:\BatteredAggieSyndrome\governance\FEATURE_LIFECYCLE_STATES.csv,6df10fc6bd875863192ab616d2bb56beb3df0c2876e73922fbef73e3f0837015,1111,7,.csv,governance,GOVERNANCE_DETAIL,Governance/provenance detail,OK
governance/FEATURE_LIFECYCLE_TRANSITIONS.csv,C:\BatteredAggieSyndrome\governance\FEATURE_LIFECYCLE_TRANSITIONS.csv,2890127a63c54c1a052fac112dd2683ec79ba896fa05fb683b9818e481f0d1ad,1506,16,.csv,governance,GOVERNANCE_DETAIL,Governance/provenance detail,OK
governance/FEATURE_SCREENING_METHODS.csv,C:\BatteredAggieSyndrome\governance\FEATURE_SCREENING_METHODS.csv,c6b2833696a365e089367f0bd34e07539821d17007b9bb202c17b65b195fa358,2571,16,.csv,governance,GOVERNANCE_DETAIL,Governance/provenance detail,OK
governance/FEATURE_TOURNAMENT_POLICY.csv,C:\BatteredAggieSyndrome\governance\FEATURE_TOURNAMENT_POLICY.csv,77bb783f18cefb393a78188ea022c55c2b35cc9e5de8065f2351af2ac9ec9daf,1234,9,.csv,governance,GOVERNANCE_DETAIL,Governance/provenance detail,OK
governance/FEATURE_TOURNAMENT_STAGE_MATRIX.csv,C:\BatteredAggieSyndrome\governance\FEATURE_TOURNAMENT_STAGE_MATRIX.csv,41f361f9ba1d4fe23d171457865aa84fcdc44ad4551da4ceae3a1f63911072d6,1104,11,.csv,governance,GOVERNANCE_DETAIL,Governance/provenance detail,OK
governance/FEATURE_TRANSFORMATION_CATALOG.csv,C:\BatteredAggieSyndrome\governance\FEATURE_TRANSFORMATION_CATALOG.csv,7e215697d0434a6dcb2bf9af71364fc1b2ffd06de03a3703c2bf30d5c7c7d4b8,2983,15,.csv,governance,GOVERNANCE_DETAIL,Governance/provenance detail,OK
governance/FIELD_CLASSIFICATION_RECONCILIATION.csv,C:\BatteredAggieSyndrome\governance\FIELD_CLASSIFICATION_RECONCILIATION.csv,19aab4e7c1ccfcf2fd32064c5daf8a0c6ad30093a0c06156453b7e0d1130c367,1888,20,.csv,governance,GOVERNANCE_DETAIL,Governance/provenance detail,OK
governance/FIELD_POSITION_HIDDEN_YARDS_CONTRACTS.csv,C:\BatteredAggieSyndrome\governance\FIELD_POSITION_HIDDEN_YARDS_CONTRACTS.csv,12a3ee28f945eecd1e722ff570f3933818f5668c039d64e35dadefd0928569bd,659,7,.csv,governance,GOVERNANCE_DETAIL,Governance/provenance detail,OK
governance/FORECAST_LANES.csv,C:\BatteredAggieSyndrome\governance\FORECAST_LANES.csv,6b13c68338ca7fc6e821decb4fc5523636cfda0a3f1064fbb33ab96fe34a3633,723,5,.csv,governance,GOVERNANCE_DETAIL,Governance/provenance detail,OK
governance/GAME_CONTEXT_CONTRACTS.csv,C:\BatteredAggieSyndrome\governance\GAME_CONTEXT_CONTRACTS.csv,6f986817077abee19432e3ca314ef81c67a2137ba08e1e87301893dca881b5ac,612,6,.csv,governance,GOVERNANCE_DETAIL,Governance/provenance detail,OK
governance/HISTORICAL_WEIGHTING_CANDIDATES.csv,C:\BatteredAggieSyndrome\governance\HISTORICAL_WEIGHTING_CANDIDATES.csv,8f300c1ea8c36a5fde4466de67a4f27ec0158abb3509e1b6b344976dd5c18fb1,1188,8,.csv,governance,GOVERNANCE_DETAIL,Governance/provenance detail,OK
governance/HOME_FIELD_EXPERIMENT_PLAN.csv,C:\BatteredAggieSyndrome\governance\HOME_FIELD_EXPERIMENT_PLAN.csv,e9c4a9ffa27b911806daae2644d4c32e6f71aae53caf4caa054f3ed017f05507,524,5,.csv,governance,GOVERNANCE_DETAIL,Governance/provenance detail,OK
governance/HPO_PARAMETER_TYPE_CATALOG.csv,C:\BatteredAggieSyndrome\governance\HPO_PARAMETER_TYPE_CATALOG.csv,84a8c2e52d265d2942e57880cb36ea9fb4dfc9a645ce448caa7c1984fa4192ad,547,8,.csv,governance,GOVERNANCE_DETAIL,Governance/provenance detail,OK
governance/HPO_PRUNING_POLICY.csv,C:\BatteredAggieSyndrome\governance\HPO_PRUNING_POLICY.csv,c6dec9a8a65198b382eebf7dec0bf73445ad238635c1736de46b085a86b9d283,567,7,.csv,governance,GOVERNANCE_DETAIL,Governance/provenance detail,OK
governance/HPO_SEARCH_SPACE_POLICY.csv,C:\BatteredAggieSyndrome\governance\HPO_SEARCH_SPACE_POLICY.csv,3a23cc5a141092a8a1ad4cf4cae872540886014bfd8741c9bd10231e11653b5f,356,7,.csv,governance,GOVERNANCE_DETAIL,Governance/provenance detail,OK
governance/HPO_STUDY_POLICY.csv,C:\BatteredAggieSyndrome\governance\HPO_STUDY_POLICY.csv,f292f03c86af5d71c86bcfc5bbaf37b6ae00ec60f8beb1c6bb7a51d51090d08f,663,9,.csv,governance,GOVERNANCE_DETAIL,Governance/provenance detail,OK
governance/HYPOTHESIS_LEDGER.csv,C:\BatteredAggieSyndrome\governance\HYPOTHESIS_LEDGER.csv,5d6470ad0f2d6fbd622ba64d61d0f13b2873711168baabcb07ab78994b10795e,15881,81,.csv,governance,GOVERNANCE_DETAIL,Governance/provenance detail,OK
governance/HYPOTHESIS_QUEUE_POLICY.csv,C:\BatteredAggieSyndrome\governance\HYPOTHESIS_QUEUE_POLICY.csv,edf44178b50d72a9d2c3b0ce2ec57cf299b0bfd3335c315a1851697cac574a4e,659,9,.csv,governance,GOVERNANCE_DETAIL,Governance/provenance detail,OK
governance/IMMUTABLE_RULES.md,C:\BatteredAggieSyndrome\governance\IMMUTABLE_RULES.md,f4acc7179ab46c00952ee9ff6a040bdaa5a3df61e7ff914895d9e2f892ab807b,2271,34,.md,governance,GOVERNANCE_DETAIL,Governance/provenance detail,OK
governance/IMPLEMENTATION_COMPLEXITY_CLASSES.csv,C:\BatteredAggieSyndrome\governance\IMPLEMENTATION_COMPLEXITY_CLASSES.csv,22f424b0b688163a6134fa649881c6aed539af673edea2dfc8ef34fdfb7ca53a,697,6,.csv,governance,CURRENT_MACHINE_REGISTRY,Machine-readable governance or implementation registry,OK
governance/IMPLEMENTATION_PHASES.csv,C:\BatteredAggieSyndrome\governance\IMPLEMENTATION_PHASES.csv,be40bc500aeeaa4c9f0da4d5130698a63c191c91c0baa4a1947ea14965a46cba,1948,6,.csv,governance,CURRENT_MACHINE_REGISTRY,Machine-readable governance or implementation registry,OK
governance/IMPLEMENTATION_WBS.csv,C:\BatteredAggieSyndrome\governance\IMPLEMENTATION_WBS.csv,fc76c57360b2db7604d13af95c1945d9fe0e2432738ed7b46ae0fc4534375056,75494,202,.csv,governance,CURRENT_MACHINE_REGISTRY,Machine-readable governance or implementation registry,OK
governance/JOINT_SCORE_CANDIDATES.csv,C:\BatteredAggieSyndrome\governance\JOINT_SCORE_CANDIDATES.csv,63c06205862d76c7c1c49a9a4813a2b918896b593d90a7e4cb59d89cdea410c9,918,8,.csv,governance,GOVERNANCE_DETAIL,Governance/provenance detail,OK
governance/JOIN_PATH_REGISTRY.csv,C:\BatteredAggieSyndrome\governance\JOIN_PATH_REGISTRY.csv,50ed7a63f613f6ad68fe9d7c4f51f609813404dbd5720a70187493428e53d8ba,33448,125,.csv,governance,GOVERNANCE_DETAIL,Governance/provenance detail,OK
governance/LEAKAGE_SCENARIO_CATALOG.csv,C:\BatteredAggieSyndrome\governance\LEAKAGE_SCENARIO_CATALOG.csv,d283ad51fbb88822302fb21320a9c56d638eeff2ad57e40a85a0328a3c624d20,2082,17,.csv,governance,GOVERNANCE_DETAIL,Governance/provenance detail,OK
governance/LOWER_DIVISION_TRANSLATION_CONTRACTS.csv,C:\BatteredAggieSyndrome\governance\LOWER_DIVISION_TRANSLATION_CONTRACTS.csv,667e057b1a4f471793d0a569c650ba7ee5cbdc29a457e2d4061923009906174c,582,5,.csv,governance,GOVERNANCE_DETAIL,Governance/provenance detail,OK
governance/MARKET_LANE_RULES.csv,C:\BatteredAggieSyndrome\governance\MARKET_LANE_RULES.csv,15659db273396751e1f951754f86e2f4b8dd072e9364a89393875a479e24d533,704,6,.csv,governance,GOVERNANCE_DETAIL,Governance/provenance detail,OK
governance/MATCHUP_CONTEXT_GATE_STATUS.csv,C:\BatteredAggieSyndrome\governance\MATCHUP_CONTEXT_GATE_STATUS.csv,0b6b2501b2355e5e8cde0cdeff25f1272d526b9086439c2bc536f6585c37dcc5,231,2,.csv,governance,GOVERNANCE_DETAIL,Governance/provenance detail,OK
governance/MECHANICS_GATE_STATUS.csv,C:\BatteredAggieSyndrome\governance\MECHANICS_GATE_STATUS.csv,b557358813fa014a6511ed3fb6801cddf222852c3f7046c6f1bd8688f1eba113,190,2,.csv,governance,GOVERNANCE_DETAIL,Governance/provenance detail,OK
governance/MECHANICS_INTERACTION_CANDIDATES.csv,C:\BatteredAggieSyndrome\governance\MECHANICS_INTERACTION_CANDIDATES.csv,a7e4e698e3c1fc905ff326163a5cdb4a7ff5e82abc4150ea97a3c418d4cbfe21,493,6,.csv,governance,GOVERNANCE_DETAIL,Governance/provenance detail,OK
governance/METRIC_REGISTRY.csv,C:\BatteredAggieSyndrome\governance\METRIC_REGISTRY.csv,72e9834e7a372955c6491dcd433d9c5a0348ae1693f60bb39f99f62cd638e160,2570,19,.csv,governance,GOVERNANCE_DETAIL,Governance/provenance detail,OK
governance/MISSINGNESS_EVIDENCE_REGISTRY.csv,C:\BatteredAggieSyndrome\governance\MISSINGNESS_EVIDENCE_REGISTRY.csv,da7c95f169a67948db1379f59e5e52dd356912fc02d9b614ed9a8e3f9dd18381,72076,297,.csv,governance,GOVERNANCE_DETAIL,Governance/provenance detail,OK
governance/MLFLOW_FIELD_MAPPING.csv,C:\BatteredAggieSyndrome\governance\MLFLOW_FIELD_MAPPING.csv,45d05329bf8bade3e76fdebb3a209bd13ee2206c6b2dde09d71eacd2bf3d341f,951,15,.csv,governance,GOVERNANCE_DETAIL,Governance/provenance detail,OK
governance/MODEL_ARCHITECTURE_CANDIDATES.csv,C:\BatteredAggieSyndrome\governance\MODEL_ARCHITECTURE_CANDIDATES.csv,c7dacfff5e5baa815ab4e1259b90b20c2c0a68517a38ceba3c4b25cd5c51bc79,1776,12,.csv,governance,GOVERNANCE_DETAIL,Governance/provenance detail,OK
governance/MODEL_ARCHITECTURE_GATE_STATUS.csv,C:\BatteredAggieSyndrome\governance\MODEL_ARCHITECTURE_GATE_STATUS.csv,bf625654910d2c5286c3d051989204a5bb3fe125a1c5adec41d9359314717f4f,495,2,.csv,governance,GOVERNANCE_DETAIL,Governance/provenance detail,OK
governance/MODEL_DERIVATION_CONTRACT.csv,C:\BatteredAggieSyndrome\governance\MODEL_DERIVATION_CONTRACT.csv,1e82be5fea8f9145df6a4c1db81666ff18c119e4c03d12236710443b90a476a5,1504,11,.csv,governance,GOVERNANCE_DETAIL,Governance/provenance detail,OK
governance/MODEL_DISAGREEMENT_CONTRACTS.csv,C:\BatteredAggieSyndrome\governance\MODEL_DISAGREEMENT_CONTRACTS.csv,bcca65606a04504682dbe77f4f3d4cd50d45b1bb554438278a4cc843eac5cd33,695,5,.csv,governance,GOVERNANCE_DETAIL,Governance/provenance detail,OK
governance/MODEL_TARGET_CONTRACT.csv,C:\BatteredAggieSyndrome\governance\MODEL_TARGET_CONTRACT.csv,39f06c5f30a0cf9426647adf18b83db79b154f121967ce2564cbdf33daab7813,2473,15,.csv,governance,GOVERNANCE_DETAIL,Governance/provenance detail,OK
governance/MODEL_TOURNAMENT_BASELINE_MATRIX.csv,C:\BatteredAggieSyndrome\governance\MODEL_TOURNAMENT_BASELINE_MATRIX.csv,c2fcb696f71475a811ee697a5cb47dca26de30ae6c70a0945709d15616124e68,593,7,.csv,governance,GOVERNANCE_DETAIL,Governance/provenance detail,OK
governance/MODEL_TOURNAMENT_COMPATIBILITY_MATRIX.csv,C:\BatteredAggieSyndrome\governance\MODEL_TOURNAMENT_COMPATIBILITY_MATRIX.csv,c6b75aefd242fe529f36d7579099dbd47893293108f7d9ad09ac03490654ba6f,875,11,.csv,governance,GOVERNANCE_DETAIL,Governance/provenance detail,OK
governance/MODEL_TOURNAMENT_POLICY.csv,C:\BatteredAggieSyndrome\governance\MODEL_TOURNAMENT_POLICY.csv,19c232d3d77f0b7a63a5627ec578def7c603786c50cbd6c55b3b2f2f92153a04,1088,7,.csv,governance,GOVERNANCE_DETAIL,Governance/provenance detail,OK
governance/NEXT_WAVE.md,C:\BatteredAggieSyndrome\governance\NEXT_WAVE.md,7f5ea52568b1cb8bf12c32727fdc5ec1a4eba00bbfe6902f14c45610d1f860b4,595,14,.md,governance,FINAL_CURRENT,Terminal W25 handoff/current-state artifact,OK
governance/OFFICIATING_EXPERIMENT_POLICY.csv,C:\BatteredAggieSyndrome\governance\OFFICIATING_EXPERIMENT_POLICY.csv,65d6e15eb9454f41d52dc00335848f4b78b3a4ab94cafd275d4b2e6f8bc8afd4,579,6,.csv,governance,GOVERNANCE_DETAIL,Governance/provenance detail,OK
governance/OOD_DETECTION_CANDIDATES.csv,C:\BatteredAggieSyndrome\governance\OOD_DETECTION_CANDIDATES.csv,8cbccb92410389aaeef0c960366d8cd39b325a67f52448b24e00eaa356e9889b,873,9,.csv,governance,GOVERNANCE_DETAIL,Governance/provenance detail,OK
governance/OPEN_ISSUES.md,C:\BatteredAggieSyndrome\governance\OPEN_ISSUES.md,f689eb16cadb00d78b6f477e9bcdc5fe1ac9aa631725a7c28a51711866c374ed,26818,438,.md,governance,GOVERNANCE_DETAIL,Governance/provenance detail,OK
governance/OPPONENT_ADJUSTMENT_CANDIDATES.csv,C:\BatteredAggieSyndrome\governance\OPPONENT_ADJUSTMENT_CANDIDATES.csv,dd0b0c84e15469ecf75543585a6a7c66b8775156e84dfc41120a2b1099cd910d,479,4,.csv,governance,GOVERNANCE_DETAIL,Governance/provenance detail,OK
governance/OPPONENT_STRENGTH_HIERARCHY.csv,C:\BatteredAggieSyndrome\governance\OPPONENT_STRENGTH_HIERARCHY.csv,e29f275eb3257e0463f5f660b7463f0e5bc812277cd69988dd802bb1a9f89b0a,869,8,.csv,governance,GOVERNANCE_DETAIL,Governance/provenance detail,OK
governance/OPPORTUNITY_BACKLOG.yaml,C:\BatteredAggieSyndrome\governance\OPPORTUNITY_BACKLOG.yaml,80a9a01a09211d2724883102c0d66becd3f6185d5c5a824ceba1688c3a5af60b,6758,177,.yaml,governance,GOVERNANCE_DETAIL,Governance/provenance detail,OK
governance/OPTUNA_FIELD_MAPPING.csv,C:\BatteredAggieSyndrome\governance\OPTUNA_FIELD_MAPPING.csv,76f2c1af15a725a5ce458015af9ba64b82995d6ddb3484d952e1004a484914e5,937,14,.csv,governance,GOVERNANCE_DETAIL,Governance/provenance detail,OK
governance/PIT_DOMAIN_POLICY.csv,C:\BatteredAggieSyndrome\governance\PIT_DOMAIN_POLICY.csv,1e9f7465018242fef18261f0f1c2849b080f878cf6fff96360976e7d68fc1ed9,2930,12,.csv,governance,GOVERNANCE_DETAIL,Governance/provenance detail,OK
governance/PIT_GATEWAY_RULES.csv,C:\BatteredAggieSyndrome\governance\PIT_GATEWAY_RULES.csv,a0c15f6d95f7ab272840f9387babcd7b506c59bb30d4a4ec3fd5ee1f195063d3,1750,13,.csv,governance,GOVERNANCE_DETAIL,Governance/provenance detail,OK
governance/PLAYER_INTELLIGENCE_GATE_STATUS.csv,C:\BatteredAggieSyndrome\governance\PLAYER_INTELLIGENCE_GATE_STATUS.csv,6e000250153b11cd51f9b00f7659e41d4c75912bde6d7a0d623f0de0ed486bca,318,2,.csv,governance,GOVERNANCE_DETAIL,Governance/provenance detail,OK
governance/PLAYER_STATE_COMPONENTS.csv,C:\BatteredAggieSyndrome\governance\PLAYER_STATE_COMPONENTS.csv,69ee73840b613454a095eebe5609ff0adb78d046144845647d164acc3b635b89,1426,11,.csv,governance,GOVERNANCE_DETAIL,Governance/provenance detail,OK
governance/PLAYER_VALUE_EVIDENCE_CATALOG.csv,C:\BatteredAggieSyndrome\governance\PLAYER_VALUE_EVIDENCE_CATALOG.csv,409fbd1f4160020e6783c65906669910fc5db750482a642408fb363433260623,1620,10,.csv,governance,GOVERNANCE_DETAIL,Governance/provenance detail,OK
governance/POSSESSION_TEMPO_CONTRACTS.csv,C:\BatteredAggieSyndrome\governance\POSSESSION_TEMPO_CONTRACTS.csv,70396726adf19971c87fa65f5d154188b5407812b55f35ecc08a2d71368211b0,383,5,.csv,governance,GOVERNANCE_DETAIL,Governance/provenance detail,OK
governance/PRESEASON_HONOR_CANDIDATE_CONTRACTS.csv,C:\BatteredAggieSyndrome\governance\PRESEASON_HONOR_CANDIDATE_CONTRACTS.csv,b8e8985dad2deaa324fc96512c86a5e42b105f05bd3210a454399e25f50e0f7d,769,4,.csv,governance,GOVERNANCE_DETAIL,Governance/provenance detail,OK
governance/PRIVATE_RESOURCE_PROXY_CONTRACTS.csv,C:\BatteredAggieSyndrome\governance\PRIVATE_RESOURCE_PROXY_CONTRACTS.csv,ec0a3a1ff1670fb2ffc8deb02f8d33df16452be80b9430d17b397a17df63987d,324,4,.csv,governance,GOVERNANCE_DETAIL,Governance/provenance detail,OK
governance/PROGRAM_RESOURCE_LANES.csv,C:\BatteredAggieSyndrome\governance\PROGRAM_RESOURCE_LANES.csv,d9ab6e07b638dd606140cab9ee44d0d17b27939be357bb9a6ccdbe2756f10823,581,5,.csv,governance,GOVERNANCE_DETAIL,Governance/provenance detail,OK
governance/PROJECT_IDENTITY.yaml,C:\BatteredAggieSyndrome\governance\PROJECT_IDENTITY.yaml,c902524233106e63474adf5585121c8c35bb6a94dd946058417048445dde6ad3,480,12,.yaml,governance,GOVERNANCE_DETAIL,Governance/provenance detail,OK
governance/PROMOTION_DECISION_STATES.csv,C:\BatteredAggieSyndrome\governance\PROMOTION_DECISION_STATES.csv,e9f0f483e66c799ebf88dbbeb13fa1dc722aac5fa932bfd9bb87fb879163531b,1010,11,.csv,governance,GOVERNANCE_DETAIL,Governance/provenance detail,OK
governance/PROTECTED_ACCEPTANCE_RULES.md,C:\BatteredAggieSyndrome\governance\PROTECTED_ACCEPTANCE_RULES.md,e881e25c6338b000253405d9fce02592b6f9254bf193a4c8e3901a9a954b42ec,1438,21,.md,governance,PROTECTED_INVARIANT,Protected project rule or sealed governance artifact,OK
governance/PROTECTED_JUDGING_RULE_SEAL.csv,C:\BatteredAggieSyndrome\governance\PROTECTED_JUDGING_RULE_SEAL.csv,7bf245d93d1d0fc6b87f55dddcacec76ced222279ffa09b7b1ab08ba36667356,2351,14,.csv,governance,PROTECTED_INVARIANT,Protected project rule or sealed governance artifact,OK
governance/PROTECTED_SPLIT_REGISTRY.csv,C:\BatteredAggieSyndrome\governance\PROTECTED_SPLIT_REGISTRY.csv,6b90ef6fb09abd89d7a82a8b5835b00615671a7742839269c7401a2d0af5f764,1168,5,.csv,governance,PROTECTED_INVARIANT,Protected project rule or sealed governance artifact,OK
governance/RAW_FIELD_HANDOFF_STATES.csv,C:\BatteredAggieSyndrome\governance\RAW_FIELD_HANDOFF_STATES.csv,e8eed9051f5b4c1923a57286498ea9e40307d693ea440cb476edbdd4e9927dc8,868,9,.csv,governance,GOVERNANCE_DETAIL,Governance/provenance detail,OK
governance/RAW_FIELD_REGISTRY.csv,C:\BatteredAggieSyndrome\governance\RAW_FIELD_REGISTRY.csv,32c0c2a2809859817fb90632183daaf60ddb4b8cdd06f9108237836678298246,709732,1198,.csv,governance,GOVERNANCE_DETAIL,Governance/provenance detail,OK
governance/RECRUITING_PROSPECT_PRIOR_CATALOG.csv,C:\BatteredAggieSyndrome\governance\RECRUITING_PROSPECT_PRIOR_CATALOG.csv,161295cdb8ad7b0e75b399ed4c31f23aaf9f9b74ffd2df41b8c7c05d1782f6ff,928,7,.csv,governance,GOVERNANCE_DETAIL,Governance/provenance detail,OK
governance/REDUNDANCY_CLUSTER_REGISTRY.csv,C:\BatteredAggieSyndrome\governance\REDUNDANCY_CLUSTER_REGISTRY.csv,5027f7a51472295aec95c86b1ab2f7e34986f4953b5bdf794eccfc799b788313,39970,142,.csv,governance,GOVERNANCE_DETAIL,Governance/provenance detail,OK
governance/REGIME_SIMILARITY_FACTORS.csv,C:\BatteredAggieSyndrome\governance\REGIME_SIMILARITY_FACTORS.csv,271a9659493cedcc03bc1f3d7e75ab1ee9ae9e774e64e8001e0058c2fe67a530,860,9,.csv,governance,GOVERNANCE_DETAIL,Governance/provenance detail,OK
governance/REGULATORY_ENVIRONMENT_CONTRACTS.csv,C:\BatteredAggieSyndrome\governance\REGULATORY_ENVIRONMENT_CONTRACTS.csv,2d19c358d8b8c25ce16f279b0572f895fd1d780d59b128b40223333764d3d929,787,6,.csv,governance,GOVERNANCE_DETAIL,Governance/provenance detail,OK
governance/REPLACEMENT_VALUE_CONTRACTS.csv,C:\BatteredAggieSyndrome\governance\REPLACEMENT_VALUE_CONTRACTS.csv,01dbd3d67d65b1d7b4ad34491ee3724e7605719f0cb416b521eabbcdd0f69220,881,6,.csv,governance,GOVERNANCE_DETAIL,Governance/provenance detail,OK
governance/REPLAY_CHECK_CATALOG.csv,C:\BatteredAggieSyndrome\governance\REPLAY_CHECK_CATALOG.csv,ab64b9fe2e918854506e3572820363d5bec21eec5bad473e64e1b48ffc5416a1,777,14,.csv,governance,GOVERNANCE_DETAIL,Governance/provenance detail,OK
governance/REPLAY_FAILURE_POLICY.csv,C:\BatteredAggieSyndrome\governance\REPLAY_FAILURE_POLICY.csv,1eaffe74cd7396ffb0f980297609cb035f1813664d1a9599436d99ed6260d2b7,655,8,.csv,governance,GOVERNANCE_DETAIL,Governance/provenance detail,OK
governance/REQUIREMENTS_INDEX.csv,C:\BatteredAggieSyndrome\governance\REQUIREMENTS_INDEX.csv,7d4e3915d6b097c7aca1616d026b907940be7bc9dec323e67ae3710fdc436c3a,168946,746,.csv,governance,CURRENT_MACHINE_REGISTRY,Machine-readable governance or implementation registry,OK
governance/REQUIREMENTS_TRACEABILITY.csv,C:\BatteredAggieSyndrome\governance\REQUIREMENTS_TRACEABILITY.csv,386b68b03f2d88c6031bd155e02e385a522ce1eec56ec6a30339e541f1b536d3,124890,746,.csv,governance,CURRENT_MACHINE_REGISTRY,Machine-readable governance or implementation registry,OK
governance/REQUIREMENT_ACCEPTANCE_MATRIX.csv,C:\BatteredAggieSyndrome\governance\REQUIREMENT_ACCEPTANCE_MATRIX.csv,91aad624d97dc8e9039d18c19295248866765c98ecf69158152d2d4e5e552276,179985,746,.csv,governance,CURRENT_MACHINE_REGISTRY,Machine-readable governance or implementation registry,OK
governance/REQUIREMENT_TASK_TRACEABILITY.csv,C:\BatteredAggieSyndrome\governance\REQUIREMENT_TASK_TRACEABILITY.csv,495ddfad4c56aad981bdb5530a502480a3a052ced51c0957d1c2ddb23799a113,151280,1435,.csv,governance,CURRENT_MACHINE_REGISTRY,Machine-readable governance or implementation registry,OK
governance/RESEARCH_BACKEND_CAPABILITIES.csv,C:\BatteredAggieSyndrome\governance\RESEARCH_BACKEND_CAPABILITIES.csv,50e2a3e1a881bbc7c16f0b64a9ae14d99988daedaeb7c32bc66be223d10e2e05,728,6,.csv,governance,GOVERNANCE_DETAIL,Governance/provenance detail,OK
governance/RESEARCH_FAILURE_TAXONOMY.csv,C:\BatteredAggieSyndrome\governance\RESEARCH_FAILURE_TAXONOMY.csv,fa334fb1e71a1a24cd55c0285ce96bd7e7e24939b205fbdd8ec58d70b4e3c856,853,15,.csv,governance,GOVERNANCE_DETAIL,Governance/provenance detail,OK
governance/RESEARCH_RESOURCE_BUDGET_POLICY.csv,C:\BatteredAggieSyndrome\governance\RESEARCH_RESOURCE_BUDGET_POLICY.csv,d749eacaf54bffbdb49c9e65dbc464729dadb14f67d5a836970e6b6a65baf7fc,556,8,.csv,governance,GOVERNANCE_DETAIL,Governance/provenance detail,OK
governance/RESEARCH_ROLE_CAPABILITIES.csv,C:\BatteredAggieSyndrome\governance\RESEARCH_ROLE_CAPABILITIES.csv,cd2878a83c0f0beac82039817d67960f6f91b0c59e50519b70dc7427bf148990,1493,11,.csv,governance,GOVERNANCE_DETAIL,Governance/provenance detail,OK
governance/RESOURCE_ADMISSION_RULES.csv,C:\BatteredAggieSyndrome\governance\RESOURCE_ADMISSION_RULES.csv,34384d1c29e15941fa139faa5cd0eac96f9efdb8b0ec1e58b7c85023cad8cf81,1149,11,.csv,governance,GOVERNANCE_DETAIL,Governance/provenance detail,OK
governance/RESULT_ADOPTION_POLICY.csv,C:\BatteredAggieSyndrome\governance\RESULT_ADOPTION_POLICY.csv,b68658818e6c0808d326ddc72ba3896b26f8962773f855cdda43dd829300e534,357,7,.csv,governance,GOVERNANCE_DETAIL,Governance/provenance detail,OK
governance/RESULT_PACKET_FIELD_CATALOG.csv,C:\BatteredAggieSyndrome\governance\RESULT_PACKET_FIELD_CATALOG.csv,f09439248487a1f315d3752df90e252ab6087a8d118458ef83534444aafe96e4,1129,18,.csv,governance,GOVERNANCE_DETAIL,Governance/provenance detail,OK
governance/RISKS.md,C:\BatteredAggieSyndrome\governance\RISKS.md,093d5962cd487473d3d4d1e5e4377f0b6d57fda40fb3b85fb29ff4fba9281982,32149,559,.md,governance,GOVERNANCE_DETAIL,Governance/provenance detail,OK
governance/RISK_ACCEPTANCE_TRACEABILITY.csv,C:\BatteredAggieSyndrome\governance\RISK_ACCEPTANCE_TRACEABILITY.csv,df144f627928abc0c103de32f77cb7a2ed352461baedac3a4c38d1d663875040,31388,311,.csv,governance,GOVERNANCE_DETAIL,Governance/provenance detail,OK
governance/RISK_REGISTER.csv,C:\BatteredAggieSyndrome\governance\RISK_REGISTER.csv,d3c427437a084be76c6d198837efc6a8df7f95b90cfcd25a8e16d2706fcde6ee,52031,311,.csv,governance,GOVERNANCE_DETAIL,Governance/provenance detail,OK
governance/ROSTER_DEPTH_STATE_CONTRACTS.csv,C:\BatteredAggieSyndrome\governance\ROSTER_DEPTH_STATE_CONTRACTS.csv,a7595b65ac4ea190e0e0e1beaa7b71ffeb362668ce00e3c2ab73e330e3eacb3b,1159,6,.csv,governance,GOVERNANCE_DETAIL,Governance/provenance detail,OK
governance/SCHEDULE_STRESS_CONTRACTS.csv,C:\BatteredAggieSyndrome\governance\SCHEDULE_STRESS_CONTRACTS.csv,063b7e125179ae781ebfafd902a8b10a9ace57e6531809dc8724c29cce61542f,614,8,.csv,governance,GOVERNANCE_DETAIL,Governance/provenance detail,OK
governance/SCHEME_PLAY_CALLER_TENDENCY_CONTRACTS.csv,C:\BatteredAggieSyndrome\governance\SCHEME_PLAY_CALLER_TENDENCY_CONTRACTS.csv,8ce68ad0a558ec613d1541c051c37c288733bd4038e074c75088c3ac65456d15,585,6,.csv,governance,GOVERNANCE_DETAIL,Governance/provenance detail,OK
governance/SCORE_STATE_POLICY_CANDIDATES.csv,C:\BatteredAggieSyndrome\governance\SCORE_STATE_POLICY_CANDIDATES.csv,24598954f3f3ab08082206feabe06d339201d4bf4fd40b6a9a2fc22356ee0913,530,5,.csv,governance,GOVERNANCE_DETAIL,Governance/provenance detail,OK
governance/SHARED_CONTRACT_OWNERSHIP.csv,C:\BatteredAggieSyndrome\governance\SHARED_CONTRACT_OWNERSHIP.csv,84917341a39f3e7b038a7f593594bcd7e003adf6f803397e6a5745d78634def1,1503,12,.csv,governance,GOVERNANCE_DETAIL,Governance/provenance detail,OK
governance/SIMULATION_SCENARIO_CONTRACTS.csv,C:\BatteredAggieSyndrome\governance\SIMULATION_SCENARIO_CONTRACTS.csv,306c7c7dc63ea8f234a91e365b575645eb615d942f321cc9cddf0f4582d61302,957,8,.csv,governance,GOVERNANCE_DETAIL,Governance/provenance detail,OK
governance/SOURCE_MAPPING_METHODS.csv,C:\BatteredAggieSyndrome\governance\SOURCE_MAPPING_METHODS.csv,9c6ccbd6a2d06fd61f9b6a57ac3b0e3e37b8566f72fe51ab2236bae2704d4b8d,918,9,.csv,governance,GOVERNANCE_DETAIL,Governance/provenance detail,OK
governance/SOURCE_OF_TRUTH_MAP.md,C:\BatteredAggieSyndrome\governance\SOURCE_OF_TRUTH_MAP.md,a82b3158776f0728fa81d590f69d2eff967ea6f118a638603dd5958c51af42c5,7440,114,.md,governance,GOVERNANCE_DETAIL,Governance/provenance detail,OK
governance/SPECIAL_TEAMS_COMPONENT_CONTRACTS.csv,C:\BatteredAggieSyndrome\governance\SPECIAL_TEAMS_COMPONENT_CONTRACTS.csv,276a44ccbdbe8fae2b4799531b08c6454de3f5aaa5e5333c9bd81fef792f2275,562,7,.csv,governance,GOVERNANCE_DETAIL,Governance/provenance detail,OK
governance/STYLE_SIMILARITY_CANDIDATES.csv,C:\BatteredAggieSyndrome\governance\STYLE_SIMILARITY_CANDIDATES.csv,d931b54d7e4e2408b2d160b9de3b42626667ad1be0ab6eca98fbdd00fb234500,371,4,.csv,governance,GOVERNANCE_DETAIL,Governance/provenance detail,OK
governance/SUPERSEDED_DECISIONS.csv,C:\BatteredAggieSyndrome\governance\SUPERSEDED_DECISIONS.csv,58e93a37bab2c1d81a173e96b4855334e5e83fbda854b56e4bcdacc9e21d0620,3392,19,.csv,governance,GOVERNANCE_DETAIL,Governance/provenance detail,OK
governance/SUPERSEDED_DECISIONS.md,C:\BatteredAggieSyndrome\governance\SUPERSEDED_DECISIONS.md,0b65bf3d135816e257430f809a6352961edfa298b59c7807b14fd3e2f511fd13,4915,111,.md,governance,GOVERNANCE_DETAIL,Governance/provenance detail,OK
governance/TAMU_ANALOG_CONTRACTS.csv,C:\BatteredAggieSyndrome\governance\TAMU_ANALOG_CONTRACTS.csv,3fc173ee6b5611fe23a474bf3cdd9c38f8b276c743e67bee4eef87685b2d89ed,640,6,.csv,governance,GOVERNANCE_DETAIL,Governance/provenance detail,OK
governance/TAMU_EVALUATION_SLICES.csv,C:\BatteredAggieSyndrome\governance\TAMU_EVALUATION_SLICES.csv,7f1cd4674d87115685ae30ceac5728c08d38aba7582dea86e8be346c5b1c5b60,1169,11,.csv,governance,GOVERNANCE_DETAIL,Governance/provenance detail,OK
governance/TAMU_EVIDENCE_RESOLUTION_LANES.csv,C:\BatteredAggieSyndrome\governance\TAMU_EVIDENCE_RESOLUTION_LANES.csv,9d863a8d5adf0a3dff2429387d0d7da88a5c8af4f9e0e40c52c4bd7279083fe8,1499,10,.csv,governance,GOVERNANCE_DETAIL,Governance/provenance detail,OK
governance/TAMU_PEER_COHORT_CONTRACTS.csv,C:\BatteredAggieSyndrome\governance\TAMU_PEER_COHORT_CONTRACTS.csv,9888f5b9468742ce41cbc88b82746cc794f071808030694f0ad187fc1ced612a,640,6,.csv,governance,GOVERNANCE_DETAIL,Governance/provenance detail,OK
governance/TAMU_SNAPSHOT_CADENCE_CANDIDATES.csv,C:\BatteredAggieSyndrome\governance\TAMU_SNAPSHOT_CADENCE_CANDIDATES.csv,c98a9deed24a586d17efc3149fee2e0105a9a291515bf778554580fa925bacfb,790,7,.csv,governance,GOVERNANCE_DETAIL,Governance/provenance detail,OK
governance/TAMU_SPECIALIZATION_CANDIDATES.csv,C:\BatteredAggieSyndrome\governance\TAMU_SPECIALIZATION_CANDIDATES.csv,3b7cd01822ba969b142ba3daf9a877dd3f29edf09b923eeb539e3180e76e3ce8,1266,7,.csv,governance,GOVERNANCE_DETAIL,Governance/provenance detail,OK
governance/TAMU_SPECIALIZATION_GATE_STATUS.csv,C:\BatteredAggieSyndrome\governance\TAMU_SPECIALIZATION_GATE_STATUS.csv,6a5875c60f6741ee2c7e895a12619595d9e03338a32f4bdb0b8b5924896bf929,311,2,.csv,governance,GOVERNANCE_DETAIL,Governance/provenance detail,OK
governance/TAMU_SPECIALIZATION_OVERFIT_GUARDS.csv,C:\BatteredAggieSyndrome\governance\TAMU_SPECIALIZATION_OVERFIT_GUARDS.csv,e68f5923d56645c831a3763c5ae8be888610043b9831eafe5dc9687ee22f1bc3,1541,11,.csv,governance,GOVERNANCE_DETAIL,Governance/provenance detail,OK
governance/TAMU_STATE_COMPONENTS.csv,C:\BatteredAggieSyndrome\governance\TAMU_STATE_COMPONENTS.csv,98048d696d13f075e270af822fa088d478c1bd5eb19013fc66e524d5cc0624a7,2433,17,.csv,governance,GOVERNANCE_DETAIL,Governance/provenance detail,OK
governance/TAMU_STATE_GATE_STATUS.csv,C:\BatteredAggieSyndrome\governance\TAMU_STATE_GATE_STATUS.csv,73e809b957b45eb6b6a7f89f02c2cd7a7c9c3ef07781b5c7b1aea1dec10a82fb,274,2,.csv,governance,GOVERNANCE_DETAIL,Governance/provenance detail,OK
governance/TAMU_UNIT_STATE_CONTRACTS.csv,C:\BatteredAggieSyndrome\governance\TAMU_UNIT_STATE_CONTRACTS.csv,ef09a0ebcb910bc5915dae6d7082f57144dfa2a26064662f9bcee016bb50dee6,871,9,.csv,governance,GOVERNANCE_DETAIL,Governance/provenance detail,OK
governance/TARGET_FEATURE_POLICY.csv,C:\BatteredAggieSyndrome\governance\TARGET_FEATURE_POLICY.csv,2244adb066fbca1fe77ca12d3a738a231b97fd58127f5b8afb5f0c8ef18b7e88,1683,9,.csv,governance,GOVERNANCE_DETAIL,Governance/provenance detail,OK
governance/TASK_DEPENDENCIES.csv,C:\BatteredAggieSyndrome\governance\TASK_DEPENDENCIES.csv,3499554be188ec4e3a84e4b6f5bac3e55468dda763055b788e1e3d10f3816d27,15366,324,.csv,governance,CURRENT_MACHINE_REGISTRY,Machine-readable governance or implementation registry,OK
governance/TEAM_STATE_COMPARISON_PLAN.csv,C:\BatteredAggieSyndrome\governance\TEAM_STATE_COMPARISON_PLAN.csv,53e7fff1fc909f8d5b19fc0374b99b4273d784a794f0a78a1e55df1c3aa71be3,968,7,.csv,governance,GOVERNANCE_DETAIL,Governance/provenance detail,OK
governance/TEAM_STATE_COMPONENTS.csv,C:\BatteredAggieSyndrome\governance\TEAM_STATE_COMPONENTS.csv,bea314feb2ad56385b824ad0cec475b08f9aab54a5618794fb3976271d3b275f,1081,9,.csv,governance,GOVERNANCE_DETAIL,Governance/provenance detail,OK
governance/TEAM_STATE_GATE_STATUS.csv,C:\BatteredAggieSyndrome\governance\TEAM_STATE_GATE_STATUS.csv,1100189fd43154ca691e0ab253f0e3a8d3342b9d7e59a2a2eadc248906c5118b,350,2,.csv,governance,GOVERNANCE_DETAIL,Governance/provenance detail,OK
governance/TEAM_STATE_PRIOR_COMPONENTS.csv,C:\BatteredAggieSyndrome\governance\TEAM_STATE_PRIOR_COMPONENTS.csv,84f8154fa3dda385d6191533431bcd640241f41f772661ccb73b0ff09eab25e3,1332,13,.csv,governance,GOVERNANCE_DETAIL,Governance/provenance detail,OK
governance/TEAM_STATE_UNCERTAINTY_CATALOG.csv,C:\BatteredAggieSyndrome\governance\TEAM_STATE_UNCERTAINTY_CATALOG.csv,992a8761b999cebfae710990810267ece70befe62afa80dac943dbebb161f880,850,8,.csv,governance,GOVERNANCE_DETAIL,Governance/provenance detail,OK
governance/TEMPORAL_FIELD_SEMANTICS.csv,C:\BatteredAggieSyndrome\governance\TEMPORAL_FIELD_SEMANTICS.csv,97cd402021d737b11638d34c9d1e92ae4a9a44d96f63f54a34c269c639c65b9f,3562,16,.csv,governance,GOVERNANCE_DETAIL,Governance/provenance detail,OK
governance/THRESHOLD_PRECOMMITMENT_REGISTRY.csv,C:\BatteredAggieSyndrome\governance\THRESHOLD_PRECOMMITMENT_REGISTRY.csv,85da9ddb97eb1144914d41f1445609e3b0e1c50a3c3e9abdd97cb64d37940e0e,1561,10,.csv,governance,GOVERNANCE_DETAIL,Governance/provenance detail,OK
governance/TOURNAMENT_COMPARISON_POLICY.csv,C:\BatteredAggieSyndrome\governance\TOURNAMENT_COMPARISON_POLICY.csv,2e6393117cae462fc9710022ab5b6395bbd3a133dcea80cbae11e422541bd45f,503,8,.csv,governance,GOVERNANCE_DETAIL,Governance/provenance detail,OK
governance/TOURNAMENT_STAGE_CATALOG.csv,C:\BatteredAggieSyndrome\governance\TOURNAMENT_STAGE_CATALOG.csv,13a92f927f8fca380b7a301c545ddeeef34020c35e14aff2ac6a8846d4af1f87,560,9,.csv,governance,GOVERNANCE_DETAIL,Governance/provenance detail,OK
governance/TRANSFER_EPISODE_CONTRACTS.csv,C:\BatteredAggieSyndrome\governance\TRANSFER_EPISODE_CONTRACTS.csv,02564f6228f216d6ce838668d78ba2fc62662af0b53c000c07fd6fb8a957deae,1025,8,.csv,governance,GOVERNANCE_DETAIL,Governance/provenance detail,OK
governance/TRANSFER_FRESHMAN_UNCERTAINTY_CATALOG.csv,C:\BatteredAggieSyndrome\governance\TRANSFER_FRESHMAN_UNCERTAINTY_CATALOG.csv,386c590402d69783af81f8c46f165d510caa657a043eda7960a57893e261f160,843,8,.csv,governance,GOVERNANCE_DETAIL,Governance/provenance detail,OK
governance/TRANSFER_RECRUITING_PROVENANCE_AUDIT.csv,C:\BatteredAggieSyndrome\governance\TRANSFER_RECRUITING_PROVENANCE_AUDIT.csv,4f19c19cafc2cf95b9af8509ba0d1cec342f646f6fb45f17253405bf391e61e4,2200,5,.csv,governance,GOVERNANCE_DETAIL,Governance/provenance detail,OK
governance/TRANSFER_TRANSLATION_EXPERIMENT_PLAN.csv,C:\BatteredAggieSyndrome\governance\TRANSFER_TRANSLATION_EXPERIMENT_PLAN.csv,7a0920c858978aa4c8bea3bf4a5e3b14b98678a677bab9cb9e0ff128d981c75b,1354,7,.csv,governance,GOVERNANCE_DETAIL,Governance/provenance detail,OK
governance/UNCERTAINTY_COMPONENTS.csv,C:\BatteredAggieSyndrome\governance\UNCERTAINTY_COMPONENTS.csv,075c260a87012c5b557e46a273ca9f0378cc031f2428b1cf429d0809e4435d64,1120,10,.csv,governance,GOVERNANCE_DETAIL,Governance/provenance detail,OK
governance/UNCERTAINTY_OOD_MARKET_EVALUATION.csv,C:\BatteredAggieSyndrome\governance\UNCERTAINTY_OOD_MARKET_EVALUATION.csv,bd7f5a199599b023954b949a1361c2fdfe429a10325884fc16b4ffd2ecb66a9b,1009,7,.csv,governance,GOVERNANCE_DETAIL,Governance/provenance detail,OK
governance/UNRESOLVED_QUESTIONS.csv,C:\BatteredAggieSyndrome\governance\UNRESOLVED_QUESTIONS.csv,95f7de0e3b79fc5cf13ebf1430c110787b12f9363c8289f7424ddd73deb27a05,6969,37,.csv,governance,GOVERNANCE_DETAIL,Governance/provenance detail,OK
governance/VENUE_TRAVEL_REST_CONTRACTS.csv,C:\BatteredAggieSyndrome\governance\VENUE_TRAVEL_REST_CONTRACTS.csv,4e19a3f632b8e1cfab252325ec5da908cde0baa10a8c0fd3dc76720c5836c72d,789,8,.csv,governance,GOVERNANCE_DETAIL,Governance/provenance detail,OK
governance/W01_VALIDATION_REPORT.md,C:\BatteredAggieSyndrome\governance\W01_VALIDATION_REPORT.md,e6036d0e40f917b1d0b2ceeec198950881855102b99e3fbfbd50ca996e5329bc,832,18,.md,governance,GOVERNANCE_DETAIL,Governance/provenance detail,OK
governance/W02_ADAPTIVE_REVIEW.md,C:\BatteredAggieSyndrome\governance\W02_ADAPTIVE_REVIEW.md,e22f2bef9830f6d07b15d151ee72292d1e66d2dd3ca804f1f51a9b839621b4b0,1651,12,.md,governance,GOVERNANCE_DETAIL,Governance/provenance detail,OK
governance/W02_VALIDATION_REPORT.md,C:\BatteredAggieSyndrome\governance\W02_VALIDATION_REPORT.md,75ade198593a40f3002ae47a6781563c5261ad649240b364ebbe20c399570e5c,2545,48,.md,governance,GOVERNANCE_DETAIL,Governance/provenance detail,OK
governance/W03_ADAPTIVE_REVIEW.md,C:\BatteredAggieSyndrome\governance\W03_ADAPTIVE_REVIEW.md,14d4a91a9cb551d4f2c3172d68e9538bf04e4e68b1c1763287cd9a973e859272,2981,20,.md,governance,GOVERNANCE_DETAIL,Governance/provenance detail,OK
governance/W03_VALIDATION_REPORT.md,C:\BatteredAggieSyndrome\governance\W03_VALIDATION_REPORT.md,ba9542feabff94ee84a0f104b8ca5efa4ec8e832ef491e9a01d69ef6ab1afb44,4853,84,.md,governance,GOVERNANCE_DETAIL,Governance/provenance detail,OK
governance/W04_ADAPTIVE_REVIEW.md,C:\BatteredAggieSyndrome\governance\W04_ADAPTIVE_REVIEW.md,4aa43ae85071f9b523e5628e12b8ac1112a65577fc95e229c12f4267fa8bf7da,1616,17,.md,governance,GOVERNANCE_DETAIL,Governance/provenance detail,OK
governance/W04_VALIDATION_REPORT.md,C:\BatteredAggieSyndrome\governance\W04_VALIDATION_REPORT.md,e0ece7524b5f6750d2a69c7c9f67e4f5a0d19bb6d0aa70dad692bc0f65fab2ed,3864,70,.md,governance,GOVERNANCE_DETAIL,Governance/provenance detail,OK
governance/W05_ADAPTIVE_REVIEW.md,C:\BatteredAggieSyndrome\governance\W05_ADAPTIVE_REVIEW.md,62ec99dd59f1d5da8b2a8e35a69211cb4ac910ce54b3aa4321048ff8f67600be,1726,17,.md,governance,GOVERNANCE_DETAIL,Governance/provenance detail,OK
governance/W05_VALIDATION_REPORT.md,C:\BatteredAggieSyndrome\governance\W05_VALIDATION_REPORT.md,0f53012f4c55f49bdb02a3d7047dd98e3b602701916fcd992b9420c17961ce2b,4298,77,.md,governance,GOVERNANCE_DETAIL,Governance/provenance detail,OK
governance/W06_ADAPTIVE_REVIEW.md,C:\BatteredAggieSyndrome\governance\W06_ADAPTIVE_REVIEW.md,44292c9aa44841de362d805cdbedf024fdd11caa1e44526e772fc44c49cdfdae,996,17,.md,governance,GOVERNANCE_DETAIL,Governance/provenance detail,OK
governance/W06_VALIDATION_REPORT.md,C:\BatteredAggieSyndrome\governance\W06_VALIDATION_REPORT.md,c26e603b106e42af6d81e30f3b4960a6c2cf8d705d9c6375f0403dd3afab5da6,2865,59,.md,governance,GOVERNANCE_DETAIL,Governance/provenance detail,OK
governance/W07_ADAPTIVE_REVIEW.md,C:\BatteredAggieSyndrome\governance\W07_ADAPTIVE_REVIEW.md,a0a44ee8af5f4fd1bafe9506b2208d3c8f59dcd1c72a3ae0b02dd921bad182cd,1565,30,.md,governance,GOVERNANCE_DETAIL,Governance/provenance detail,OK
governance/W07_VALIDATION_REPORT.md,C:\BatteredAggieSyndrome\governance\W07_VALIDATION_REPORT.md,4d6c3487646cc7526e751cfa4fa9c7d13ff84fae3829efa92a9efc91d6b13a95,2737,68,.md,governance,GOVERNANCE_DETAIL,Governance/provenance detail,OK
governance/W08_ADAPTIVE_REVIEW.md,C:\BatteredAggieSyndrome\governance\W08_ADAPTIVE_REVIEW.md,9a0d5d09b97ee4e85e0786f7999344087336d43913864441b9ac4c5eac0e8928,983,14,.md,governance,GOVERNANCE_DETAIL,Governance/provenance detail,OK
governance/W08_VALIDATION_REPORT.md,C:\BatteredAggieSyndrome\governance\W08_VALIDATION_REPORT.md,fd2a5ca94b91b4446d2127600af95f53c7fab4b250ca90edd9616b52d4de3322,2798,76,.md,governance,GOVERNANCE_DETAIL,Governance/provenance detail,OK
governance/W09_ADAPTIVE_REVIEW.md,C:\BatteredAggieSyndrome\governance\W09_ADAPTIVE_REVIEW.md,6da79c6a9d48b8dfc3d19feefd72729e68fdee42c2b56ca94045d8fd74195aa2,702,13,.md,governance,GOVERNANCE_DETAIL,Governance/provenance detail,OK
governance/W09_VALIDATION_REPORT.md,C:\BatteredAggieSyndrome\governance\W09_VALIDATION_REPORT.md,1343a5671552d4dcbd2469e49480979187d32c78931adeede2a59adce1a6dce3,1809,48,.md,governance,GOVERNANCE_DETAIL,Governance/provenance detail,OK
governance/W10_ADAPTIVE_REVIEW.md,C:\BatteredAggieSyndrome\governance\W10_ADAPTIVE_REVIEW.md,11cebfe7f984a54bf02220ae006b2a5a94dc75f03147493d2a137203a48551f8,1141,17,.md,governance,GOVERNANCE_DETAIL,Governance/provenance detail,OK
governance/W10_VALIDATION_REPORT.md,C:\BatteredAggieSyndrome\governance\W10_VALIDATION_REPORT.md,407f72a2a968ce1ae4d2be501c1cbf6fd9c2278a99dd2c776f1f23f3b5726423,1709,48,.md,governance,GOVERNANCE_DETAIL,Governance/provenance detail,OK
governance/W11_ADAPTIVE_REVIEW.md,C:\BatteredAggieSyndrome\governance\W11_ADAPTIVE_REVIEW.md,1ebd74fa5c2e8c36583df706791f955de0385bc27b4053e3b32e62773a7a7106,1266,14,.md,governance,GOVERNANCE_DETAIL,Governance/provenance detail,OK
governance/W11_VALIDATION_REPORT.md,C:\BatteredAggieSyndrome\governance\W11_VALIDATION_REPORT.md,e89d6da7cbcb421af1bbd69ec8eb517f512a2cb43b0a915eb93151132df9dba4,1963,43,.md,governance,GOVERNANCE_DETAIL,Governance/provenance detail,OK
governance/W12_ADAPTIVE_REVIEW.md,C:\BatteredAggieSyndrome\governance\W12_ADAPTIVE_REVIEW.md,3665eb9156192324a3d740da589848bb973c32dc02295691b38cfd35510d6083,1618,14,.md,governance,GOVERNANCE_DETAIL,Governance/provenance detail,OK
governance/W12_VALIDATION_REPORT.md,C:\BatteredAggieSyndrome\governance\W12_VALIDATION_REPORT.md,f2b91af1ee55b593bd75cef5b9547d57179cfbf10b0bd7070dd7881b54785c59,2211,56,.md,governance,GOVERNANCE_DETAIL,Governance/provenance detail,OK
governance/W13_ADAPTIVE_REVIEW.md,C:\BatteredAggieSyndrome\governance\W13_ADAPTIVE_REVIEW.md,d32eb157a954ea26b2a161996aaf2b6e52534fc99a298ce6b3c909917051a3d1,1561,23,.md,governance,GOVERNANCE_DETAIL,Governance/provenance detail,OK
governance/W13_VALIDATION_REPORT.md,C:\BatteredAggieSyndrome\governance\W13_VALIDATION_REPORT.md,dd32edf308ba4622b58fc1127c2bfcb6066181bbf6f0a4a655395e6de00619b2,2293,59,.md,governance,GOVERNANCE_DETAIL,Governance/provenance detail,OK
governance/W15_ADAPTIVE_REVIEW.md,C:\BatteredAggieSyndrome\governance\W15_ADAPTIVE_REVIEW.md,fdd850d63caf115db6d45a88a40f2ccdc1672fe307f5cab7b7aa86714302c4b7,1081,13,.md,governance,GOVERNANCE_DETAIL,Governance/provenance detail,OK
governance/W15_VALIDATION_REPORT.md,C:\BatteredAggieSyndrome\governance\W15_VALIDATION_REPORT.md,44790a0fd37c39ebe5c86418e66d76c1807ebea18dd2f6d4c068ffff5f7212e6,1680,42,.md,governance,GOVERNANCE_DETAIL,Governance/provenance detail,OK
governance/W16_ADAPTIVE_REVIEW.md,C:\BatteredAggieSyndrome\governance\W16_ADAPTIVE_REVIEW.md,317a07f02ebd364f05f93a9efec394e09159c86007044dbdeebb6d021ca38d91,1277,16,.md,governance,GOVERNANCE_DETAIL,Governance/provenance detail,OK
governance/W16_VALIDATION_REPORT.md,C:\BatteredAggieSyndrome\governance\W16_VALIDATION_REPORT.md,d431219a70a2a23568d49bdc509fdf05108c48d1379a5a8f80d37884a0232450,2140,61,.md,governance,GOVERNANCE_DETAIL,Governance/provenance detail,OK
governance/W17_ADAPTIVE_REVIEW.md,C:\BatteredAggieSyndrome\governance\W17_ADAPTIVE_REVIEW.md,4c9e0b95cf598a4ce9d8d2a2bd4ec7763bec1ce377a74d89ada37e53fe544d95,1180,28,.md,governance,GOVERNANCE_DETAIL,Governance/provenance detail,OK
governance/W17_VALIDATION_REPORT.md,C:\BatteredAggieSyndrome\governance\W17_VALIDATION_REPORT.md,47955dc32e8f7714568bb7276d8aeb20db2aa7c9e20c9f64982996c4fe67b3b0,1374,37,.md,governance,GOVERNANCE_DETAIL,Governance/provenance detail,OK
governance/W18_ADAPTIVE_REVIEW.md,C:\BatteredAggieSyndrome\governance\W18_ADAPTIVE_REVIEW.md,ce7d6edd31aa7d78e73c1d0ba4cc7a3ebf531c318042e63ae3437b8e66d0bc18,1200,26,.md,governance,GOVERNANCE_DETAIL,Governance/provenance detail,OK
governance/W18_CORRECTION_AUDIT.md,C:\BatteredAggieSyndrome\governance\W18_CORRECTION_AUDIT.md,22ba11be76278277bc7633a5a1a6deefd862eb3639f286752ae6395b5fd95b95,4635,136,.md,governance,GOVERNANCE_DETAIL,Governance/provenance detail,OK
governance/W18_FULL_REQUIREMENT_TO_ARTIFACT_MATRIX.csv,C:\BatteredAggieSyndrome\governance\W18_FULL_REQUIREMENT_TO_ARTIFACT_MATRIX.csv,374d29dde50c609af92dcec84bb2c588f0ddc4b0c6433656dc374af316a650dd,49587,99,.csv,governance,GOVERNANCE_DETAIL,Governance/provenance detail,OK
governance/W18_MASTER_REQUIREMENT_COVERAGE.csv,C:\BatteredAggieSyndrome\governance\W18_MASTER_REQUIREMENT_COVERAGE.csv,1c1da9e00b6096dd7e67493617d189b6e32252a02c19332aa2490ff8d5edcd73,2954,14,.csv,governance,GOVERNANCE_DETAIL,Governance/provenance detail,OK
governance/W18_NEW_FILE_INVENTORY.csv,C:\BatteredAggieSyndrome\governance\W18_NEW_FILE_INVENTORY.csv,d2897e8b1a55e5db877095ef0fdedb968ca32f259b440dbb0866b9504d0c063c,26961,200,.csv,governance,GOVERNANCE_DETAIL,Governance/provenance detail,OK
governance/W18_SUBSYSTEM_COMPLETENESS.csv,C:\BatteredAggieSyndrome\governance\W18_SUBSYSTEM_COMPLETENESS.csv,62a1013f66dde57a01ec995122137e2afa0f8dcabd45857762e8d034abadb1ed,2649,17,.csv,governance,GOVERNANCE_DETAIL,Governance/provenance detail,OK
governance/W18_TASK_TO_TEST_MATRIX.csv,C:\BatteredAggieSyndrome\governance\W18_TASK_TO_TEST_MATRIX.csv,3c6253f9129fff271b6ea24ab8881f8607c21633d5216b81f575ef143430d151,3226,8,.csv,governance,GOVERNANCE_DETAIL,Governance/provenance detail,OK
governance/W18_VALIDATION_REPORT.md,C:\BatteredAggieSyndrome\governance\W18_VALIDATION_REPORT.md,50cb3da5cc218583bf3a63b6861ba09e594dd69ab961638c25c638756e5861a3,3679,73,.md,governance,GOVERNANCE_DETAIL,Governance/provenance detail,OK
governance/W18_W17_PARENT_PRESERVATION.csv,C:\BatteredAggieSyndrome\governance\W18_W17_PARENT_PRESERVATION.csv,106e39c6a7130ad93206eb1faab5786f5b7fee29a8f2c078eb4257d4a827c2cd,99312,522,.csv,governance,GOVERNANCE_DETAIL,Governance/provenance detail,OK
governance/W19_ADAPTIVE_REVIEW.md,C:\BatteredAggieSyndrome\governance\W19_ADAPTIVE_REVIEW.md,ba669ae33a64305aca255b975bbc2c36ed0ff56d2cdaf87fe8b3092d809d9946,744,8,.md,governance,GOVERNANCE_DETAIL,Governance/provenance detail,OK
governance/W19_VALIDATION_REPORT.md,C:\BatteredAggieSyndrome\governance\W19_VALIDATION_REPORT.md,52c3ff76ea364e6c5a9f8d9e90abb4e719f10e2a7badd4c3f9869850a3c6c194,424,9,.md,governance,GOVERNANCE_DETAIL,Governance/provenance detail,OK
governance/W20_ADAPTIVE_REVIEW.md,C:\BatteredAggieSyndrome\governance\W20_ADAPTIVE_REVIEW.md,07d5929f871645e715a8e0a69a7dba202c718451844a73bccd52300658826257,1329,18,.md,governance,GOVERNANCE_DETAIL,Governance/provenance detail,OK
governance/W20_VALIDATION_REPORT.md,C:\BatteredAggieSyndrome\governance\W20_VALIDATION_REPORT.md,dc9366679a2f1c3941ff0a66e30fd362a3c4d0733995194daae4086c4a3ed07a,1233,29,.md,governance,GOVERNANCE_DETAIL,Governance/provenance detail,OK
governance/W21_ADAPTIVE_REVIEW.md,C:\BatteredAggieSyndrome\governance\W21_ADAPTIVE_REVIEW.md,102f99ddc69ccf42a1754311a806dedc444e403d2f46b532f689ed750c9e6257,1098,16,.md,governance,GOVERNANCE_DETAIL,Governance/provenance detail,OK
governance/W21_VALIDATION_REPORT.md,C:\BatteredAggieSyndrome\governance\W21_VALIDATION_REPORT.md,06dac2a1ed9a9c2443dd7fcdc39b5667d566f32603ea1dd67f8bcd091042870e,1254,24,.md,governance,GOVERNANCE_DETAIL,Governance/provenance detail,OK
governance/W22_ADAPTIVE_REVIEW.md,C:\BatteredAggieSyndrome\governance\W22_ADAPTIVE_REVIEW.md,8324225f4b982ceca0653ad5525b7fecc011cd6528c7ddd78afc9741d52e67ac,1376,20,.md,governance,GOVERNANCE_DETAIL,Governance/provenance detail,OK
governance/W22_VALIDATION_REPORT.md,C:\BatteredAggieSyndrome\governance\W22_VALIDATION_REPORT.md,7ca0ee970c5f934aad13618a80fa97970741d0c44634490d779aa45221262223,2520,35,.md,governance,GOVERNANCE_DETAIL,Governance/provenance detail,OK
governance/W23_ADAPTIVE_REVIEW.md,C:\BatteredAggieSyndrome\governance\W23_ADAPTIVE_REVIEW.md,86cf685d272c8ed4eabb943a0760dd8dedd7d6ba61e19b36ca6a5942437c2698,1238,13,.md,governance,GOVERNANCE_DETAIL,Governance/provenance detail,OK
governance/W23_BUILD_RUNTIME_MANIFEST.json,C:\BatteredAggieSyndrome\governance\W23_BUILD_RUNTIME_MANIFEST.json,c1ba5617f2602e6fbb3fe95b521ac55f521a3ca4864738403928b5c92df6366b,14248,527,.json,governance,GOVERNANCE_DETAIL,Governance/provenance detail,OK
governance/W23_NON_TARGET_BENCHMARK_SMOKE.json,C:\BatteredAggieSyndrome\governance\W23_NON_TARGET_BENCHMARK_SMOKE.json,14f3dad7b0612663cc9919550e6311d774f90fc7d863f40fdff4dd2f797fd2b7,1211,39,.json,governance,GOVERNANCE_DETAIL,Governance/provenance detail,OK
governance/W23_VALIDATION_REPORT.md,C:\BatteredAggieSyndrome\governance\W23_VALIDATION_REPORT.md,cfabee0afb9b6d3c313530fb60ace2b1e0d49df968a04eb6f2c9d218c59858a1,1313,25,.md,governance,GOVERNANCE_DETAIL,Governance/provenance detail,OK
governance/W24_ADAPTIVE_REVIEW.md,C:\BatteredAggieSyndrome\governance\W24_ADAPTIVE_REVIEW.md,cadfeeed4fbfadba5a80c673a23493dfc9a74978522612c8ab6968c28dbbe000,2007,32,.md,governance,LATE_READINESS,Late-wave readiness or finalization evidence,OK
governance/W24_BOOTSTRAP_READINESS_REPORT.json,C:\BatteredAggieSyndrome\governance\W24_BOOTSTRAP_READINESS_REPORT.json,06ea7821fcab2c982a2d846944f194e957854dcb5fe2d74d7e7aa677bd6fb6c2,411,13,.json,governance,LATE_READINESS,Late-wave readiness or finalization evidence,OK
governance/W24_LEAKAGE_BATTERY_REPORT.json,C:\BatteredAggieSyndrome\governance\W24_LEAKAGE_BATTERY_REPORT.json,963e7813443eb6b0a64f6a60554aa52a4fbb9958fb2c812b30b0380296ef4812,782,34,.json,governance,LATE_READINESS,Late-wave readiness or finalization evidence,OK
governance/W24_PARENT_PRESERVATION_SUMMARY.json,C:\BatteredAggieSyndrome\governance\W24_PARENT_PRESERVATION_SUMMARY.json,be5f58a9f8fd1022389a3068a6e2509fe25f0e707f4b9deb8be62c01fc4b567b,492,10,.json,governance,LATE_READINESS,Late-wave readiness or finalization evidence,OK
governance/W24_REPLAY_READINESS_REPORT.json,C:\BatteredAggieSyndrome\governance\W24_REPLAY_READINESS_REPORT.json,61892a9daf4298152fa54ff58a6d56524506357bf05efe1108a023299f3af134,714,21,.json,governance,LATE_READINESS,Late-wave readiness or finalization evidence,OK
governance/W24_SYNTHETIC_E2E_REPORT.json,C:\BatteredAggieSyndrome\governance\W24_SYNTHETIC_E2E_REPORT.json,2d6e392afc74fed41b0d162ddd1b1ddc659a3c803b6252e22263771a5070e461,1267,37,.json,governance,LATE_READINESS,Late-wave readiness or finalization evidence,OK
governance/W24_VALIDATION_REPORT.md,C:\BatteredAggieSyndrome\governance\W24_VALIDATION_REPORT.md,81b2470f1a4b85b1df29f5c7d026b9dd420c0435ff164446de426fc8b51b64da,2015,32,.md,governance,LATE_READINESS,Late-wave readiness or finalization evidence,OK
governance/W24_W23_PARENT_PRESERVATION.csv,C:\BatteredAggieSyndrome\governance\W24_W23_PARENT_PRESERVATION.csv,c8e0d010ff283453236f7951f21a3515aa8f46a5abc15bc0fd7d3d10f2cef00d,155466,823,.csv,governance,LATE_READINESS,Late-wave readiness or finalization evidence,OK
governance/W25_ADAPTIVE_REVIEW.md,C:\BatteredAggieSyndrome\governance\W25_ADAPTIVE_REVIEW.md,24332d22aa9912ae6b82c324e084629be4a92b4ab3587412f9d7f1ab39db7cd2,1429,25,.md,governance,LATE_READINESS,Late-wave readiness or finalization evidence,OK
governance/W25_FINAL_GOVERNANCE_AUDIT.json,C:\BatteredAggieSyndrome\governance\W25_FINAL_GOVERNANCE_AUDIT.json,703901379c69998dc82b0f5c48c0ae558ac272281841102ca9cab3b1c9442046,1723,58,.json,governance,LATE_READINESS,Late-wave readiness or finalization evidence,OK
governance/W25_FINAL_TECHNICAL_AUDIT.json,C:\BatteredAggieSyndrome\governance\W25_FINAL_TECHNICAL_AUDIT.json,f8cc4e8a71298d3a5be23dead71071e74b53b27746aba44e43bb4c19c7c69da7,1507,34,.json,governance,LATE_READINESS,Late-wave readiness or finalization evidence,OK
governance/W25_VALIDATION_REPORT.md,C:\BatteredAggieSyndrome\governance\W25_VALIDATION_REPORT.md,fda2c27c455237306f155195601509418047cef354951a469cb497f0b24de187,2900,82,.md,governance,LATE_READINESS,Late-wave readiness or finalization evidence,OK
governance/W25_W24_PARENT_PRESERVATION.csv,C:\BatteredAggieSyndrome\governance\W25_W24_PARENT_PRESERVATION.csv,7f461da0d63db8f3c756c8b9e9272981053ad006a9ffb131301319cd39be8484,159792,845,.csv,governance,LATE_READINESS,Late-wave readiness or finalization evidence,OK
governance/WAVE_LEDGER.md,C:\BatteredAggieSyndrome\governance\WAVE_LEDGER.md,000de05d4f03a6536e91edee90ada31ab294905d6dbbb71f526b7aa633fb68fb,13404,202,.md,governance,GOVERNANCE_DETAIL,Governance/provenance detail,OK
governance/WAVE_PLAN.md,C:\BatteredAggieSyndrome\governance\WAVE_PLAN.md,21ebbaf062b7dc1fafc70e227d9bec901ca6e9686f9b787adfacaf8ca08dc3d6,12785,185,.md,governance,GOVERNANCE_DETAIL,Governance/provenance detail,OK
governance/WAVE_PLAN_REVISIONS.md,C:\BatteredAggieSyndrome\governance\WAVE_PLAN_REVISIONS.md,66d45015b4dcf70bcdb6e8862113a36944edf2414345daefa0147b01eee3f076,11886,180,.md,governance,GOVERNANCE_DETAIL,Governance/provenance detail,OK
governance/WEATHER_CONTEXT_CONTRACTS.csv,C:\BatteredAggieSyndrome\governance\WEATHER_CONTEXT_CONTRACTS.csv,7e5658ecab8ca78d1e020c53b9f3a242ede610315e96cca183f4bac211fe9f49,443,4,.csv,governance,GOVERNANCE_DETAIL,Governance/provenance detail,OK
governance/WORKTREE_EXECUTION_POLICY.csv,C:\BatteredAggieSyndrome\governance\WORKTREE_EXECUTION_POLICY.csv,3cd90deac880a56fb5d002ad6c99be0c6b9b4a493095aca1185f1c71bbbd2009,517,7,.csv,governance,GOVERNANCE_DETAIL,Governance/provenance detail,OK
governance/WORKTREE_LOCK_CATALOG.csv,C:\BatteredAggieSyndrome\governance\WORKTREE_LOCK_CATALOG.csv,41674ce777e9c203423b14b7ad787a23ab09326d05fa0faf1575e828fc9ef6a6,755,10,.csv,governance,GOVERNANCE_DETAIL,Governance/provenance detail,OK
provenance/CURRENT_TREE.txt,C:\BatteredAggieSyndrome\provenance\CURRENT_TREE.txt,1863faecb3687c979144f5f93f373e9c3b2c9ca99d2113145bbcada89eeee739,33859,862,.txt,provenance,HISTORICAL_PROVENANCE,Historical file/change/hash provenance,OK
provenance/INPUT_ARTIFACTS.csv,C:\BatteredAggieSyndrome\provenance\INPUT_ARTIFACTS.csv,f93ecd9c38c5cebca0855f2e57f0d3e5437ba3b23715949669c6658d1502ac41,828,4,.csv,provenance,HISTORICAL_PROVENANCE,Historical file/change/hash provenance,OK
provenance/MANIFEST_POLICY.md,C:\BatteredAggieSyndrome\provenance\MANIFEST_POLICY.md,6ccf5b7a51185dc09140ee7b917af0344a2be5a1b34d6e592018206d37da1dce,824,13,.md,provenance,HISTORICAL_PROVENANCE,Historical file/change/hash provenance,OK
provenance/PROJECT_FILE_HASHES.sha256,C:\BatteredAggieSyndrome\provenance\PROJECT_FILE_HASHES.sha256,b03830292c09336e8eae96cc5a04518d041b13e0fb1b7587f7c7debb96e2f687,90638,861,.sha256,provenance,HISTORICAL_PROVENANCE,Historical file/change/hash provenance,OK
provenance/PROJECT_FILE_MANIFEST.csv,C:\BatteredAggieSyndrome\provenance\PROJECT_FILE_MANIFEST.csv,08a2f3bfc616df75744069baf5d598fa1615f3a27600924fa48b6f15aabcb00d,93876,862,.csv,provenance,HISTORICAL_PROVENANCE,Historical file/change/hash provenance,OK
provenance/RECONNAISSANCE_FILE_INDEX.csv,C:\BatteredAggieSyndrome\provenance\RECONNAISSANCE_FILE_INDEX.csv,9db10f8fc1ee2c55c8334f7949197925717d1784cd28469da73e4281855ee95f,28691,220,.csv,provenance,HISTORICAL_PROVENANCE,Historical file/change/hash provenance,OK
provenance/RECON_REQUIRED_READING_STATUS.csv,C:\BatteredAggieSyndrome\provenance\RECON_REQUIRED_READING_STATUS.csv,3ced155176b08607d4d69b0955a61e0c36c440c637da42d32e717dd15d750275,9460,43,.csv,provenance,HISTORICAL_PROVENANCE,Historical file/change/hash provenance,OK
provenance/SOURCE_CHAT_LOG_INDEX.csv,C:\BatteredAggieSyndrome\provenance\SOURCE_CHAT_LOG_INDEX.csv,00cc255ee5edde8999cabf0855ac743ce8f5a418857f8b0ff1deac8dd2e4d7a4,6631,21,.csv,provenance,HISTORICAL_PROVENANCE,Historical file/change/hash provenance,OK
provenance/W02_FILE_CHANGE_SUMMARY.csv,C:\BatteredAggieSyndrome\provenance\W02_FILE_CHANGE_SUMMARY.csv,02b5c46849bf26623d7a7fa1784a7e405c09a60fc1e61435695c3e1f0f393299,18371,69,.csv,provenance,HISTORICAL_PROVENANCE,Historical file/change/hash provenance,OK
provenance/W02_INPUT_ARTIFACTS.csv,C:\BatteredAggieSyndrome\provenance\W02_INPUT_ARTIFACTS.csv,355c3319a02386c5bdf2f3b54c3444f8fc191f47d57ca9182602b3560330d6e0,871,5,.csv,provenance,HISTORICAL_PROVENANCE,Historical file/change/hash provenance,OK
provenance/W03_FILE_CHANGE_SUMMARY.csv,C:\BatteredAggieSyndrome\provenance\W03_FILE_CHANGE_SUMMARY.csv,a0868a9e4c341615d627e758462ac6b1feba07d0b96e3d699f89202e525fcd93,19225,120,.csv,provenance,HISTORICAL_PROVENANCE,Historical file/change/hash provenance,OK
provenance/W03_INPUT_ARTIFACTS.csv,C:\BatteredAggieSyndrome\provenance\W03_INPUT_ARTIFACTS.csv,0f661e31fc51723d03862061a7c645b061b462b514aebf81037b9114326649b8,935,5,.csv,provenance,HISTORICAL_PROVENANCE,Historical file/change/hash provenance,OK
provenance/W04_FILE_CHANGE_SUMMARY.csv,C:\BatteredAggieSyndrome\provenance\W04_FILE_CHANGE_SUMMARY.csv,f42e1b16abca05e1e87e0ebd456931326d6fca30e733c9db0e610452eddca0ef,23793,137,.csv,provenance,HISTORICAL_PROVENANCE,Historical file/change/hash provenance,OK
provenance/W04_INPUT_ARTIFACTS.csv,C:\BatteredAggieSyndrome\provenance\W04_INPUT_ARTIFACTS.csv,5e563e471bc63909c401b95f2099525f5257c00475e7941fff291cfe419160dc,935,5,.csv,provenance,HISTORICAL_PROVENANCE,Historical file/change/hash provenance,OK
provenance/W05_FILE_CHANGE_SUMMARY.csv,C:\BatteredAggieSyndrome\provenance\W05_FILE_CHANGE_SUMMARY.csv,6d1db2843223821286094801da5d9542b4744e92083ef85b45d323d2aa1cdcab,27849,160,.csv,provenance,HISTORICAL_PROVENANCE,Historical file/change/hash provenance,OK
provenance/W05_INPUT_ARTIFACTS.csv,C:\BatteredAggieSyndrome\provenance\W05_INPUT_ARTIFACTS.csv,339c840503c25db5e7610825d495c817eb8e9f016c39aa2e28538f28e31a54d9,946,5,.csv,provenance,HISTORICAL_PROVENANCE,Historical file/change/hash provenance,OK
provenance/W06_FILE_CHANGE_SUMMARY.csv,C:\BatteredAggieSyndrome\provenance\W06_FILE_CHANGE_SUMMARY.csv,8191ee5a2603639485cb3a3507bc722642b74de369ec09a0cd4c4052d2eb2740,30567,183,.csv,provenance,HISTORICAL_PROVENANCE,Historical file/change/hash provenance,OK
provenance/W06_INPUT_ARTIFACTS.csv,C:\BatteredAggieSyndrome\provenance\W06_INPUT_ARTIFACTS.csv,73c9493ee4ebe7e2a9fd70174cb3b20812bcecfd489c971e0572f0587e1cc8c7,655,5,.csv,provenance,HISTORICAL_PROVENANCE,Historical file/change/hash provenance,OK
provenance/W07_FILE_CHANGE_SUMMARY.csv,C:\BatteredAggieSyndrome\provenance\W07_FILE_CHANGE_SUMMARY.csv,de82b419ee7a3495b5e6584f8f4845ba36669bd98cb31a47ce4a76536f6b7160,11522,76,.csv,provenance,HISTORICAL_PROVENANCE,Historical file/change/hash provenance,OK
provenance/W07_INPUT_ARTIFACTS.csv,C:\BatteredAggieSyndrome\provenance\W07_INPUT_ARTIFACTS.csv,511099b924c927f4213bd66377f700dcf10416d444d514175aa449d0c7424199,820,5,.csv,provenance,HISTORICAL_PROVENANCE,Historical file/change/hash provenance,OK
provenance/W08_FILE_CHANGES.csv,C:\BatteredAggieSyndrome\provenance\W08_FILE_CHANGES.csv,5cf89a41a62406dd3380e61bcca45f5a115aab51b17c59f7c649c0215babf5e4,8151,86,.csv,provenance,HISTORICAL_PROVENANCE,Historical file/change/hash provenance,OK
provenance/W08_INPUT_ARTIFACTS.csv,C:\BatteredAggieSyndrome\provenance\W08_INPUT_ARTIFACTS.csv,306ccb6591fe1b7aa458c3b4c541327c5beda9a6c4d9add7f800d9ad6941cd02,770,5,.csv,provenance,HISTORICAL_PROVENANCE,Historical file/change/hash provenance,OK
provenance/W09_FILE_CHANGE_SUMMARY.csv,C:\BatteredAggieSyndrome\provenance\W09_FILE_CHANGE_SUMMARY.csv,100e699402399da84e6f43cfa6a9aefe54ddfc505cd604322b9f4a8d625b268a,12398,266,.csv,provenance,HISTORICAL_PROVENANCE,Historical file/change/hash provenance,OK
provenance/W09_INPUT_ARTIFACTS.csv,C:\BatteredAggieSyndrome\provenance\W09_INPUT_ARTIFACTS.csv,aca24190ac60123fa370f9a9abbfa70eaf4179b75dde02dca9ec36d11e8ae604,776,5,.csv,provenance,HISTORICAL_PROVENANCE,Historical file/change/hash provenance,OK
provenance/W09_SOURCE_CLASSIFICATION_HASHES.csv,C:\BatteredAggieSyndrome\provenance\W09_SOURCE_CLASSIFICATION_HASHES.csv,5db2487235dd04fba67b92c9a4e1ee124eacf1d8ab457713b13c7ef2994990b4,1407,8,.csv,provenance,HISTORICAL_PROVENANCE,Historical file/change/hash provenance,OK
provenance/W11_FILE_CHANGES.csv,C:\BatteredAggieSyndrome\provenance\W11_FILE_CHANGES.csv,d6f8c917187cb5d9ee1a84f0365b21476cab4516726236b0a4497bb6ab658392,52520,310,.csv,provenance,HISTORICAL_PROVENANCE,Historical file/change/hash provenance,OK
provenance/W11_INPUT_ARTIFACTS.csv,C:\BatteredAggieSyndrome\provenance\W11_INPUT_ARTIFACTS.csv,01330b88501d7b3a6bef4cea008154eab34a5e7d65b11020ab84c40ac6b1c74b,799,5,.csv,provenance,HISTORICAL_PROVENANCE,Historical file/change/hash provenance,OK
provenance/W12_FILE_CHANGES.csv,C:\BatteredAggieSyndrome\provenance\W12_FILE_CHANGES.csv,902eb5549f99a6fa3bced385eec8477fcea246907a912fbb33b190917758c624,13983,83,.csv,provenance,HISTORICAL_PROVENANCE,Historical file/change/hash provenance,OK
provenance/W12_INPUT_ARTIFACTS.csv,C:\BatteredAggieSyndrome\provenance\W12_INPUT_ARTIFACTS.csv,b2c565fc464033813f9ab0515a829811dee9b16b6836a77188bdab321c32ac2c,1092,5,.csv,provenance,HISTORICAL_PROVENANCE,Historical file/change/hash provenance,OK
provenance/W13_FILE_CHANGES.csv,C:\BatteredAggieSyndrome\provenance\W13_FILE_CHANGES.csv,3e220860b762985ffa504db9fe49ad24e82e72462b078402a26a51f224b027de,14771,89,.csv,provenance,HISTORICAL_PROVENANCE,Historical file/change/hash provenance,OK
provenance/W13_INPUT_ARTIFACTS.csv,C:\BatteredAggieSyndrome\provenance\W13_INPUT_ARTIFACTS.csv,9466ecdbfb4f5fb5dcb6a9fa91ae0a40b9fd16f92b495fb496fec3c2680160f0,1094,5,.csv,provenance,HISTORICAL_PROVENANCE,Historical file/change/hash provenance,OK
provenance/W14_ADAPTIVE_REVIEW.md,C:\BatteredAggieSyndrome\provenance\W14_ADAPTIVE_REVIEW.md,23a3e26af8fb291bd78b3d9a547cf3eb4a21d4a1044060f4314175aaff46818c,732,10,.md,provenance,HISTORICAL_PROVENANCE,Historical file/change/hash provenance,OK
provenance/W14_INPUT_ARTIFACTS.csv,C:\BatteredAggieSyndrome\provenance\W14_INPUT_ARTIFACTS.csv,e9dc9c0e3199011b9652ce9e69e7c832714c23ccc16e488de26bfb311669e9f9,562,3,.csv,provenance,HISTORICAL_PROVENANCE,Historical file/change/hash provenance,OK
provenance/W14_INPUT_ARTIFACTS.md,C:\BatteredAggieSyndrome\provenance\W14_INPUT_ARTIFACTS.md,eb94c28174413f92fbd82b72a890ccc73106cc9d64ec5819fd12c127a49297f7,405,5,.md,provenance,HISTORICAL_PROVENANCE,Historical file/change/hash provenance,OK
provenance/W14_VALIDATION.md,C:\BatteredAggieSyndrome\provenance\W14_VALIDATION.md,96bfab2adfb680572382e5c5e76538b87c6692cfee3e7e56a2765361d6db3245,747,19,.md,provenance,HISTORICAL_PROVENANCE,Historical file/change/hash provenance,OK
provenance/W15_FILE_CHANGES.csv,C:\BatteredAggieSyndrome\provenance\W15_FILE_CHANGES.csv,45f3fe9f259af57b2ac5e7879af9c23f0b6b8a7428abce3db01969c976e8f983,11490,68,.csv,provenance,HISTORICAL_PROVENANCE,Historical file/change/hash provenance,OK
provenance/W15_INPUT_ARTIFACTS.csv,C:\BatteredAggieSyndrome\provenance\W15_INPUT_ARTIFACTS.csv,04dc07e5165f999862402e641d974c5d84f10c7812791100bfb5b80c2eb0081c,791,4,.csv,provenance,HISTORICAL_PROVENANCE,Historical file/change/hash provenance,OK
provenance/W16_FILE_CHANGES.csv,C:\BatteredAggieSyndrome\provenance\W16_FILE_CHANGES.csv,ba9b5dda7f4700061d016a40d0e52eacd64e0617607452254b2dfb36f8fdacd0,12628,76,.csv,provenance,HISTORICAL_PROVENANCE,Historical file/change/hash provenance,OK
provenance/W16_INPUT_ARTIFACTS.csv,C:\BatteredAggieSyndrome\provenance\W16_INPUT_ARTIFACTS.csv,f2037c7b7a1d3e895eebf2076c385d708ec4ca3a48b468ca2b13213bc62aecd0,1029,5,.csv,provenance,HISTORICAL_PROVENANCE,Historical file/change/hash provenance,OK
provenance/W17_FILE_CHANGES.csv,C:\BatteredAggieSyndrome\provenance\W17_FILE_CHANGES.csv,ca9e0f1191f42b8021f5c6fe9da894cc24ad7e16b25d6d6748466fdcff308483,91857,521,.csv,provenance,HISTORICAL_PROVENANCE,Historical file/change/hash provenance,OK
provenance/W17_INPUT_ARTIFACTS.csv,C:\BatteredAggieSyndrome\provenance\W17_INPUT_ARTIFACTS.csv,3eef2e9bc5b230d8760ca03e3811bc2878174b8b77e5ee806c87821d7b0252b8,668,5,.csv,provenance,HISTORICAL_PROVENANCE,Historical file/change/hash provenance,OK
provenance/W18_FILE_CHANGES.csv,C:\BatteredAggieSyndrome\provenance\W18_FILE_CHANGES.csv,9d52474e1f299b76fd5c306bf195c6b20ea64379de201df1a7d71b417a7d49bf,122550,722,.csv,provenance,HISTORICAL_PROVENANCE,Historical file/change/hash provenance,OK
provenance/W18_INPUT_ARTIFACTS.csv,C:\BatteredAggieSyndrome\provenance\W18_INPUT_ARTIFACTS.csv,138fcb477f54c5040ea6343fe9db902fabd50ab8c0a9413389246d31b7635516,1436,9,.csv,provenance,HISTORICAL_PROVENANCE,Historical file/change/hash provenance,OK
provenance/W22_INPUT_ARTIFACTS.csv,C:\BatteredAggieSyndrome\provenance\W22_INPUT_ARTIFACTS.csv,c892ddd357a6f0e0351562621fc443b7b82ec8e98693850274ceaf7db705f9b1,884,5,.csv,provenance,HISTORICAL_PROVENANCE,Historical file/change/hash provenance,OK
pyproject.toml,C:\BatteredAggieSyndrome\pyproject.toml,26f61d495e36255f209e26defb93e62aadaf857ebea87f26f5b592784d245de7,558,20,.toml,pyproject.toml,SUPPORTING,Supporting repository artifact,OK
requirements/product.lock,C:\BatteredAggieSyndrome\requirements\product.lock,1619ed68a86ff3327df5244684eac1b847a83f52e4d79423a8a80736e8c62016,354,15,.lock,requirements,SUPPORTING,Supporting repository artifact,OK
schemas/bas/bas_label.json,C:\BatteredAggieSyndrome\schemas\bas\bas_label.json,973c60d831bb91229c5d17fe42a6371b0bb8fae05df5bbc46e520695897b7152,1323,70,.json,schemas,SUPPORTING,Supporting repository artifact,OK
schemas/bas/component_residual.json,C:\BatteredAggieSyndrome\schemas\bas\component_residual.json,14841383d04ee527dc2d487f7ef5b40ee34f2b2048c4a7df91800e51dafd546a,884,44,.json,schemas,SUPPORTING,Supporting repository artifact,OK
schemas/bas/expected_margin_evidence.json,C:\BatteredAggieSyndrome\schemas\bas\expected_margin_evidence.json,0981890edf4dbd09cbe923a2ab8b53d0542ba274fd55fafba21682e8cd43fdfe,1310,63,.json,schemas,SUPPORTING,Supporting repository artifact,OK
schemas/canonical/entities.json,C:\BatteredAggieSyndrome\schemas\canonical\entities.json,fd1585a329ffeed3a7774aca8068c8bf6d52ca8018e0d95359842ec2cd0dc69e,657,33,.json,schemas,SUPPORTING,Supporting repository artifact,OK
schemas/canonical/evidence_identity.json,C:\BatteredAggieSyndrome\schemas\canonical\evidence_identity.json,7ab79f4874f404031be17ecaf872c69d63dffef713f0aadee3e8d465613b66ab,1044,38,.json,schemas,SUPPORTING,Supporting repository artifact,OK
schemas/canonical/resolution_decision.json,C:\BatteredAggieSyndrome\schemas\canonical\resolution_decision.json,3226369588556f44c0fea1749ea245edc300b9af044965e891ac45d0c6329c89,837,36,.json,schemas,SUPPORTING,Supporting repository artifact,OK
schemas/canonical/source_mapping.json,C:\BatteredAggieSyndrome\schemas\canonical\source_mapping.json,c5976da7110e389705621498449dfc556b7bc3a928ef39264cf01553de4f84a2,612,26,.json,schemas,SUPPORTING,Supporting repository artifact,OK
schemas/context_intelligence/coach_role_episode.json,C:\BatteredAggieSyndrome\schemas\context_intelligence\coach_role_episode.json,8c233fc210c892b89175b9e868d4cb3f28f9fafa0c92fd8619ca53f3886950d8,1036,62,.json,schemas,SUPPORTING,Supporting repository artifact,OK
schemas/context_intelligence/game_context_snapshot.json,C:\BatteredAggieSyndrome\schemas\context_intelligence\game_context_snapshot.json,2036a15cba140b01d7a114dfeae62767d5999706e3a875972450ddf0e8cce9aa,999,60,.json,schemas,SUPPORTING,Supporting repository artifact,OK
schemas/context_intelligence/mechanics_state.json,C:\BatteredAggieSyndrome\schemas\context_intelligence\mechanics_state.json,03218ac421cee7e8d3cb37fd79f34c0a8bc029c88212c9e78bfc6bce46662344,777,49,.json,schemas,SUPPORTING,Supporting repository artifact,OK
schemas/context_intelligence/officiating_evidence.json,C:\BatteredAggieSyndrome\schemas\context_intelligence\officiating_evidence.json,e3931b1bcd2babb9212f2b7aba332f1c561ea9c1b7c6d1758e76bcdf9d0c197f,631,35,.json,schemas,SUPPORTING,Supporting repository artifact,OK
schemas/context_intelligence/regulatory_environment.json,C:\BatteredAggieSyndrome\schemas\context_intelligence\regulatory_environment.json,197bb21ce0d414364e10d424aeaedb4f9da02f9b59ecd78ff48eb4bdbd79498c,707,38,.json,schemas,SUPPORTING,Supporting repository artifact,OK
schemas/experiments/adoption_decision.json,C:\BatteredAggieSyndrome\schemas\experiments\adoption_decision.json,9332028d6922ffb6edc70423dc8fb09ebb5c412008554e2df545cf3fbee7819b,631,34,.json,schemas,SUPPORTING,Supporting repository artifact,OK
schemas/experiments/advanced_challenger_evidence.json,C:\BatteredAggieSyndrome\schemas\experiments\advanced_challenger_evidence.json,5e35e97d92f0ed055185e5d654e70c64b1f2745138905bbbfa547f25585a5e77,1399,59,.json,schemas,SUPPORTING,Supporting repository artifact,OK
schemas/experiments/artifact_manifest.json,C:\BatteredAggieSyndrome\schemas\experiments\artifact_manifest.json,4a27928a6b4beb487b36a615098dc4394181b458cd2e220a8a47720659ae3bbf,1088,53,.json,schemas,SUPPORTING,Supporting repository artifact,OK
schemas/experiments/experiment_spec.json,C:\BatteredAggieSyndrome\schemas\experiments\experiment_spec.json,8de9790a79b061bee9768a025d2b27927acb8fa7590fda5dc0a64c4e16a41b1e,1553,79,.json,schemas,SUPPORTING,Supporting repository artifact,OK
schemas/experiments/experiment_store_record.json,C:\BatteredAggieSyndrome\schemas\experiments\experiment_store_record.json,e4365431180f420d6adaab279bad0f3ed3b3a43e75451eae2c396da5e9940ae4,577,29,.json,schemas,SUPPORTING,Supporting repository artifact,OK
schemas/experiments/feature_family_candidate.json,C:\BatteredAggieSyndrome\schemas\experiments\feature_family_candidate.json,e23eb9040aa27a40b7bdf2566964b3dbc04a1c6c66fe33e898c270405d0c60f9,1144,62,.json,schemas,SUPPORTING,Supporting repository artifact,OK
schemas/experiments/feature_tournament_evidence.json,C:\BatteredAggieSyndrome\schemas\experiments\feature_tournament_evidence.json,95719990ce46132362428c983554adfa40938258468f3e85d8e52a4849644adc,1228,60,.json,schemas,SUPPORTING,Supporting repository artifact,OK
schemas/experiments/hpo_study.json,C:\BatteredAggieSyndrome\schemas\experiments\hpo_study.json,3795b623eb9be670f751fb8d66c53f7dd6b12deb650a4fe55f29998f156ef767,990,52,.json,schemas,SUPPORTING,Supporting repository artifact,OK
schemas/experiments/hypothesis_record.json,C:\BatteredAggieSyndrome\schemas\experiments\hypothesis_record.json,2d95d6017d7a327eef22b0a3eafdcf13f84beb5a558bff0cf8e68e0846bbf5ec,812,45,.json,schemas,SUPPORTING,Supporting repository artifact,OK
schemas/experiments/judging_rule_seal.json,C:\BatteredAggieSyndrome\schemas\experiments\judging_rule_seal.json,048cb109df23c3bf7eaccd2aba07efcd3d27bfbbe2976b2b51276633c42cd351,473,26,.json,schemas,SUPPORTING,Supporting repository artifact,OK
schemas/experiments/local_tracker_event.json,C:\BatteredAggieSyndrome\schemas\experiments\local_tracker_event.json,fc3b318c25b66ce605dfe3d693c60418d756b5966203732f811795e2420dcb45,418,23,.json,schemas,SUPPORTING,Supporting repository artifact,OK
schemas/experiments/metric_compatibility.json,C:\BatteredAggieSyndrome\schemas\experiments\metric_compatibility.json,4c84d486d589a0aa21917ee99eba3a8ba989156e875397ac98f5a577fdab4aa5,827,46,.json,schemas,SUPPORTING,Supporting repository artifact,OK
schemas/experiments/model_entrant.json,C:\BatteredAggieSyndrome\schemas\experiments\model_entrant.json,a3a5a67c0b7234fe09b84d41a1865deb208b31e0895d5294235fcc731f7ec24d,1095,64,.json,schemas,SUPPORTING,Supporting repository artifact,OK
schemas/experiments/model_tournament_plan.json,C:\BatteredAggieSyndrome\schemas\experiments\model_tournament_plan.json,c40fdd37e8e44e3742d5a4d05f0fe6cf2c2f6bcc46c987468dccb486163b3077,1043,58,.json,schemas,SUPPORTING,Supporting repository artifact,OK
schemas/experiments/promotion_review_packet.json,C:\BatteredAggieSyndrome\schemas\experiments\promotion_review_packet.json,c3aa223e779cd96b398e65d778393a43022cd0d1c832e6ee171a4a0c311e65f8,934,44,.json,schemas,SUPPORTING,Supporting repository artifact,OK
schemas/experiments/queue_candidate.json,C:\BatteredAggieSyndrome\schemas\experiments\queue_candidate.json,153211299923f2d6df1ed2529cb7e87acc5db1ff22b2ad012b45d75922920be5,1094,56,.json,schemas,SUPPORTING,Supporting repository artifact,OK
schemas/experiments/queue_event.json,C:\BatteredAggieSyndrome\schemas\experiments\queue_event.json,faabf4547066165defc32455f901062eea655235cfda3fdfb68bf3c040bb5c48,685,38,.json,schemas,SUPPORTING,Supporting repository artifact,OK
schemas/experiments/replay_plan_v2.json,C:\BatteredAggieSyndrome\schemas\experiments\replay_plan_v2.json,a8cb27456430acb10ed1bf799f689c95ca2618fa82539fc216b395fbcbfcf550,1337,68,.json,schemas,SUPPORTING,Supporting repository artifact,OK
schemas/experiments/replay_report.json,C:\BatteredAggieSyndrome\schemas\experiments\replay_report.json,e01578a52ce089702431a15e6c60460e0d59b08c27ee9e0f0a389ec6b3042f8b,998,54,.json,schemas,SUPPORTING,Supporting repository artifact,OK
schemas/experiments/research_failure_record.json,C:\BatteredAggieSyndrome\schemas\experiments\research_failure_record.json,42fe23920e6ff22ebf2b509f5dec0394acb0a5705592da3391de1e220e04ba71,1022,56,.json,schemas,SUPPORTING,Supporting repository artifact,OK
schemas/experiments/resource_request.json,C:\BatteredAggieSyndrome\schemas\experiments\resource_request.json,14d218579c96916518fb68f3da2f2e230fdd3beb99362611689bf9b1b762976d,954,54,.json,schemas,SUPPORTING,Supporting repository artifact,OK
schemas/experiments/result_packet.json,C:\BatteredAggieSyndrome\schemas\experiments\result_packet.json,a1f9109dacd56d7a1d3c90c18730e8eb2b565306d46863e54d123ce4c91edbce,1228,65,.json,schemas,SUPPORTING,Supporting repository artifact,OK
schemas/experiments/search_multiplicity_record.json,C:\BatteredAggieSyndrome\schemas\experiments\search_multiplicity_record.json,233d8448c887b99429bda84bccc6f1c1cb6f95cee97ca583bd1230b5ea301071,1042,54,.json,schemas,SUPPORTING,Supporting repository artifact,OK
schemas/experiments/tournament_entry.json,C:\BatteredAggieSyndrome\schemas\experiments\tournament_entry.json,9f85fbf500783eea9d02efbb347e2f09a0e2316c9267ef9640d094e9fe1a4ae4,749,41,.json,schemas,SUPPORTING,Supporting repository artifact,OK
schemas/experiments/tournament_spec.json,C:\BatteredAggieSyndrome\schemas\experiments\tournament_spec.json,eee4039526f4945de574b2f1ca970612265ab0752c9be2d6b9d147a187bdfe06,1003,57,.json,schemas,SUPPORTING,Supporting repository artifact,OK
schemas/experiments/worktree_lock.json,C:\BatteredAggieSyndrome\schemas\experiments\worktree_lock.json,9c0a92c8e338fc1f715e19abda47ff9f2613a67aae27166aacd4d5658c1e8d64,556,32,.json,schemas,SUPPORTING,Supporting repository artifact,OK
schemas/experiments/worktree_plan.json,C:\BatteredAggieSyndrome\schemas\experiments\worktree_plan.json,c14117befb7848e676053781acd9a212fc8698c122a08fdf793cabe949e16d5b,764,41,.json,schemas,SUPPORTING,Supporting repository artifact,OK
schemas/features/feature_candidate.json,C:\BatteredAggieSyndrome\schemas\features\feature_candidate.json,60936038b2a2747208cc311c4e686a0e402e15f9a96fb16add9365e1d38adbc3,998,55,.json,schemas,SUPPORTING,Supporting repository artifact,OK
schemas/features/feature_evidence.json,C:\BatteredAggieSyndrome\schemas\features\feature_evidence.json,803fd00cd453d6faf3acf885f80e44a713a98da3e3f3fc12dec51dca07c5ef7a,998,57,.json,schemas,SUPPORTING,Supporting repository artifact,OK
schemas/features/lifecycle_decision.json,C:\BatteredAggieSyndrome\schemas\features\lifecycle_decision.json,325f498080854f358c72b162256d8d45a47761a00aa9ca152c664743665ba559,751,43,.json,schemas,SUPPORTING,Supporting repository artifact,OK
schemas/features/raw_field.json,C:\BatteredAggieSyndrome\schemas\features\raw_field.json,2b8d44960f10a45dbb01152dff69825e78ca72724d7127492c37c62896dfe893,1686,76,.json,schemas,SUPPORTING,Supporting repository artifact,OK
schemas/features/schema_scan.json,C:\BatteredAggieSyndrome\schemas\features\schema_scan.json,a5e190e654b14caa2b2f7f7fdbabdff05da70490e6dc91f0c688e7fd198eb17f,939,49,.json,schemas,SUPPORTING,Supporting repository artifact,OK
schemas/forecast_snapshot_v2.schema.json,C:\BatteredAggieSyndrome\schemas\forecast_snapshot_v2.schema.json,dbbadec11dec7aa8e3073ae353cb3f930d76836c29bad7d9343b04ff1bf8076a,1739,29,.json,schemas,SUPPORTING,Supporting repository artifact,OK
schemas/models/forecast_model_output.json,C:\BatteredAggieSyndrome\schemas\models\forecast_model_output.json,41b632424151c9036d6cb51fb005a7b3123c7f5b15da3fe02887ea40c0cabb2e,869,48,.json,schemas,SUPPORTING,Supporting repository artifact,OK
schemas/models/joint_score_distribution.json,C:\BatteredAggieSyndrome\schemas\models\joint_score_distribution.json,938c5f4249092cc6660ad18e2a48ea1bee26a37c20a8e76398782aaadf12cf16,1224,62,.json,schemas,SUPPORTING,Supporting repository artifact,OK
schemas/models/model_target.json,C:\BatteredAggieSyndrome\schemas\models\model_target.json,9109304f3a5bc5e2fb51daecab7452d66d661004fd4e85b87ab700ff6c27719f,627,34,.json,schemas,SUPPORTING,Supporting repository artifact,OK
schemas/models/simulation_scenario.json,C:\BatteredAggieSyndrome\schemas\models\simulation_scenario.json,1fce17bd6afea888217ae8a8ce5c5d502849d81340df2fe2e5da12fdc092b9ea,544,31,.json,schemas,SUPPORTING,Supporting repository artifact,OK
schemas/players/availability_state.json,C:\BatteredAggieSyndrome\schemas\players\availability_state.json,a0d84d7ab7bfbbb5295fa2ca2030e05ec24dc60ea33450e5d240b11ade4c1511,1569,89,.json,schemas,SUPPORTING,Supporting repository artifact,OK
schemas/players/honor_observation.json,C:\BatteredAggieSyndrome\schemas\players\honor_observation.json,a6ca551522719dc8f9dee20d30745b0b408b2e83b026336adba5c0d438e49639,1022,60,.json,schemas,SUPPORTING,Supporting repository artifact,OK
schemas/players/player_state.json,C:\BatteredAggieSyndrome\schemas\players\player_state.json,27872ede84074e76120ad6771a21414778224db40725c38cc0fe945ce2466f0d,1626,91,.json,schemas,SUPPORTING,Supporting repository artifact,OK
schemas/players/player_value_estimate.json,C:\BatteredAggieSyndrome\schemas\players\player_value_estimate.json,5ddfe8d24adf42423d83086f3d6c90b3f31970997214af3688c9d963ea5f4d70,715,39,.json,schemas,SUPPORTING,Supporting repository artifact,OK
schemas/players/prospect_prior.json,C:\BatteredAggieSyndrome\schemas\players\prospect_prior.json,c1750ff367e36af92eaf95da137c7d341ab8765fe9099bb1bc644e58ef9a979e,831,46,.json,schemas,SUPPORTING,Supporting repository artifact,OK
schemas/players/replacement_state.json,C:\BatteredAggieSyndrome\schemas\players\replacement_state.json,f78ab70e026e2a1c7aa6f7b66c311958a7add545e12e47b2659a205bbbff5369,1089,53,.json,schemas,SUPPORTING,Supporting repository artifact,OK
schemas/players/transfer_episode.json,C:\BatteredAggieSyndrome\schemas\players\transfer_episode.json,9bfc42bce38a44bff19964dc970d8a9ca7a62f715bb28408adb5e9821db47b9b,1290,72,.json,schemas,SUPPORTING,Supporting repository artifact,OK
schemas/product_forecast_response_v1.schema.json,C:\BatteredAggieSyndrome\schemas\product_forecast_response_v1.schema.json,c25c71d5fc764465ba0fcc8295b5dad3e62e5736296fd4c8008d2a75e0cdd290,866,20,.json,schemas,SUPPORTING,Supporting repository artifact,OK
schemas/tamu/peer_analog_query.json,C:\BatteredAggieSyndrome\schemas\tamu\peer_analog_query.json,d1f9208cc1358042da5b56d02b0a1ddbea51cc107a89a8f8e29f4b96c8d5775e,567,32,.json,schemas,SUPPORTING,Supporting repository artifact,OK
schemas/tamu/snapshot_candidate.json,C:\BatteredAggieSyndrome\schemas\tamu\snapshot_candidate.json,71d171b613b635fe7487224c3b4559af12f6728b24ae3027d568b09c584b3443,514,29,.json,schemas,SUPPORTING,Supporting repository artifact,OK
schemas/tamu/specialization_signal.json,C:\BatteredAggieSyndrome\schemas\tamu\specialization_signal.json,426f215cd9627bd19817290881b83c58bc1a3cdb69c14f01f50ef9a66fca16d1,771,42,.json,schemas,SUPPORTING,Supporting repository artifact,OK
schemas/tamu/tamu_state.json,C:\BatteredAggieSyndrome\schemas\tamu\tamu_state.json,5dad084b3bc775670960adfe0a1e43a826b9399e015990f061cfedd9c41c592f,805,41,.json,schemas,SUPPORTING,Supporting repository artifact,OK
schemas/team_state/historical_weighting_candidate.json,C:\BatteredAggieSyndrome\schemas\team_state\historical_weighting_candidate.json,8031999265dadc461372d3114ed7a1bd50aaf53cb04fe001f77621a32b49b81c,627,34,.json,schemas,SUPPORTING,Supporting repository artifact,OK
schemas/team_state/opponent_strength.json,C:\BatteredAggieSyndrome\schemas\team_state\opponent_strength.json,bfe34df93c12c091d4885deba34627270b5725f5ecb72646990419fa550f4969,646,35,.json,schemas,SUPPORTING,Supporting repository artifact,OK
schemas/team_state/team_state.json,C:\BatteredAggieSyndrome\schemas\team_state\team_state.json,96b55a0111c278a5fd5e23bec5557c90b4497732b3c200b423c1be51c11c98d6,1852,96,.json,schemas,SUPPORTING,Supporting repository artifact,OK
schemas/temporal/availability_observation.json,C:\BatteredAggieSyndrome\schemas\temporal\availability_observation.json,56d753a6254ef2044e4f033f991ddc6a5dbd204ddd139ecda89e7ca6db30cb55,1442,77,.json,schemas,SUPPORTING,Supporting repository artifact,OK
schemas/temporal/forecast_cutoff.json,C:\BatteredAggieSyndrome\schemas\temporal\forecast_cutoff.json,0aa3205474b35279e5eaa56c1ebc28286a20ca8274ba9c80afbac7bffbea3471,1340,70,.json,schemas,SUPPORTING,Supporting repository artifact,OK
schemas/temporal/market_observation.json,C:\BatteredAggieSyndrome\schemas\temporal\market_observation.json,ed0acaed1cb6832d8005aa16abb1af5bd6ddef6a5038804114d2e5e564bf0134,1265,74,.json,schemas,SUPPORTING,Supporting repository artifact,OK
schemas/temporal/observation.json,C:\BatteredAggieSyndrome\schemas\temporal\observation.json,cabe3128f78e47c740d4e68af5eaa169e6f696a268b5172fdbf6f9604f3c852e,1934,106,.json,schemas,SUPPORTING,Supporting repository artifact,OK
schemas/temporal/regulatory_observation.json,C:\BatteredAggieSyndrome\schemas\temporal\regulatory_observation.json,116d172d9b7e0974dcdf0022278480a1758700f91c8acfd87181654e8693ae3a,1150,62,.json,schemas,SUPPORTING,Supporting repository artifact,OK
schemas/temporal/weather_forecast_observation.json,C:\BatteredAggieSyndrome\schemas\temporal\weather_forecast_observation.json,a00dcb164e0e8221f49891a33b4e33eb75ca6bb48eb6ceaaeb7c779c33448e87,1250,65,.json,schemas,SUPPORTING,Supporting repository artifact,OK
schemas/validation/evaluation_result.json,C:\BatteredAggieSyndrome\schemas\validation\evaluation_result.json,9d2e2b89ae5d35a4c854bb430b3ae0c5f9d4933b7150d3d2ea41617e0bde0fcb,679,39,.json,schemas,SUPPORTING,Supporting repository artifact,OK
schemas/validation/promotion_decision.json,C:\BatteredAggieSyndrome\schemas\validation\promotion_decision.json,d5110ba9ab8099daf19eb824dbd48f19e6489265d21058a1650756e626c768a9,1042,53,.json,schemas,SUPPORTING,Supporting repository artifact,OK
schemas/validation/protected_split.json,C:\BatteredAggieSyndrome\schemas\validation\protected_split.json,7af8ed6d0b13a02540665af8b82f2eb0191d6a0363e106c249f5e820cb9b8fce,764,40,.json,schemas,SUPPORTING,Supporting repository artifact,OK
scripts/backup_state.ps1,C:\BatteredAggieSyndrome\scripts\backup_state.ps1,e049ca0cafebad02e91c9fc2fa0f04992272cb0c83ad3a3c3b401e87698d9f81,190,3,.ps1,scripts,SUPPORTING,Supporting repository artifact,OK
scripts/benchmark_target.ps1,C:\BatteredAggieSyndrome\scripts\benchmark_target.ps1,4ea56690d2ab62544198eff8fb2381a127acced0a9f4eff92c8b08074c4f6cde,235,3,.ps1,scripts,SUPPORTING,Supporting repository artifact,OK
scripts/bootstrap.ps1,C:\BatteredAggieSyndrome\scripts\bootstrap.ps1,ab458732b0a9f98ae656bbccd9e8a2b31b21a33dcede6493953d10338ed3323e,353,12,.ps1,scripts,SUPPORTING,Supporting repository artifact,OK
scripts/bootstrap.py,C:\BatteredAggieSyndrome\scripts\bootstrap.py,cc7dda6ddeb1b00db23db44c3df091045f23887d7a0e6294a623a49d9df3b99c,1160,31,.py,scripts,SUPPORTING,Supporting repository artifact,OK
scripts/bootstrap_readiness.ps1,C:\BatteredAggieSyndrome\scripts\bootstrap_readiness.ps1,afcc015f822ced990da81926cb62dab091beda299e40f6eb608550378a42be73,273,7,.ps1,scripts,SUPPORTING,Supporting repository artifact,OK
scripts/new_worktree.ps1,C:\BatteredAggieSyndrome\scripts\new_worktree.ps1,77b69a40e25dbc03cfe142892736667c8359e7d36b19b0627ba3dac97514899e,725,17,.ps1,scripts,SUPPORTING,Supporting repository artifact,OK
scripts/package_wave.ps1,C:\BatteredAggieSyndrome\scripts\package_wave.ps1,24fc0fd6e2df0974e7c516360babd69c21d8271cc1b1f493abeecef40e89f9fa,442,10,.ps1,scripts,SUPPORTING,Supporting repository artifact,OK
scripts/restore_state.ps1,C:\BatteredAggieSyndrome\scripts\restore_state.ps1,9a629686c35b8b26f41be5ddabe6cc0cbf8d436bb1cce2f8f94141ad3b0f23ea,206,3,.ps1,scripts,SUPPORTING,Supporting repository artifact,OK
scripts/validate_repo.ps1,C:\BatteredAggieSyndrome\scripts\validate_repo.ps1,68438ffaa3956a175793079c874af2857d0b327bfcaecdaf77ca46a90c0c636c,225,5,.ps1,scripts,SUPPORTING,Supporting repository artifact,OK
scripts/verify_prior_wave.ps1,C:\BatteredAggieSyndrome\scripts\verify_prior_wave.ps1,4c69068a9e61bbeb71c648423d0c83a8c414ce933de174c50fb10af54f7f6acd,510,11,.ps1,scripts,SUPPORTING,Supporting repository artifact,OK
sql/README.md,C:\BatteredAggieSyndrome\sql\README.md,905f18707304426974cd1dcd8ad100eb89ec66b09f41c9c6eab4db1f60290264,331,5,.md,sql,SUPPORTING,Supporting repository artifact,OK
sql/experimentation/experiment_store.sql,C:\BatteredAggieSyndrome\sql\experimentation\experiment_store.sql,e8cde2754516e55d49d7732696277cd615bc2ee515a9187cb3e29340e2f1f692,2290,66,.sql,sql,SUPPORTING,Supporting repository artifact,OK
src/aggie_analytics/__init__.py,C:\BatteredAggieSyndrome\src\aggie_analytics\__init__.py,752f7e2aa803e8b18d5b30263c0f95af2a95981d1a770db3c4baa9af99eff95b,132,3,.py,src,IMPLEMENTATION_EVIDENCE,Current executable starter implementation,OK
src/aggie_analytics/api/__init__.py,C:\BatteredAggieSyndrome\src\aggie_analytics\api\__init__.py,9584c1d4b411d30a594c7172bc7907db6d0cdec52798b60baadf80abe15b52d5,62,3,.py,src,IMPLEMENTATION_EVIDENCE,Current executable starter implementation,OK
src/aggie_analytics/api/fastapi_app.py,C:\BatteredAggieSyndrome\src\aggie_analytics\api\fastapi_app.py,925f6b6913c30d3793f3b9e36f43bf152f6dabcf184881f3a27ef2c024d0b107,3163,72,.py,src,IMPLEMENTATION_EVIDENCE,Current executable starter implementation,OK
src/aggie_analytics/architecture/__init__.py,C:\BatteredAggieSyndrome\src\aggie_analytics\architecture\__init__.py,5be8d8a526d191804ad08f8ccbb24f3e8325cce36a89315a69d05e1c79fa20f4,415,16,.py,src,IMPLEMENTATION_EVIDENCE,Current executable starter implementation,OK
src/aggie_analytics/architecture/contracts.py,C:\BatteredAggieSyndrome\src\aggie_analytics\architecture\contracts.py,3a8bc06e2dc6af77d2b4505d7b23ce3eec8321582493a97a24722fb795b667b5,1156,36,.py,src,IMPLEMENTATION_EVIDENCE,Current executable starter implementation,OK
src/aggie_analytics/architecture/registry.py,C:\BatteredAggieSyndrome\src\aggie_analytics\architecture\registry.py,4a57c9f8be9f3b0b50618ae8cf539915baa49b3812943d1f3e604398e501d972,653,24,.py,src,IMPLEMENTATION_EVIDENCE,Current executable starter implementation,OK
src/aggie_analytics/bas/__init__.py,C:\BatteredAggieSyndrome\src\aggie_analytics\bas\__init__.py,d498903c6f2160f1ffe897f3e9d359b2d6a47d794f861b244ee3072bd90d2b50,439,7,.py,src,IMPLEMENTATION_EVIDENCE,Current executable starter implementation,OK
src/aggie_analytics/bas/contracts.py,C:\BatteredAggieSyndrome\src\aggie_analytics\bas\contracts.py,4db391c284f450497fcdd23a6184ee925cd48944ea4719d71dd7a3eda88aa2e3,1705,29,.py,src,IMPLEMENTATION_EVIDENCE,Current executable starter implementation,OK
src/aggie_analytics/bas/labels.py,C:\BatteredAggieSyndrome\src\aggie_analytics\bas\labels.py,f9f7d0d6feca7b835b14d75855e66a3dc52d4b80be48bb793b626df08034bfd2,1849,24,.py,src,IMPLEMENTATION_EVIDENCE,Current executable starter implementation,OK
src/aggie_analytics/bas/runtime.py,C:\BatteredAggieSyndrome\src\aggie_analytics\bas\runtime.py,4eb5bb54b2720dc709bbe0319b7460000c5e5bfbe99afed89ab382d46bdd0b29,826,15,.py,src,IMPLEMENTATION_EVIDENCE,Current executable starter implementation,OK
src/aggie_analytics/context_intelligence/__init__.py,C:\BatteredAggieSyndrome\src\aggie_analytics\context_intelligence\__init__.py,cacd1fb2314922b38b1b81ae52b521875e842e5b3a23c43dbc0a792d35419d59,643,9,.py,src,IMPLEMENTATION_EVIDENCE,Current executable starter implementation,OK
src/aggie_analytics/context_intelligence/coaching.py,C:\BatteredAggieSyndrome\src\aggie_analytics\context_intelligence\coaching.py,10c25c9c8308556df1a11b2b83e1bcd8f109c314020ed6ff26ba3b57818ddede,1072,29,.py,src,IMPLEMENTATION_EVIDENCE,Current executable starter implementation,OK
src/aggie_analytics/context_intelligence/context.py,C:\BatteredAggieSyndrome\src\aggie_analytics\context_intelligence\context.py,2125d4b7d8b8cc22bae0f093b1cb496dafa87e5a27693506a106180baab08b37,1563,44,.py,src,IMPLEMENTATION_EVIDENCE,Current executable starter implementation,OK
src/aggie_analytics/context_intelligence/mechanics.py,C:\BatteredAggieSyndrome\src\aggie_analytics\context_intelligence\mechanics.py,4b36e4dd1acecc489979997af3c8b24873af41a317ae87e8aa006d25ee63d698,1299,32,.py,src,IMPLEMENTATION_EVIDENCE,Current executable starter implementation,OK
src/aggie_analytics/data/__init__.py,C:\BatteredAggieSyndrome\src\aggie_analytics\data\__init__.py,888887a8b1c9ca691ef2b62dc7a2d99e7059d1eb48260931f5d7f78124a2e602,281,4,.py,src,IMPLEMENTATION_EVIDENCE,Current executable starter implementation,OK
src/aggie_analytics/data/adapters.py,C:\BatteredAggieSyndrome\src\aggie_analytics\data\adapters.py,2a1986859268f091be5d5d15e8c25e47c1f632f903301ec772638f37ec355e48,1079,22,.py,src,IMPLEMENTATION_EVIDENCE,Current executable starter implementation,OK
src/aggie_analytics/data/contracts.py,C:\BatteredAggieSyndrome\src\aggie_analytics\data\contracts.py,d7e3b6b717914c0347793d626910291bad91121d4424164248b3ac32d363386f,707,30,.py,src,IMPLEMENTATION_EVIDENCE,Current executable starter implementation,OK
src/aggie_analytics/data/snapshots.py,C:\BatteredAggieSyndrome\src\aggie_analytics\data\snapshots.py,50ca28bfabd44ec971fdbe4bbbe8001a2b7019e270448d111fd3bd6fb02b6b3e,2246,37,.py,src,IMPLEMENTATION_EVIDENCE,Current executable starter implementation,OK
src/aggie_analytics/entities/__init__.py,C:\BatteredAggieSyndrome\src\aggie_analytics\entities\__init__.py,10346983fd9b326838f427ec6e3ff29b6f4a9a45faf97b782ca6560cd1a36a51,434,11,.py,src,IMPLEMENTATION_EVIDENCE,Current executable starter implementation,OK
src/aggie_analytics/entities/contracts.py,C:\BatteredAggieSyndrome\src\aggie_analytics\entities\contracts.py,4ccf21ede675a4de43e7d21701319a9e4b2778fc1ce5da336bbbd086a9eb706b,758,27,.py,src,IMPLEMENTATION_EVIDENCE,Current executable starter implementation,OK
src/aggie_analytics/entities/ids.py,C:\BatteredAggieSyndrome\src\aggie_analytics\entities\ids.py,249dac1046a3bcc8e75fa065b0eaa17ca401dd16ce4cb973bfefeaec5066d81e,1010,24,.py,src,IMPLEMENTATION_EVIDENCE,Current executable starter implementation,OK
src/aggie_analytics/entities/resolution.py,C:\BatteredAggieSyndrome\src\aggie_analytics\entities\resolution.py,f678ad903b373eb788e6fda5af421b5c19de6decee9605c89942e739f42dc33c,1493,32,.py,src,IMPLEMENTATION_EVIDENCE,Current executable starter implementation,OK
src/aggie_analytics/experimentation/__init__.py,C:\BatteredAggieSyndrome\src\aggie_analytics\experimentation\__init__.py,3f9513433ac05947186cb9c27e7af610cc3d516720d8774f87dbcfce7818d682,1031,19,.py,src,IMPLEMENTATION_EVIDENCE,Current executable starter implementation,OK
src/aggie_analytics/experimentation/adapters.py,C:\BatteredAggieSyndrome\src\aggie_analytics\experimentation\adapters.py,7b489dc4ead9c0b2db9c47cb516bc78f9fa728c90417509ccd1c994f6fbfe2ef,496,14,.py,src,IMPLEMENTATION_EVIDENCE,Current executable starter implementation,OK
src/aggie_analytics/experimentation/adoption.py,C:\BatteredAggieSyndrome\src\aggie_analytics\experimentation\adoption.py,a35cbf188c542114dff3f5f7333d1bdea6ffde727d31ed36ffba4298ea0ea5ba,608,12,.py,src,IMPLEMENTATION_EVIDENCE,Current executable starter implementation,OK
src/aggie_analytics/experimentation/advanced_challengers.py,C:\BatteredAggieSyndrome\src\aggie_analytics\experimentation\advanced_challengers.py,f30053e402f26df4d76afd00db5ed937ec4e997c69047d267eddbe48ec74baf3,1875,47,.py,src,IMPLEMENTATION_EVIDENCE,Current executable starter implementation,OK
src/aggie_analytics/experimentation/artifacts.py,C:\BatteredAggieSyndrome\src\aggie_analytics\experimentation\artifacts.py,589b01e35e6a2f90bce2b1089fb9db4bcd4d1e2b7fe9734a79bf0e1634be6ca1,1197,35,.py,src,IMPLEMENTATION_EVIDENCE,Current executable starter implementation,OK
src/aggie_analytics/experimentation/artifacts_v2.py,C:\BatteredAggieSyndrome\src\aggie_analytics\experimentation\artifacts_v2.py,aa6e1eef14a001bc2658acd74b82fea85db806e8eee59caf64b00d8cace5fb53,2682,75,.py,src,IMPLEMENTATION_EVIDENCE,Current executable starter implementation,OK
src/aggie_analytics/experimentation/comparison.py,C:\BatteredAggieSyndrome\src\aggie_analytics\experimentation\comparison.py,7e417fbd0ae6dda0d92cea69c89f24c61857767ec50a19604dac2f8d014ccb87,2936,76,.py,src,IMPLEMENTATION_EVIDENCE,Current executable starter implementation,OK
src/aggie_analytics/experimentation/contracts.py,C:\BatteredAggieSyndrome\src\aggie_analytics\experimentation\contracts.py,c2b582f9185f33b34025cab795c465e1362672d0e62c7ac2da6d2c87dbec5e73,3300,82,.py,src,IMPLEMENTATION_EVIDENCE,Current executable starter implementation,OK
src/aggie_analytics/experimentation/feature_tournament.py,C:\BatteredAggieSyndrome\src\aggie_analytics\experimentation\feature_tournament.py,36a2819c1670ba57e1956b5902d49f3c4a60cc9bad54e381bab10aaacf8d82b2,2879,79,.py,src,IMPLEMENTATION_EVIDENCE,Current executable starter implementation,OK
src/aggie_analytics/experimentation/governance.py,C:\BatteredAggieSyndrome\src\aggie_analytics\experimentation\governance.py,f3929ebb70846ec9237fea7e9b4a803647e658ab50b68ed05b62811d35d8719a,1262,26,.py,src,IMPLEMENTATION_EVIDENCE,Current executable starter implementation,OK
src/aggie_analytics/experimentation/hpo.py,C:\BatteredAggieSyndrome\src\aggie_analytics\experimentation\hpo.py,16c83e8addf1a342769bfe4a3fc6404a4bd3e423e342918bb64e42652b620d0d,3065,75,.py,src,IMPLEMENTATION_EVIDENCE,Current executable starter implementation,OK
src/aggie_analytics/experimentation/hpo_engine.py,C:\BatteredAggieSyndrome\src\aggie_analytics\experimentation\hpo_engine.py,e86eb13965c2a6d2ad7e57f60124e8fb48550495596d7876112fa0e2de8007ac,2280,75,.py,src,IMPLEMENTATION_EVIDENCE,Current executable starter implementation,OK
src/aggie_analytics/experimentation/hypotheses.py,C:\BatteredAggieSyndrome\src\aggie_analytics\experimentation\hypotheses.py,27c2098d53d664d3c22406e1a5f04d32e917a0f0c547bee42be389c9d8d3a86d,1185,34,.py,src,IMPLEMENTATION_EVIDENCE,Current executable starter implementation,OK
src/aggie_analytics/experimentation/identity.py,C:\BatteredAggieSyndrome\src\aggie_analytics\experimentation\identity.py,c1806d285bfa30a993a073367d58c3a6cb5327f368d16dab6a830051bde12a60,408,11,.py,src,IMPLEMENTATION_EVIDENCE,Current executable starter implementation,OK
src/aggie_analytics/experimentation/lineage.py,C:\BatteredAggieSyndrome\src\aggie_analytics\experimentation\lineage.py,7e0484c22253932a83bdbf1f67ed2a7893c46a0cf87dd2b97774ed32e36806b6,3098,91,.py,src,IMPLEMENTATION_EVIDENCE,Current executable starter implementation,OK
src/aggie_analytics/experimentation/local_tracker.py,C:\BatteredAggieSyndrome\src\aggie_analytics\experimentation\local_tracker.py,754dc389915577d656ceefcdea98ce76ce4cd193d9241cc26c32548097ce6c23,1414,44,.py,src,IMPLEMENTATION_EVIDENCE,Current executable starter implementation,OK
src/aggie_analytics/experimentation/locks.py,C:\BatteredAggieSyndrome\src\aggie_analytics\experimentation\locks.py,fc75bc041dc04e09fb7831e9df8d99b5b55a158dba15b93eaad2c03ab186001f,1755,65,.py,src,IMPLEMENTATION_EVIDENCE,Current executable starter implementation,OK
src/aggie_analytics/experimentation/model_tournament.py,C:\BatteredAggieSyndrome\src\aggie_analytics\experimentation\model_tournament.py,1669b2f62c1e9cf1f69a0fd27127ac6560eae0aac9334347a8a87017edd8d6ba,2581,65,.py,src,IMPLEMENTATION_EVIDENCE,Current executable starter implementation,OK
src/aggie_analytics/experimentation/promotion_bridge.py,C:\BatteredAggieSyndrome\src\aggie_analytics\experimentation\promotion_bridge.py,a69e99eae063cc361416e4b3e8af305472e96620caae6a6d09d82032779d792c,1576,47,.py,src,IMPLEMENTATION_EVIDENCE,Current executable starter implementation,OK
src/aggie_analytics/experimentation/queue.py,C:\BatteredAggieSyndrome\src\aggie_analytics\experimentation\queue.py,1017592b958086cd37795c00ebd210189bb676a92fdfb72f1ea7eaab7e67c59f,1906,32,.py,src,IMPLEMENTATION_EVIDENCE,Current executable starter implementation,OK
src/aggie_analytics/experimentation/replay.py,C:\BatteredAggieSyndrome\src\aggie_analytics\experimentation\replay.py,374dd0452aeb4d1891717ae2eacfe4a0682068e10f6e681ac6ff842758482329,834,26,.py,src,IMPLEMENTATION_EVIDENCE,Current executable starter implementation,OK
src/aggie_analytics/experimentation/replay_engine.py,C:\BatteredAggieSyndrome\src\aggie_analytics\experimentation\replay_engine.py,970859c65dd137a30cc1ee161090a71a8ca874793472dd74b01e3cc080e3b9ba,2386,75,.py,src,IMPLEMENTATION_EVIDENCE,Current executable starter implementation,OK
src/aggie_analytics/experimentation/scheduler.py,C:\BatteredAggieSyndrome\src\aggie_analytics\experimentation\scheduler.py,54dca64bcdbf63a8b74b186db65fce9d6dbf3776f822365a884e71bdc94acc63,3783,114,.py,src,IMPLEMENTATION_EVIDENCE,Current executable starter implementation,OK
src/aggie_analytics/experimentation/store.py,C:\BatteredAggieSyndrome\src\aggie_analytics\experimentation\store.py,ef136979ef135d678014e46cbc66d475825f6c6b464082b94e33c8639b418e66,10290,242,.py,src,IMPLEMENTATION_EVIDENCE,Current executable starter implementation,OK
src/aggie_analytics/experimentation/tournaments.py,C:\BatteredAggieSyndrome\src\aggie_analytics\experimentation\tournaments.py,7a6d2f0d2c8c86d92d19f4d733c81b8c30ac85359569355301673e4149e231cf,2634,59,.py,src,IMPLEMENTATION_EVIDENCE,Current executable starter implementation,OK
src/aggie_analytics/experimentation/worktree.py,C:\BatteredAggieSyndrome\src\aggie_analytics\experimentation\worktree.py,1c49c3c5a756c4652e641b06d4999cbb16c942bb7f30ab7449b5c516353d84cb,1175,30,.py,src,IMPLEMENTATION_EVIDENCE,Current executable starter implementation,OK
src/aggie_analytics/features/__init__.py,C:\BatteredAggieSyndrome\src\aggie_analytics\features\__init__.py,fdc46b5ee5f5ff351a07f0838be8a216e0bc4852264ca6492ba6e4c39857e03c,600,6,.py,src,IMPLEMENTATION_EVIDENCE,Current executable starter implementation,OK
src/aggie_analytics/features/factory.py,C:\BatteredAggieSyndrome\src\aggie_analytics\features\factory.py,aab18c72a19b58a687cde49ce06a22b6f694437a7a8eb99727e0d70f83407b6e,1442,24,.py,src,IMPLEMENTATION_EVIDENCE,Current executable starter implementation,OK
src/aggie_analytics/features/lifecycle.py,C:\BatteredAggieSyndrome\src\aggie_analytics\features\lifecycle.py,a05dc7bdf752a822a0898ffcb264bdb44940da9126a36eec0a5face9be56ef8c,2074,35,.py,src,IMPLEMENTATION_EVIDENCE,Current executable starter implementation,OK
src/aggie_analytics/features/registry.py,C:\BatteredAggieSyndrome\src\aggie_analytics\features\registry.py,436b54d74771afcee33f5dda61b03a0e4f86996395f63013b2e7563e5401becd,1215,31,.py,src,IMPLEMENTATION_EVIDENCE,Current executable starter implementation,OK
src/aggie_analytics/features/screening.py,C:\BatteredAggieSyndrome\src\aggie_analytics\features\screening.py,3e66a120a2ef1cf013103188ed72db3ae978893c78a442b1fce954b76b1a4391,2166,42,.py,src,IMPLEMENTATION_EVIDENCE,Current executable starter implementation,OK
src/aggie_analytics/features/transforms.py,C:\BatteredAggieSyndrome\src\aggie_analytics\features\transforms.py,7be60a45639575f4f2a37065ce96462341bc57f0c527dcd2271b66a19ea3c6b8,3043,72,.py,src,IMPLEMENTATION_EVIDENCE,Current executable starter implementation,OK
src/aggie_analytics/lineage.py,C:\BatteredAggieSyndrome\src\aggie_analytics\lineage.py,77b761878b9f10564d569a99dac12650a738dd9c8860e381898a8e41743d4d82,775,12,.py,src,IMPLEMENTATION_EVIDENCE,Current executable starter implementation,OK
src/aggie_analytics/modeling/__init__.py,C:\BatteredAggieSyndrome\src\aggie_analytics\modeling\__init__.py,74428cc9449ec7a99a932166bd364b6d6fe17a3c0fbf92f6cd1a789849828dda,836,13,.py,src,IMPLEMENTATION_EVIDENCE,Current executable starter implementation,OK
src/aggie_analytics/modeling/baselines.py,C:\BatteredAggieSyndrome\src\aggie_analytics\modeling\baselines.py,e89c40731c7b3df920ed672c6d4f7b83349eef197eb8e0db177a14ad6ee60369,3941,73,.py,src,IMPLEMENTATION_EVIDENCE,Current executable starter implementation,OK
src/aggie_analytics/modeling/calibration.py,C:\BatteredAggieSyndrome\src\aggie_analytics\modeling\calibration.py,1fbe01aad65beed9027cb184952e43525745c6f67161b84dec8650084dac634c,1065,28,.py,src,IMPLEMENTATION_EVIDENCE,Current executable starter implementation,OK
src/aggie_analytics/modeling/coherence.py,C:\BatteredAggieSyndrome\src\aggie_analytics\modeling\coherence.py,883d09af5fd04bcbe3f3c3dc97badb4fe7670feb65957a68af9c0fbee742e8c6,2159,52,.py,src,IMPLEMENTATION_EVIDENCE,Current executable starter implementation,OK
src/aggie_analytics/modeling/contracts.py,C:\BatteredAggieSyndrome\src\aggie_analytics\modeling\contracts.py,4c7eb557a4dd3d6d5f2f21f60ffd3b49f3456d996ffba4de0d9b13eb5b1586a1,3129,79,.py,src,IMPLEMENTATION_EVIDENCE,Current executable starter implementation,OK
src/aggie_analytics/modeling/ensemble.py,C:\BatteredAggieSyndrome\src\aggie_analytics\modeling\ensemble.py,c20f11cd1218f439dcf21981b2e01a0d9be418bbe90f4e82eb0a3874c3eaa78d,716,13,.py,src,IMPLEMENTATION_EVIDENCE,Current executable starter implementation,OK
src/aggie_analytics/modeling/forecast.py,C:\BatteredAggieSyndrome\src\aggie_analytics\modeling\forecast.py,509e611a21aff361c8fcdb90d26c08561d59d4aa3f79de52b8472f9ff9aee156,1192,18,.py,src,IMPLEMENTATION_EVIDENCE,Current executable starter implementation,OK
src/aggie_analytics/modeling/joint.py,C:\BatteredAggieSyndrome\src\aggie_analytics\modeling\joint.py,c7a011bf68e4ce4a18c253973c001038c6890fed4bdafce1bf737ea4d3bbb035,1772,33,.py,src,IMPLEMENTATION_EVIDENCE,Current executable starter implementation,OK
src/aggie_analytics/modeling/registry.py,C:\BatteredAggieSyndrome\src\aggie_analytics\modeling\registry.py,1855832225eb336485350d85623ad18e8b9a25477526c60bf834dc8121bcbaef,2043,33,.py,src,IMPLEMENTATION_EVIDENCE,Current executable starter implementation,OK
src/aggie_analytics/modeling/runtime.py,C:\BatteredAggieSyndrome\src\aggie_analytics\modeling\runtime.py,236e84da07ef983fcb5a0fab8cde31086264807db5bf8c90203a1eb1118b248e,3828,85,.py,src,IMPLEMENTATION_EVIDENCE,Current executable starter implementation,OK
src/aggie_analytics/modeling/simulation.py,C:\BatteredAggieSyndrome\src\aggie_analytics\modeling\simulation.py,5ec172848995725a1ff179eb4e449b70470ffa0d1b82302a42c3db5170ae1c86,2206,41,.py,src,IMPLEMENTATION_EVIDENCE,Current executable starter implementation,OK
src/aggie_analytics/modeling/uncertainty.py,C:\BatteredAggieSyndrome\src\aggie_analytics\modeling\uncertainty.py,5a43d0eef6aa895a006dfb6d5aaa6e03fb3a36331757125113101a1897183b91,913,20,.py,src,IMPLEMENTATION_EVIDENCE,Current executable starter implementation,OK
src/aggie_analytics/operations/__init__.py,C:\BatteredAggieSyndrome\src\aggie_analytics\operations\__init__.py,38e9e0a2c55a5a265af53114909446e91f42fa03b4c02bf58d925b8a6a5dac4b,564,12,.py,src,IMPLEMENTATION_EVIDENCE,Current executable starter implementation,OK
src/aggie_analytics/operations/backup.py,C:\BatteredAggieSyndrome\src\aggie_analytics\operations\backup.py,4544cef5de384febc54756c380af054138aaa51270d5012fd56dd3b10fc30b57,3382,53,.py,src,IMPLEMENTATION_EVIDENCE,Current executable starter implementation,OK
src/aggie_analytics/operations/benchmark.py,C:\BatteredAggieSyndrome\src\aggie_analytics\operations\benchmark.py,70ab9e5d3606c4128e0ef379506754b363ac8c818a93b0d95f9723fc9250a146,3324,56,.py,src,IMPLEMENTATION_EVIDENCE,Current executable starter implementation,OK
src/aggie_analytics/operations/environment.py,C:\BatteredAggieSyndrome\src\aggie_analytics\operations\environment.py,7f2bad77bcb4358353cdaeb05aa72480d6de91d151be7d8547d3ee976b0c7d37,2293,49,.py,src,IMPLEMENTATION_EVIDENCE,Current executable starter implementation,OK
src/aggie_analytics/operations/observability.py,C:\BatteredAggieSyndrome\src\aggie_analytics\operations\observability.py,87464ca4cce8019390361d26f5914287f03b9500c226b69713ea335a393b7cad,3612,95,.py,src,IMPLEMENTATION_EVIDENCE,Current executable starter implementation,OK
src/aggie_analytics/operations/retention.py,C:\BatteredAggieSyndrome\src\aggie_analytics\operations\retention.py,853df60c84d20fdaefd55bd35f59722e0f49b2bc9eec8d01097e013afd15531c,1024,21,.py,src,IMPLEMENTATION_EVIDENCE,Current executable starter implementation,OK
src/aggie_analytics/orchestration/__init__.py,C:\BatteredAggieSyndrome\src\aggie_analytics\orchestration\__init__.py,72b32edddc3878559abb3121ed0b0aa8e79aa463664e5297b638f29119b3d953,791,12,.py,src,IMPLEMENTATION_EVIDENCE,Current executable starter implementation,OK
src/aggie_analytics/orchestration/checkpoints.py,C:\BatteredAggieSyndrome\src\aggie_analytics\orchestration\checkpoints.py,ba01fe2af9f17ed13e2fbf98bb69f31e718390d4d3021e96f8f71fd88844f1cf,3855,97,.py,src,IMPLEMENTATION_EVIDENCE,Current executable starter implementation,OK
src/aggie_analytics/orchestration/contracts.py,C:\BatteredAggieSyndrome\src\aggie_analytics\orchestration\contracts.py,0b3ca42ebb3c06ff29857706a097b7c6371e6119340ff0e576ab4640b58d9844,2389,71,.py,src,IMPLEMENTATION_EVIDENCE,Current executable starter implementation,OK
src/aggie_analytics/orchestration/postmortem.py,C:\BatteredAggieSyndrome\src\aggie_analytics\orchestration\postmortem.py,8a89d9e3fe3e672dfcaab16b457c9d62b995f786ac97737d0b4b89692b8e836c,1896,42,.py,src,IMPLEMENTATION_EVIDENCE,Current executable starter implementation,OK
src/aggie_analytics/orchestration/promotion.py,C:\BatteredAggieSyndrome\src\aggie_analytics\orchestration\promotion.py,4949b4bf04cd15126bfec1a38c7296f34ca0ea55a5cbd8cfcbf28714e4d128e8,4598,97,.py,src,IMPLEMENTATION_EVIDENCE,Current executable starter implementation,OK
src/aggie_analytics/orchestration/publication.py,C:\BatteredAggieSyndrome\src\aggie_analytics\orchestration\publication.py,d985c68d0f62ea1e61d570eedeec2eb5e08369bda5d99bbbd7bf3c8452cc2ae1,4080,83,.py,src,IMPLEMENTATION_EVIDENCE,Current executable starter implementation,OK
src/aggie_analytics/orchestration/weekly.py,C:\BatteredAggieSyndrome\src\aggie_analytics\orchestration\weekly.py,57b37289fe92189a11e0844007d1ae4250b1c74630ddabd4e85f3aada817ae4e,2728,52,.py,src,IMPLEMENTATION_EVIDENCE,Current executable starter implementation,OK
src/aggie_analytics/player_intelligence/__init__.py,C:\BatteredAggieSyndrome\src\aggie_analytics\player_intelligence\__init__.py,24ce97d550e079e66c38d61778f4302a7d2bfe67cef2bca7fbeb50ca4aeeea73,805,11,.py,src,IMPLEMENTATION_EVIDENCE,Current executable starter implementation,OK
src/aggie_analytics/player_intelligence/advanced_state.py,C:\BatteredAggieSyndrome\src\aggie_analytics\player_intelligence\advanced_state.py,5e59ac7a336434d032a104b2f855c859d52502056ab5eb7ad1caf1ff9a121c0c,804,14,.py,src,IMPLEMENTATION_EVIDENCE,Current executable starter implementation,OK
src/aggie_analytics/player_intelligence/availability.py,C:\BatteredAggieSyndrome\src\aggie_analytics\player_intelligence\availability.py,65a9f92b438d4bdd1f56583f199231c9e9853a7ba56fd63f56065b8a632662b0,1200,35,.py,src,IMPLEMENTATION_EVIDENCE,Current executable starter implementation,OK
src/aggie_analytics/player_intelligence/prospects.py,C:\BatteredAggieSyndrome\src\aggie_analytics\player_intelligence\prospects.py,09adef61bae86dc511f13d3d760c87ff8e72e99cd74c4c1d7def24f99a49734a,799,24,.py,src,IMPLEMENTATION_EVIDENCE,Current executable starter implementation,OK
src/aggie_analytics/player_intelligence/state.py,C:\BatteredAggieSyndrome\src\aggie_analytics\player_intelligence\state.py,336f5c6b8ee57d7ca363b5d02dca9727934dd8f7d8ef615886abf46544dd55be,2533,66,.py,src,IMPLEMENTATION_EVIDENCE,Current executable starter implementation,OK
src/aggie_analytics/player_intelligence/transfer.py,C:\BatteredAggieSyndrome\src\aggie_analytics\player_intelligence\transfer.py,d343616658fed6b61ce8dc872096984375e9d1c46ea87138460702924213f3a9,1012,31,.py,src,IMPLEMENTATION_EVIDENCE,Current executable starter implementation,OK
src/aggie_analytics/product/__init__.py,C:\BatteredAggieSyndrome\src\aggie_analytics\product\__init__.py,e8e44dde5d0505bcbc115f2ea53ffb142343e84e5aa9ea38d10dcd1e977fbc71,536,11,.py,src,IMPLEMENTATION_EVIDENCE,Current executable starter implementation,OK
src/aggie_analytics/product/contracts.py,C:\BatteredAggieSyndrome\src\aggie_analytics\product\contracts.py,60d8c052dd3425cc67291e943588b666640c3ae93f33c99d850d50149f42f1aa,6140,127,.py,src,IMPLEMENTATION_EVIDENCE,Current executable starter implementation,OK
src/aggie_analytics/product/dashboard.py,C:\BatteredAggieSyndrome\src\aggie_analytics\product\dashboard.py,f55376e507e9236db14b9a820b667aa830d99be6e0e12cc9ad11187fbb9641c1,1115,24,.py,src,IMPLEMENTATION_EVIDENCE,Current executable starter implementation,OK
src/aggie_analytics/product/explainability.py,C:\BatteredAggieSyndrome\src\aggie_analytics\product\explainability.py,e1eb621437c26af3c8993212b40e7dd46e54000fdcdff3b2b861c085fae8021c,624,14,.py,src,IMPLEMENTATION_EVIDENCE,Current executable starter implementation,OK
src/aggie_analytics/product/freshness.py,C:\BatteredAggieSyndrome\src\aggie_analytics\product\freshness.py,7c2ba8afabac051babee02c13a87a9d4774fafebdf3f724de95c614edecab7d0,1975,48,.py,src,IMPLEMENTATION_EVIDENCE,Current executable starter implementation,OK
src/aggie_analytics/product/repository.py,C:\BatteredAggieSyndrome\src\aggie_analytics\product\repository.py,d8a6bac1527c534bf44cbf909992c395a545ec9d6f0a6393e0ef9bca0ddf0c85,2731,68,.py,src,IMPLEMENTATION_EVIDENCE,Current executable starter implementation,OK
src/aggie_analytics/product/service.py,C:\BatteredAggieSyndrome\src\aggie_analytics\product\service.py,07f21c1a2b02478a2edbde5f1eb29cbe763164b8c965315e19b2ccd18e8bde74,5666,122,.py,src,IMPLEMENTATION_EVIDENCE,Current executable starter implementation,OK
src/aggie_analytics/product/static/app.js,C:\BatteredAggieSyndrome\src\aggie_analytics\product\static\app.js,70888492e564b46ec498f1af2631652f304da8b6b3b6a281d1a52b270507a311,2628,46,.js,src,IMPLEMENTATION_EVIDENCE,Current executable starter implementation,OK
src/aggie_analytics/product/static/index.html,C:\BatteredAggieSyndrome\src\aggie_analytics\product\static\index.html,1551f8bc48e7020004ea8343b7cbe59ebf727ea8dcfa9694f63f6926254c8e5c,2042,45,.html,src,IMPLEMENTATION_EVIDENCE,Current executable starter implementation,OK
src/aggie_analytics/product/static/styles.css,C:\BatteredAggieSyndrome\src\aggie_analytics\product\static\styles.css,627e26607d5ea54afc2f5feeab5877df4188bdd8f6731c8dd549a2fb1a469012,1476,22,.css,src,IMPLEMENTATION_EVIDENCE,Current executable starter implementation,OK
src/aggie_analytics/readiness/__init__.py,C:\BatteredAggieSyndrome\src\aggie_analytics\readiness\__init__.py,74e5641bcb0e4855aaa1b7b0a48798951114e9861498e0b2e9b665ae6ac1984a,377,8,.py,src,IMPLEMENTATION_EVIDENCE,Current executable starter implementation,OK
src/aggie_analytics/readiness/e2e.py,C:\BatteredAggieSyndrome\src\aggie_analytics\readiness\e2e.py,70b3e5991ae053b3e15f20e9a9df3beb72e1672460c99e21a74c6b94a0e4c614,14670,280,.py,src,IMPLEMENTATION_EVIDENCE,Current executable starter implementation,OK
src/aggie_analytics/tamu/__init__.py,C:\BatteredAggieSyndrome\src\aggie_analytics\tamu\__init__.py,e6aad20b76c9399c6e15ae8c73ca73d132f8c7d14313c615167aa992b0b11e9b,338,7,.py,src,IMPLEMENTATION_EVIDENCE,Current executable starter implementation,OK
src/aggie_analytics/tamu/runtime.py,C:\BatteredAggieSyndrome\src\aggie_analytics\tamu\runtime.py,31d51091d023b5f4e9189beceb3a1b54119fe7876ec51c22e0fb4aa88ff85a8e,811,17,.py,src,IMPLEMENTATION_EVIDENCE,Current executable starter implementation,OK
src/aggie_analytics/tamu/specialization.py,C:\BatteredAggieSyndrome\src\aggie_analytics\tamu\specialization.py,8e880ea497ccf0751470bb88d3fcee19c93c3d2376255afaa3f3fcdc7a351fb6,2040,54,.py,src,IMPLEMENTATION_EVIDENCE,Current executable starter implementation,OK
src/aggie_analytics/tamu/state.py,C:\BatteredAggieSyndrome\src\aggie_analytics\tamu\state.py,ee0c10b31d9410552977db8d921fc1e4e7a64194dcd548d5e0ac3897c2e5f1cb,1234,36,.py,src,IMPLEMENTATION_EVIDENCE,Current executable starter implementation,OK
src/aggie_analytics/team_state/__init__.py,C:\BatteredAggieSyndrome\src\aggie_analytics\team_state\__init__.py,5a94ca79f7aef68ffec1e058e6f70fce645f8fae051cd4e9dda0b27d67fc44b7,492,9,.py,src,IMPLEMENTATION_EVIDENCE,Current executable starter implementation,OK
src/aggie_analytics/team_state/hierarchy.py,C:\BatteredAggieSyndrome\src\aggie_analytics\team_state\hierarchy.py,077f28895224ba98be48abac3135fb27c7bc8cbd3514cc29e74c97935bbac7d0,1079,27,.py,src,IMPLEMENTATION_EVIDENCE,Current executable starter implementation,OK
src/aggie_analytics/team_state/state.py,C:\BatteredAggieSyndrome\src\aggie_analytics\team_state\state.py,05bfac012b25b6f783dbb15f9b0597711f30775549ee7b041b71ec3ceb9e2666,1453,41,.py,src,IMPLEMENTATION_EVIDENCE,Current executable starter implementation,OK
src/aggie_analytics/team_state/weighting.py,C:\BatteredAggieSyndrome\src\aggie_analytics\team_state\weighting.py,2dbe6abad29ee7d3791599103b929026155d76319f01480f7d20d774d125e1dc,3495,69,.py,src,IMPLEMENTATION_EVIDENCE,Current executable starter implementation,OK
src/aggie_analytics/temporal/__init__.py,C:\BatteredAggieSyndrome\src\aggie_analytics\temporal\__init__.py,b6e3a782dd444aeb870cdb9ac9eed0aa0761280b081fd9e1706ff89db5420e35,538,10,.py,src,IMPLEMENTATION_EVIDENCE,Current executable starter implementation,OK
src/aggie_analytics/temporal/contracts.py,C:\BatteredAggieSyndrome\src\aggie_analytics\temporal\contracts.py,df92b5d4bc7aad6bf6c3ece617564e6b8fe07d1904f9249d11f9f793ec5bebed,2300,64,.py,src,IMPLEMENTATION_EVIDENCE,Current executable starter implementation,OK
src/aggie_analytics/temporal/eligibility.py,C:\BatteredAggieSyndrome\src\aggie_analytics\temporal\eligibility.py,b3a136a2da257303fff4a8e908d3459477ed93fcbe4b8fb0314f9a383a9b2ac2,4923,98,.py,src,IMPLEMENTATION_EVIDENCE,Current executable starter implementation,OK
src/aggie_analytics/temporal/state.py,C:\BatteredAggieSyndrome\src\aggie_analytics\temporal\state.py,672c70f04f676d1d8c7f02d6cab691acd8b93cd578fd567684038b76cbdf440a,943,18,.py,src,IMPLEMENTATION_EVIDENCE,Current executable starter implementation,OK
src/aggie_analytics/validation/__init__.py,C:\BatteredAggieSyndrome\src\aggie_analytics\validation\__init__.py,ac52f007fcac5273bc15fa3de6c99ce34a571bdf258cc638584fae2bb7b81546,432,6,.py,src,IMPLEMENTATION_EVIDENCE,Current executable starter implementation,OK
src/aggie_analytics/validation/metrics.py,C:\BatteredAggieSyndrome\src\aggie_analytics\validation\metrics.py,6ac6c3f16c009161668aab160152578d49bcc90b8a2d77f1eb7c5836d2eeba98,2970,63,.py,src,IMPLEMENTATION_EVIDENCE,Current executable starter implementation,OK
src/aggie_analytics/validation/promotion.py,C:\BatteredAggieSyndrome\src\aggie_analytics\validation\promotion.py,41c08679be4dede1f41af326babef316f97ccc51061170236c0ad9326d183f8c,1012,28,.py,src,IMPLEMENTATION_EVIDENCE,Current executable starter implementation,OK
src/aggie_analytics/validation/protected.py,C:\BatteredAggieSyndrome\src\aggie_analytics\validation\protected.py,83dbcac6aaa01f45b998e48a600e13f5244efac6ea5726fed37f31505a4e6e92,721,21,.py,src,IMPLEMENTATION_EVIDENCE,Current executable starter implementation,OK
tests/test_acceptance_governance.py,C:\BatteredAggieSyndrome\tests\test_acceptance_governance.py,ada3a2b998b52d8a75e30fc4a0920825d590f53ad805d0c3cac697625c8d8a24,2592,51,.py,tests,VALIDATION_EVIDENCE,Executable validation/test evidence,OK
tests/test_advanced_challenger_full.py,C:\BatteredAggieSyndrome\tests\test_advanced_challenger_full.py,e5eda8906b2aaf32c9efce52e3d86c60c7a3125627f041c06b31de66973a69ed,1233,16,.py,tests,VALIDATION_EVIDENCE,Executable validation/test evidence,OK
tests/test_architecture.py,C:\BatteredAggieSyndrome\tests\test_architecture.py,fa3cb74aff21162eef1b0c2ba59d7747c212cfce2ec86540bff84786fa4286eb,1248,34,.py,tests,VALIDATION_EVIDENCE,Executable validation/test evidence,OK
tests/test_artifact_manifest.py,C:\BatteredAggieSyndrome\tests\test_artifact_manifest.py,eb9745a0d49b38d54314df5fbc95872eb445f36965ac71be6d32a283f9da761d,584,12,.py,tests,VALIDATION_EVIDENCE,Executable validation/test evidence,OK
tests/test_artifact_policy_full.py,C:\BatteredAggieSyndrome\tests\test_artifact_policy_full.py,79c45572a926471e9b38cc715731db16e2020453bc264f12bdda439566e1aa08,980,20,.py,tests,VALIDATION_EVIDENCE,Executable validation/test evidence,OK
tests/test_backlog_governance.py,C:\BatteredAggieSyndrome\tests\test_backlog_governance.py,1d9a4f959d5b4f91ac7968f97b5207221958bcbdc98722c0e489f4afd9aa593d,2014,30,.py,tests,VALIDATION_EVIDENCE,Executable validation/test evidence,OK
tests/test_bas_science_governance.py,C:\BatteredAggieSyndrome\tests\test_bas_science_governance.py,e55cb376cd60d8cbeebeee4c79cc6de1a203d4636f0aa76d5ef0b2ca6e49cc54,2466,26,.py,tests,VALIDATION_EVIDENCE,Executable validation/test evidence,OK
tests/test_context_intelligence_governance.py,C:\BatteredAggieSyndrome\tests\test_context_intelligence_governance.py,a9d6c18cec7f3568c405a381651b125accd1fb0ba9690e8ac4d0df01944abd90,3192,52,.py,tests,VALIDATION_EVIDENCE,Executable validation/test evidence,OK
tests/test_data_research.py,C:\BatteredAggieSyndrome\tests\test_data_research.py,13222b29759d3250607b1dceefb0a9b9483c019c87f2e8af75c579f6a943ffd6,709,13,.py,tests,VALIDATION_EVIDENCE,Executable validation/test evidence,OK
tests/test_entity_governance.py,C:\BatteredAggieSyndrome\tests\test_entity_governance.py,67d49b627949c7e2a2b3240a9c7a44b526ed245f40c8483038e6201191d932b0,1243,29,.py,tests,VALIDATION_EVIDENCE,Executable validation/test evidence,OK
tests/test_experiment_store_full.py,C:\BatteredAggieSyndrome\tests\test_experiment_store_full.py,f086336c6bd87ce72225c6de945a2ccbd30e4359643e44cc2081463935c71aa3,2221,46,.py,tests,VALIDATION_EVIDENCE,Executable validation/test evidence,OK
tests/test_experimentation_governance.py,C:\BatteredAggieSyndrome\tests\test_experimentation_governance.py,80c208392a23c351ffebf2b3db6f96836b748052d078792ccde2259885235165,3323,36,.py,tests,VALIDATION_EVIDENCE,Executable validation/test evidence,OK
tests/test_feature_lifecycle_governance.py,C:\BatteredAggieSyndrome\tests\test_feature_lifecycle_governance.py,7bc6cf085cc225981d12f506f6e470177776f9eb63da828a9aa518fece247f80,2642,29,.py,tests,VALIDATION_EVIDENCE,Executable validation/test evidence,OK
tests/test_feature_registry_governance.py,C:\BatteredAggieSyndrome\tests\test_feature_registry_governance.py,a845427f40a9107a9d4e7c1e9284e2afdac3cf34113500cf0bdde455af1ea0a8,2023,29,.py,tests,VALIDATION_EVIDENCE,Executable validation/test evidence,OK
tests/test_feature_tournament.py,C:\BatteredAggieSyndrome\tests\test_feature_tournament.py,f50e591388a433e1c0774fb452e6081ff913760bd7a2312b72e924aef6bc2c31,1142,17,.py,tests,VALIDATION_EVIDENCE,Executable validation/test evidence,OK
tests/test_feature_tournament_full.py,C:\BatteredAggieSyndrome\tests\test_feature_tournament_full.py,181e04cdf30d2d67462ed797e073fc187175a2eb048afd46da8fe87d4d234bcf,908,17,.py,tests,VALIDATION_EVIDENCE,Executable validation/test evidence,OK
tests/test_hpo_engine_full.py,C:\BatteredAggieSyndrome\tests\test_hpo_engine_full.py,c0214a07a541774e396f61e072cfb4b1f62d22949a348c04316db19f3d7b459a,685,15,.py,tests,VALIDATION_EVIDENCE,Executable validation/test evidence,OK
tests/test_hpo_governance.py,C:\BatteredAggieSyndrome\tests\test_hpo_governance.py,2649a396645d9cdf3b48b7ff2a05ddb71e75e90d7b57ed528339cc94234c4aae,1303,21,.py,tests,VALIDATION_EVIDENCE,Executable validation/test evidence,OK
tests/test_hypothesis_queue.py,C:\BatteredAggieSyndrome\tests\test_hypothesis_queue.py,b61dcdf82efc3a646f2fba6458d945775d179991fc2e59b743559e4288148908,668,12,.py,tests,VALIDATION_EVIDENCE,Executable validation/test evidence,OK
tests/test_lineage_full.py,C:\BatteredAggieSyndrome\tests\test_lineage_full.py,ff947e6cf3ead5caa9677e2524f7813bf654f9873be55b35b5818020ca57590e,928,22,.py,tests,VALIDATION_EVIDENCE,Executable validation/test evidence,OK
tests/test_local_tracker_full.py,C:\BatteredAggieSyndrome\tests\test_local_tracker_full.py,2eb346ab5b4d5e28185cf139414fa14c28967c207c181db1b10d37f4f5dae29c,547,14,.py,tests,VALIDATION_EVIDENCE,Executable validation/test evidence,OK
tests/test_locks_full.py,C:\BatteredAggieSyndrome\tests\test_locks_full.py,7d4c8c6920bc3823b14423be661abadce7b027d5dbe16bad213e66a49b85a99d,628,16,.py,tests,VALIDATION_EVIDENCE,Executable validation/test evidence,OK
tests/test_model_architecture_governance.py,C:\BatteredAggieSyndrome\tests\test_model_architecture_governance.py,19acadb595068d59b0f0ab57e3e526ebc3bafa7cb6814a6e16d3727b88b093de,3114,52,.py,tests,VALIDATION_EVIDENCE,Executable validation/test evidence,OK
tests/test_model_tournament.py,C:\BatteredAggieSyndrome\tests\test_model_tournament.py,e973bdad14b4d58e363d1abd89425d491434858ccc01f0fe89edbeb99986ff18,860,14,.py,tests,VALIDATION_EVIDENCE,Executable validation/test evidence,OK
tests/test_model_tournament_full.py,C:\BatteredAggieSyndrome\tests\test_model_tournament_full.py,19fde1d053de4e8ab535e22f361f6c2ba6226ed70a22b3676afbe6c575631595,1340,21,.py,tests,VALIDATION_EVIDENCE,Executable validation/test evidence,OK
tests/test_package_scaffold.py,C:\BatteredAggieSyndrome\tests\test_package_scaffold.py,76a16cf218b5c43f8eb008c4d3cfdf97b040bc96276bbf656cc6bb7db5c5a686,477,18,.py,tests,VALIDATION_EVIDENCE,Executable validation/test evidence,OK
tests/test_player_intelligence_governance.py,C:\BatteredAggieSyndrome\tests\test_player_intelligence_governance.py,23cb894538e4271db8049fa84f0ef289e120a82c5231bb13f17f7d8e6f609737,2834,58,.py,tests,VALIDATION_EVIDENCE,Executable validation/test evidence,OK
tests/test_promotion_bridge_full.py,C:\BatteredAggieSyndrome\tests\test_promotion_bridge_full.py,efb08430eb301b8eb6eb115a1c5fbe1a3c5639ee1d789017790c7cd245e808c8,742,15,.py,tests,VALIDATION_EVIDENCE,Executable validation/test evidence,OK
tests/test_replay_adoption.py,C:\BatteredAggieSyndrome\tests\test_replay_adoption.py,67d953f32d1e5deb99077f13ddd5dfe64bb5614c88a55157545ab5b3e77c5b9c,1085,16,.py,tests,VALIDATION_EVIDENCE,Executable validation/test evidence,OK
tests/test_replay_engine_full.py,C:\BatteredAggieSyndrome\tests\test_replay_engine_full.py,45c13e0ba07d12bb4a625a356ba1c547f85d7965468632c5ef9f7ccd87d01da8,962,19,.py,tests,VALIDATION_EVIDENCE,Executable validation/test evidence,OK
tests/test_repo_integrity_tools.py,C:\BatteredAggieSyndrome\tests\test_repo_integrity_tools.py,8f8170ae2472455e4f9c45e0fd94f01d8850f38d30a97f3cacc31acf4fb544da,1792,40,.py,tests,VALIDATION_EVIDENCE,Executable validation/test evidence,OK
tests/test_resource_scheduler_full.py,C:\BatteredAggieSyndrome\tests\test_resource_scheduler_full.py,c4411c2bc5b359b39c3e77111c9d898a27227812493425423ee52a1b02c1ed04,1333,27,.py,tests,VALIDATION_EVIDENCE,Executable validation/test evidence,OK
tests/test_result_comparison_full.py,C:\BatteredAggieSyndrome\tests\test_result_comparison_full.py,432a113a035907c8ca8e6f9b1b605d31aa9b9f4517a18cb9270a8da0a194f7b5,1250,17,.py,tests,VALIDATION_EVIDENCE,Executable validation/test evidence,OK
tests/test_tamu_specialization_governance.py,C:\BatteredAggieSyndrome\tests\test_tamu_specialization_governance.py,50a18f4ea1fd69de191868abc77f9c410db45e2d3e737b6cef46946661878e98,3259,42,.py,tests,VALIDATION_EVIDENCE,Executable validation/test evidence,OK
tests/test_team_state_governance.py,C:\BatteredAggieSyndrome\tests\test_team_state_governance.py,30b7ef4fa0939f578878e8143d315160ce83f76cb3979b57832a43353cfb0654,3098,45,.py,tests,VALIDATION_EVIDENCE,Executable validation/test evidence,OK
tests/test_temporal_governance.py,C:\BatteredAggieSyndrome\tests\test_temporal_governance.py,b5dd90c6d17d8a0bda840cf043ee290247d8ad418388f308e1b87fb98e3ca2a2,2071,31,.py,tests,VALIDATION_EVIDENCE,Executable validation/test evidence,OK
tests/test_validation_science_governance.py,C:\BatteredAggieSyndrome\tests\test_validation_science_governance.py,86a3012eb96d300ec2e7a9fc0ad55fd5d17903ea1c0f1a5e06c1fbb1d176cf55,2166,47,.py,tests,VALIDATION_EVIDENCE,Executable validation/test evidence,OK
tests/test_w18_full_gate.py,C:\BatteredAggieSyndrome\tests\test_w18_full_gate.py,04f4c8dbd49ea404596cd81873b92e58e27de76b1cb3e7b5b685415968a12edc,1239,25,.py,tests,VALIDATION_EVIDENCE,Executable validation/test evidence,OK
tests/test_w19_foundation.py,C:\BatteredAggieSyndrome\tests\test_w19_foundation.py,33a0987975e4dc97d1d5436c314e445f3e1a386ff139e92c930a624fd2668155,3204,40,.py,tests,VALIDATION_EVIDENCE,Executable validation/test evidence,OK
tests/test_w20_model_starter.py,C:\BatteredAggieSyndrome\tests\test_w20_model_starter.py,68bbe227b3b1be4d1235e29f5c3b43c3cd2974a7d50f074ff18338a6c2017fa3,6474,91,.py,tests,VALIDATION_EVIDENCE,Executable validation/test evidence,OK
tests/test_w21_weekly_mlops.py,C:\BatteredAggieSyndrome\tests\test_w21_weekly_mlops.py,1357a9c65a6f386763d7ba9b2d51c8b6ca87d378f116a5aa89303786d4699cca,5836,79,.py,tests,VALIDATION_EVIDENCE,Executable validation/test evidence,OK
tests/test_w22_product_serving.py,C:\BatteredAggieSyndrome\tests\test_w22_product_serving.py,5eaaafaa0ac8657791307f40f9308a552bc2811d2c5bcf226472bad321e3ef74,11731,196,.py,tests,VALIDATION_EVIDENCE,Executable validation/test evidence,OK
tests/test_w23_operations.py,C:\BatteredAggieSyndrome\tests\test_w23_operations.py,e40036524ef46491f2e6b89b6c640265dfe3913fab2d91cb1187fc47f5070ca9,3482,42,.py,tests,VALIDATION_EVIDENCE,Executable validation/test evidence,OK
tests/test_w24_readiness.py,C:\BatteredAggieSyndrome\tests\test_w24_readiness.py,6ac2c4497df06f9918e12bc521ee20e503627bc6b9d0eb9c32c94c68175532c4,4053,81,.py,tests,VALIDATION_EVIDENCE,Executable validation/test evidence,OK
tests/test_w25_final_handoff.py,C:\BatteredAggieSyndrome\tests\test_w25_final_handoff.py,f3e69d718bdd360f3ad0f331796a40d9a7fba6fffcac5d697b1e30fa370140b9,3666,80,.py,tests,VALIDATION_EVIDENCE,Executable validation/test evidence,OK
tests/test_wave03_governance.py,C:\BatteredAggieSyndrome\tests\test_wave03_governance.py,03ef7fc09adb2ad536fc9e4ffd988bbcd8f4cac832fca125426abb85d3954c12,1025,26,.py,tests,VALIDATION_EVIDENCE,Executable validation/test evidence,OK
tests/test_worktree_resource_policy.py,C:\BatteredAggieSyndrome\tests\test_worktree_resource_policy.py,b51833b738dff611c18ac0c7d879743fae1dac19f71e87b32bb3b54ceae92b31,778,14,.py,tests,VALIDATION_EVIDENCE,Executable validation/test evidence,OK
tools/__init__.py,C:\BatteredAggieSyndrome\tools\__init__.py,efba3e38d7c65a07fb837354b33776aecd4fb11dad137e26ebed95b050d1f8f4,61,1,.py,tools,SUPPORTING,Supporting repository artifact,OK
tools/backup_state.py,C:\BatteredAggieSyndrome\tools\backup_state.py,27341d760085e946fcd66d59cdbdde018e726b3e46d636b4a794c6ebca74341d,615,10,.py,tools,SUPPORTING,Supporting repository artifact,OK
tools/bootstrap_readiness.py,C:\BatteredAggieSyndrome\tools\bootstrap_readiness.py,7c14c738e43943263dee3992c823061e9ea5d83456352a6add7e58a0c40c0e1d,2621,60,.py,tools,SUPPORTING,Supporting repository artifact,OK
tools/build_artifact_record.py,C:\BatteredAggieSyndrome\tools\build_artifact_record.py,2b2b0b8d56c5be4e48f0d389f948ff1fff8b2fbcfaf652caa072e8cd770d4cf1,849,11,.py,tools,SUPPORTING,Supporting repository artifact,OK
tools/capture_runtime_manifest.py,C:\BatteredAggieSyndrome\tools\capture_runtime_manifest.py,5ad74f2a1aeee047e6f27396889b7a44e3d00578d2573f57d884541933b919f5,672,10,.py,tools,SUPPORTING,Supporting repository artifact,OK
tools/check_advanced_challenger_admission.py,C:\BatteredAggieSyndrome\tools\check_advanced_challenger_admission.py,086847923d500722cd99f0295798c2931f23e69795cc286db6f6743083bd742c,611,11,.py,tools,SUPPORTING,Supporting repository artifact,OK
tools/compare_development_results.py,C:\BatteredAggieSyndrome\tools\compare_development_results.py,45a4932c55e100627c8ae2f2352c319181e9874fb1ea9b133b6f4d566e1a807e,924,15,.py,tools,SUPPORTING,Supporting repository artifact,OK
tools/create_experiment.py,C:\BatteredAggieSyndrome\tools\create_experiment.py,93d4bc5849be713832f9582d0fbc31b0cd381783d142d41fae85855dcbe9d5eb,928,22,.py,tools,SUPPORTING,Supporting repository artifact,OK
tools/create_research_packet.py,C:\BatteredAggieSyndrome\tools\create_research_packet.py,bb8507ecc5f97ab948447ac21d2101ff4e98169781aa43c4ae4c8c61c42e19ef,734,16,.py,tools,SUPPORTING,Supporting repository artifact,OK
tools/experiment_store_cli.py,C:\BatteredAggieSyndrome\tools\experiment_store_cli.py,f93acf069cfa716af43a860fdbcfe8793ecd507f213acfffa9adb5e3ac79be65,1308,24,.py,tools,SUPPORTING,Supporting repository artifact,OK
tools/freeze_experiment_spec.py,C:\BatteredAggieSyndrome\tools\freeze_experiment_spec.py,f0a1d2d994054689e62157d566c1131af87ac99f5bb4c5c32bc0d4aecc763f9b,795,19,.py,tools,SUPPORTING,Supporting repository artifact,OK
tools/init_experiment_store.py,C:\BatteredAggieSyndrome\tools\init_experiment_store.py,7a09729bab41b187d4583988e8ccef5406329b0da0500c2f5b37e68b2e05c30c,606,18,.py,tools,SUPPORTING,Supporting repository artifact,OK
tools/package_wave.py,C:\BatteredAggieSyndrome\tools\package_wave.py,d06ac78614c2592e285d68e39bd46544757312ac583641fa9149b529ebb3176f,2868,65,.py,tools,SUPPORTING,Supporting repository artifact,OK
tools/packaging.py,C:\BatteredAggieSyndrome\tools\packaging.py,dd96fcddb1ce47967b5c8ab06ed7f9d1697b5e55eb05f1d2259b197b739fc046,13531,208,.py,tools,SUPPORTING,Supporting repository artifact,OK
tools/repo_integrity.py,C:\BatteredAggieSyndrome\tools\repo_integrity.py,268de064f3197c39138429c8097dc2fc263f58aee3ced3718f1de3ddc3911752,8057,196,.py,tools,SUPPORTING,Supporting repository artifact,OK
tools/restore_state.py,C:\BatteredAggieSyndrome\tools\restore_state.py,8fcd5175ca21507c6940bb3862cbbd4027377f76688a6e3affc53b69dd53d7d8,637,10,.py,tools,SUPPORTING,Supporting repository artifact,OK
tools/run_local_benchmark.py,C:\BatteredAggieSyndrome\tools\run_local_benchmark.py,effb4c18e095bfe04ca507e9234095a64924ec83be9884369122180b68bd5796,837,10,.py,tools,SUPPORTING,Supporting repository artifact,OK
tools/run_product.py,C:\BatteredAggieSyndrome\tools\run_product.py,8fbd99ff21161208f7105897a8e377045117384930ed49ff33e862e7ffd196f6,909,25,.py,tools,SUPPORTING,Supporting repository artifact,OK
tools/run_reference_feature_tournament.py,C:\BatteredAggieSyndrome\tools\run_reference_feature_tournament.py,3c49faa71cb4298f207f2147de6e5516949644296b8984b5da1a28891b665f4f,596,11,.py,tools,SUPPORTING,Supporting repository artifact,OK
tools/run_reference_hpo_grid.py,C:\BatteredAggieSyndrome\tools\run_reference_hpo_grid.py,2f9771d557966516430738d28369e81cf4a871a66a18c05161edaef018673cf1,690,12,.py,tools,SUPPORTING,Supporting repository artifact,OK
tools/run_tournament_reference.py,C:\BatteredAggieSyndrome\tools\run_tournament_reference.py,882a8515a24c9f7a39e17f6cc0cafd4a6aeda647ac75584523d3f9a6f209eeac,934,22,.py,tools,SUPPORTING,Supporting repository artifact,OK
tools/schedule_research_queue.py,C:\BatteredAggieSyndrome\tools\schedule_research_queue.py,d8ce50f1e5124ada775ce11543d8801b640d5d3492d6755c9a765e28ccbff90c,911,19,.py,tools,SUPPORTING,Supporting repository artifact,OK
tools/schema_discovery.py,C:\BatteredAggieSyndrome\tools\schema_discovery.py,dd4cf0cb54923dc5eb027f88a3f65480a5a28db1d79675a6850cb5f2461c4ecc,3920,94,.py,tools,SUPPORTING,Supporting repository artifact,OK
tools/validate_acceptance.py,C:\BatteredAggieSyndrome\tools\validate_acceptance.py,5cc254cc3bd0c11e85f67241075a820a1bd91aaaf54c18a8e8275cd2a59145fb,4161,82,.py,tools,VALIDATION_EVIDENCE,Executable validation/test evidence,OK
tools/validate_architecture.py,C:\BatteredAggieSyndrome\tools\validate_architecture.py,16e31ee27bd970b8ba002ce304810273daf64961213c08204a33fab52a2614d7,5010,133,.py,tools,VALIDATION_EVIDENCE,Executable validation/test evidence,OK
tools/validate_backlog.py,C:\BatteredAggieSyndrome\tools\validate_backlog.py,3593fd55533d29408fc32aa070dfafe581b7dbd67f9e231e517ad4b5e78b6699,5040,77,.py,tools,VALIDATION_EVIDENCE,Executable validation/test evidence,OK
tools/validate_bas_science.py,C:\BatteredAggieSyndrome\tools\validate_bas_science.py,ada88e6a6a599dbb9ed0cd7cdf13a2590d5b0caf6dbc599fcf632504e536f01c,4335,46,.py,tools,VALIDATION_EVIDENCE,Executable validation/test evidence,OK
tools/validate_context_intelligence.py,C:\BatteredAggieSyndrome\tools\validate_context_intelligence.py,98c28785fa782dcf3281e4f4ab2fdddec03f9c2d5c4220da35d949c693fe6292,6502,93,.py,tools,VALIDATION_EVIDENCE,Executable validation/test evidence,OK
tools/validate_data_research.py,C:\BatteredAggieSyndrome\tools\validate_data_research.py,c75721d6b55a25b952500a1bab82bba4d725d96b4fad559bfe3a9fbbbfd432d5,5216,62,.py,tools,VALIDATION_EVIDENCE,Executable validation/test evidence,OK
tools/validate_dependency_policy.py,C:\BatteredAggieSyndrome\tools\validate_dependency_policy.py,180632045b92985c8e687f263d687a551cf4ca224da6a19d43aab4814e7ccb44,1389,23,.py,tools,VALIDATION_EVIDENCE,Executable validation/test evidence,OK
tools/validate_entities.py,C:\BatteredAggieSyndrome\tools\validate_entities.py,f4293b7cfdc2fcac8394dfe968886f91c08619e82d97b42e280c2f38ee535fc1,4328,63,.py,tools,VALIDATION_EVIDENCE,Executable validation/test evidence,OK
tools/validate_experimentation.py,C:\BatteredAggieSyndrome\tools\validate_experimentation.py,9178dbfc01db9901fbef68c81023c22362b11b6f87b9bdcdf2f6398e053435ca,7709,134,.py,tools,VALIDATION_EVIDENCE,Executable validation/test evidence,OK
tools/validate_feature_lifecycle.py,C:\BatteredAggieSyndrome\tools\validate_feature_lifecycle.py,54318298439691b85aaf58475bdab33a567bbd28bb94feb24f7bc43e899fed0b,3654,44,.py,tools,VALIDATION_EVIDENCE,Executable validation/test evidence,OK
tools/validate_feature_registry.py,C:\BatteredAggieSyndrome\tools\validate_feature_registry.py,8870145704a1be579171d02554bbd6a2494c652e3038b89b57f6bf07058c8dc7,3732,53,.py,tools,VALIDATION_EVIDENCE,Executable validation/test evidence,OK
tools/validate_model_architecture.py,C:\BatteredAggieSyndrome\tools\validate_model_architecture.py,91ebd4997785819fc9553f3405b8108a475547c75037b40a7fed27f5d763fd8f,4148,59,.py,tools,VALIDATION_EVIDENCE,Executable validation/test evidence,OK
tools/validate_model_tournament_plan.py,C:\BatteredAggieSyndrome\tools\validate_model_tournament_plan.py,d95c5ab89fe81696d86603589dbfb6fa9bfaa73a2fa66af2748d1e1009c7d6d5,549,11,.py,tools,VALIDATION_EVIDENCE,Executable validation/test evidence,OK
tools/validate_player_intelligence.py,C:\BatteredAggieSyndrome\tools\validate_player_intelligence.py,18af81922e78b9b619137dc34b8617786bc4e325e24266fcc1ed7a15881803af,6996,104,.py,tools,VALIDATION_EVIDENCE,Executable validation/test evidence,OK
tools/validate_repository.py,C:\BatteredAggieSyndrome\tools\validate_repository.py,669707ea08d1968c80911cf36b1be649a440eedffa97145dfab6f1728895d2c9,7118,138,.py,tools,VALIDATION_EVIDENCE,Executable validation/test evidence,OK
tools/validate_tamu_specialization.py,C:\BatteredAggieSyndrome\tools\validate_tamu_specialization.py,8560d4db578f9d3838885806fcfc0eadd57ac56acf5d3032bfa6f1e2e2fe7e5d,5401,57,.py,tools,VALIDATION_EVIDENCE,Executable validation/test evidence,OK
tools/validate_team_state.py,C:\BatteredAggieSyndrome\tools\validate_team_state.py,56c65ad4b76f4ab6ddae887fab5a3eaa791e844642561822df7fff73ecb59061,4412,60,.py,tools,VALIDATION_EVIDENCE,Executable validation/test evidence,OK
tools/validate_temporal.py,C:\BatteredAggieSyndrome\tools\validate_temporal.py,0a39180ec81784d3a2e833af689f41381572554fd29d8ac2f568e3074873e206,3900,66,.py,tools,VALIDATION_EVIDENCE,Executable validation/test evidence,OK
tools/validate_tournament.py,C:\BatteredAggieSyndrome\tools\validate_tournament.py,af22fdd9d1f4d4f41ac464a700cdd2b1fb7cbb1aa60574d1e58cf0b453877d0f,2046,33,.py,tools,VALIDATION_EVIDENCE,Executable validation/test evidence,OK
tools/validate_validation_science.py,C:\BatteredAggieSyndrome\tools\validate_validation_science.py,5aad861f938cdb63c74710822406d0a1c542d189a086b73045b0caf40f6b5011,4828,95,.py,tools,VALIDATION_EVIDENCE,Executable validation/test evidence,OK
tools/validate_w18_full_rebuild.py,C:\BatteredAggieSyndrome\tools\validate_w18_full_rebuild.py,739226160c5c328c1d00fc2893d6c9fe674302f6991325bfabce9cb227e6bebc,2563,50,.py,tools,VALIDATION_EVIDENCE,Executable validation/test evidence,OK
tools/validate_w19_foundation.py,C:\BatteredAggieSyndrome\tools\validate_w19_foundation.py,6313915bd03e33645d3803fd979c508b48aec29b42b8dc7a387cb7b61a6696a1,1563,27,.py,tools,VALIDATION_EVIDENCE,Executable validation/test evidence,OK
tools/validate_w20_starter.py,C:\BatteredAggieSyndrome\tools\validate_w20_starter.py,5e5f1ef209330993a46fa4e41bc9781607ab658870a7e1e82b88d1c38595893c,1819,26,.py,tools,VALIDATION_EVIDENCE,Executable validation/test evidence,OK
tools/validate_w21_mlops.py,C:\BatteredAggieSyndrome\tools\validate_w21_mlops.py,89480ef1c6a5e13e9209b550eca389c1a3dd3d2c8ec2624e888a1182ace67099,2559,42,.py,tools,VALIDATION_EVIDENCE,Executable validation/test evidence,OK
tools/validate_w22_product.py,C:\BatteredAggieSyndrome\tools\validate_w22_product.py,5674f23b541750cb3666a0e7a9ca92f6031fb09db8fc8ecf88d4fa3761ecae24,4240,101,.py,tools,VALIDATION_EVIDENCE,Executable validation/test evidence,OK
tools/validate_w23_operations.py,C:\BatteredAggieSyndrome\tools\validate_w23_operations.py,2617276993bfe929b8582a8bc572fff98b42736e3790188406e383dc853c29fb,2892,44,.py,tools,VALIDATION_EVIDENCE,Executable validation/test evidence,OK
tools/validate_w24_readiness.py,C:\BatteredAggieSyndrome\tools\validate_w24_readiness.py,6b4bfa4ccdbc3c7d3815de81e598f9643b6c052fea1aec8e89f028ec29b15c76,4378,71,.py,tools,VALIDATION_EVIDENCE,Executable validation/test evidence,OK
tools/validate_w25_final.py,C:\BatteredAggieSyndrome\tools\validate_w25_final.py,40adef306a86e8c07e07e0d6442c70272940217628e9b9518a8c72d1a697f0dc,7964,180,.py,tools,VALIDATION_EVIDENCE,Executable validation/test evidence,OK
tools/validate_wave_pair.py,C:\BatteredAggieSyndrome\tools\validate_wave_pair.py,37e10d8195abb27a18d4ef74630721048526469aee72168dba30305d4372ab6d,3174,69,.py,tools,VALIDATION_EVIDENCE,Executable validation/test evidence,OK
tools/verify_experiment_replay.py,C:\BatteredAggieSyndrome\tools\verify_experiment_replay.py,3cf8c014c529e7de29bc34796bdf5c56be0682739f79f36ad8022e10f1606789,797,17,.py,tools,SUPPORTING,Supporting repository artifact,OK
tools/verify_judging_seal.py,C:\BatteredAggieSyndrome\tools\verify_judging_seal.py,ec8d35492fb23412d2288d882d32002309f2a56f2329f6cdc543f799dcc47bbd,635,16,.py,tools,SUPPORTING,Supporting repository artifact,OK
tools/verify_prior_wave.py,C:\BatteredAggieSyndrome\tools\verify_prior_wave.py,4931413bc72b63008b0ff718603844b30935415b446ed9c520da21fe030ae054,1201,36,.py,tools,SUPPORTING,Supporting repository artifact,OK
tools/verify_replay_inputs.py,C:\BatteredAggieSyndrome\tools\verify_replay_inputs.py,130d2b9cd291718a05f2691c8ebb44fef9d591781e0b110b1500e0c0b427e0a5,732,14,.py,tools,SUPPORTING,Supporting repository artifact,OK
