source_local_id,relationship,target_local_id,source_jira_key,target_jira_key,target_link_type_name,status
POST-SUBTASK-001,BLOCKS,POST-STORY-002,{{JIRA_KEY:POST-SUBTASK-001}},{{JIRA_KEY:POST-STORY-002}},Blocks,PENDING_POST_IMPORT_KEY_MAP
POST-SUBTASK-001,BLOCKS,POST-SUBTASK-002,{{JIRA_KEY:POST-SUBTASK-001}},{{JIRA_KEY:POST-SUBTASK-002}},Blocks,PENDING_POST_IMPORT_KEY_MAP
POST-SUBTASK-001,BLOCKS,POST-SUBTASK-003,{{JIRA_KEY:POST-SUBTASK-001}},{{JIRA_KEY:POST-SUBTASK-003}},Blocks,PENDING_POST_IMPORT_KEY_MAP
POST-SUBTASK-001,BLOCKS,POST-SUBTASK-004,{{JIRA_KEY:POST-SUBTASK-001}},{{JIRA_KEY:POST-SUBTASK-004}},Blocks,PENDING_POST_IMPORT_KEY_MAP
POST-SUBTASK-001,BLOCKS,POST-SUBTASK-005,{{JIRA_KEY:POST-SUBTASK-001}},{{JIRA_KEY:POST-SUBTASK-005}},Blocks,PENDING_POST_IMPORT_KEY_MAP
POST-SUBTASK-001,BLOCKS,POST-SUBTASK-006,{{JIRA_KEY:POST-SUBTASK-001}},{{JIRA_KEY:POST-SUBTASK-006}},Blocks,PENDING_POST_IMPORT_KEY_MAP
POST-SUBTASK-002,BLOCKS,POST-EPIC-014,{{JIRA_KEY:POST-SUBTASK-002}},{{JIRA_KEY:POST-EPIC-014}},Blocks,PENDING_POST_IMPORT_KEY_MAP
POST-SUBTASK-002,BLOCKS,POST-STORY-003,{{JIRA_KEY:POST-SUBTASK-002}},{{JIRA_KEY:POST-STORY-003}},Blocks,PENDING_POST_IMPORT_KEY_MAP
POST-SUBTASK-002,BLOCKS,POST-STORY-042,{{JIRA_KEY:POST-SUBTASK-002}},{{JIRA_KEY:POST-STORY-042}},Blocks,PENDING_POST_IMPORT_KEY_MAP
POST-SUBTASK-002,BLOCKS,POST-SUBTASK-003,{{JIRA_KEY:POST-SUBTASK-002}},{{JIRA_KEY:POST-SUBTASK-003}},Blocks,PENDING_POST_IMPORT_KEY_MAP
POST-SUBTASK-002,BLOCKS,POST-SUBTASK-007,{{JIRA_KEY:POST-SUBTASK-002}},{{JIRA_KEY:POST-SUBTASK-007}},Blocks,PENDING_POST_IMPORT_KEY_MAP
POST-SUBTASK-002,BLOCKS,POST-SUBTASK-008,{{JIRA_KEY:POST-SUBTASK-002}},{{JIRA_KEY:POST-SUBTASK-008}},Blocks,PENDING_POST_IMPORT_KEY_MAP
POST-SUBTASK-002,BLOCKS,POST-SUBTASK-009,{{JIRA_KEY:POST-SUBTASK-002}},{{JIRA_KEY:POST-SUBTASK-009}},Blocks,PENDING_POST_IMPORT_KEY_MAP
POST-SUBTASK-002,BLOCKS,POST-SUBTASK-124,{{JIRA_KEY:POST-SUBTASK-002}},{{JIRA_KEY:POST-SUBTASK-124}},Blocks,PENDING_POST_IMPORT_KEY_MAP
POST-SUBTASK-002,BLOCKS,POST-SUBTASK-125,{{JIRA_KEY:POST-SUBTASK-002}},{{JIRA_KEY:POST-SUBTASK-125}},Blocks,PENDING_POST_IMPORT_KEY_MAP
POST-SUBTASK-002,BLOCKS,POST-SUBTASK-126,{{JIRA_KEY:POST-SUBTASK-002}},{{JIRA_KEY:POST-SUBTASK-126}},Blocks,PENDING_POST_IMPORT_KEY_MAP
POST-SUBTASK-004,BLOCKS,POST-SUBTASK-005,{{JIRA_KEY:POST-SUBTASK-004}},{{JIRA_KEY:POST-SUBTASK-005}},Blocks,PENDING_POST_IMPORT_KEY_MAP
POST-SUBTASK-004,BLOCKS,POST-SUBTASK-006,{{JIRA_KEY:POST-SUBTASK-004}},{{JIRA_KEY:POST-SUBTASK-006}},Blocks,PENDING_POST_IMPORT_KEY_MAP
POST-SUBTASK-005,BLOCKS,POST-SUBTASK-006,{{JIRA_KEY:POST-SUBTASK-005}},{{JIRA_KEY:POST-SUBTASK-006}},Blocks,PENDING_POST_IMPORT_KEY_MAP
POST-SUBTASK-006,BLOCKS,POST-STORY-003,{{JIRA_KEY:POST-SUBTASK-006}},{{JIRA_KEY:POST-STORY-003}},Blocks,PENDING_POST_IMPORT_KEY_MAP
POST-SUBTASK-006,BLOCKS,POST-STORY-009,{{JIRA_KEY:POST-SUBTASK-006}},{{JIRA_KEY:POST-STORY-009}},Blocks,PENDING_POST_IMPORT_KEY_MAP
POST-SUBTASK-006,BLOCKS,POST-SUBTASK-007,{{JIRA_KEY:POST-SUBTASK-006}},{{JIRA_KEY:POST-SUBTASK-007}},Blocks,PENDING_POST_IMPORT_KEY_MAP
POST-SUBTASK-006,BLOCKS,POST-SUBTASK-008,{{JIRA_KEY:POST-SUBTASK-006}},{{JIRA_KEY:POST-SUBTASK-008}},Blocks,PENDING_POST_IMPORT_KEY_MAP
POST-SUBTASK-006,BLOCKS,POST-SUBTASK-009,{{JIRA_KEY:POST-SUBTASK-006}},{{JIRA_KEY:POST-SUBTASK-009}},Blocks,PENDING_POST_IMPORT_KEY_MAP
POST-SUBTASK-006,BLOCKS,POST-SUBTASK-025,{{JIRA_KEY:POST-SUBTASK-006}},{{JIRA_KEY:POST-SUBTASK-025}},Blocks,PENDING_POST_IMPORT_KEY_MAP
POST-SUBTASK-006,BLOCKS,POST-SUBTASK-026,{{JIRA_KEY:POST-SUBTASK-006}},{{JIRA_KEY:POST-SUBTASK-026}},Blocks,PENDING_POST_IMPORT_KEY_MAP
POST-SUBTASK-006,BLOCKS,POST-SUBTASK-027,{{JIRA_KEY:POST-SUBTASK-006}},{{JIRA_KEY:POST-SUBTASK-027}},Blocks,PENDING_POST_IMPORT_KEY_MAP
POST-SUBTASK-007,BLOCKS,POST-SUBTASK-008,{{JIRA_KEY:POST-SUBTASK-007}},{{JIRA_KEY:POST-SUBTASK-008}},Blocks,PENDING_POST_IMPORT_KEY_MAP
POST-SUBTASK-007,BLOCKS,POST-SUBTASK-009,{{JIRA_KEY:POST-SUBTASK-007}},{{JIRA_KEY:POST-SUBTASK-009}},Blocks,PENDING_POST_IMPORT_KEY_MAP
POST-SUBTASK-008,BLOCKS,POST-SUBTASK-009,{{JIRA_KEY:POST-SUBTASK-008}},{{JIRA_KEY:POST-SUBTASK-009}},Blocks,PENDING_POST_IMPORT_KEY_MAP
POST-SUBTASK-009,BLOCKS,POST-EPIC-015,{{JIRA_KEY:POST-SUBTASK-009}},{{JIRA_KEY:POST-EPIC-015}},Blocks,PENDING_POST_IMPORT_KEY_MAP
POST-SUBTASK-009,BLOCKS,POST-STORY-004,{{JIRA_KEY:POST-SUBTASK-009}},{{JIRA_KEY:POST-STORY-004}},Blocks,PENDING_POST_IMPORT_KEY_MAP
POST-SUBTASK-009,BLOCKS,POST-STORY-041,{{JIRA_KEY:POST-SUBTASK-009}},{{JIRA_KEY:POST-STORY-041}},Blocks,PENDING_POST_IMPORT_KEY_MAP
POST-SUBTASK-009,BLOCKS,POST-STORY-046,{{JIRA_KEY:POST-SUBTASK-009}},{{JIRA_KEY:POST-STORY-046}},Blocks,PENDING_POST_IMPORT_KEY_MAP
POST-SUBTASK-009,BLOCKS,POST-SUBTASK-010,{{JIRA_KEY:POST-SUBTASK-009}},{{JIRA_KEY:POST-SUBTASK-010}},Blocks,PENDING_POST_IMPORT_KEY_MAP
POST-SUBTASK-009,BLOCKS,POST-SUBTASK-011,{{JIRA_KEY:POST-SUBTASK-009}},{{JIRA_KEY:POST-SUBTASK-011}},Blocks,PENDING_POST_IMPORT_KEY_MAP
POST-SUBTASK-009,BLOCKS,POST-SUBTASK-012,{{JIRA_KEY:POST-SUBTASK-009}},{{JIRA_KEY:POST-SUBTASK-012}},Blocks,PENDING_POST_IMPORT_KEY_MAP
POST-SUBTASK-009,BLOCKS,POST-SUBTASK-121,{{JIRA_KEY:POST-SUBTASK-009}},{{JIRA_KEY:POST-SUBTASK-121}},Blocks,PENDING_POST_IMPORT_KEY_MAP
POST-SUBTASK-009,BLOCKS,POST-SUBTASK-122,{{JIRA_KEY:POST-SUBTASK-009}},{{JIRA_KEY:POST-SUBTASK-122}},Blocks,PENDING_POST_IMPORT_KEY_MAP
POST-SUBTASK-009,BLOCKS,POST-SUBTASK-123,{{JIRA_KEY:POST-SUBTASK-009}},{{JIRA_KEY:POST-SUBTASK-123}},Blocks,PENDING_POST_IMPORT_KEY_MAP
POST-SUBTASK-009,BLOCKS,POST-SUBTASK-136,{{JIRA_KEY:POST-SUBTASK-009}},{{JIRA_KEY:POST-SUBTASK-136}},Blocks,PENDING_POST_IMPORT_KEY_MAP
POST-SUBTASK-009,BLOCKS,POST-SUBTASK-137,{{JIRA_KEY:POST-SUBTASK-009}},{{JIRA_KEY:POST-SUBTASK-137}},Blocks,PENDING_POST_IMPORT_KEY_MAP
POST-SUBTASK-009,BLOCKS,POST-SUBTASK-138,{{JIRA_KEY:POST-SUBTASK-009}},{{JIRA_KEY:POST-SUBTASK-138}},Blocks,PENDING_POST_IMPORT_KEY_MAP
POST-SUBTASK-010,BLOCKS,POST-SUBTASK-011,{{JIRA_KEY:POST-SUBTASK-010}},{{JIRA_KEY:POST-SUBTASK-011}},Blocks,PENDING_POST_IMPORT_KEY_MAP
POST-SUBTASK-010,BLOCKS,POST-SUBTASK-012,{{JIRA_KEY:POST-SUBTASK-010}},{{JIRA_KEY:POST-SUBTASK-012}},Blocks,PENDING_POST_IMPORT_KEY_MAP
POST-SUBTASK-011,BLOCKS,POST-SUBTASK-012,{{JIRA_KEY:POST-SUBTASK-011}},{{JIRA_KEY:POST-SUBTASK-012}},Blocks,PENDING_POST_IMPORT_KEY_MAP
POST-SUBTASK-013,BLOCKS,POST-SUBTASK-014,{{JIRA_KEY:POST-SUBTASK-013}},{{JIRA_KEY:POST-SUBTASK-014}},Blocks,PENDING_POST_IMPORT_KEY_MAP
POST-SUBTASK-013,BLOCKS,POST-SUBTASK-015,{{JIRA_KEY:POST-SUBTASK-013}},{{JIRA_KEY:POST-SUBTASK-015}},Blocks,PENDING_POST_IMPORT_KEY_MAP
POST-SUBTASK-014,BLOCKS,POST-SUBTASK-015,{{JIRA_KEY:POST-SUBTASK-014}},{{JIRA_KEY:POST-SUBTASK-015}},Blocks,PENDING_POST_IMPORT_KEY_MAP
POST-SUBTASK-015,BLOCKS,POST-STORY-006,{{JIRA_KEY:POST-SUBTASK-015}},{{JIRA_KEY:POST-STORY-006}},Blocks,PENDING_POST_IMPORT_KEY_MAP
POST-SUBTASK-015,BLOCKS,POST-STORY-007,{{JIRA_KEY:POST-SUBTASK-015}},{{JIRA_KEY:POST-STORY-007}},Blocks,PENDING_POST_IMPORT_KEY_MAP
POST-SUBTASK-015,BLOCKS,POST-SUBTASK-016,{{JIRA_KEY:POST-SUBTASK-015}},{{JIRA_KEY:POST-SUBTASK-016}},Blocks,PENDING_POST_IMPORT_KEY_MAP
POST-SUBTASK-015,BLOCKS,POST-SUBTASK-017,{{JIRA_KEY:POST-SUBTASK-015}},{{JIRA_KEY:POST-SUBTASK-017}},Blocks,PENDING_POST_IMPORT_KEY_MAP
POST-SUBTASK-015,BLOCKS,POST-SUBTASK-018,{{JIRA_KEY:POST-SUBTASK-015}},{{JIRA_KEY:POST-SUBTASK-018}},Blocks,PENDING_POST_IMPORT_KEY_MAP
POST-SUBTASK-015,BLOCKS,POST-SUBTASK-019,{{JIRA_KEY:POST-SUBTASK-015}},{{JIRA_KEY:POST-SUBTASK-019}},Blocks,PENDING_POST_IMPORT_KEY_MAP
POST-SUBTASK-015,BLOCKS,POST-SUBTASK-020,{{JIRA_KEY:POST-SUBTASK-015}},{{JIRA_KEY:POST-SUBTASK-020}},Blocks,PENDING_POST_IMPORT_KEY_MAP
POST-SUBTASK-015,BLOCKS,POST-SUBTASK-021,{{JIRA_KEY:POST-SUBTASK-015}},{{JIRA_KEY:POST-SUBTASK-021}},Blocks,PENDING_POST_IMPORT_KEY_MAP
POST-SUBTASK-016,BLOCKS,POST-SUBTASK-017,{{JIRA_KEY:POST-SUBTASK-016}},{{JIRA_KEY:POST-SUBTASK-017}},Blocks,PENDING_POST_IMPORT_KEY_MAP
POST-SUBTASK-016,BLOCKS,POST-SUBTASK-018,{{JIRA_KEY:POST-SUBTASK-016}},{{JIRA_KEY:POST-SUBTASK-018}},Blocks,PENDING_POST_IMPORT_KEY_MAP
POST-SUBTASK-017,BLOCKS,POST-SUBTASK-018,{{JIRA_KEY:POST-SUBTASK-017}},{{JIRA_KEY:POST-SUBTASK-018}},Blocks,PENDING_POST_IMPORT_KEY_MAP
POST-SUBTASK-018,BLOCKS,POST-STORY-008,{{JIRA_KEY:POST-SUBTASK-018}},{{JIRA_KEY:POST-STORY-008}},Blocks,PENDING_POST_IMPORT_KEY_MAP
POST-SUBTASK-018,BLOCKS,POST-STORY-009,{{JIRA_KEY:POST-SUBTASK-018}},{{JIRA_KEY:POST-STORY-009}},Blocks,PENDING_POST_IMPORT_KEY_MAP
POST-SUBTASK-018,BLOCKS,POST-SUBTASK-022,{{JIRA_KEY:POST-SUBTASK-018}},{{JIRA_KEY:POST-SUBTASK-022}},Blocks,PENDING_POST_IMPORT_KEY_MAP
POST-SUBTASK-018,BLOCKS,POST-SUBTASK-023,{{JIRA_KEY:POST-SUBTASK-018}},{{JIRA_KEY:POST-SUBTASK-023}},Blocks,PENDING_POST_IMPORT_KEY_MAP
POST-SUBTASK-018,BLOCKS,POST-SUBTASK-024,{{JIRA_KEY:POST-SUBTASK-018}},{{JIRA_KEY:POST-SUBTASK-024}},Blocks,PENDING_POST_IMPORT_KEY_MAP
POST-SUBTASK-018,BLOCKS,POST-SUBTASK-025,{{JIRA_KEY:POST-SUBTASK-018}},{{JIRA_KEY:POST-SUBTASK-025}},Blocks,PENDING_POST_IMPORT_KEY_MAP
POST-SUBTASK-018,BLOCKS,POST-SUBTASK-026,{{JIRA_KEY:POST-SUBTASK-018}},{{JIRA_KEY:POST-SUBTASK-026}},Blocks,PENDING_POST_IMPORT_KEY_MAP
POST-SUBTASK-018,BLOCKS,POST-SUBTASK-027,{{JIRA_KEY:POST-SUBTASK-018}},{{JIRA_KEY:POST-SUBTASK-027}},Blocks,PENDING_POST_IMPORT_KEY_MAP
POST-SUBTASK-019,BLOCKS,POST-SUBTASK-020,{{JIRA_KEY:POST-SUBTASK-019}},{{JIRA_KEY:POST-SUBTASK-020}},Blocks,PENDING_POST_IMPORT_KEY_MAP
POST-SUBTASK-019,BLOCKS,POST-SUBTASK-021,{{JIRA_KEY:POST-SUBTASK-019}},{{JIRA_KEY:POST-SUBTASK-021}},Blocks,PENDING_POST_IMPORT_KEY_MAP
POST-SUBTASK-020,BLOCKS,POST-SUBTASK-021,{{JIRA_KEY:POST-SUBTASK-020}},{{JIRA_KEY:POST-SUBTASK-021}},Blocks,PENDING_POST_IMPORT_KEY_MAP
POST-SUBTASK-021,BLOCKS,POST-STORY-008,{{JIRA_KEY:POST-SUBTASK-021}},{{JIRA_KEY:POST-STORY-008}},Blocks,PENDING_POST_IMPORT_KEY_MAP
POST-SUBTASK-021,BLOCKS,POST-STORY-009,{{JIRA_KEY:POST-SUBTASK-021}},{{JIRA_KEY:POST-STORY-009}},Blocks,PENDING_POST_IMPORT_KEY_MAP
POST-SUBTASK-021,BLOCKS,POST-SUBTASK-022,{{JIRA_KEY:POST-SUBTASK-021}},{{JIRA_KEY:POST-SUBTASK-022}},Blocks,PENDING_POST_IMPORT_KEY_MAP
POST-SUBTASK-021,BLOCKS,POST-SUBTASK-023,{{JIRA_KEY:POST-SUBTASK-021}},{{JIRA_KEY:POST-SUBTASK-023}},Blocks,PENDING_POST_IMPORT_KEY_MAP
POST-SUBTASK-021,BLOCKS,POST-SUBTASK-024,{{JIRA_KEY:POST-SUBTASK-021}},{{JIRA_KEY:POST-SUBTASK-024}},Blocks,PENDING_POST_IMPORT_KEY_MAP
POST-SUBTASK-021,BLOCKS,POST-SUBTASK-025,{{JIRA_KEY:POST-SUBTASK-021}},{{JIRA_KEY:POST-SUBTASK-025}},Blocks,PENDING_POST_IMPORT_KEY_MAP
POST-SUBTASK-021,BLOCKS,POST-SUBTASK-026,{{JIRA_KEY:POST-SUBTASK-021}},{{JIRA_KEY:POST-SUBTASK-026}},Blocks,PENDING_POST_IMPORT_KEY_MAP
POST-SUBTASK-021,BLOCKS,POST-SUBTASK-027,{{JIRA_KEY:POST-SUBTASK-021}},{{JIRA_KEY:POST-SUBTASK-027}},Blocks,PENDING_POST_IMPORT_KEY_MAP
POST-SUBTASK-022,BLOCKS,POST-STORY-009,{{JIRA_KEY:POST-SUBTASK-022}},{{JIRA_KEY:POST-STORY-009}},Blocks,PENDING_POST_IMPORT_KEY_MAP
POST-SUBTASK-022,BLOCKS,POST-SUBTASK-023,{{JIRA_KEY:POST-SUBTASK-022}},{{JIRA_KEY:POST-SUBTASK-023}},Blocks,PENDING_POST_IMPORT_KEY_MAP
POST-SUBTASK-022,BLOCKS,POST-SUBTASK-024,{{JIRA_KEY:POST-SUBTASK-022}},{{JIRA_KEY:POST-SUBTASK-024}},Blocks,PENDING_POST_IMPORT_KEY_MAP
POST-SUBTASK-022,BLOCKS,POST-SUBTASK-025,{{JIRA_KEY:POST-SUBTASK-022}},{{JIRA_KEY:POST-SUBTASK-025}},Blocks,PENDING_POST_IMPORT_KEY_MAP
POST-SUBTASK-022,BLOCKS,POST-SUBTASK-026,{{JIRA_KEY:POST-SUBTASK-022}},{{JIRA_KEY:POST-SUBTASK-026}},Blocks,PENDING_POST_IMPORT_KEY_MAP
POST-SUBTASK-022,BLOCKS,POST-SUBTASK-027,{{JIRA_KEY:POST-SUBTASK-022}},{{JIRA_KEY:POST-SUBTASK-027}},Blocks,PENDING_POST_IMPORT_KEY_MAP
POST-SUBTASK-023,BLOCKS,POST-SUBTASK-024,{{JIRA_KEY:POST-SUBTASK-023}},{{JIRA_KEY:POST-SUBTASK-024}},Blocks,PENDING_POST_IMPORT_KEY_MAP
POST-SUBTASK-024,BLOCKS,POST-EPIC-003,{{JIRA_KEY:POST-SUBTASK-024}},{{JIRA_KEY:POST-EPIC-003}},Blocks,PENDING_POST_IMPORT_KEY_MAP
POST-SUBTASK-024,BLOCKS,POST-EPIC-014,{{JIRA_KEY:POST-SUBTASK-024}},{{JIRA_KEY:POST-EPIC-014}},Blocks,PENDING_POST_IMPORT_KEY_MAP
POST-SUBTASK-024,BLOCKS,POST-STORY-036,{{JIRA_KEY:POST-SUBTASK-024}},{{JIRA_KEY:POST-STORY-036}},Blocks,PENDING_POST_IMPORT_KEY_MAP
POST-SUBTASK-024,BLOCKS,POST-STORY-043,{{JIRA_KEY:POST-SUBTASK-024}},{{JIRA_KEY:POST-STORY-043}},Blocks,PENDING_POST_IMPORT_KEY_MAP
POST-SUBTASK-024,BLOCKS,POST-SUBTASK-106,{{JIRA_KEY:POST-SUBTASK-024}},{{JIRA_KEY:POST-SUBTASK-106}},Blocks,PENDING_POST_IMPORT_KEY_MAP
POST-SUBTASK-024,BLOCKS,POST-SUBTASK-107,{{JIRA_KEY:POST-SUBTASK-024}},{{JIRA_KEY:POST-SUBTASK-107}},Blocks,PENDING_POST_IMPORT_KEY_MAP
POST-SUBTASK-024,BLOCKS,POST-SUBTASK-108,{{JIRA_KEY:POST-SUBTASK-024}},{{JIRA_KEY:POST-SUBTASK-108}},Blocks,PENDING_POST_IMPORT_KEY_MAP
POST-SUBTASK-024,BLOCKS,POST-SUBTASK-127,{{JIRA_KEY:POST-SUBTASK-024}},{{JIRA_KEY:POST-SUBTASK-127}},Blocks,PENDING_POST_IMPORT_KEY_MAP
POST-SUBTASK-024,BLOCKS,POST-SUBTASK-128,{{JIRA_KEY:POST-SUBTASK-024}},{{JIRA_KEY:POST-SUBTASK-128}},Blocks,PENDING_POST_IMPORT_KEY_MAP
POST-SUBTASK-024,BLOCKS,POST-SUBTASK-129,{{JIRA_KEY:POST-SUBTASK-024}},{{JIRA_KEY:POST-SUBTASK-129}},Blocks,PENDING_POST_IMPORT_KEY_MAP
POST-SUBTASK-025,BLOCKS,POST-SUBTASK-026,{{JIRA_KEY:POST-SUBTASK-025}},{{JIRA_KEY:POST-SUBTASK-026}},Blocks,PENDING_POST_IMPORT_KEY_MAP
POST-SUBTASK-025,BLOCKS,POST-SUBTASK-027,{{JIRA_KEY:POST-SUBTASK-025}},{{JIRA_KEY:POST-SUBTASK-027}},Blocks,PENDING_POST_IMPORT_KEY_MAP
POST-SUBTASK-026,BLOCKS,POST-SUBTASK-027,{{JIRA_KEY:POST-SUBTASK-026}},{{JIRA_KEY:POST-SUBTASK-027}},Blocks,PENDING_POST_IMPORT_KEY_MAP
POST-SUBTASK-027,BLOCKS,POST-STORY-010,{{JIRA_KEY:POST-SUBTASK-027}},{{JIRA_KEY:POST-STORY-010}},Blocks,PENDING_POST_IMPORT_KEY_MAP
POST-SUBTASK-027,BLOCKS,POST-STORY-011,{{JIRA_KEY:POST-SUBTASK-027}},{{JIRA_KEY:POST-STORY-011}},Blocks,PENDING_POST_IMPORT_KEY_MAP
POST-SUBTASK-027,BLOCKS,POST-SUBTASK-028,{{JIRA_KEY:POST-SUBTASK-027}},{{JIRA_KEY:POST-SUBTASK-028}},Blocks,PENDING_POST_IMPORT_KEY_MAP
POST-SUBTASK-027,BLOCKS,POST-SUBTASK-029,{{JIRA_KEY:POST-SUBTASK-027}},{{JIRA_KEY:POST-SUBTASK-029}},Blocks,PENDING_POST_IMPORT_KEY_MAP
POST-SUBTASK-027,BLOCKS,POST-SUBTASK-030,{{JIRA_KEY:POST-SUBTASK-027}},{{JIRA_KEY:POST-SUBTASK-030}},Blocks,PENDING_POST_IMPORT_KEY_MAP
POST-SUBTASK-027,BLOCKS,POST-SUBTASK-031,{{JIRA_KEY:POST-SUBTASK-027}},{{JIRA_KEY:POST-SUBTASK-031}},Blocks,PENDING_POST_IMPORT_KEY_MAP
POST-SUBTASK-027,BLOCKS,POST-SUBTASK-032,{{JIRA_KEY:POST-SUBTASK-027}},{{JIRA_KEY:POST-SUBTASK-032}},Blocks,PENDING_POST_IMPORT_KEY_MAP
POST-SUBTASK-027,BLOCKS,POST-SUBTASK-033,{{JIRA_KEY:POST-SUBTASK-027}},{{JIRA_KEY:POST-SUBTASK-033}},Blocks,PENDING_POST_IMPORT_KEY_MAP
POST-SUBTASK-028,BLOCKS,POST-SUBTASK-029,{{JIRA_KEY:POST-SUBTASK-028}},{{JIRA_KEY:POST-SUBTASK-029}},Blocks,PENDING_POST_IMPORT_KEY_MAP
POST-SUBTASK-028,BLOCKS,POST-SUBTASK-030,{{JIRA_KEY:POST-SUBTASK-028}},{{JIRA_KEY:POST-SUBTASK-030}},Blocks,PENDING_POST_IMPORT_KEY_MAP
POST-SUBTASK-028,BLOCKS,POST-SUBTASK-162,{{JIRA_KEY:POST-SUBTASK-028}},{{JIRA_KEY:POST-SUBTASK-162}},Blocks,PENDING_POST_IMPORT_KEY_MAP
POST-SUBTASK-028,BLOCKS,POST-SUBTASK-165,{{JIRA_KEY:POST-SUBTASK-028}},{{JIRA_KEY:POST-SUBTASK-165}},Blocks,PENDING_POST_IMPORT_KEY_MAP
POST-SUBTASK-028,BLOCKS,POST-SUBTASK-167,{{JIRA_KEY:POST-SUBTASK-028}},{{JIRA_KEY:POST-SUBTASK-167}},Blocks,PENDING_POST_IMPORT_KEY_MAP
POST-SUBTASK-029,BLOCKS,POST-SUBTASK-030,{{JIRA_KEY:POST-SUBTASK-029}},{{JIRA_KEY:POST-SUBTASK-030}},Blocks,PENDING_POST_IMPORT_KEY_MAP
POST-SUBTASK-029,BLOCKS,POST-SUBTASK-170,{{JIRA_KEY:POST-SUBTASK-029}},{{JIRA_KEY:POST-SUBTASK-170}},Blocks,PENDING_POST_IMPORT_KEY_MAP
POST-SUBTASK-029,BLOCKS,POST-SUBTASK-173,{{JIRA_KEY:POST-SUBTASK-029}},{{JIRA_KEY:POST-SUBTASK-173}},Blocks,PENDING_POST_IMPORT_KEY_MAP
POST-SUBTASK-029,BLOCKS,POST-SUBTASK-174,{{JIRA_KEY:POST-SUBTASK-029}},{{JIRA_KEY:POST-SUBTASK-174}},Blocks,PENDING_POST_IMPORT_KEY_MAP
POST-SUBTASK-029,BLOCKS,POST-SUBTASK-175,{{JIRA_KEY:POST-SUBTASK-029}},{{JIRA_KEY:POST-SUBTASK-175}},Blocks,PENDING_POST_IMPORT_KEY_MAP
POST-SUBTASK-029,BLOCKS,POST-SUBTASK-176,{{JIRA_KEY:POST-SUBTASK-029}},{{JIRA_KEY:POST-SUBTASK-176}},Blocks,PENDING_POST_IMPORT_KEY_MAP
POST-SUBTASK-029,BLOCKS,POST-SUBTASK-178,{{JIRA_KEY:POST-SUBTASK-029}},{{JIRA_KEY:POST-SUBTASK-178}},Blocks,PENDING_POST_IMPORT_KEY_MAP
POST-SUBTASK-029,BLOCKS,POST-SUBTASK-179,{{JIRA_KEY:POST-SUBTASK-029}},{{JIRA_KEY:POST-SUBTASK-179}},Blocks,PENDING_POST_IMPORT_KEY_MAP
POST-SUBTASK-029,BLOCKS,POST-SUBTASK-185,{{JIRA_KEY:POST-SUBTASK-029}},{{JIRA_KEY:POST-SUBTASK-185}},Blocks,PENDING_POST_IMPORT_KEY_MAP
POST-SUBTASK-029,BLOCKS,POST-SUBTASK-186,{{JIRA_KEY:POST-SUBTASK-029}},{{JIRA_KEY:POST-SUBTASK-186}},Blocks,PENDING_POST_IMPORT_KEY_MAP
POST-SUBTASK-029,BLOCKS,POST-SUBTASK-188,{{JIRA_KEY:POST-SUBTASK-029}},{{JIRA_KEY:POST-SUBTASK-188}},Blocks,PENDING_POST_IMPORT_KEY_MAP
POST-SUBTASK-029,BLOCKS,POST-SUBTASK-189,{{JIRA_KEY:POST-SUBTASK-029}},{{JIRA_KEY:POST-SUBTASK-189}},Blocks,PENDING_POST_IMPORT_KEY_MAP
POST-SUBTASK-029,BLOCKS,POST-SUBTASK-190,{{JIRA_KEY:POST-SUBTASK-029}},{{JIRA_KEY:POST-SUBTASK-190}},Blocks,PENDING_POST_IMPORT_KEY_MAP
POST-SUBTASK-029,BLOCKS,POST-SUBTASK-191,{{JIRA_KEY:POST-SUBTASK-029}},{{JIRA_KEY:POST-SUBTASK-191}},Blocks,PENDING_POST_IMPORT_KEY_MAP
POST-SUBTASK-029,BLOCKS,POST-SUBTASK-192,{{JIRA_KEY:POST-SUBTASK-029}},{{JIRA_KEY:POST-SUBTASK-192}},Blocks,PENDING_POST_IMPORT_KEY_MAP
POST-SUBTASK-029,BLOCKS,POST-SUBTASK-193,{{JIRA_KEY:POST-SUBTASK-029}},{{JIRA_KEY:POST-SUBTASK-193}},Blocks,PENDING_POST_IMPORT_KEY_MAP
POST-SUBTASK-029,BLOCKS,POST-SUBTASK-194,{{JIRA_KEY:POST-SUBTASK-029}},{{JIRA_KEY:POST-SUBTASK-194}},Blocks,PENDING_POST_IMPORT_KEY_MAP
POST-SUBTASK-030,BLOCKS,POST-EPIC-007,{{JIRA_KEY:POST-SUBTASK-030}},{{JIRA_KEY:POST-EPIC-007}},Blocks,PENDING_POST_IMPORT_KEY_MAP
POST-SUBTASK-030,BLOCKS,POST-STORY-011,{{JIRA_KEY:POST-SUBTASK-030}},{{JIRA_KEY:POST-STORY-011}},Blocks,PENDING_POST_IMPORT_KEY_MAP
POST-SUBTASK-030,BLOCKS,POST-STORY-021,{{JIRA_KEY:POST-SUBTASK-030}},{{JIRA_KEY:POST-STORY-021}},Blocks,PENDING_POST_IMPORT_KEY_MAP
POST-SUBTASK-030,BLOCKS,POST-STORY-023,{{JIRA_KEY:POST-SUBTASK-030}},{{JIRA_KEY:POST-STORY-023}},Blocks,PENDING_POST_IMPORT_KEY_MAP
POST-SUBTASK-030,BLOCKS,POST-SUBTASK-031,{{JIRA_KEY:POST-SUBTASK-030}},{{JIRA_KEY:POST-SUBTASK-031}},Blocks,PENDING_POST_IMPORT_KEY_MAP
POST-SUBTASK-030,BLOCKS,POST-SUBTASK-032,{{JIRA_KEY:POST-SUBTASK-030}},{{JIRA_KEY:POST-SUBTASK-032}},Blocks,PENDING_POST_IMPORT_KEY_MAP
POST-SUBTASK-030,BLOCKS,POST-SUBTASK-033,{{JIRA_KEY:POST-SUBTASK-030}},{{JIRA_KEY:POST-SUBTASK-033}},Blocks,PENDING_POST_IMPORT_KEY_MAP
POST-SUBTASK-030,BLOCKS,POST-SUBTASK-061,{{JIRA_KEY:POST-SUBTASK-030}},{{JIRA_KEY:POST-SUBTASK-061}},Blocks,PENDING_POST_IMPORT_KEY_MAP
POST-SUBTASK-030,BLOCKS,POST-SUBTASK-062,{{JIRA_KEY:POST-SUBTASK-030}},{{JIRA_KEY:POST-SUBTASK-062}},Blocks,PENDING_POST_IMPORT_KEY_MAP
POST-SUBTASK-030,BLOCKS,POST-SUBTASK-063,{{JIRA_KEY:POST-SUBTASK-030}},{{JIRA_KEY:POST-SUBTASK-063}},Blocks,PENDING_POST_IMPORT_KEY_MAP
POST-SUBTASK-030,BLOCKS,POST-SUBTASK-067,{{JIRA_KEY:POST-SUBTASK-030}},{{JIRA_KEY:POST-SUBTASK-067}},Blocks,PENDING_POST_IMPORT_KEY_MAP
POST-SUBTASK-030,BLOCKS,POST-SUBTASK-068,{{JIRA_KEY:POST-SUBTASK-030}},{{JIRA_KEY:POST-SUBTASK-068}},Blocks,PENDING_POST_IMPORT_KEY_MAP
POST-SUBTASK-030,BLOCKS,POST-SUBTASK-069,{{JIRA_KEY:POST-SUBTASK-030}},{{JIRA_KEY:POST-SUBTASK-069}},Blocks,PENDING_POST_IMPORT_KEY_MAP
POST-SUBTASK-031,BLOCKS,POST-SUBTASK-032,{{JIRA_KEY:POST-SUBTASK-031}},{{JIRA_KEY:POST-SUBTASK-032}},Blocks,PENDING_POST_IMPORT_KEY_MAP
POST-SUBTASK-031,BLOCKS,POST-SUBTASK-033,{{JIRA_KEY:POST-SUBTASK-031}},{{JIRA_KEY:POST-SUBTASK-033}},Blocks,PENDING_POST_IMPORT_KEY_MAP
POST-SUBTASK-032,BLOCKS,POST-SUBTASK-033,{{JIRA_KEY:POST-SUBTASK-032}},{{JIRA_KEY:POST-SUBTASK-033}},Blocks,PENDING_POST_IMPORT_KEY_MAP
POST-SUBTASK-033,BLOCKS,POST-EPIC-004,{{JIRA_KEY:POST-SUBTASK-033}},{{JIRA_KEY:POST-EPIC-004}},Blocks,PENDING_POST_IMPORT_KEY_MAP
POST-SUBTASK-033,BLOCKS,POST-STORY-012,{{JIRA_KEY:POST-SUBTASK-033}},{{JIRA_KEY:POST-STORY-012}},Blocks,PENDING_POST_IMPORT_KEY_MAP
POST-SUBTASK-033,BLOCKS,POST-SUBTASK-034,{{JIRA_KEY:POST-SUBTASK-033}},{{JIRA_KEY:POST-SUBTASK-034}},Blocks,PENDING_POST_IMPORT_KEY_MAP
POST-SUBTASK-033,BLOCKS,POST-SUBTASK-035,{{JIRA_KEY:POST-SUBTASK-033}},{{JIRA_KEY:POST-SUBTASK-035}},Blocks,PENDING_POST_IMPORT_KEY_MAP
POST-SUBTASK-033,BLOCKS,POST-SUBTASK-036,{{JIRA_KEY:POST-SUBTASK-033}},{{JIRA_KEY:POST-SUBTASK-036}},Blocks,PENDING_POST_IMPORT_KEY_MAP
POST-SUBTASK-033,BLOCKS,POST-SUBTASK-072,{{JIRA_KEY:POST-SUBTASK-033}},{{JIRA_KEY:POST-SUBTASK-072}},Blocks,PENDING_POST_IMPORT_KEY_MAP
POST-SUBTASK-034,BLOCKS,POST-SUBTASK-035,{{JIRA_KEY:POST-SUBTASK-034}},{{JIRA_KEY:POST-SUBTASK-035}},Blocks,PENDING_POST_IMPORT_KEY_MAP
POST-SUBTASK-034,BLOCKS,POST-SUBTASK-036,{{JIRA_KEY:POST-SUBTASK-034}},{{JIRA_KEY:POST-SUBTASK-036}},Blocks,PENDING_POST_IMPORT_KEY_MAP
POST-SUBTASK-035,BLOCKS,POST-SUBTASK-036,{{JIRA_KEY:POST-SUBTASK-035}},{{JIRA_KEY:POST-SUBTASK-036}},Blocks,PENDING_POST_IMPORT_KEY_MAP
POST-SUBTASK-036,BLOCKS,POST-STORY-013,{{JIRA_KEY:POST-SUBTASK-036}},{{JIRA_KEY:POST-STORY-013}},Blocks,PENDING_POST_IMPORT_KEY_MAP
POST-SUBTASK-036,BLOCKS,POST-SUBTASK-037,{{JIRA_KEY:POST-SUBTASK-036}},{{JIRA_KEY:POST-SUBTASK-037}},Blocks,PENDING_POST_IMPORT_KEY_MAP
POST-SUBTASK-036,BLOCKS,POST-SUBTASK-038,{{JIRA_KEY:POST-SUBTASK-036}},{{JIRA_KEY:POST-SUBTASK-038}},Blocks,PENDING_POST_IMPORT_KEY_MAP
POST-SUBTASK-036,BLOCKS,POST-SUBTASK-039,{{JIRA_KEY:POST-SUBTASK-036}},{{JIRA_KEY:POST-SUBTASK-039}},Blocks,PENDING_POST_IMPORT_KEY_MAP
POST-SUBTASK-037,BLOCKS,POST-SUBTASK-038,{{JIRA_KEY:POST-SUBTASK-037}},{{JIRA_KEY:POST-SUBTASK-038}},Blocks,PENDING_POST_IMPORT_KEY_MAP
POST-SUBTASK-037,BLOCKS,POST-SUBTASK-039,{{JIRA_KEY:POST-SUBTASK-037}},{{JIRA_KEY:POST-SUBTASK-039}},Blocks,PENDING_POST_IMPORT_KEY_MAP
POST-SUBTASK-038,BLOCKS,POST-SUBTASK-039,{{JIRA_KEY:POST-SUBTASK-038}},{{JIRA_KEY:POST-SUBTASK-039}},Blocks,PENDING_POST_IMPORT_KEY_MAP
POST-SUBTASK-039,BLOCKS,POST-STORY-014,{{JIRA_KEY:POST-SUBTASK-039}},{{JIRA_KEY:POST-STORY-014}},Blocks,PENDING_POST_IMPORT_KEY_MAP
POST-SUBTASK-039,BLOCKS,POST-SUBTASK-040,{{JIRA_KEY:POST-SUBTASK-039}},{{JIRA_KEY:POST-SUBTASK-040}},Blocks,PENDING_POST_IMPORT_KEY_MAP
POST-SUBTASK-039,BLOCKS,POST-SUBTASK-041,{{JIRA_KEY:POST-SUBTASK-039}},{{JIRA_KEY:POST-SUBTASK-041}},Blocks,PENDING_POST_IMPORT_KEY_MAP
POST-SUBTASK-039,BLOCKS,POST-SUBTASK-042,{{JIRA_KEY:POST-SUBTASK-039}},{{JIRA_KEY:POST-SUBTASK-042}},Blocks,PENDING_POST_IMPORT_KEY_MAP
POST-SUBTASK-040,BLOCKS,POST-EPIC-018,{{JIRA_KEY:POST-SUBTASK-040}},{{JIRA_KEY:POST-EPIC-018}},Blocks,PENDING_POST_IMPORT_KEY_MAP
POST-SUBTASK-040,BLOCKS,POST-STORY-054,{{JIRA_KEY:POST-SUBTASK-040}},{{JIRA_KEY:POST-STORY-054}},Blocks,PENDING_POST_IMPORT_KEY_MAP
POST-SUBTASK-040,BLOCKS,POST-SUBTASK-041,{{JIRA_KEY:POST-SUBTASK-040}},{{JIRA_KEY:POST-SUBTASK-041}},Blocks,PENDING_POST_IMPORT_KEY_MAP
POST-SUBTASK-040,BLOCKS,POST-SUBTASK-042,{{JIRA_KEY:POST-SUBTASK-040}},{{JIRA_KEY:POST-SUBTASK-042}},Blocks,PENDING_POST_IMPORT_KEY_MAP
POST-SUBTASK-040,BLOCKS,POST-SUBTASK-160,{{JIRA_KEY:POST-SUBTASK-040}},{{JIRA_KEY:POST-SUBTASK-160}},Blocks,PENDING_POST_IMPORT_KEY_MAP
POST-SUBTASK-040,BLOCKS,POST-SUBTASK-163,{{JIRA_KEY:POST-SUBTASK-040}},{{JIRA_KEY:POST-SUBTASK-163}},Blocks,PENDING_POST_IMPORT_KEY_MAP
POST-SUBTASK-041,BLOCKS,POST-SUBTASK-042,{{JIRA_KEY:POST-SUBTASK-041}},{{JIRA_KEY:POST-SUBTASK-042}},Blocks,PENDING_POST_IMPORT_KEY_MAP
POST-SUBTASK-042,BLOCKS,POST-EPIC-005,{{JIRA_KEY:POST-SUBTASK-042}},{{JIRA_KEY:POST-EPIC-005}},Blocks,PENDING_POST_IMPORT_KEY_MAP
POST-SUBTASK-042,BLOCKS,POST-STORY-015,{{JIRA_KEY:POST-SUBTASK-042}},{{JIRA_KEY:POST-STORY-015}},Blocks,PENDING_POST_IMPORT_KEY_MAP
POST-SUBTASK-042,BLOCKS,POST-SUBTASK-043,{{JIRA_KEY:POST-SUBTASK-042}},{{JIRA_KEY:POST-SUBTASK-043}},Blocks,PENDING_POST_IMPORT_KEY_MAP
POST-SUBTASK-042,BLOCKS,POST-SUBTASK-044,{{JIRA_KEY:POST-SUBTASK-042}},{{JIRA_KEY:POST-SUBTASK-044}},Blocks,PENDING_POST_IMPORT_KEY_MAP
POST-SUBTASK-042,BLOCKS,POST-SUBTASK-045,{{JIRA_KEY:POST-SUBTASK-042}},{{JIRA_KEY:POST-SUBTASK-045}},Blocks,PENDING_POST_IMPORT_KEY_MAP
POST-SUBTASK-042,BLOCKS,POST-SUBTASK-189,{{JIRA_KEY:POST-SUBTASK-042}},{{JIRA_KEY:POST-SUBTASK-189}},Blocks,PENDING_POST_IMPORT_KEY_MAP
POST-SUBTASK-042,BLOCKS,POST-SUBTASK-190,{{JIRA_KEY:POST-SUBTASK-042}},{{JIRA_KEY:POST-SUBTASK-190}},Blocks,PENDING_POST_IMPORT_KEY_MAP
POST-SUBTASK-042,BLOCKS,POST-SUBTASK-191,{{JIRA_KEY:POST-SUBTASK-042}},{{JIRA_KEY:POST-SUBTASK-191}},Blocks,PENDING_POST_IMPORT_KEY_MAP
POST-SUBTASK-042,BLOCKS,POST-SUBTASK-192,{{JIRA_KEY:POST-SUBTASK-042}},{{JIRA_KEY:POST-SUBTASK-192}},Blocks,PENDING_POST_IMPORT_KEY_MAP
POST-SUBTASK-042,BLOCKS,POST-SUBTASK-193,{{JIRA_KEY:POST-SUBTASK-042}},{{JIRA_KEY:POST-SUBTASK-193}},Blocks,PENDING_POST_IMPORT_KEY_MAP
POST-SUBTASK-042,BLOCKS,POST-SUBTASK-194,{{JIRA_KEY:POST-SUBTASK-042}},{{JIRA_KEY:POST-SUBTASK-194}},Blocks,PENDING_POST_IMPORT_KEY_MAP
POST-SUBTASK-043,BLOCKS,POST-SUBTASK-044,{{JIRA_KEY:POST-SUBTASK-043}},{{JIRA_KEY:POST-SUBTASK-044}},Blocks,PENDING_POST_IMPORT_KEY_MAP
POST-SUBTASK-043,BLOCKS,POST-SUBTASK-045,{{JIRA_KEY:POST-SUBTASK-043}},{{JIRA_KEY:POST-SUBTASK-045}},Blocks,PENDING_POST_IMPORT_KEY_MAP
POST-SUBTASK-044,BLOCKS,POST-SUBTASK-045,{{JIRA_KEY:POST-SUBTASK-044}},{{JIRA_KEY:POST-SUBTASK-045}},Blocks,PENDING_POST_IMPORT_KEY_MAP
POST-SUBTASK-045,BLOCKS,POST-STORY-016,{{JIRA_KEY:POST-SUBTASK-045}},{{JIRA_KEY:POST-STORY-016}},Blocks,PENDING_POST_IMPORT_KEY_MAP
POST-SUBTASK-045,BLOCKS,POST-SUBTASK-046,{{JIRA_KEY:POST-SUBTASK-045}},{{JIRA_KEY:POST-SUBTASK-046}},Blocks,PENDING_POST_IMPORT_KEY_MAP
POST-SUBTASK-045,BLOCKS,POST-SUBTASK-047,{{JIRA_KEY:POST-SUBTASK-045}},{{JIRA_KEY:POST-SUBTASK-047}},Blocks,PENDING_POST_IMPORT_KEY_MAP
POST-SUBTASK-045,BLOCKS,POST-SUBTASK-048,{{JIRA_KEY:POST-SUBTASK-045}},{{JIRA_KEY:POST-SUBTASK-048}},Blocks,PENDING_POST_IMPORT_KEY_MAP
POST-SUBTASK-046,BLOCKS,POST-SUBTASK-047,{{JIRA_KEY:POST-SUBTASK-046}},{{JIRA_KEY:POST-SUBTASK-047}},Blocks,PENDING_POST_IMPORT_KEY_MAP
POST-SUBTASK-046,BLOCKS,POST-SUBTASK-048,{{JIRA_KEY:POST-SUBTASK-046}},{{JIRA_KEY:POST-SUBTASK-048}},Blocks,PENDING_POST_IMPORT_KEY_MAP
POST-SUBTASK-047,BLOCKS,POST-SUBTASK-048,{{JIRA_KEY:POST-SUBTASK-047}},{{JIRA_KEY:POST-SUBTASK-048}},Blocks,PENDING_POST_IMPORT_KEY_MAP
POST-SUBTASK-048,BLOCKS,POST-EPIC-006,{{JIRA_KEY:POST-SUBTASK-048}},{{JIRA_KEY:POST-EPIC-006}},Blocks,PENDING_POST_IMPORT_KEY_MAP
POST-SUBTASK-048,BLOCKS,POST-EPIC-007,{{JIRA_KEY:POST-SUBTASK-048}},{{JIRA_KEY:POST-EPIC-007}},Blocks,PENDING_POST_IMPORT_KEY_MAP
POST-SUBTASK-048,BLOCKS,POST-STORY-017,{{JIRA_KEY:POST-SUBTASK-048}},{{JIRA_KEY:POST-STORY-017}},Blocks,PENDING_POST_IMPORT_KEY_MAP
POST-SUBTASK-048,BLOCKS,POST-STORY-018,{{JIRA_KEY:POST-SUBTASK-048}},{{JIRA_KEY:POST-STORY-018}},Blocks,PENDING_POST_IMPORT_KEY_MAP
POST-SUBTASK-048,BLOCKS,POST-STORY-021,{{JIRA_KEY:POST-SUBTASK-048}},{{JIRA_KEY:POST-STORY-021}},Blocks,PENDING_POST_IMPORT_KEY_MAP
POST-SUBTASK-048,BLOCKS,POST-STORY-023,{{JIRA_KEY:POST-SUBTASK-048}},{{JIRA_KEY:POST-STORY-023}},Blocks,PENDING_POST_IMPORT_KEY_MAP
POST-SUBTASK-048,BLOCKS,POST-STORY-027,{{JIRA_KEY:POST-SUBTASK-048}},{{JIRA_KEY:POST-STORY-027}},Blocks,PENDING_POST_IMPORT_KEY_MAP
POST-SUBTASK-048,BLOCKS,POST-SUBTASK-049,{{JIRA_KEY:POST-SUBTASK-048}},{{JIRA_KEY:POST-SUBTASK-049}},Blocks,PENDING_POST_IMPORT_KEY_MAP
POST-SUBTASK-048,BLOCKS,POST-SUBTASK-050,{{JIRA_KEY:POST-SUBTASK-048}},{{JIRA_KEY:POST-SUBTASK-050}},Blocks,PENDING_POST_IMPORT_KEY_MAP
POST-SUBTASK-048,BLOCKS,POST-SUBTASK-051,{{JIRA_KEY:POST-SUBTASK-048}},{{JIRA_KEY:POST-SUBTASK-051}},Blocks,PENDING_POST_IMPORT_KEY_MAP
POST-SUBTASK-048,BLOCKS,POST-SUBTASK-052,{{JIRA_KEY:POST-SUBTASK-048}},{{JIRA_KEY:POST-SUBTASK-052}},Blocks,PENDING_POST_IMPORT_KEY_MAP
POST-SUBTASK-048,BLOCKS,POST-SUBTASK-053,{{JIRA_KEY:POST-SUBTASK-048}},{{JIRA_KEY:POST-SUBTASK-053}},Blocks,PENDING_POST_IMPORT_KEY_MAP
POST-SUBTASK-048,BLOCKS,POST-SUBTASK-054,{{JIRA_KEY:POST-SUBTASK-048}},{{JIRA_KEY:POST-SUBTASK-054}},Blocks,PENDING_POST_IMPORT_KEY_MAP
POST-SUBTASK-048,BLOCKS,POST-SUBTASK-061,{{JIRA_KEY:POST-SUBTASK-048}},{{JIRA_KEY:POST-SUBTASK-061}},Blocks,PENDING_POST_IMPORT_KEY_MAP
POST-SUBTASK-048,BLOCKS,POST-SUBTASK-062,{{JIRA_KEY:POST-SUBTASK-048}},{{JIRA_KEY:POST-SUBTASK-062}},Blocks,PENDING_POST_IMPORT_KEY_MAP
POST-SUBTASK-048,BLOCKS,POST-SUBTASK-063,{{JIRA_KEY:POST-SUBTASK-048}},{{JIRA_KEY:POST-SUBTASK-063}},Blocks,PENDING_POST_IMPORT_KEY_MAP
POST-SUBTASK-048,BLOCKS,POST-SUBTASK-067,{{JIRA_KEY:POST-SUBTASK-048}},{{JIRA_KEY:POST-SUBTASK-067}},Blocks,PENDING_POST_IMPORT_KEY_MAP
POST-SUBTASK-048,BLOCKS,POST-SUBTASK-068,{{JIRA_KEY:POST-SUBTASK-048}},{{JIRA_KEY:POST-SUBTASK-068}},Blocks,PENDING_POST_IMPORT_KEY_MAP
POST-SUBTASK-048,BLOCKS,POST-SUBTASK-069,{{JIRA_KEY:POST-SUBTASK-048}},{{JIRA_KEY:POST-SUBTASK-069}},Blocks,PENDING_POST_IMPORT_KEY_MAP
POST-SUBTASK-048,BLOCKS,POST-SUBTASK-079,{{JIRA_KEY:POST-SUBTASK-048}},{{JIRA_KEY:POST-SUBTASK-079}},Blocks,PENDING_POST_IMPORT_KEY_MAP
POST-SUBTASK-048,BLOCKS,POST-SUBTASK-080,{{JIRA_KEY:POST-SUBTASK-048}},{{JIRA_KEY:POST-SUBTASK-080}},Blocks,PENDING_POST_IMPORT_KEY_MAP
POST-SUBTASK-048,BLOCKS,POST-SUBTASK-081,{{JIRA_KEY:POST-SUBTASK-048}},{{JIRA_KEY:POST-SUBTASK-081}},Blocks,PENDING_POST_IMPORT_KEY_MAP
POST-SUBTASK-048,BLOCKS,POST-SUBTASK-169,{{JIRA_KEY:POST-SUBTASK-048}},{{JIRA_KEY:POST-SUBTASK-169}},Blocks,PENDING_POST_IMPORT_KEY_MAP
POST-SUBTASK-049,BLOCKS,POST-SUBTASK-050,{{JIRA_KEY:POST-SUBTASK-049}},{{JIRA_KEY:POST-SUBTASK-050}},Blocks,PENDING_POST_IMPORT_KEY_MAP
POST-SUBTASK-049,BLOCKS,POST-SUBTASK-051,{{JIRA_KEY:POST-SUBTASK-049}},{{JIRA_KEY:POST-SUBTASK-051}},Blocks,PENDING_POST_IMPORT_KEY_MAP
POST-SUBTASK-049,BLOCKS,POST-SUBTASK-169,{{JIRA_KEY:POST-SUBTASK-049}},{{JIRA_KEY:POST-SUBTASK-169}},Blocks,PENDING_POST_IMPORT_KEY_MAP
POST-SUBTASK-050,BLOCKS,POST-SUBTASK-051,{{JIRA_KEY:POST-SUBTASK-050}},{{JIRA_KEY:POST-SUBTASK-051}},Blocks,PENDING_POST_IMPORT_KEY_MAP
POST-SUBTASK-051,BLOCKS,POST-EPIC-008,{{JIRA_KEY:POST-SUBTASK-051}},{{JIRA_KEY:POST-EPIC-008}},Blocks,PENDING_POST_IMPORT_KEY_MAP
POST-SUBTASK-051,BLOCKS,POST-STORY-019,{{JIRA_KEY:POST-SUBTASK-051}},{{JIRA_KEY:POST-STORY-019}},Blocks,PENDING_POST_IMPORT_KEY_MAP
POST-SUBTASK-051,BLOCKS,POST-STORY-024,{{JIRA_KEY:POST-SUBTASK-051}},{{JIRA_KEY:POST-STORY-024}},Blocks,PENDING_POST_IMPORT_KEY_MAP
POST-SUBTASK-051,BLOCKS,POST-STORY-030,{{JIRA_KEY:POST-SUBTASK-051}},{{JIRA_KEY:POST-STORY-030}},Blocks,PENDING_POST_IMPORT_KEY_MAP
POST-SUBTASK-051,BLOCKS,POST-SUBTASK-055,{{JIRA_KEY:POST-SUBTASK-051}},{{JIRA_KEY:POST-SUBTASK-055}},Blocks,PENDING_POST_IMPORT_KEY_MAP
POST-SUBTASK-051,BLOCKS,POST-SUBTASK-056,{{JIRA_KEY:POST-SUBTASK-051}},{{JIRA_KEY:POST-SUBTASK-056}},Blocks,PENDING_POST_IMPORT_KEY_MAP
POST-SUBTASK-051,BLOCKS,POST-SUBTASK-057,{{JIRA_KEY:POST-SUBTASK-051}},{{JIRA_KEY:POST-SUBTASK-057}},Blocks,PENDING_POST_IMPORT_KEY_MAP
POST-SUBTASK-051,BLOCKS,POST-SUBTASK-070,{{JIRA_KEY:POST-SUBTASK-051}},{{JIRA_KEY:POST-SUBTASK-070}},Blocks,PENDING_POST_IMPORT_KEY_MAP
POST-SUBTASK-051,BLOCKS,POST-SUBTASK-071,{{JIRA_KEY:POST-SUBTASK-051}},{{JIRA_KEY:POST-SUBTASK-071}},Blocks,PENDING_POST_IMPORT_KEY_MAP
POST-SUBTASK-051,BLOCKS,POST-SUBTASK-072,{{JIRA_KEY:POST-SUBTASK-051}},{{JIRA_KEY:POST-SUBTASK-072}},Blocks,PENDING_POST_IMPORT_KEY_MAP
POST-SUBTASK-051,BLOCKS,POST-SUBTASK-088,{{JIRA_KEY:POST-SUBTASK-051}},{{JIRA_KEY:POST-SUBTASK-088}},Blocks,PENDING_POST_IMPORT_KEY_MAP
POST-SUBTASK-051,BLOCKS,POST-SUBTASK-089,{{JIRA_KEY:POST-SUBTASK-051}},{{JIRA_KEY:POST-SUBTASK-089}},Blocks,PENDING_POST_IMPORT_KEY_MAP
POST-SUBTASK-051,BLOCKS,POST-SUBTASK-090,{{JIRA_KEY:POST-SUBTASK-051}},{{JIRA_KEY:POST-SUBTASK-090}},Blocks,PENDING_POST_IMPORT_KEY_MAP
POST-SUBTASK-052,BLOCKS,POST-SUBTASK-053,{{JIRA_KEY:POST-SUBTASK-052}},{{JIRA_KEY:POST-SUBTASK-053}},Blocks,PENDING_POST_IMPORT_KEY_MAP
POST-SUBTASK-052,BLOCKS,POST-SUBTASK-054,{{JIRA_KEY:POST-SUBTASK-052}},{{JIRA_KEY:POST-SUBTASK-054}},Blocks,PENDING_POST_IMPORT_KEY_MAP
POST-SUBTASK-053,BLOCKS,POST-SUBTASK-054,{{JIRA_KEY:POST-SUBTASK-053}},{{JIRA_KEY:POST-SUBTASK-054}},Blocks,PENDING_POST_IMPORT_KEY_MAP
POST-SUBTASK-054,BLOCKS,POST-STORY-019,{{JIRA_KEY:POST-SUBTASK-054}},{{JIRA_KEY:POST-STORY-019}},Blocks,PENDING_POST_IMPORT_KEY_MAP
POST-SUBTASK-054,BLOCKS,POST-SUBTASK-055,{{JIRA_KEY:POST-SUBTASK-054}},{{JIRA_KEY:POST-SUBTASK-055}},Blocks,PENDING_POST_IMPORT_KEY_MAP
POST-SUBTASK-054,BLOCKS,POST-SUBTASK-056,{{JIRA_KEY:POST-SUBTASK-054}},{{JIRA_KEY:POST-SUBTASK-056}},Blocks,PENDING_POST_IMPORT_KEY_MAP
POST-SUBTASK-054,BLOCKS,POST-SUBTASK-057,{{JIRA_KEY:POST-SUBTASK-054}},{{JIRA_KEY:POST-SUBTASK-057}},Blocks,PENDING_POST_IMPORT_KEY_MAP
POST-SUBTASK-055,BLOCKS,POST-SUBTASK-056,{{JIRA_KEY:POST-SUBTASK-055}},{{JIRA_KEY:POST-SUBTASK-056}},Blocks,PENDING_POST_IMPORT_KEY_MAP
POST-SUBTASK-055,BLOCKS,POST-SUBTASK-057,{{JIRA_KEY:POST-SUBTASK-055}},{{JIRA_KEY:POST-SUBTASK-057}},Blocks,PENDING_POST_IMPORT_KEY_MAP
POST-SUBTASK-056,BLOCKS,POST-SUBTASK-057,{{JIRA_KEY:POST-SUBTASK-056}},{{JIRA_KEY:POST-SUBTASK-057}},Blocks,PENDING_POST_IMPORT_KEY_MAP
POST-SUBTASK-057,BLOCKS,POST-STORY-020,{{JIRA_KEY:POST-SUBTASK-057}},{{JIRA_KEY:POST-STORY-020}},Blocks,PENDING_POST_IMPORT_KEY_MAP
POST-SUBTASK-057,BLOCKS,POST-SUBTASK-058,{{JIRA_KEY:POST-SUBTASK-057}},{{JIRA_KEY:POST-SUBTASK-058}},Blocks,PENDING_POST_IMPORT_KEY_MAP
POST-SUBTASK-057,BLOCKS,POST-SUBTASK-059,{{JIRA_KEY:POST-SUBTASK-057}},{{JIRA_KEY:POST-SUBTASK-059}},Blocks,PENDING_POST_IMPORT_KEY_MAP
POST-SUBTASK-057,BLOCKS,POST-SUBTASK-060,{{JIRA_KEY:POST-SUBTASK-057}},{{JIRA_KEY:POST-SUBTASK-060}},Blocks,PENDING_POST_IMPORT_KEY_MAP
POST-SUBTASK-058,BLOCKS,POST-SUBTASK-059,{{JIRA_KEY:POST-SUBTASK-058}},{{JIRA_KEY:POST-SUBTASK-059}},Blocks,PENDING_POST_IMPORT_KEY_MAP
POST-SUBTASK-058,BLOCKS,POST-SUBTASK-060,{{JIRA_KEY:POST-SUBTASK-058}},{{JIRA_KEY:POST-SUBTASK-060}},Blocks,PENDING_POST_IMPORT_KEY_MAP
POST-SUBTASK-059,BLOCKS,POST-SUBTASK-060,{{JIRA_KEY:POST-SUBTASK-059}},{{JIRA_KEY:POST-SUBTASK-060}},Blocks,PENDING_POST_IMPORT_KEY_MAP
POST-SUBTASK-060,BLOCKS,POST-EPIC-008,{{JIRA_KEY:POST-SUBTASK-060}},{{JIRA_KEY:POST-EPIC-008}},Blocks,PENDING_POST_IMPORT_KEY_MAP
POST-SUBTASK-060,BLOCKS,POST-STORY-024,{{JIRA_KEY:POST-SUBTASK-060}},{{JIRA_KEY:POST-STORY-024}},Blocks,PENDING_POST_IMPORT_KEY_MAP
POST-SUBTASK-060,BLOCKS,POST-SUBTASK-070,{{JIRA_KEY:POST-SUBTASK-060}},{{JIRA_KEY:POST-SUBTASK-070}},Blocks,PENDING_POST_IMPORT_KEY_MAP
POST-SUBTASK-060,BLOCKS,POST-SUBTASK-071,{{JIRA_KEY:POST-SUBTASK-060}},{{JIRA_KEY:POST-SUBTASK-071}},Blocks,PENDING_POST_IMPORT_KEY_MAP
POST-SUBTASK-060,BLOCKS,POST-SUBTASK-072,{{JIRA_KEY:POST-SUBTASK-060}},{{JIRA_KEY:POST-SUBTASK-072}},Blocks,PENDING_POST_IMPORT_KEY_MAP
POST-SUBTASK-061,BLOCKS,POST-SUBTASK-062,{{JIRA_KEY:POST-SUBTASK-061}},{{JIRA_KEY:POST-SUBTASK-062}},Blocks,PENDING_POST_IMPORT_KEY_MAP
POST-SUBTASK-061,BLOCKS,POST-SUBTASK-063,{{JIRA_KEY:POST-SUBTASK-061}},{{JIRA_KEY:POST-SUBTASK-063}},Blocks,PENDING_POST_IMPORT_KEY_MAP
POST-SUBTASK-062,BLOCKS,POST-SUBTASK-063,{{JIRA_KEY:POST-SUBTASK-062}},{{JIRA_KEY:POST-SUBTASK-063}},Blocks,PENDING_POST_IMPORT_KEY_MAP
POST-SUBTASK-063,BLOCKS,POST-EPIC-009,{{JIRA_KEY:POST-SUBTASK-063}},{{JIRA_KEY:POST-EPIC-009}},Blocks,PENDING_POST_IMPORT_KEY_MAP
POST-SUBTASK-063,BLOCKS,POST-STORY-022,{{JIRA_KEY:POST-SUBTASK-063}},{{JIRA_KEY:POST-STORY-022}},Blocks,PENDING_POST_IMPORT_KEY_MAP
POST-SUBTASK-063,BLOCKS,POST-STORY-027,{{JIRA_KEY:POST-SUBTASK-063}},{{JIRA_KEY:POST-STORY-027}},Blocks,PENDING_POST_IMPORT_KEY_MAP
POST-SUBTASK-063,BLOCKS,POST-SUBTASK-064,{{JIRA_KEY:POST-SUBTASK-063}},{{JIRA_KEY:POST-SUBTASK-064}},Blocks,PENDING_POST_IMPORT_KEY_MAP
POST-SUBTASK-063,BLOCKS,POST-SUBTASK-065,{{JIRA_KEY:POST-SUBTASK-063}},{{JIRA_KEY:POST-SUBTASK-065}},Blocks,PENDING_POST_IMPORT_KEY_MAP
POST-SUBTASK-063,BLOCKS,POST-SUBTASK-066,{{JIRA_KEY:POST-SUBTASK-063}},{{JIRA_KEY:POST-SUBTASK-066}},Blocks,PENDING_POST_IMPORT_KEY_MAP
POST-SUBTASK-063,BLOCKS,POST-SUBTASK-079,{{JIRA_KEY:POST-SUBTASK-063}},{{JIRA_KEY:POST-SUBTASK-079}},Blocks,PENDING_POST_IMPORT_KEY_MAP
POST-SUBTASK-063,BLOCKS,POST-SUBTASK-080,{{JIRA_KEY:POST-SUBTASK-063}},{{JIRA_KEY:POST-SUBTASK-080}},Blocks,PENDING_POST_IMPORT_KEY_MAP
POST-SUBTASK-063,BLOCKS,POST-SUBTASK-081,{{JIRA_KEY:POST-SUBTASK-063}},{{JIRA_KEY:POST-SUBTASK-081}},Blocks,PENDING_POST_IMPORT_KEY_MAP
POST-SUBTASK-064,BLOCKS,POST-SUBTASK-065,{{JIRA_KEY:POST-SUBTASK-064}},{{JIRA_KEY:POST-SUBTASK-065}},Blocks,PENDING_POST_IMPORT_KEY_MAP
POST-SUBTASK-064,BLOCKS,POST-SUBTASK-066,{{JIRA_KEY:POST-SUBTASK-064}},{{JIRA_KEY:POST-SUBTASK-066}},Blocks,PENDING_POST_IMPORT_KEY_MAP
POST-SUBTASK-065,BLOCKS,POST-SUBTASK-066,{{JIRA_KEY:POST-SUBTASK-065}},{{JIRA_KEY:POST-SUBTASK-066}},Blocks,PENDING_POST_IMPORT_KEY_MAP
POST-SUBTASK-066,BLOCKS,POST-STORY-027,{{JIRA_KEY:POST-SUBTASK-066}},{{JIRA_KEY:POST-STORY-027}},Blocks,PENDING_POST_IMPORT_KEY_MAP
POST-SUBTASK-066,BLOCKS,POST-SUBTASK-079,{{JIRA_KEY:POST-SUBTASK-066}},{{JIRA_KEY:POST-SUBTASK-079}},Blocks,PENDING_POST_IMPORT_KEY_MAP
POST-SUBTASK-066,BLOCKS,POST-SUBTASK-080,{{JIRA_KEY:POST-SUBTASK-066}},{{JIRA_KEY:POST-SUBTASK-080}},Blocks,PENDING_POST_IMPORT_KEY_MAP
POST-SUBTASK-066,BLOCKS,POST-SUBTASK-081,{{JIRA_KEY:POST-SUBTASK-066}},{{JIRA_KEY:POST-SUBTASK-081}},Blocks,PENDING_POST_IMPORT_KEY_MAP
POST-SUBTASK-067,BLOCKS,POST-SUBTASK-068,{{JIRA_KEY:POST-SUBTASK-067}},{{JIRA_KEY:POST-SUBTASK-068}},Blocks,PENDING_POST_IMPORT_KEY_MAP
POST-SUBTASK-067,BLOCKS,POST-SUBTASK-069,{{JIRA_KEY:POST-SUBTASK-067}},{{JIRA_KEY:POST-SUBTASK-069}},Blocks,PENDING_POST_IMPORT_KEY_MAP
POST-SUBTASK-068,BLOCKS,POST-SUBTASK-069,{{JIRA_KEY:POST-SUBTASK-068}},{{JIRA_KEY:POST-SUBTASK-069}},Blocks,PENDING_POST_IMPORT_KEY_MAP
POST-SUBTASK-069,BLOCKS,POST-EPIC-009,{{JIRA_KEY:POST-SUBTASK-069}},{{JIRA_KEY:POST-EPIC-009}},Blocks,PENDING_POST_IMPORT_KEY_MAP
POST-SUBTASK-069,BLOCKS,POST-STORY-027,{{JIRA_KEY:POST-SUBTASK-069}},{{JIRA_KEY:POST-STORY-027}},Blocks,PENDING_POST_IMPORT_KEY_MAP
POST-SUBTASK-069,BLOCKS,POST-SUBTASK-079,{{JIRA_KEY:POST-SUBTASK-069}},{{JIRA_KEY:POST-SUBTASK-079}},Blocks,PENDING_POST_IMPORT_KEY_MAP
POST-SUBTASK-069,BLOCKS,POST-SUBTASK-080,{{JIRA_KEY:POST-SUBTASK-069}},{{JIRA_KEY:POST-SUBTASK-080}},Blocks,PENDING_POST_IMPORT_KEY_MAP
POST-SUBTASK-069,BLOCKS,POST-SUBTASK-081,{{JIRA_KEY:POST-SUBTASK-069}},{{JIRA_KEY:POST-SUBTASK-081}},Blocks,PENDING_POST_IMPORT_KEY_MAP
POST-SUBTASK-070,BLOCKS,POST-SUBTASK-071,{{JIRA_KEY:POST-SUBTASK-070}},{{JIRA_KEY:POST-SUBTASK-071}},Blocks,PENDING_POST_IMPORT_KEY_MAP
POST-SUBTASK-070,BLOCKS,POST-SUBTASK-072,{{JIRA_KEY:POST-SUBTASK-070}},{{JIRA_KEY:POST-SUBTASK-072}},Blocks,PENDING_POST_IMPORT_KEY_MAP
POST-SUBTASK-071,BLOCKS,POST-SUBTASK-072,{{JIRA_KEY:POST-SUBTASK-071}},{{JIRA_KEY:POST-SUBTASK-072}},Blocks,PENDING_POST_IMPORT_KEY_MAP
POST-SUBTASK-072,BLOCKS,POST-STORY-025,{{JIRA_KEY:POST-SUBTASK-072}},{{JIRA_KEY:POST-STORY-025}},Blocks,PENDING_POST_IMPORT_KEY_MAP
POST-SUBTASK-072,BLOCKS,POST-SUBTASK-073,{{JIRA_KEY:POST-SUBTASK-072}},{{JIRA_KEY:POST-SUBTASK-073}},Blocks,PENDING_POST_IMPORT_KEY_MAP
POST-SUBTASK-072,BLOCKS,POST-SUBTASK-074,{{JIRA_KEY:POST-SUBTASK-072}},{{JIRA_KEY:POST-SUBTASK-074}},Blocks,PENDING_POST_IMPORT_KEY_MAP
POST-SUBTASK-072,BLOCKS,POST-SUBTASK-075,{{JIRA_KEY:POST-SUBTASK-072}},{{JIRA_KEY:POST-SUBTASK-075}},Blocks,PENDING_POST_IMPORT_KEY_MAP
POST-SUBTASK-073,BLOCKS,POST-SUBTASK-074,{{JIRA_KEY:POST-SUBTASK-073}},{{JIRA_KEY:POST-SUBTASK-074}},Blocks,PENDING_POST_IMPORT_KEY_MAP
POST-SUBTASK-073,BLOCKS,POST-SUBTASK-075,{{JIRA_KEY:POST-SUBTASK-073}},{{JIRA_KEY:POST-SUBTASK-075}},Blocks,PENDING_POST_IMPORT_KEY_MAP
POST-SUBTASK-074,BLOCKS,POST-SUBTASK-075,{{JIRA_KEY:POST-SUBTASK-074}},{{JIRA_KEY:POST-SUBTASK-075}},Blocks,PENDING_POST_IMPORT_KEY_MAP
POST-SUBTASK-075,BLOCKS,POST-STORY-026,{{JIRA_KEY:POST-SUBTASK-075}},{{JIRA_KEY:POST-STORY-026}},Blocks,PENDING_POST_IMPORT_KEY_MAP
POST-SUBTASK-075,BLOCKS,POST-SUBTASK-076,{{JIRA_KEY:POST-SUBTASK-075}},{{JIRA_KEY:POST-SUBTASK-076}},Blocks,PENDING_POST_IMPORT_KEY_MAP
POST-SUBTASK-075,BLOCKS,POST-SUBTASK-077,{{JIRA_KEY:POST-SUBTASK-075}},{{JIRA_KEY:POST-SUBTASK-077}},Blocks,PENDING_POST_IMPORT_KEY_MAP
POST-SUBTASK-075,BLOCKS,POST-SUBTASK-078,{{JIRA_KEY:POST-SUBTASK-075}},{{JIRA_KEY:POST-SUBTASK-078}},Blocks,PENDING_POST_IMPORT_KEY_MAP
POST-SUBTASK-076,BLOCKS,POST-SUBTASK-077,{{JIRA_KEY:POST-SUBTASK-076}},{{JIRA_KEY:POST-SUBTASK-077}},Blocks,PENDING_POST_IMPORT_KEY_MAP
POST-SUBTASK-076,BLOCKS,POST-SUBTASK-078,{{JIRA_KEY:POST-SUBTASK-076}},{{JIRA_KEY:POST-SUBTASK-078}},Blocks,PENDING_POST_IMPORT_KEY_MAP
POST-SUBTASK-077,BLOCKS,POST-SUBTASK-078,{{JIRA_KEY:POST-SUBTASK-077}},{{JIRA_KEY:POST-SUBTASK-078}},Blocks,PENDING_POST_IMPORT_KEY_MAP
POST-SUBTASK-078,BLOCKS,POST-EPIC-009,{{JIRA_KEY:POST-SUBTASK-078}},{{JIRA_KEY:POST-EPIC-009}},Blocks,PENDING_POST_IMPORT_KEY_MAP
POST-SUBTASK-078,BLOCKS,POST-EPIC-010,{{JIRA_KEY:POST-SUBTASK-078}},{{JIRA_KEY:POST-EPIC-010}},Blocks,PENDING_POST_IMPORT_KEY_MAP
POST-SUBTASK-078,BLOCKS,POST-EPIC-011,{{JIRA_KEY:POST-SUBTASK-078}},{{JIRA_KEY:POST-EPIC-011}},Blocks,PENDING_POST_IMPORT_KEY_MAP
POST-SUBTASK-078,BLOCKS,POST-STORY-028,{{JIRA_KEY:POST-SUBTASK-078}},{{JIRA_KEY:POST-STORY-028}},Blocks,PENDING_POST_IMPORT_KEY_MAP
POST-SUBTASK-078,BLOCKS,POST-STORY-030,{{JIRA_KEY:POST-SUBTASK-078}},{{JIRA_KEY:POST-STORY-030}},Blocks,PENDING_POST_IMPORT_KEY_MAP
POST-SUBTASK-078,BLOCKS,POST-STORY-033,{{JIRA_KEY:POST-SUBTASK-078}},{{JIRA_KEY:POST-STORY-033}},Blocks,PENDING_POST_IMPORT_KEY_MAP
POST-SUBTASK-078,BLOCKS,POST-SUBTASK-082,{{JIRA_KEY:POST-SUBTASK-078}},{{JIRA_KEY:POST-SUBTASK-082}},Blocks,PENDING_POST_IMPORT_KEY_MAP
POST-SUBTASK-078,BLOCKS,POST-SUBTASK-083,{{JIRA_KEY:POST-SUBTASK-078}},{{JIRA_KEY:POST-SUBTASK-083}},Blocks,PENDING_POST_IMPORT_KEY_MAP
POST-SUBTASK-078,BLOCKS,POST-SUBTASK-084,{{JIRA_KEY:POST-SUBTASK-078}},{{JIRA_KEY:POST-SUBTASK-084}},Blocks,PENDING_POST_IMPORT_KEY_MAP
POST-SUBTASK-078,BLOCKS,POST-SUBTASK-088,{{JIRA_KEY:POST-SUBTASK-078}},{{JIRA_KEY:POST-SUBTASK-088}},Blocks,PENDING_POST_IMPORT_KEY_MAP
POST-SUBTASK-078,BLOCKS,POST-SUBTASK-089,{{JIRA_KEY:POST-SUBTASK-078}},{{JIRA_KEY:POST-SUBTASK-089}},Blocks,PENDING_POST_IMPORT_KEY_MAP
POST-SUBTASK-078,BLOCKS,POST-SUBTASK-090,{{JIRA_KEY:POST-SUBTASK-078}},{{JIRA_KEY:POST-SUBTASK-090}},Blocks,PENDING_POST_IMPORT_KEY_MAP
POST-SUBTASK-078,BLOCKS,POST-SUBTASK-097,{{JIRA_KEY:POST-SUBTASK-078}},{{JIRA_KEY:POST-SUBTASK-097}},Blocks,PENDING_POST_IMPORT_KEY_MAP
POST-SUBTASK-078,BLOCKS,POST-SUBTASK-098,{{JIRA_KEY:POST-SUBTASK-078}},{{JIRA_KEY:POST-SUBTASK-098}},Blocks,PENDING_POST_IMPORT_KEY_MAP
POST-SUBTASK-078,BLOCKS,POST-SUBTASK-099,{{JIRA_KEY:POST-SUBTASK-078}},{{JIRA_KEY:POST-SUBTASK-099}},Blocks,PENDING_POST_IMPORT_KEY_MAP
POST-SUBTASK-079,BLOCKS,POST-SUBTASK-080,{{JIRA_KEY:POST-SUBTASK-079}},{{JIRA_KEY:POST-SUBTASK-080}},Blocks,PENDING_POST_IMPORT_KEY_MAP
POST-SUBTASK-079,BLOCKS,POST-SUBTASK-081,{{JIRA_KEY:POST-SUBTASK-079}},{{JIRA_KEY:POST-SUBTASK-081}},Blocks,PENDING_POST_IMPORT_KEY_MAP
POST-SUBTASK-080,BLOCKS,POST-SUBTASK-081,{{JIRA_KEY:POST-SUBTASK-080}},{{JIRA_KEY:POST-SUBTASK-081}},Blocks,PENDING_POST_IMPORT_KEY_MAP
POST-SUBTASK-081,BLOCKS,POST-STORY-028,{{JIRA_KEY:POST-SUBTASK-081}},{{JIRA_KEY:POST-STORY-028}},Blocks,PENDING_POST_IMPORT_KEY_MAP
POST-SUBTASK-081,BLOCKS,POST-SUBTASK-082,{{JIRA_KEY:POST-SUBTASK-081}},{{JIRA_KEY:POST-SUBTASK-082}},Blocks,PENDING_POST_IMPORT_KEY_MAP
POST-SUBTASK-081,BLOCKS,POST-SUBTASK-083,{{JIRA_KEY:POST-SUBTASK-081}},{{JIRA_KEY:POST-SUBTASK-083}},Blocks,PENDING_POST_IMPORT_KEY_MAP
POST-SUBTASK-081,BLOCKS,POST-SUBTASK-084,{{JIRA_KEY:POST-SUBTASK-081}},{{JIRA_KEY:POST-SUBTASK-084}},Blocks,PENDING_POST_IMPORT_KEY_MAP
POST-SUBTASK-082,BLOCKS,POST-SUBTASK-083,{{JIRA_KEY:POST-SUBTASK-082}},{{JIRA_KEY:POST-SUBTASK-083}},Blocks,PENDING_POST_IMPORT_KEY_MAP
POST-SUBTASK-082,BLOCKS,POST-SUBTASK-084,{{JIRA_KEY:POST-SUBTASK-082}},{{JIRA_KEY:POST-SUBTASK-084}},Blocks,PENDING_POST_IMPORT_KEY_MAP
POST-SUBTASK-083,BLOCKS,POST-SUBTASK-084,{{JIRA_KEY:POST-SUBTASK-083}},{{JIRA_KEY:POST-SUBTASK-084}},Blocks,PENDING_POST_IMPORT_KEY_MAP
POST-SUBTASK-084,BLOCKS,POST-EPIC-010,{{JIRA_KEY:POST-SUBTASK-084}},{{JIRA_KEY:POST-EPIC-010}},Blocks,PENDING_POST_IMPORT_KEY_MAP
POST-SUBTASK-084,BLOCKS,POST-EPIC-011,{{JIRA_KEY:POST-SUBTASK-084}},{{JIRA_KEY:POST-EPIC-011}},Blocks,PENDING_POST_IMPORT_KEY_MAP
POST-SUBTASK-084,BLOCKS,POST-STORY-029,{{JIRA_KEY:POST-SUBTASK-084}},{{JIRA_KEY:POST-STORY-029}},Blocks,PENDING_POST_IMPORT_KEY_MAP
POST-SUBTASK-084,BLOCKS,POST-STORY-031,{{JIRA_KEY:POST-SUBTASK-084}},{{JIRA_KEY:POST-STORY-031}},Blocks,PENDING_POST_IMPORT_KEY_MAP
POST-SUBTASK-084,BLOCKS,POST-STORY-033,{{JIRA_KEY:POST-SUBTASK-084}},{{JIRA_KEY:POST-STORY-033}},Blocks,PENDING_POST_IMPORT_KEY_MAP
POST-SUBTASK-084,BLOCKS,POST-SUBTASK-085,{{JIRA_KEY:POST-SUBTASK-084}},{{JIRA_KEY:POST-SUBTASK-085}},Blocks,PENDING_POST_IMPORT_KEY_MAP
POST-SUBTASK-084,BLOCKS,POST-SUBTASK-086,{{JIRA_KEY:POST-SUBTASK-084}},{{JIRA_KEY:POST-SUBTASK-086}},Blocks,PENDING_POST_IMPORT_KEY_MAP
POST-SUBTASK-084,BLOCKS,POST-SUBTASK-087,{{JIRA_KEY:POST-SUBTASK-084}},{{JIRA_KEY:POST-SUBTASK-087}},Blocks,PENDING_POST_IMPORT_KEY_MAP
POST-SUBTASK-084,BLOCKS,POST-SUBTASK-091,{{JIRA_KEY:POST-SUBTASK-084}},{{JIRA_KEY:POST-SUBTASK-091}},Blocks,PENDING_POST_IMPORT_KEY_MAP
POST-SUBTASK-084,BLOCKS,POST-SUBTASK-092,{{JIRA_KEY:POST-SUBTASK-084}},{{JIRA_KEY:POST-SUBTASK-092}},Blocks,PENDING_POST_IMPORT_KEY_MAP
POST-SUBTASK-084,BLOCKS,POST-SUBTASK-093,{{JIRA_KEY:POST-SUBTASK-084}},{{JIRA_KEY:POST-SUBTASK-093}},Blocks,PENDING_POST_IMPORT_KEY_MAP
POST-SUBTASK-084,BLOCKS,POST-SUBTASK-097,{{JIRA_KEY:POST-SUBTASK-084}},{{JIRA_KEY:POST-SUBTASK-097}},Blocks,PENDING_POST_IMPORT_KEY_MAP
POST-SUBTASK-084,BLOCKS,POST-SUBTASK-098,{{JIRA_KEY:POST-SUBTASK-084}},{{JIRA_KEY:POST-SUBTASK-098}},Blocks,PENDING_POST_IMPORT_KEY_MAP
POST-SUBTASK-084,BLOCKS,POST-SUBTASK-099,{{JIRA_KEY:POST-SUBTASK-084}},{{JIRA_KEY:POST-SUBTASK-099}},Blocks,PENDING_POST_IMPORT_KEY_MAP
POST-SUBTASK-085,BLOCKS,POST-SUBTASK-086,{{JIRA_KEY:POST-SUBTASK-085}},{{JIRA_KEY:POST-SUBTASK-086}},Blocks,PENDING_POST_IMPORT_KEY_MAP
POST-SUBTASK-085,BLOCKS,POST-SUBTASK-087,{{JIRA_KEY:POST-SUBTASK-085}},{{JIRA_KEY:POST-SUBTASK-087}},Blocks,PENDING_POST_IMPORT_KEY_MAP
POST-SUBTASK-086,BLOCKS,POST-SUBTASK-087,{{JIRA_KEY:POST-SUBTASK-086}},{{JIRA_KEY:POST-SUBTASK-087}},Blocks,PENDING_POST_IMPORT_KEY_MAP
POST-SUBTASK-087,BLOCKS,POST-STORY-035,{{JIRA_KEY:POST-SUBTASK-087}},{{JIRA_KEY:POST-STORY-035}},Blocks,PENDING_POST_IMPORT_KEY_MAP
POST-SUBTASK-087,BLOCKS,POST-SUBTASK-103,{{JIRA_KEY:POST-SUBTASK-087}},{{JIRA_KEY:POST-SUBTASK-103}},Blocks,PENDING_POST_IMPORT_KEY_MAP
POST-SUBTASK-087,BLOCKS,POST-SUBTASK-104,{{JIRA_KEY:POST-SUBTASK-087}},{{JIRA_KEY:POST-SUBTASK-104}},Blocks,PENDING_POST_IMPORT_KEY_MAP
POST-SUBTASK-087,BLOCKS,POST-SUBTASK-105,{{JIRA_KEY:POST-SUBTASK-087}},{{JIRA_KEY:POST-SUBTASK-105}},Blocks,PENDING_POST_IMPORT_KEY_MAP
POST-SUBTASK-088,BLOCKS,POST-SUBTASK-089,{{JIRA_KEY:POST-SUBTASK-088}},{{JIRA_KEY:POST-SUBTASK-089}},Blocks,PENDING_POST_IMPORT_KEY_MAP
POST-SUBTASK-088,BLOCKS,POST-SUBTASK-090,{{JIRA_KEY:POST-SUBTASK-088}},{{JIRA_KEY:POST-SUBTASK-090}},Blocks,PENDING_POST_IMPORT_KEY_MAP
POST-SUBTASK-089,BLOCKS,POST-SUBTASK-090,{{JIRA_KEY:POST-SUBTASK-089}},{{JIRA_KEY:POST-SUBTASK-090}},Blocks,PENDING_POST_IMPORT_KEY_MAP
POST-SUBTASK-090,BLOCKS,POST-EPIC-011,{{JIRA_KEY:POST-SUBTASK-090}},{{JIRA_KEY:POST-EPIC-011}},Blocks,PENDING_POST_IMPORT_KEY_MAP
POST-SUBTASK-090,BLOCKS,POST-STORY-031,{{JIRA_KEY:POST-SUBTASK-090}},{{JIRA_KEY:POST-STORY-031}},Blocks,PENDING_POST_IMPORT_KEY_MAP
POST-SUBTASK-090,BLOCKS,POST-STORY-033,{{JIRA_KEY:POST-SUBTASK-090}},{{JIRA_KEY:POST-STORY-033}},Blocks,PENDING_POST_IMPORT_KEY_MAP
POST-SUBTASK-090,BLOCKS,POST-SUBTASK-091,{{JIRA_KEY:POST-SUBTASK-090}},{{JIRA_KEY:POST-SUBTASK-091}},Blocks,PENDING_POST_IMPORT_KEY_MAP
POST-SUBTASK-090,BLOCKS,POST-SUBTASK-092,{{JIRA_KEY:POST-SUBTASK-090}},{{JIRA_KEY:POST-SUBTASK-092}},Blocks,PENDING_POST_IMPORT_KEY_MAP
POST-SUBTASK-090,BLOCKS,POST-SUBTASK-093,{{JIRA_KEY:POST-SUBTASK-090}},{{JIRA_KEY:POST-SUBTASK-093}},Blocks,PENDING_POST_IMPORT_KEY_MAP
POST-SUBTASK-090,BLOCKS,POST-SUBTASK-097,{{JIRA_KEY:POST-SUBTASK-090}},{{JIRA_KEY:POST-SUBTASK-097}},Blocks,PENDING_POST_IMPORT_KEY_MAP
POST-SUBTASK-090,BLOCKS,POST-SUBTASK-098,{{JIRA_KEY:POST-SUBTASK-090}},{{JIRA_KEY:POST-SUBTASK-098}},Blocks,PENDING_POST_IMPORT_KEY_MAP
POST-SUBTASK-090,BLOCKS,POST-SUBTASK-099,{{JIRA_KEY:POST-SUBTASK-090}},{{JIRA_KEY:POST-SUBTASK-099}},Blocks,PENDING_POST_IMPORT_KEY_MAP
POST-SUBTASK-091,BLOCKS,POST-SUBTASK-092,{{JIRA_KEY:POST-SUBTASK-091}},{{JIRA_KEY:POST-SUBTASK-092}},Blocks,PENDING_POST_IMPORT_KEY_MAP
POST-SUBTASK-091,BLOCKS,POST-SUBTASK-093,{{JIRA_KEY:POST-SUBTASK-091}},{{JIRA_KEY:POST-SUBTASK-093}},Blocks,PENDING_POST_IMPORT_KEY_MAP
POST-SUBTASK-092,BLOCKS,POST-SUBTASK-093,{{JIRA_KEY:POST-SUBTASK-092}},{{JIRA_KEY:POST-SUBTASK-093}},Blocks,PENDING_POST_IMPORT_KEY_MAP
POST-SUBTASK-093,BLOCKS,POST-STORY-032,{{JIRA_KEY:POST-SUBTASK-093}},{{JIRA_KEY:POST-STORY-032}},Blocks,PENDING_POST_IMPORT_KEY_MAP
POST-SUBTASK-093,BLOCKS,POST-SUBTASK-094,{{JIRA_KEY:POST-SUBTASK-093}},{{JIRA_KEY:POST-SUBTASK-094}},Blocks,PENDING_POST_IMPORT_KEY_MAP
POST-SUBTASK-093,BLOCKS,POST-SUBTASK-095,{{JIRA_KEY:POST-SUBTASK-093}},{{JIRA_KEY:POST-SUBTASK-095}},Blocks,PENDING_POST_IMPORT_KEY_MAP
POST-SUBTASK-093,BLOCKS,POST-SUBTASK-096,{{JIRA_KEY:POST-SUBTASK-093}},{{JIRA_KEY:POST-SUBTASK-096}},Blocks,PENDING_POST_IMPORT_KEY_MAP
POST-SUBTASK-094,BLOCKS,POST-SUBTASK-095,{{JIRA_KEY:POST-SUBTASK-094}},{{JIRA_KEY:POST-SUBTASK-095}},Blocks,PENDING_POST_IMPORT_KEY_MAP
POST-SUBTASK-094,BLOCKS,POST-SUBTASK-096,{{JIRA_KEY:POST-SUBTASK-094}},{{JIRA_KEY:POST-SUBTASK-096}},Blocks,PENDING_POST_IMPORT_KEY_MAP
POST-SUBTASK-095,BLOCKS,POST-SUBTASK-096,{{JIRA_KEY:POST-SUBTASK-095}},{{JIRA_KEY:POST-SUBTASK-096}},Blocks,PENDING_POST_IMPORT_KEY_MAP
POST-SUBTASK-096,BLOCKS,POST-STORY-035,{{JIRA_KEY:POST-SUBTASK-096}},{{JIRA_KEY:POST-STORY-035}},Blocks,PENDING_POST_IMPORT_KEY_MAP
POST-SUBTASK-096,BLOCKS,POST-SUBTASK-103,{{JIRA_KEY:POST-SUBTASK-096}},{{JIRA_KEY:POST-SUBTASK-103}},Blocks,PENDING_POST_IMPORT_KEY_MAP
POST-SUBTASK-096,BLOCKS,POST-SUBTASK-104,{{JIRA_KEY:POST-SUBTASK-096}},{{JIRA_KEY:POST-SUBTASK-104}},Blocks,PENDING_POST_IMPORT_KEY_MAP
POST-SUBTASK-096,BLOCKS,POST-SUBTASK-105,{{JIRA_KEY:POST-SUBTASK-096}},{{JIRA_KEY:POST-SUBTASK-105}},Blocks,PENDING_POST_IMPORT_KEY_MAP
POST-SUBTASK-097,BLOCKS,POST-SUBTASK-098,{{JIRA_KEY:POST-SUBTASK-097}},{{JIRA_KEY:POST-SUBTASK-098}},Blocks,PENDING_POST_IMPORT_KEY_MAP
POST-SUBTASK-097,BLOCKS,POST-SUBTASK-099,{{JIRA_KEY:POST-SUBTASK-097}},{{JIRA_KEY:POST-SUBTASK-099}},Blocks,PENDING_POST_IMPORT_KEY_MAP
POST-SUBTASK-098,BLOCKS,POST-SUBTASK-099,{{JIRA_KEY:POST-SUBTASK-098}},{{JIRA_KEY:POST-SUBTASK-099}},Blocks,PENDING_POST_IMPORT_KEY_MAP
POST-SUBTASK-099,BLOCKS,POST-STORY-034,{{JIRA_KEY:POST-SUBTASK-099}},{{JIRA_KEY:POST-STORY-034}},Blocks,PENDING_POST_IMPORT_KEY_MAP
POST-SUBTASK-099,BLOCKS,POST-SUBTASK-100,{{JIRA_KEY:POST-SUBTASK-099}},{{JIRA_KEY:POST-SUBTASK-100}},Blocks,PENDING_POST_IMPORT_KEY_MAP
POST-SUBTASK-099,BLOCKS,POST-SUBTASK-101,{{JIRA_KEY:POST-SUBTASK-099}},{{JIRA_KEY:POST-SUBTASK-101}},Blocks,PENDING_POST_IMPORT_KEY_MAP
POST-SUBTASK-099,BLOCKS,POST-SUBTASK-102,{{JIRA_KEY:POST-SUBTASK-099}},{{JIRA_KEY:POST-SUBTASK-102}},Blocks,PENDING_POST_IMPORT_KEY_MAP
POST-SUBTASK-100,BLOCKS,POST-SUBTASK-101,{{JIRA_KEY:POST-SUBTASK-100}},{{JIRA_KEY:POST-SUBTASK-101}},Blocks,PENDING_POST_IMPORT_KEY_MAP
POST-SUBTASK-100,BLOCKS,POST-SUBTASK-102,{{JIRA_KEY:POST-SUBTASK-100}},{{JIRA_KEY:POST-SUBTASK-102}},Blocks,PENDING_POST_IMPORT_KEY_MAP
POST-SUBTASK-101,BLOCKS,POST-SUBTASK-102,{{JIRA_KEY:POST-SUBTASK-101}},{{JIRA_KEY:POST-SUBTASK-102}},Blocks,PENDING_POST_IMPORT_KEY_MAP
POST-SUBTASK-102,BLOCKS,POST-STORY-029,{{JIRA_KEY:POST-SUBTASK-102}},{{JIRA_KEY:POST-STORY-029}},Blocks,PENDING_POST_IMPORT_KEY_MAP
POST-SUBTASK-102,BLOCKS,POST-STORY-032,{{JIRA_KEY:POST-SUBTASK-102}},{{JIRA_KEY:POST-STORY-032}},Blocks,PENDING_POST_IMPORT_KEY_MAP
POST-SUBTASK-102,BLOCKS,POST-STORY-035,{{JIRA_KEY:POST-SUBTASK-102}},{{JIRA_KEY:POST-STORY-035}},Blocks,PENDING_POST_IMPORT_KEY_MAP
POST-SUBTASK-102,BLOCKS,POST-SUBTASK-085,{{JIRA_KEY:POST-SUBTASK-102}},{{JIRA_KEY:POST-SUBTASK-085}},Blocks,PENDING_POST_IMPORT_KEY_MAP
POST-SUBTASK-102,BLOCKS,POST-SUBTASK-086,{{JIRA_KEY:POST-SUBTASK-102}},{{JIRA_KEY:POST-SUBTASK-086}},Blocks,PENDING_POST_IMPORT_KEY_MAP
POST-SUBTASK-102,BLOCKS,POST-SUBTASK-087,{{JIRA_KEY:POST-SUBTASK-102}},{{JIRA_KEY:POST-SUBTASK-087}},Blocks,PENDING_POST_IMPORT_KEY_MAP
POST-SUBTASK-102,BLOCKS,POST-SUBTASK-094,{{JIRA_KEY:POST-SUBTASK-102}},{{JIRA_KEY:POST-SUBTASK-094}},Blocks,PENDING_POST_IMPORT_KEY_MAP
POST-SUBTASK-102,BLOCKS,POST-SUBTASK-095,{{JIRA_KEY:POST-SUBTASK-102}},{{JIRA_KEY:POST-SUBTASK-095}},Blocks,PENDING_POST_IMPORT_KEY_MAP
POST-SUBTASK-102,BLOCKS,POST-SUBTASK-096,{{JIRA_KEY:POST-SUBTASK-102}},{{JIRA_KEY:POST-SUBTASK-096}},Blocks,PENDING_POST_IMPORT_KEY_MAP
POST-SUBTASK-102,BLOCKS,POST-SUBTASK-103,{{JIRA_KEY:POST-SUBTASK-102}},{{JIRA_KEY:POST-SUBTASK-103}},Blocks,PENDING_POST_IMPORT_KEY_MAP
POST-SUBTASK-102,BLOCKS,POST-SUBTASK-104,{{JIRA_KEY:POST-SUBTASK-102}},{{JIRA_KEY:POST-SUBTASK-104}},Blocks,PENDING_POST_IMPORT_KEY_MAP
POST-SUBTASK-102,BLOCKS,POST-SUBTASK-105,{{JIRA_KEY:POST-SUBTASK-102}},{{JIRA_KEY:POST-SUBTASK-105}},Blocks,PENDING_POST_IMPORT_KEY_MAP
POST-SUBTASK-103,BLOCKS,POST-SUBTASK-104,{{JIRA_KEY:POST-SUBTASK-103}},{{JIRA_KEY:POST-SUBTASK-104}},Blocks,PENDING_POST_IMPORT_KEY_MAP
POST-SUBTASK-103,BLOCKS,POST-SUBTASK-105,{{JIRA_KEY:POST-SUBTASK-103}},{{JIRA_KEY:POST-SUBTASK-105}},Blocks,PENDING_POST_IMPORT_KEY_MAP
POST-SUBTASK-104,BLOCKS,POST-SUBTASK-105,{{JIRA_KEY:POST-SUBTASK-104}},{{JIRA_KEY:POST-SUBTASK-105}},Blocks,PENDING_POST_IMPORT_KEY_MAP
POST-SUBTASK-105,BLOCKS,POST-EPIC-012,{{JIRA_KEY:POST-SUBTASK-105}},{{JIRA_KEY:POST-EPIC-012}},Blocks,PENDING_POST_IMPORT_KEY_MAP
POST-SUBTASK-105,BLOCKS,POST-STORY-036,{{JIRA_KEY:POST-SUBTASK-105}},{{JIRA_KEY:POST-STORY-036}},Blocks,PENDING_POST_IMPORT_KEY_MAP
POST-SUBTASK-105,BLOCKS,POST-STORY-045,{{JIRA_KEY:POST-SUBTASK-105}},{{JIRA_KEY:POST-STORY-045}},Blocks,PENDING_POST_IMPORT_KEY_MAP
POST-SUBTASK-105,BLOCKS,POST-SUBTASK-106,{{JIRA_KEY:POST-SUBTASK-105}},{{JIRA_KEY:POST-SUBTASK-106}},Blocks,PENDING_POST_IMPORT_KEY_MAP
POST-SUBTASK-105,BLOCKS,POST-SUBTASK-107,{{JIRA_KEY:POST-SUBTASK-105}},{{JIRA_KEY:POST-SUBTASK-107}},Blocks,PENDING_POST_IMPORT_KEY_MAP
POST-SUBTASK-105,BLOCKS,POST-SUBTASK-108,{{JIRA_KEY:POST-SUBTASK-105}},{{JIRA_KEY:POST-SUBTASK-108}},Blocks,PENDING_POST_IMPORT_KEY_MAP
POST-SUBTASK-105,BLOCKS,POST-SUBTASK-133,{{JIRA_KEY:POST-SUBTASK-105}},{{JIRA_KEY:POST-SUBTASK-133}},Blocks,PENDING_POST_IMPORT_KEY_MAP
POST-SUBTASK-105,BLOCKS,POST-SUBTASK-134,{{JIRA_KEY:POST-SUBTASK-105}},{{JIRA_KEY:POST-SUBTASK-134}},Blocks,PENDING_POST_IMPORT_KEY_MAP
POST-SUBTASK-105,BLOCKS,POST-SUBTASK-135,{{JIRA_KEY:POST-SUBTASK-105}},{{JIRA_KEY:POST-SUBTASK-135}},Blocks,PENDING_POST_IMPORT_KEY_MAP
POST-SUBTASK-106,BLOCKS,POST-SUBTASK-107,{{JIRA_KEY:POST-SUBTASK-106}},{{JIRA_KEY:POST-SUBTASK-107}},Blocks,PENDING_POST_IMPORT_KEY_MAP
POST-SUBTASK-106,BLOCKS,POST-SUBTASK-108,{{JIRA_KEY:POST-SUBTASK-106}},{{JIRA_KEY:POST-SUBTASK-108}},Blocks,PENDING_POST_IMPORT_KEY_MAP
POST-SUBTASK-107,BLOCKS,POST-SUBTASK-108,{{JIRA_KEY:POST-SUBTASK-107}},{{JIRA_KEY:POST-SUBTASK-108}},Blocks,PENDING_POST_IMPORT_KEY_MAP
POST-SUBTASK-108,BLOCKS,POST-STORY-037,{{JIRA_KEY:POST-SUBTASK-108}},{{JIRA_KEY:POST-STORY-037}},Blocks,PENDING_POST_IMPORT_KEY_MAP
POST-SUBTASK-108,BLOCKS,POST-SUBTASK-109,{{JIRA_KEY:POST-SUBTASK-108}},{{JIRA_KEY:POST-SUBTASK-109}},Blocks,PENDING_POST_IMPORT_KEY_MAP
POST-SUBTASK-108,BLOCKS,POST-SUBTASK-110,{{JIRA_KEY:POST-SUBTASK-108}},{{JIRA_KEY:POST-SUBTASK-110}},Blocks,PENDING_POST_IMPORT_KEY_MAP
POST-SUBTASK-108,BLOCKS,POST-SUBTASK-111,{{JIRA_KEY:POST-SUBTASK-108}},{{JIRA_KEY:POST-SUBTASK-111}},Blocks,PENDING_POST_IMPORT_KEY_MAP
POST-SUBTASK-109,BLOCKS,POST-SUBTASK-110,{{JIRA_KEY:POST-SUBTASK-109}},{{JIRA_KEY:POST-SUBTASK-110}},Blocks,PENDING_POST_IMPORT_KEY_MAP
POST-SUBTASK-109,BLOCKS,POST-SUBTASK-111,{{JIRA_KEY:POST-SUBTASK-109}},{{JIRA_KEY:POST-SUBTASK-111}},Blocks,PENDING_POST_IMPORT_KEY_MAP
POST-SUBTASK-110,BLOCKS,POST-SUBTASK-111,{{JIRA_KEY:POST-SUBTASK-110}},{{JIRA_KEY:POST-SUBTASK-111}},Blocks,PENDING_POST_IMPORT_KEY_MAP
POST-SUBTASK-111,BLOCKS,POST-EPIC-013,{{JIRA_KEY:POST-SUBTASK-111}},{{JIRA_KEY:POST-EPIC-013}},Blocks,PENDING_POST_IMPORT_KEY_MAP
POST-SUBTASK-111,BLOCKS,POST-STORY-038,{{JIRA_KEY:POST-SUBTASK-111}},{{JIRA_KEY:POST-STORY-038}},Blocks,PENDING_POST_IMPORT_KEY_MAP
POST-SUBTASK-111,BLOCKS,POST-STORY-039,{{JIRA_KEY:POST-SUBTASK-111}},{{JIRA_KEY:POST-STORY-039}},Blocks,PENDING_POST_IMPORT_KEY_MAP
POST-SUBTASK-111,BLOCKS,POST-SUBTASK-112,{{JIRA_KEY:POST-SUBTASK-111}},{{JIRA_KEY:POST-SUBTASK-112}},Blocks,PENDING_POST_IMPORT_KEY_MAP
POST-SUBTASK-111,BLOCKS,POST-SUBTASK-113,{{JIRA_KEY:POST-SUBTASK-111}},{{JIRA_KEY:POST-SUBTASK-113}},Blocks,PENDING_POST_IMPORT_KEY_MAP
POST-SUBTASK-111,BLOCKS,POST-SUBTASK-114,{{JIRA_KEY:POST-SUBTASK-111}},{{JIRA_KEY:POST-SUBTASK-114}},Blocks,PENDING_POST_IMPORT_KEY_MAP
POST-SUBTASK-111,BLOCKS,POST-SUBTASK-115,{{JIRA_KEY:POST-SUBTASK-111}},{{JIRA_KEY:POST-SUBTASK-115}},Blocks,PENDING_POST_IMPORT_KEY_MAP
POST-SUBTASK-111,BLOCKS,POST-SUBTASK-116,{{JIRA_KEY:POST-SUBTASK-111}},{{JIRA_KEY:POST-SUBTASK-116}},Blocks,PENDING_POST_IMPORT_KEY_MAP
POST-SUBTASK-111,BLOCKS,POST-SUBTASK-117,{{JIRA_KEY:POST-SUBTASK-111}},{{JIRA_KEY:POST-SUBTASK-117}},Blocks,PENDING_POST_IMPORT_KEY_MAP
POST-SUBTASK-112,BLOCKS,POST-SUBTASK-113,{{JIRA_KEY:POST-SUBTASK-112}},{{JIRA_KEY:POST-SUBTASK-113}},Blocks,PENDING_POST_IMPORT_KEY_MAP
POST-SUBTASK-112,BLOCKS,POST-SUBTASK-114,{{JIRA_KEY:POST-SUBTASK-112}},{{JIRA_KEY:POST-SUBTASK-114}},Blocks,PENDING_POST_IMPORT_KEY_MAP
POST-SUBTASK-113,BLOCKS,POST-SUBTASK-114,{{JIRA_KEY:POST-SUBTASK-113}},{{JIRA_KEY:POST-SUBTASK-114}},Blocks,PENDING_POST_IMPORT_KEY_MAP
POST-SUBTASK-114,BLOCKS,POST-EPIC-015,{{JIRA_KEY:POST-SUBTASK-114}},{{JIRA_KEY:POST-EPIC-015}},Blocks,PENDING_POST_IMPORT_KEY_MAP
POST-SUBTASK-114,BLOCKS,POST-STORY-045,{{JIRA_KEY:POST-SUBTASK-114}},{{JIRA_KEY:POST-STORY-045}},Blocks,PENDING_POST_IMPORT_KEY_MAP
POST-SUBTASK-114,BLOCKS,POST-SUBTASK-133,{{JIRA_KEY:POST-SUBTASK-114}},{{JIRA_KEY:POST-SUBTASK-133}},Blocks,PENDING_POST_IMPORT_KEY_MAP
POST-SUBTASK-114,BLOCKS,POST-SUBTASK-134,{{JIRA_KEY:POST-SUBTASK-114}},{{JIRA_KEY:POST-SUBTASK-134}},Blocks,PENDING_POST_IMPORT_KEY_MAP
POST-SUBTASK-114,BLOCKS,POST-SUBTASK-135,{{JIRA_KEY:POST-SUBTASK-114}},{{JIRA_KEY:POST-SUBTASK-135}},Blocks,PENDING_POST_IMPORT_KEY_MAP
POST-SUBTASK-115,BLOCKS,POST-SUBTASK-116,{{JIRA_KEY:POST-SUBTASK-115}},{{JIRA_KEY:POST-SUBTASK-116}},Blocks,PENDING_POST_IMPORT_KEY_MAP
POST-SUBTASK-115,BLOCKS,POST-SUBTASK-117,{{JIRA_KEY:POST-SUBTASK-115}},{{JIRA_KEY:POST-SUBTASK-117}},Blocks,PENDING_POST_IMPORT_KEY_MAP
POST-SUBTASK-116,BLOCKS,POST-SUBTASK-117,{{JIRA_KEY:POST-SUBTASK-116}},{{JIRA_KEY:POST-SUBTASK-117}},Blocks,PENDING_POST_IMPORT_KEY_MAP
POST-SUBTASK-117,BLOCKS,POST-STORY-040,{{JIRA_KEY:POST-SUBTASK-117}},{{JIRA_KEY:POST-STORY-040}},Blocks,PENDING_POST_IMPORT_KEY_MAP
POST-SUBTASK-117,BLOCKS,POST-SUBTASK-118,{{JIRA_KEY:POST-SUBTASK-117}},{{JIRA_KEY:POST-SUBTASK-118}},Blocks,PENDING_POST_IMPORT_KEY_MAP
POST-SUBTASK-117,BLOCKS,POST-SUBTASK-119,{{JIRA_KEY:POST-SUBTASK-117}},{{JIRA_KEY:POST-SUBTASK-119}},Blocks,PENDING_POST_IMPORT_KEY_MAP
POST-SUBTASK-117,BLOCKS,POST-SUBTASK-120,{{JIRA_KEY:POST-SUBTASK-117}},{{JIRA_KEY:POST-SUBTASK-120}},Blocks,PENDING_POST_IMPORT_KEY_MAP
POST-SUBTASK-118,BLOCKS,POST-SUBTASK-119,{{JIRA_KEY:POST-SUBTASK-118}},{{JIRA_KEY:POST-SUBTASK-119}},Blocks,PENDING_POST_IMPORT_KEY_MAP
POST-SUBTASK-118,BLOCKS,POST-SUBTASK-120,{{JIRA_KEY:POST-SUBTASK-118}},{{JIRA_KEY:POST-SUBTASK-120}},Blocks,PENDING_POST_IMPORT_KEY_MAP
POST-SUBTASK-119,BLOCKS,POST-SUBTASK-120,{{JIRA_KEY:POST-SUBTASK-119}},{{JIRA_KEY:POST-SUBTASK-120}},Blocks,PENDING_POST_IMPORT_KEY_MAP
POST-SUBTASK-120,BLOCKS,POST-STORY-041,{{JIRA_KEY:POST-SUBTASK-120}},{{JIRA_KEY:POST-STORY-041}},Blocks,PENDING_POST_IMPORT_KEY_MAP
POST-SUBTASK-120,BLOCKS,POST-SUBTASK-121,{{JIRA_KEY:POST-SUBTASK-120}},{{JIRA_KEY:POST-SUBTASK-121}},Blocks,PENDING_POST_IMPORT_KEY_MAP
POST-SUBTASK-120,BLOCKS,POST-SUBTASK-122,{{JIRA_KEY:POST-SUBTASK-120}},{{JIRA_KEY:POST-SUBTASK-122}},Blocks,PENDING_POST_IMPORT_KEY_MAP
POST-SUBTASK-120,BLOCKS,POST-SUBTASK-123,{{JIRA_KEY:POST-SUBTASK-120}},{{JIRA_KEY:POST-SUBTASK-123}},Blocks,PENDING_POST_IMPORT_KEY_MAP
POST-SUBTASK-121,BLOCKS,POST-SUBTASK-122,{{JIRA_KEY:POST-SUBTASK-121}},{{JIRA_KEY:POST-SUBTASK-122}},Blocks,PENDING_POST_IMPORT_KEY_MAP
POST-SUBTASK-121,BLOCKS,POST-SUBTASK-123,{{JIRA_KEY:POST-SUBTASK-121}},{{JIRA_KEY:POST-SUBTASK-123}},Blocks,PENDING_POST_IMPORT_KEY_MAP
POST-SUBTASK-122,BLOCKS,POST-SUBTASK-123,{{JIRA_KEY:POST-SUBTASK-122}},{{JIRA_KEY:POST-SUBTASK-123}},Blocks,PENDING_POST_IMPORT_KEY_MAP
POST-SUBTASK-123,BLOCKS,POST-EPIC-015,{{JIRA_KEY:POST-SUBTASK-123}},{{JIRA_KEY:POST-EPIC-015}},Blocks,PENDING_POST_IMPORT_KEY_MAP
POST-SUBTASK-123,BLOCKS,POST-STORY-045,{{JIRA_KEY:POST-SUBTASK-123}},{{JIRA_KEY:POST-STORY-045}},Blocks,PENDING_POST_IMPORT_KEY_MAP
POST-SUBTASK-123,BLOCKS,POST-SUBTASK-133,{{JIRA_KEY:POST-SUBTASK-123}},{{JIRA_KEY:POST-SUBTASK-133}},Blocks,PENDING_POST_IMPORT_KEY_MAP
POST-SUBTASK-123,BLOCKS,POST-SUBTASK-134,{{JIRA_KEY:POST-SUBTASK-123}},{{JIRA_KEY:POST-SUBTASK-134}},Blocks,PENDING_POST_IMPORT_KEY_MAP
POST-SUBTASK-123,BLOCKS,POST-SUBTASK-135,{{JIRA_KEY:POST-SUBTASK-123}},{{JIRA_KEY:POST-SUBTASK-135}},Blocks,PENDING_POST_IMPORT_KEY_MAP
POST-SUBTASK-124,BLOCKS,POST-SUBTASK-125,{{JIRA_KEY:POST-SUBTASK-124}},{{JIRA_KEY:POST-SUBTASK-125}},Blocks,PENDING_POST_IMPORT_KEY_MAP
POST-SUBTASK-124,BLOCKS,POST-SUBTASK-126,{{JIRA_KEY:POST-SUBTASK-124}},{{JIRA_KEY:POST-SUBTASK-126}},Blocks,PENDING_POST_IMPORT_KEY_MAP
POST-SUBTASK-125,BLOCKS,POST-SUBTASK-126,{{JIRA_KEY:POST-SUBTASK-125}},{{JIRA_KEY:POST-SUBTASK-126}},Blocks,PENDING_POST_IMPORT_KEY_MAP
POST-SUBTASK-126,BLOCKS,POST-STORY-043,{{JIRA_KEY:POST-SUBTASK-126}},{{JIRA_KEY:POST-STORY-043}},Blocks,PENDING_POST_IMPORT_KEY_MAP
POST-SUBTASK-126,BLOCKS,POST-SUBTASK-127,{{JIRA_KEY:POST-SUBTASK-126}},{{JIRA_KEY:POST-SUBTASK-127}},Blocks,PENDING_POST_IMPORT_KEY_MAP
POST-SUBTASK-126,BLOCKS,POST-SUBTASK-128,{{JIRA_KEY:POST-SUBTASK-126}},{{JIRA_KEY:POST-SUBTASK-128}},Blocks,PENDING_POST_IMPORT_KEY_MAP
POST-SUBTASK-126,BLOCKS,POST-SUBTASK-129,{{JIRA_KEY:POST-SUBTASK-126}},{{JIRA_KEY:POST-SUBTASK-129}},Blocks,PENDING_POST_IMPORT_KEY_MAP
POST-SUBTASK-127,BLOCKS,POST-SUBTASK-128,{{JIRA_KEY:POST-SUBTASK-127}},{{JIRA_KEY:POST-SUBTASK-128}},Blocks,PENDING_POST_IMPORT_KEY_MAP
POST-SUBTASK-127,BLOCKS,POST-SUBTASK-129,{{JIRA_KEY:POST-SUBTASK-127}},{{JIRA_KEY:POST-SUBTASK-129}},Blocks,PENDING_POST_IMPORT_KEY_MAP
POST-SUBTASK-128,BLOCKS,POST-SUBTASK-129,{{JIRA_KEY:POST-SUBTASK-128}},{{JIRA_KEY:POST-SUBTASK-129}},Blocks,PENDING_POST_IMPORT_KEY_MAP
POST-SUBTASK-129,BLOCKS,POST-STORY-044,{{JIRA_KEY:POST-SUBTASK-129}},{{JIRA_KEY:POST-STORY-044}},Blocks,PENDING_POST_IMPORT_KEY_MAP
POST-SUBTASK-129,BLOCKS,POST-SUBTASK-130,{{JIRA_KEY:POST-SUBTASK-129}},{{JIRA_KEY:POST-SUBTASK-130}},Blocks,PENDING_POST_IMPORT_KEY_MAP
POST-SUBTASK-129,BLOCKS,POST-SUBTASK-131,{{JIRA_KEY:POST-SUBTASK-129}},{{JIRA_KEY:POST-SUBTASK-131}},Blocks,PENDING_POST_IMPORT_KEY_MAP
POST-SUBTASK-129,BLOCKS,POST-SUBTASK-132,{{JIRA_KEY:POST-SUBTASK-129}},{{JIRA_KEY:POST-SUBTASK-132}},Blocks,PENDING_POST_IMPORT_KEY_MAP
POST-SUBTASK-130,BLOCKS,POST-SUBTASK-131,{{JIRA_KEY:POST-SUBTASK-130}},{{JIRA_KEY:POST-SUBTASK-131}},Blocks,PENDING_POST_IMPORT_KEY_MAP
POST-SUBTASK-130,BLOCKS,POST-SUBTASK-132,{{JIRA_KEY:POST-SUBTASK-130}},{{JIRA_KEY:POST-SUBTASK-132}},Blocks,PENDING_POST_IMPORT_KEY_MAP
POST-SUBTASK-131,BLOCKS,POST-SUBTASK-132,{{JIRA_KEY:POST-SUBTASK-131}},{{JIRA_KEY:POST-SUBTASK-132}},Blocks,PENDING_POST_IMPORT_KEY_MAP
POST-SUBTASK-132,BLOCKS,POST-EPIC-015,{{JIRA_KEY:POST-SUBTASK-132}},{{JIRA_KEY:POST-EPIC-015}},Blocks,PENDING_POST_IMPORT_KEY_MAP
POST-SUBTASK-132,BLOCKS,POST-STORY-045,{{JIRA_KEY:POST-SUBTASK-132}},{{JIRA_KEY:POST-STORY-045}},Blocks,PENDING_POST_IMPORT_KEY_MAP
POST-SUBTASK-132,BLOCKS,POST-SUBTASK-133,{{JIRA_KEY:POST-SUBTASK-132}},{{JIRA_KEY:POST-SUBTASK-133}},Blocks,PENDING_POST_IMPORT_KEY_MAP
POST-SUBTASK-132,BLOCKS,POST-SUBTASK-134,{{JIRA_KEY:POST-SUBTASK-132}},{{JIRA_KEY:POST-SUBTASK-134}},Blocks,PENDING_POST_IMPORT_KEY_MAP
POST-SUBTASK-132,BLOCKS,POST-SUBTASK-135,{{JIRA_KEY:POST-SUBTASK-132}},{{JIRA_KEY:POST-SUBTASK-135}},Blocks,PENDING_POST_IMPORT_KEY_MAP
POST-SUBTASK-133,BLOCKS,POST-SUBTASK-134,{{JIRA_KEY:POST-SUBTASK-133}},{{JIRA_KEY:POST-SUBTASK-134}},Blocks,PENDING_POST_IMPORT_KEY_MAP
POST-SUBTASK-133,BLOCKS,POST-SUBTASK-135,{{JIRA_KEY:POST-SUBTASK-133}},{{JIRA_KEY:POST-SUBTASK-135}},Blocks,PENDING_POST_IMPORT_KEY_MAP
POST-SUBTASK-134,BLOCKS,POST-SUBTASK-135,{{JIRA_KEY:POST-SUBTASK-134}},{{JIRA_KEY:POST-SUBTASK-135}},Blocks,PENDING_POST_IMPORT_KEY_MAP
POST-SUBTASK-135,BLOCKS,POST-STORY-046,{{JIRA_KEY:POST-SUBTASK-135}},{{JIRA_KEY:POST-STORY-046}},Blocks,PENDING_POST_IMPORT_KEY_MAP
POST-SUBTASK-135,BLOCKS,POST-SUBTASK-136,{{JIRA_KEY:POST-SUBTASK-135}},{{JIRA_KEY:POST-SUBTASK-136}},Blocks,PENDING_POST_IMPORT_KEY_MAP
POST-SUBTASK-135,BLOCKS,POST-SUBTASK-137,{{JIRA_KEY:POST-SUBTASK-135}},{{JIRA_KEY:POST-SUBTASK-137}},Blocks,PENDING_POST_IMPORT_KEY_MAP
POST-SUBTASK-135,BLOCKS,POST-SUBTASK-138,{{JIRA_KEY:POST-SUBTASK-135}},{{JIRA_KEY:POST-SUBTASK-138}},Blocks,PENDING_POST_IMPORT_KEY_MAP
POST-SUBTASK-136,BLOCKS,POST-SUBTASK-137,{{JIRA_KEY:POST-SUBTASK-136}},{{JIRA_KEY:POST-SUBTASK-137}},Blocks,PENDING_POST_IMPORT_KEY_MAP
POST-SUBTASK-136,BLOCKS,POST-SUBTASK-138,{{JIRA_KEY:POST-SUBTASK-136}},{{JIRA_KEY:POST-SUBTASK-138}},Blocks,PENDING_POST_IMPORT_KEY_MAP
POST-SUBTASK-137,BLOCKS,POST-SUBTASK-138,{{JIRA_KEY:POST-SUBTASK-137}},{{JIRA_KEY:POST-SUBTASK-138}},Blocks,PENDING_POST_IMPORT_KEY_MAP
POST-SUBTASK-138,BLOCKS,POST-STORY-047,{{JIRA_KEY:POST-SUBTASK-138}},{{JIRA_KEY:POST-STORY-047}},Blocks,PENDING_POST_IMPORT_KEY_MAP
POST-SUBTASK-138,BLOCKS,POST-SUBTASK-139,{{JIRA_KEY:POST-SUBTASK-138}},{{JIRA_KEY:POST-SUBTASK-139}},Blocks,PENDING_POST_IMPORT_KEY_MAP
POST-SUBTASK-138,BLOCKS,POST-SUBTASK-140,{{JIRA_KEY:POST-SUBTASK-138}},{{JIRA_KEY:POST-SUBTASK-140}},Blocks,PENDING_POST_IMPORT_KEY_MAP
POST-SUBTASK-138,BLOCKS,POST-SUBTASK-141,{{JIRA_KEY:POST-SUBTASK-138}},{{JIRA_KEY:POST-SUBTASK-141}},Blocks,PENDING_POST_IMPORT_KEY_MAP
POST-SUBTASK-139,BLOCKS,POST-SUBTASK-140,{{JIRA_KEY:POST-SUBTASK-139}},{{JIRA_KEY:POST-SUBTASK-140}},Blocks,PENDING_POST_IMPORT_KEY_MAP
POST-SUBTASK-139,BLOCKS,POST-SUBTASK-141,{{JIRA_KEY:POST-SUBTASK-139}},{{JIRA_KEY:POST-SUBTASK-141}},Blocks,PENDING_POST_IMPORT_KEY_MAP
POST-SUBTASK-140,BLOCKS,POST-SUBTASK-141,{{JIRA_KEY:POST-SUBTASK-140}},{{JIRA_KEY:POST-SUBTASK-141}},Blocks,PENDING_POST_IMPORT_KEY_MAP
POST-SUBTASK-141,BLOCKS,POST-EPIC-016,{{JIRA_KEY:POST-SUBTASK-141}},{{JIRA_KEY:POST-EPIC-016}},Blocks,PENDING_POST_IMPORT_KEY_MAP
POST-SUBTASK-141,BLOCKS,POST-EPIC-017,{{JIRA_KEY:POST-SUBTASK-141}},{{JIRA_KEY:POST-EPIC-017}},Blocks,PENDING_POST_IMPORT_KEY_MAP
POST-SUBTASK-141,BLOCKS,POST-STORY-048,{{JIRA_KEY:POST-SUBTASK-141}},{{JIRA_KEY:POST-STORY-048}},Blocks,PENDING_POST_IMPORT_KEY_MAP
POST-SUBTASK-141,BLOCKS,POST-STORY-051,{{JIRA_KEY:POST-SUBTASK-141}},{{JIRA_KEY:POST-STORY-051}},Blocks,PENDING_POST_IMPORT_KEY_MAP
POST-SUBTASK-141,BLOCKS,POST-SUBTASK-142,{{JIRA_KEY:POST-SUBTASK-141}},{{JIRA_KEY:POST-SUBTASK-142}},Blocks,PENDING_POST_IMPORT_KEY_MAP
POST-SUBTASK-141,BLOCKS,POST-SUBTASK-143,{{JIRA_KEY:POST-SUBTASK-141}},{{JIRA_KEY:POST-SUBTASK-143}},Blocks,PENDING_POST_IMPORT_KEY_MAP
POST-SUBTASK-141,BLOCKS,POST-SUBTASK-144,{{JIRA_KEY:POST-SUBTASK-141}},{{JIRA_KEY:POST-SUBTASK-144}},Blocks,PENDING_POST_IMPORT_KEY_MAP
POST-SUBTASK-141,BLOCKS,POST-SUBTASK-151,{{JIRA_KEY:POST-SUBTASK-141}},{{JIRA_KEY:POST-SUBTASK-151}},Blocks,PENDING_POST_IMPORT_KEY_MAP
POST-SUBTASK-141,BLOCKS,POST-SUBTASK-152,{{JIRA_KEY:POST-SUBTASK-141}},{{JIRA_KEY:POST-SUBTASK-152}},Blocks,PENDING_POST_IMPORT_KEY_MAP
POST-SUBTASK-141,BLOCKS,POST-SUBTASK-153,{{JIRA_KEY:POST-SUBTASK-141}},{{JIRA_KEY:POST-SUBTASK-153}},Blocks,PENDING_POST_IMPORT_KEY_MAP
POST-SUBTASK-142,BLOCKS,POST-SUBTASK-143,{{JIRA_KEY:POST-SUBTASK-142}},{{JIRA_KEY:POST-SUBTASK-143}},Blocks,PENDING_POST_IMPORT_KEY_MAP
POST-SUBTASK-142,BLOCKS,POST-SUBTASK-144,{{JIRA_KEY:POST-SUBTASK-142}},{{JIRA_KEY:POST-SUBTASK-144}},Blocks,PENDING_POST_IMPORT_KEY_MAP
POST-SUBTASK-143,BLOCKS,POST-SUBTASK-144,{{JIRA_KEY:POST-SUBTASK-143}},{{JIRA_KEY:POST-SUBTASK-144}},Blocks,PENDING_POST_IMPORT_KEY_MAP
POST-SUBTASK-144,BLOCKS,POST-STORY-049,{{JIRA_KEY:POST-SUBTASK-144}},{{JIRA_KEY:POST-STORY-049}},Blocks,PENDING_POST_IMPORT_KEY_MAP
POST-SUBTASK-144,BLOCKS,POST-SUBTASK-145,{{JIRA_KEY:POST-SUBTASK-144}},{{JIRA_KEY:POST-SUBTASK-145}},Blocks,PENDING_POST_IMPORT_KEY_MAP
POST-SUBTASK-144,BLOCKS,POST-SUBTASK-146,{{JIRA_KEY:POST-SUBTASK-144}},{{JIRA_KEY:POST-SUBTASK-146}},Blocks,PENDING_POST_IMPORT_KEY_MAP
POST-SUBTASK-144,BLOCKS,POST-SUBTASK-147,{{JIRA_KEY:POST-SUBTASK-144}},{{JIRA_KEY:POST-SUBTASK-147}},Blocks,PENDING_POST_IMPORT_KEY_MAP
POST-SUBTASK-145,BLOCKS,POST-SUBTASK-146,{{JIRA_KEY:POST-SUBTASK-145}},{{JIRA_KEY:POST-SUBTASK-146}},Blocks,PENDING_POST_IMPORT_KEY_MAP
POST-SUBTASK-145,BLOCKS,POST-SUBTASK-147,{{JIRA_KEY:POST-SUBTASK-145}},{{JIRA_KEY:POST-SUBTASK-147}},Blocks,PENDING_POST_IMPORT_KEY_MAP
POST-SUBTASK-146,BLOCKS,POST-SUBTASK-147,{{JIRA_KEY:POST-SUBTASK-146}},{{JIRA_KEY:POST-SUBTASK-147}},Blocks,PENDING_POST_IMPORT_KEY_MAP
POST-SUBTASK-147,BLOCKS,POST-STORY-050,{{JIRA_KEY:POST-SUBTASK-147}},{{JIRA_KEY:POST-STORY-050}},Blocks,PENDING_POST_IMPORT_KEY_MAP
POST-SUBTASK-147,BLOCKS,POST-SUBTASK-148,{{JIRA_KEY:POST-SUBTASK-147}},{{JIRA_KEY:POST-SUBTASK-148}},Blocks,PENDING_POST_IMPORT_KEY_MAP
POST-SUBTASK-147,BLOCKS,POST-SUBTASK-149,{{JIRA_KEY:POST-SUBTASK-147}},{{JIRA_KEY:POST-SUBTASK-149}},Blocks,PENDING_POST_IMPORT_KEY_MAP
POST-SUBTASK-147,BLOCKS,POST-SUBTASK-150,{{JIRA_KEY:POST-SUBTASK-147}},{{JIRA_KEY:POST-SUBTASK-150}},Blocks,PENDING_POST_IMPORT_KEY_MAP
POST-SUBTASK-148,BLOCKS,POST-SUBTASK-149,{{JIRA_KEY:POST-SUBTASK-148}},{{JIRA_KEY:POST-SUBTASK-149}},Blocks,PENDING_POST_IMPORT_KEY_MAP
POST-SUBTASK-148,BLOCKS,POST-SUBTASK-150,{{JIRA_KEY:POST-SUBTASK-148}},{{JIRA_KEY:POST-SUBTASK-150}},Blocks,PENDING_POST_IMPORT_KEY_MAP
POST-SUBTASK-149,BLOCKS,POST-SUBTASK-150,{{JIRA_KEY:POST-SUBTASK-149}},{{JIRA_KEY:POST-SUBTASK-150}},Blocks,PENDING_POST_IMPORT_KEY_MAP
POST-SUBTASK-151,BLOCKS,POST-SUBTASK-152,{{JIRA_KEY:POST-SUBTASK-151}},{{JIRA_KEY:POST-SUBTASK-152}},Blocks,PENDING_POST_IMPORT_KEY_MAP
POST-SUBTASK-151,BLOCKS,POST-SUBTASK-153,{{JIRA_KEY:POST-SUBTASK-151}},{{JIRA_KEY:POST-SUBTASK-153}},Blocks,PENDING_POST_IMPORT_KEY_MAP
POST-SUBTASK-152,BLOCKS,POST-SUBTASK-153,{{JIRA_KEY:POST-SUBTASK-152}},{{JIRA_KEY:POST-SUBTASK-153}},Blocks,PENDING_POST_IMPORT_KEY_MAP
POST-SUBTASK-153,BLOCKS,POST-STORY-052,{{JIRA_KEY:POST-SUBTASK-153}},{{JIRA_KEY:POST-STORY-052}},Blocks,PENDING_POST_IMPORT_KEY_MAP
POST-SUBTASK-153,BLOCKS,POST-SUBTASK-154,{{JIRA_KEY:POST-SUBTASK-153}},{{JIRA_KEY:POST-SUBTASK-154}},Blocks,PENDING_POST_IMPORT_KEY_MAP
POST-SUBTASK-153,BLOCKS,POST-SUBTASK-155,{{JIRA_KEY:POST-SUBTASK-153}},{{JIRA_KEY:POST-SUBTASK-155}},Blocks,PENDING_POST_IMPORT_KEY_MAP
POST-SUBTASK-153,BLOCKS,POST-SUBTASK-156,{{JIRA_KEY:POST-SUBTASK-153}},{{JIRA_KEY:POST-SUBTASK-156}},Blocks,PENDING_POST_IMPORT_KEY_MAP
POST-SUBTASK-154,BLOCKS,POST-SUBTASK-155,{{JIRA_KEY:POST-SUBTASK-154}},{{JIRA_KEY:POST-SUBTASK-155}},Blocks,PENDING_POST_IMPORT_KEY_MAP
POST-SUBTASK-154,BLOCKS,POST-SUBTASK-156,{{JIRA_KEY:POST-SUBTASK-154}},{{JIRA_KEY:POST-SUBTASK-156}},Blocks,PENDING_POST_IMPORT_KEY_MAP
POST-SUBTASK-155,BLOCKS,POST-SUBTASK-156,{{JIRA_KEY:POST-SUBTASK-155}},{{JIRA_KEY:POST-SUBTASK-156}},Blocks,PENDING_POST_IMPORT_KEY_MAP
POST-SUBTASK-156,BLOCKS,POST-STORY-053,{{JIRA_KEY:POST-SUBTASK-156}},{{JIRA_KEY:POST-STORY-053}},Blocks,PENDING_POST_IMPORT_KEY_MAP
POST-SUBTASK-156,BLOCKS,POST-SUBTASK-157,{{JIRA_KEY:POST-SUBTASK-156}},{{JIRA_KEY:POST-SUBTASK-157}},Blocks,PENDING_POST_IMPORT_KEY_MAP
POST-SUBTASK-156,BLOCKS,POST-SUBTASK-158,{{JIRA_KEY:POST-SUBTASK-156}},{{JIRA_KEY:POST-SUBTASK-158}},Blocks,PENDING_POST_IMPORT_KEY_MAP
POST-SUBTASK-156,BLOCKS,POST-SUBTASK-159,{{JIRA_KEY:POST-SUBTASK-156}},{{JIRA_KEY:POST-SUBTASK-159}},Blocks,PENDING_POST_IMPORT_KEY_MAP
POST-SUBTASK-157,BLOCKS,POST-SUBTASK-158,{{JIRA_KEY:POST-SUBTASK-157}},{{JIRA_KEY:POST-SUBTASK-158}},Blocks,PENDING_POST_IMPORT_KEY_MAP
POST-SUBTASK-157,BLOCKS,POST-SUBTASK-159,{{JIRA_KEY:POST-SUBTASK-157}},{{JIRA_KEY:POST-SUBTASK-159}},Blocks,PENDING_POST_IMPORT_KEY_MAP
POST-SUBTASK-158,BLOCKS,POST-SUBTASK-159,{{JIRA_KEY:POST-SUBTASK-158}},{{JIRA_KEY:POST-SUBTASK-159}},Blocks,PENDING_POST_IMPORT_KEY_MAP
POST-SUBTASK-160,BLOCKS,POST-SUBTASK-161,{{JIRA_KEY:POST-SUBTASK-160}},{{JIRA_KEY:POST-SUBTASK-161}},Blocks,PENDING_POST_IMPORT_KEY_MAP
POST-SUBTASK-160,BLOCKS,POST-SUBTASK-168,{{JIRA_KEY:POST-SUBTASK-160}},{{JIRA_KEY:POST-SUBTASK-168}},Blocks,PENDING_POST_IMPORT_KEY_MAP
POST-SUBTASK-161,BLOCKS,POST-STORY-055,{{JIRA_KEY:POST-SUBTASK-161}},{{JIRA_KEY:POST-STORY-055}},Blocks,PENDING_POST_IMPORT_KEY_MAP
POST-SUBTASK-161,BLOCKS,POST-SUBTASK-162,{{JIRA_KEY:POST-SUBTASK-161}},{{JIRA_KEY:POST-SUBTASK-162}},Blocks,PENDING_POST_IMPORT_KEY_MAP
POST-SUBTASK-161,BLOCKS,POST-SUBTASK-163,{{JIRA_KEY:POST-SUBTASK-161}},{{JIRA_KEY:POST-SUBTASK-163}},Blocks,PENDING_POST_IMPORT_KEY_MAP
POST-SUBTASK-161,BLOCKS,POST-SUBTASK-164,{{JIRA_KEY:POST-SUBTASK-161}},{{JIRA_KEY:POST-SUBTASK-164}},Blocks,PENDING_POST_IMPORT_KEY_MAP
POST-SUBTASK-161,BLOCKS,POST-SUBTASK-165,{{JIRA_KEY:POST-SUBTASK-161}},{{JIRA_KEY:POST-SUBTASK-165}},Blocks,PENDING_POST_IMPORT_KEY_MAP
POST-SUBTASK-162,BLOCKS,POST-STORY-056,{{JIRA_KEY:POST-SUBTASK-162}},{{JIRA_KEY:POST-STORY-056}},Blocks,PENDING_POST_IMPORT_KEY_MAP
POST-SUBTASK-162,BLOCKS,POST-SUBTASK-166,{{JIRA_KEY:POST-SUBTASK-162}},{{JIRA_KEY:POST-SUBTASK-166}},Blocks,PENDING_POST_IMPORT_KEY_MAP
POST-SUBTASK-162,BLOCKS,POST-SUBTASK-167,{{JIRA_KEY:POST-SUBTASK-162}},{{JIRA_KEY:POST-SUBTASK-167}},Blocks,PENDING_POST_IMPORT_KEY_MAP
POST-SUBTASK-163,BLOCKS,POST-STORY-056,{{JIRA_KEY:POST-SUBTASK-163}},{{JIRA_KEY:POST-STORY-056}},Blocks,PENDING_POST_IMPORT_KEY_MAP
POST-SUBTASK-163,BLOCKS,POST-SUBTASK-166,{{JIRA_KEY:POST-SUBTASK-163}},{{JIRA_KEY:POST-SUBTASK-166}},Blocks,PENDING_POST_IMPORT_KEY_MAP
POST-SUBTASK-164,BLOCKS,POST-STORY-056,{{JIRA_KEY:POST-SUBTASK-164}},{{JIRA_KEY:POST-STORY-056}},Blocks,PENDING_POST_IMPORT_KEY_MAP
POST-SUBTASK-164,BLOCKS,POST-SUBTASK-166,{{JIRA_KEY:POST-SUBTASK-164}},{{JIRA_KEY:POST-SUBTASK-166}},Blocks,PENDING_POST_IMPORT_KEY_MAP
POST-SUBTASK-165,BLOCKS,POST-SUBTASK-170,{{JIRA_KEY:POST-SUBTASK-165}},{{JIRA_KEY:POST-SUBTASK-170}},Blocks,PENDING_POST_IMPORT_KEY_MAP
POST-SUBTASK-167,BLOCKS,POST-STORY-056,{{JIRA_KEY:POST-SUBTASK-167}},{{JIRA_KEY:POST-STORY-056}},Blocks,PENDING_POST_IMPORT_KEY_MAP
POST-SUBTASK-167,BLOCKS,POST-SUBTASK-166,{{JIRA_KEY:POST-SUBTASK-167}},{{JIRA_KEY:POST-SUBTASK-166}},Blocks,PENDING_POST_IMPORT_KEY_MAP
POST-SUBTASK-167,BLOCKS,POST-SUBTASK-181,{{JIRA_KEY:POST-SUBTASK-167}},{{JIRA_KEY:POST-SUBTASK-181}},Blocks,PENDING_POST_IMPORT_KEY_MAP
POST-SUBTASK-168,BLOCKS,POST-STORY-056,{{JIRA_KEY:POST-SUBTASK-168}},{{JIRA_KEY:POST-STORY-056}},Blocks,PENDING_POST_IMPORT_KEY_MAP
POST-SUBTASK-168,BLOCKS,POST-SUBTASK-175,{{JIRA_KEY:POST-SUBTASK-168}},{{JIRA_KEY:POST-SUBTASK-175}},Blocks,PENDING_POST_IMPORT_KEY_MAP
POST-SUBTASK-169,BLOCKS,POST-SUBTASK-171,{{JIRA_KEY:POST-SUBTASK-169}},{{JIRA_KEY:POST-SUBTASK-171}},Blocks,PENDING_POST_IMPORT_KEY_MAP
POST-SUBTASK-169,BLOCKS,POST-SUBTASK-187,{{JIRA_KEY:POST-SUBTASK-169}},{{JIRA_KEY:POST-SUBTASK-187}},Blocks,PENDING_POST_IMPORT_KEY_MAP
POST-SUBTASK-169,BLOCKS,POST-SUBTASK-189,{{JIRA_KEY:POST-SUBTASK-169}},{{JIRA_KEY:POST-SUBTASK-189}},Blocks,PENDING_POST_IMPORT_KEY_MAP
POST-SUBTASK-169,BLOCKS,POST-SUBTASK-190,{{JIRA_KEY:POST-SUBTASK-169}},{{JIRA_KEY:POST-SUBTASK-190}},Blocks,PENDING_POST_IMPORT_KEY_MAP
POST-SUBTASK-169,BLOCKS,POST-SUBTASK-191,{{JIRA_KEY:POST-SUBTASK-169}},{{JIRA_KEY:POST-SUBTASK-191}},Blocks,PENDING_POST_IMPORT_KEY_MAP
POST-SUBTASK-170,BLOCKS,POST-SUBTASK-171,{{JIRA_KEY:POST-SUBTASK-170}},{{JIRA_KEY:POST-SUBTASK-171}},Blocks,PENDING_POST_IMPORT_KEY_MAP
POST-SUBTASK-170,BLOCKS,POST-SUBTASK-172,{{JIRA_KEY:POST-SUBTASK-170}},{{JIRA_KEY:POST-SUBTASK-172}},Blocks,PENDING_POST_IMPORT_KEY_MAP
POST-SUBTASK-171,BLOCKS,POST-SUBTASK-172,{{JIRA_KEY:POST-SUBTASK-171}},{{JIRA_KEY:POST-SUBTASK-172}},Blocks,PENDING_POST_IMPORT_KEY_MAP
POST-SUBTASK-172,BLOCKS,POST-SUBTASK-177,{{JIRA_KEY:POST-SUBTASK-172}},{{JIRA_KEY:POST-SUBTASK-177}},Blocks,PENDING_POST_IMPORT_KEY_MAP
POST-SUBTASK-172,BLOCKS,POST-SUBTASK-184,{{JIRA_KEY:POST-SUBTASK-172}},{{JIRA_KEY:POST-SUBTASK-184}},Blocks,PENDING_POST_IMPORT_KEY_MAP
POST-SUBTASK-174,BLOCKS,POST-SUBTASK-183,{{JIRA_KEY:POST-SUBTASK-174}},{{JIRA_KEY:POST-SUBTASK-183}},Blocks,PENDING_POST_IMPORT_KEY_MAP
POST-SUBTASK-175,BLOCKS,POST-SUBTASK-178,{{JIRA_KEY:POST-SUBTASK-175}},{{JIRA_KEY:POST-SUBTASK-178}},Blocks,PENDING_POST_IMPORT_KEY_MAP
POST-SUBTASK-176,BLOCKS,POST-SUBTASK-177,{{JIRA_KEY:POST-SUBTASK-176}},{{JIRA_KEY:POST-SUBTASK-177}},Blocks,PENDING_POST_IMPORT_KEY_MAP
POST-SUBTASK-176,BLOCKS,POST-SUBTASK-183,{{JIRA_KEY:POST-SUBTASK-176}},{{JIRA_KEY:POST-SUBTASK-183}},Blocks,PENDING_POST_IMPORT_KEY_MAP
POST-SUBTASK-176,BLOCKS,POST-SUBTASK-186,{{JIRA_KEY:POST-SUBTASK-176}},{{JIRA_KEY:POST-SUBTASK-186}},Blocks,PENDING_POST_IMPORT_KEY_MAP
POST-SUBTASK-177,BLOCKS,POST-SUBTASK-180,{{JIRA_KEY:POST-SUBTASK-177}},{{JIRA_KEY:POST-SUBTASK-180}},Blocks,PENDING_POST_IMPORT_KEY_MAP
POST-SUBTASK-177,BLOCKS,POST-SUBTASK-184,{{JIRA_KEY:POST-SUBTASK-177}},{{JIRA_KEY:POST-SUBTASK-184}},Blocks,PENDING_POST_IMPORT_KEY_MAP
POST-SUBTASK-178,BLOCKS,POST-SUBTASK-179,{{JIRA_KEY:POST-SUBTASK-178}},{{JIRA_KEY:POST-SUBTASK-179}},Blocks,PENDING_POST_IMPORT_KEY_MAP
POST-SUBTASK-179,BLOCKS,POST-SUBTASK-180,{{JIRA_KEY:POST-SUBTASK-179}},{{JIRA_KEY:POST-SUBTASK-180}},Blocks,PENDING_POST_IMPORT_KEY_MAP
POST-SUBTASK-181,BLOCKS,POST-SUBTASK-182,{{JIRA_KEY:POST-SUBTASK-181}},{{JIRA_KEY:POST-SUBTASK-182}},Blocks,PENDING_POST_IMPORT_KEY_MAP
POST-SUBTASK-183,BLOCKS,POST-SUBTASK-184,{{JIRA_KEY:POST-SUBTASK-183}},{{JIRA_KEY:POST-SUBTASK-184}},Blocks,PENDING_POST_IMPORT_KEY_MAP
POST-SUBTASK-184,BLOCKS,POST-SUBTASK-187,{{JIRA_KEY:POST-SUBTASK-184}},{{JIRA_KEY:POST-SUBTASK-187}},Blocks,PENDING_POST_IMPORT_KEY_MAP
POST-SUBTASK-185,BLOCKS,POST-SUBTASK-193,{{JIRA_KEY:POST-SUBTASK-185}},{{JIRA_KEY:POST-SUBTASK-193}},Blocks,PENDING_POST_IMPORT_KEY_MAP
POST-SUBTASK-186,BLOCKS,POST-SUBTASK-187,{{JIRA_KEY:POST-SUBTASK-186}},{{JIRA_KEY:POST-SUBTASK-187}},Blocks,PENDING_POST_IMPORT_KEY_MAP
POST-SUBTASK-188,BLOCKS,POST-SUBTASK-194,{{JIRA_KEY:POST-SUBTASK-188}},{{JIRA_KEY:POST-SUBTASK-194}},Blocks,PENDING_POST_IMPORT_KEY_MAP
POST-SUBTASK-190,BLOCKS,POST-SUBTASK-191,{{JIRA_KEY:POST-SUBTASK-190}},{{JIRA_KEY:POST-SUBTASK-191}},Blocks,PENDING_POST_IMPORT_KEY_MAP
POST-SUBTASK-190,BLOCKS,POST-SUBTASK-192,{{JIRA_KEY:POST-SUBTASK-190}},{{JIRA_KEY:POST-SUBTASK-192}},Blocks,PENDING_POST_IMPORT_KEY_MAP
POST-SUBTASK-191,BLOCKS,POST-SUBTASK-192,{{JIRA_KEY:POST-SUBTASK-191}},{{JIRA_KEY:POST-SUBTASK-192}},Blocks,PENDING_POST_IMPORT_KEY_MAP
POST-SUBTASK-191,BLOCKS,POST-SUBTASK-193,{{JIRA_KEY:POST-SUBTASK-191}},{{JIRA_KEY:POST-SUBTASK-193}},Blocks,PENDING_POST_IMPORT_KEY_MAP
TASK-001,BLOCKS,TASK-002,{{JIRA_KEY:TASK-001}},{{JIRA_KEY:TASK-002}},Blocks,PENDING_POST_IMPORT_KEY_MAP
TASK-002,BLOCKS,TASK-003,{{JIRA_KEY:TASK-002}},{{JIRA_KEY:TASK-003}},Blocks,PENDING_POST_IMPORT_KEY_MAP
TASK-002,BLOCKS,TASK-004,{{JIRA_KEY:TASK-002}},{{JIRA_KEY:TASK-004}},Blocks,PENDING_POST_IMPORT_KEY_MAP
TASK-003,BLOCKS,TASK-005,{{JIRA_KEY:TASK-003}},{{JIRA_KEY:TASK-005}},Blocks,PENDING_POST_IMPORT_KEY_MAP
TASK-004,BLOCKS,TASK-005,{{JIRA_KEY:TASK-004}},{{JIRA_KEY:TASK-005}},Blocks,PENDING_POST_IMPORT_KEY_MAP
TASK-005,BLOCKS,TASK-006,{{JIRA_KEY:TASK-005}},{{JIRA_KEY:TASK-006}},Blocks,PENDING_POST_IMPORT_KEY_MAP
TASK-006,BLOCKS,TASK-007,{{JIRA_KEY:TASK-006}},{{JIRA_KEY:TASK-007}},Blocks,PENDING_POST_IMPORT_KEY_MAP
TASK-006,BLOCKS,TASK-011,{{JIRA_KEY:TASK-006}},{{JIRA_KEY:TASK-011}},Blocks,PENDING_POST_IMPORT_KEY_MAP
TASK-006,BLOCKS,TASK-041,{{JIRA_KEY:TASK-006}},{{JIRA_KEY:TASK-041}},Blocks,PENDING_POST_IMPORT_KEY_MAP
TASK-006,BLOCKS,TASK-067,{{JIRA_KEY:TASK-006}},{{JIRA_KEY:TASK-067}},Blocks,PENDING_POST_IMPORT_KEY_MAP
TASK-006,BLOCKS,TASK-081,{{JIRA_KEY:TASK-006}},{{JIRA_KEY:TASK-081}},Blocks,PENDING_POST_IMPORT_KEY_MAP
TASK-007,BLOCKS,TASK-008,{{JIRA_KEY:TASK-007}},{{JIRA_KEY:TASK-008}},Blocks,PENDING_POST_IMPORT_KEY_MAP
TASK-007,BLOCKS,TASK-011,{{JIRA_KEY:TASK-007}},{{JIRA_KEY:TASK-011}},Blocks,PENDING_POST_IMPORT_KEY_MAP
TASK-007,BLOCKS,TASK-190,{{JIRA_KEY:TASK-007}},{{JIRA_KEY:TASK-190}},Blocks,PENDING_POST_IMPORT_KEY_MAP
TASK-008,BLOCKS,TASK-009,{{JIRA_KEY:TASK-008}},{{JIRA_KEY:TASK-009}},Blocks,PENDING_POST_IMPORT_KEY_MAP
TASK-009,BLOCKS,TASK-010,{{JIRA_KEY:TASK-009}},{{JIRA_KEY:TASK-010}},Blocks,PENDING_POST_IMPORT_KEY_MAP
TASK-010,BLOCKS,TASK-012,{{JIRA_KEY:TASK-010}},{{JIRA_KEY:TASK-012}},Blocks,PENDING_POST_IMPORT_KEY_MAP
TASK-011,BLOCKS,TASK-012,{{JIRA_KEY:TASK-011}},{{JIRA_KEY:TASK-012}},Blocks,PENDING_POST_IMPORT_KEY_MAP
TASK-012,BLOCKS,TASK-013,{{JIRA_KEY:TASK-012}},{{JIRA_KEY:TASK-013}},Blocks,PENDING_POST_IMPORT_KEY_MAP
TASK-012,BLOCKS,TASK-042,{{JIRA_KEY:TASK-012}},{{JIRA_KEY:TASK-042}},Blocks,PENDING_POST_IMPORT_KEY_MAP
TASK-012,BLOCKS,TASK-054,{{JIRA_KEY:TASK-012}},{{JIRA_KEY:TASK-054}},Blocks,PENDING_POST_IMPORT_KEY_MAP
TASK-012,BLOCKS,TASK-059,{{JIRA_KEY:TASK-012}},{{JIRA_KEY:TASK-059}},Blocks,PENDING_POST_IMPORT_KEY_MAP
TASK-012,BLOCKS,TASK-066,{{JIRA_KEY:TASK-012}},{{JIRA_KEY:TASK-066}},Blocks,PENDING_POST_IMPORT_KEY_MAP
TASK-013,BLOCKS,TASK-014,{{JIRA_KEY:TASK-013}},{{JIRA_KEY:TASK-014}},Blocks,PENDING_POST_IMPORT_KEY_MAP
TASK-013,BLOCKS,TASK-015,{{JIRA_KEY:TASK-013}},{{JIRA_KEY:TASK-015}},Blocks,PENDING_POST_IMPORT_KEY_MAP
TASK-014,BLOCKS,TASK-016,{{JIRA_KEY:TASK-014}},{{JIRA_KEY:TASK-016}},Blocks,PENDING_POST_IMPORT_KEY_MAP
TASK-014,BLOCKS,TASK-017,{{JIRA_KEY:TASK-014}},{{JIRA_KEY:TASK-017}},Blocks,PENDING_POST_IMPORT_KEY_MAP
TASK-015,BLOCKS,TASK-016,{{JIRA_KEY:TASK-015}},{{JIRA_KEY:TASK-016}},Blocks,PENDING_POST_IMPORT_KEY_MAP
TASK-015,BLOCKS,TASK-125,{{JIRA_KEY:TASK-015}},{{JIRA_KEY:TASK-125}},Blocks,PENDING_POST_IMPORT_KEY_MAP
TASK-015,BLOCKS,TASK-191,{{JIRA_KEY:TASK-015}},{{JIRA_KEY:TASK-191}},Blocks,PENDING_POST_IMPORT_KEY_MAP
TASK-015,BLOCKS,TASK-192,{{JIRA_KEY:TASK-015}},{{JIRA_KEY:TASK-192}},Blocks,PENDING_POST_IMPORT_KEY_MAP
TASK-016,BLOCKS,TASK-018,{{JIRA_KEY:TASK-016}},{{JIRA_KEY:TASK-018}},Blocks,PENDING_POST_IMPORT_KEY_MAP
TASK-017,BLOCKS,TASK-018,{{JIRA_KEY:TASK-017}},{{JIRA_KEY:TASK-018}},Blocks,PENDING_POST_IMPORT_KEY_MAP
TASK-018,BLOCKS,TASK-019,{{JIRA_KEY:TASK-018}},{{JIRA_KEY:TASK-019}},Blocks,PENDING_POST_IMPORT_KEY_MAP
TASK-018,BLOCKS,TASK-041,{{JIRA_KEY:TASK-018}},{{JIRA_KEY:TASK-041}},Blocks,PENDING_POST_IMPORT_KEY_MAP
TASK-018,BLOCKS,TASK-043,{{JIRA_KEY:TASK-018}},{{JIRA_KEY:TASK-043}},Blocks,PENDING_POST_IMPORT_KEY_MAP
TASK-018,BLOCKS,TASK-047,{{JIRA_KEY:TASK-018}},{{JIRA_KEY:TASK-047}},Blocks,PENDING_POST_IMPORT_KEY_MAP
TASK-018,BLOCKS,TASK-059,{{JIRA_KEY:TASK-018}},{{JIRA_KEY:TASK-059}},Blocks,PENDING_POST_IMPORT_KEY_MAP
TASK-018,BLOCKS,TASK-065,{{JIRA_KEY:TASK-018}},{{JIRA_KEY:TASK-065}},Blocks,PENDING_POST_IMPORT_KEY_MAP
TASK-018,BLOCKS,TASK-066,{{JIRA_KEY:TASK-018}},{{JIRA_KEY:TASK-066}},Blocks,PENDING_POST_IMPORT_KEY_MAP
TASK-018,BLOCKS,TASK-069,{{JIRA_KEY:TASK-018}},{{JIRA_KEY:TASK-069}},Blocks,PENDING_POST_IMPORT_KEY_MAP
TASK-018,BLOCKS,TASK-080,{{JIRA_KEY:TASK-018}},{{JIRA_KEY:TASK-080}},Blocks,PENDING_POST_IMPORT_KEY_MAP
TASK-018,BLOCKS,TASK-081,{{JIRA_KEY:TASK-018}},{{JIRA_KEY:TASK-081}},Blocks,PENDING_POST_IMPORT_KEY_MAP
TASK-018,BLOCKS,TASK-091,{{JIRA_KEY:TASK-018}},{{JIRA_KEY:TASK-091}},Blocks,PENDING_POST_IMPORT_KEY_MAP
TASK-018,BLOCKS,TASK-101,{{JIRA_KEY:TASK-018}},{{JIRA_KEY:TASK-101}},Blocks,PENDING_POST_IMPORT_KEY_MAP
TASK-019,BLOCKS,TASK-020,{{JIRA_KEY:TASK-019}},{{JIRA_KEY:TASK-020}},Blocks,PENDING_POST_IMPORT_KEY_MAP
TASK-020,BLOCKS,TASK-021,{{JIRA_KEY:TASK-020}},{{JIRA_KEY:TASK-021}},Blocks,PENDING_POST_IMPORT_KEY_MAP
TASK-021,BLOCKS,TASK-022,{{JIRA_KEY:TASK-021}},{{JIRA_KEY:TASK-022}},Blocks,PENDING_POST_IMPORT_KEY_MAP
TASK-022,BLOCKS,TASK-023,{{JIRA_KEY:TASK-022}},{{JIRA_KEY:TASK-023}},Blocks,PENDING_POST_IMPORT_KEY_MAP
TASK-023,BLOCKS,TASK-024,{{JIRA_KEY:TASK-023}},{{JIRA_KEY:TASK-024}},Blocks,PENDING_POST_IMPORT_KEY_MAP
TASK-023,BLOCKS,TASK-044,{{JIRA_KEY:TASK-023}},{{JIRA_KEY:TASK-044}},Blocks,PENDING_POST_IMPORT_KEY_MAP
TASK-023,BLOCKS,TASK-197,{{JIRA_KEY:TASK-023}},{{JIRA_KEY:TASK-197}},Blocks,PENDING_POST_IMPORT_KEY_MAP
TASK-024,BLOCKS,TASK-025,{{JIRA_KEY:TASK-024}},{{JIRA_KEY:TASK-025}},Blocks,PENDING_POST_IMPORT_KEY_MAP
TASK-024,BLOCKS,TASK-026,{{JIRA_KEY:TASK-024}},{{JIRA_KEY:TASK-026}},Blocks,PENDING_POST_IMPORT_KEY_MAP
TASK-025,BLOCKS,TASK-027,{{JIRA_KEY:TASK-025}},{{JIRA_KEY:TASK-027}},Blocks,PENDING_POST_IMPORT_KEY_MAP
TASK-026,BLOCKS,TASK-027,{{JIRA_KEY:TASK-026}},{{JIRA_KEY:TASK-027}},Blocks,PENDING_POST_IMPORT_KEY_MAP
TASK-027,BLOCKS,TASK-028,{{JIRA_KEY:TASK-027}},{{JIRA_KEY:TASK-028}},Blocks,PENDING_POST_IMPORT_KEY_MAP
TASK-028,BLOCKS,TASK-029,{{JIRA_KEY:TASK-028}},{{JIRA_KEY:TASK-029}},Blocks,PENDING_POST_IMPORT_KEY_MAP
TASK-029,BLOCKS,TASK-030,{{JIRA_KEY:TASK-029}},{{JIRA_KEY:TASK-030}},Blocks,PENDING_POST_IMPORT_KEY_MAP
TASK-029,BLOCKS,TASK-044,{{JIRA_KEY:TASK-029}},{{JIRA_KEY:TASK-044}},Blocks,PENDING_POST_IMPORT_KEY_MAP
TASK-029,BLOCKS,TASK-071,{{JIRA_KEY:TASK-029}},{{JIRA_KEY:TASK-071}},Blocks,PENDING_POST_IMPORT_KEY_MAP
TASK-029,BLOCKS,TASK-074,{{JIRA_KEY:TASK-029}},{{JIRA_KEY:TASK-074}},Blocks,PENDING_POST_IMPORT_KEY_MAP
TASK-029,BLOCKS,TASK-077,{{JIRA_KEY:TASK-029}},{{JIRA_KEY:TASK-077}},Blocks,PENDING_POST_IMPORT_KEY_MAP
TASK-030,BLOCKS,TASK-031,{{JIRA_KEY:TASK-030}},{{JIRA_KEY:TASK-031}},Blocks,PENDING_POST_IMPORT_KEY_MAP
TASK-030,BLOCKS,TASK-032,{{JIRA_KEY:TASK-030}},{{JIRA_KEY:TASK-032}},Blocks,PENDING_POST_IMPORT_KEY_MAP
TASK-030,BLOCKS,TASK-033,{{JIRA_KEY:TASK-030}},{{JIRA_KEY:TASK-033}},Blocks,PENDING_POST_IMPORT_KEY_MAP
TASK-031,BLOCKS,TASK-034,{{JIRA_KEY:TASK-031}},{{JIRA_KEY:TASK-034}},Blocks,PENDING_POST_IMPORT_KEY_MAP
TASK-032,BLOCKS,TASK-034,{{JIRA_KEY:TASK-032}},{{JIRA_KEY:TASK-034}},Blocks,PENDING_POST_IMPORT_KEY_MAP
TASK-033,BLOCKS,TASK-034,{{JIRA_KEY:TASK-033}},{{JIRA_KEY:TASK-034}},Blocks,PENDING_POST_IMPORT_KEY_MAP
TASK-033,BLOCKS,TASK-194,{{JIRA_KEY:TASK-033}},{{JIRA_KEY:TASK-194}},Blocks,PENDING_POST_IMPORT_KEY_MAP
TASK-034,BLOCKS,TASK-035,{{JIRA_KEY:TASK-034}},{{JIRA_KEY:TASK-035}},Blocks,PENDING_POST_IMPORT_KEY_MAP
TASK-035,BLOCKS,TASK-036,{{JIRA_KEY:TASK-035}},{{JIRA_KEY:TASK-036}},Blocks,PENDING_POST_IMPORT_KEY_MAP
TASK-035,BLOCKS,TASK-047,{{JIRA_KEY:TASK-035}},{{JIRA_KEY:TASK-047}},Blocks,PENDING_POST_IMPORT_KEY_MAP
TASK-035,BLOCKS,TASK-068,{{JIRA_KEY:TASK-035}},{{JIRA_KEY:TASK-068}},Blocks,PENDING_POST_IMPORT_KEY_MAP
TASK-035,BLOCKS,TASK-071,{{JIRA_KEY:TASK-035}},{{JIRA_KEY:TASK-071}},Blocks,PENDING_POST_IMPORT_KEY_MAP
TASK-035,BLOCKS,TASK-077,{{JIRA_KEY:TASK-035}},{{JIRA_KEY:TASK-077}},Blocks,PENDING_POST_IMPORT_KEY_MAP
TASK-035,BLOCKS,TASK-092,{{JIRA_KEY:TASK-035}},{{JIRA_KEY:TASK-092}},Blocks,PENDING_POST_IMPORT_KEY_MAP
TASK-036,BLOCKS,TASK-037,{{JIRA_KEY:TASK-036}},{{JIRA_KEY:TASK-037}},Blocks,PENDING_POST_IMPORT_KEY_MAP
TASK-036,BLOCKS,TASK-038,{{JIRA_KEY:TASK-036}},{{JIRA_KEY:TASK-038}},Blocks,PENDING_POST_IMPORT_KEY_MAP
TASK-037,BLOCKS,TASK-039,{{JIRA_KEY:TASK-037}},{{JIRA_KEY:TASK-039}},Blocks,PENDING_POST_IMPORT_KEY_MAP
TASK-038,BLOCKS,TASK-039,{{JIRA_KEY:TASK-038}},{{JIRA_KEY:TASK-039}},Blocks,PENDING_POST_IMPORT_KEY_MAP
TASK-039,BLOCKS,TASK-040,{{JIRA_KEY:TASK-039}},{{JIRA_KEY:TASK-040}},Blocks,PENDING_POST_IMPORT_KEY_MAP
TASK-040,BLOCKS,TASK-087,{{JIRA_KEY:TASK-040}},{{JIRA_KEY:TASK-087}},Blocks,PENDING_POST_IMPORT_KEY_MAP
TASK-040,BLOCKS,TASK-131,{{JIRA_KEY:TASK-040}},{{JIRA_KEY:TASK-131}},Blocks,PENDING_POST_IMPORT_KEY_MAP
TASK-040,BLOCKS,TASK-141,{{JIRA_KEY:TASK-040}},{{JIRA_KEY:TASK-141}},Blocks,PENDING_POST_IMPORT_KEY_MAP
TASK-040,BLOCKS,TASK-166,{{JIRA_KEY:TASK-040}},{{JIRA_KEY:TASK-166}},Blocks,PENDING_POST_IMPORT_KEY_MAP
TASK-041,BLOCKS,TASK-042,{{JIRA_KEY:TASK-041}},{{JIRA_KEY:TASK-042}},Blocks,PENDING_POST_IMPORT_KEY_MAP
TASK-042,BLOCKS,TASK-043,{{JIRA_KEY:TASK-042}},{{JIRA_KEY:TASK-043}},Blocks,PENDING_POST_IMPORT_KEY_MAP
TASK-043,BLOCKS,TASK-044,{{JIRA_KEY:TASK-043}},{{JIRA_KEY:TASK-044}},Blocks,PENDING_POST_IMPORT_KEY_MAP
TASK-044,BLOCKS,TASK-045,{{JIRA_KEY:TASK-044}},{{JIRA_KEY:TASK-045}},Blocks,PENDING_POST_IMPORT_KEY_MAP
TASK-045,BLOCKS,TASK-046,{{JIRA_KEY:TASK-045}},{{JIRA_KEY:TASK-046}},Blocks,PENDING_POST_IMPORT_KEY_MAP
TASK-046,BLOCKS,TASK-083,{{JIRA_KEY:TASK-046}},{{JIRA_KEY:TASK-083}},Blocks,PENDING_POST_IMPORT_KEY_MAP
TASK-046,BLOCKS,TASK-084,{{JIRA_KEY:TASK-046}},{{JIRA_KEY:TASK-084}},Blocks,PENDING_POST_IMPORT_KEY_MAP
TASK-046,BLOCKS,TASK-085,{{JIRA_KEY:TASK-046}},{{JIRA_KEY:TASK-085}},Blocks,PENDING_POST_IMPORT_KEY_MAP
TASK-046,BLOCKS,TASK-111,{{JIRA_KEY:TASK-046}},{{JIRA_KEY:TASK-111}},Blocks,PENDING_POST_IMPORT_KEY_MAP
TASK-046,BLOCKS,TASK-140,{{JIRA_KEY:TASK-046}},{{JIRA_KEY:TASK-140}},Blocks,PENDING_POST_IMPORT_KEY_MAP
TASK-046,BLOCKS,TASK-147,{{JIRA_KEY:TASK-046}},{{JIRA_KEY:TASK-147}},Blocks,PENDING_POST_IMPORT_KEY_MAP
TASK-047,BLOCKS,TASK-048,{{JIRA_KEY:TASK-047}},{{JIRA_KEY:TASK-048}},Blocks,PENDING_POST_IMPORT_KEY_MAP
TASK-047,BLOCKS,TASK-049,{{JIRA_KEY:TASK-047}},{{JIRA_KEY:TASK-049}},Blocks,PENDING_POST_IMPORT_KEY_MAP
TASK-047,BLOCKS,TASK-053,{{JIRA_KEY:TASK-047}},{{JIRA_KEY:TASK-053}},Blocks,PENDING_POST_IMPORT_KEY_MAP
TASK-047,BLOCKS,TASK-054,{{JIRA_KEY:TASK-047}},{{JIRA_KEY:TASK-054}},Blocks,PENDING_POST_IMPORT_KEY_MAP
TASK-048,BLOCKS,TASK-050,{{JIRA_KEY:TASK-048}},{{JIRA_KEY:TASK-050}},Blocks,PENDING_POST_IMPORT_KEY_MAP
TASK-049,BLOCKS,TASK-050,{{JIRA_KEY:TASK-049}},{{JIRA_KEY:TASK-050}},Blocks,PENDING_POST_IMPORT_KEY_MAP
TASK-049,BLOCKS,TASK-051,{{JIRA_KEY:TASK-049}},{{JIRA_KEY:TASK-051}},Blocks,PENDING_POST_IMPORT_KEY_MAP
TASK-050,BLOCKS,TASK-052,{{JIRA_KEY:TASK-050}},{{JIRA_KEY:TASK-052}},Blocks,PENDING_POST_IMPORT_KEY_MAP
TASK-051,BLOCKS,TASK-052,{{JIRA_KEY:TASK-051}},{{JIRA_KEY:TASK-052}},Blocks,PENDING_POST_IMPORT_KEY_MAP
TASK-052,BLOCKS,TASK-058,{{JIRA_KEY:TASK-052}},{{JIRA_KEY:TASK-058}},Blocks,PENDING_POST_IMPORT_KEY_MAP
TASK-052,BLOCKS,TASK-060,{{JIRA_KEY:TASK-052}},{{JIRA_KEY:TASK-060}},Blocks,PENDING_POST_IMPORT_KEY_MAP
TASK-052,BLOCKS,TASK-083,{{JIRA_KEY:TASK-052}},{{JIRA_KEY:TASK-083}},Blocks,PENDING_POST_IMPORT_KEY_MAP
TASK-052,BLOCKS,TASK-089,{{JIRA_KEY:TASK-052}},{{JIRA_KEY:TASK-089}},Blocks,PENDING_POST_IMPORT_KEY_MAP
TASK-052,BLOCKS,TASK-119,{{JIRA_KEY:TASK-052}},{{JIRA_KEY:TASK-119}},Blocks,PENDING_POST_IMPORT_KEY_MAP
TASK-052,BLOCKS,TASK-193,{{JIRA_KEY:TASK-052}},{{JIRA_KEY:TASK-193}},Blocks,PENDING_POST_IMPORT_KEY_MAP
TASK-053,BLOCKS,TASK-055,{{JIRA_KEY:TASK-053}},{{JIRA_KEY:TASK-055}},Blocks,PENDING_POST_IMPORT_KEY_MAP
TASK-053,BLOCKS,TASK-056,{{JIRA_KEY:TASK-053}},{{JIRA_KEY:TASK-056}},Blocks,PENDING_POST_IMPORT_KEY_MAP
TASK-054,BLOCKS,TASK-055,{{JIRA_KEY:TASK-054}},{{JIRA_KEY:TASK-055}},Blocks,PENDING_POST_IMPORT_KEY_MAP
TASK-054,BLOCKS,TASK-200,{{JIRA_KEY:TASK-054}},{{JIRA_KEY:TASK-200}},Blocks,PENDING_POST_IMPORT_KEY_MAP
TASK-055,BLOCKS,TASK-057,{{JIRA_KEY:TASK-055}},{{JIRA_KEY:TASK-057}},Blocks,PENDING_POST_IMPORT_KEY_MAP
TASK-056,BLOCKS,TASK-057,{{JIRA_KEY:TASK-056}},{{JIRA_KEY:TASK-057}},Blocks,PENDING_POST_IMPORT_KEY_MAP
TASK-057,BLOCKS,TASK-058,{{JIRA_KEY:TASK-057}},{{JIRA_KEY:TASK-058}},Blocks,PENDING_POST_IMPORT_KEY_MAP
TASK-058,BLOCKS,TASK-084,{{JIRA_KEY:TASK-058}},{{JIRA_KEY:TASK-084}},Blocks,PENDING_POST_IMPORT_KEY_MAP
TASK-058,BLOCKS,TASK-088,{{JIRA_KEY:TASK-058}},{{JIRA_KEY:TASK-088}},Blocks,PENDING_POST_IMPORT_KEY_MAP
TASK-059,BLOCKS,TASK-060,{{JIRA_KEY:TASK-059}},{{JIRA_KEY:TASK-060}},Blocks,PENDING_POST_IMPORT_KEY_MAP
TASK-059,BLOCKS,TASK-061,{{JIRA_KEY:TASK-059}},{{JIRA_KEY:TASK-061}},Blocks,PENDING_POST_IMPORT_KEY_MAP
TASK-060,BLOCKS,TASK-063,{{JIRA_KEY:TASK-060}},{{JIRA_KEY:TASK-063}},Blocks,PENDING_POST_IMPORT_KEY_MAP
TASK-061,BLOCKS,TASK-062,{{JIRA_KEY:TASK-061}},{{JIRA_KEY:TASK-062}},Blocks,PENDING_POST_IMPORT_KEY_MAP
TASK-061,BLOCKS,TASK-078,{{JIRA_KEY:TASK-061}},{{JIRA_KEY:TASK-078}},Blocks,PENDING_POST_IMPORT_KEY_MAP
TASK-062,BLOCKS,TASK-063,{{JIRA_KEY:TASK-062}},{{JIRA_KEY:TASK-063}},Blocks,PENDING_POST_IMPORT_KEY_MAP
TASK-063,BLOCKS,TASK-064,{{JIRA_KEY:TASK-063}},{{JIRA_KEY:TASK-064}},Blocks,PENDING_POST_IMPORT_KEY_MAP
TASK-064,BLOCKS,TASK-085,{{JIRA_KEY:TASK-064}},{{JIRA_KEY:TASK-085}},Blocks,PENDING_POST_IMPORT_KEY_MAP
TASK-064,BLOCKS,TASK-088,{{JIRA_KEY:TASK-064}},{{JIRA_KEY:TASK-088}},Blocks,PENDING_POST_IMPORT_KEY_MAP
TASK-064,BLOCKS,TASK-090,{{JIRA_KEY:TASK-064}},{{JIRA_KEY:TASK-090}},Blocks,PENDING_POST_IMPORT_KEY_MAP
TASK-065,BLOCKS,TASK-070,{{JIRA_KEY:TASK-065}},{{JIRA_KEY:TASK-070}},Blocks,PENDING_POST_IMPORT_KEY_MAP
TASK-065,BLOCKS,TASK-073,{{JIRA_KEY:TASK-065}},{{JIRA_KEY:TASK-073}},Blocks,PENDING_POST_IMPORT_KEY_MAP
TASK-066,BLOCKS,TASK-068,{{JIRA_KEY:TASK-066}},{{JIRA_KEY:TASK-068}},Blocks,PENDING_POST_IMPORT_KEY_MAP
TASK-066,BLOCKS,TASK-079,{{JIRA_KEY:TASK-066}},{{JIRA_KEY:TASK-079}},Blocks,PENDING_POST_IMPORT_KEY_MAP
TASK-067,BLOCKS,TASK-070,{{JIRA_KEY:TASK-067}},{{JIRA_KEY:TASK-070}},Blocks,PENDING_POST_IMPORT_KEY_MAP
TASK-067,BLOCKS,TASK-198,{{JIRA_KEY:TASK-067}},{{JIRA_KEY:TASK-198}},Blocks,PENDING_POST_IMPORT_KEY_MAP
TASK-068,BLOCKS,TASK-070,{{JIRA_KEY:TASK-068}},{{JIRA_KEY:TASK-070}},Blocks,PENDING_POST_IMPORT_KEY_MAP
TASK-069,BLOCKS,TASK-070,{{JIRA_KEY:TASK-069}},{{JIRA_KEY:TASK-070}},Blocks,PENDING_POST_IMPORT_KEY_MAP
TASK-069,BLOCKS,TASK-195,{{JIRA_KEY:TASK-069}},{{JIRA_KEY:TASK-195}},Blocks,PENDING_POST_IMPORT_KEY_MAP
TASK-070,BLOCKS,TASK-085,{{JIRA_KEY:TASK-070}},{{JIRA_KEY:TASK-085}},Blocks,PENDING_POST_IMPORT_KEY_MAP
TASK-070,BLOCKS,TASK-088,{{JIRA_KEY:TASK-070}},{{JIRA_KEY:TASK-088}},Blocks,PENDING_POST_IMPORT_KEY_MAP
TASK-070,BLOCKS,TASK-119,{{JIRA_KEY:TASK-070}},{{JIRA_KEY:TASK-119}},Blocks,PENDING_POST_IMPORT_KEY_MAP
TASK-071,BLOCKS,TASK-072,{{JIRA_KEY:TASK-071}},{{JIRA_KEY:TASK-072}},Blocks,PENDING_POST_IMPORT_KEY_MAP
TASK-071,BLOCKS,TASK-079,{{JIRA_KEY:TASK-071}},{{JIRA_KEY:TASK-079}},Blocks,PENDING_POST_IMPORT_KEY_MAP
TASK-072,BLOCKS,TASK-073,{{JIRA_KEY:TASK-072}},{{JIRA_KEY:TASK-073}},Blocks,PENDING_POST_IMPORT_KEY_MAP
TASK-072,BLOCKS,TASK-075,{{JIRA_KEY:TASK-072}},{{JIRA_KEY:TASK-075}},Blocks,PENDING_POST_IMPORT_KEY_MAP
TASK-073,BLOCKS,TASK-076,{{JIRA_KEY:TASK-073}},{{JIRA_KEY:TASK-076}},Blocks,PENDING_POST_IMPORT_KEY_MAP
TASK-074,BLOCKS,TASK-075,{{JIRA_KEY:TASK-074}},{{JIRA_KEY:TASK-075}},Blocks,PENDING_POST_IMPORT_KEY_MAP
TASK-075,BLOCKS,TASK-076,{{JIRA_KEY:TASK-075}},{{JIRA_KEY:TASK-076}},Blocks,PENDING_POST_IMPORT_KEY_MAP
TASK-076,BLOCKS,TASK-085,{{JIRA_KEY:TASK-076}},{{JIRA_KEY:TASK-085}},Blocks,PENDING_POST_IMPORT_KEY_MAP
TASK-076,BLOCKS,TASK-088,{{JIRA_KEY:TASK-076}},{{JIRA_KEY:TASK-088}},Blocks,PENDING_POST_IMPORT_KEY_MAP
TASK-077,BLOCKS,TASK-078,{{JIRA_KEY:TASK-077}},{{JIRA_KEY:TASK-078}},Blocks,PENDING_POST_IMPORT_KEY_MAP
TASK-077,BLOCKS,TASK-082,{{JIRA_KEY:TASK-077}},{{JIRA_KEY:TASK-082}},Blocks,PENDING_POST_IMPORT_KEY_MAP
TASK-078,BLOCKS,TASK-082,{{JIRA_KEY:TASK-078}},{{JIRA_KEY:TASK-082}},Blocks,PENDING_POST_IMPORT_KEY_MAP
TASK-079,BLOCKS,TASK-080,{{JIRA_KEY:TASK-079}},{{JIRA_KEY:TASK-080}},Blocks,PENDING_POST_IMPORT_KEY_MAP
TASK-080,BLOCKS,TASK-082,{{JIRA_KEY:TASK-080}},{{JIRA_KEY:TASK-082}},Blocks,PENDING_POST_IMPORT_KEY_MAP
TASK-081,BLOCKS,TASK-082,{{JIRA_KEY:TASK-081}},{{JIRA_KEY:TASK-082}},Blocks,PENDING_POST_IMPORT_KEY_MAP
TASK-081,BLOCKS,TASK-201,{{JIRA_KEY:TASK-081}},{{JIRA_KEY:TASK-201}},Blocks,PENDING_POST_IMPORT_KEY_MAP
TASK-082,BLOCKS,TASK-085,{{JIRA_KEY:TASK-082}},{{JIRA_KEY:TASK-085}},Blocks,PENDING_POST_IMPORT_KEY_MAP
TASK-082,BLOCKS,TASK-088,{{JIRA_KEY:TASK-082}},{{JIRA_KEY:TASK-088}},Blocks,PENDING_POST_IMPORT_KEY_MAP
TASK-083,BLOCKS,TASK-086,{{JIRA_KEY:TASK-083}},{{JIRA_KEY:TASK-086}},Blocks,PENDING_POST_IMPORT_KEY_MAP
TASK-084,BLOCKS,TASK-086,{{JIRA_KEY:TASK-084}},{{JIRA_KEY:TASK-086}},Blocks,PENDING_POST_IMPORT_KEY_MAP
TASK-085,BLOCKS,TASK-086,{{JIRA_KEY:TASK-085}},{{JIRA_KEY:TASK-086}},Blocks,PENDING_POST_IMPORT_KEY_MAP
TASK-086,BLOCKS,TASK-087,{{JIRA_KEY:TASK-086}},{{JIRA_KEY:TASK-087}},Blocks,PENDING_POST_IMPORT_KEY_MAP
TASK-088,BLOCKS,TASK-089,{{JIRA_KEY:TASK-088}},{{JIRA_KEY:TASK-089}},Blocks,PENDING_POST_IMPORT_KEY_MAP
TASK-088,BLOCKS,TASK-090,{{JIRA_KEY:TASK-088}},{{JIRA_KEY:TASK-090}},Blocks,PENDING_POST_IMPORT_KEY_MAP
TASK-088,BLOCKS,TASK-091,{{JIRA_KEY:TASK-088}},{{JIRA_KEY:TASK-091}},Blocks,PENDING_POST_IMPORT_KEY_MAP
TASK-088,BLOCKS,TASK-092,{{JIRA_KEY:TASK-088}},{{JIRA_KEY:TASK-092}},Blocks,PENDING_POST_IMPORT_KEY_MAP
TASK-089,BLOCKS,TASK-093,{{JIRA_KEY:TASK-089}},{{JIRA_KEY:TASK-093}},Blocks,PENDING_POST_IMPORT_KEY_MAP
TASK-090,BLOCKS,TASK-093,{{JIRA_KEY:TASK-090}},{{JIRA_KEY:TASK-093}},Blocks,PENDING_POST_IMPORT_KEY_MAP
TASK-091,BLOCKS,TASK-093,{{JIRA_KEY:TASK-091}},{{JIRA_KEY:TASK-093}},Blocks,PENDING_POST_IMPORT_KEY_MAP
TASK-092,BLOCKS,TASK-093,{{JIRA_KEY:TASK-092}},{{JIRA_KEY:TASK-093}},Blocks,PENDING_POST_IMPORT_KEY_MAP
TASK-092,BLOCKS,TASK-106,{{JIRA_KEY:TASK-092}},{{JIRA_KEY:TASK-106}},Blocks,PENDING_POST_IMPORT_KEY_MAP
TASK-093,BLOCKS,TASK-094,{{JIRA_KEY:TASK-093}},{{JIRA_KEY:TASK-094}},Blocks,PENDING_POST_IMPORT_KEY_MAP
TASK-093,BLOCKS,TASK-111,{{JIRA_KEY:TASK-093}},{{JIRA_KEY:TASK-111}},Blocks,PENDING_POST_IMPORT_KEY_MAP
TASK-094,BLOCKS,TASK-095,{{JIRA_KEY:TASK-094}},{{JIRA_KEY:TASK-095}},Blocks,PENDING_POST_IMPORT_KEY_MAP
TASK-094,BLOCKS,TASK-096,{{JIRA_KEY:TASK-094}},{{JIRA_KEY:TASK-096}},Blocks,PENDING_POST_IMPORT_KEY_MAP
TASK-094,BLOCKS,TASK-098,{{JIRA_KEY:TASK-094}},{{JIRA_KEY:TASK-098}},Blocks,PENDING_POST_IMPORT_KEY_MAP
TASK-095,BLOCKS,TASK-097,{{JIRA_KEY:TASK-095}},{{JIRA_KEY:TASK-097}},Blocks,PENDING_POST_IMPORT_KEY_MAP
TASK-096,BLOCKS,TASK-097,{{JIRA_KEY:TASK-096}},{{JIRA_KEY:TASK-097}},Blocks,PENDING_POST_IMPORT_KEY_MAP
TASK-097,BLOCKS,TASK-099,{{JIRA_KEY:TASK-097}},{{JIRA_KEY:TASK-099}},Blocks,PENDING_POST_IMPORT_KEY_MAP
TASK-098,BLOCKS,TASK-099,{{JIRA_KEY:TASK-098}},{{JIRA_KEY:TASK-099}},Blocks,PENDING_POST_IMPORT_KEY_MAP
TASK-099,BLOCKS,TASK-100,{{JIRA_KEY:TASK-099}},{{JIRA_KEY:TASK-100}},Blocks,PENDING_POST_IMPORT_KEY_MAP
TASK-099,BLOCKS,TASK-112,{{JIRA_KEY:TASK-099}},{{JIRA_KEY:TASK-112}},Blocks,PENDING_POST_IMPORT_KEY_MAP
TASK-099,BLOCKS,TASK-116,{{JIRA_KEY:TASK-099}},{{JIRA_KEY:TASK-116}},Blocks,PENDING_POST_IMPORT_KEY_MAP
TASK-100,BLOCKS,TASK-101,{{JIRA_KEY:TASK-100}},{{JIRA_KEY:TASK-101}},Blocks,PENDING_POST_IMPORT_KEY_MAP
TASK-101,BLOCKS,TASK-102,{{JIRA_KEY:TASK-101}},{{JIRA_KEY:TASK-102}},Blocks,PENDING_POST_IMPORT_KEY_MAP
TASK-101,BLOCKS,TASK-103,{{JIRA_KEY:TASK-101}},{{JIRA_KEY:TASK-103}},Blocks,PENDING_POST_IMPORT_KEY_MAP
TASK-102,BLOCKS,TASK-103,{{JIRA_KEY:TASK-102}},{{JIRA_KEY:TASK-103}},Blocks,PENDING_POST_IMPORT_KEY_MAP
TASK-103,BLOCKS,TASK-104,{{JIRA_KEY:TASK-103}},{{JIRA_KEY:TASK-104}},Blocks,PENDING_POST_IMPORT_KEY_MAP
TASK-104,BLOCKS,TASK-105,{{JIRA_KEY:TASK-104}},{{JIRA_KEY:TASK-105}},Blocks,PENDING_POST_IMPORT_KEY_MAP
TASK-104,BLOCKS,TASK-107,{{JIRA_KEY:TASK-104}},{{JIRA_KEY:TASK-107}},Blocks,PENDING_POST_IMPORT_KEY_MAP
TASK-104,BLOCKS,TASK-113,{{JIRA_KEY:TASK-104}},{{JIRA_KEY:TASK-113}},Blocks,PENDING_POST_IMPORT_KEY_MAP
TASK-104,BLOCKS,TASK-116,{{JIRA_KEY:TASK-104}},{{JIRA_KEY:TASK-116}},Blocks,PENDING_POST_IMPORT_KEY_MAP
TASK-105,BLOCKS,TASK-106,{{JIRA_KEY:TASK-105}},{{JIRA_KEY:TASK-106}},Blocks,PENDING_POST_IMPORT_KEY_MAP
TASK-106,BLOCKS,TASK-108,{{JIRA_KEY:TASK-106}},{{JIRA_KEY:TASK-108}},Blocks,PENDING_POST_IMPORT_KEY_MAP
TASK-107,BLOCKS,TASK-108,{{JIRA_KEY:TASK-107}},{{JIRA_KEY:TASK-108}},Blocks,PENDING_POST_IMPORT_KEY_MAP
TASK-108,BLOCKS,TASK-109,{{JIRA_KEY:TASK-108}},{{JIRA_KEY:TASK-109}},Blocks,PENDING_POST_IMPORT_KEY_MAP
TASK-109,BLOCKS,TASK-110,{{JIRA_KEY:TASK-109}},{{JIRA_KEY:TASK-110}},Blocks,PENDING_POST_IMPORT_KEY_MAP
TASK-110,BLOCKS,TASK-115,{{JIRA_KEY:TASK-110}},{{JIRA_KEY:TASK-115}},Blocks,PENDING_POST_IMPORT_KEY_MAP
TASK-110,BLOCKS,TASK-133,{{JIRA_KEY:TASK-110}},{{JIRA_KEY:TASK-133}},Blocks,PENDING_POST_IMPORT_KEY_MAP
TASK-111,BLOCKS,TASK-112,{{JIRA_KEY:TASK-111}},{{JIRA_KEY:TASK-112}},Blocks,PENDING_POST_IMPORT_KEY_MAP
TASK-112,BLOCKS,TASK-114,{{JIRA_KEY:TASK-112}},{{JIRA_KEY:TASK-114}},Blocks,PENDING_POST_IMPORT_KEY_MAP
TASK-113,BLOCKS,TASK-114,{{JIRA_KEY:TASK-113}},{{JIRA_KEY:TASK-114}},Blocks,PENDING_POST_IMPORT_KEY_MAP
TASK-114,BLOCKS,TASK-115,{{JIRA_KEY:TASK-114}},{{JIRA_KEY:TASK-115}},Blocks,PENDING_POST_IMPORT_KEY_MAP
TASK-115,BLOCKS,TASK-145,{{JIRA_KEY:TASK-115}},{{JIRA_KEY:TASK-145}},Blocks,PENDING_POST_IMPORT_KEY_MAP
TASK-115,BLOCKS,TASK-154,{{JIRA_KEY:TASK-115}},{{JIRA_KEY:TASK-154}},Blocks,PENDING_POST_IMPORT_KEY_MAP
TASK-116,BLOCKS,TASK-117,{{JIRA_KEY:TASK-116}},{{JIRA_KEY:TASK-117}},Blocks,PENDING_POST_IMPORT_KEY_MAP
TASK-117,BLOCKS,TASK-118,{{JIRA_KEY:TASK-117}},{{JIRA_KEY:TASK-118}},Blocks,PENDING_POST_IMPORT_KEY_MAP
TASK-118,BLOCKS,TASK-119,{{JIRA_KEY:TASK-118}},{{JIRA_KEY:TASK-119}},Blocks,PENDING_POST_IMPORT_KEY_MAP
TASK-118,BLOCKS,TASK-121,{{JIRA_KEY:TASK-118}},{{JIRA_KEY:TASK-121}},Blocks,PENDING_POST_IMPORT_KEY_MAP
TASK-119,BLOCKS,TASK-120,{{JIRA_KEY:TASK-119}},{{JIRA_KEY:TASK-120}},Blocks,PENDING_POST_IMPORT_KEY_MAP
TASK-120,BLOCKS,TASK-121,{{JIRA_KEY:TASK-120}},{{JIRA_KEY:TASK-121}},Blocks,PENDING_POST_IMPORT_KEY_MAP
TASK-121,BLOCKS,TASK-122,{{JIRA_KEY:TASK-121}},{{JIRA_KEY:TASK-122}},Blocks,PENDING_POST_IMPORT_KEY_MAP
TASK-121,BLOCKS,TASK-124,{{JIRA_KEY:TASK-121}},{{JIRA_KEY:TASK-124}},Blocks,PENDING_POST_IMPORT_KEY_MAP
TASK-121,BLOCKS,TASK-125,{{JIRA_KEY:TASK-121}},{{JIRA_KEY:TASK-125}},Blocks,PENDING_POST_IMPORT_KEY_MAP
TASK-121,BLOCKS,TASK-128,{{JIRA_KEY:TASK-121}},{{JIRA_KEY:TASK-128}},Blocks,PENDING_POST_IMPORT_KEY_MAP
TASK-121,BLOCKS,TASK-140,{{JIRA_KEY:TASK-121}},{{JIRA_KEY:TASK-140}},Blocks,PENDING_POST_IMPORT_KEY_MAP
TASK-121,BLOCKS,TASK-142,{{JIRA_KEY:TASK-121}},{{JIRA_KEY:TASK-142}},Blocks,PENDING_POST_IMPORT_KEY_MAP
TASK-122,BLOCKS,TASK-123,{{JIRA_KEY:TASK-122}},{{JIRA_KEY:TASK-123}},Blocks,PENDING_POST_IMPORT_KEY_MAP
TASK-123,BLOCKS,TASK-126,{{JIRA_KEY:TASK-123}},{{JIRA_KEY:TASK-126}},Blocks,PENDING_POST_IMPORT_KEY_MAP
TASK-124,BLOCKS,TASK-126,{{JIRA_KEY:TASK-124}},{{JIRA_KEY:TASK-126}},Blocks,PENDING_POST_IMPORT_KEY_MAP
TASK-125,BLOCKS,TASK-126,{{JIRA_KEY:TASK-125}},{{JIRA_KEY:TASK-126}},Blocks,PENDING_POST_IMPORT_KEY_MAP
TASK-125,BLOCKS,TASK-196,{{JIRA_KEY:TASK-125}},{{JIRA_KEY:TASK-196}},Blocks,PENDING_POST_IMPORT_KEY_MAP
TASK-126,BLOCKS,TASK-127,{{JIRA_KEY:TASK-126}},{{JIRA_KEY:TASK-127}},Blocks,PENDING_POST_IMPORT_KEY_MAP
TASK-127,BLOCKS,TASK-133,{{JIRA_KEY:TASK-127}},{{JIRA_KEY:TASK-133}},Blocks,PENDING_POST_IMPORT_KEY_MAP
TASK-127,BLOCKS,TASK-143,{{JIRA_KEY:TASK-127}},{{JIRA_KEY:TASK-143}},Blocks,PENDING_POST_IMPORT_KEY_MAP
TASK-128,BLOCKS,TASK-109,{{JIRA_KEY:TASK-128}},{{JIRA_KEY:TASK-109}},Blocks,PENDING_POST_IMPORT_KEY_MAP
TASK-128,BLOCKS,TASK-126,{{JIRA_KEY:TASK-128}},{{JIRA_KEY:TASK-126}},Blocks,PENDING_POST_IMPORT_KEY_MAP
TASK-128,BLOCKS,TASK-129,{{JIRA_KEY:TASK-128}},{{JIRA_KEY:TASK-129}},Blocks,PENDING_POST_IMPORT_KEY_MAP
TASK-128,BLOCKS,TASK-130,{{JIRA_KEY:TASK-128}},{{JIRA_KEY:TASK-130}},Blocks,PENDING_POST_IMPORT_KEY_MAP
TASK-129,BLOCKS,TASK-039,{{JIRA_KEY:TASK-129}},{{JIRA_KEY:TASK-039}},Blocks,PENDING_POST_IMPORT_KEY_MAP
TASK-129,BLOCKS,TASK-109,{{JIRA_KEY:TASK-129}},{{JIRA_KEY:TASK-109}},Blocks,PENDING_POST_IMPORT_KEY_MAP
TASK-129,BLOCKS,TASK-126,{{JIRA_KEY:TASK-129}},{{JIRA_KEY:TASK-126}},Blocks,PENDING_POST_IMPORT_KEY_MAP
TASK-129,BLOCKS,TASK-131,{{JIRA_KEY:TASK-129}},{{JIRA_KEY:TASK-131}},Blocks,PENDING_POST_IMPORT_KEY_MAP
TASK-130,BLOCKS,TASK-131,{{JIRA_KEY:TASK-130}},{{JIRA_KEY:TASK-131}},Blocks,PENDING_POST_IMPORT_KEY_MAP
TASK-131,BLOCKS,TASK-132,{{JIRA_KEY:TASK-131}},{{JIRA_KEY:TASK-132}},Blocks,PENDING_POST_IMPORT_KEY_MAP
TASK-132,BLOCKS,TASK-133,{{JIRA_KEY:TASK-132}},{{JIRA_KEY:TASK-133}},Blocks,PENDING_POST_IMPORT_KEY_MAP
TASK-133,BLOCKS,TASK-134,{{JIRA_KEY:TASK-133}},{{JIRA_KEY:TASK-134}},Blocks,PENDING_POST_IMPORT_KEY_MAP
TASK-133,BLOCKS,TASK-137,{{JIRA_KEY:TASK-133}},{{JIRA_KEY:TASK-137}},Blocks,PENDING_POST_IMPORT_KEY_MAP
TASK-133,BLOCKS,TASK-140,{{JIRA_KEY:TASK-133}},{{JIRA_KEY:TASK-140}},Blocks,PENDING_POST_IMPORT_KEY_MAP
TASK-133,BLOCKS,TASK-144,{{JIRA_KEY:TASK-133}},{{JIRA_KEY:TASK-144}},Blocks,PENDING_POST_IMPORT_KEY_MAP
TASK-133,BLOCKS,TASK-148,{{JIRA_KEY:TASK-133}},{{JIRA_KEY:TASK-148}},Blocks,PENDING_POST_IMPORT_KEY_MAP
TASK-133,BLOCKS,TASK-164,{{JIRA_KEY:TASK-133}},{{JIRA_KEY:TASK-164}},Blocks,PENDING_POST_IMPORT_KEY_MAP
TASK-134,BLOCKS,TASK-135,{{JIRA_KEY:TASK-134}},{{JIRA_KEY:TASK-135}},Blocks,PENDING_POST_IMPORT_KEY_MAP
TASK-134,BLOCKS,TASK-136,{{JIRA_KEY:TASK-134}},{{JIRA_KEY:TASK-136}},Blocks,PENDING_POST_IMPORT_KEY_MAP
TASK-135,BLOCKS,TASK-136,{{JIRA_KEY:TASK-135}},{{JIRA_KEY:TASK-136}},Blocks,PENDING_POST_IMPORT_KEY_MAP
TASK-136,BLOCKS,TASK-137,{{JIRA_KEY:TASK-136}},{{JIRA_KEY:TASK-137}},Blocks,PENDING_POST_IMPORT_KEY_MAP
TASK-137,BLOCKS,TASK-138,{{JIRA_KEY:TASK-137}},{{JIRA_KEY:TASK-138}},Blocks,PENDING_POST_IMPORT_KEY_MAP
TASK-138,BLOCKS,TASK-139,{{JIRA_KEY:TASK-138}},{{JIRA_KEY:TASK-139}},Blocks,PENDING_POST_IMPORT_KEY_MAP
TASK-139,BLOCKS,TASK-041,{{JIRA_KEY:TASK-139}},{{JIRA_KEY:TASK-041}},Blocks,PENDING_POST_IMPORT_KEY_MAP
TASK-139,BLOCKS,TASK-146,{{JIRA_KEY:TASK-139}},{{JIRA_KEY:TASK-146}},Blocks,PENDING_POST_IMPORT_KEY_MAP
TASK-139,BLOCKS,TASK-150,{{JIRA_KEY:TASK-139}},{{JIRA_KEY:TASK-150}},Blocks,PENDING_POST_IMPORT_KEY_MAP
TASK-139,BLOCKS,TASK-164,{{JIRA_KEY:TASK-139}},{{JIRA_KEY:TASK-164}},Blocks,PENDING_POST_IMPORT_KEY_MAP
TASK-140,BLOCKS,TASK-141,{{JIRA_KEY:TASK-140}},{{JIRA_KEY:TASK-141}},Blocks,PENDING_POST_IMPORT_KEY_MAP
TASK-140,BLOCKS,TASK-142,{{JIRA_KEY:TASK-140}},{{JIRA_KEY:TASK-142}},Blocks,PENDING_POST_IMPORT_KEY_MAP
TASK-140,BLOCKS,TASK-144,{{JIRA_KEY:TASK-140}},{{JIRA_KEY:TASK-144}},Blocks,PENDING_POST_IMPORT_KEY_MAP
TASK-141,BLOCKS,TASK-143,{{JIRA_KEY:TASK-141}},{{JIRA_KEY:TASK-143}},Blocks,PENDING_POST_IMPORT_KEY_MAP
TASK-142,BLOCKS,TASK-143,{{JIRA_KEY:TASK-142}},{{JIRA_KEY:TASK-143}},Blocks,PENDING_POST_IMPORT_KEY_MAP
TASK-143,BLOCKS,TASK-145,{{JIRA_KEY:TASK-143}},{{JIRA_KEY:TASK-145}},Blocks,PENDING_POST_IMPORT_KEY_MAP
TASK-144,BLOCKS,TASK-145,{{JIRA_KEY:TASK-144}},{{JIRA_KEY:TASK-145}},Blocks,PENDING_POST_IMPORT_KEY_MAP
TASK-145,BLOCKS,TASK-146,{{JIRA_KEY:TASK-145}},{{JIRA_KEY:TASK-146}},Blocks,PENDING_POST_IMPORT_KEY_MAP
TASK-145,BLOCKS,TASK-148,{{JIRA_KEY:TASK-145}},{{JIRA_KEY:TASK-148}},Blocks,PENDING_POST_IMPORT_KEY_MAP
TASK-145,BLOCKS,TASK-154,{{JIRA_KEY:TASK-145}},{{JIRA_KEY:TASK-154}},Blocks,PENDING_POST_IMPORT_KEY_MAP
TASK-145,BLOCKS,TASK-161,{{JIRA_KEY:TASK-145}},{{JIRA_KEY:TASK-161}},Blocks,PENDING_POST_IMPORT_KEY_MAP
TASK-146,BLOCKS,TASK-147,{{JIRA_KEY:TASK-146}},{{JIRA_KEY:TASK-147}},Blocks,PENDING_POST_IMPORT_KEY_MAP
TASK-146,BLOCKS,TASK-148,{{JIRA_KEY:TASK-146}},{{JIRA_KEY:TASK-148}},Blocks,PENDING_POST_IMPORT_KEY_MAP
TASK-147,BLOCKS,TASK-151,{{JIRA_KEY:TASK-147}},{{JIRA_KEY:TASK-151}},Blocks,PENDING_POST_IMPORT_KEY_MAP
TASK-148,BLOCKS,TASK-149,{{JIRA_KEY:TASK-148}},{{JIRA_KEY:TASK-149}},Blocks,PENDING_POST_IMPORT_KEY_MAP
TASK-149,BLOCKS,TASK-150,{{JIRA_KEY:TASK-149}},{{JIRA_KEY:TASK-150}},Blocks,PENDING_POST_IMPORT_KEY_MAP
TASK-150,BLOCKS,TASK-151,{{JIRA_KEY:TASK-150}},{{JIRA_KEY:TASK-151}},Blocks,PENDING_POST_IMPORT_KEY_MAP
TASK-151,BLOCKS,TASK-152,{{JIRA_KEY:TASK-151}},{{JIRA_KEY:TASK-152}},Blocks,PENDING_POST_IMPORT_KEY_MAP
TASK-151,BLOCKS,TASK-160,{{JIRA_KEY:TASK-151}},{{JIRA_KEY:TASK-160}},Blocks,PENDING_POST_IMPORT_KEY_MAP
TASK-151,BLOCKS,TASK-161,{{JIRA_KEY:TASK-151}},{{JIRA_KEY:TASK-161}},Blocks,PENDING_POST_IMPORT_KEY_MAP
TASK-152,BLOCKS,TASK-153,{{JIRA_KEY:TASK-152}},{{JIRA_KEY:TASK-153}},Blocks,PENDING_POST_IMPORT_KEY_MAP
TASK-152,BLOCKS,TASK-154,{{JIRA_KEY:TASK-152}},{{JIRA_KEY:TASK-154}},Blocks,PENDING_POST_IMPORT_KEY_MAP
TASK-152,BLOCKS,TASK-156,{{JIRA_KEY:TASK-152}},{{JIRA_KEY:TASK-156}},Blocks,PENDING_POST_IMPORT_KEY_MAP
TASK-153,BLOCKS,TASK-154,{{JIRA_KEY:TASK-153}},{{JIRA_KEY:TASK-154}},Blocks,PENDING_POST_IMPORT_KEY_MAP
TASK-154,BLOCKS,TASK-155,{{JIRA_KEY:TASK-154}},{{JIRA_KEY:TASK-155}},Blocks,PENDING_POST_IMPORT_KEY_MAP
TASK-155,BLOCKS,TASK-157,{{JIRA_KEY:TASK-155}},{{JIRA_KEY:TASK-157}},Blocks,PENDING_POST_IMPORT_KEY_MAP
TASK-156,BLOCKS,TASK-157,{{JIRA_KEY:TASK-156}},{{JIRA_KEY:TASK-157}},Blocks,PENDING_POST_IMPORT_KEY_MAP
TASK-157,BLOCKS,TASK-158,{{JIRA_KEY:TASK-157}},{{JIRA_KEY:TASK-158}},Blocks,PENDING_POST_IMPORT_KEY_MAP
TASK-157,BLOCKS,TASK-160,{{JIRA_KEY:TASK-157}},{{JIRA_KEY:TASK-160}},Blocks,PENDING_POST_IMPORT_KEY_MAP
TASK-158,BLOCKS,TASK-159,{{JIRA_KEY:TASK-158}},{{JIRA_KEY:TASK-159}},Blocks,PENDING_POST_IMPORT_KEY_MAP
TASK-159,BLOCKS,TASK-163,{{JIRA_KEY:TASK-159}},{{JIRA_KEY:TASK-163}},Blocks,PENDING_POST_IMPORT_KEY_MAP
TASK-160,BLOCKS,TASK-162,{{JIRA_KEY:TASK-160}},{{JIRA_KEY:TASK-162}},Blocks,PENDING_POST_IMPORT_KEY_MAP
TASK-161,BLOCKS,TASK-163,{{JIRA_KEY:TASK-161}},{{JIRA_KEY:TASK-163}},Blocks,PENDING_POST_IMPORT_KEY_MAP
TASK-162,BLOCKS,TASK-163,{{JIRA_KEY:TASK-162}},{{JIRA_KEY:TASK-163}},Blocks,PENDING_POST_IMPORT_KEY_MAP
TASK-162,BLOCKS,TASK-173,{{JIRA_KEY:TASK-162}},{{JIRA_KEY:TASK-173}},Blocks,PENDING_POST_IMPORT_KEY_MAP
TASK-163,BLOCKS,TASK-169,{{JIRA_KEY:TASK-163}},{{JIRA_KEY:TASK-169}},Blocks,PENDING_POST_IMPORT_KEY_MAP
TASK-164,BLOCKS,TASK-165,{{JIRA_KEY:TASK-164}},{{JIRA_KEY:TASK-165}},Blocks,PENDING_POST_IMPORT_KEY_MAP
TASK-164,BLOCKS,TASK-166,{{JIRA_KEY:TASK-164}},{{JIRA_KEY:TASK-166}},Blocks,PENDING_POST_IMPORT_KEY_MAP
TASK-164,BLOCKS,TASK-167,{{JIRA_KEY:TASK-164}},{{JIRA_KEY:TASK-167}},Blocks,PENDING_POST_IMPORT_KEY_MAP
TASK-165,BLOCKS,TASK-168,{{JIRA_KEY:TASK-165}},{{JIRA_KEY:TASK-168}},Blocks,PENDING_POST_IMPORT_KEY_MAP
TASK-166,BLOCKS,TASK-168,{{JIRA_KEY:TASK-166}},{{JIRA_KEY:TASK-168}},Blocks,PENDING_POST_IMPORT_KEY_MAP
TASK-167,BLOCKS,TASK-168,{{JIRA_KEY:TASK-167}},{{JIRA_KEY:TASK-168}},Blocks,PENDING_POST_IMPORT_KEY_MAP
TASK-169,BLOCKS,TASK-170,{{JIRA_KEY:TASK-169}},{{JIRA_KEY:TASK-170}},Blocks,PENDING_POST_IMPORT_KEY_MAP
TASK-170,BLOCKS,TASK-171,{{JIRA_KEY:TASK-170}},{{JIRA_KEY:TASK-171}},Blocks,PENDING_POST_IMPORT_KEY_MAP
TASK-171,BLOCKS,TASK-172,{{JIRA_KEY:TASK-171}},{{JIRA_KEY:TASK-172}},Blocks,PENDING_POST_IMPORT_KEY_MAP
TASK-173,BLOCKS,TASK-174,{{JIRA_KEY:TASK-173}},{{JIRA_KEY:TASK-174}},Blocks,PENDING_POST_IMPORT_KEY_MAP
TASK-173,BLOCKS,TASK-175,{{JIRA_KEY:TASK-173}},{{JIRA_KEY:TASK-175}},Blocks,PENDING_POST_IMPORT_KEY_MAP
TASK-174,BLOCKS,TASK-176,{{JIRA_KEY:TASK-174}},{{JIRA_KEY:TASK-176}},Blocks,PENDING_POST_IMPORT_KEY_MAP
TASK-175,BLOCKS,TASK-176,{{JIRA_KEY:TASK-175}},{{JIRA_KEY:TASK-176}},Blocks,PENDING_POST_IMPORT_KEY_MAP
TASK-175,BLOCKS,TASK-199,{{JIRA_KEY:TASK-175}},{{JIRA_KEY:TASK-199}},Blocks,PENDING_POST_IMPORT_KEY_MAP
TASK-176,BLOCKS,TASK-177,{{JIRA_KEY:TASK-176}},{{JIRA_KEY:TASK-177}},Blocks,PENDING_POST_IMPORT_KEY_MAP
TASK-177,BLOCKS,TASK-178,{{JIRA_KEY:TASK-177}},{{JIRA_KEY:TASK-178}},Blocks,PENDING_POST_IMPORT_KEY_MAP
TASK-178,BLOCKS,TASK-179,{{JIRA_KEY:TASK-178}},{{JIRA_KEY:TASK-179}},Blocks,PENDING_POST_IMPORT_KEY_MAP
TASK-179,BLOCKS,TASK-180,{{JIRA_KEY:TASK-179}},{{JIRA_KEY:TASK-180}},Blocks,PENDING_POST_IMPORT_KEY_MAP
TASK-180,BLOCKS,TASK-181,{{JIRA_KEY:TASK-180}},{{JIRA_KEY:TASK-181}},Blocks,PENDING_POST_IMPORT_KEY_MAP
TASK-180,BLOCKS,TASK-182,{{JIRA_KEY:TASK-180}},{{JIRA_KEY:TASK-182}},Blocks,PENDING_POST_IMPORT_KEY_MAP
TASK-181,BLOCKS,TASK-183,{{JIRA_KEY:TASK-181}},{{JIRA_KEY:TASK-183}},Blocks,PENDING_POST_IMPORT_KEY_MAP
TASK-182,BLOCKS,TASK-183,{{JIRA_KEY:TASK-182}},{{JIRA_KEY:TASK-183}},Blocks,PENDING_POST_IMPORT_KEY_MAP
TASK-183,BLOCKS,TASK-184,{{JIRA_KEY:TASK-183}},{{JIRA_KEY:TASK-184}},Blocks,PENDING_POST_IMPORT_KEY_MAP
TASK-185,BLOCKS,TASK-186,{{JIRA_KEY:TASK-185}},{{JIRA_KEY:TASK-186}},Blocks,PENDING_POST_IMPORT_KEY_MAP
TASK-185,BLOCKS,TASK-187,{{JIRA_KEY:TASK-185}},{{JIRA_KEY:TASK-187}},Blocks,PENDING_POST_IMPORT_KEY_MAP
TASK-185,BLOCKS,TASK-188,{{JIRA_KEY:TASK-185}},{{JIRA_KEY:TASK-188}},Blocks,PENDING_POST_IMPORT_KEY_MAP
TASK-187,BLOCKS,TASK-189,{{JIRA_KEY:TASK-187}},{{JIRA_KEY:TASK-189}},Blocks,PENDING_POST_IMPORT_KEY_MAP
TASK-190,BLOCKS,TASK-191,{{JIRA_KEY:TASK-190}},{{JIRA_KEY:TASK-191}},Blocks,PENDING_POST_IMPORT_KEY_MAP
TASK-190,BLOCKS,TASK-195,{{JIRA_KEY:TASK-190}},{{JIRA_KEY:TASK-195}},Blocks,PENDING_POST_IMPORT_KEY_MAP
TASK-190,BLOCKS,TASK-197,{{JIRA_KEY:TASK-190}},{{JIRA_KEY:TASK-197}},Blocks,PENDING_POST_IMPORT_KEY_MAP
TASK-191,BLOCKS,POST-SUBTASK-182,{{JIRA_KEY:TASK-191}},{{JIRA_KEY:POST-SUBTASK-182}},Blocks,PENDING_POST_IMPORT_KEY_MAP
TASK-191,BLOCKS,TASK-193,{{JIRA_KEY:TASK-191}},{{JIRA_KEY:TASK-193}},Blocks,PENDING_POST_IMPORT_KEY_MAP
TASK-193,BLOCKS,POST-SUBTASK-182,{{JIRA_KEY:TASK-193}},{{JIRA_KEY:POST-SUBTASK-182}},Blocks,PENDING_POST_IMPORT_KEY_MAP
TASK-197,BLOCKS,TASK-200,{{JIRA_KEY:TASK-197}},{{JIRA_KEY:TASK-200}},Blocks,PENDING_POST_IMPORT_KEY_MAP
EPIC-001,RELATES_TO,POST-SUBTASK-051,{{JIRA_KEY:EPIC-001}},{{JIRA_KEY:POST-SUBTASK-051}},Relates,PENDING_POST_IMPORT_KEY_MAP
EPIC-002,RELATES_TO,POST-SUBTASK-042,{{JIRA_KEY:EPIC-002}},{{JIRA_KEY:POST-SUBTASK-042}},Relates,PENDING_POST_IMPORT_KEY_MAP
EPIC-003,RELATES_TO,POST-SUBTASK-078,{{JIRA_KEY:EPIC-003}},{{JIRA_KEY:POST-SUBTASK-078}},Relates,PENDING_POST_IMPORT_KEY_MAP
EPIC-004,RELATES_TO,POST-SUBTASK-105,{{JIRA_KEY:EPIC-004}},{{JIRA_KEY:POST-SUBTASK-105}},Relates,PENDING_POST_IMPORT_KEY_MAP
EPIC-005,RELATES_TO,POST-SUBTASK-105,{{JIRA_KEY:EPIC-005}},{{JIRA_KEY:POST-SUBTASK-105}},Relates,PENDING_POST_IMPORT_KEY_MAP
EPIC-006,RELATES_TO,POST-SUBTASK-078,{{JIRA_KEY:EPIC-006}},{{JIRA_KEY:POST-SUBTASK-078}},Relates,PENDING_POST_IMPORT_KEY_MAP
EPIC-007,RELATES_TO,POST-SUBTASK-105,{{JIRA_KEY:EPIC-007}},{{JIRA_KEY:POST-SUBTASK-105}},Relates,PENDING_POST_IMPORT_KEY_MAP
EPIC-008,RELATES_TO,POST-SUBTASK-060,{{JIRA_KEY:EPIC-008}},{{JIRA_KEY:POST-SUBTASK-060}},Relates,PENDING_POST_IMPORT_KEY_MAP
EPIC-009,RELATES_TO,POST-SUBTASK-078,{{JIRA_KEY:EPIC-009}},{{JIRA_KEY:POST-SUBTASK-078}},Relates,PENDING_POST_IMPORT_KEY_MAP
EPIC-010,RELATES_TO,POST-SUBTASK-123,{{JIRA_KEY:EPIC-010}},{{JIRA_KEY:POST-SUBTASK-123}},Relates,PENDING_POST_IMPORT_KEY_MAP
EPIC-011,RELATES_TO,POST-SUBTASK-069,{{JIRA_KEY:EPIC-011}},{{JIRA_KEY:POST-SUBTASK-069}},Relates,PENDING_POST_IMPORT_KEY_MAP
EPIC-012,RELATES_TO,POST-SUBTASK-069,{{JIRA_KEY:EPIC-012}},{{JIRA_KEY:POST-SUBTASK-069}},Relates,PENDING_POST_IMPORT_KEY_MAP
EPIC-013,RELATES_TO,POST-SUBTASK-141,{{JIRA_KEY:EPIC-013}},{{JIRA_KEY:POST-SUBTASK-141}},Relates,PENDING_POST_IMPORT_KEY_MAP
EPIC-014,RELATES_TO,POST-SUBTASK-141,{{JIRA_KEY:EPIC-014}},{{JIRA_KEY:POST-SUBTASK-141}},Relates,PENDING_POST_IMPORT_KEY_MAP
EPIC-015,RELATES_TO,POST-SUBTASK-060,{{JIRA_KEY:EPIC-015}},{{JIRA_KEY:POST-SUBTASK-060}},Relates,PENDING_POST_IMPORT_KEY_MAP
EPIC-016,RELATES_TO,POST-SUBTASK-087,{{JIRA_KEY:EPIC-016}},{{JIRA_KEY:POST-SUBTASK-087}},Relates,PENDING_POST_IMPORT_KEY_MAP
EPIC-017,RELATES_TO,POST-SUBTASK-087,{{JIRA_KEY:EPIC-017}},{{JIRA_KEY:POST-SUBTASK-087}},Relates,PENDING_POST_IMPORT_KEY_MAP
EPIC-018,RELATES_TO,POST-SUBTASK-096,{{JIRA_KEY:EPIC-018}},{{JIRA_KEY:POST-SUBTASK-096}},Relates,PENDING_POST_IMPORT_KEY_MAP
EPIC-019,RELATES_TO,POST-SUBTASK-096,{{JIRA_KEY:EPIC-019}},{{JIRA_KEY:POST-SUBTASK-096}},Relates,PENDING_POST_IMPORT_KEY_MAP
EPIC-020,RELATES_TO,POST-SUBTASK-096,{{JIRA_KEY:EPIC-020}},{{JIRA_KEY:POST-SUBTASK-096}},Relates,PENDING_POST_IMPORT_KEY_MAP
EPIC-021,RELATES_TO,POST-SUBTASK-096,{{JIRA_KEY:EPIC-021}},{{JIRA_KEY:POST-SUBTASK-096}},Relates,PENDING_POST_IMPORT_KEY_MAP
EPIC-022,RELATES_TO,POST-SUBTASK-078,{{JIRA_KEY:EPIC-022}},{{JIRA_KEY:POST-SUBTASK-078}},Relates,PENDING_POST_IMPORT_KEY_MAP
EPIC-023,RELATES_TO,POST-SUBTASK-105,{{JIRA_KEY:EPIC-023}},{{JIRA_KEY:POST-SUBTASK-105}},Relates,PENDING_POST_IMPORT_KEY_MAP
EPIC-024,RELATES_TO,POST-SUBTASK-105,{{JIRA_KEY:EPIC-024}},{{JIRA_KEY:POST-SUBTASK-105}},Relates,PENDING_POST_IMPORT_KEY_MAP
EPIC-025,RELATES_TO,POST-SUBTASK-078,{{JIRA_KEY:EPIC-025}},{{JIRA_KEY:POST-SUBTASK-078}},Relates,PENDING_POST_IMPORT_KEY_MAP
EPIC-026,RELATES_TO,POST-SUBTASK-114,{{JIRA_KEY:EPIC-026}},{{JIRA_KEY:POST-SUBTASK-114}},Relates,PENDING_POST_IMPORT_KEY_MAP
EPIC-027,RELATES_TO,POST-SUBTASK-096,{{JIRA_KEY:EPIC-027}},{{JIRA_KEY:POST-SUBTASK-096}},Relates,PENDING_POST_IMPORT_KEY_MAP
EPIC-028,RELATES_TO,POST-SUBTASK-123,{{JIRA_KEY:EPIC-028}},{{JIRA_KEY:POST-SUBTASK-123}},Relates,PENDING_POST_IMPORT_KEY_MAP
EPIC-029,RELATES_TO,POST-SUBTASK-150,{{JIRA_KEY:EPIC-029}},{{JIRA_KEY:POST-SUBTASK-150}},Relates,PENDING_POST_IMPORT_KEY_MAP
EPIC-030,RELATES_TO,POST-SUBTASK-159,{{JIRA_KEY:EPIC-030}},{{JIRA_KEY:POST-SUBTASK-159}},Relates,PENDING_POST_IMPORT_KEY_MAP
EPIC-031,RELATES_TO,POST-SUBTASK-141,{{JIRA_KEY:EPIC-031}},{{JIRA_KEY:POST-SUBTASK-141}},Relates,PENDING_POST_IMPORT_KEY_MAP
EPIC-032,RELATES_TO,POST-SUBTASK-078,{{JIRA_KEY:EPIC-032}},{{JIRA_KEY:POST-SUBTASK-078}},Relates,PENDING_POST_IMPORT_KEY_MAP
EPIC-033,RELATES_TO,POST-SUBTASK-141,{{JIRA_KEY:EPIC-033}},{{JIRA_KEY:POST-SUBTASK-141}},Relates,PENDING_POST_IMPORT_KEY_MAP
POST-SUBTASK-188,RELATES_TO,POST-SUBTASK-046,{{JIRA_KEY:POST-SUBTASK-188}},{{JIRA_KEY:POST-SUBTASK-046}},Relates,PENDING_POST_IMPORT_KEY_MAP
POST-SUBTASK-188,RELATES_TO,POST-SUBTASK-067,{{JIRA_KEY:POST-SUBTASK-188}},{{JIRA_KEY:POST-SUBTASK-067}},Relates,PENDING_POST_IMPORT_KEY_MAP
POST-SUBTASK-189,RELATES_TO,POST-SUBTASK-061,{{JIRA_KEY:POST-SUBTASK-189}},{{JIRA_KEY:POST-SUBTASK-061}},Relates,PENDING_POST_IMPORT_KEY_MAP
POST-SUBTASK-189,RELATES_TO,POST-SUBTASK-173,{{JIRA_KEY:POST-SUBTASK-189}},{{JIRA_KEY:POST-SUBTASK-173}},Relates,PENDING_POST_IMPORT_KEY_MAP
POST-SUBTASK-190,RELATES_TO,POST-SUBTASK-188,{{JIRA_KEY:POST-SUBTASK-190}},{{JIRA_KEY:POST-SUBTASK-188}},Relates,PENDING_POST_IMPORT_KEY_MAP
POST-SUBTASK-190,RELATES_TO,POST-SUBTASK-189,{{JIRA_KEY:POST-SUBTASK-190}},{{JIRA_KEY:POST-SUBTASK-189}},Relates,PENDING_POST_IMPORT_KEY_MAP
POST-SUBTASK-191,RELATES_TO,POST-SUBTASK-185,{{JIRA_KEY:POST-SUBTASK-191}},{{JIRA_KEY:POST-SUBTASK-185}},Relates,PENDING_POST_IMPORT_KEY_MAP
POST-SUBTASK-191,RELATES_TO,POST-SUBTASK-189,{{JIRA_KEY:POST-SUBTASK-191}},{{JIRA_KEY:POST-SUBTASK-189}},Relates,PENDING_POST_IMPORT_KEY_MAP
POST-SUBTASK-192,RELATES_TO,POST-SUBTASK-169,{{JIRA_KEY:POST-SUBTASK-192}},{{JIRA_KEY:POST-SUBTASK-169}},Relates,PENDING_POST_IMPORT_KEY_MAP
POST-SUBTASK-192,RELATES_TO,POST-SUBTASK-176,{{JIRA_KEY:POST-SUBTASK-192}},{{JIRA_KEY:POST-SUBTASK-176}},Relates,PENDING_POST_IMPORT_KEY_MAP
POST-SUBTASK-193,RELATES_TO,POST-SUBTASK-169,{{JIRA_KEY:POST-SUBTASK-193}},{{JIRA_KEY:POST-SUBTASK-169}},Relates,PENDING_POST_IMPORT_KEY_MAP
POST-SUBTASK-193,RELATES_TO,POST-SUBTASK-192,{{JIRA_KEY:POST-SUBTASK-193}},{{JIRA_KEY:POST-SUBTASK-192}},Relates,PENDING_POST_IMPORT_KEY_MAP
POST-SUBTASK-194,RELATES_TO,POST-SUBTASK-067,{{JIRA_KEY:POST-SUBTASK-194}},{{JIRA_KEY:POST-SUBTASK-067}},Relates,PENDING_POST_IMPORT_KEY_MAP
POST-SUBTASK-194,RELATES_TO,POST-SUBTASK-169,{{JIRA_KEY:POST-SUBTASK-194}},{{JIRA_KEY:POST-SUBTASK-169}},Relates,PENDING_POST_IMPORT_KEY_MAP
POST-SUBTASK-194,RELATES_TO,POST-SUBTASK-188,{{JIRA_KEY:POST-SUBTASK-194}},{{JIRA_KEY:POST-SUBTASK-188}},Relates,PENDING_POST_IMPORT_KEY_MAP
TASK-001,RELATES_TO,POST-SUBTASK-141,{{JIRA_KEY:TASK-001}},{{JIRA_KEY:POST-SUBTASK-141}},Relates,PENDING_POST_IMPORT_KEY_MAP
TASK-002,RELATES_TO,POST-SUBTASK-141,{{JIRA_KEY:TASK-002}},{{JIRA_KEY:POST-SUBTASK-141}},Relates,PENDING_POST_IMPORT_KEY_MAP
TASK-003,RELATES_TO,POST-SUBTASK-069,{{JIRA_KEY:TASK-003}},{{JIRA_KEY:POST-SUBTASK-069}},Relates,PENDING_POST_IMPORT_KEY_MAP
TASK-004,RELATES_TO,POST-SUBTASK-141,{{JIRA_KEY:TASK-004}},{{JIRA_KEY:POST-SUBTASK-141}},Relates,PENDING_POST_IMPORT_KEY_MAP
TASK-005,RELATES_TO,POST-SUBTASK-033,{{JIRA_KEY:TASK-005}},{{JIRA_KEY:POST-SUBTASK-033}},Relates,PENDING_POST_IMPORT_KEY_MAP
TASK-006,RELATES_TO,POST-SUBTASK-114,{{JIRA_KEY:TASK-006}},{{JIRA_KEY:POST-SUBTASK-114}},Relates,PENDING_POST_IMPORT_KEY_MAP
TASK-007,RELATES_TO,POST-SUBTASK-042,{{JIRA_KEY:TASK-007}},{{JIRA_KEY:POST-SUBTASK-042}},Relates,PENDING_POST_IMPORT_KEY_MAP
TASK-008,RELATES_TO,POST-SUBTASK-042,{{JIRA_KEY:TASK-008}},{{JIRA_KEY:POST-SUBTASK-042}},Relates,PENDING_POST_IMPORT_KEY_MAP
TASK-009,RELATES_TO,POST-SUBTASK-042,{{JIRA_KEY:TASK-009}},{{JIRA_KEY:POST-SUBTASK-042}},Relates,PENDING_POST_IMPORT_KEY_MAP
TASK-010,RELATES_TO,POST-SUBTASK-141,{{JIRA_KEY:TASK-010}},{{JIRA_KEY:POST-SUBTASK-141}},Relates,PENDING_POST_IMPORT_KEY_MAP
TASK-011,RELATES_TO,POST-SUBTASK-141,{{JIRA_KEY:TASK-011}},{{JIRA_KEY:POST-SUBTASK-141}},Relates,PENDING_POST_IMPORT_KEY_MAP
TASK-012,RELATES_TO,POST-SUBTASK-078,{{JIRA_KEY:TASK-012}},{{JIRA_KEY:POST-SUBTASK-078}},Relates,PENDING_POST_IMPORT_KEY_MAP
TASK-013,RELATES_TO,POST-SUBTASK-051,{{JIRA_KEY:TASK-013}},{{JIRA_KEY:POST-SUBTASK-051}},Relates,PENDING_POST_IMPORT_KEY_MAP
TASK-014,RELATES_TO,POST-SUBTASK-051,{{JIRA_KEY:TASK-014}},{{JIRA_KEY:POST-SUBTASK-051}},Relates,PENDING_POST_IMPORT_KEY_MAP
TASK-015,RELATES_TO,POST-SUBTASK-069,{{JIRA_KEY:TASK-015}},{{JIRA_KEY:POST-SUBTASK-069}},Relates,PENDING_POST_IMPORT_KEY_MAP
TASK-016,RELATES_TO,POST-SUBTASK-051,{{JIRA_KEY:TASK-016}},{{JIRA_KEY:POST-SUBTASK-051}},Relates,PENDING_POST_IMPORT_KEY_MAP
TASK-017,RELATES_TO,POST-SUBTASK-078,{{JIRA_KEY:TASK-017}},{{JIRA_KEY:POST-SUBTASK-078}},Relates,PENDING_POST_IMPORT_KEY_MAP
TASK-018,RELATES_TO,POST-SUBTASK-060,{{JIRA_KEY:TASK-018}},{{JIRA_KEY:POST-SUBTASK-060}},Relates,PENDING_POST_IMPORT_KEY_MAP
TASK-019,RELATES_TO,POST-SUBTASK-060,{{JIRA_KEY:TASK-019}},{{JIRA_KEY:POST-SUBTASK-060}},Relates,PENDING_POST_IMPORT_KEY_MAP
TASK-020,RELATES_TO,POST-SUBTASK-060,{{JIRA_KEY:TASK-020}},{{JIRA_KEY:POST-SUBTASK-060}},Relates,PENDING_POST_IMPORT_KEY_MAP
TASK-021,RELATES_TO,POST-SUBTASK-060,{{JIRA_KEY:TASK-021}},{{JIRA_KEY:POST-SUBTASK-060}},Relates,PENDING_POST_IMPORT_KEY_MAP
TASK-022,RELATES_TO,POST-SUBTASK-060,{{JIRA_KEY:TASK-022}},{{JIRA_KEY:POST-SUBTASK-060}},Relates,PENDING_POST_IMPORT_KEY_MAP
TASK-023,RELATES_TO,POST-SUBTASK-078,{{JIRA_KEY:TASK-023}},{{JIRA_KEY:POST-SUBTASK-078}},Relates,PENDING_POST_IMPORT_KEY_MAP
TASK-024,RELATES_TO,POST-SUBTASK-105,{{JIRA_KEY:TASK-024}},{{JIRA_KEY:POST-SUBTASK-105}},Relates,PENDING_POST_IMPORT_KEY_MAP
TASK-025,RELATES_TO,POST-SUBTASK-105,{{JIRA_KEY:TASK-025}},{{JIRA_KEY:POST-SUBTASK-105}},Relates,PENDING_POST_IMPORT_KEY_MAP
TASK-026,RELATES_TO,POST-SUBTASK-105,{{JIRA_KEY:TASK-026}},{{JIRA_KEY:POST-SUBTASK-105}},Relates,PENDING_POST_IMPORT_KEY_MAP
TASK-027,RELATES_TO,POST-SUBTASK-105,{{JIRA_KEY:TASK-027}},{{JIRA_KEY:POST-SUBTASK-105}},Relates,PENDING_POST_IMPORT_KEY_MAP
TASK-028,RELATES_TO,POST-SUBTASK-105,{{JIRA_KEY:TASK-028}},{{JIRA_KEY:POST-SUBTASK-105}},Relates,PENDING_POST_IMPORT_KEY_MAP
TASK-029,RELATES_TO,POST-SUBTASK-105,{{JIRA_KEY:TASK-029}},{{JIRA_KEY:POST-SUBTASK-105}},Relates,PENDING_POST_IMPORT_KEY_MAP
TASK-030,RELATES_TO,POST-SUBTASK-123,{{JIRA_KEY:TASK-030}},{{JIRA_KEY:POST-SUBTASK-123}},Relates,PENDING_POST_IMPORT_KEY_MAP
TASK-031,RELATES_TO,POST-SUBTASK-141,{{JIRA_KEY:TASK-031}},{{JIRA_KEY:POST-SUBTASK-141}},Relates,PENDING_POST_IMPORT_KEY_MAP
TASK-032,RELATES_TO,POST-SUBTASK-141,{{JIRA_KEY:TASK-032}},{{JIRA_KEY:POST-SUBTASK-141}},Relates,PENDING_POST_IMPORT_KEY_MAP
TASK-033,RELATES_TO,POST-SUBTASK-078,{{JIRA_KEY:TASK-033}},{{JIRA_KEY:POST-SUBTASK-078}},Relates,PENDING_POST_IMPORT_KEY_MAP
TASK-034,RELATES_TO,POST-SUBTASK-105,{{JIRA_KEY:TASK-034}},{{JIRA_KEY:POST-SUBTASK-105}},Relates,PENDING_POST_IMPORT_KEY_MAP
TASK-035,RELATES_TO,POST-SUBTASK-078,{{JIRA_KEY:TASK-035}},{{JIRA_KEY:POST-SUBTASK-078}},Relates,PENDING_POST_IMPORT_KEY_MAP
TASK-036,RELATES_TO,POST-SUBTASK-078,{{JIRA_KEY:TASK-036}},{{JIRA_KEY:POST-SUBTASK-078}},Relates,PENDING_POST_IMPORT_KEY_MAP
TASK-037,RELATES_TO,POST-SUBTASK-078,{{JIRA_KEY:TASK-037}},{{JIRA_KEY:POST-SUBTASK-078}},Relates,PENDING_POST_IMPORT_KEY_MAP
TASK-038,RELATES_TO,POST-SUBTASK-078,{{JIRA_KEY:TASK-038}},{{JIRA_KEY:POST-SUBTASK-078}},Relates,PENDING_POST_IMPORT_KEY_MAP
TASK-039,RELATES_TO,POST-SUBTASK-105,{{JIRA_KEY:TASK-039}},{{JIRA_KEY:POST-SUBTASK-105}},Relates,PENDING_POST_IMPORT_KEY_MAP
TASK-040,RELATES_TO,POST-SUBTASK-078,{{JIRA_KEY:TASK-040}},{{JIRA_KEY:POST-SUBTASK-078}},Relates,PENDING_POST_IMPORT_KEY_MAP
TASK-041,RELATES_TO,POST-SUBTASK-078,{{JIRA_KEY:TASK-041}},{{JIRA_KEY:POST-SUBTASK-078}},Relates,PENDING_POST_IMPORT_KEY_MAP
TASK-042,RELATES_TO,POST-SUBTASK-078,{{JIRA_KEY:TASK-042}},{{JIRA_KEY:POST-SUBTASK-078}},Relates,PENDING_POST_IMPORT_KEY_MAP
TASK-043,RELATES_TO,POST-SUBTASK-078,{{JIRA_KEY:TASK-043}},{{JIRA_KEY:POST-SUBTASK-078}},Relates,PENDING_POST_IMPORT_KEY_MAP
TASK-044,RELATES_TO,POST-SUBTASK-078,{{JIRA_KEY:TASK-044}},{{JIRA_KEY:POST-SUBTASK-078}},Relates,PENDING_POST_IMPORT_KEY_MAP
TASK-045,RELATES_TO,POST-SUBTASK-078,{{JIRA_KEY:TASK-045}},{{JIRA_KEY:POST-SUBTASK-078}},Relates,PENDING_POST_IMPORT_KEY_MAP
TASK-046,RELATES_TO,POST-SUBTASK-078,{{JIRA_KEY:TASK-046}},{{JIRA_KEY:POST-SUBTASK-078}},Relates,PENDING_POST_IMPORT_KEY_MAP
TASK-047,RELATES_TO,POST-SUBTASK-069,{{JIRA_KEY:TASK-047}},{{JIRA_KEY:POST-SUBTASK-069}},Relates,PENDING_POST_IMPORT_KEY_MAP
TASK-048,RELATES_TO,POST-SUBTASK-069,{{JIRA_KEY:TASK-048}},{{JIRA_KEY:POST-SUBTASK-069}},Relates,PENDING_POST_IMPORT_KEY_MAP
TASK-049,RELATES_TO,POST-SUBTASK-078,{{JIRA_KEY:TASK-049}},{{JIRA_KEY:POST-SUBTASK-078}},Relates,PENDING_POST_IMPORT_KEY_MAP
TASK-050,RELATES_TO,POST-SUBTASK-078,{{JIRA_KEY:TASK-050}},{{JIRA_KEY:POST-SUBTASK-078}},Relates,PENDING_POST_IMPORT_KEY_MAP
TASK-051,RELATES_TO,POST-SUBTASK-069,{{JIRA_KEY:TASK-051}},{{JIRA_KEY:POST-SUBTASK-069}},Relates,PENDING_POST_IMPORT_KEY_MAP
TASK-052,RELATES_TO,POST-SUBTASK-078,{{JIRA_KEY:TASK-052}},{{JIRA_KEY:POST-SUBTASK-078}},Relates,PENDING_POST_IMPORT_KEY_MAP
TASK-053,RELATES_TO,POST-SUBTASK-069,{{JIRA_KEY:TASK-053}},{{JIRA_KEY:POST-SUBTASK-069}},Relates,PENDING_POST_IMPORT_KEY_MAP
TASK-054,RELATES_TO,POST-SUBTASK-069,{{JIRA_KEY:TASK-054}},{{JIRA_KEY:POST-SUBTASK-069}},Relates,PENDING_POST_IMPORT_KEY_MAP
TASK-055,RELATES_TO,POST-SUBTASK-069,{{JIRA_KEY:TASK-055}},{{JIRA_KEY:POST-SUBTASK-069}},Relates,PENDING_POST_IMPORT_KEY_MAP
TASK-056,RELATES_TO,POST-SUBTASK-141,{{JIRA_KEY:TASK-056}},{{JIRA_KEY:POST-SUBTASK-141}},Relates,PENDING_POST_IMPORT_KEY_MAP
TASK-057,RELATES_TO,POST-SUBTASK-078,{{JIRA_KEY:TASK-057}},{{JIRA_KEY:POST-SUBTASK-078}},Relates,PENDING_POST_IMPORT_KEY_MAP
TASK-058,RELATES_TO,POST-SUBTASK-078,{{JIRA_KEY:TASK-058}},{{JIRA_KEY:POST-SUBTASK-078}},Relates,PENDING_POST_IMPORT_KEY_MAP
TASK-059,RELATES_TO,POST-SUBTASK-069,{{JIRA_KEY:TASK-059}},{{JIRA_KEY:POST-SUBTASK-069}},Relates,PENDING_POST_IMPORT_KEY_MAP
TASK-060,RELATES_TO,POST-SUBTASK-078,{{JIRA_KEY:TASK-060}},{{JIRA_KEY:POST-SUBTASK-078}},Relates,PENDING_POST_IMPORT_KEY_MAP
TASK-061,RELATES_TO,POST-SUBTASK-060,{{JIRA_KEY:TASK-061}},{{JIRA_KEY:POST-SUBTASK-060}},Relates,PENDING_POST_IMPORT_KEY_MAP
TASK-062,RELATES_TO,POST-SUBTASK-060,{{JIRA_KEY:TASK-062}},{{JIRA_KEY:POST-SUBTASK-060}},Relates,PENDING_POST_IMPORT_KEY_MAP
TASK-063,RELATES_TO,POST-SUBTASK-069,{{JIRA_KEY:TASK-063}},{{JIRA_KEY:POST-SUBTASK-069}},Relates,PENDING_POST_IMPORT_KEY_MAP
TASK-064,RELATES_TO,POST-SUBTASK-078,{{JIRA_KEY:TASK-064}},{{JIRA_KEY:POST-SUBTASK-078}},Relates,PENDING_POST_IMPORT_KEY_MAP
TASK-065,RELATES_TO,POST-SUBTASK-078,{{JIRA_KEY:TASK-065}},{{JIRA_KEY:POST-SUBTASK-078}},Relates,PENDING_POST_IMPORT_KEY_MAP
TASK-066,RELATES_TO,POST-SUBTASK-069,{{JIRA_KEY:TASK-066}},{{JIRA_KEY:POST-SUBTASK-069}},Relates,PENDING_POST_IMPORT_KEY_MAP
TASK-067,RELATES_TO,POST-SUBTASK-033,{{JIRA_KEY:TASK-067}},{{JIRA_KEY:POST-SUBTASK-033}},Relates,PENDING_POST_IMPORT_KEY_MAP
TASK-068,RELATES_TO,POST-SUBTASK-069,{{JIRA_KEY:TASK-068}},{{JIRA_KEY:POST-SUBTASK-069}},Relates,PENDING_POST_IMPORT_KEY_MAP
TASK-069,RELATES_TO,POST-SUBTASK-060,{{JIRA_KEY:TASK-069}},{{JIRA_KEY:POST-SUBTASK-060}},Relates,PENDING_POST_IMPORT_KEY_MAP
TASK-070,RELATES_TO,POST-SUBTASK-078,{{JIRA_KEY:TASK-070}},{{JIRA_KEY:POST-SUBTASK-078}},Relates,PENDING_POST_IMPORT_KEY_MAP
TASK-071,RELATES_TO,POST-SUBTASK-141,{{JIRA_KEY:TASK-071}},{{JIRA_KEY:POST-SUBTASK-141}},Relates,PENDING_POST_IMPORT_KEY_MAP
TASK-072,RELATES_TO,POST-SUBTASK-141,{{JIRA_KEY:TASK-072}},{{JIRA_KEY:POST-SUBTASK-141}},Relates,PENDING_POST_IMPORT_KEY_MAP
TASK-073,RELATES_TO,POST-SUBTASK-060,{{JIRA_KEY:TASK-073}},{{JIRA_KEY:POST-SUBTASK-060}},Relates,PENDING_POST_IMPORT_KEY_MAP
TASK-074,RELATES_TO,POST-SUBTASK-141,{{JIRA_KEY:TASK-074}},{{JIRA_KEY:POST-SUBTASK-141}},Relates,PENDING_POST_IMPORT_KEY_MAP
TASK-075,RELATES_TO,POST-SUBTASK-141,{{JIRA_KEY:TASK-075}},{{JIRA_KEY:POST-SUBTASK-141}},Relates,PENDING_POST_IMPORT_KEY_MAP
TASK-076,RELATES_TO,POST-SUBTASK-078,{{JIRA_KEY:TASK-076}},{{JIRA_KEY:POST-SUBTASK-078}},Relates,PENDING_POST_IMPORT_KEY_MAP
TASK-077,RELATES_TO,POST-SUBTASK-141,{{JIRA_KEY:TASK-077}},{{JIRA_KEY:POST-SUBTASK-141}},Relates,PENDING_POST_IMPORT_KEY_MAP
TASK-078,RELATES_TO,POST-SUBTASK-141,{{JIRA_KEY:TASK-078}},{{JIRA_KEY:POST-SUBTASK-141}},Relates,PENDING_POST_IMPORT_KEY_MAP
TASK-079,RELATES_TO,POST-SUBTASK-060,{{JIRA_KEY:TASK-079}},{{JIRA_KEY:POST-SUBTASK-060}},Relates,PENDING_POST_IMPORT_KEY_MAP
TASK-080,RELATES_TO,POST-SUBTASK-141,{{JIRA_KEY:TASK-080}},{{JIRA_KEY:POST-SUBTASK-141}},Relates,PENDING_POST_IMPORT_KEY_MAP
TASK-081,RELATES_TO,POST-SUBTASK-069,{{JIRA_KEY:TASK-081}},{{JIRA_KEY:POST-SUBTASK-069}},Relates,PENDING_POST_IMPORT_KEY_MAP
TASK-082,RELATES_TO,POST-SUBTASK-078,{{JIRA_KEY:TASK-082}},{{JIRA_KEY:POST-SUBTASK-078}},Relates,PENDING_POST_IMPORT_KEY_MAP
TASK-083,RELATES_TO,POST-SUBTASK-069,{{JIRA_KEY:TASK-083}},{{JIRA_KEY:POST-SUBTASK-069}},Relates,PENDING_POST_IMPORT_KEY_MAP
TASK-084,RELATES_TO,POST-SUBTASK-069,{{JIRA_KEY:TASK-084}},{{JIRA_KEY:POST-SUBTASK-069}},Relates,PENDING_POST_IMPORT_KEY_MAP
TASK-085,RELATES_TO,POST-SUBTASK-060,{{JIRA_KEY:TASK-085}},{{JIRA_KEY:POST-SUBTASK-060}},Relates,PENDING_POST_IMPORT_KEY_MAP
TASK-086,RELATES_TO,POST-SUBTASK-051,{{JIRA_KEY:TASK-086}},{{JIRA_KEY:POST-SUBTASK-051}},Relates,PENDING_POST_IMPORT_KEY_MAP
TASK-087,RELATES_TO,POST-SUBTASK-060,{{JIRA_KEY:TASK-087}},{{JIRA_KEY:POST-SUBTASK-060}},Relates,PENDING_POST_IMPORT_KEY_MAP
TASK-088,RELATES_TO,POST-SUBTASK-078,{{JIRA_KEY:TASK-088}},{{JIRA_KEY:POST-SUBTASK-078}},Relates,PENDING_POST_IMPORT_KEY_MAP
TASK-089,RELATES_TO,POST-SUBTASK-078,{{JIRA_KEY:TASK-089}},{{JIRA_KEY:POST-SUBTASK-078}},Relates,PENDING_POST_IMPORT_KEY_MAP
TASK-090,RELATES_TO,POST-SUBTASK-078,{{JIRA_KEY:TASK-090}},{{JIRA_KEY:POST-SUBTASK-078}},Relates,PENDING_POST_IMPORT_KEY_MAP
TASK-091,RELATES_TO,POST-SUBTASK-078,{{JIRA_KEY:TASK-091}},{{JIRA_KEY:POST-SUBTASK-078}},Relates,PENDING_POST_IMPORT_KEY_MAP
TASK-092,RELATES_TO,POST-SUBTASK-078,{{JIRA_KEY:TASK-092}},{{JIRA_KEY:POST-SUBTASK-078}},Relates,PENDING_POST_IMPORT_KEY_MAP
TASK-093,RELATES_TO,POST-SUBTASK-078,{{JIRA_KEY:TASK-093}},{{JIRA_KEY:POST-SUBTASK-078}},Relates,PENDING_POST_IMPORT_KEY_MAP
TASK-094,RELATES_TO,POST-SUBTASK-087,{{JIRA_KEY:TASK-094}},{{JIRA_KEY:POST-SUBTASK-087}},Relates,PENDING_POST_IMPORT_KEY_MAP
TASK-095,RELATES_TO,POST-SUBTASK-078,{{JIRA_KEY:TASK-095}},{{JIRA_KEY:POST-SUBTASK-078}},Relates,PENDING_POST_IMPORT_KEY_MAP
TASK-096,RELATES_TO,POST-SUBTASK-078,{{JIRA_KEY:TASK-096}},{{JIRA_KEY:POST-SUBTASK-078}},Relates,PENDING_POST_IMPORT_KEY_MAP
TASK-097,RELATES_TO,POST-SUBTASK-105,{{JIRA_KEY:TASK-097}},{{JIRA_KEY:POST-SUBTASK-105}},Relates,PENDING_POST_IMPORT_KEY_MAP
TASK-098,RELATES_TO,POST-SUBTASK-105,{{JIRA_KEY:TASK-098}},{{JIRA_KEY:POST-SUBTASK-105}},Relates,PENDING_POST_IMPORT_KEY_MAP
TASK-099,RELATES_TO,POST-SUBTASK-078,{{JIRA_KEY:TASK-099}},{{JIRA_KEY:POST-SUBTASK-078}},Relates,PENDING_POST_IMPORT_KEY_MAP
TASK-100,RELATES_TO,POST-SUBTASK-096,{{JIRA_KEY:TASK-100}},{{JIRA_KEY:POST-SUBTASK-096}},Relates,PENDING_POST_IMPORT_KEY_MAP
TASK-101,RELATES_TO,POST-SUBTASK-096,{{JIRA_KEY:TASK-101}},{{JIRA_KEY:POST-SUBTASK-096}},Relates,PENDING_POST_IMPORT_KEY_MAP
TASK-102,RELATES_TO,POST-SUBTASK-096,{{JIRA_KEY:TASK-102}},{{JIRA_KEY:POST-SUBTASK-096}},Relates,PENDING_POST_IMPORT_KEY_MAP
TASK-103,RELATES_TO,POST-SUBTASK-096,{{JIRA_KEY:TASK-103}},{{JIRA_KEY:POST-SUBTASK-096}},Relates,PENDING_POST_IMPORT_KEY_MAP
TASK-104,RELATES_TO,POST-SUBTASK-096,{{JIRA_KEY:TASK-104}},{{JIRA_KEY:POST-SUBTASK-096}},Relates,PENDING_POST_IMPORT_KEY_MAP
TASK-105,RELATES_TO,POST-SUBTASK-096,{{JIRA_KEY:TASK-105}},{{JIRA_KEY:POST-SUBTASK-096}},Relates,PENDING_POST_IMPORT_KEY_MAP
TASK-106,RELATES_TO,POST-SUBTASK-096,{{JIRA_KEY:TASK-106}},{{JIRA_KEY:POST-SUBTASK-096}},Relates,PENDING_POST_IMPORT_KEY_MAP
TASK-107,RELATES_TO,POST-SUBTASK-096,{{JIRA_KEY:TASK-107}},{{JIRA_KEY:POST-SUBTASK-096}},Relates,PENDING_POST_IMPORT_KEY_MAP
TASK-108,RELATES_TO,POST-SUBTASK-096,{{JIRA_KEY:TASK-108}},{{JIRA_KEY:POST-SUBTASK-096}},Relates,PENDING_POST_IMPORT_KEY_MAP
TASK-109,RELATES_TO,POST-SUBTASK-096,{{JIRA_KEY:TASK-109}},{{JIRA_KEY:POST-SUBTASK-096}},Relates,PENDING_POST_IMPORT_KEY_MAP
TASK-110,RELATES_TO,POST-SUBTASK-096,{{JIRA_KEY:TASK-110}},{{JIRA_KEY:POST-SUBTASK-096}},Relates,PENDING_POST_IMPORT_KEY_MAP
TASK-111,RELATES_TO,POST-SUBTASK-141,{{JIRA_KEY:TASK-111}},{{JIRA_KEY:POST-SUBTASK-141}},Relates,PENDING_POST_IMPORT_KEY_MAP
TASK-112,RELATES_TO,POST-SUBTASK-087,{{JIRA_KEY:TASK-112}},{{JIRA_KEY:POST-SUBTASK-087}},Relates,PENDING_POST_IMPORT_KEY_MAP
TASK-113,RELATES_TO,POST-SUBTASK-096,{{JIRA_KEY:TASK-113}},{{JIRA_KEY:POST-SUBTASK-096}},Relates,PENDING_POST_IMPORT_KEY_MAP
TASK-114,RELATES_TO,POST-SUBTASK-096,{{JIRA_KEY:TASK-114}},{{JIRA_KEY:POST-SUBTASK-096}},Relates,PENDING_POST_IMPORT_KEY_MAP
TASK-115,RELATES_TO,POST-SUBTASK-096,{{JIRA_KEY:TASK-115}},{{JIRA_KEY:POST-SUBTASK-096}},Relates,PENDING_POST_IMPORT_KEY_MAP
TASK-116,RELATES_TO,POST-SUBTASK-078,{{JIRA_KEY:TASK-116}},{{JIRA_KEY:POST-SUBTASK-078}},Relates,PENDING_POST_IMPORT_KEY_MAP
TASK-117,RELATES_TO,POST-SUBTASK-141,{{JIRA_KEY:TASK-117}},{{JIRA_KEY:POST-SUBTASK-141}},Relates,PENDING_POST_IMPORT_KEY_MAP
TASK-118,RELATES_TO,POST-SUBTASK-078,{{JIRA_KEY:TASK-118}},{{JIRA_KEY:POST-SUBTASK-078}},Relates,PENDING_POST_IMPORT_KEY_MAP
TASK-119,RELATES_TO,POST-SUBTASK-078,{{JIRA_KEY:TASK-119}},{{JIRA_KEY:POST-SUBTASK-078}},Relates,PENDING_POST_IMPORT_KEY_MAP
TASK-120,RELATES_TO,POST-SUBTASK-069,{{JIRA_KEY:TASK-120}},{{JIRA_KEY:POST-SUBTASK-069}},Relates,PENDING_POST_IMPORT_KEY_MAP
TASK-121,RELATES_TO,POST-SUBTASK-078,{{JIRA_KEY:TASK-121}},{{JIRA_KEY:POST-SUBTASK-078}},Relates,PENDING_POST_IMPORT_KEY_MAP
TASK-122,RELATES_TO,POST-SUBTASK-078,{{JIRA_KEY:TASK-122}},{{JIRA_KEY:POST-SUBTASK-078}},Relates,PENDING_POST_IMPORT_KEY_MAP
TASK-123,RELATES_TO,POST-SUBTASK-078,{{JIRA_KEY:TASK-123}},{{JIRA_KEY:POST-SUBTASK-078}},Relates,PENDING_POST_IMPORT_KEY_MAP
TASK-124,RELATES_TO,POST-SUBTASK-078,{{JIRA_KEY:TASK-124}},{{JIRA_KEY:POST-SUBTASK-078}},Relates,PENDING_POST_IMPORT_KEY_MAP
TASK-125,RELATES_TO,POST-SUBTASK-051,{{JIRA_KEY:TASK-125}},{{JIRA_KEY:POST-SUBTASK-051}},Relates,PENDING_POST_IMPORT_KEY_MAP
TASK-126,RELATES_TO,POST-SUBTASK-105,{{JIRA_KEY:TASK-126}},{{JIRA_KEY:POST-SUBTASK-105}},Relates,PENDING_POST_IMPORT_KEY_MAP
TASK-127,RELATES_TO,POST-SUBTASK-105,{{JIRA_KEY:TASK-127}},{{JIRA_KEY:POST-SUBTASK-105}},Relates,PENDING_POST_IMPORT_KEY_MAP
TASK-128,RELATES_TO,POST-SUBTASK-105,{{JIRA_KEY:TASK-128}},{{JIRA_KEY:POST-SUBTASK-105}},Relates,PENDING_POST_IMPORT_KEY_MAP
TASK-129,RELATES_TO,POST-SUBTASK-078,{{JIRA_KEY:TASK-129}},{{JIRA_KEY:POST-SUBTASK-078}},Relates,PENDING_POST_IMPORT_KEY_MAP
TASK-130,RELATES_TO,POST-SUBTASK-105,{{JIRA_KEY:TASK-130}},{{JIRA_KEY:POST-SUBTASK-105}},Relates,PENDING_POST_IMPORT_KEY_MAP
TASK-131,RELATES_TO,POST-SUBTASK-105,{{JIRA_KEY:TASK-131}},{{JIRA_KEY:POST-SUBTASK-105}},Relates,PENDING_POST_IMPORT_KEY_MAP
TASK-132,RELATES_TO,POST-SUBTASK-105,{{JIRA_KEY:TASK-132}},{{JIRA_KEY:POST-SUBTASK-105}},Relates,PENDING_POST_IMPORT_KEY_MAP
TASK-133,RELATES_TO,POST-SUBTASK-105,{{JIRA_KEY:TASK-133}},{{JIRA_KEY:POST-SUBTASK-105}},Relates,PENDING_POST_IMPORT_KEY_MAP
TASK-134,RELATES_TO,POST-SUBTASK-078,{{JIRA_KEY:TASK-134}},{{JIRA_KEY:POST-SUBTASK-078}},Relates,PENDING_POST_IMPORT_KEY_MAP
TASK-135,RELATES_TO,POST-SUBTASK-141,{{JIRA_KEY:TASK-135}},{{JIRA_KEY:POST-SUBTASK-141}},Relates,PENDING_POST_IMPORT_KEY_MAP
TASK-136,RELATES_TO,POST-SUBTASK-141,{{JIRA_KEY:TASK-136}},{{JIRA_KEY:POST-SUBTASK-141}},Relates,PENDING_POST_IMPORT_KEY_MAP
TASK-137,RELATES_TO,POST-SUBTASK-105,{{JIRA_KEY:TASK-137}},{{JIRA_KEY:POST-SUBTASK-105}},Relates,PENDING_POST_IMPORT_KEY_MAP
TASK-138,RELATES_TO,POST-SUBTASK-123,{{JIRA_KEY:TASK-138}},{{JIRA_KEY:POST-SUBTASK-123}},Relates,PENDING_POST_IMPORT_KEY_MAP
TASK-139,RELATES_TO,POST-SUBTASK-141,{{JIRA_KEY:TASK-139}},{{JIRA_KEY:POST-SUBTASK-141}},Relates,PENDING_POST_IMPORT_KEY_MAP
TASK-140,RELATES_TO,POST-SUBTASK-078,{{JIRA_KEY:TASK-140}},{{JIRA_KEY:POST-SUBTASK-078}},Relates,PENDING_POST_IMPORT_KEY_MAP
TASK-141,RELATES_TO,POST-SUBTASK-078,{{JIRA_KEY:TASK-141}},{{JIRA_KEY:POST-SUBTASK-078}},Relates,PENDING_POST_IMPORT_KEY_MAP
TASK-142,RELATES_TO,POST-SUBTASK-078,{{JIRA_KEY:TASK-142}},{{JIRA_KEY:POST-SUBTASK-078}},Relates,PENDING_POST_IMPORT_KEY_MAP
TASK-143,RELATES_TO,POST-SUBTASK-078,{{JIRA_KEY:TASK-143}},{{JIRA_KEY:POST-SUBTASK-078}},Relates,PENDING_POST_IMPORT_KEY_MAP
TASK-144,RELATES_TO,POST-SUBTASK-078,{{JIRA_KEY:TASK-144}},{{JIRA_KEY:POST-SUBTASK-078}},Relates,PENDING_POST_IMPORT_KEY_MAP
TASK-145,RELATES_TO,POST-SUBTASK-078,{{JIRA_KEY:TASK-145}},{{JIRA_KEY:POST-SUBTASK-078}},Relates,PENDING_POST_IMPORT_KEY_MAP
TASK-146,RELATES_TO,POST-SUBTASK-114,{{JIRA_KEY:TASK-146}},{{JIRA_KEY:POST-SUBTASK-114}},Relates,PENDING_POST_IMPORT_KEY_MAP
TASK-147,RELATES_TO,POST-SUBTASK-114,{{JIRA_KEY:TASK-147}},{{JIRA_KEY:POST-SUBTASK-114}},Relates,PENDING_POST_IMPORT_KEY_MAP
TASK-148,RELATES_TO,POST-SUBTASK-114,{{JIRA_KEY:TASK-148}},{{JIRA_KEY:POST-SUBTASK-114}},Relates,PENDING_POST_IMPORT_KEY_MAP
TASK-149,RELATES_TO,POST-SUBTASK-114,{{JIRA_KEY:TASK-149}},{{JIRA_KEY:POST-SUBTASK-114}},Relates,PENDING_POST_IMPORT_KEY_MAP
TASK-150,RELATES_TO,POST-SUBTASK-114,{{JIRA_KEY:TASK-150}},{{JIRA_KEY:POST-SUBTASK-114}},Relates,PENDING_POST_IMPORT_KEY_MAP
TASK-151,RELATES_TO,POST-SUBTASK-114,{{JIRA_KEY:TASK-151}},{{JIRA_KEY:POST-SUBTASK-114}},Relates,PENDING_POST_IMPORT_KEY_MAP
TASK-152,RELATES_TO,POST-SUBTASK-123,{{JIRA_KEY:TASK-152}},{{JIRA_KEY:POST-SUBTASK-123}},Relates,PENDING_POST_IMPORT_KEY_MAP
TASK-153,RELATES_TO,POST-SUBTASK-123,{{JIRA_KEY:TASK-153}},{{JIRA_KEY:POST-SUBTASK-123}},Relates,PENDING_POST_IMPORT_KEY_MAP
TASK-154,RELATES_TO,POST-SUBTASK-123,{{JIRA_KEY:TASK-154}},{{JIRA_KEY:POST-SUBTASK-123}},Relates,PENDING_POST_IMPORT_KEY_MAP
TASK-155,RELATES_TO,POST-SUBTASK-096,{{JIRA_KEY:TASK-155}},{{JIRA_KEY:POST-SUBTASK-096}},Relates,PENDING_POST_IMPORT_KEY_MAP
TASK-156,RELATES_TO,POST-SUBTASK-123,{{JIRA_KEY:TASK-156}},{{JIRA_KEY:POST-SUBTASK-123}},Relates,PENDING_POST_IMPORT_KEY_MAP
TASK-157,RELATES_TO,POST-SUBTASK-123,{{JIRA_KEY:TASK-157}},{{JIRA_KEY:POST-SUBTASK-123}},Relates,PENDING_POST_IMPORT_KEY_MAP
TASK-158,RELATES_TO,POST-SUBTASK-132,{{JIRA_KEY:TASK-158}},{{JIRA_KEY:POST-SUBTASK-132}},Relates,PENDING_POST_IMPORT_KEY_MAP
TASK-159,RELATES_TO,POST-SUBTASK-132,{{JIRA_KEY:TASK-159}},{{JIRA_KEY:POST-SUBTASK-132}},Relates,PENDING_POST_IMPORT_KEY_MAP
TASK-160,RELATES_TO,POST-SUBTASK-132,{{JIRA_KEY:TASK-160}},{{JIRA_KEY:POST-SUBTASK-132}},Relates,PENDING_POST_IMPORT_KEY_MAP
TASK-161,RELATES_TO,POST-SUBTASK-009,{{JIRA_KEY:TASK-161}},{{JIRA_KEY:POST-SUBTASK-009}},Relates,PENDING_POST_IMPORT_KEY_MAP
TASK-162,RELATES_TO,POST-SUBTASK-132,{{JIRA_KEY:TASK-162}},{{JIRA_KEY:POST-SUBTASK-132}},Relates,PENDING_POST_IMPORT_KEY_MAP
TASK-163,RELATES_TO,POST-SUBTASK-123,{{JIRA_KEY:TASK-163}},{{JIRA_KEY:POST-SUBTASK-123}},Relates,PENDING_POST_IMPORT_KEY_MAP
TASK-164,RELATES_TO,POST-SUBTASK-150,{{JIRA_KEY:TASK-164}},{{JIRA_KEY:POST-SUBTASK-150}},Relates,PENDING_POST_IMPORT_KEY_MAP
TASK-165,RELATES_TO,POST-SUBTASK-141,{{JIRA_KEY:TASK-165}},{{JIRA_KEY:POST-SUBTASK-141}},Relates,PENDING_POST_IMPORT_KEY_MAP
TASK-166,RELATES_TO,POST-SUBTASK-150,{{JIRA_KEY:TASK-166}},{{JIRA_KEY:POST-SUBTASK-150}},Relates,PENDING_POST_IMPORT_KEY_MAP
TASK-167,RELATES_TO,POST-SUBTASK-141,{{JIRA_KEY:TASK-167}},{{JIRA_KEY:POST-SUBTASK-141}},Relates,PENDING_POST_IMPORT_KEY_MAP
TASK-168,RELATES_TO,POST-SUBTASK-150,{{JIRA_KEY:TASK-168}},{{JIRA_KEY:POST-SUBTASK-150}},Relates,PENDING_POST_IMPORT_KEY_MAP
TASK-169,RELATES_TO,POST-SUBTASK-141,{{JIRA_KEY:TASK-169}},{{JIRA_KEY:POST-SUBTASK-141}},Relates,PENDING_POST_IMPORT_KEY_MAP
TASK-170,RELATES_TO,POST-SUBTASK-141,{{JIRA_KEY:TASK-170}},{{JIRA_KEY:POST-SUBTASK-141}},Relates,PENDING_POST_IMPORT_KEY_MAP
TASK-171,RELATES_TO,POST-SUBTASK-060,{{JIRA_KEY:TASK-171}},{{JIRA_KEY:POST-SUBTASK-060}},Relates,PENDING_POST_IMPORT_KEY_MAP
TASK-172,RELATES_TO,POST-SUBTASK-105,{{JIRA_KEY:TASK-172}},{{JIRA_KEY:POST-SUBTASK-105}},Relates,PENDING_POST_IMPORT_KEY_MAP
TASK-173,RELATES_TO,POST-SUBTASK-105,{{JIRA_KEY:TASK-173}},{{JIRA_KEY:POST-SUBTASK-105}},Relates,PENDING_POST_IMPORT_KEY_MAP
TASK-174,RELATES_TO,POST-SUBTASK-105,{{JIRA_KEY:TASK-174}},{{JIRA_KEY:POST-SUBTASK-105}},Relates,PENDING_POST_IMPORT_KEY_MAP
TASK-175,RELATES_TO,POST-SUBTASK-078,{{JIRA_KEY:TASK-175}},{{JIRA_KEY:POST-SUBTASK-078}},Relates,PENDING_POST_IMPORT_KEY_MAP
TASK-176,RELATES_TO,POST-SUBTASK-141,{{JIRA_KEY:TASK-176}},{{JIRA_KEY:POST-SUBTASK-141}},Relates,PENDING_POST_IMPORT_KEY_MAP
TASK-177,RELATES_TO,POST-SUBTASK-132,{{JIRA_KEY:TASK-177}},{{JIRA_KEY:POST-SUBTASK-132}},Relates,PENDING_POST_IMPORT_KEY_MAP
TASK-178,RELATES_TO,POST-SUBTASK-078,{{JIRA_KEY:TASK-178}},{{JIRA_KEY:POST-SUBTASK-078}},Relates,PENDING_POST_IMPORT_KEY_MAP
TASK-179,RELATES_TO,POST-SUBTASK-105,{{JIRA_KEY:TASK-179}},{{JIRA_KEY:POST-SUBTASK-105}},Relates,PENDING_POST_IMPORT_KEY_MAP
TASK-180,RELATES_TO,POST-SUBTASK-105,{{JIRA_KEY:TASK-180}},{{JIRA_KEY:POST-SUBTASK-105}},Relates,PENDING_POST_IMPORT_KEY_MAP
TASK-181,RELATES_TO,POST-SUBTASK-105,{{JIRA_KEY:TASK-181}},{{JIRA_KEY:POST-SUBTASK-105}},Relates,PENDING_POST_IMPORT_KEY_MAP
TASK-182,RELATES_TO,POST-SUBTASK-105,{{JIRA_KEY:TASK-182}},{{JIRA_KEY:POST-SUBTASK-105}},Relates,PENDING_POST_IMPORT_KEY_MAP
TASK-183,RELATES_TO,POST-SUBTASK-105,{{JIRA_KEY:TASK-183}},{{JIRA_KEY:POST-SUBTASK-105}},Relates,PENDING_POST_IMPORT_KEY_MAP
TASK-184,RELATES_TO,POST-SUBTASK-132,{{JIRA_KEY:TASK-184}},{{JIRA_KEY:POST-SUBTASK-132}},Relates,PENDING_POST_IMPORT_KEY_MAP
TASK-185,RELATES_TO,POST-SUBTASK-141,{{JIRA_KEY:TASK-185}},{{JIRA_KEY:POST-SUBTASK-141}},Relates,PENDING_POST_IMPORT_KEY_MAP
TASK-186,RELATES_TO,POST-SUBTASK-132,{{JIRA_KEY:TASK-186}},{{JIRA_KEY:POST-SUBTASK-132}},Relates,PENDING_POST_IMPORT_KEY_MAP
TASK-187,RELATES_TO,POST-SUBTASK-141,{{JIRA_KEY:TASK-187}},{{JIRA_KEY:POST-SUBTASK-141}},Relates,PENDING_POST_IMPORT_KEY_MAP
TASK-188,RELATES_TO,POST-SUBTASK-141,{{JIRA_KEY:TASK-188}},{{JIRA_KEY:POST-SUBTASK-141}},Relates,PENDING_POST_IMPORT_KEY_MAP
TASK-189,RELATES_TO,POST-SUBTASK-105,{{JIRA_KEY:TASK-189}},{{JIRA_KEY:POST-SUBTASK-105}},Relates,PENDING_POST_IMPORT_KEY_MAP
TASK-190,RELATES_TO,POST-SUBTASK-114,{{JIRA_KEY:TASK-190}},{{JIRA_KEY:POST-SUBTASK-114}},Relates,PENDING_POST_IMPORT_KEY_MAP
TASK-191,RELATES_TO,POST-SUBTASK-069,{{JIRA_KEY:TASK-191}},{{JIRA_KEY:POST-SUBTASK-069}},Relates,PENDING_POST_IMPORT_KEY_MAP
TASK-192,RELATES_TO,POST-SUBTASK-078,{{JIRA_KEY:TASK-192}},{{JIRA_KEY:POST-SUBTASK-078}},Relates,PENDING_POST_IMPORT_KEY_MAP
TASK-193,RELATES_TO,POST-SUBTASK-069,{{JIRA_KEY:TASK-193}},{{JIRA_KEY:POST-SUBTASK-069}},Relates,PENDING_POST_IMPORT_KEY_MAP
TASK-194,RELATES_TO,POST-SUBTASK-141,{{JIRA_KEY:TASK-194}},{{JIRA_KEY:POST-SUBTASK-141}},Relates,PENDING_POST_IMPORT_KEY_MAP
TASK-195,RELATES_TO,POST-SUBTASK-141,{{JIRA_KEY:TASK-195}},{{JIRA_KEY:POST-SUBTASK-141}},Relates,PENDING_POST_IMPORT_KEY_MAP
TASK-196,RELATES_TO,POST-SUBTASK-051,{{JIRA_KEY:TASK-196}},{{JIRA_KEY:POST-SUBTASK-051}},Relates,PENDING_POST_IMPORT_KEY_MAP
TASK-197,RELATES_TO,POST-SUBTASK-060,{{JIRA_KEY:TASK-197}},{{JIRA_KEY:POST-SUBTASK-060}},Relates,PENDING_POST_IMPORT_KEY_MAP
TASK-198,RELATES_TO,POST-SUBTASK-141,{{JIRA_KEY:TASK-198}},{{JIRA_KEY:POST-SUBTASK-141}},Relates,PENDING_POST_IMPORT_KEY_MAP
TASK-199,RELATES_TO,POST-SUBTASK-069,{{JIRA_KEY:TASK-199}},{{JIRA_KEY:POST-SUBTASK-069}},Relates,PENDING_POST_IMPORT_KEY_MAP
TASK-200,RELATES_TO,POST-SUBTASK-069,{{JIRA_KEY:TASK-200}},{{JIRA_KEY:POST-SUBTASK-069}},Relates,PENDING_POST_IMPORT_KEY_MAP
TASK-201,RELATES_TO,POST-SUBTASK-060,{{JIRA_KEY:TASK-201}},{{JIRA_KEY:POST-SUBTASK-060}},Relates,PENDING_POST_IMPORT_KEY_MAP
