Issue type,Issue key,Issue ID,Summary,Parent,Description,Status,Priority,Labels,Component,Local Issue ID,Source IDs,Phase,Logical Workflow State,Implementation Maturity,Evidence State,Owner Historical Wave,Critical Path,Execution Lane,Execution Mode
Story,BAT-51,100051,[POST-STORY-001] Canonical handoff and target-environment preflight,100034,"Local ID: POST-STORY-001

Objective
Prove that the W25 handoff can be reproduced on the target machine before implementation mutates project state.

Why This Exists
This coherent capability closes a defined portion of Target environment, reproducibility, and AC-038 hardware evidence and creates a verifiable output for the next dependency stage.

Scope
Deliver Story POST-STORY-001 (Canonical handoff and target-environment preflight) as one coherent, gated capability inside Epic POST-EPIC-001. Execute child subtasks POST-SUBTASK-001, POST-SUBTASK-002, POST-SUBTASK-003 in dependency order, reconcile their pinned outputs, and require the final gate `POST-SUBTASK-003` to issue an evidence-backed approve/block/reject/defer decision before any downstream use.

Explicit In Scope
- Complete and verify child `POST-SUBTASK-001` — Verify W25 repository identity, manifests, and no-Wave-26 state.
- Complete and verify child `POST-SUBTASK-002` — Run the full unit and governance validator suite on the target host.
- Complete and verify child `POST-SUBTASK-003` — Capture the authoritative target runtime and dependency manifest.
- Integrate the child outputs and execute final gate `POST-SUBTASK-003`.
- Preserve exact source/data/code/config/runtime identities, failures, unresolved blockers, and downstream-consumption evidence.

Explicit Out of Scope
- Work assigned to sibling Stories or another Epic.
- Closing the Story because implementation files exist while the final gate or downstream-consumption proof is incomplete.
- Weakening protected requirements, PIT/source-policy/security controls, accepted ADRs, or evidence thresholds to obtain a passing gate.

Prerequisites / Dependencies


Acceptance Criteria
1. The recorded repository hash and project identity match the W25 handoff.
2. The preflight explicitly records that the next state is CODEX_IMPLEMENTATION_HANDOFF and no Wave 26 is created.
3. Any manifest mismatch fails closed before mutation.
4. All 229 baseline unit tests are executed and results are recorded without editing expected outcomes.
5. W25 final, acceptance, backlog, and strict repository validators run from a clean checkout.
6. Failures are recorded as blockers; they are not waived or hidden.
7. The manifest records OS, CPU, RAM, GPU, Python, dependency lock hashes, storage paths, and free-space state.
8. Secrets and user-identifying values are redacted.
9. The manifest is content-hashed and linked to the preflight validation run.

Definition of Done
1. All child subtasks POST-SUBTASK-001, POST-SUBTASK-002, POST-SUBTASK-003 have verified evidence or an explicit accepted-risk/deferred/cancelled disposition consistent with the Story contract.
2. The final gate `POST-SUBTASK-003` completes and proves the Story end-to-end requirement; closing implementation children alone is insufficient.
3. All direct and inherited requirement/control/ADR/risk/gap mappings resolve through the governance context index without missing or invalid identifiers.
4. The Story evidence manifest pins child artifact, source/data/code/config/runtime, split/cutoff, and target-host identities where applicable and preserves failures/null results.
5. Canonical/derived Jira views, live operational fields when connected, dependency links, queues, and downstream states are synchronized and pass strict validation.

Required Tests / Validation
- EXISTING_AUTOMATED_TEST / EXISTING_AUTOMATED_TEST: tests/test_w23_operations.py — Run and retain the result when this issue touches the covered contract.
- EXISTING_AUTOMATED_TEST / EXISTING_AUTOMATED_TEST: tools/validate_w23_operations.py — Run and retain the result when this issue touches the covered contract.
- END_TO_END / END_TO_END: POST-SUBTASK-003 — The final child gate `POST-SUBTASK-003` must prove the integrated Story outcome and downstream-consumable output.
- REPRODUCIBILITY / REPRODUCIBILITY: STORY_EVIDENCE_MANIFEST — Aggregate child artifact hashes, input identities, gate decision, failures, and downstream readiness into a reproducible Story evidence manifest.

Required Evidence
- Verified child completion/evidence manifests for POST-SUBTASK-001, POST-SUBTASK-002, POST-SUBTASK-003.
- Final gate decision from `POST-SUBTASK-003` with criterion-by-criterion PASS/FAIL/BLOCKED outcomes and output hashes.
- Story-level downstream-consumption evidence and an explicit list of issues unlocked, retained blocked, rejected, or deferred.

End-to-End Validation
A clean target host can verify the handoff, run all baseline validators, and emit a redacted immutable runtime manifest.

Stop Conditions
- Stop if entry dependencies are not complete at required maturity or if the gate cannot evaluate the combined outputs.

Source References
- SRCREF-01994
- SRCREF-01995
- SRCREF-01996
- SRCREF-01997
- SRCREF-01998
- SRCREF-01999
- SRCREF-02000
- SRCREF-02001
- SRCREF-02002
- SRCREF-02003
- SRCREF-02004
- SRCREF-02005
- SRCREF-02006
- SRCREF-01887
- SRCREF-01563

Governance Traceability Gate: POST-SUBTASK-009

Canonical Record: jira/records/issues/stories/POST-STORY-001_canonical_handoff_and_target_environment_preflight.json",To Do,Highest,actionable;core-release;environment;post-wave;story;local-id-post-story-001,operations-security,POST-STORY-001,GAP-001;HANDOFF-001,PHASE-4,BACKLOG,INTEGRATED,PLANNED,POST_W25,true,SHARED_CONTRACT,AGGREGATE_GATE
Story,BAT-52,100052,"[POST-STORY-002] Local data, artifact, and secret boundary bootstrap",100034,"Local ID: POST-STORY-002

Objective
Create the local-only filesystem and secret boundaries required for real source materialization without committing restricted data or credentials.

Why This Exists
This coherent capability closes a defined portion of Target environment, reproducibility, and AC-038 hardware evidence and creates a verifiable output for the next dependency stage.

Scope
Deliver Story POST-STORY-002 (Local data, artifact, and secret boundary bootstrap) as one coherent, gated capability inside Epic POST-EPIC-001. Execute child subtasks POST-SUBTASK-004, POST-SUBTASK-005, POST-SUBTASK-006 in dependency order, reconcile their pinned outputs, and require the final gate `POST-SUBTASK-006` to issue an evidence-backed approve/block/reject/defer decision before any downstream use.

Explicit In Scope
- Complete and verify child `POST-SUBTASK-004` — Configure AGGIE_ANALYTICS_DATA_ROOT and artifact roots outside the repository.
- Complete and verify child `POST-SUBTASK-005` — Define and validate the non-repository credential inventory and redaction rules.
- Complete and verify child `POST-SUBTASK-006` — Validate target storage permissions, free space, atomic writes, and quarantine behavior.
- Integrate the child outputs and execute final gate `POST-SUBTASK-006`.
- Preserve exact source/data/code/config/runtime identities, failures, unresolved blockers, and downstream-consumption evidence.

Explicit Out of Scope
- Work assigned to sibling Stories or another Epic.
- Closing the Story because implementation files exist while the final gate or downstream-consumption proof is incomplete.
- Weakening protected requirements, PIT/source-policy/security controls, accepted ADRs, or evidence thresholds to obtain a passing gate.

Prerequisites / Dependencies
- Hard dependency POST-SUBTASK-001
- POST-SUBTASK-001

Acceptance Criteria
1. Configured roots are absolute, writable, outside the Git repository, and survive process restart.
2. Raw, curated, model, forecast, log, backup, and quarantine roots are separated.
3. A path safety test rejects repository-internal bulk-data roots.
4. Every credential is referenced by environment-variable name only.
5. No token, password, session cookie, or restricted URL is written to the repository or evidence logs.
6. A redaction test demonstrates that representative secret values are removed from logs and exception messages.
7. The probe demonstrates atomic create/rename, fsync, readback hash verification, and quarantine moves on each configured root.
8. Available capacity is recorded without inventing a minimum threshold.
9. Insufficient permissions or capacity blocks downstream materialization.

Definition of Done
1. All child subtasks POST-SUBTASK-004, POST-SUBTASK-005, POST-SUBTASK-006 have verified evidence or an explicit accepted-risk/deferred/cancelled disposition consistent with the Story contract.
2. The final gate `POST-SUBTASK-006` completes and proves the Story end-to-end requirement; closing implementation children alone is insufficient.
3. All direct and inherited requirement/control/ADR/risk/gap mappings resolve through the governance context index without missing or invalid identifiers.
4. The Story evidence manifest pins child artifact, source/data/code/config/runtime, split/cutoff, and target-host identities where applicable and preserves failures/null results.
5. Canonical/derived Jira views, live operational fields when connected, dependency links, queues, and downstream states are synchronized and pass strict validation.

Required Tests / Validation
- EXISTING_AUTOMATED_TEST / EXISTING_AUTOMATED_TEST: tests/test_w23_operations.py — Run and retain the result when this issue touches the covered contract.
- EXISTING_AUTOMATED_TEST / EXISTING_AUTOMATED_TEST: tools/validate_w23_operations.py — Run and retain the result when this issue touches the covered contract.
- END_TO_END / END_TO_END: POST-SUBTASK-006 — The final child gate `POST-SUBTASK-006` must prove the integrated Story outcome and downstream-consumable output.
- REPRODUCIBILITY / REPRODUCIBILITY: STORY_EVIDENCE_MANIFEST — Aggregate child artifact hashes, input identities, gate decision, failures, and downstream readiness into a reproducible Story evidence manifest.

Required Evidence
- Verified child completion/evidence manifests for POST-SUBTASK-004, POST-SUBTASK-005, POST-SUBTASK-006.
- Final gate decision from `POST-SUBTASK-006` with criterion-by-criterion PASS/FAIL/BLOCKED outcomes and output hashes.
- Story-level downstream-consumption evidence and an explicit list of issues unlocked, retained blocked, rejected, or deferred.

End-to-End Validation
Exercise the complete Local data, artifact, and secret boundary bootstrap path through `POST-SUBTASK-006` and verify downstream use of pinned outputs.

Stop Conditions
- Stop if entry dependencies are not complete at required maturity or if the gate cannot evaluate the combined outputs.

Source References
- SRCREF-01994
- SRCREF-01995
- SRCREF-01996
- SRCREF-01997
- SRCREF-01998
- SRCREF-01999
- SRCREF-02000
- SRCREF-02001
- SRCREF-02002
- SRCREF-02003
- SRCREF-02004
- SRCREF-02005
- SRCREF-02006
- SRCREF-01887
- SRCREF-01563
- SRCREF-01888
- SRCREF-01572

Governance Traceability Gate: POST-SUBTASK-009

Canonical Record: jira/records/issues/stories/POST-STORY-002_local_data_artifact_and_secret_boundary_bootstrap.json",To Do,Highest,actionable;core-release;environment;post-wave;story;local-id-post-story-002,operations-security,POST-STORY-002,GAP-001;GAP-010;HANDOFF-001;HANDOFF-002,PHASE-4,BACKLOG,INTEGRATED,PLANNED,POST_W25,false,SHARED_CONTRACT,AGGREGATE_GATE
Story,BAT-53,100053,[POST-STORY-003] Authoritative target-hardware benchmark and threshold governance,100034,"Local ID: POST-STORY-003

Objective
Execute the existing benchmark harness on the declared target hardware and use only that evidence to resolve AC-038, THR-011, and THR-012.

Why This Exists
This coherent capability closes a defined portion of Target environment, reproducibility, and AC-038 hardware evidence and creates a verifiable output for the next dependency stage.

Scope
Deliver Story POST-STORY-003 (Authoritative target-hardware benchmark and threshold governance) as one coherent, gated capability inside Epic POST-EPIC-001. Execute child subtasks POST-SUBTASK-007, POST-SUBTASK-008, POST-SUBTASK-009 in dependency order, reconcile their pinned outputs, and require the final gate `POST-SUBTASK-009` to issue an evidence-backed approve/block/reject/defer decision before any downstream use.

Explicit In Scope
- Complete and verify child `POST-SUBTASK-007` — Stage the representative AC-038 workload and benchmark input manifest.
- Complete and verify child `POST-SUBTASK-008` — Run scripts/benchmark_target.ps1 on the declared Windows/Ryzen 7 HX/32 GB/RTX 5060/NVMe target.
- Complete and verify child `POST-SUBTASK-009` — Govern THR-011 and THR-012 values and clear or retain the W23 local-production gate.
- Integrate the child outputs and execute final gate `POST-SUBTASK-009`.
- Preserve exact source/data/code/config/runtime identities, failures, unresolved blockers, and downstream-consumption evidence.

Explicit Out of Scope
- Work assigned to sibling Stories or another Epic.
- Closing the Story because implementation files exist while the final gate or downstream-consumption proof is incomplete.
- Weakening protected requirements, PIT/source-policy/security controls, accepted ADRs, or evidence thresholds to obtain a passing gate.

Prerequisites / Dependencies
- Hard dependency POST-SUBTASK-002
- Hard dependency POST-SUBTASK-006
- POST-SUBTASK-002
- POST-SUBTASK-006

Acceptance Criteria
1. The workload matches the benchmark contract and includes representative ingestion, PIT, feature, model, publication, and product-read operations.
2. Input hashes and data classification are recorded.
3. Protected holdout outcomes are not exposed to benchmark tuning.
4. The benchmark is executed on the declared target rather than a substitute host.
5. Peak RAM, runtime, CPU/GPU utilization, disk usage, and workload identity are captured.
6. At least one repeat run verifies that the result is not a one-off artifact.
7. THR-011 and THR-012 are populated only from the authoritative benchmark evidence.
8. The decision records evidence hashes, reviewer, timestamp, and pass/block rationale.
9. TASK-163 remains blocked unless AC-038 genuinely passes; no threshold is relaxed after observing failure.

Definition of Done
1. All child subtasks POST-SUBTASK-007, POST-SUBTASK-008, POST-SUBTASK-009 have verified evidence or an explicit accepted-risk/deferred/cancelled disposition consistent with the Story contract.
2. The final gate `POST-SUBTASK-009` completes and proves the Story end-to-end requirement; closing implementation children alone is insufficient.
3. All direct and inherited requirement/control/ADR/risk/gap mappings resolve through the governance context index without missing or invalid identifiers.
4. The Story evidence manifest pins child artifact, source/data/code/config/runtime, split/cutoff, and target-host identities where applicable and preserves failures/null results.
5. Canonical/derived Jira views, live operational fields when connected, dependency links, queues, and downstream states are synchronized and pass strict validation.

Required Tests / Validation
- EXISTING_AUTOMATED_TEST / EXISTING_AUTOMATED_TEST: tests/test_w23_operations.py — Run and retain the result when this issue touches the covered contract.
- EXISTING_AUTOMATED_TEST / EXISTING_AUTOMATED_TEST: tools/validate_w23_operations.py — Run and retain the result when this issue touches the covered contract.
- END_TO_END / END_TO_END: POST-SUBTASK-009 — The final child gate `POST-SUBTASK-009` must prove the integrated Story outcome and downstream-consumable output.
- REPRODUCIBILITY / REPRODUCIBILITY: STORY_EVIDENCE_MANIFEST — Aggregate child artifact hashes, input identities, gate decision, failures, and downstream readiness into a reproducible Story evidence manifest.

Required Evidence
- Verified child completion/evidence manifests for POST-SUBTASK-007, POST-SUBTASK-008, POST-SUBTASK-009.
- Final gate decision from `POST-SUBTASK-009` with criterion-by-criterion PASS/FAIL/BLOCKED outcomes and output hashes.
- Story-level downstream-consumption evidence and an explicit list of issues unlocked, retained blocked, rejected, or deferred.

End-to-End Validation
The target host produces authoritative benchmark evidence and the governance layer deterministically resolves or retains AC-038 without fabricated thresholds.

Stop Conditions
- Stop if entry dependencies are not complete at required maturity or if the gate cannot evaluate the combined outputs.

Source References
- SRCREF-01994
- SRCREF-01995
- SRCREF-01996
- SRCREF-01997
- SRCREF-01998
- SRCREF-01999
- SRCREF-02000
- SRCREF-02001
- SRCREF-02002
- SRCREF-02003
- SRCREF-02004
- SRCREF-02005
- SRCREF-02006
- SRCREF-01887
- SRCREF-01563

Governance Traceability Gate: POST-SUBTASK-009

Canonical Record: jira/records/issues/stories/POST-STORY-003_authoritative_target_hardware_benchmark_and_threshold_governance.json",To Do,Highest,actionable;core-release;environment;post-wave;story;local-id-post-story-003,operations-security,POST-STORY-003,GAP-001;HANDOFF-001,PHASE-4,BACKLOG,INTEGRATED,PLANNED,POST_W25,true,SHARED_CONTRACT,AGGREGATE_GATE
Story,BAT-54,100054,"[POST-STORY-004] Evidence-backed resource, concurrency, and degradation envelope",100034,"Local ID: POST-STORY-004

Objective
Translate benchmark and storage evidence into safe execution limits for autonomous local operation.

Why This Exists
This coherent capability closes a defined portion of Target environment, reproducibility, and AC-038 hardware evidence and creates a verifiable output for the next dependency stage.

Scope
Deliver Story POST-STORY-004 (Evidence-backed resource, concurrency, and degradation envelope) as one coherent, gated capability inside Epic POST-EPIC-001. Execute child subtasks POST-SUBTASK-010, POST-SUBTASK-011, POST-SUBTASK-012 in dependency order, reconcile their pinned outputs, and require the final gate `POST-SUBTASK-012` to issue an evidence-backed approve/block/reject/defer decision before any downstream use.

Explicit In Scope
- Complete and verify child `POST-SUBTASK-010` — Measure safe local worktree and pipeline concurrency under target resource limits.
- Complete and verify child `POST-SUBTASK-011` — Measure disk growth and define evidence-backed artifact retention budgets.
- Complete and verify child `POST-SUBTASK-012` — Implement and test resource stop conditions and graceful degradation.
- Integrate the child outputs and execute final gate `POST-SUBTASK-012`.
- Preserve exact source/data/code/config/runtime identities, failures, unresolved blockers, and downstream-consumption evidence.

Explicit Out of Scope
- Work assigned to sibling Stories or another Epic.
- Closing the Story because implementation files exist while the final gate or downstream-consumption proof is incomplete.
- Weakening protected requirements, PIT/source-policy/security controls, accepted ADRs, or evidence thresholds to obtain a passing gate.

Prerequisites / Dependencies
- Hard dependency POST-SUBTASK-009
- POST-SUBTASK-009

Acceptance Criteria
1. Concurrent workloads are increased only until measured resource contention or policy limits appear.
2. The envelope identifies mutually exclusive shared-contract and protected-gate work.
3. No fixed concurrency value is adopted without measurement.
4. Raw snapshots, matrices, model artifacts, forecasts, logs, and backups are measured separately.
5. Retention recommendations preserve required lineage and protected evidence.
6. Deletion rules never remove canonical negative results, provenance, or superseded policy evidence.
7. Peak-RAM, free-space, runtime, and concurrency breaches stop or defer work predictably.
8. The system does not silently downsample protected evaluation or omit required data.
9. The operator receives a clear blocker, recovery action, and preserved partial evidence.

Definition of Done
1. All child subtasks POST-SUBTASK-010, POST-SUBTASK-011, POST-SUBTASK-012 have verified evidence or an explicit accepted-risk/deferred/cancelled disposition consistent with the Story contract.
2. The final gate `POST-SUBTASK-012` completes and proves the Story end-to-end requirement; closing implementation children alone is insufficient.
3. All direct and inherited requirement/control/ADR/risk/gap mappings resolve through the governance context index without missing or invalid identifiers.
4. The Story evidence manifest pins child artifact, source/data/code/config/runtime, split/cutoff, and target-host identities where applicable and preserves failures/null results.
5. Canonical/derived Jira views, live operational fields when connected, dependency links, queues, and downstream states are synchronized and pass strict validation.

Required Tests / Validation
- EXISTING_AUTOMATED_TEST / EXISTING_AUTOMATED_TEST: tests/test_w23_operations.py — Run and retain the result when this issue touches the covered contract.
- EXISTING_AUTOMATED_TEST / EXISTING_AUTOMATED_TEST: tools/validate_w23_operations.py — Run and retain the result when this issue touches the covered contract.
- END_TO_END / END_TO_END: POST-SUBTASK-012 — The final child gate `POST-SUBTASK-012` must prove the integrated Story outcome and downstream-consumable output.
- REPRODUCIBILITY / REPRODUCIBILITY: STORY_EVIDENCE_MANIFEST — Aggregate child artifact hashes, input identities, gate decision, failures, and downstream readiness into a reproducible Story evidence manifest.

Required Evidence
- Verified child completion/evidence manifests for POST-SUBTASK-010, POST-SUBTASK-011, POST-SUBTASK-012.
- Final gate decision from `POST-SUBTASK-012` with criterion-by-criterion PASS/FAIL/BLOCKED outcomes and output hashes.
- Story-level downstream-consumption evidence and an explicit list of issues unlocked, retained blocked, rejected, or deferred.

End-to-End Validation
Autonomous work respects measured CPU/RAM/disk/concurrency limits and fails safely without corrupting state or weakening evaluation.

Stop Conditions
- Stop if entry dependencies are not complete at required maturity or if the gate cannot evaluate the combined outputs.

Source References
- SRCREF-01994
- SRCREF-01995
- SRCREF-01996
- SRCREF-01997
- SRCREF-01998
- SRCREF-01999
- SRCREF-02000
- SRCREF-02001
- SRCREF-02002
- SRCREF-02003
- SRCREF-02004
- SRCREF-02005
- SRCREF-02006
- SRCREF-01887
- SRCREF-01563

Governance Traceability Gate: POST-SUBTASK-009

Canonical Record: jira/records/issues/stories/POST-STORY-004_evidence_backed_resource_concurrency_and_degradation_envelope.json",To Do,Highest,actionable;core-release;environment;post-wave;story;local-id-post-story-004,operations-security,POST-STORY-004,GAP-001;HANDOFF-001,PHASE-4,BACKLOG,INTEGRATED,PLANNED,POST_W25,false,SHARED_CONTRACT,AGGREGATE_GATE
Story,BAT-55,100055,[POST-STORY-005] Reconcile the final source universe and authority decisions,100035,"Local ID: POST-STORY-005

Objective
Turn W06/W24 research into a current source-by-source production decision register.

Why This Exists
This coherent capability closes a defined portion of Source access, rights, credentials, and acquisition governance and creates a verifiable output for the next dependency stage.

Scope
Deliver Story POST-STORY-005 (Reconcile the final source universe and authority decisions) as one coherent, gated capability inside Epic POST-EPIC-002. Execute child subtasks POST-SUBTASK-013, POST-SUBTASK-014, POST-SUBTASK-015 in dependency order, reconcile their pinned outputs, and require the final gate `POST-SUBTASK-015` to issue an evidence-backed approve/block/reject/defer decision before any downstream use.

Explicit In Scope
- Complete and verify child `POST-SUBTASK-013` — Reconcile W06 source inventory with W24 refresh and current handoff gaps.
- Complete and verify child `POST-SUBTASK-014` — Freeze source priority, fallback, and required-versus-optional classifications.
- Complete and verify child `POST-SUBTASK-015` — Validate source inventory completeness and unresolved decision coverage.
- Integrate the child outputs and execute final gate `POST-SUBTASK-015`.
- Preserve exact source/data/code/config/runtime identities, failures, unresolved blockers, and downstream-consumption evidence.

Explicit Out of Scope
- Work assigned to sibling Stories or another Epic.
- Closing the Story because implementation files exist while the final gate or downstream-consumption proof is incomplete.
- Weakening protected requirements, PIT/source-policy/security controls, accepted ADRs, or evidence thresholds to obtain a passing gate.

Prerequisites / Dependencies


Acceptance Criteria
1. Every prioritized source has a stable source ID, domain, upstream relationship, access method, historical depth, and PIT feasibility.
2. SportsDataverse/CFBD upstream relationships are represented without false independent-corroboration claims.
3. Superseded or unavailable sources retain explicit dispositions.
4. Each production domain has a primary lane and evidence-backed fallback or an explicit unavailable state.
5. Optional proprietary enrichment is not made mandatory for v1.
6. Priority decisions preserve local-first cost and technical/quality constraints; rights metadata is nonblocking for private use.
7. All source IDs referenced by adapters, registries, and acquisition plans resolve to the production inventory.
8. Every unresolved technical or quality decision has a Jira action or scoped quarantine.
9. No required domain is silently marked complete when only reconnaissance samples exist.

Definition of Done
1. All child subtasks POST-SUBTASK-013, POST-SUBTASK-014, POST-SUBTASK-015 have verified evidence or an explicit accepted-risk/deferred/cancelled disposition consistent with the Story contract.
2. The final gate `POST-SUBTASK-015` completes and proves the Story end-to-end requirement; closing implementation children alone is insufficient.
3. All direct and inherited requirement/control/ADR/risk/gap mappings resolve through the governance context index without missing or invalid identifiers.
4. The Story evidence manifest pins child artifact, source/data/code/config/runtime, split/cutoff, and target-host identities where applicable and preserves failures/null results.
5. Canonical/derived Jira views, live operational fields when connected, dependency links, queues, and downstream states are synchronized and pass strict validation.

Required Tests / Validation
- EXISTING_AUTOMATED_TEST / EXISTING_AUTOMATED_TEST: tests/test_data_research.py — Run and retain the result when this issue touches the covered contract.
- EXISTING_AUTOMATED_TEST / EXISTING_AUTOMATED_TEST: tools/validate_data_research.py — Run and retain the result when this issue touches the covered contract.
- END_TO_END / END_TO_END: POST-SUBTASK-015 — The final child gate `POST-SUBTASK-015` must prove the integrated Story outcome and downstream-consumable output.
- REPRODUCIBILITY / REPRODUCIBILITY: STORY_EVIDENCE_MANIFEST — Aggregate child artifact hashes, input identities, gate decision, failures, and downstream readiness into a reproducible Story evidence manifest.

Required Evidence
- Verified child completion/evidence manifests for POST-SUBTASK-013, POST-SUBTASK-014, POST-SUBTASK-015.
- Final gate decision from `POST-SUBTASK-015` with criterion-by-criterion PASS/FAIL/BLOCKED outcomes and output hashes.
- Story-level downstream-consumption evidence and an explicit list of issues unlocked, retained blocked, rejected, or deferred.

End-to-End Validation
Exercise the complete Reconcile the final source universe and authority decisions path through `POST-SUBTASK-015` and verify downstream use of pinned outputs.

Stop Conditions
- Stop if entry dependencies are not complete at required maturity or if the gate cannot evaluate the combined outputs.

Source References
- SRCREF-02007
- SRCREF-02008
- SRCREF-02009
- SRCREF-02010
- SRCREF-02011
- SRCREF-02012
- SRCREF-02001
- SRCREF-02002
- SRCREF-02003
- SRCREF-02004
- SRCREF-02005
- SRCREF-02006
- SRCREF-01888
- SRCREF-01898
- SRCREF-01572

Governance Traceability Gate: POST-SUBTASK-024

Canonical Record: jira/records/issues/stories/POST-STORY-005_reconcile_the_final_source_universe_and_authority_decisions.json",To Do,Highest,actionable;core-release;post-wave;sources;story;local-id-post-story-005,data-sources,POST-STORY-005,GAP-010;HANDOFF-002;HANDOFF-012,PHASE-1,BACKLOG,INTEGRATED,PLANNED,POST_W25,true,SHARED_CONTRACT,AGGREGATE_GATE
Story,BAT-56,100056,[POST-STORY-006] Universal private-research acquisition and future-publication boundary,100035,"Local ID: POST-STORY-006

Objective
Apply the owner-authorized private-research policy universally while preserving license/terms/redistribution metadata and independently denying raw third-party publication.

Why This Exists
This coherent capability closes a defined portion of Source access, rights, credentials, and acquisition governance and creates a verifiable output for the next dependency stage.

Scope
Deliver Story POST-STORY-006 (Universal private-research acquisition and future-publication boundary) as one coherent, gated capability inside Epic POST-EPIC-002. Execute child subtasks POST-SUBTASK-016, POST-SUBTASK-017, POST-SUBTASK-018 in dependency order, reconcile their pinned outputs, and require the final gate `POST-SUBTASK-018` to issue an evidence-backed approve/block/reject/defer decision before any downstream use.

Explicit In Scope
- Complete and verify child `POST-SUBTASK-016` — Reissue CFBD, SportsDataverse, Open-Meteo, and official A&M/SEC/NCAA decisions under private-research policy.
- Complete and verify child `POST-SUBTASK-017` — Reissue recruiting, transfer, market, resources, gamebook, and officiating decisions under private-research policy.
- Complete and verify child `POST-SUBTASK-018` — Publish the private-research source-use matrix and block raw third-party publication.
- Integrate the child outputs and execute final gate `POST-SUBTASK-018`.
- Preserve exact source/data/code/config/runtime identities, failures, unresolved blockers, and downstream-consumption evidence.

Explicit Out of Scope
- Work assigned to sibling Stories or another Epic.
- Closing the Story because implementation files exist while the final gate or downstream-consumption proof is incomplete.
- Weakening protected requirements, PIT/source-policy/security controls, accepted ADRs, or evidence thresholds to obtain a passing gate.

Prerequisites / Dependencies
- Hard dependency POST-SUBTASK-015
- POST-SUBTASK-015

Acceptance Criteria
1. Each decision records source URL/version, review date, local storage, local training, publication boundary, retention, and attribution metadata.
2. Ambiguous license, terms, scraping, redistribution, and upstream-authorization fields are explicitly nonblocking for private acquisition/training.
3. Bulk raw data remains local outside Git and is not published.
4. Every supplemental source is acquisition-eligible for private research; technical readiness and domain quality remain independent.
5. Genuinely private resources needing unsupplied credentials remain technically unavailable and public substitutes are sought.
6. Raw third-party publication is denied by project policy.
7. The registry is machine-readable and contains no credentials.
8. All registered sources and caller-declared public sources admit private acquisition and local training without a rights prerequisite.
9. Raw third-party export remains independently denied and validity/safety gates remain scoped.

Definition of Done
1. All child subtasks POST-SUBTASK-016, POST-SUBTASK-017, POST-SUBTASK-018 have verified evidence or an explicit accepted-risk/deferred/cancelled disposition consistent with the Story contract.
2. The final gate `POST-SUBTASK-018` completes and proves the Story end-to-end requirement; closing implementation children alone is insufficient.
3. All direct and inherited requirement/control/ADR/risk/gap mappings resolve through the governance context index without missing or invalid identifiers.
4. The Story evidence manifest pins child artifact, source/data/code/config/runtime, split/cutoff, and target-host identities where applicable and preserves failures/null results.
5. Canonical/derived Jira views, live operational fields when connected, dependency links, queues, and downstream states are synchronized and pass strict validation.

Required Tests / Validation
- EXISTING_AUTOMATED_TEST / EXISTING_AUTOMATED_TEST: tests/test_data_research.py — Run and retain the result when this issue touches the covered contract.
- EXISTING_AUTOMATED_TEST / EXISTING_AUTOMATED_TEST: tools/validate_data_research.py — Run and retain the result when this issue touches the covered contract.
- END_TO_END / END_TO_END: POST-SUBTASK-018 — The final child gate `POST-SUBTASK-018` must prove the integrated Story outcome and downstream-consumable output.
- REPRODUCIBILITY / REPRODUCIBILITY: STORY_EVIDENCE_MANIFEST — Aggregate child artifact hashes, input identities, gate decision, failures, and downstream readiness into a reproducible Story evidence manifest.

Required Evidence
- Verified child completion/evidence manifests for POST-SUBTASK-016, POST-SUBTASK-017, POST-SUBTASK-018.
- Final gate decision from `POST-SUBTASK-018` with criterion-by-criterion PASS/FAIL/BLOCKED outcomes and output hashes.
- Story-level downstream-consumption evidence and an explicit list of issues unlocked, retained blocked, rejected, or deferred.

End-to-End Validation
Private local acquisition and training succeed independently of rights ambiguity, raw third-party publication remains denied, and actual technical/quality/PIT/safety failures affect only their exact scope.

Stop Conditions
- Stop if entry dependencies are not complete at required maturity or if the gate cannot evaluate the combined outputs.

Source References
- SRCREF-02007
- SRCREF-02008
- SRCREF-02009
- SRCREF-02010
- SRCREF-02011
- SRCREF-02012
- SRCREF-02001
- SRCREF-02002
- SRCREF-02003
- SRCREF-02004
- SRCREF-02005
- SRCREF-02006
- SRCREF-01888
- SRCREF-01898
- SRCREF-01572

Governance Traceability Gate: POST-SUBTASK-024

Canonical Record: jira/records/issues/stories/POST-STORY-006_per_source_license_terms_and_redistribution_decisions.json",To Do,Highest,actionable;core-release;post-wave;sources;story;local-id-post-story-006,data-sources,POST-STORY-006,GAP-010;HANDOFF-002;HANDOFF-012,PHASE-1,BACKLOG,INTEGRATED,PLANNED,POST_W25,true,SHARED_CONTRACT,AGGREGATE_GATE
Story,BAT-57,100057,[POST-STORY-007] Credential configuration and access smoke tests,100035,"Local ID: POST-STORY-007

Objective
Configure source access outside the repository and prove each selected lane can be called safely.

Why This Exists
This coherent capability closes a defined portion of Source access, rights, credentials, and acquisition governance and creates a verifiable output for the next dependency stage.

Scope
Deliver Story POST-STORY-007 (Credential configuration and access smoke tests) as one coherent, gated capability inside Epic POST-EPIC-002. Execute child subtasks POST-SUBTASK-019, POST-SUBTASK-020, POST-SUBTASK-021 in dependency order, reconcile their pinned outputs, and require the final gate `POST-SUBTASK-021` to issue an evidence-backed approve/block/reject/defer decision before any downstream use.

Explicit In Scope
- Complete and verify child `POST-SUBTASK-019` — Define credential names, scopes, owners, rotation, and non-repository storage contract.
- Complete and verify child `POST-SUBTASK-020` — Run authenticated and no-key source access smoke tests with rate-limit capture.
- Complete and verify child `POST-SUBTASK-021` — Validate access readiness and generate source-specific unblock conditions.
- Integrate the child outputs and execute final gate `POST-SUBTASK-021`.
- Preserve exact source/data/code/config/runtime identities, failures, unresolved blockers, and downstream-consumption evidence.

Explicit Out of Scope
- Work assigned to sibling Stories or another Epic.
- Closing the Story because implementation files exist while the final gate or downstream-consumption proof is incomplete.
- Weakening protected requirements, PIT/source-policy/security controls, accepted ADRs, or evidence thresholds to obtain a passing gate.

Prerequisites / Dependencies
- Hard dependency POST-SUBTASK-015
- POST-SUBTASK-015

Acceptance Criteria
1. Credential variables are source-scoped and least-privilege where the provider supports scopes.
2. Rotation/revocation ownership and expiry handling are documented.
3. No credential value appears in Git-tracked files or evidence.
4. Each selected source preserves a minimally sufficient technical response or a precise pending technical action.
5. HTTP status, API version, rate-limit metadata, response schema hash, and retrieval time are recorded when observed.
6. Smoke tests do not expose secrets or fabricate unobserved results.
7. Every source is READY, TECHNICAL_VALIDATION_PENDING, TECHNICAL_CREDENTIAL_UNAVAILABLE, or quality-quarantined with a concrete reason.
8. Downstream materialization tasks consume this readiness file.
9. No source is blocked by licensing, redistribution, scraping, terms, provider preference, or upstream-authorization uncertainty.

Definition of Done
1. All child subtasks POST-SUBTASK-019, POST-SUBTASK-020, POST-SUBTASK-021 have verified evidence or an explicit accepted-risk/deferred/cancelled disposition consistent with the Story contract.
2. The final gate `POST-SUBTASK-021` completes and proves the Story end-to-end requirement; closing implementation children alone is insufficient.
3. All direct and inherited requirement/control/ADR/risk/gap mappings resolve through the governance context index without missing or invalid identifiers.
4. The Story evidence manifest pins child artifact, source/data/code/config/runtime, split/cutoff, and target-host identities where applicable and preserves failures/null results.
5. Canonical/derived Jira views, live operational fields when connected, dependency links, queues, and downstream states are synchronized and pass strict validation.

Required Tests / Validation
- EXISTING_AUTOMATED_TEST / EXISTING_AUTOMATED_TEST: tests/test_data_research.py — Run and retain the result when this issue touches the covered contract.
- EXISTING_AUTOMATED_TEST / EXISTING_AUTOMATED_TEST: tools/validate_data_research.py — Run and retain the result when this issue touches the covered contract.
- END_TO_END / END_TO_END: POST-SUBTASK-021 — The final child gate `POST-SUBTASK-021` must prove the integrated Story outcome and downstream-consumable output.
- REPRODUCIBILITY / REPRODUCIBILITY: STORY_EVIDENCE_MANIFEST — Aggregate child artifact hashes, input identities, gate decision, failures, and downstream readiness into a reproducible Story evidence manifest.

Required Evidence
- Verified child completion/evidence manifests for POST-SUBTASK-019, POST-SUBTASK-020, POST-SUBTASK-021.
- Final gate decision from `POST-SUBTASK-021` with criterion-by-criterion PASS/FAIL/BLOCKED outcomes and output hashes.
- Story-level downstream-consumption evidence and an explicit list of issues unlocked, retained blocked, rejected, or deferred.

End-to-End Validation
Exercise the complete Credential configuration and access smoke tests path through `POST-SUBTASK-021` and verify downstream use of pinned outputs.

Stop Conditions
- Stop if entry dependencies are not complete at required maturity or if the gate cannot evaluate the combined outputs.

Source References
- SRCREF-02007
- SRCREF-02008
- SRCREF-02009
- SRCREF-02010
- SRCREF-02011
- SRCREF-02012
- SRCREF-02001
- SRCREF-02002
- SRCREF-02003
- SRCREF-02004
- SRCREF-02005
- SRCREF-02006
- SRCREF-01888
- SRCREF-01898
- SRCREF-01572
- SRCREF-01903
- SRCREF-01904

Governance Traceability Gate: POST-SUBTASK-024

Canonical Record: jira/records/issues/stories/POST-STORY-007_credential_configuration_and_access_smoke_tests.json",To Do,Highest,actionable;core-release;post-wave;sources;story;local-id-post-story-007,data-sources,POST-STORY-007,GAP-010;HANDOFF-002;HANDOFF-012;ISSUE-003;ISSUE-004,PHASE-1,BACKLOG,INTEGRATED,PLANNED,POST_W25,true,SHARED_CONTRACT,AGGREGATE_GATE
Story,BAT-58,100058,"[POST-STORY-008] Production acquisition contracts, rate limits, fallbacks, and drift hooks",100035,"Local ID: POST-STORY-008

Objective
Turn selected source lanes into deterministic acquisition specifications suitable for immutable historical materialization.

Why This Exists
This coherent capability closes a defined portion of Source access, rights, credentials, and acquisition governance and creates a verifiable output for the next dependency stage.

Scope
Deliver Story POST-STORY-008 (Production acquisition contracts, rate limits, fallbacks, and drift hooks) as one coherent, gated capability inside Epic POST-EPIC-002. Execute child subtasks POST-SUBTASK-022, POST-SUBTASK-023, POST-SUBTASK-024 in dependency order, reconcile their pinned outputs, and require the final gate `POST-SUBTASK-024` to issue an evidence-backed approve/block/reject/defer decision before any downstream use.

Explicit In Scope
- Complete and verify child `POST-SUBTASK-022` — Create source-specific endpoint, parameter, pagination, season, and version acquisition specifications.
- Complete and verify child `POST-SUBTASK-023` — Implement compliant retries, caching, rate-limit handling, and fallback activation.
- Complete and verify child `POST-SUBTASK-024` — Establish source API/schema/terms drift baselines and monitoring inputs.
- Integrate the child outputs and execute final gate `POST-SUBTASK-024`.
- Preserve exact source/data/code/config/runtime identities, failures, unresolved blockers, and downstream-consumption evidence.

Explicit Out of Scope
- Work assigned to sibling Stories or another Epic.
- Closing the Story because implementation files exist while the final gate or downstream-consumption proof is incomplete.
- Weakening protected requirements, PIT/source-policy/security controls, accepted ADRs, or evidence thresholds to obtain a passing gate.

Prerequisites / Dependencies
- Hard dependency POST-SUBTASK-018
- Hard dependency POST-SUBTASK-021
- POST-SUBTASK-018
- POST-SUBTASK-021

Acceptance Criteria
1. Each source specification declares endpoint/version, allowed seasons, required parameters, pagination, cutoff semantics, and raw content type.
2. The specification records upstream lineage and avoids duplicate independent-source claims.
3. Unknown historical coverage remains explicit rather than backfilled by assumption.
4. Retries honor provider rate limits and bounded backoff.
5. Cached raw responses remain immutable and are keyed by request/source identity.
6. Fallbacks activate only under documented conditions and preserve source provenance.
7. Baseline captures endpoint/version, schema hash, terms metadata, expected freshness, and upstream dependencies.
8. A changed contract cannot silently overwrite the prior baseline.
9. Detected technical/schema/quality drift quarantines only the affected scope before downstream training; terms drift is metadata-only for private use.

Definition of Done
1. All child subtasks POST-SUBTASK-022, POST-SUBTASK-023, POST-SUBTASK-024 have verified evidence or an explicit accepted-risk/deferred/cancelled disposition consistent with the Story contract.
2. The final gate `POST-SUBTASK-024` completes and proves the Story end-to-end requirement; closing implementation children alone is insufficient.
3. All direct and inherited requirement/control/ADR/risk/gap mappings resolve through the governance context index without missing or invalid identifiers.
4. The Story evidence manifest pins child artifact, source/data/code/config/runtime, split/cutoff, and target-host identities where applicable and preserves failures/null results.
5. Canonical/derived Jira views, live operational fields when connected, dependency links, queues, and downstream states are synchronized and pass strict validation.

Required Tests / Validation
- EXISTING_AUTOMATED_TEST / EXISTING_AUTOMATED_TEST: tests/test_data_research.py — Run and retain the result when this issue touches the covered contract.
- EXISTING_AUTOMATED_TEST / EXISTING_AUTOMATED_TEST: tools/validate_data_research.py — Run and retain the result when this issue touches the covered contract.
- END_TO_END / END_TO_END: POST-SUBTASK-024 — The final child gate `POST-SUBTASK-024` must prove the integrated Story outcome and downstream-consumable output.
- REPRODUCIBILITY / REPRODUCIBILITY: STORY_EVIDENCE_MANIFEST — Aggregate child artifact hashes, input identities, gate decision, failures, and downstream readiness into a reproducible Story evidence manifest.

Required Evidence
- Verified child completion/evidence manifests for POST-SUBTASK-022, POST-SUBTASK-023, POST-SUBTASK-024.
- Final gate decision from `POST-SUBTASK-024` with criterion-by-criterion PASS/FAIL/BLOCKED outcomes and output hashes.
- Story-level downstream-consumption evidence and an explicit list of issues unlocked, retained blocked, rejected, or deferred.

End-to-End Validation
Exercise the complete Production acquisition contracts, rate limits, fallbacks, and drift hooks path through `POST-SUBTASK-024` and verify downstream use of pinned outputs.

Stop Conditions
- Stop if entry dependencies are not complete at required maturity or if the gate cannot evaluate the combined outputs.

Source References
- SRCREF-02007
- SRCREF-02008
- SRCREF-02009
- SRCREF-02010
- SRCREF-02011
- SRCREF-02012
- SRCREF-02001
- SRCREF-02002
- SRCREF-02003
- SRCREF-02004
- SRCREF-02005
- SRCREF-02006
- SRCREF-01888
- SRCREF-01898
- SRCREF-01572
- SRCREF-01889

Governance Traceability Gate: POST-SUBTASK-024

Canonical Record: jira/records/issues/stories/POST-STORY-008_production_acquisition_contracts_rate_limits_fallbacks_and_drift_hooks.json",To Do,Highest,actionable;core-release;post-wave;sources;story;local-id-post-story-008,data-sources,POST-STORY-008,GAP-010;HANDOFF-002;HANDOFF-003;HANDOFF-012,PHASE-1,BACKLOG,INTEGRATED,PLANNED,POST_W25,false,SHARED_CONTRACT,AGGREGATE_GATE
Story,BAT-59,100059,[POST-STORY-009] Core national game spine,100036,"Local ID: POST-STORY-009

Objective
Materialize teams, conferences, venues, schedules, games, outcomes, drives, plays, and official game evidence.

Why This Exists
This coherent capability closes a defined portion of Immutable national historical data materialization and creates a verifiable output for the next dependency stage.

Scope
Deliver Story POST-STORY-009 (Core national game spine) as one coherent, gated capability inside Epic POST-EPIC-003. Execute child subtasks POST-SUBTASK-025, POST-SUBTASK-026, POST-SUBTASK-027 in dependency order, reconcile their pinned outputs, and require the final gate `POST-SUBTASK-027` to issue an evidence-backed approve/block/reject/defer decision before any downstream use.

Explicit In Scope
- Complete and verify child `POST-SUBTASK-025` — Acquire quality-supported national team, schedule, game, score, drive, play, box-score, and gamebook history.
- Complete and verify child `POST-SUBTASK-026` — Normalize and reconcile core/game-event records while preserving immutable source evidence.
- Complete and verify child `POST-SUBTASK-027` — Approve or block the population-level core-history coverage gate.
- Integrate the child outputs and execute final gate `POST-SUBTASK-027`.
- Preserve exact source/data/code/config/runtime identities, failures, unresolved blockers, and downstream-consumption evidence.

Explicit Out of Scope
- Work assigned to sibling Stories or another Epic.
- Closing the Story because implementation files exist while the final gate or downstream-consumption proof is incomplete.
- Weakening protected requirements, PIT/source-policy/security controls, accepted ADRs, or evidence thresholds to obtain a passing gate.

Prerequisites / Dependencies
- Hard dependency POST-SUBTASK-021
- Hard dependency POST-SUBTASK-018
- Hard dependency POST-SUBTASK-022
- Hard dependency POST-SUBTASK-006
- POST-SUBTASK-006
- POST-SUBTASK-018
- POST-SUBTASK-021
- POST-SUBTASK-022

Acceptance Criteria
1. Every configured season/source request records source identity, retrieval/known-at time, request identity, response hash, immutable path, pagination, and provider failure state.
2. The declared output `artifacts/data_lake/core_acquisition_manifest.json` is produced with deterministic identity, provenance, and validation metadata appropriate to this work.
3. The work does not fabricate source availability, empirical results, thresholds, model performance, operational readiness, or completion evidence.
4. Normalized games, scores, drives, plays, and box totals reconcile to canonical identities and official outcomes; every rejected/partial record is quarantined with reason.
5. The declared output `artifacts/data_lake/core_normalization_report.json` is produced with deterministic identity, provenance, and validation metadata appropriate to this work.
6. Coverage is measured by source, domain, season, team, and game; reconnaissance samples or fixtures cannot satisfy population readiness.
7. All prerequisite evidence is linked and unresolved blockers remain explicit; file creation alone cannot pass this gate.

Definition of Done
1. All child subtasks POST-SUBTASK-025, POST-SUBTASK-026, POST-SUBTASK-027 have verified evidence or an explicit accepted-risk/deferred/cancelled disposition consistent with the Story contract.
2. The final gate `POST-SUBTASK-027` completes and proves the Story end-to-end requirement; closing implementation children alone is insufficient.
3. All direct and inherited requirement/control/ADR/risk/gap mappings resolve through the governance context index without missing or invalid identifiers.
4. The Story evidence manifest pins child artifact, source/data/code/config/runtime, split/cutoff, and target-host identities where applicable and preserves failures/null results.
5. Canonical/derived Jira views, live operational fields when connected, dependency links, queues, and downstream states are synchronized and pass strict validation.

Required Tests / Validation
- EXISTING_AUTOMATED_TEST / EXISTING_AUTOMATED_TEST: tests/test_w19_foundation.py — Run and retain the result when this issue touches the covered contract.
- EXISTING_AUTOMATED_TEST / EXISTING_AUTOMATED_TEST: tools/validate_w19_foundation.py — Run and retain the result when this issue touches the covered contract.
- END_TO_END / END_TO_END: POST-SUBTASK-027 — The final child gate `POST-SUBTASK-027` must prove the integrated Story outcome and downstream-consumable output.
- REPRODUCIBILITY / REPRODUCIBILITY: STORY_EVIDENCE_MANIFEST — Aggregate child artifact hashes, input identities, gate decision, failures, and downstream readiness into a reproducible Story evidence manifest.

Required Evidence
- Verified child completion/evidence manifests for POST-SUBTASK-025, POST-SUBTASK-026, POST-SUBTASK-027.
- Final gate decision from `POST-SUBTASK-027` with criterion-by-criterion PASS/FAIL/BLOCKED outcomes and output hashes.
- Story-level downstream-consumption evidence and an explicit list of issues unlocked, retained blocked, rejected, or deferred.

End-to-End Validation
A clean acquisition run produces immutable national game history, deterministic normalized evidence, and an honest coverage decision.

Stop Conditions
- Stop if entry dependencies are not complete at required maturity or if the gate cannot evaluate the combined outputs.

Source References
- SRCREF-02013
- SRCREF-02014
- SRCREF-02015
- SRCREF-02016
- SRCREF-02017
- SRCREF-02018
- SRCREF-02001
- SRCREF-02002
- SRCREF-02003
- SRCREF-02004
- SRCREF-02005
- SRCREF-02006
- SRCREF-01889
- SRCREF-01564

Governance Traceability Gate: POST-SUBTASK-033

Canonical Record: jira/records/issues/stories/POST-STORY-009_core_national_game_spine.json",To Do,Highest,actionable;core-release;post-wave;raw-data;story;local-id-post-story-009,raw-snapshots,POST-STORY-009,GAP-002;HANDOFF-003,PHASE-1,BACKLOG,INTEGRATED,PLANNED,POST_W25,true,SHARED_CONTRACT,AGGREGATE_GATE
Story,BAT-60,100060,[POST-STORY-010] Historical expansion across core and supporting domains,100036,"Local ID: POST-STORY-010

Objective
Expand the validated contemporary tranche to the maximum quality-supported national history, targeting approximately 2010-2025 and earlier seasons while preserving tiered domain eligibility.

Why This Exists
This coherent capability closes a defined portion of Immutable national historical data materialization and creates a verifiable output for the next dependency stage.

Scope
Deliver Story POST-STORY-010 (Historical expansion across core and supporting domains) as one coherent, gated capability inside Epic POST-EPIC-003. Execute child subtasks POST-SUBTASK-028, POST-SUBTASK-029, POST-SUBTASK-030 in dependency order, reconcile their pinned outputs, and require the final gate `POST-SUBTASK-030` to issue an evidence-backed approve/block/reject/defer decision before any downstream use.

Explicit In Scope
- Complete and verify child `POST-SUBTASK-028` — Expand immutable national core and supporting-domain history to the maximum quality-supported seasons.
- Complete and verify child `POST-SUBTASK-029` — Profile supporting-domain schema, historical coverage, timestamp quality, upstream lineage, and nonblocking source-policy metadata.
- Complete and verify child `POST-SUBTASK-030` — Gate domain-by-domain production, experimental, conditional, rejected, or unavailable eligibility.
- Integrate the child outputs and execute final gate `POST-SUBTASK-030`.
- Preserve exact source/data/code/config/runtime identities, failures, unresolved blockers, and downstream-consumption evidence.

Explicit Out of Scope
- Work assigned to sibling Stories or another Epic.
- Closing the Story because implementation files exist while the final gate or downstream-consumption proof is incomplete.
- Weakening protected requirements, PIT/source-policy/security controls, accepted ADRs, or evidence thresholds to obtain a passing gate.

Prerequisites / Dependencies
- Hard dependency POST-SUBTASK-027
- POST-SUBTASK-027

Acceptance Criteria
1. Preserve 2022-2025 as a bounded nonterminal tranche; target approximately 2010-2025 and earlier quality-supported seasons across teams, schedules, games, outcomes, drives, plays, team/player box scores, rosters, rankings, venues, advanced statistics, structured gamebook equivalents, and useful context. Record source/endpoint, season/type, team/game, domain/grain, schema/version, immutable identity, missingness, provider failures, and historical known-at/PIT state without discarding a useful season because another domain is incomplete.
2. The declared output `artifacts/data_lake/historical_expansion_acquisition_manifest.json` is produced with deterministic identity, provenance, and validation metadata appropriate to this work.
3. The work does not fabricate source availability, empirical results, thresholds, model performance, operational readiness, or completion evidence.
4. Coverage and timestamp quality are measured by season/team/source/domain, with A&M detail reported separately and upstream-equivalent feeds not miscounted as independent corroboration.
5. The declared output `artifacts/data_lake/context_population_profile.json` is produced with deterministic identity, provenance, and validation metadata appropriate to this work.
6. Closing market, realized weather, final participation, restricted, thin, or unsupported domains cannot enter earlier production cutoffs or block the core v1 without explicit evidence.
7. All prerequisite evidence is linked and unresolved blockers remain explicit; file creation alone cannot pass this gate.

Definition of Done
1. All child subtasks POST-SUBTASK-028, POST-SUBTASK-029, POST-SUBTASK-030 have verified evidence or an explicit accepted-risk/deferred/cancelled disposition consistent with the Story contract.
2. The final gate `POST-SUBTASK-030` completes and proves the Story end-to-end requirement; closing implementation children alone is insufficient.
3. All direct and inherited requirement/control/ADR/risk/gap mappings resolve through the governance context index without missing or invalid identifiers.
4. The Story evidence manifest pins child artifact, source/data/code/config/runtime, split/cutoff, and target-host identities where applicable and preserves failures/null results.
5. Canonical/derived Jira views, live operational fields when connected, dependency links, queues, and downstream states are synchronized and pass strict validation.

Required Tests / Validation
- EXISTING_AUTOMATED_TEST / EXISTING_AUTOMATED_TEST: tests/test_w19_foundation.py — Run and retain the result when this issue touches the covered contract.
- EXISTING_AUTOMATED_TEST / EXISTING_AUTOMATED_TEST: tools/validate_w19_foundation.py — Run and retain the result when this issue touches the covered contract.
- END_TO_END / END_TO_END: POST-SUBTASK-030 — The final child gate `POST-SUBTASK-030` must prove the integrated Story outcome and downstream-consumable output.
- REPRODUCIBILITY / REPRODUCIBILITY: STORY_EVIDENCE_MANIFEST — Aggregate child artifact hashes, input identities, gate decision, failures, and downstream readiness into a reproducible Story evidence manifest.

Required Evidence
- Verified child completion/evidence manifests for POST-SUBTASK-028, POST-SUBTASK-029, POST-SUBTASK-030.
- Final gate decision from `POST-SUBTASK-030` with criterion-by-criterion PASS/FAIL/BLOCKED outcomes and output hashes.
- Story-level downstream-consumption evidence and an explicit list of issues unlocked, retained blocked, rejected, or deferred.

End-to-End Validation
The expanded manifest is deterministic and consumable by the profiling step, preserves partial seasons and missing domains, and never treats rights metadata or the 2022-2025 tranche as a terminal-history gate.

Stop Conditions
- Stop if entry dependencies are not complete at required maturity or if the gate cannot evaluate the combined outputs.

Source References
- SRCREF-02013
- SRCREF-02014
- SRCREF-02015
- SRCREF-02016
- SRCREF-02017
- SRCREF-02018
- SRCREF-02001
- SRCREF-02002
- SRCREF-02003
- SRCREF-02004
- SRCREF-02005
- SRCREF-02006
- SRCREF-01889
- SRCREF-01564
- SRCREF-01894
- SRCREF-01568
- SRCREF-01572
- SRCREF-01573

Governance Traceability Gate: POST-SUBTASK-033

Canonical Record: jira/records/issues/stories/POST-STORY-010_player_roster_recruiting_market_weather_and_contextual_raw_domains.json",To Do,Highest,actionable;core-release;post-wave;raw-data;story;historical-expansion;local-id-post-story-010,raw-snapshots,POST-STORY-010,GAP-002;GAP-006;GAP-010;GAP-011;HANDOFF-003;HANDOFF-008,PHASE-1,BACKLOG,INTEGRATED,PLANNED,POST_W25,true,SHARED_CONTRACT,AGGREGATE_GATE
Story,BAT-61,100061,"[POST-STORY-011] Immutable raw store, manifests, provenance, and population audit",100036,"Local ID: POST-STORY-011

Objective
Prove that every accepted raw domain is immutable, reproducible, source-policy-metadata-aware, and reconstructable.

Why This Exists
This coherent capability closes a defined portion of Immutable national historical data materialization and creates a verifiable output for the next dependency stage.

Scope
Deliver Story POST-STORY-011 (Immutable raw store, manifests, provenance, and population audit) as one coherent, gated capability inside Epic POST-EPIC-003. Execute child subtasks POST-SUBTASK-031, POST-SUBTASK-032, POST-SUBTASK-033 in dependency order, reconcile their pinned outputs, and require the final gate `POST-SUBTASK-033` to issue an evidence-backed approve/block/reject/defer decision before any downstream use.

Explicit In Scope
- Complete and verify child `POST-SUBTASK-031` — Enforce content-addressed raw snapshots, correction lineage, quarantine, and source-policy storage metadata.
- Complete and verify child `POST-SUBTASK-032` — Build the cross-domain acquisition, schema, quality, and source-to-snapshot provenance manifests.
- Complete and verify child `POST-SUBTASK-033` — Run and publish the national historical-lake readiness decision.
- Integrate the child outputs and execute final gate `POST-SUBTASK-033`.
- Preserve exact source/data/code/config/runtime identities, failures, unresolved blockers, and downstream-consumption evidence.

Explicit Out of Scope
- Work assigned to sibling Stories or another Epic.
- Closing the Story because implementation files exist while the final gate or downstream-consumption proof is incomplete.
- Weakening protected requirements, PIT/source-policy/security controls, accepted ADRs, or evidence thresholds to obtain a passing gate.

Prerequisites / Dependencies
- Hard dependency POST-SUBTASK-027
- Hard dependency POST-SUBTASK-030
- POST-SUBTASK-027
- POST-SUBTASK-030

Acceptance Criteria
1. Repeated identical bytes resolve to the same content identity while changed/corrected bytes create a new immutable version without rewriting prior evidence.
2. The declared output `artifacts/data_lake/immutability_and_correction_test.json` is produced with deterministic identity, provenance, and validation metadata appropriate to this work.
3. The work does not fabricate source availability, empirical results, thresholds, model performance, operational readiness, or completion evidence.
4. The master manifest links every accepted snapshot to source contract, request, hash, parser/schema version, coverage, quality, and nonblocking source-policy metadata and reproduces population counts.
5. The declared output `artifacts/data_lake/NATIONAL_DATA_LAKE_MANIFEST.json` is produced with deterministic identity, provenance, and validation metadata appropriate to this work.
6. GAP-002 remains open unless actual national history—not fixtures, reconnaissance samples, or starter code—meets immutable, manifest, readback, and coverage requirements.
7. All prerequisite evidence is linked and unresolved blockers remain explicit; file creation alone cannot pass this gate.

Definition of Done
1. All child subtasks POST-SUBTASK-031, POST-SUBTASK-032, POST-SUBTASK-033 have verified evidence or an explicit accepted-risk/deferred/cancelled disposition consistent with the Story contract.
2. The final gate `POST-SUBTASK-033` completes and proves the Story end-to-end requirement; closing implementation children alone is insufficient.
3. All direct and inherited requirement/control/ADR/risk/gap mappings resolve through the governance context index without missing or invalid identifiers.
4. The Story evidence manifest pins child artifact, source/data/code/config/runtime, split/cutoff, and target-host identities where applicable and preserves failures/null results.
5. Canonical/derived Jira views, live operational fields when connected, dependency links, queues, and downstream states are synchronized and pass strict validation.

Required Tests / Validation
- EXISTING_AUTOMATED_TEST / EXISTING_AUTOMATED_TEST: tests/test_w19_foundation.py — Run and retain the result when this issue touches the covered contract.
- EXISTING_AUTOMATED_TEST / EXISTING_AUTOMATED_TEST: tools/validate_w19_foundation.py — Run and retain the result when this issue touches the covered contract.
- END_TO_END / END_TO_END: POST-SUBTASK-033 — The final child gate `POST-SUBTASK-033` must prove the integrated Story outcome and downstream-consumable output.
- REPRODUCIBILITY / REPRODUCIBILITY: STORY_EVIDENCE_MANIFEST — Aggregate child artifact hashes, input identities, gate decision, failures, and downstream readiness into a reproducible Story evidence manifest.

Required Evidence
- Verified child completion/evidence manifests for POST-SUBTASK-031, POST-SUBTASK-032, POST-SUBTASK-033.
- Final gate decision from `POST-SUBTASK-033` with criterion-by-criterion PASS/FAIL/BLOCKED outcomes and output hashes.
- Story-level downstream-consumption evidence and an explicit list of issues unlocked, retained blocked, rejected, or deferred.

End-to-End Validation
Pinned manifests reconstruct the accepted raw lake from immutable bytes while preserving every missing season, unavailable domain, correction, and technical or quality blocker.

Stop Conditions
- Stop if entry dependencies are not complete at required maturity or if the gate cannot evaluate the combined outputs.

Source References
- SRCREF-02013
- SRCREF-02014
- SRCREF-02015
- SRCREF-02016
- SRCREF-02017
- SRCREF-02018
- SRCREF-02001
- SRCREF-02002
- SRCREF-02003
- SRCREF-02004
- SRCREF-02005
- SRCREF-02006
- SRCREF-01889
- SRCREF-01564

Governance Traceability Gate: POST-SUBTASK-033

Canonical Record: jira/records/issues/stories/POST-STORY-011_immutable_raw_store_manifests_provenance_and_population_audit.json",To Do,Highest,actionable;core-release;post-wave;raw-data;story;historical-expansion;local-id-post-story-011,raw-snapshots,POST-STORY-011,GAP-002;HANDOFF-003,PHASE-1,BACKLOG,INTEGRATED,PLANNED,POST_W25,true,SHARED_CONTRACT,AGGREGATE_GATE
Story,BAT-62,100062,[POST-STORY-012] Population schema and missingness contracts,100037,"Local ID: POST-STORY-012

Objective
Replace sample assumptions with measured population schemas before canonical resolution.

Why This Exists
This coherent capability closes a defined portion of Population schema profiling and canonical entity resolution and creates a verifiable output for the next dependency stage.

Scope
Deliver Story POST-STORY-012 (Population schema and missingness contracts) as one coherent, gated capability inside Epic POST-EPIC-004. Execute child subtasks POST-SUBTASK-034, POST-SUBTASK-035, POST-SUBTASK-036 in dependency order, reconcile their pinned outputs, and require the final gate `POST-SUBTASK-036` to issue an evidence-backed approve/block/reject/defer decision before any downstream use.

Explicit In Scope
- Complete and verify child `POST-SUBTASK-034` — Profile every materialized table for rows, types, nulls, uniqueness, ranges, duplicates, timestamps, and partitions.
- Complete and verify child `POST-SUBTASK-035` — Reconcile measured fields with canonical contracts, compatibility policy, and quarantine/rejection decisions.
- Complete and verify child `POST-SUBTASK-036` — Approve or block schema and missingness readiness for entity resolution.
- Integrate the child outputs and execute final gate `POST-SUBTASK-036`.
- Preserve exact source/data/code/config/runtime identities, failures, unresolved blockers, and downstream-consumption evidence.

Explicit Out of Scope
- Work assigned to sibling Stories or another Epic.
- Closing the Story because implementation files exist while the final gate or downstream-consumption proof is incomplete.
- Weakening protected requirements, PIT/source-policy/security controls, accepted ADRs, or evidence thresholds to obtain a passing gate.

Prerequisites / Dependencies
- Hard dependency POST-SUBTASK-033
- POST-SUBTASK-033

Acceptance Criteria
1. Profiles are generated from pinned immutable snapshots by source/season/domain and reproduce exactly.
2. The declared output `artifacts/entities/population_schema_profile.json` is produced with deterministic identity, provenance, and validation metadata appropriate to this work.
3. The work does not fabricate source availability, empirical results, thresholds, model performance, operational readiness, or completion evidence.
4. Every measured field is accepted, transformed, quarantined, deprecated, or rejected with reason; protected temporal/evidence fields are not weakened to accommodate dirty data.
5. The declared output `artifacts/entities/schema_reconciliation.csv` is produced with deterministic identity, provenance, and validation metadata appropriate to this work.
6. All entity-bearing domains have measured key quality and a declared resolution strategy; unusable partitions remain enumerated rather than silently dropped.
7. All prerequisite evidence is linked and unresolved blockers remain explicit; file creation alone cannot pass this gate.

Definition of Done
1. All child subtasks POST-SUBTASK-034, POST-SUBTASK-035, POST-SUBTASK-036 have verified evidence or an explicit accepted-risk/deferred/cancelled disposition consistent with the Story contract.
2. The final gate `POST-SUBTASK-036` completes and proves the Story end-to-end requirement; closing implementation children alone is insufficient.
3. All direct and inherited requirement/control/ADR/risk/gap mappings resolve through the governance context index without missing or invalid identifiers.
4. The Story evidence manifest pins child artifact, source/data/code/config/runtime, split/cutoff, and target-host identities where applicable and preserves failures/null results.
5. Canonical/derived Jira views, live operational fields when connected, dependency links, queues, and downstream states are synchronized and pass strict validation.

Required Tests / Validation
- EXISTING_AUTOMATED_TEST / EXISTING_AUTOMATED_TEST: tests/test_entity_governance.py — Run and retain the result when this issue touches the covered contract.
- EXISTING_AUTOMATED_TEST / EXISTING_AUTOMATED_TEST: tests/test_w19_foundation.py — Run and retain the result when this issue touches the covered contract.
- END_TO_END / END_TO_END: POST-SUBTASK-036 — The final child gate `POST-SUBTASK-036` must prove the integrated Story outcome and downstream-consumable output.
- REPRODUCIBILITY / REPRODUCIBILITY: STORY_EVIDENCE_MANIFEST — Aggregate child artifact hashes, input identities, gate decision, failures, and downstream readiness into a reproducible Story evidence manifest.

Required Evidence
- Verified child completion/evidence manifests for POST-SUBTASK-034, POST-SUBTASK-035, POST-SUBTASK-036.
- Final gate decision from `POST-SUBTASK-036` with criterion-by-criterion PASS/FAIL/BLOCKED outcomes and output hashes.
- Story-level downstream-consumption evidence and an explicit list of issues unlocked, retained blocked, rejected, or deferred.

End-to-End Validation
Real raw populations produce versioned schema/missingness contracts and an explicit readiness decision for resolution.

Stop Conditions
- Stop if entry dependencies are not complete at required maturity or if the gate cannot evaluate the combined outputs.

Source References
- SRCREF-02019
- SRCREF-02020
- SRCREF-02021
- SRCREF-02022
- SRCREF-02023
- SRCREF-02024
- SRCREF-02001
- SRCREF-02002
- SRCREF-02003
- SRCREF-02004
- SRCREF-02005
- SRCREF-02006
- SRCREF-01565
- SRCREF-01566

Governance Traceability Gate: POST-SUBTASK-042

Canonical Record: jira/records/issues/stories/POST-STORY-012_population_schema_and_missingness_contracts.json",To Do,Highest,actionable;core-release;entities;post-wave;story;local-id-post-story-012,entities,POST-STORY-012,GAP-003;GAP-004,PHASE-1,BACKLOG,INTEGRATED,PLANNED,POST_W25,true,SHARED_CONTRACT,AGGREGATE_GATE
Story,BAT-63,100063,"[POST-STORY-013] Canonical registries, aliases, and temporal relationships",100037,"Local ID: POST-STORY-013

Objective
Create stable source-independent identities and effective-dated aliases for every entity class.

Why This Exists
This coherent capability closes a defined portion of Population schema profiling and canonical entity resolution and creates a verifiable output for the next dependency stage.

Scope
Deliver Story POST-STORY-013 (Canonical registries, aliases, and temporal relationships) as one coherent, gated capability inside Epic POST-EPIC-004. Execute child subtasks POST-SUBTASK-037, POST-SUBTASK-038, POST-SUBTASK-039 in dependency order, reconcile their pinned outputs, and require the final gate `POST-SUBTASK-039` to issue an evidence-backed approve/block/reject/defer decision before any downstream use.

Explicit In Scope
- Complete and verify child `POST-SUBTASK-037` — Build canonical team, conference, venue, game, season, and source registries with effective-dated aliases.
- Complete and verify child `POST-SUBTASK-038` — Build coach, staff, player, roster, recruiting, and transfer identity registries with confidence and review state.
- Complete and verify child `POST-SUBTASK-039` — Validate registry uniqueness, temporal consistency, collisions, and referential completeness.
- Integrate the child outputs and execute final gate `POST-SUBTASK-039`.
- Preserve exact source/data/code/config/runtime identities, failures, unresolved blockers, and downstream-consumption evidence.

Explicit Out of Scope
- Work assigned to sibling Stories or another Epic.
- Closing the Story because implementation files exist while the final gate or downstream-consumption proof is incomplete.
- Weakening protected requirements, PIT/source-policy/security controls, accepted ADRs, or evidence thresholds to obtain a passing gate.

Prerequisites / Dependencies
- Hard dependency POST-SUBTASK-036
- POST-SUBTASK-036

Acceptance Criteria
1. Canonical IDs are deterministic, stable, source-independent, and do not depend on row order or mutable display names; realignment, neutral-site, rename, and cancellation history is represented.
2. The declared output `artifacts/entities/canonical_core_registry.csv` is produced with deterministic identity, provenance, and validation metadata appropriate to this work.
3. The work does not fabricate source availability, empirical results, thresholds, model performance, operational readiness, or completion evidence.
4. Person mappings preserve source IDs, name/team/season/position evidence, transfers, duplicate names, suffixes, and uncertainty; low-confidence cases enter review instead of forced name-only merges.
5. The declared output `artifacts/entities/canonical_people_registry.csv` is produced with deterministic identity, provenance, and validation metadata appropriate to this work.
6. No incompatible active aliases, duplicate canonical identities, impossible intervals, or accepted normalized record without a resolution/review disposition remain hidden.
7. All prerequisite evidence is linked and unresolved blockers remain explicit; file creation alone cannot pass this gate.

Definition of Done
1. All child subtasks POST-SUBTASK-037, POST-SUBTASK-038, POST-SUBTASK-039 have verified evidence or an explicit accepted-risk/deferred/cancelled disposition consistent with the Story contract.
2. The final gate `POST-SUBTASK-039` completes and proves the Story end-to-end requirement; closing implementation children alone is insufficient.
3. All direct and inherited requirement/control/ADR/risk/gap mappings resolve through the governance context index without missing or invalid identifiers.
4. The Story evidence manifest pins child artifact, source/data/code/config/runtime, split/cutoff, and target-host identities where applicable and preserves failures/null results.
5. Canonical/derived Jira views, live operational fields when connected, dependency links, queues, and downstream states are synchronized and pass strict validation.

Required Tests / Validation
- EXISTING_AUTOMATED_TEST / EXISTING_AUTOMATED_TEST: tests/test_entity_governance.py — Run and retain the result when this issue touches the covered contract.
- EXISTING_AUTOMATED_TEST / EXISTING_AUTOMATED_TEST: tests/test_w19_foundation.py — Run and retain the result when this issue touches the covered contract.
- END_TO_END / END_TO_END: POST-SUBTASK-039 — The final child gate `POST-SUBTASK-039` must prove the integrated Story outcome and downstream-consumable output.
- REPRODUCIBILITY / REPRODUCIBILITY: STORY_EVIDENCE_MANIFEST — Aggregate child artifact hashes, input identities, gate decision, failures, and downstream readiness into a reproducible Story evidence manifest.

Required Evidence
- Verified child completion/evidence manifests for POST-SUBTASK-037, POST-SUBTASK-038, POST-SUBTASK-039.
- Final gate decision from `POST-SUBTASK-039` with criterion-by-criterion PASS/FAIL/BLOCKED outcomes and output hashes.
- Story-level downstream-consumption evidence and an explicit list of issues unlocked, retained blocked, rejected, or deferred.

End-to-End Validation
Versioned canonical registries reproduce historical identity membership and retain every ambiguity rather than silently applying current mappings.

Stop Conditions
- Stop if entry dependencies are not complete at required maturity or if the gate cannot evaluate the combined outputs.

Source References
- SRCREF-02019
- SRCREF-02020
- SRCREF-02021
- SRCREF-02022
- SRCREF-02023
- SRCREF-02024
- SRCREF-02001
- SRCREF-02002
- SRCREF-02003
- SRCREF-02004
- SRCREF-02005
- SRCREF-02006
- SRCREF-01565
- SRCREF-01566
- SRCREF-01568

Governance Traceability Gate: POST-SUBTASK-042

Canonical Record: jira/records/issues/stories/POST-STORY-013_canonical_registries_aliases_and_temporal_relationships.json",To Do,Highest,actionable;core-release;entities;post-wave;story;local-id-post-story-013,entities,POST-STORY-013,GAP-003;GAP-004;GAP-006,PHASE-1,BACKLOG,INTEGRATED,PLANNED,POST_W25,true,SHARED_CONTRACT,AGGREGATE_GATE
Story,BAT-64,100064,"[POST-STORY-014] Population resolution, review workflow, transitions, and entity gate",100037,"Local ID: POST-STORY-014

Objective
Resolve the full population deterministically and publish a pinned entity snapshot for PIT use.

Why This Exists
This coherent capability closes a defined portion of Population schema profiling and canonical entity resolution and creates a verifiable output for the next dependency stage.

Scope
Deliver Story POST-STORY-014 (Population resolution, review workflow, transitions, and entity gate) as one coherent, gated capability inside Epic POST-EPIC-004. Execute child subtasks POST-SUBTASK-040, POST-SUBTASK-041, POST-SUBTASK-042 in dependency order, reconcile their pinned outputs, and require the final gate `POST-SUBTASK-042` to issue an evidence-backed approve/block/reject/defer decision before any downstream use.

Explicit In Scope
- Complete and verify child `POST-SUBTASK-040` — Run exact, alias, contextual, and bounded probabilistic resolution over the full population with evidence per decision.
- Complete and verify child `POST-SUBTASK-041` — Operate unresolved/collision/merge/split review and materialize temporal team, conference, staff, roster, and player transitions.
- Complete and verify child `POST-SUBTASK-042` — Publish the canonical entity snapshot and approve or block downstream PIT consumption.
- Integrate the child outputs and execute final gate `POST-SUBTASK-042`.
- Preserve exact source/data/code/config/runtime identities, failures, unresolved blockers, and downstream-consumption evidence.

Explicit Out of Scope
- Work assigned to sibling Stories or another Epic.
- Closing the Story because implementation files exist while the final gate or downstream-consumption proof is incomplete.
- Weakening protected requirements, PIT/source-policy/security controls, accepted ADRs, or evidence thresholds to obtain a passing gate.

Prerequisites / Dependencies
- Hard dependency POST-SUBTASK-039
- POST-SUBTASK-039

Acceptance Criteria
1. Every resolution records resolver version, candidate set, evidence, confidence, decision rule, and deterministic replay; probability never substitutes for proof.
2. The declared output `artifacts/entities/resolution_results.parquet` is produced with deterministic identity, provenance, and validation metadata appropriate to this work.
3. The work does not fabricate source availability, empirical results, thresholds, model performance, operational readiness, or completion evidence.
4. Manual decisions are append-only and attributable, transitions have known-at/effective intervals, and adding future aliases cannot change prior accepted identities without an explicit correction event.
5. The declared output `artifacts/entities/entity_decision_and_transition_log.jsonl` is produced with deterministic identity, provenance, and validation metadata appropriate to this work.
6. Coverage/ambiguity/collision/orphan metrics are reported by domain/source/season/entity class; high-impact unresolved identities block affected work and GAP-004 closes only on population evidence.
7. All prerequisite evidence is linked and unresolved blockers remain explicit; file creation alone cannot pass this gate.

Definition of Done
1. All child subtasks POST-SUBTASK-040, POST-SUBTASK-041, POST-SUBTASK-042 have verified evidence or an explicit accepted-risk/deferred/cancelled disposition consistent with the Story contract.
2. The final gate `POST-SUBTASK-042` completes and proves the Story end-to-end requirement; closing implementation children alone is insufficient.
3. All direct and inherited requirement/control/ADR/risk/gap mappings resolve through the governance context index without missing or invalid identifiers.
4. The Story evidence manifest pins child artifact, source/data/code/config/runtime, split/cutoff, and target-host identities where applicable and preserves failures/null results.
5. Canonical/derived Jira views, live operational fields when connected, dependency links, queues, and downstream states are synchronized and pass strict validation.

Required Tests / Validation
- EXISTING_AUTOMATED_TEST / EXISTING_AUTOMATED_TEST: tests/test_entity_governance.py — Run and retain the result when this issue touches the covered contract.
- EXISTING_AUTOMATED_TEST / EXISTING_AUTOMATED_TEST: tests/test_w19_foundation.py — Run and retain the result when this issue touches the covered contract.
- END_TO_END / END_TO_END: POST-SUBTASK-042 — The final child gate `POST-SUBTASK-042` must prove the integrated Story outcome and downstream-consumable output.
- REPRODUCIBILITY / REPRODUCIBILITY: STORY_EVIDENCE_MANIFEST — Aggregate child artifact hashes, input identities, gate decision, failures, and downstream readiness into a reproducible Story evidence manifest.

Required Evidence
- Verified child completion/evidence manifests for POST-SUBTASK-040, POST-SUBTASK-041, POST-SUBTASK-042.
- Final gate decision from `POST-SUBTASK-042` with criterion-by-criterion PASS/FAIL/BLOCKED outcomes and output hashes.
- Story-level downstream-consumption evidence and an explicit list of issues unlocked, retained blocked, rejected, or deferred.

End-to-End Validation
Pinned source/schema inputs resolve through auditable canonical identities and temporal transitions into a reproducible entity snapshot with no silent merges or orphans.

Stop Conditions
- Stop if entry dependencies are not complete at required maturity or if the gate cannot evaluate the combined outputs.

Source References
- SRCREF-02019
- SRCREF-02020
- SRCREF-02021
- SRCREF-02022
- SRCREF-02023
- SRCREF-02024
- SRCREF-02001
- SRCREF-02002
- SRCREF-02003
- SRCREF-02004
- SRCREF-02005
- SRCREF-02006
- SRCREF-01565
- SRCREF-01566

Governance Traceability Gate: POST-SUBTASK-042

Canonical Record: jira/records/issues/stories/POST-STORY-014_population_resolution_review_workflow_transitions_and_entity_gate.json",To Do,Highest,actionable;core-release;entities;post-wave;story;local-id-post-story-014,entities,POST-STORY-014,GAP-003;GAP-004,PHASE-1,BACKLOG,INTEGRATED,PLANNED,POST_W25,true,SHARED_CONTRACT,AGGREGATE_GATE
Story,BAT-65,100065,[POST-STORY-015] Known-at registry and timestamp normalization,100038,"Local ID: POST-STORY-015

Objective
Define exactly when each source field may enter each pregame horizon.

Why This Exists
This coherent capability closes a defined portion of Point-in-time historical state and protected replay and creates a verifiable output for the next dependency stage.

Scope
Deliver Story POST-STORY-015 (Known-at registry and timestamp normalization) as one coherent, gated capability inside Epic POST-EPIC-005. Execute child subtasks POST-SUBTASK-043, POST-SUBTASK-044, POST-SUBTASK-045 in dependency order, reconcile their pinned outputs, and require the final gate `POST-SUBTASK-045` to issue an evidence-backed approve/block/reject/defer decision before any downstream use.

Explicit In Scope
- Complete and verify child `POST-SUBTASK-043` — Reconcile field temporal classes, source known-at rules, cutoffs, correction policies, and prohibited uses against real schemas.
- Complete and verify child `POST-SUBTASK-044` — Normalize observed, published, effective, retrieved, and corrected timestamps with source-specific precedence and timezone rules.
- Complete and verify child `POST-SUBTASK-045` — Validate fail-closed cutoff eligibility and deliberate future/same-game/postgame rejection.
- Integrate the child outputs and execute final gate `POST-SUBTASK-045`.
- Preserve exact source/data/code/config/runtime identities, failures, unresolved blockers, and downstream-consumption evidence.

Explicit Out of Scope
- Work assigned to sibling Stories or another Epic.
- Closing the Story because implementation files exist while the final gate or downstream-consumption proof is incomplete.
- Weakening protected requirements, PIT/source-policy/security controls, accepted ADRs, or evidence thresholds to obtain a passing gate.

Prerequisites / Dependencies
- Hard dependency POST-SUBTASK-042
- POST-SUBTASK-042

Acceptance Criteria
1. Every candidate input field has an approved temporal class and cutoff rule; realized weather, closing markets, final participation, box scores, and outcomes are excluded from earlier snapshots.
2. The declared output `configs/known_at_registry.json` is produced with deterministic identity, provenance, and validation metadata appropriate to this work.
3. The work does not fabricate source availability, empirical results, thresholds, model performance, operational readiness, or completion evidence.
4. Original timestamps are preserved, ambiguity/impossibility is quarantined, and retrieval time is never substituted for publication time when it would make history appear known earlier.
5. The declared output `artifacts/pit/timestamp_normalization_report.json` is produced with deterministic identity, provenance, and validation metadata appropriate to this work.
6. All fields entering matrices resolve to approved rules and mutation tests reject same-game, future, postgame, or naming-convention-based eligibility.
7. All prerequisite evidence is linked and unresolved blockers remain explicit; file creation alone cannot pass this gate.

Definition of Done
1. All child subtasks POST-SUBTASK-043, POST-SUBTASK-044, POST-SUBTASK-045 have verified evidence or an explicit accepted-risk/deferred/cancelled disposition consistent with the Story contract.
2. The final gate `POST-SUBTASK-045` completes and proves the Story end-to-end requirement; closing implementation children alone is insufficient.
3. All direct and inherited requirement/control/ADR/risk/gap mappings resolve through the governance context index without missing or invalid identifiers.
4. The Story evidence manifest pins child artifact, source/data/code/config/runtime, split/cutoff, and target-host identities where applicable and preserves failures/null results.
5. Canonical/derived Jira views, live operational fields when connected, dependency links, queues, and downstream states are synchronized and pass strict validation.

Required Tests / Validation
- EXISTING_AUTOMATED_TEST / EXISTING_AUTOMATED_TEST: tests/test_temporal_governance.py — Run and retain the result when this issue touches the covered contract.
- EXISTING_AUTOMATED_TEST / EXISTING_AUTOMATED_TEST: tests/test_w24_readiness.py — Run and retain the result when this issue touches the covered contract.
- END_TO_END / END_TO_END: POST-SUBTASK-045 — The final child gate `POST-SUBTASK-045` must prove the integrated Story outcome and downstream-consumable output.
- REPRODUCIBILITY / REPRODUCIBILITY: STORY_EVIDENCE_MANIFEST — Aggregate child artifact hashes, input identities, gate decision, failures, and downstream readiness into a reproducible Story evidence manifest.

Required Evidence
- Verified child completion/evidence manifests for POST-SUBTASK-043, POST-SUBTASK-044, POST-SUBTASK-045.
- Final gate decision from `POST-SUBTASK-045` with criterion-by-criterion PASS/FAIL/BLOCKED outcomes and output hashes.
- Story-level downstream-consumption evidence and an explicit list of issues unlocked, retained blocked, rejected, or deferred.

End-to-End Validation
Every value in every pregame horizon has a conservative, testable known-at decision grounded in source timing evidence.

Stop Conditions
- Stop if entry dependencies are not complete at required maturity or if the gate cannot evaluate the combined outputs.

Source References
- SRCREF-02025
- SRCREF-02026
- SRCREF-02027
- SRCREF-02028
- SRCREF-02029
- SRCREF-02030
- SRCREF-02031
- SRCREF-02032
- SRCREF-02001
- SRCREF-02002
- SRCREF-02003
- SRCREF-02004
- SRCREF-02005
- SRCREF-02006
- SRCREF-01890
- SRCREF-01567
- SRCREF-01577
- SRCREF-01578
- SRCREF-00990
- SRCREF-00991

Governance Traceability Gate: POST-SUBTASK-051

Canonical Record: jira/records/issues/stories/POST-STORY-015_known_at_registry_and_timestamp_normalization.json",To Do,Highest,actionable;core-release;pit;post-wave;story;local-id-post-story-015,pit-temporal,POST-STORY-015,AC-011;AC-012;GAP-005;HANDOFF-004;RISK-001;RISK-002,PHASE-1,BACKLOG,INTEGRATED,PLANNED,POST_W25,true,SHARED_CONTRACT,AGGREGATE_GATE
Story,BAT-66,100066,[POST-STORY-016] Append-only as-of state and pregame matrices,100038,"Local ID: POST-STORY-016

Objective
Reconstruct what was known for each game/cutoff and materialize row-level model inputs with complete lineage.

Why This Exists
This coherent capability closes a defined portion of Point-in-time historical state and protected replay and creates a verifiable output for the next dependency stage.

Scope
Deliver Story POST-STORY-016 (Append-only as-of state and pregame matrices) as one coherent, gated capability inside Epic POST-EPIC-005. Execute child subtasks POST-SUBTASK-046, POST-SUBTASK-047, POST-SUBTASK-048 in dependency order, reconcile their pinned outputs, and require the final gate `POST-SUBTASK-048` to issue an evidence-backed approve/block/reject/defer decision before any downstream use.

Explicit In Scope
- Complete and verify child `POST-SUBTASK-046` — Materialize append-only game, team, conference, venue, player, roster, staff, availability, weather, market, and context as-of state.
- Complete and verify child `POST-SUBTASK-047` — Build national pregame matrices at configured cutoffs with row/cell lineage, missingness class, fallback, and pinned versions.
- Complete and verify child `POST-SUBTASK-048` — Approve or block immutable matrix versions for feature/model experimentation.
- Integrate the child outputs and execute final gate `POST-SUBTASK-048`.
- Preserve exact source/data/code/config/runtime identities, failures, unresolved blockers, and downstream-consumption evidence.

Explicit Out of Scope
- Work assigned to sibling Stories or another Epic.
- Closing the Story because implementation files exist while the final gate or downstream-consumption proof is incomplete.
- Weakening protected requirements, PIT/source-policy/security controls, accepted ADRs, or evidence thresholds to obtain a passing gate.

Prerequisites / Dependencies
- Hard dependency POST-SUBTASK-045
- POST-SUBTASK-045

Acceptance Criteria
1. State rows retain canonical identity, effective/known-at time, source evidence, and version; corrections append and future observations do not alter prior as-of reads.
2. The declared output `artifacts/pit/asof_state_manifest.json` is produced with deterministic identity, provenance, and validation metadata appropriate to this work.
3. The work does not fabricate source availability, empirical results, thresholds, model performance, operational readiness, or completion evidence.
4. Each game/cutoff row uses only eligible state, handles home/away/neutral/lower-division/cancellations deterministically, and separates structural/not-known/source/resolution/pipeline missingness.
5. The declared output `artifacts/pit/pregame_matrix_manifest.json` is produced with deterministic identity, provenance, and validation metadata appropriate to this work.
6. Approved matrices are content-hashed, split-blind, reproducible from pinned raw/entity/state versions, and cannot pass on successful file creation alone.
7. All prerequisite evidence is linked and unresolved blockers remain explicit; file creation alone cannot pass this gate.

Definition of Done
1. All child subtasks POST-SUBTASK-046, POST-SUBTASK-047, POST-SUBTASK-048 have verified evidence or an explicit accepted-risk/deferred/cancelled disposition consistent with the Story contract.
2. The final gate `POST-SUBTASK-048` completes and proves the Story end-to-end requirement; closing implementation children alone is insufficient.
3. All direct and inherited requirement/control/ADR/risk/gap mappings resolve through the governance context index without missing or invalid identifiers.
4. The Story evidence manifest pins child artifact, source/data/code/config/runtime, split/cutoff, and target-host identities where applicable and preserves failures/null results.
5. Canonical/derived Jira views, live operational fields when connected, dependency links, queues, and downstream states are synchronized and pass strict validation.

Required Tests / Validation
- EXISTING_AUTOMATED_TEST / EXISTING_AUTOMATED_TEST: tests/test_temporal_governance.py — Run and retain the result when this issue touches the covered contract.
- EXISTING_AUTOMATED_TEST / EXISTING_AUTOMATED_TEST: tests/test_w24_readiness.py — Run and retain the result when this issue touches the covered contract.
- END_TO_END / END_TO_END: POST-SUBTASK-048 — The final child gate `POST-SUBTASK-048` must prove the integrated Story outcome and downstream-consumable output.
- REPRODUCIBILITY / REPRODUCIBILITY: STORY_EVIDENCE_MANIFEST — Aggregate child artifact hashes, input identities, gate decision, failures, and downstream readiness into a reproducible Story evidence manifest.

Required Evidence
- Verified child completion/evidence manifests for POST-SUBTASK-046, POST-SUBTASK-047, POST-SUBTASK-048.
- Final gate decision from `POST-SUBTASK-048` with criterion-by-criterion PASS/FAIL/BLOCKED outcomes and output hashes.
- Story-level downstream-consumption evidence and an explicit list of issues unlocked, retained blocked, rejected, or deferred.

End-to-End Validation
A pinned cutoff reconstructs the exact state and matrix row that was legitimately knowable before a historical game.

Stop Conditions
- Stop if entry dependencies are not complete at required maturity or if the gate cannot evaluate the combined outputs.

Source References
- SRCREF-02025
- SRCREF-02026
- SRCREF-02027
- SRCREF-02028
- SRCREF-02029
- SRCREF-02030
- SRCREF-02031
- SRCREF-02032
- SRCREF-02001
- SRCREF-02002
- SRCREF-02003
- SRCREF-02004
- SRCREF-02005
- SRCREF-02006
- SRCREF-01890
- SRCREF-01567
- SRCREF-01568

Governance Traceability Gate: POST-SUBTASK-051

Canonical Record: jira/records/issues/stories/POST-STORY-016_append_only_as_of_state_and_pregame_matrices.json",To Do,Highest,actionable;core-release;pit;post-wave;story;local-id-post-story-016,pit-temporal,POST-STORY-016,GAP-005;GAP-006;HANDOFF-004,PHASE-1,BACKLOG,INTEGRATED,PLANNED,POST_W25,true,SHARED_CONTRACT,AGGREGATE_GATE
Story,BAT-67,100067,[POST-STORY-017] Leakage battery and chronological replay infrastructure,100038,"Local ID: POST-STORY-017

Objective
Prove the complete pregame path is invariant to future information and ready for sealed evaluation.

Why This Exists
This coherent capability closes a defined portion of Point-in-time historical state and protected replay and creates a verifiable output for the next dependency stage.

Scope
Deliver Story POST-STORY-017 (Leakage battery and chronological replay infrastructure) as one coherent, gated capability inside Epic POST-EPIC-005. Execute child subtasks POST-SUBTASK-049, POST-SUBTASK-050, POST-SUBTASK-051 in dependency order, reconcile their pinned outputs, and require the final gate `POST-SUBTASK-051` to issue an evidence-backed approve/block/reject/defer decision before any downstream use.

Explicit In Scope
- Complete and verify child `POST-SUBTASK-049` — Run static, future-append, value-mutation, same-game, normalization, entity-correction, weather, market, roster, and label leakage tests on real matrices.
- Complete and verify child `POST-SUBTASK-050` — Implement deterministic walk-forward replay with frozen train/tune/protected boundaries, fold-local transforms, checkpoint/resume, and evidence identities.
- Complete and verify child `POST-SUBTASK-051` — Open or retain-blocked the protected experimentation lane through the PIT/replay readiness gate.
- Integrate the child outputs and execute final gate `POST-SUBTASK-051`.
- Preserve exact source/data/code/config/runtime identities, failures, unresolved blockers, and downstream-consumption evidence.

Explicit Out of Scope
- Work assigned to sibling Stories or another Epic.
- Closing the Story because implementation files exist while the final gate or downstream-consumption proof is incomplete.
- Weakening protected requirements, PIT/source-policy/security controls, accepted ADRs, or evidence thresholds to obtain a passing gate.

Prerequisites / Dependencies
- Hard dependency POST-SUBTASK-048
- POST-SUBTASK-048

Acceptance Criteria
1. Future/postgame injections or appended records cannot change earlier eligible matrix hashes/predictions; every failure names exact source, field, row, transformation, and remediation.
2. The declared output `artifacts/pit/leakage_battery_results.json` is produced with deterministic identity, provenance, and validation metadata appropriate to this work.
3. The work does not fabricate source availability, empirical results, thresholds, model performance, operational readiness, or completion evidence.
4. Replay advances chronologically, fits only on permitted history, pins all identities, never returns protected outcomes to tuning code, and resumes without future-fitted state.
5. The declared output `artifacts/pit/protected_replay_dry_run.json` is produced with deterministic identity, provenance, and validation metadata appropriate to this work.
6. GAP-005 remains open until real historical replay—not fixture or synthetic replay—passes with approved matrix, split, seal, entity, source, and runner hashes.
7. All prerequisite evidence is linked and unresolved blockers remain explicit; file creation alone cannot pass this gate.

Definition of Done
1. All child subtasks POST-SUBTASK-049, POST-SUBTASK-050, POST-SUBTASK-051 have verified evidence or an explicit accepted-risk/deferred/cancelled disposition consistent with the Story contract.
2. The final gate `POST-SUBTASK-051` completes and proves the Story end-to-end requirement; closing implementation children alone is insufficient.
3. All direct and inherited requirement/control/ADR/risk/gap mappings resolve through the governance context index without missing or invalid identifiers.
4. The Story evidence manifest pins child artifact, source/data/code/config/runtime, split/cutoff, and target-host identities where applicable and preserves failures/null results.
5. Canonical/derived Jira views, live operational fields when connected, dependency links, queues, and downstream states are synchronized and pass strict validation.

Required Tests / Validation
- EXISTING_AUTOMATED_TEST / EXISTING_AUTOMATED_TEST: tests/test_temporal_governance.py — Run and retain the result when this issue touches the covered contract.
- EXISTING_AUTOMATED_TEST / EXISTING_AUTOMATED_TEST: tests/test_w24_readiness.py — Run and retain the result when this issue touches the covered contract.
- END_TO_END / END_TO_END: POST-SUBTASK-051 — The final child gate `POST-SUBTASK-051` must prove the integrated Story outcome and downstream-consumable output.
- REPRODUCIBILITY / REPRODUCIBILITY: STORY_EVIDENCE_MANIFEST — Aggregate child artifact hashes, input identities, gate decision, failures, and downstream readiness into a reproducible Story evidence manifest.

Required Evidence
- Verified child completion/evidence manifests for POST-SUBTASK-049, POST-SUBTASK-050, POST-SUBTASK-051.
- Final gate decision from `POST-SUBTASK-051` with criterion-by-criterion PASS/FAIL/BLOCKED outcomes and output hashes.
- Story-level downstream-consumption evidence and an explicit list of issues unlocked, retained blocked, rejected, or deferred.

End-to-End Validation
A sealed chronological run can rebuild every pregame matrix and demonstrate future/postgame mutations cannot alter earlier state or predictions.

Stop Conditions
- Stop if entry dependencies are not complete at required maturity or if the gate cannot evaluate the combined outputs.

Source References
- SRCREF-02025
- SRCREF-02026
- SRCREF-02027
- SRCREF-02028
- SRCREF-02029
- SRCREF-02030
- SRCREF-02031
- SRCREF-02032
- SRCREF-02001
- SRCREF-02002
- SRCREF-02003
- SRCREF-02004
- SRCREF-02005
- SRCREF-02006
- SRCREF-01890
- SRCREF-01567

Governance Traceability Gate: POST-SUBTASK-051

Canonical Record: jira/records/issues/stories/POST-STORY-017_leakage_battery_and_chronological_replay_infrastructure.json",To Do,Highest,actionable;core-release;pit;post-wave;story;local-id-post-story-017,pit-temporal,POST-STORY-017,GAP-005;HANDOFF-004,PHASE-1,BACKLOG,INTEGRATED,PLANNED,POST_W25,true,SHARED_CONTRACT,AGGREGATE_GATE
Story,BAT-68,100068,[POST-STORY-018] Population feature registry and computability,100039,"Local ID: POST-STORY-018

Objective
Reconcile raw columns and 900+ candidate features against real coverage, PIT rules, implementations, and lifecycle state.

Why This Exists
This coherent capability closes a defined portion of Production feature materialization and lifecycle and creates a verifiable output for the next dependency stage.

Scope
Deliver Story POST-STORY-018 (Population feature registry and computability) as one coherent, gated capability inside Epic POST-EPIC-006. Execute child subtasks POST-SUBTASK-052, POST-SUBTASK-053, POST-SUBTASK-054 in dependency order, reconcile their pinned outputs, and require the final gate `POST-SUBTASK-054` to issue an evidence-backed approve/block/reject/defer decision before any downstream use.

Explicit In Scope
- Complete and verify child `POST-SUBTASK-052` — Reconcile feature IDs, source fields, transformations, temporal classes, missingness, code paths, aliases, duplicates, and lifecycle states.
- Complete and verify child `POST-SUBTASK-053` — Measure feature computability, missingness class, fallback use, and coverage by season/team/cutoff/regime/A&M segment.
- Complete and verify child `POST-SUBTASK-054` — Freeze the experiment-eligible production feature-registry version.
- Integrate the child outputs and execute final gate `POST-SUBTASK-054`.
- Preserve exact source/data/code/config/runtime identities, failures, unresolved blockers, and downstream-consumption evidence.

Explicit Out of Scope
- Work assigned to sibling Stories or another Epic.
- Closing the Story because implementation files exist while the final gate or downstream-consumption proof is incomplete.
- Weakening protected requirements, PIT/source-policy/security controls, accepted ADRs, or evidence thresholds to obtain a passing gate.

Prerequisites / Dependencies
- Hard dependency POST-SUBTASK-048
- POST-SUBTASK-048

Acceptance Criteria
1. Every feature maps to source, transformation, temporal class, owner, tests, lineage, and CORE/SUPPORTED/CONDITIONAL/EXPERIMENTAL/REJECTED/BANNED state; design presence is not promotion evidence.
2. The declared output `artifacts/features/production_feature_inventory.csv` is produced with deterministic identity, provenance, and validation metadata appropriate to this work.
3. The work does not fabricate source availability, empirical results, thresholds, model performance, operational readiness, or completion evidence.
4. Computability distinguishes not-known, source-missing, resolver-missing, structural, and implementation failure, and recent/A&M coverage cannot conceal national historical sparsity.
5. The declared output `artifacts/features/feature_computability_profile.json` is produced with deterministic identity, provenance, and validation metadata appropriate to this work.
6. Every experiment-eligible feature passes identity, PIT, lineage, implementation, and computability checks and the registry hash is pinned in downstream runs.
7. All prerequisite evidence is linked and unresolved blockers remain explicit; file creation alone cannot pass this gate.

Definition of Done
1. All child subtasks POST-SUBTASK-052, POST-SUBTASK-053, POST-SUBTASK-054 have verified evidence or an explicit accepted-risk/deferred/cancelled disposition consistent with the Story contract.
2. The final gate `POST-SUBTASK-054` completes and proves the Story end-to-end requirement; closing implementation children alone is insufficient.
3. All direct and inherited requirement/control/ADR/risk/gap mappings resolve through the governance context index without missing or invalid identifiers.
4. The Story evidence manifest pins child artifact, source/data/code/config/runtime, split/cutoff, and target-host identities where applicable and preserves failures/null results.
5. Canonical/derived Jira views, live operational fields when connected, dependency links, queues, and downstream states are synchronized and pass strict validation.

Required Tests / Validation
- EXISTING_AUTOMATED_TEST / EXISTING_AUTOMATED_TEST: tests/test_feature_registry_governance.py — Run and retain the result when this issue touches the covered contract.
- EXISTING_AUTOMATED_TEST / EXISTING_AUTOMATED_TEST: tests/test_feature_lifecycle_governance.py — Run and retain the result when this issue touches the covered contract.
- END_TO_END / END_TO_END: POST-SUBTASK-054 — The final child gate `POST-SUBTASK-054` must prove the integrated Story outcome and downstream-consumable output.
- REPRODUCIBILITY / REPRODUCIBILITY: STORY_EVIDENCE_MANIFEST — Aggregate child artifact hashes, input identities, gate decision, failures, and downstream readiness into a reproducible Story evidence manifest.

Required Evidence
- Verified child completion/evidence manifests for POST-SUBTASK-052, POST-SUBTASK-053, POST-SUBTASK-054.
- Final gate decision from `POST-SUBTASK-054` with criterion-by-criterion PASS/FAIL/BLOCKED outcomes and output hashes.
- Story-level downstream-consumption evidence and an explicit list of issues unlocked, retained blocked, rejected, or deferred.

End-to-End Validation
The full feature universe receives evidence-backed eligibility and a reproducible registry without hand-selecting attractive football variables.

Stop Conditions
- Stop if entry dependencies are not complete at required maturity or if the gate cannot evaluate the combined outputs.

Source References
- SRCREF-02033
- SRCREF-02034
- SRCREF-02035
- SRCREF-02036
- SRCREF-02037
- SRCREF-02038
- SRCREF-02039
- SRCREF-02040
- SRCREF-02001
- SRCREF-02002
- SRCREF-02003
- SRCREF-02004
- SRCREF-02005
- SRCREF-02006
- SRCREF-01891
- SRCREF-01569

Governance Traceability Gate: POST-SUBTASK-060

Canonical Record: jira/records/issues/stories/POST-STORY-018_population_feature_registry_and_computability.json",To Do,High,actionable;core-release;features;post-wave;story;local-id-post-story-018,feature-engineering,POST-STORY-018,GAP-007;HANDOFF-005,PHASE-1,BACKLOG,INTEGRATED,PLANNED,POST_W25,false,SHARED_CONTRACT,AGGREGATE_GATE
Story,BAT-69,100069,[POST-STORY-019] Foundation and advanced feature materialization,100039,"Local ID: POST-STORY-019

Objective
Build national form/efficiency/priors and supported player/availability/recruiting/coaching/context candidates from PIT state.

Why This Exists
This coherent capability closes a defined portion of Production feature materialization and lifecycle and creates a verifiable output for the next dependency stage.

Scope
Deliver Story POST-STORY-019 (Foundation and advanced feature materialization) as one coherent, gated capability inside Epic POST-EPIC-006. Execute child subtasks POST-SUBTASK-055, POST-SUBTASK-056, POST-SUBTASK-057 in dependency order, reconcile their pinned outputs, and require the final gate `POST-SUBTASK-057` to issue an evidence-backed approve/block/reject/defer decision before any downstream use.

Explicit In Scope
- Complete and verify child `POST-SUBTASK-055` — Materialize team/opponent form, efficiency, scoring, schedule strength, recency, continuity, rest, travel, venue, sequence, cold-start, and lower-division prior features.
- Complete and verify child `POST-SUBTASK-056` — Materialize supported player value/depth/replacement/availability, recruiting/transfer, coaching, weather, market, resource, officiating, and game-mechanics candidates.
- Complete and verify child `POST-SUBTASK-057` — Validate feature values, home/away orientation, future-append invariance, lineage, missingness, and candidate eligibility.
- Integrate the child outputs and execute final gate `POST-SUBTASK-057`.
- Preserve exact source/data/code/config/runtime identities, failures, unresolved blockers, and downstream-consumption evidence.

Explicit Out of Scope
- Work assigned to sibling Stories or another Epic.
- Closing the Story because implementation files exist while the final gate or downstream-consumption proof is incomplete.
- Weakening protected requirements, PIT/source-policy/security controls, accepted ADRs, or evidence thresholds to obtain a passing gate.

Prerequisites / Dependencies
- Hard dependency POST-SUBTASK-054
- Hard dependency POST-SUBTASK-051
- POST-SUBTASK-051
- POST-SUBTASK-054

Acceptance Criteria
1. Rolling/expanding/opponent-adjusted statistics fit only on eligible prior history, declare shrinkage/minimum history, and use visible uncertainty for early-season/lower-division cold starts.
2. The declared output `artifacts/features/foundation_feature_manifest.json` is produced with deterministic identity, provenance, and validation metadata appropriate to this work.
3. The work does not fabricate source availability, empirical results, thresholds, model performance, operational readiness, or completion evidence.
4. Advanced features use versioned PIT state, separate market-free/market-aware lanes, preserve availability uncertainty, and keep thin/unsupported domains isolated.
5. The declared output `artifacts/features/advanced_feature_manifest.json` is produced with deterministic identity, provenance, and validation metadata appropriate to this work.
6. Representative values reconcile to source/as-of evidence; repeated build, swap, future append, NaN/inf, and unsupported-domain tests pass before experiments.
7. All prerequisite evidence is linked and unresolved blockers remain explicit; file creation alone cannot pass this gate.

Definition of Done
1. All child subtasks POST-SUBTASK-055, POST-SUBTASK-056, POST-SUBTASK-057 have verified evidence or an explicit accepted-risk/deferred/cancelled disposition consistent with the Story contract.
2. The final gate `POST-SUBTASK-057` completes and proves the Story end-to-end requirement; closing implementation children alone is insufficient.
3. All direct and inherited requirement/control/ADR/risk/gap mappings resolve through the governance context index without missing or invalid identifiers.
4. The Story evidence manifest pins child artifact, source/data/code/config/runtime, split/cutoff, and target-host identities where applicable and preserves failures/null results.
5. Canonical/derived Jira views, live operational fields when connected, dependency links, queues, and downstream states are synchronized and pass strict validation.

Required Tests / Validation
- EXISTING_AUTOMATED_TEST / EXISTING_AUTOMATED_TEST: tests/test_feature_registry_governance.py — Run and retain the result when this issue touches the covered contract.
- EXISTING_AUTOMATED_TEST / EXISTING_AUTOMATED_TEST: tests/test_feature_lifecycle_governance.py — Run and retain the result when this issue touches the covered contract.
- END_TO_END / END_TO_END: POST-SUBTASK-057 — The final child gate `POST-SUBTASK-057` must prove the integrated Story outcome and downstream-consumable output.
- REPRODUCIBILITY / REPRODUCIBILITY: STORY_EVIDENCE_MANIFEST — Aggregate child artifact hashes, input identities, gate decision, failures, and downstream readiness into a reproducible Story evidence manifest.

Required Evidence
- Verified child completion/evidence manifests for POST-SUBTASK-055, POST-SUBTASK-056, POST-SUBTASK-057.
- Final gate decision from `POST-SUBTASK-057` with criterion-by-criterion PASS/FAIL/BLOCKED outcomes and output hashes.
- Story-level downstream-consumption evidence and an explicit list of issues unlocked, retained blocked, rejected, or deferred.

End-to-End Validation
Pinned real PIT matrices deterministically produce foundation and advanced feature candidates with explicit uncertainty and no future information.

Stop Conditions
- Stop if entry dependencies are not complete at required maturity or if the gate cannot evaluate the combined outputs.

Source References
- SRCREF-02033
- SRCREF-02034
- SRCREF-02035
- SRCREF-02036
- SRCREF-02037
- SRCREF-02038
- SRCREF-02039
- SRCREF-02040
- SRCREF-02001
- SRCREF-02002
- SRCREF-02003
- SRCREF-02004
- SRCREF-02005
- SRCREF-02006
- SRCREF-01891
- SRCREF-01569
- SRCREF-01894
- SRCREF-01568

Governance Traceability Gate: POST-SUBTASK-060

Canonical Record: jira/records/issues/stories/POST-STORY-019_foundation_and_advanced_feature_materialization.json",To Do,High,actionable;core-release;features;post-wave;story;local-id-post-story-019,feature-engineering,POST-STORY-019,GAP-006;GAP-007;HANDOFF-005;HANDOFF-008,PHASE-1,BACKLOG,INTEGRATED,PLANNED,POST_W25,false,SHARED_CONTRACT,AGGREGATE_GATE
Story,BAT-70,100070,"[POST-STORY-020] Screening, ablation, stability, and promotion",100039,"Local ID: POST-STORY-020

Objective
Empirically determine which features contribute stable tuning/protected value and preserve negative evidence.

Why This Exists
This coherent capability closes a defined portion of Production feature materialization and lifecycle and creates a verifiable output for the next dependency stage.

Scope
Deliver Story POST-STORY-020 (Screening, ablation, stability, and promotion) as one coherent, gated capability inside Epic POST-EPIC-006. Execute child subtasks POST-SUBTASK-058, POST-SUBTASK-059, POST-SUBTASK-060 in dependency order, reconcile their pinned outputs, and require the final gate `POST-SUBTASK-060` to issue an evidence-backed approve/block/reject/defer decision before any downstream use.

Explicit In Scope
- Complete and verify child `POST-SUBTASK-058` — Run staged univariate/multivariate screening and bounded feature tournaments on permitted tuning history.
- Complete and verify child `POST-SUBTASK-059` — Run ablation, interaction, redundancy, missingness sensitivity, regime stability, A&M/peer, and market-lane analyses.
- Complete and verify child `POST-SUBTASK-060` — Publish the evidence-backed production feature lifecycle decision.
- Integrate the child outputs and execute final gate `POST-SUBTASK-060`.
- Preserve exact source/data/code/config/runtime identities, failures, unresolved blockers, and downstream-consumption evidence.

Explicit Out of Scope
- Work assigned to sibling Stories or another Epic.
- Closing the Story because implementation files exist while the final gate or downstream-consumption proof is incomplete.
- Weakening protected requirements, PIT/source-policy/security controls, accepted ADRs, or evidence thresholds to obtain a passing gate.

Prerequisites / Dependencies
- Hard dependency POST-SUBTASK-057
- POST-SUBTASK-057

Acceptance Criteria
1. Every experiment pins matrix/split/registry/code/model/seed identities and compares incremental value, compute cost, missingness, leakage risk, and stability without protected outcomes.
2. The declared output `artifacts/features/feature_screening_results.json` is produced with deterministic identity, provenance, and validation metadata appropriate to this work.
3. The work does not fabricate source availability, empirical results, thresholds, model performance, operational readiness, or completion evidence.
4. Ablations retain null/negative results and report task/season/regime/A&M/peer/market-lane uncertainty, redundancy, and instability rather than cherry-picking one favorable slice.
5. The declared output `artifacts/features/feature_ablation_stability.json` is produced with deterministic identity, provenance, and validation metadata appropriate to this work.
6. Only policy-compliant candidates receive production eligibility; GAP-007 remains open until real protected evidence supports the selected set.
7. All prerequisite evidence is linked and unresolved blockers remain explicit; file creation alone cannot pass this gate.

Definition of Done
1. All child subtasks POST-SUBTASK-058, POST-SUBTASK-059, POST-SUBTASK-060 have verified evidence or an explicit accepted-risk/deferred/cancelled disposition consistent with the Story contract.
2. The final gate `POST-SUBTASK-060` completes and proves the Story end-to-end requirement; closing implementation children alone is insufficient.
3. All direct and inherited requirement/control/ADR/risk/gap mappings resolve through the governance context index without missing or invalid identifiers.
4. The Story evidence manifest pins child artifact, source/data/code/config/runtime, split/cutoff, and target-host identities where applicable and preserves failures/null results.
5. Canonical/derived Jira views, live operational fields when connected, dependency links, queues, and downstream states are synchronized and pass strict validation.

Required Tests / Validation
- EXISTING_AUTOMATED_TEST / EXISTING_AUTOMATED_TEST: tests/test_feature_registry_governance.py — Run and retain the result when this issue touches the covered contract.
- EXISTING_AUTOMATED_TEST / EXISTING_AUTOMATED_TEST: tests/test_feature_lifecycle_governance.py — Run and retain the result when this issue touches the covered contract.
- END_TO_END / END_TO_END: POST-SUBTASK-060 — The final child gate `POST-SUBTASK-060` must prove the integrated Story outcome and downstream-consumable output.
- REPRODUCIBILITY / REPRODUCIBILITY: STORY_EVIDENCE_MANIFEST — Aggregate child artifact hashes, input identities, gate decision, failures, and downstream readiness into a reproducible Story evidence manifest.

Required Evidence
- Verified child completion/evidence manifests for POST-SUBTASK-058, POST-SUBTASK-059, POST-SUBTASK-060.
- Final gate decision from `POST-SUBTASK-060` with criterion-by-criterion PASS/FAIL/BLOCKED outcomes and output hashes.
- Story-level downstream-consumption evidence and an explicit list of issues unlocked, retained blocked, rejected, or deferred.

End-to-End Validation
A pinned registry feeds reproducible screening and ablation, yielding task-specific production lifecycle states while preserving bans and negative results.

Stop Conditions
- Stop if entry dependencies are not complete at required maturity or if the gate cannot evaluate the combined outputs.

Source References
- SRCREF-02033
- SRCREF-02034
- SRCREF-02035
- SRCREF-02036
- SRCREF-02037
- SRCREF-02038
- SRCREF-02039
- SRCREF-02040
- SRCREF-02001
- SRCREF-02002
- SRCREF-02003
- SRCREF-02004
- SRCREF-02005
- SRCREF-02006
- SRCREF-01891
- SRCREF-01569

Governance Traceability Gate: POST-SUBTASK-060

Canonical Record: jira/records/issues/stories/POST-STORY-020_screening_ablation_stability_and_promotion.json",To Do,High,actionable;core-release;features;post-wave;story;local-id-post-story-020,feature-engineering,POST-STORY-020,GAP-007;HANDOFF-005,PHASE-1,BACKLOG,INTEGRATED,PLANNED,POST_W25,true,SHARED_CONTRACT,AGGREGATE_GATE
Story,BAT-71,100071,"[POST-STORY-021] Historical player, roster, depth, value, replacement, and availability",100040,"Local ID: POST-STORY-021

Objective
Build PIT player intelligence that represents who was expected to play and the value at risk.

Why This Exists
This coherent capability closes a defined portion of Player, roster, recruiting, coaching, and matchup intelligence and creates a verifiable output for the next dependency stage.

Scope
Deliver Story POST-STORY-021 (Historical player, roster, depth, value, replacement, and availability) as one coherent, gated capability inside Epic POST-EPIC-007. Execute child subtasks POST-SUBTASK-061, POST-SUBTASK-062, POST-SUBTASK-063 in dependency order, reconcile their pinned outputs, and require the final gate `POST-SUBTASK-063` to issue an evidence-backed approve/block/reject/defer decision before any downstream use.

Explicit In Scope
- Complete and verify child `POST-SUBTASK-061` — Materialize effective-dated roster, depth, position, participation, eligibility, transfer, and role state.
- Complete and verify child `POST-SUBTASK-062` — Estimate leakage-safe player value, replacement distributions, and timestamped availability probabilities.
- Complete and verify child `POST-SUBTASK-063` — Validate player-state coverage, uncertainty, double-counting controls, and production eligibility.
- Integrate the child outputs and execute final gate `POST-SUBTASK-063`.
- Preserve exact source/data/code/config/runtime identities, failures, unresolved blockers, and downstream-consumption evidence.

Explicit Out of Scope
- Work assigned to sibling Stories or another Epic.
- Closing the Story because implementation files exist while the final gate or downstream-consumption proof is incomplete.
- Weakening protected requirements, PIT/source-policy/security controls, accepted ADRs, or evidence thresholds to obtain a passing gate.

Prerequisites / Dependencies
- Hard dependency POST-SUBTASK-030
- Hard dependency POST-SUBTASK-048
- POST-SUBTASK-030
- POST-SUBTASK-048

Acceptance Criteria
1. Player-team-position-depth relationships retain source and known-at/effective time; current rosters cannot retroactively populate history and ambiguous identities remain reviewable.
2. The declared output `artifacts/player_intelligence/player_state_manifest.json` is produced with deterministic identity, provenance, and validation metadata appropriate to this work.
3. The work does not fabricate source availability, empirical results, thresholds, model performance, operational readiness, or completion evidence.
4. Value fits permitted history, sparse roles use transparent shrinkage, replacement reflects actual depth, availability remains probabilistic, and team impact is starter value minus plausible replacement without double counting.
5. The declared output `artifacts/player_intelligence/player_value_availability_report.json` is produced with deterministic identity, provenance, and validation metadata appropriate to this work.
6. Coverage is measured by season/team/position/source and missing reports are uncertainty—not healthy/absent certainty; unsupported periods remain conditional.
7. All prerequisite evidence is linked and unresolved blockers remain explicit; file creation alone cannot pass this gate.

Definition of Done
1. All child subtasks POST-SUBTASK-061, POST-SUBTASK-062, POST-SUBTASK-063 have verified evidence or an explicit accepted-risk/deferred/cancelled disposition consistent with the Story contract.
2. The final gate `POST-SUBTASK-063` completes and proves the Story end-to-end requirement; closing implementation children alone is insufficient.
3. All direct and inherited requirement/control/ADR/risk/gap mappings resolve through the governance context index without missing or invalid identifiers.
4. The Story evidence manifest pins child artifact, source/data/code/config/runtime, split/cutoff, and target-host identities where applicable and preserves failures/null results.
5. Canonical/derived Jira views, live operational fields when connected, dependency links, queues, and downstream states are synchronized and pass strict validation.

Required Tests / Validation
- EXISTING_AUTOMATED_TEST / EXISTING_AUTOMATED_TEST: tests/test_player_intelligence_governance.py — Run and retain the result when this issue touches the covered contract.
- EXISTING_AUTOMATED_TEST / EXISTING_AUTOMATED_TEST: tests/test_context_intelligence_governance.py — Run and retain the result when this issue touches the covered contract.
- END_TO_END / END_TO_END: POST-SUBTASK-063 — The final child gate `POST-SUBTASK-063` must prove the integrated Story outcome and downstream-consumable output.
- REPRODUCIBILITY / REPRODUCIBILITY: STORY_EVIDENCE_MANIFEST — Aggregate child artifact hashes, input identities, gate decision, failures, and downstream readiness into a reproducible Story evidence manifest.

Required Evidence
- Verified child completion/evidence manifests for POST-SUBTASK-061, POST-SUBTASK-062, POST-SUBTASK-063.
- Final gate decision from `POST-SUBTASK-063` with criterion-by-criterion PASS/FAIL/BLOCKED outcomes and output hashes.
- Story-level downstream-consumption evidence and an explicit list of issues unlocked, retained blocked, rejected, or deferred.

End-to-End Validation
At any historical cutoff the system can reconstruct expected players, depth, availability probabilities, replacement options, and uncertainty from evidence.

Stop Conditions
- Stop if entry dependencies are not complete at required maturity or if the gate cannot evaluate the combined outputs.

Source References
- SRCREF-02041
- SRCREF-02042
- SRCREF-02043
- SRCREF-02044
- SRCREF-02045
- SRCREF-02046
- SRCREF-02047
- SRCREF-02048
- SRCREF-02001
- SRCREF-02002
- SRCREF-02003
- SRCREF-02004
- SRCREF-02005
- SRCREF-02006
- SRCREF-01894
- SRCREF-01568

Governance Traceability Gate: POST-SUBTASK-069

Canonical Record: jira/records/issues/stories/POST-STORY-021_historical_player_roster_depth_value_replacement_and_availability.json",To Do,High,actionable;advanced-football;core-release;post-wave;story;local-id-post-story-021,player-context-intelligence,POST-STORY-021,GAP-006;HANDOFF-008,PHASE-2,BACKLOG,INTEGRATED,PLANNED,POST_W25,false,SHARED_CONTRACT,AGGREGATE_GATE
Story,BAT-72,100072,"[POST-STORY-022] Recruiting, transfer, freshman, coaching, and continuity intelligence",100040,"Local ID: POST-STORY-022

Objective
Represent program talent inflows/outflows and staff/system continuity without hindsight or unsupported narrative labels.

Why This Exists
This coherent capability closes a defined portion of Player, roster, recruiting, coaching, and matchup intelligence and creates a verifiable output for the next dependency stage.

Scope
Deliver Story POST-STORY-022 (Recruiting, transfer, freshman, coaching, and continuity intelligence) as one coherent, gated capability inside Epic POST-EPIC-007. Execute child subtasks POST-SUBTASK-064, POST-SUBTASK-065, POST-SUBTASK-066 in dependency order, reconcile their pinned outputs, and require the final gate `POST-SUBTASK-066` to issue an evidence-backed approve/block/reject/defer decision before any downstream use.

Explicit In Scope
- Complete and verify child `POST-SUBTASK-064` — Materialize recruiting class, prospect, commitment, signing, enrollment, transfer, coach, coordinator, role, tenure, and transition events.
- Complete and verify child `POST-SUBTASK-065` — Build PIT roster-talent, experience, retention, transfer/freshman, staff/QB/system continuity, prior-performance, and bounded scheme-proxy candidates.
- Complete and verify child `POST-SUBTASK-066` — Validate identity, timing, source-scale compatibility, sparse-history shrinkage, and experimental eligibility.
- Integrate the child outputs and execute final gate `POST-SUBTASK-066`.
- Preserve exact source/data/code/config/runtime identities, failures, unresolved blockers, and downstream-consumption evidence.

Explicit Out of Scope
- Work assigned to sibling Stories or another Epic.
- Closing the Story because implementation files exist while the final gate or downstream-consumption proof is incomplete.
- Weakening protected requirements, PIT/source-policy/security controls, accepted ADRs, or evidence thresholds to obtain a passing gate.

Prerequisites / Dependencies
- Hard dependency POST-SUBTASK-063
- POST-SUBTASK-063

Acceptance Criteria
1. Events preserve published/effective times, source scales, identity confidence, decommitments/re-rankings/portal withdrawals, interim/overlapping staff roles, and prior versions.
2. The declared output `artifacts/player_intelligence/program_event_manifest.json` is produced with deterministic identity, provenance, and validation metadata appropriate to this work.
3. The work does not fabricate source availability, empirical results, thresholds, model performance, operational readiness, or completion evidence.
4. Aggregates use only prior eligible state, distinguish returning production/recruits/transfers, expose early-season uncertainty, and do not encode culture/clutch/collapse without measurable definitions.
5. The declared output `artifacts/context_intelligence/program_feature_manifest.json` is produced with deterministic identity, provenance, and validation metadata appropriate to this work.
6. Temporal perturbation, coverage, and scale tests pass; sparse/unsupported candidates remain experimental or rejected and are not assumed predictive.
7. All prerequisite evidence is linked and unresolved blockers remain explicit; file creation alone cannot pass this gate.

Definition of Done
1. All child subtasks POST-SUBTASK-064, POST-SUBTASK-065, POST-SUBTASK-066 have verified evidence or an explicit accepted-risk/deferred/cancelled disposition consistent with the Story contract.
2. The final gate `POST-SUBTASK-066` completes and proves the Story end-to-end requirement; closing implementation children alone is insufficient.
3. All direct and inherited requirement/control/ADR/risk/gap mappings resolve through the governance context index without missing or invalid identifiers.
4. The Story evidence manifest pins child artifact, source/data/code/config/runtime, split/cutoff, and target-host identities where applicable and preserves failures/null results.
5. Canonical/derived Jira views, live operational fields when connected, dependency links, queues, and downstream states are synchronized and pass strict validation.

Required Tests / Validation
- EXISTING_AUTOMATED_TEST / EXISTING_AUTOMATED_TEST: tests/test_player_intelligence_governance.py — Run and retain the result when this issue touches the covered contract.
- EXISTING_AUTOMATED_TEST / EXISTING_AUTOMATED_TEST: tests/test_context_intelligence_governance.py — Run and retain the result when this issue touches the covered contract.
- END_TO_END / END_TO_END: POST-SUBTASK-066 — The final child gate `POST-SUBTASK-066` must prove the integrated Story outcome and downstream-consumable output.
- REPRODUCIBILITY / REPRODUCIBILITY: STORY_EVIDENCE_MANIFEST — Aggregate child artifact hashes, input identities, gate decision, failures, and downstream readiness into a reproducible Story evidence manifest.

Required Evidence
- Verified child completion/evidence manifests for POST-SUBTASK-064, POST-SUBTASK-065, POST-SUBTASK-066.
- Final gate decision from `POST-SUBTASK-066` with criterion-by-criterion PASS/FAIL/BLOCKED outcomes and output hashes.
- Story-level downstream-consumption evidence and an explicit list of issues unlocked, retained blocked, rejected, or deferred.

End-to-End Validation
Recruiting, portal, freshman, coaching, coordinator, and continuity state is reproducible at each cutoff without current-season hindsight.

Stop Conditions
- Stop if entry dependencies are not complete at required maturity or if the gate cannot evaluate the combined outputs.

Source References
- SRCREF-02041
- SRCREF-02042
- SRCREF-02043
- SRCREF-02044
- SRCREF-02045
- SRCREF-02046
- SRCREF-02047
- SRCREF-02048
- SRCREF-02001
- SRCREF-02002
- SRCREF-02003
- SRCREF-02004
- SRCREF-02005
- SRCREF-02006
- SRCREF-01894
- SRCREF-01568

Governance Traceability Gate: POST-SUBTASK-069

Canonical Record: jira/records/issues/stories/POST-STORY-022_recruiting_transfer_freshman_coaching_and_continuity_intelligence.json",To Do,High,actionable;advanced-football;core-release;post-wave;story;local-id-post-story-022,player-context-intelligence,POST-STORY-022,GAP-006;HANDOFF-008,PHASE-2,BACKLOG,INTEGRATED,PLANNED,POST_W25,false,SHARED_CONTRACT,AGGREGATE_GATE
Story,BAT-73,100073,"[POST-STORY-023] Weather, travel, rest, venue, schedule sequence, mechanics, officiating, and sparse-opponent priors",100040,"Local ID: POST-STORY-023

Objective
Build robust matchup context and special handling for low-information opponents.

Why This Exists
This coherent capability closes a defined portion of Player, roster, recruiting, coaching, and matchup intelligence and creates a verifiable output for the next dependency stage.

Scope
Deliver Story POST-STORY-023 (Weather, travel, rest, venue, schedule sequence, mechanics, officiating, and sparse-opponent priors) as one coherent, gated capability inside Epic POST-EPIC-007. Execute child subtasks POST-SUBTASK-067, POST-SUBTASK-068, POST-SUBTASK-069 in dependency order, reconcile their pinned outputs, and require the final gate `POST-SUBTASK-069` to issue an evidence-backed approve/block/reject/defer decision before any downstream use.

Explicit In Scope
- Complete and verify child `POST-SUBTASK-067` — Materialize forecast-time weather, venue, coordinates, travel, rest, opponent sequence, neutral-site, schedule-change, and local-time state.
- Complete and verify child `POST-SUBTASK-068` — Materialize supported mechanics/officiating/resource candidates and FCS/DII/DIII/NAIA decreasing-information opponent priors.
- Complete and verify child `POST-SUBTASK-069` — Validate context correctness, forecast-versus-realized isolation, fallback behavior, and production eligibility.
- Integrate the child outputs and execute final gate `POST-SUBTASK-069`.
- Preserve exact source/data/code/config/runtime identities, failures, unresolved blockers, and downstream-consumption evidence.

Explicit Out of Scope
- Work assigned to sibling Stories or another Epic.
- Closing the Story because implementation files exist while the final gate or downstream-consumption proof is incomplete.
- Weakening protected requirements, PIT/source-policy/security controls, accepted ADRs, or evidence thresholds to obtain a passing gate.

Prerequisites / Dependencies
- Hard dependency POST-SUBTASK-030
- Hard dependency POST-SUBTASK-048
- POST-SUBTASK-030
- POST-SUBTASK-048

Acceptance Criteria
1. Weather uses forecast snapshots available at each cutoff; travel/rest/sequence derive from canonical schedules/venues and update for postponements/neutral sites with unknown coordinates left uncertain.
2. The declared output `artifacts/context_intelligence/game_context_state_manifest.json` is produced with deterministic identity, provenance, and validation metadata appropriate to this work.
3. The work does not fabricate source availability, empirical results, thresholds, model performance, operational readiness, or completion evidence.
4. Mechanics/officiating/resource data are used only where rights/depth/timing support them, and lower-division opponents receive explicit decreasing-information priors rather than zero strength or dropped games.
5. The declared output `artifacts/context_intelligence/mechanics_sparse_opponent_manifest.json` is produced with deterministic identity, provenance, and validation metadata appropriate to this work.
6. Source spot checks, orientation, timing, sparse-opponent uncertainty, and unsupported-lane isolation pass before the context state is production eligible.
7. All prerequisite evidence is linked and unresolved blockers remain explicit; file creation alone cannot pass this gate.

Definition of Done
1. All child subtasks POST-SUBTASK-067, POST-SUBTASK-068, POST-SUBTASK-069 have verified evidence or an explicit accepted-risk/deferred/cancelled disposition consistent with the Story contract.
2. The final gate `POST-SUBTASK-069` completes and proves the Story end-to-end requirement; closing implementation children alone is insufficient.
3. All direct and inherited requirement/control/ADR/risk/gap mappings resolve through the governance context index without missing or invalid identifiers.
4. The Story evidence manifest pins child artifact, source/data/code/config/runtime, split/cutoff, and target-host identities where applicable and preserves failures/null results.
5. Canonical/derived Jira views, live operational fields when connected, dependency links, queues, and downstream states are synchronized and pass strict validation.

Required Tests / Validation
- EXISTING_AUTOMATED_TEST / EXISTING_AUTOMATED_TEST: tests/test_player_intelligence_governance.py — Run and retain the result when this issue touches the covered contract.
- EXISTING_AUTOMATED_TEST / EXISTING_AUTOMATED_TEST: tests/test_context_intelligence_governance.py — Run and retain the result when this issue touches the covered contract.
- END_TO_END / END_TO_END: POST-SUBTASK-069 — The final child gate `POST-SUBTASK-069` must prove the integrated Story outcome and downstream-consumable output.
- REPRODUCIBILITY / REPRODUCIBILITY: STORY_EVIDENCE_MANIFEST — Aggregate child artifact hashes, input identities, gate decision, failures, and downstream readiness into a reproducible Story evidence manifest.

Required Evidence
- Verified child completion/evidence manifests for POST-SUBTASK-067, POST-SUBTASK-068, POST-SUBTASK-069.
- Final gate decision from `POST-SUBTASK-069` with criterion-by-criterion PASS/FAIL/BLOCKED outcomes and output hashes.
- Story-level downstream-consumption evidence and an explicit list of issues unlocked, retained blocked, rejected, or deferred.

End-to-End Validation
A matchup snapshot reconstructs weather forecast, venue/travel/rest/sequence, supported mechanics, and sparse-opponent priors with honest uncertainty.

Stop Conditions
- Stop if entry dependencies are not complete at required maturity or if the gate cannot evaluate the combined outputs.

Source References
- SRCREF-02041
- SRCREF-02042
- SRCREF-02043
- SRCREF-02044
- SRCREF-02045
- SRCREF-02046
- SRCREF-02047
- SRCREF-02048
- SRCREF-02001
- SRCREF-02002
- SRCREF-02003
- SRCREF-02004
- SRCREF-02005
- SRCREF-02006
- SRCREF-01894
- SRCREF-01568

Governance Traceability Gate: POST-SUBTASK-069

Canonical Record: jira/records/issues/stories/POST-STORY-023_weather_travel_rest_venue_schedule_sequence_mechanics_officiating_and_sparse_opp.json",To Do,High,actionable;advanced-football;core-release;post-wave;story;local-id-post-story-023,player-context-intelligence,POST-STORY-023,GAP-006;HANDOFF-008,PHASE-2,BACKLOG,INTEGRATED,PLANNED,POST_W25,false,SHARED_CONTRACT,AGGREGATE_GATE
Story,BAT-74,100074,"[POST-STORY-024] Model-ready targets, splits, weights, and datasets",100041,"Local ID: POST-STORY-024

Objective
Freeze task definitions and model inputs before candidate training.

Why This Exists
This coherent capability closes a defined portion of Reproducible baseline, coherent score, probability, and uncertainty modeling and creates a verifiable output for the next dependency stage.

Scope
Deliver Story POST-STORY-024 (Model-ready targets, splits, weights, and datasets) as one coherent, gated capability inside Epic POST-EPIC-008. Execute child subtasks POST-SUBTASK-070, POST-SUBTASK-071, POST-SUBTASK-072 in dependency order, reconcile their pinned outputs, and require the final gate `POST-SUBTASK-072` to issue an evidence-backed approve/block/reject/defer decision before any downstream use.

Explicit In Scope
- Complete and verify child `POST-SUBTASK-070` — Materialize official score, margin, win, distribution, market-lane, and BAS-support target tables with game lineage.
- Complete and verify child `POST-SUBTASK-071` — Materialize chronological train/tune/protected assignments, sample weights, cold-start rules, and feature/target separation.
- Complete and verify child `POST-SUBTASK-072` — Approve model dataset identity, leakage isolation, duplicate handling, and reproducibility.
- Integrate the child outputs and execute final gate `POST-SUBTASK-072`.
- Preserve exact source/data/code/config/runtime identities, failures, unresolved blockers, and downstream-consumption evidence.

Explicit Out of Scope
- Work assigned to sibling Stories or another Epic.
- Closing the Story because implementation files exist while the final gate or downstream-consumption proof is incomplete.
- Weakening protected requirements, PIT/source-policy/security controls, accepted ADRs, or evidence thresholds to obtain a passing gate.

Prerequisites / Dependencies
- Hard dependency POST-SUBTASK-060
- Hard dependency POST-SUBTASK-051
- POST-SUBTASK-051
- POST-SUBTASK-060

Acceptance Criteria
1. Targets declare cancellations, overtime, missing scores, neutral sites, lower divisions, and official outcome source; every row links to canonical game evidence.
2. The declared output `artifacts/modeling/target_dataset_manifest.json` is produced with deterministic identity, provenance, and validation metadata appropriate to this work.
3. The work does not fabricate source availability, empirical results, thresholds, model performance, operational readiness, or completion evidence.
4. Split assignments match protected registries, prevent duplicate/rematch/season-fragment leakage, and precommit weights/shrinkage before candidate results.
5. The declared output `artifacts/modeling/model_split_manifest.json` is produced with deterministic identity, provenance, and validation metadata appropriate to this work.
6. Pinned raw/entity/PIT/feature/target/split versions reproduce identical rows and protected labels are inaccessible to training/tuning paths.
7. All prerequisite evidence is linked and unresolved blockers remain explicit; file creation alone cannot pass this gate.

Definition of Done
1. All child subtasks POST-SUBTASK-070, POST-SUBTASK-071, POST-SUBTASK-072 have verified evidence or an explicit accepted-risk/deferred/cancelled disposition consistent with the Story contract.
2. The final gate `POST-SUBTASK-072` completes and proves the Story end-to-end requirement; closing implementation children alone is insufficient.
3. All direct and inherited requirement/control/ADR/risk/gap mappings resolve through the governance context index without missing or invalid identifiers.
4. The Story evidence manifest pins child artifact, source/data/code/config/runtime, split/cutoff, and target-host identities where applicable and preserves failures/null results.
5. Canonical/derived Jira views, live operational fields when connected, dependency links, queues, and downstream states are synchronized and pass strict validation.

Required Tests / Validation
- EXISTING_AUTOMATED_TEST / EXISTING_AUTOMATED_TEST: tests/test_model_architecture_governance.py — Run and retain the result when this issue touches the covered contract.
- EXISTING_AUTOMATED_TEST / EXISTING_AUTOMATED_TEST: tests/test_w20_model_starter.py — Run and retain the result when this issue touches the covered contract.
- END_TO_END / END_TO_END: POST-SUBTASK-072 — The final child gate `POST-SUBTASK-072` must prove the integrated Story outcome and downstream-consumable output.
- REPRODUCIBILITY / REPRODUCIBILITY: STORY_EVIDENCE_MANIFEST — Aggregate child artifact hashes, input identities, gate decision, failures, and downstream readiness into a reproducible Story evidence manifest.

Required Evidence
- Verified child completion/evidence manifests for POST-SUBTASK-070, POST-SUBTASK-071, POST-SUBTASK-072.
- Final gate decision from `POST-SUBTASK-072` with criterion-by-criterion PASS/FAIL/BLOCKED outcomes and output hashes.
- Story-level downstream-consumption evidence and an explicit list of issues unlocked, retained blocked, rejected, or deferred.

End-to-End Validation
The same pinned identities always produce the same model-ready rows, targets, weights, and chronological partitions without protected leakage.

Stop Conditions
- Stop if entry dependencies are not complete at required maturity or if the gate cannot evaluate the combined outputs.

Source References
- SRCREF-02049
- SRCREF-02050
- SRCREF-02051
- SRCREF-02052
- SRCREF-02053
- SRCREF-02054
- SRCREF-02055
- SRCREF-02056
- SRCREF-02001
- SRCREF-02002
- SRCREF-02003
- SRCREF-02004
- SRCREF-02005
- SRCREF-02006
- SRCREF-01892
- SRCREF-01570
- SRCREF-00992
- SRCREF-00994

Governance Traceability Gate: POST-SUBTASK-078

Canonical Record: jira/records/issues/stories/POST-STORY-024_model_ready_targets_splits_weights_and_datasets.json",To Do,High,actionable;core-release;modeling;post-wave;story;local-id-post-story-024,modeling,POST-STORY-024,AC-013;AC-015;GAP-008;HANDOFF-006,PHASE-1,BACKLOG,INTEGRATED,PLANNED,POST_W25,true,SHARED_CONTRACT,AGGREGATE_GATE
Story,BAT-75,100075,"[POST-STORY-025] Simple, rating, linear, tree, market, and coherent joint-score candidates",100041,"Local ID: POST-STORY-025

Objective
Establish strong reproducible references and internally coherent distributional candidates before advanced challengers.

Why This Exists
This coherent capability closes a defined portion of Reproducible baseline, coherent score, probability, and uncertainty modeling and creates a verifiable output for the next dependency stage.

Scope
Deliver Story POST-STORY-025 (Simple, rating, linear, tree, market, and coherent joint-score candidates) as one coherent, gated capability inside Epic POST-EPIC-008. Execute child subtasks POST-SUBTASK-073, POST-SUBTASK-074, POST-SUBTASK-075 in dependency order, reconcile their pinned outputs, and require the final gate `POST-SUBTASK-075` to issue an evidence-backed approve/block/reject/defer decision before any downstream use.

Explicit In Scope
- Complete and verify child `POST-SUBTASK-073` — Train naive, historical-average, home-field, rating, regularized linear, tree-boosting, market-free, and market-aware baselines with bounded searches.
- Complete and verify child `POST-SUBTASK-074` — Train joint/separate score-distribution candidates and deterministic-seed simulations deriving margin, win, score, total, interval, and severity outputs coherently.
- Complete and verify child `POST-SUBTASK-075` — Validate artifacts, tuning predictions, orientation, distribution tails, score-margin-win coherence, runtime, and candidate admission.
- Integrate the child outputs and execute final gate `POST-SUBTASK-075`.
- Preserve exact source/data/code/config/runtime identities, failures, unresolved blockers, and downstream-consumption evidence.

Explicit Out of Scope
- Work assigned to sibling Stories or another Epic.
- Closing the Story because implementation files exist while the final gate or downstream-consumption proof is incomplete.
- Weakening protected requirements, PIT/source-policy/security controls, accepted ADRs, or evidence thresholds to obtain a passing gate.

Prerequisites / Dependencies
- Hard dependency POST-SUBTASK-072
- POST-SUBTASK-072

Acceptance Criteria
1. Every run pins data/config/code/seed/runtime, fits recency/home-field/shrinkage only on permitted history, separates market lanes/cutoffs, and retains failed or negative trials.
2. The declared output `artifacts/modeling/baseline_candidate_runs.json` is produced with deterministic identity, provenance, and validation metadata appropriate to this work.
3. The work does not fabricate source availability, empirical results, thresholds, model performance, operational readiness, or completion evidence.
4. Derived outputs come from coherent score distributions, persist simulation identities, handle overtime/ties/extremes, and widen uncertainty under missing/OOD inputs rather than becoming confident.
5. The declared output `artifacts/modeling/joint_distribution_runs.json` is produced with deterministic identity, provenance, and validation metadata appropriate to this work.
6. Candidates regenerate identical predictions within declared numerical limits and no model enters protected replay with reproducibility, range, orientation, coherence, or resource failures.
7. All prerequisite evidence is linked and unresolved blockers remain explicit; file creation alone cannot pass this gate.

Definition of Done
1. All child subtasks POST-SUBTASK-073, POST-SUBTASK-074, POST-SUBTASK-075 have verified evidence or an explicit accepted-risk/deferred/cancelled disposition consistent with the Story contract.
2. The final gate `POST-SUBTASK-075` completes and proves the Story end-to-end requirement; closing implementation children alone is insufficient.
3. All direct and inherited requirement/control/ADR/risk/gap mappings resolve through the governance context index without missing or invalid identifiers.
4. The Story evidence manifest pins child artifact, source/data/code/config/runtime, split/cutoff, and target-host identities where applicable and preserves failures/null results.
5. Canonical/derived Jira views, live operational fields when connected, dependency links, queues, and downstream states are synchronized and pass strict validation.

Required Tests / Validation
- EXISTING_AUTOMATED_TEST / EXISTING_AUTOMATED_TEST: tests/test_model_architecture_governance.py — Run and retain the result when this issue touches the covered contract.
- EXISTING_AUTOMATED_TEST / EXISTING_AUTOMATED_TEST: tests/test_w20_model_starter.py — Run and retain the result when this issue touches the covered contract.
- END_TO_END / END_TO_END: POST-SUBTASK-075 — The final child gate `POST-SUBTASK-075` must prove the integrated Story outcome and downstream-consumable output.
- REPRODUCIBILITY / REPRODUCIBILITY: STORY_EVIDENCE_MANIFEST — Aggregate child artifact hashes, input identities, gate decision, failures, and downstream readiness into a reproducible Story evidence manifest.

Required Evidence
- Verified child completion/evidence manifests for POST-SUBTASK-073, POST-SUBTASK-074, POST-SUBTASK-075.
- Final gate decision from `POST-SUBTASK-075` with criterion-by-criterion PASS/FAIL/BLOCKED outcomes and output hashes.
- Story-level downstream-consumption evidence and an explicit list of issues unlocked, retained blocked, rejected, or deferred.

End-to-End Validation
Pinned real datasets train simple and coherent distributional candidates that reproduce all outputs and remain honest about failures and compute.

Stop Conditions
- Stop if entry dependencies are not complete at required maturity or if the gate cannot evaluate the combined outputs.

Source References
- SRCREF-02049
- SRCREF-02050
- SRCREF-02051
- SRCREF-02052
- SRCREF-02053
- SRCREF-02054
- SRCREF-02055
- SRCREF-02056
- SRCREF-02001
- SRCREF-02002
- SRCREF-02003
- SRCREF-02004
- SRCREF-02005
- SRCREF-02006
- SRCREF-01892
- SRCREF-01570

Governance Traceability Gate: POST-SUBTASK-078

Canonical Record: jira/records/issues/stories/POST-STORY-025_simple_rating_linear_tree_market_and_coherent_joint_score_candidates.json",To Do,High,actionable;core-release;modeling;post-wave;story;local-id-post-story-025,modeling,POST-STORY-025,GAP-008;HANDOFF-006,PHASE-1,BACKLOG,INTEGRATED,PLANNED,POST_W25,false,SHARED_CONTRACT,AGGREGATE_GATE
Story,BAT-76,100076,"[POST-STORY-026] Calibration, ensembles, OOD, abstention, and candidate artifact registry",100041,"Local ID: POST-STORY-026

Objective
Represent uncertainty and seal all admitted candidate identities before protected evaluation.

Why This Exists
This coherent capability closes a defined portion of Reproducible baseline, coherent score, probability, and uncertainty modeling and creates a verifiable output for the next dependency stage.

Scope
Deliver Story POST-STORY-026 (Calibration, ensembles, OOD, abstention, and candidate artifact registry) as one coherent, gated capability inside Epic POST-EPIC-008. Execute child subtasks POST-SUBTASK-076, POST-SUBTASK-077, POST-SUBTASK-078 in dependency order, reconcile their pinned outputs, and require the final gate `POST-SUBTASK-078` to issue an evidence-backed approve/block/reject/defer decision before any downstream use.

Explicit In Scope
- Complete and verify child `POST-SUBTASK-076` — Train precommitted task/cutoff/lane calibration and ensemble candidates using permitted tuning predictions.
- Complete and verify child `POST-SUBTASK-077` — Implement sparse-history, missingness, source/regime shift, feature-pattern OOD, uncertainty, and abstention diagnostics.
- Complete and verify child `POST-SUBTASK-078` — Publish the immutable candidate artifact registry for sealed protected evaluation.
- Integrate the child outputs and execute final gate `POST-SUBTASK-078`.
- Preserve exact source/data/code/config/runtime identities, failures, unresolved blockers, and downstream-consumption evidence.

Explicit Out of Scope
- Work assigned to sibling Stories or another Epic.
- Closing the Story because implementation files exist while the final gate or downstream-consumption proof is incomplete.
- Weakening protected requirements, PIT/source-policy/security controls, accepted ADRs, or evidence thresholds to obtain a passing gate.

Prerequisites / Dependencies
- Hard dependency POST-SUBTASK-075
- POST-SUBTASK-075

Acceptance Criteria
1. Calibrators and ensemble weights are fit only on allowed tuning data, retain member/diversity/failure identities, and cannot use protected outcomes for selection.
2. The declared output `artifacts/modeling/calibration_ensemble_runs.json` is produced with deterministic identity, provenance, and validation metadata appropriate to this work.
3. The work does not fabricate source availability, empirical results, thresholds, model performance, operational readiness, or completion evidence.
4. Evidence-derived tuning thresholds identify unsupported conditions and return wider uncertainty/abstention reasons rather than confident defaults when required inputs are unavailable.
5. The declared output `artifacts/modeling/ood_abstention_validation.json` is produced with deterministic identity, provenance, and validation metadata appropriate to this work.
6. Every admitted candidate pins data/feature/split/code/dependency/model/calibrator/seed identities, supported modes, OOD policy, resource envelope, and caveats; GAP-008 remains open pending protected replay.
7. All prerequisite evidence is linked and unresolved blockers remain explicit; file creation alone cannot pass this gate.

Definition of Done
1. All child subtasks POST-SUBTASK-076, POST-SUBTASK-077, POST-SUBTASK-078 have verified evidence or an explicit accepted-risk/deferred/cancelled disposition consistent with the Story contract.
2. The final gate `POST-SUBTASK-078` completes and proves the Story end-to-end requirement; closing implementation children alone is insufficient.
3. All direct and inherited requirement/control/ADR/risk/gap mappings resolve through the governance context index without missing or invalid identifiers.
4. The Story evidence manifest pins child artifact, source/data/code/config/runtime, split/cutoff, and target-host identities where applicable and preserves failures/null results.
5. Canonical/derived Jira views, live operational fields when connected, dependency links, queues, and downstream states are synchronized and pass strict validation.

Required Tests / Validation
- EXISTING_AUTOMATED_TEST / EXISTING_AUTOMATED_TEST: tests/test_model_architecture_governance.py — Run and retain the result when this issue touches the covered contract.
- EXISTING_AUTOMATED_TEST / EXISTING_AUTOMATED_TEST: tests/test_w20_model_starter.py — Run and retain the result when this issue touches the covered contract.
- END_TO_END / END_TO_END: POST-SUBTASK-078 — The final child gate `POST-SUBTASK-078` must prove the integrated Story outcome and downstream-consumable output.
- REPRODUCIBILITY / REPRODUCIBILITY: STORY_EVIDENCE_MANIFEST — Aggregate child artifact hashes, input identities, gate decision, failures, and downstream readiness into a reproducible Story evidence manifest.

Required Evidence
- Verified child completion/evidence manifests for POST-SUBTASK-076, POST-SUBTASK-077, POST-SUBTASK-078.
- Final gate decision from `POST-SUBTASK-078` with criterion-by-criterion PASS/FAIL/BLOCKED outcomes and output hashes.
- Story-level downstream-consumption evidence and an explicit list of issues unlocked, retained blocked, rejected, or deferred.

End-to-End Validation
All candidates enter protected evaluation as immutable reproducible artifacts with precommitted calibration, uncertainty, OOD, and abstention behavior.

Stop Conditions
- Stop if entry dependencies are not complete at required maturity or if the gate cannot evaluate the combined outputs.

Source References
- SRCREF-02049
- SRCREF-02050
- SRCREF-02051
- SRCREF-02052
- SRCREF-02053
- SRCREF-02054
- SRCREF-02055
- SRCREF-02056
- SRCREF-02001
- SRCREF-02002
- SRCREF-02003
- SRCREF-02004
- SRCREF-02005
- SRCREF-02006
- SRCREF-01892
- SRCREF-01570

Governance Traceability Gate: POST-SUBTASK-078

Canonical Record: jira/records/issues/stories/POST-STORY-026_calibration_ensembles_ood_abstention_and_candidate_artifact_registry.json",To Do,High,actionable;core-release;modeling;post-wave;story;local-id-post-story-026,modeling,POST-STORY-026,GAP-008;HANDOFF-006,PHASE-1,BACKLOG,INTEGRATED,PLANNED,POST_W25,true,SHARED_CONTRACT,AGGREGATE_GATE
Story,BAT-77,100077,[POST-STORY-027] Official A&M evidence and high-resolution PIT state,100042,"Local ID: POST-STORY-027

Objective
Materialize the highest supported A&M resolution without violating national PIT, identity, rights, or provenance contracts.

Why This Exists
This coherent capability closes a defined portion of Texas A&M high-resolution specialization and no-lift-safe evaluation and creates a verifiable output for the next dependency stage.

Scope
Deliver Story POST-STORY-027 (Official A&M evidence and high-resolution PIT state) as one coherent, gated capability inside Epic POST-EPIC-009. Execute child subtasks POST-SUBTASK-079, POST-SUBTASK-080, POST-SUBTASK-081 in dependency order, reconcile their pinned outputs, and require the final gate `POST-SUBTASK-081` to issue an evidence-backed approve/block/reject/defer decision before any downstream use.

Explicit In Scope
- Complete and verify child `POST-SUBTASK-079` — Acquire quality-supported A&M schedules, rosters, depth, staff, media-guide, participation, availability, and official evidence.
- Complete and verify child `POST-SUBTASK-080` — Build high-resolution A&M team/player/staff/context as-of snapshots reconciled with national state.
- Complete and verify child `POST-SUBTASK-081` — Validate A&M coverage, source conflicts, rights, identity, PIT integrity, and snapshot reproducibility.
- Integrate the child outputs and execute final gate `POST-SUBTASK-081`.
- Preserve exact source/data/code/config/runtime identities, failures, unresolved blockers, and downstream-consumption evidence.

Explicit Out of Scope
- Work assigned to sibling Stories or another Epic.
- Closing the Story because implementation files exist while the final gate or downstream-consumption proof is incomplete.
- Weakening protected requirements, PIT/source-policy/security controls, accepted ADRs, or evidence thresholds to obtain a passing gate.

Prerequisites / Dependencies
- Hard dependency POST-SUBTASK-063
- Hard dependency POST-SUBTASK-066
- Hard dependency POST-SUBTASK-069
- Hard dependency POST-SUBTASK-048
- POST-SUBTASK-048
- POST-SUBTASK-063
- POST-SUBTASK-066
- POST-SUBTASK-069

Acceptance Criteria
1. Every A&M record retains rights, content/source identity, published/observed/retrieved timing, and canonical links; historical gaps/conflicts preserve both evidence lanes.
2. The declared output `artifacts/tamu/tamu_source_manifest.json` is produced with deterministic identity, provenance, and validation metadata appropriate to this work.
3. The work does not fabricate source availability, empirical results, thresholds, model performance, operational readiness, or completion evidence.
4. A&M detail uses the same cutoffs as national state, augments rather than silently overwrites it, retains uncertainty, and reproduces from pinned versions.
5. The declared output `artifacts/tamu/tamu_high_resolution_state_manifest.json` is produced with deterministic identity, provenance, and validation metadata appropriate to this work.
6. Future/postgame/current-page detail cannot alter earlier snapshots, restricted data is not redistributed, and unsupported fields remain absent/conditional rather than narrative-filled.
7. All prerequisite evidence is linked and unresolved blockers remain explicit; file creation alone cannot pass this gate.

Definition of Done
1. All child subtasks POST-SUBTASK-079, POST-SUBTASK-080, POST-SUBTASK-081 have verified evidence or an explicit accepted-risk/deferred/cancelled disposition consistent with the Story contract.
2. The final gate `POST-SUBTASK-081` completes and proves the Story end-to-end requirement; closing implementation children alone is insufficient.
3. All direct and inherited requirement/control/ADR/risk/gap mappings resolve through the governance context index without missing or invalid identifiers.
4. The Story evidence manifest pins child artifact, source/data/code/config/runtime, split/cutoff, and target-host identities where applicable and preserves failures/null results.
5. Canonical/derived Jira views, live operational fields when connected, dependency links, queues, and downstream states are synchronized and pass strict validation.

Required Tests / Validation
- EXISTING_AUTOMATED_TEST / EXISTING_AUTOMATED_TEST: tests/test_tamu_specialization_governance.py — Run and retain the result when this issue touches the covered contract.
- EXISTING_AUTOMATED_TEST / EXISTING_AUTOMATED_TEST: tests/test_w20_model_starter.py — Run and retain the result when this issue touches the covered contract.
- END_TO_END / END_TO_END: POST-SUBTASK-081 — The final child gate `POST-SUBTASK-081` must prove the integrated Story outcome and downstream-consumable output.
- REPRODUCIBILITY / REPRODUCIBILITY: STORY_EVIDENCE_MANIFEST — Aggregate child artifact hashes, input identities, gate decision, failures, and downstream readiness into a reproducible Story evidence manifest.

Required Evidence
- Verified child completion/evidence manifests for POST-SUBTASK-079, POST-SUBTASK-080, POST-SUBTASK-081.
- Final gate decision from `POST-SUBTASK-081` with criterion-by-criterion PASS/FAIL/BLOCKED outcomes and output hashes.
- Story-level downstream-consumption evidence and an explicit list of issues unlocked, retained blocked, rejected, or deferred.

End-to-End Validation
Any A&M pregame cutoff reconstructs a richer but governance-compatible state with conflicts, missingness, and uncertainty preserved.

Stop Conditions
- Stop if entry dependencies are not complete at required maturity or if the gate cannot evaluate the combined outputs.

Source References
- SRCREF-02057
- SRCREF-02058
- SRCREF-02059
- SRCREF-02060
- SRCREF-02061
- SRCREF-02062
- SRCREF-02063
- SRCREF-02001
- SRCREF-02002
- SRCREF-02003
- SRCREF-02004
- SRCREF-02005
- SRCREF-02006
- SRCREF-01893
- SRCREF-01571
- SRCREF-01894
- SRCREF-01568

Governance Traceability Gate: POST-SUBTASK-087

Canonical Record: jira/records/issues/stories/POST-STORY-027_official_a_and_m_evidence_and_high_resolution_pit_state.json",To Do,High,actionable;core-release;post-wave;story;tamu;local-id-post-story-027,tamu-specialization,POST-STORY-027,GAP-006;GAP-009;HANDOFF-007;HANDOFF-008,PHASE-3,BACKLOG,INTEGRATED,PLANNED,POST_W25,false,SHARED_CONTRACT,AGGREGATE_GATE
Story,BAT-78,100078,"[POST-STORY-028] Peers, regimes, historical analogs, and specialization candidates",100042,"Local ID: POST-STORY-028

Objective
Create leakage-safe comparators and conservative A&M candidate adjustments without forcing an effect.

Why This Exists
This coherent capability closes a defined portion of Texas A&M high-resolution specialization and no-lift-safe evaluation and creates a verifiable output for the next dependency stage.

Scope
Deliver Story POST-STORY-028 (Peers, regimes, historical analogs, and specialization candidates) as one coherent, gated capability inside Epic POST-EPIC-009. Execute child subtasks POST-SUBTASK-082, POST-SUBTASK-083, POST-SUBTASK-084 in dependency order, reconcile their pinned outputs, and require the final gate `POST-SUBTASK-084` to issue an evidence-backed approve/block/reject/defer decision before any downstream use.

Explicit In Scope
- Complete and verify child `POST-SUBTASK-082` — Materialize pregame-observable peer/regime candidates and prior-only historical analog index with distance diagnostics.
- Complete and verify child `POST-SUBTASK-083` — Train global-only, no-adjustment, residual, hierarchical, calibration, shrinkage, and feature-interaction A&M candidates on permitted history.
- Complete and verify child `POST-SUBTASK-084` — Validate peer/analog anti-selection, tuning lift/stability/uncertainty, and seal admissible candidates plus the no-adjustment fallback.
- Integrate the child outputs and execute final gate `POST-SUBTASK-084`.
- Preserve exact source/data/code/config/runtime identities, failures, unresolved blockers, and downstream-consumption evidence.

Explicit Out of Scope
- Work assigned to sibling Stories or another Epic.
- Closing the Story because implementation files exist while the final gate or downstream-consumption proof is incomplete.
- Weakening protected requirements, PIT/source-policy/security controls, accepted ADRs, or evidence thresholds to obtain a passing gate.

Prerequisites / Dependencies
- Hard dependency POST-SUBTASK-081
- Hard dependency POST-SUBTASK-078
- POST-SUBTASK-078
- POST-SUBTASK-081

Acceptance Criteria
1. Peer/regime/analog definitions use only pinned pregame features, exclude same/future outcomes, expose distance/sample/uncertainty, and retain alternative sensitivity specifications.
2. The declared output `artifacts/tamu/peer_regime_analog_registry.json` is produced with deterministic identity, provenance, and validation metadata appropriate to this work.
3. The work does not fabricate source availability, empirical results, thresholds, model performance, operational readiness, or completion evidence.
4. Every candidate includes global-only/no adjustment, uses shrinkage/minimum data, avoids protected A&M outcomes and favorable-regime selection, and preserves null/negative/unstable tuning evidence.
5. The declared output `artifacts/tamu/tamu_specialization_runs.json` is produced with deterministic identity, provenance, and validation metadata appropriate to this work.
6. Outcome-label removal/future-append stability and multiple-comparison diagnostics pass; only precommitted candidates are sealed and no candidate is labeled production-improving yet.
7. All prerequisite evidence is linked and unresolved blockers remain explicit; file creation alone cannot pass this gate.

Definition of Done
1. All child subtasks POST-SUBTASK-082, POST-SUBTASK-083, POST-SUBTASK-084 have verified evidence or an explicit accepted-risk/deferred/cancelled disposition consistent with the Story contract.
2. The final gate `POST-SUBTASK-084` completes and proves the Story end-to-end requirement; closing implementation children alone is insufficient.
3. All direct and inherited requirement/control/ADR/risk/gap mappings resolve through the governance context index without missing or invalid identifiers.
4. The Story evidence manifest pins child artifact, source/data/code/config/runtime, split/cutoff, and target-host identities where applicable and preserves failures/null results.
5. Canonical/derived Jira views, live operational fields when connected, dependency links, queues, and downstream states are synchronized and pass strict validation.

Required Tests / Validation
- EXISTING_AUTOMATED_TEST / EXISTING_AUTOMATED_TEST: tests/test_tamu_specialization_governance.py — Run and retain the result when this issue touches the covered contract.
- EXISTING_AUTOMATED_TEST / EXISTING_AUTOMATED_TEST: tests/test_w20_model_starter.py — Run and retain the result when this issue touches the covered contract.
- END_TO_END / END_TO_END: POST-SUBTASK-084 — The final child gate `POST-SUBTASK-084` must prove the integrated Story outcome and downstream-consumable output.
- REPRODUCIBILITY / REPRODUCIBILITY: STORY_EVIDENCE_MANIFEST — Aggregate child artifact hashes, input identities, gate decision, failures, and downstream readiness into a reproducible Story evidence manifest.

Required Evidence
- Verified child completion/evidence manifests for POST-SUBTASK-082, POST-SUBTASK-083, POST-SUBTASK-084.
- Final gate decision from `POST-SUBTASK-084` with criterion-by-criterion PASS/FAIL/BLOCKED outcomes and output hashes.
- Story-level downstream-consumption evidence and an explicit list of issues unlocked, retained blocked, rejected, or deferred.

End-to-End Validation
A&M candidates and peer/analog definitions are frozen before protected outcomes and always retain a valid global-only/no-adjustment choice.

Stop Conditions
- Stop if entry dependencies are not complete at required maturity or if the gate cannot evaluate the combined outputs.

Source References
- SRCREF-02057
- SRCREF-02058
- SRCREF-02059
- SRCREF-02060
- SRCREF-02061
- SRCREF-02062
- SRCREF-02063
- SRCREF-02001
- SRCREF-02002
- SRCREF-02003
- SRCREF-02004
- SRCREF-02005
- SRCREF-02006
- SRCREF-01893
- SRCREF-01571

Governance Traceability Gate: POST-SUBTASK-087

Canonical Record: jira/records/issues/stories/POST-STORY-028_peers_regimes_historical_analogs_and_specialization_candidates.json",To Do,High,actionable;core-release;post-wave;story;tamu;local-id-post-story-028,tamu-specialization,POST-STORY-028,GAP-009;HANDOFF-007,PHASE-3,BACKLOG,INTEGRATED,PLANNED,POST_W25,false,SHARED_CONTRACT,AGGREGATE_GATE
Story,BAT-79,100079,"[POST-STORY-029] Protected A&M lift, calibration, stability, and integration decision",100042,"Local ID: POST-STORY-029

Objective
Determine whether specialization genuinely improves forecasts and preserve a no-lift result.

Why This Exists
This coherent capability closes a defined portion of Texas A&M high-resolution specialization and no-lift-safe evaluation and creates a verifiable output for the next dependency stage.

Scope
Deliver Story POST-STORY-029 (Protected A&M lift, calibration, stability, and integration decision) as one coherent, gated capability inside Epic POST-EPIC-009. Execute child subtasks POST-SUBTASK-085, POST-SUBTASK-086, POST-SUBTASK-087 in dependency order, reconcile their pinned outputs, and require the final gate `POST-SUBTASK-087` to issue an evidence-backed approve/block/reject/defer decision before any downstream use.

Explicit In Scope
- Complete and verify child `POST-SUBTASK-085` — Generate sealed global-only and A&M candidate predictions inside identical protected chronological replay.
- Complete and verify child `POST-SUBTASK-086` — Measure incremental accuracy, calibration, stability, uncertainty, data-quality sensitivity, and multiple-comparison context.
- Complete and verify child `POST-SUBTASK-087` — Publish the protected A&M specialization admission or no-adjustment decision and integrate it consistently.
- Integrate the child outputs and execute final gate `POST-SUBTASK-087`.
- Preserve exact source/data/code/config/runtime identities, failures, unresolved blockers, and downstream-consumption evidence.

Explicit Out of Scope
- Work assigned to sibling Stories or another Epic.
- Closing the Story because implementation files exist while the final gate or downstream-consumption proof is incomplete.
- Weakening protected requirements, PIT/source-policy/security controls, accepted ADRs, or evidence thresholds to obtain a passing gate.

Prerequisites / Dependencies
- Hard dependency POST-SUBTASK-084
- Hard dependency POST-SUBTASK-102
- POST-SUBTASK-084
- POST-SUBTASK-102

Acceptance Criteria
1. Sealed candidates receive identical games, cutoffs, state, missingness, metrics, and no post-hoc changes; partial failures preserve evidence without feeding outcomes back to tuning.
2. The declared output `artifacts/tamu/tamu_protected_predictions.parquet` is produced with deterministic identity, provenance, and validation metadata appropriate to this work.
3. The work does not fabricate source availability, empirical results, thresholds, model performance, operational readiness, or completion evidence.
4. Evaluation reports confidence/sample/segments and accepts null, negative, unstable, or harmful results without subgroup shopping, relabeling, or unsupported causal claims.
5. The declared output `artifacts/tamu/tamu_protected_evaluation.json` is produced with deterministic identity, provenance, and validation metadata appropriate to this work.
6. The signed decision admits only bounded supported specialization or selects global-only/no adjustment, updates model/product semantics, preserves rejected evidence, and closes GAP-009 only empirically.
7. All prerequisite evidence is linked and unresolved blockers remain explicit; file creation alone cannot pass this gate.

Definition of Done
1. All child subtasks POST-SUBTASK-085, POST-SUBTASK-086, POST-SUBTASK-087 have verified evidence or an explicit accepted-risk/deferred/cancelled disposition consistent with the Story contract.
2. The final gate `POST-SUBTASK-087` completes and proves the Story end-to-end requirement; closing implementation children alone is insufficient.
3. All direct and inherited requirement/control/ADR/risk/gap mappings resolve through the governance context index without missing or invalid identifiers.
4. The Story evidence manifest pins child artifact, source/data/code/config/runtime, split/cutoff, and target-host identities where applicable and preserves failures/null results.
5. Canonical/derived Jira views, live operational fields when connected, dependency links, queues, and downstream states are synchronized and pass strict validation.

Required Tests / Validation
- EXISTING_AUTOMATED_TEST / EXISTING_AUTOMATED_TEST: tests/test_tamu_specialization_governance.py — Run and retain the result when this issue touches the covered contract.
- EXISTING_AUTOMATED_TEST / EXISTING_AUTOMATED_TEST: tests/test_w20_model_starter.py — Run and retain the result when this issue touches the covered contract.
- END_TO_END / END_TO_END: POST-SUBTASK-087 — The final child gate `POST-SUBTASK-087` must prove the integrated Story outcome and downstream-consumable output.
- REPRODUCIBILITY / REPRODUCIBILITY: STORY_EVIDENCE_MANIFEST — Aggregate child artifact hashes, input identities, gate decision, failures, and downstream readiness into a reproducible Story evidence manifest.

Required Evidence
- Verified child completion/evidence manifests for POST-SUBTASK-085, POST-SUBTASK-086, POST-SUBTASK-087.
- Final gate decision from `POST-SUBTASK-087` with criterion-by-criterion PASS/FAIL/BLOCKED outcomes and output hashes.
- Story-level downstream-consumption evidence and an explicit list of issues unlocked, retained blocked, rejected, or deferred.

End-to-End Validation
An identical sealed replay yields an auditable A&M-specialization-or-no-adjustment decision consumed by the production forecast.

Stop Conditions
- Stop if entry dependencies are not complete at required maturity or if the gate cannot evaluate the combined outputs.

Source References
- SRCREF-02057
- SRCREF-02058
- SRCREF-02059
- SRCREF-02060
- SRCREF-02061
- SRCREF-02062
- SRCREF-02063
- SRCREF-02001
- SRCREF-02002
- SRCREF-02003
- SRCREF-02004
- SRCREF-02005
- SRCREF-02006
- SRCREF-01893
- SRCREF-01571

Governance Traceability Gate: POST-SUBTASK-087

Canonical Record: jira/records/issues/stories/POST-STORY-029_protected_a_and_m_lift_calibration_stability_and_integration_decision.json",To Do,High,actionable;core-release;post-wave;story;tamu;local-id-post-story-029,tamu-specialization,POST-STORY-029,GAP-009;HANDOFF-007,PHASE-3,BACKLOG,INTEGRATED,PLANNED,POST_W25,false,SHARED_CONTRACT,AGGREGATE_GATE
Story,BAT-80,100080,[POST-STORY-030] Cross-fitted expectation and protected severity labels,100043,"Local ID: POST-STORY-030

Objective
Generate leakage-safe expected margins and ≥3/7/14/21 residual labels with anti-circularity.

Why This Exists
This coherent capability closes a defined portion of Scientific BAS, general FBS surprise, Aggie excess, and component validation and creates a verifiable output for the next dependency stage.

Scope
Deliver Story POST-STORY-030 (Cross-fitted expectation and protected severity labels) as one coherent, gated capability inside Epic POST-EPIC-010. Execute child subtasks POST-SUBTASK-088, POST-SUBTASK-089, POST-SUBTASK-090 in dependency order, reconcile their pinned outputs, and require the final gate `POST-SUBTASK-090` to issue an evidence-backed approve/block/reject/defer decision before any downstream use.

Explicit In Scope
- Complete and verify child `POST-SUBTASK-088` — Generate out-of-fold or chronological cross-fitted pregame expected margins for every eligible historical game.
- Complete and verify child `POST-SUBTASK-089` — Materialize general surprise and A&M BAS severity labels at protected ≥3, ≥7, ≥14, and ≥21 thresholds.
- Complete and verify child `POST-SUBTASK-090` — Validate direction, thresholds, row lineage, fold isolation, and anti-circularity.
- Integrate the child outputs and execute final gate `POST-SUBTASK-090`.
- Preserve exact source/data/code/config/runtime identities, failures, unresolved blockers, and downstream-consumption evidence.

Explicit Out of Scope
- Work assigned to sibling Stories or another Epic.
- Closing the Story because implementation files exist while the final gate or downstream-consumption proof is incomplete.
- Weakening protected requirements, PIT/source-policy/security controls, accepted ADRs, or evidence thresholds to obtain a passing gate.
- Redefining BAS as generic Texas A&M loss probability or selecting specifications merely to manufacture a nonzero Aggie-specific effect.

Prerequisites / Dependencies
- Hard dependency POST-SUBTASK-078
- Hard dependency POST-SUBTASK-051
- POST-SUBTASK-051
- POST-SUBTASK-078

Acceptance Criteria
1. Each game expectation comes from a model fit without that outcome, inside permitted chronology, with model/fold/data/feature/cutoff/calibration identities per row.
2. The declared output `artifacts/bas/crossfit_expectation_manifest.json` is produced with deterministic identity, provenance, and validation metadata appropriate to this work.
3. The work does not fabricate source availability, empirical results, thresholds, model performance, operational readiness, or completion evidence.
4. Labels use actual performance versus valid expected margin with ≥7 as headline, so a win may be BAS and a loss may not; thresholds/direction are sealed before A&M results.
5. The declared output `artifacts/bas/bas_label_manifest.json` is produced with deterministic identity, provenance, and validation metadata appropriate to this work.
6. Synthetic sign cases and real spot checks prove semantics, every label links to expectation/outcome evidence, and any implementation equating BAS with loss probability fails.
7. All prerequisite evidence is linked and unresolved blockers remain explicit; file creation alone cannot pass this gate.
8. A null, non-significant, unstable, or directionally unsupported Aggie-specific excess result is accepted and reported without forcing a nonzero BAS effect; general FBS surprise and Texas A&M-specific excess remain distinct.

Definition of Done
1. All child subtasks POST-SUBTASK-088, POST-SUBTASK-089, POST-SUBTASK-090 have verified evidence or an explicit accepted-risk/deferred/cancelled disposition consistent with the Story contract.
2. The final gate `POST-SUBTASK-090` completes and proves the Story end-to-end requirement; closing implementation children alone is insufficient.
3. All direct and inherited requirement/control/ADR/risk/gap mappings resolve through the governance context index without missing or invalid identifiers.
4. The Story evidence manifest pins child artifact, source/data/code/config/runtime, split/cutoff, and target-host identities where applicable and preserves failures/null results.
5. Canonical/derived Jira views, live operational fields when connected, dependency links, queues, and downstream states are synchronized and pass strict validation.

Required Tests / Validation
- EXISTING_AUTOMATED_TEST / EXISTING_AUTOMATED_TEST: tests/test_bas_science_governance.py — Run and retain the result when this issue touches the covered contract.
- EXISTING_AUTOMATED_TEST / EXISTING_AUTOMATED_TEST: tests/test_w20_model_starter.py — Run and retain the result when this issue touches the covered contract.
- END_TO_END / END_TO_END: POST-SUBTASK-090 — The final child gate `POST-SUBTASK-090` must prove the integrated Story outcome and downstream-consumable output.
- REPRODUCIBILITY / REPRODUCIBILITY: STORY_EVIDENCE_MANIFEST — Aggregate child artifact hashes, input identities, gate decision, failures, and downstream readiness into a reproducible Story evidence manifest.

Required Evidence
- Verified child completion/evidence manifests for POST-SUBTASK-088, POST-SUBTASK-089, POST-SUBTASK-090.
- Final gate decision from `POST-SUBTASK-090` with criterion-by-criterion PASS/FAIL/BLOCKED outcomes and output hashes.
- Story-level downstream-consumption evidence and an explicit list of issues unlocked, retained blocked, rejected, or deferred.

End-to-End Validation
Every BAS label is a traceable out-of-sample residual severity event rather than a renamed loss or circular model residual.

Stop Conditions
- Stop if entry dependencies are not complete at required maturity or if the gate cannot evaluate the combined outputs.
- Stop if the proposed method, threshold, peer set, fold construction, or product wording would conceal, reject, or overwrite a valid null/no-effect result.

Source References
- SRCREF-02064
- SRCREF-02065
- SRCREF-02066
- SRCREF-02067
- SRCREF-02068
- SRCREF-02069
- SRCREF-02070
- SRCREF-02001
- SRCREF-02002
- SRCREF-02003
- SRCREF-02004
- SRCREF-02005
- SRCREF-02006
- SRCREF-01895
- SRCREF-01571
- SRCREF-00999
- SRCREF-01000

Governance Traceability Gate: POST-SUBTASK-096

Canonical Record: jira/records/issues/stories/POST-STORY-030_cross_fitted_expectation_and_protected_severity_labels.json",To Do,High,actionable;bas;core-release;post-wave;story;local-id-post-story-030,bas-science,POST-STORY-030,AC-020;AC-021;GAP-009;HANDOFF-009,PHASE-3,BACKLOG,INTEGRATED,PLANNED,POST_W25,false,SHARED_CONTRACT,AGGREGATE_GATE
Story,BAT-81,100081,"[POST-STORY-031] General FBS baseline, Aggie excess, and components",100043,"Local ID: POST-STORY-031

Objective
Separate ordinary football surprise from any incremental A&M effect and decompose outcomes without changing the headline.

Why This Exists
This coherent capability closes a defined portion of Scientific BAS, general FBS surprise, Aggie excess, and component validation and creates a verifiable output for the next dependency stage.

Scope
Deliver Story POST-STORY-031 (General FBS baseline, Aggie excess, and components) as one coherent, gated capability inside Epic POST-EPIC-010. Execute child subtasks POST-SUBTASK-091, POST-SUBTASK-092, POST-SUBTASK-093 in dependency order, reconcile their pinned outputs, and require the final gate `POST-SUBTASK-093` to issue an evidence-backed approve/block/reject/defer decision before any downstream use.

Explicit In Scope
- Complete and verify child `POST-SUBTASK-091` — Estimate out-of-sample general FBS severity probabilities and residual distributions across seasons/regimes/contexts.
- Complete and verify child `POST-SUBTASK-092` — Estimate A&M excess versus FBS, precommitted peers/regimes, and matched contexts plus offensive/defensive/special-teams/collapse component evidence.
- Complete and verify child `POST-SUBTASK-093` — Validate peer sensitivity, multiple comparisons, component coherence, uncertainty, coverage, and null-result handling.
- Integrate the child outputs and execute final gate `POST-SUBTASK-093`.
- Preserve exact source/data/code/config/runtime identities, failures, unresolved blockers, and downstream-consumption evidence.

Explicit Out of Scope
- Work assigned to sibling Stories or another Epic.
- Closing the Story because implementation files exist while the final gate or downstream-consumption proof is incomplete.
- Weakening protected requirements, PIT/source-policy/security controls, accepted ADRs, or evidence thresholds to obtain a passing gate.
- Redefining BAS as generic Texas A&M loss probability or selecting specifications merely to manufacture a nonzero Aggie-specific effect.

Prerequisites / Dependencies
- Hard dependency POST-SUBTASK-090
- Hard dependency POST-SUBTASK-084
- POST-SUBTASK-084
- POST-SUBTASK-090

Acceptance Criteria
1. General rates/probabilities are cross-fitted and calibrated with uncertainty; sparse regimes and team effects are not smuggled into a universal baseline.
2. The declared output `artifacts/bas/general_fbs_baseline.json` is produced with deterministic identity, provenance, and validation metadata appropriate to this work.
3. The work does not fabricate source availability, empirical results, thresholds, model performance, operational readiness, or completion evidence.
4. A&M analyses use sealed expectations/peers, report effect/sample/sensitivity uncertainty, accept zero/negative/unstable excess, and make components unavailable when granular evidence is absent.
5. The declared output `artifacts/bas/aggie_excess_components.json` is produced with deterministic identity, provenance, and validation metadata appropriate to this work.
6. No post-hoc peer/time/threshold subgroup is elevated for a preferred effect, components do not replace the ≥7 headline or imply additive causality, and product claims are bounded to evidence.
7. All prerequisite evidence is linked and unresolved blockers remain explicit; file creation alone cannot pass this gate.
8. A null, non-significant, unstable, or directionally unsupported Aggie-specific excess result is accepted and reported without forcing a nonzero BAS effect; general FBS surprise and Texas A&M-specific excess remain distinct.

Definition of Done
1. All child subtasks POST-SUBTASK-091, POST-SUBTASK-092, POST-SUBTASK-093 have verified evidence or an explicit accepted-risk/deferred/cancelled disposition consistent with the Story contract.
2. The final gate `POST-SUBTASK-093` completes and proves the Story end-to-end requirement; closing implementation children alone is insufficient.
3. All direct and inherited requirement/control/ADR/risk/gap mappings resolve through the governance context index without missing or invalid identifiers.
4. The Story evidence manifest pins child artifact, source/data/code/config/runtime, split/cutoff, and target-host identities where applicable and preserves failures/null results.
5. Canonical/derived Jira views, live operational fields when connected, dependency links, queues, and downstream states are synchronized and pass strict validation.

Required Tests / Validation
- EXISTING_AUTOMATED_TEST / EXISTING_AUTOMATED_TEST: tests/test_bas_science_governance.py — Run and retain the result when this issue touches the covered contract.
- EXISTING_AUTOMATED_TEST / EXISTING_AUTOMATED_TEST: tests/test_w20_model_starter.py — Run and retain the result when this issue touches the covered contract.
- END_TO_END / END_TO_END: POST-SUBTASK-093 — The final child gate `POST-SUBTASK-093` must prove the integrated Story outcome and downstream-consumable output.
- REPRODUCIBILITY / REPRODUCIBILITY: STORY_EVIDENCE_MANIFEST — Aggregate child artifact hashes, input identities, gate decision, failures, and downstream readiness into a reproducible Story evidence manifest.

Required Evidence
- Verified child completion/evidence manifests for POST-SUBTASK-091, POST-SUBTASK-092, POST-SUBTASK-093.
- Final gate decision from `POST-SUBTASK-093` with criterion-by-criterion PASS/FAIL/BLOCKED outcomes and output hashes.
- Story-level downstream-consumption evidence and an explicit list of issues unlocked, retained blocked, rejected, or deferred.

End-to-End Validation
General surprise, possible Aggie excess, and explanatory components are estimated from sealed residual evidence with null results and uncertainty preserved.

Stop Conditions
- Stop if entry dependencies are not complete at required maturity or if the gate cannot evaluate the combined outputs.
- Stop if the proposed method, threshold, peer set, fold construction, or product wording would conceal, reject, or overwrite a valid null/no-effect result.

Source References
- SRCREF-02064
- SRCREF-02065
- SRCREF-02066
- SRCREF-02067
- SRCREF-02068
- SRCREF-02069
- SRCREF-02070
- SRCREF-02001
- SRCREF-02002
- SRCREF-02003
- SRCREF-02004
- SRCREF-02005
- SRCREF-02006
- SRCREF-01895
- SRCREF-01571

Governance Traceability Gate: POST-SUBTASK-096

Canonical Record: jira/records/issues/stories/POST-STORY-031_general_fbs_baseline_aggie_excess_and_components.json",To Do,High,actionable;bas;core-release;post-wave;story;local-id-post-story-031,bas-science,POST-STORY-031,GAP-009;HANDOFF-009,PHASE-3,BACKLOG,INTEGRATED,PLANNED,POST_W25,false,SHARED_CONTRACT,AGGREGATE_GATE
Story,BAT-82,100082,"[POST-STORY-032] Protected calibration, stability, scientific decision, and product semantics",100043,"Local ID: POST-STORY-032

Objective
Publish only supported BAS probabilities and truthful null/inconclusive findings.

Why This Exists
This coherent capability closes a defined portion of Scientific BAS, general FBS surprise, Aggie excess, and component validation and creates a verifiable output for the next dependency stage.

Scope
Deliver Story POST-STORY-032 (Protected calibration, stability, scientific decision, and product semantics) as one coherent, gated capability inside Epic POST-EPIC-010. Execute child subtasks POST-SUBTASK-094, POST-SUBTASK-095, POST-SUBTASK-096 in dependency order, reconcile their pinned outputs, and require the final gate `POST-SUBTASK-096` to issue an evidence-backed approve/block/reject/defer decision before any downstream use.

Explicit In Scope
- Complete and verify child `POST-SUBTASK-094` — Evaluate ≥3/7/14/21 calibration, discrimination, reliability, uncertainty, and national/A&M/peer/regime scorecards on sealed predictions.
- Complete and verify child `POST-SUBTASK-095` — Run precommitted temporal, peer, regime, model, cutoff, missingness, data-quality, and specification sensitivity analyses.
- Complete and verify child `POST-SUBTASK-096` — Publish the final BAS scientific decision and prediction-first product language contract.
- Integrate the child outputs and execute final gate `POST-SUBTASK-096`.
- Preserve exact source/data/code/config/runtime identities, failures, unresolved blockers, and downstream-consumption evidence.

Explicit Out of Scope
- Work assigned to sibling Stories or another Epic.
- Closing the Story because implementation files exist while the final gate or downstream-consumption proof is incomplete.
- Weakening protected requirements, PIT/source-policy/security controls, accepted ADRs, or evidence thresholds to obtain a passing gate.
- Redefining BAS as generic Texas A&M loss probability or selecting specifications merely to manufacture a nonzero Aggie-specific effect.

Prerequisites / Dependencies
- Hard dependency POST-SUBTASK-093
- Hard dependency POST-SUBTASK-102
- POST-SUBTASK-093
- POST-SUBTASK-102

Acceptance Criteria
1. Scorecards include sample sizes, intervals/reliability, all protected thresholds/segments, and no protected refitting; small A&M samples never receive false precision.
2. The declared output `artifacts/bas/bas_protected_scorecard.json` is produced with deterministic identity, provenance, and validation metadata appropriate to this work.
3. The work does not fabricate source availability, empirical results, thresholds, model performance, operational readiness, or completion evidence.
4. All precommitted sensitivity and negative/sign-changing results are reported, model miscalibration is distinguished from team excess, and no post-hoc choice changes the headline conclusion.
5. The declared output `artifacts/bas/bas_stability_analysis.json` is produced with deterministic identity, provenance, and validation metadata appropriate to this work.
6. The decision states supported/unsupported/inconclusive general and A&M findings with hashes; product keeps prediction primary, permits witty framing, prohibits loss-probability substitution, and never forces nonzero BAS.
7. All prerequisite evidence is linked and unresolved blockers remain explicit; file creation alone cannot pass this gate.
8. A null, non-significant, unstable, or directionally unsupported Aggie-specific excess result is accepted and reported without forcing a nonzero BAS effect; general FBS surprise and Texas A&M-specific excess remain distinct.

Definition of Done
1. All child subtasks POST-SUBTASK-094, POST-SUBTASK-095, POST-SUBTASK-096 have verified evidence or an explicit accepted-risk/deferred/cancelled disposition consistent with the Story contract.
2. The final gate `POST-SUBTASK-096` completes and proves the Story end-to-end requirement; closing implementation children alone is insufficient.
3. All direct and inherited requirement/control/ADR/risk/gap mappings resolve through the governance context index without missing or invalid identifiers.
4. The Story evidence manifest pins child artifact, source/data/code/config/runtime, split/cutoff, and target-host identities where applicable and preserves failures/null results.
5. Canonical/derived Jira views, live operational fields when connected, dependency links, queues, and downstream states are synchronized and pass strict validation.

Required Tests / Validation
- EXISTING_AUTOMATED_TEST / EXISTING_AUTOMATED_TEST: tests/test_bas_science_governance.py — Run and retain the result when this issue touches the covered contract.
- EXISTING_AUTOMATED_TEST / EXISTING_AUTOMATED_TEST: tests/test_w20_model_starter.py — Run and retain the result when this issue touches the covered contract.
- END_TO_END / END_TO_END: POST-SUBTASK-096 — The final child gate `POST-SUBTASK-096` must prove the integrated Story outcome and downstream-consumable output.
- REPRODUCIBILITY / REPRODUCIBILITY: STORY_EVIDENCE_MANIFEST — Aggregate child artifact hashes, input identities, gate decision, failures, and downstream readiness into a reproducible Story evidence manifest.

Required Evidence
- Verified child completion/evidence manifests for POST-SUBTASK-094, POST-SUBTASK-095, POST-SUBTASK-096.
- Final gate decision from `POST-SUBTASK-096` with criterion-by-criterion PASS/FAIL/BLOCKED outcomes and output hashes.
- Story-level downstream-consumption evidence and an explicit list of issues unlocked, retained blocked, rejected, or deferred.

End-to-End Validation
Calibrated protected evidence yields a scientifically bounded BAS result and product contract that remains valid even when no persistent Aggie-specific excess exists.

Stop Conditions
- Stop if entry dependencies are not complete at required maturity or if the gate cannot evaluate the combined outputs.
- Stop if the proposed method, threshold, peer set, fold construction, or product wording would conceal, reject, or overwrite a valid null/no-effect result.

Source References
- SRCREF-02064
- SRCREF-02065
- SRCREF-02066
- SRCREF-02067
- SRCREF-02068
- SRCREF-02069
- SRCREF-02070
- SRCREF-02001
- SRCREF-02002
- SRCREF-02003
- SRCREF-02004
- SRCREF-02005
- SRCREF-02006
- SRCREF-01895
- SRCREF-01571

Governance Traceability Gate: POST-SUBTASK-096

Canonical Record: jira/records/issues/stories/POST-STORY-032_protected_calibration_stability_scientific_decision_and_product_semantics.json",To Do,High,actionable;bas;core-release;post-wave;story;local-id-post-story-032,bas-science,POST-STORY-032,GAP-009;HANDOFF-009,PHASE-3,BACKLOG,INTEGRATED,PLANNED,POST_W25,false,SHARED_CONTRACT,AGGREGATE_GATE
Story,BAT-83,100083,"[POST-STORY-033] Protected split, judging rule, threshold, candidate, and access seal",100044,"Local ID: POST-STORY-033

Objective
Prove evaluation inputs and decisions were frozen before protected outcomes are accessed.

Why This Exists
This coherent capability closes a defined portion of Protected chronological evaluation, calibration, and champion promotion and creates a verifiable output for the next dependency stage.

Scope
Deliver Story POST-STORY-033 (Protected split, judging rule, threshold, candidate, and access seal) as one coherent, gated capability inside Epic POST-EPIC-011. Execute child subtasks POST-SUBTASK-097, POST-SUBTASK-098, POST-SUBTASK-099 in dependency order, reconcile their pinned outputs, and require the final gate `POST-SUBTASK-099` to issue an evidence-backed approve/block/reject/defer decision before any downstream use.

Explicit In Scope
- Complete and verify child `POST-SUBTASK-097` — Verify protected split, judging-rule, threshold, feature, model, A&M, BAS, peer, and candidate seal hashes.
- Complete and verify child `POST-SUBTASK-098` — Establish protected-outcome access isolation, audit logging, one-way evidence, and failure preservation.
- Complete and verify child `POST-SUBTASK-099` — Authorize or block the exact sealed protected evaluation run.
- Integrate the child outputs and execute final gate `POST-SUBTASK-099`.
- Preserve exact source/data/code/config/runtime identities, failures, unresolved blockers, and downstream-consumption evidence.

Explicit Out of Scope
- Work assigned to sibling Stories or another Epic.
- Closing the Story because implementation files exist while the final gate or downstream-consumption proof is incomplete.
- Weakening protected requirements, PIT/source-policy/security controls, accepted ADRs, or evidence thresholds to obtain a passing gate.

Prerequisites / Dependencies
- Hard dependency POST-SUBTASK-078
- Hard dependency POST-SUBTASK-084
- Hard dependency POST-SUBTASK-090
- POST-SUBTASK-078
- POST-SUBTASK-084
- POST-SUBTASK-090

Acceptance Criteria
1. All seal files/registries/assignments/thresholds/data identities match recorded hashes; a mutation or missing seal blocks evaluation and cannot be waived to make a candidate pass.
2. The declared output `artifacts/validation/protected_seal_verification.json` is produced with deterministic identity, provenance, and validation metadata appropriate to this work.
3. The work does not fabricate source availability, empirical results, thresholds, model performance, operational readiness, or completion evidence.
4. Only evaluation code can access protected outcomes, every access is attributable, training/tuning cannot read labels/scorecards, and partial failures do not return outcomes for iterative tuning.
5. The declared output `artifacts/validation/protected_access_protocol_test.json` is produced with deterministic identity, provenance, and validation metadata appropriate to this work.
6. Authorization names exact candidates/tasks/cutoffs/lanes/splits/metrics/thresholds/evidence destinations and verifies all PIT/feature/model/A&M/BAS prerequisites or remains blocked.
7. All prerequisite evidence is linked and unresolved blockers remain explicit; file creation alone cannot pass this gate.

Definition of Done
1. All child subtasks POST-SUBTASK-097, POST-SUBTASK-098, POST-SUBTASK-099 have verified evidence or an explicit accepted-risk/deferred/cancelled disposition consistent with the Story contract.
2. The final gate `POST-SUBTASK-099` completes and proves the Story end-to-end requirement; closing implementation children alone is insufficient.
3. All direct and inherited requirement/control/ADR/risk/gap mappings resolve through the governance context index without missing or invalid identifiers.
4. The Story evidence manifest pins child artifact, source/data/code/config/runtime, split/cutoff, and target-host identities where applicable and preserves failures/null results.
5. Canonical/derived Jira views, live operational fields when connected, dependency links, queues, and downstream states are synchronized and pass strict validation.

Required Tests / Validation
- EXISTING_AUTOMATED_TEST / EXISTING_AUTOMATED_TEST: tests/test_validation_science_governance.py — Run and retain the result when this issue touches the covered contract.
- EXISTING_AUTOMATED_TEST / EXISTING_AUTOMATED_TEST: tests/test_w25_final_handoff.py — Run and retain the result when this issue touches the covered contract.
- END_TO_END / END_TO_END: POST-SUBTASK-099 — The final child gate `POST-SUBTASK-099` must prove the integrated Story outcome and downstream-consumable output.
- REPRODUCIBILITY / REPRODUCIBILITY: STORY_EVIDENCE_MANIFEST — Aggregate child artifact hashes, input identities, gate decision, failures, and downstream readiness into a reproducible Story evidence manifest.

Required Evidence
- Verified child completion/evidence manifests for POST-SUBTASK-097, POST-SUBTASK-098, POST-SUBTASK-099.
- Final gate decision from `POST-SUBTASK-099` with criterion-by-criterion PASS/FAIL/BLOCKED outcomes and output hashes.
- Story-level downstream-consumption evidence and an explicit list of issues unlocked, retained blocked, rejected, or deferred.

End-to-End Validation
An immutable, auditable authorization proves what may be evaluated and prevents protected outcomes from influencing candidate construction.

Stop Conditions
- Stop if entry dependencies are not complete at required maturity or if the gate cannot evaluate the combined outputs.

Source References
- SRCREF-02071
- SRCREF-02072
- SRCREF-02073
- SRCREF-02074
- SRCREF-02075
- SRCREF-02076
- SRCREF-02077
- SRCREF-02078
- SRCREF-02001
- SRCREF-02002
- SRCREF-02003
- SRCREF-02004
- SRCREF-02005
- SRCREF-02006
- SRCREF-01892
- SRCREF-01570
- SRCREF-01571
- SRCREF-01893
- SRCREF-01895
- SRCREF-00992
- SRCREF-00994
- SRCREF-00996

Governance Traceability Gate: POST-SUBTASK-105

Canonical Record: jira/records/issues/stories/POST-STORY-033_protected_split_judging_rule_threshold_candidate_and_access_seal.json",To Do,High,actionable;core-release;post-wave;story;validation;local-id-post-story-033,validation-promotion,POST-STORY-033,AC-013;AC-015;AC-017;GAP-008;GAP-009;HANDOFF-006;HANDOFF-007;HANDOFF-009,PHASE-4,BACKLOG,INTEGRATED,PLANNED,POST_W25,true,SHARED_CONTRACT,AGGREGATE_GATE
Story,BAT-84,100084,[POST-STORY-034] Sealed walk-forward predictions and complete scorecards,100044,"Local ID: POST-STORY-034

Objective
Generate immutable protected predictions and independently reproducible evaluation evidence.

Why This Exists
This coherent capability closes a defined portion of Protected chronological evaluation, calibration, and champion promotion and creates a verifiable output for the next dependency stage.

Scope
Deliver Story POST-STORY-034 (Sealed walk-forward predictions and complete scorecards) as one coherent, gated capability inside Epic POST-EPIC-011. Execute child subtasks POST-SUBTASK-100, POST-SUBTASK-101, POST-SUBTASK-102 in dependency order, reconcile their pinned outputs, and require the final gate `POST-SUBTASK-102` to issue an evidence-backed approve/block/reject/defer decision before any downstream use.

Explicit In Scope
- Complete and verify child `POST-SUBTASK-100` — Execute the sealed national, A&M-candidate, and BAS-support chronological replay once.
- Complete and verify child `POST-SUBTASK-101` — Compute complete score, margin, win, distribution, calibration, BAS, A&M, OOD, coherence, robustness, market-lane, and segment scorecards.
- Complete and verify child `POST-SUBTASK-102` — Validate prediction coverage, scorecard completeness, hashes, ordering, no-early-access, and independent reproducibility.
- Integrate the child outputs and execute final gate `POST-SUBTASK-102`.
- Preserve exact source/data/code/config/runtime identities, failures, unresolved blockers, and downstream-consumption evidence.

Explicit Out of Scope
- Work assigned to sibling Stories or another Epic.
- Closing the Story because implementation files exist while the final gate or downstream-consumption proof is incomplete.
- Weakening protected requirements, PIT/source-policy/security controls, accepted ADRs, or evidence thresholds to obtain a passing gate.

Prerequisites / Dependencies
- Hard dependency POST-SUBTASK-099
- POST-SUBTASK-099

Acceptance Criteria
1. Replay advances chronologically with only then-available state/models/calibrators/thresholds, records every identity, and retries cannot change membership or expose partial scores.
2. The declared output `artifacts/validation/protected_predictions.parquet` is produced with deterministic identity, provenance, and validation metadata appropriate to this work.
3. The work does not fabricate source availability, empirical results, thresholds, model performance, operational readiness, or completion evidence.
4. All precommitted metrics/segments include baselines, sample sizes, uncertainty, missing predictions, failures, calibration/coherence/OOD and no unfavorable metric is omitted.
5. The declared output `artifacts/validation/protected_scorecards.json` is produced with deterministic identity, provenance, and validation metadata appropriate to this work.
6. Independent recomputation reproduces metrics/candidate ordering, verifies seals/access/row identity, and incomplete/corrupt evaluation cannot be summarized as a winner.
7. All prerequisite evidence is linked and unresolved blockers remain explicit; file creation alone cannot pass this gate.

Definition of Done
1. All child subtasks POST-SUBTASK-100, POST-SUBTASK-101, POST-SUBTASK-102 have verified evidence or an explicit accepted-risk/deferred/cancelled disposition consistent with the Story contract.
2. The final gate `POST-SUBTASK-102` completes and proves the Story end-to-end requirement; closing implementation children alone is insufficient.
3. All direct and inherited requirement/control/ADR/risk/gap mappings resolve through the governance context index without missing or invalid identifiers.
4. The Story evidence manifest pins child artifact, source/data/code/config/runtime, split/cutoff, and target-host identities where applicable and preserves failures/null results.
5. Canonical/derived Jira views, live operational fields when connected, dependency links, queues, and downstream states are synchronized and pass strict validation.

Required Tests / Validation
- EXISTING_AUTOMATED_TEST / EXISTING_AUTOMATED_TEST: tests/test_validation_science_governance.py — Run and retain the result when this issue touches the covered contract.
- EXISTING_AUTOMATED_TEST / EXISTING_AUTOMATED_TEST: tests/test_w25_final_handoff.py — Run and retain the result when this issue touches the covered contract.
- END_TO_END / END_TO_END: POST-SUBTASK-102 — The final child gate `POST-SUBTASK-102` must prove the integrated Story outcome and downstream-consumable output.
- REPRODUCIBILITY / REPRODUCIBILITY: STORY_EVIDENCE_MANIFEST — Aggregate child artifact hashes, input identities, gate decision, failures, and downstream readiness into a reproducible Story evidence manifest.

Required Evidence
- Verified child completion/evidence manifests for POST-SUBTASK-100, POST-SUBTASK-101, POST-SUBTASK-102.
- Final gate decision from `POST-SUBTASK-102` with criterion-by-criterion PASS/FAIL/BLOCKED outcomes and output hashes.
- Story-level downstream-consumption evidence and an explicit list of issues unlocked, retained blocked, rejected, or deferred.

End-to-End Validation
Sealed immutable predictions generate complete scorecards that a separate process can reproduce without reopening tuning.

Stop Conditions
- Stop if entry dependencies are not complete at required maturity or if the gate cannot evaluate the combined outputs.

Source References
- SRCREF-02071
- SRCREF-02072
- SRCREF-02073
- SRCREF-02074
- SRCREF-02075
- SRCREF-02076
- SRCREF-02077
- SRCREF-02078
- SRCREF-02001
- SRCREF-02002
- SRCREF-02003
- SRCREF-02004
- SRCREF-02005
- SRCREF-02006
- SRCREF-01892
- SRCREF-01570
- SRCREF-01571

Governance Traceability Gate: POST-SUBTASK-105

Canonical Record: jira/records/issues/stories/POST-STORY-034_sealed_walk_forward_predictions_and_complete_scorecards.json",To Do,High,actionable;core-release;post-wave;story;validation;local-id-post-story-034,validation-promotion,POST-STORY-034,GAP-008;GAP-009;HANDOFF-006,PHASE-4,BACKLOG,INTEGRATED,PLANNED,POST_W25,true,SHARED_CONTRACT,AGGREGATE_GATE
Story,BAT-85,100085,"[POST-STORY-035] Calibration/robustness gates, A&M/BAS decisions, and champion promotion",100044,"Local ID: POST-STORY-035

Objective
Apply every release-blocking gate and sign a champion only when protected evidence supports one.

Why This Exists
This coherent capability closes a defined portion of Protected chronological evaluation, calibration, and champion promotion and creates a verifiable output for the next dependency stage.

Scope
Deliver Story POST-STORY-035 (Calibration/robustness gates, A&M/BAS decisions, and champion promotion) as one coherent, gated capability inside Epic POST-EPIC-011. Execute child subtasks POST-SUBTASK-103, POST-SUBTASK-104, POST-SUBTASK-105 in dependency order, reconcile their pinned outputs, and require the final gate `POST-SUBTASK-105` to issue an evidence-backed approve/block/reject/defer decision before any downstream use.

Explicit In Scope
- Complete and verify child `POST-SUBTASK-103` — Evaluate task-specific calibration, intervals, tails, coherence, OOD, missingness, season/regime/source shift, market ablation, and resource robustness.
- Complete and verify child `POST-SUBTASK-104` — Apply the precommitted multi-task promotion policy, uncertainty, simplicity, operational compatibility, A&M decision, and BAS scientific decision.
- Complete and verify child `POST-SUBTASK-105` — Publish signed champion/retain-incumbent/no-champion artifacts and the full promotion gate matrix.
- Integrate the child outputs and execute final gate `POST-SUBTASK-105`.
- Preserve exact source/data/code/config/runtime identities, failures, unresolved blockers, and downstream-consumption evidence.

Explicit Out of Scope
- Work assigned to sibling Stories or another Epic.
- Closing the Story because implementation files exist while the final gate or downstream-consumption proof is incomplete.
- Weakening protected requirements, PIT/source-policy/security controls, accepted ADRs, or evidence thresholds to obtain a passing gate.

Prerequisites / Dependencies
- Hard dependency POST-SUBTASK-102
- Hard dependency POST-SUBTASK-087
- Hard dependency POST-SUBTASK-096
- POST-SUBTASK-087
- POST-SUBTASK-096
- POST-SUBTASK-102

Acceptance Criteria
1. Calibration failures cannot hide behind aggregate accuracy, unsupported conditions abstain/degrade, closing-market skill is separated, and every release-blocking control receives evidence-backed PASS/FAIL/BLOCKED/N-A/INCONCLUSIVE.
2. The declared output `artifacts/validation/calibration_robustness_report.json` is produced with deterministic identity, provenance, and validation metadata appropriate to this work.
3. The work does not fabricate source availability, empirical results, thresholds, model performance, operational readiness, or completion evidence.
4. No new metric/weight/threshold/candidate/segment is created after protected results; ties/inconclusive outcomes follow the sealed simpler/incumbent/no-promotion rule and null A&M/BAS findings remain valid.
5. The declared output `artifacts/validation/promotion_ranking.json` is produced with deterministic identity, provenance, and validation metadata appropriate to this work.
6. A signed artifact pins data/features/code/dependencies/splits/model/calibrators/A&M/BAS/OOD/scorecards and reproduces predictions, or no champion is written; GAP-008 closes only through genuine protected evidence.
7. All prerequisite evidence is linked and unresolved blockers remain explicit; file creation alone cannot pass this gate.

Definition of Done
1. All child subtasks POST-SUBTASK-103, POST-SUBTASK-104, POST-SUBTASK-105 have verified evidence or an explicit accepted-risk/deferred/cancelled disposition consistent with the Story contract.
2. The final gate `POST-SUBTASK-105` completes and proves the Story end-to-end requirement; closing implementation children alone is insufficient.
3. All direct and inherited requirement/control/ADR/risk/gap mappings resolve through the governance context index without missing or invalid identifiers.
4. The Story evidence manifest pins child artifact, source/data/code/config/runtime, split/cutoff, and target-host identities where applicable and preserves failures/null results.
5. Canonical/derived Jira views, live operational fields when connected, dependency links, queues, and downstream states are synchronized and pass strict validation.

Required Tests / Validation
- EXISTING_AUTOMATED_TEST / EXISTING_AUTOMATED_TEST: tests/test_validation_science_governance.py — Run and retain the result when this issue touches the covered contract.
- EXISTING_AUTOMATED_TEST / EXISTING_AUTOMATED_TEST: tests/test_w25_final_handoff.py — Run and retain the result when this issue touches the covered contract.
- END_TO_END / END_TO_END: POST-SUBTASK-105 — The final child gate `POST-SUBTASK-105` must prove the integrated Story outcome and downstream-consumable output.
- REPRODUCIBILITY / REPRODUCIBILITY: STORY_EVIDENCE_MANIFEST — Aggregate child artifact hashes, input identities, gate decision, failures, and downstream readiness into a reproducible Story evidence manifest.

Required Evidence
- Verified child completion/evidence manifests for POST-SUBTASK-103, POST-SUBTASK-104, POST-SUBTASK-105.
- Final gate decision from `POST-SUBTASK-105` with criterion-by-criterion PASS/FAIL/BLOCKED outcomes and output hashes.
- Story-level downstream-consumption evidence and an explicit list of issues unlocked, retained blocked, rejected, or deferred.

End-to-End Validation
All sealed candidates receive complete reproducible protected evaluation and the system produces a signed champion or explicit no-champion result without fabricated performance.

Stop Conditions
- Stop if entry dependencies are not complete at required maturity or if the gate cannot evaluate the combined outputs.

Source References
- SRCREF-02071
- SRCREF-02072
- SRCREF-02073
- SRCREF-02074
- SRCREF-02075
- SRCREF-02076
- SRCREF-02077
- SRCREF-02078
- SRCREF-02001
- SRCREF-02002
- SRCREF-02003
- SRCREF-02004
- SRCREF-02005
- SRCREF-02006
- SRCREF-01892
- SRCREF-01570
- SRCREF-01571

Governance Traceability Gate: POST-SUBTASK-105

Canonical Record: jira/records/issues/stories/POST-STORY-035_calibration_robustness_gates_a_and_m_bas_decisions_and_champion_promotion.json",To Do,High,actionable;core-release;post-wave;story;validation;local-id-post-story-035,validation-promotion,POST-STORY-035,GAP-008;GAP-009;HANDOFF-006,PHASE-4,BACKLOG,INTEGRATED,PLANNED,POST_W25,true,SHARED_CONTRACT,AGGREGATE_GATE
Story,BAT-86,100086,[POST-STORY-036] Production weekly acquisition-to-prediction chain,100045,"Local ID: POST-STORY-036

Objective
Convert the W21 starter into a real, resumable, fail-closed weekly workflow.

Why This Exists
This coherent capability closes a defined portion of Autonomous weekly real-data execution and immutable forecast publication and creates a verifiable output for the next dependency stage.

Scope
Deliver Story POST-STORY-036 (Production weekly acquisition-to-prediction chain) as one coherent, gated capability inside Epic POST-EPIC-012. Execute child subtasks POST-SUBTASK-106, POST-SUBTASK-107, POST-SUBTASK-108 in dependency order, reconcile their pinned outputs, and require the final gate `POST-SUBTASK-108` to issue an evidence-backed approve/block/reject/defer decision before any downstream use.

Explicit In Scope
- Complete and verify child `POST-SUBTASK-106` — Wire approved adapters through immutable raw capture, normalization, entities, PIT state, features, approved model, calibration, and prediction.
- Complete and verify child `POST-SUBTASK-107` — Implement deterministic run identities, checkpoints, retries, resume, quarantine, rerun, and failure propagation.
- Complete and verify child `POST-SUBTASK-108` — Validate representative real end-to-end run lineage, resources, blockers, and no-fixture production behavior.
- Integrate the child outputs and execute final gate `POST-SUBTASK-108`.
- Preserve exact source/data/code/config/runtime identities, failures, unresolved blockers, and downstream-consumption evidence.

Explicit Out of Scope
- Work assigned to sibling Stories or another Epic.
- Closing the Story because implementation files exist while the final gate or downstream-consumption proof is incomplete.
- Weakening protected requirements, PIT/source-policy/security controls, accepted ADRs, or evidence thresholds to obtain a passing gate.

Prerequisites / Dependencies
- Hard dependency POST-SUBTASK-105
- Hard dependency POST-SUBTASK-024
- POST-SUBTASK-024
- POST-SUBTASK-105

Acceptance Criteria
1. Each stage pins source/raw/entity/state/matrix/feature/model/cutoff/config identities, consumes only passed prerequisites, and fails on rights/drift/PIT/model blockers without synthetic shortcuts.
2. The declared output `artifacts/mlops/weekly_pipeline_integration.json` is produced with deterministic identity, provenance, and validation metadata appropriate to this work.
3. The work does not fabricate source availability, empirical results, thresholds, model performance, operational readiness, or completion evidence.
4. Identical inputs produce the same run identity/outcomes, resume starts at the last verified checkpoint, duplicates are prevented, and quarantine/failed gates cannot be skipped.
5. The declared output `artifacts/mlops/checkpoint_resume_test.json` is produced with deterministic identity, provenance, and validation metadata appropriate to this work.
6. A real representative run emits complete timing/resource/test/evidence lineage and injected source/schema/disk/model/publication failures stop and recover at the correct boundary.
7. All prerequisite evidence is linked and unresolved blockers remain explicit; file creation alone cannot pass this gate.

Definition of Done
1. All child subtasks POST-SUBTASK-106, POST-SUBTASK-107, POST-SUBTASK-108 have verified evidence or an explicit accepted-risk/deferred/cancelled disposition consistent with the Story contract.
2. The final gate `POST-SUBTASK-108` completes and proves the Story end-to-end requirement; closing implementation children alone is insufficient.
3. All direct and inherited requirement/control/ADR/risk/gap mappings resolve through the governance context index without missing or invalid identifiers.
4. The Story evidence manifest pins child artifact, source/data/code/config/runtime, split/cutoff, and target-host identities where applicable and preserves failures/null results.
5. Canonical/derived Jira views, live operational fields when connected, dependency links, queues, and downstream states are synchronized and pass strict validation.

Required Tests / Validation
- EXISTING_AUTOMATED_TEST / EXISTING_AUTOMATED_TEST: tests/test_w21_weekly_mlops.py — Run and retain the result when this issue touches the covered contract.
- EXISTING_AUTOMATED_TEST / EXISTING_AUTOMATED_TEST: tools/validate_w21_mlops.py — Run and retain the result when this issue touches the covered contract.
- END_TO_END / END_TO_END: POST-SUBTASK-108 — The final child gate `POST-SUBTASK-108` must prove the integrated Story outcome and downstream-consumable output.
- REPRODUCIBILITY / REPRODUCIBILITY: STORY_EVIDENCE_MANIFEST — Aggregate child artifact hashes, input identities, gate decision, failures, and downstream readiness into a reproducible Story evidence manifest.

Required Evidence
- Verified child completion/evidence manifests for POST-SUBTASK-106, POST-SUBTASK-107, POST-SUBTASK-108.
- Final gate decision from `POST-SUBTASK-108` with criterion-by-criterion PASS/FAIL/BLOCKED outcomes and output hashes.
- Story-level downstream-consumption evidence and an explicit list of issues unlocked, retained blocked, rejected, or deferred.

End-to-End Validation
A weekly run moves approved real data through every production stage, stops safely on invalid state, and resumes without duplicate or stale artifacts.

Stop Conditions
- Stop if entry dependencies are not complete at required maturity or if the gate cannot evaluate the combined outputs.

Source References
- SRCREF-02079
- SRCREF-02080
- SRCREF-02081
- SRCREF-02082
- SRCREF-02083
- SRCREF-02084
- SRCREF-02001
- SRCREF-02002
- SRCREF-02003
- SRCREF-02004
- SRCREF-02005
- SRCREF-02006
- SRCREF-01896
- SRCREF-01574

Governance Traceability Gate: POST-SUBTASK-114

Canonical Record: jira/records/issues/stories/POST-STORY-036_production_weekly_acquisition_to_prediction_chain.json",To Do,Medium,actionable;core-release;mlops;post-wave;story;local-id-post-story-036,mlops,POST-STORY-036,GAP-012;HANDOFF-010,PHASE-4,BACKLOG,INTEGRATED,PLANNED,POST_W25,false,SHARED_CONTRACT,AGGREGATE_GATE
Story,BAT-87,100087,"[POST-STORY-037] Governed retraining, promotion, immutable forecasts, and activation",100045,"Local ID: POST-STORY-037

Objective
Retrain only when policy permits and publish signed snapshots atomically.

Why This Exists
This coherent capability closes a defined portion of Autonomous weekly real-data execution and immutable forecast publication and creates a verifiable output for the next dependency stage.

Scope
Deliver Story POST-STORY-037 (Governed retraining, promotion, immutable forecasts, and activation) as one coherent, gated capability inside Epic POST-EPIC-012. Execute child subtasks POST-SUBTASK-109, POST-SUBTASK-110, POST-SUBTASK-111 in dependency order, reconcile their pinned outputs, and require the final gate `POST-SUBTASK-111` to issue an evidence-backed approve/block/reject/defer decision before any downstream use.

Explicit In Scope
- Complete and verify child `POST-SUBTASK-109` — Implement season/week/data-drift/performance retraining triggers and execute reproducible challenger runs against the current champion.
- Complete and verify child `POST-SUBTASK-110` — Build immutable forecast snapshots containing coherent scores/probabilities/uncertainty/A&M/BAS outputs plus exact state/run/model identities.
- Complete and verify child `POST-SUBTASK-111` — Apply promotion/rollback policy, atomically activate approved snapshots, and validate immutability/freshness/consumer compatibility.
- Integrate the child outputs and execute final gate `POST-SUBTASK-111`.
- Preserve exact source/data/code/config/runtime identities, failures, unresolved blockers, and downstream-consumption evidence.

Explicit Out of Scope
- Work assigned to sibling Stories or another Epic.
- Closing the Story because implementation files exist while the final gate or downstream-consumption proof is incomplete.
- Weakening protected requirements, PIT/source-policy/security controls, accepted ADRs, or evidence thresholds to obtain a passing gate.

Prerequisites / Dependencies
- Hard dependency POST-SUBTASK-108
- POST-SUBTASK-108

Acceptance Criteria
1. Triggers predeclare evidence/budget/freeze/skip reasons, cannot repeatedly tune on protected outcomes, preserve all failed/no-improvement challengers, and never corrupt the active champion.
2. The declared output `artifacts/mlops/retraining_challenger_report.json` is produced with deterministic identity, provenance, and validation metadata appropriate to this work.
3. The work does not fabricate source availability, empirical results, thresholds, model performance, operational readiness, or completion evidence.
4. Snapshot rows derive only from signed run artifacts, follow protected A&M/BAS null/admission decisions, mark unsupported outputs unavailable, and are immutable/idempotent.
5. The declared output `artifacts/forecasts/forecast_snapshot_manifest.json` is produced with deterministic identity, provenance, and validation metadata appropriate to this work.
6. Only complete signed non-stale snapshots activate atomically, rollback restores a verified prior pointer, product reads never see partial state, and no SLA is claimed without observed evidence.
7. All prerequisite evidence is linked and unresolved blockers remain explicit; file creation alone cannot pass this gate.

Definition of Done
1. All child subtasks POST-SUBTASK-109, POST-SUBTASK-110, POST-SUBTASK-111 have verified evidence or an explicit accepted-risk/deferred/cancelled disposition consistent with the Story contract.
2. The final gate `POST-SUBTASK-111` completes and proves the Story end-to-end requirement; closing implementation children alone is insufficient.
3. All direct and inherited requirement/control/ADR/risk/gap mappings resolve through the governance context index without missing or invalid identifiers.
4. The Story evidence manifest pins child artifact, source/data/code/config/runtime, split/cutoff, and target-host identities where applicable and preserves failures/null results.
5. Canonical/derived Jira views, live operational fields when connected, dependency links, queues, and downstream states are synchronized and pass strict validation.

Required Tests / Validation
- EXISTING_AUTOMATED_TEST / EXISTING_AUTOMATED_TEST: tests/test_w21_weekly_mlops.py — Run and retain the result when this issue touches the covered contract.
- EXISTING_AUTOMATED_TEST / EXISTING_AUTOMATED_TEST: tools/validate_w21_mlops.py — Run and retain the result when this issue touches the covered contract.
- END_TO_END / END_TO_END: POST-SUBTASK-111 — The final child gate `POST-SUBTASK-111` must prove the integrated Story outcome and downstream-consumable output.
- REPRODUCIBILITY / REPRODUCIBILITY: STORY_EVIDENCE_MANIFEST — Aggregate child artifact hashes, input identities, gate decision, failures, and downstream readiness into a reproducible Story evidence manifest.

Required Evidence
- Verified child completion/evidence manifests for POST-SUBTASK-109, POST-SUBTASK-110, POST-SUBTASK-111.
- Final gate decision from `POST-SUBTASK-111` with criterion-by-criterion PASS/FAIL/BLOCKED outcomes and output hashes.
- Story-level downstream-consumption evidence and an explicit list of issues unlocked, retained blocked, rejected, or deferred.

End-to-End Validation
A governed run may retain or promote a model, then publishes one immutable coherent snapshot that downstream consumers can reproduce and roll back.

Stop Conditions
- Stop if entry dependencies are not complete at required maturity or if the gate cannot evaluate the combined outputs.

Source References
- SRCREF-02079
- SRCREF-02080
- SRCREF-02081
- SRCREF-02082
- SRCREF-02083
- SRCREF-02084
- SRCREF-02001
- SRCREF-02002
- SRCREF-02003
- SRCREF-02004
- SRCREF-02005
- SRCREF-02006
- SRCREF-01896
- SRCREF-01574

Governance Traceability Gate: POST-SUBTASK-114

Canonical Record: jira/records/issues/stories/POST-STORY-037_governed_retraining_promotion_immutable_forecasts_and_activation.json",To Do,Medium,actionable;core-release;mlops;post-wave;story;local-id-post-story-037,mlops,POST-STORY-037,GAP-012;HANDOFF-010,PHASE-4,BACKLOG,INTEGRATED,PLANNED,POST_W25,false,SHARED_CONTRACT,AGGREGATE_GATE
Story,BAT-88,100088,"[POST-STORY-038] Repeated shadow operation, failure drills, and autonomous readiness",100045,"Local ID: POST-STORY-038

Objective
Accumulate actual 2026 weekly reliability evidence before claiming autonomous operation.

Why This Exists
This coherent capability closes a defined portion of Autonomous weekly real-data execution and immutable forecast publication and creates a verifiable output for the next dependency stage.

Scope
Deliver Story POST-STORY-038 (Repeated shadow operation, failure drills, and autonomous readiness) as one coherent, gated capability inside Epic POST-EPIC-012. Execute child subtasks POST-SUBTASK-112, POST-SUBTASK-113, POST-SUBTASK-114 in dependency order, reconcile their pinned outputs, and require the final gate `POST-SUBTASK-114` to issue an evidence-backed approve/block/reject/defer decision before any downstream use.

Explicit In Scope
- Complete and verify child `POST-SUBTASK-112` — Execute repeated real-source shadow weekly runs with timeliness, freshness, resource, coverage, intervention, and failure ledger.
- Complete and verify child `POST-SUBTASK-113` — Run source outage, schema drift, disk pressure, corrupt artifact, stale forecast, interrupted run, and rollback drills.
- Complete and verify child `POST-SUBTASK-114` — Approve or retain-blocked the autonomous weekly operating maturity decision.
- Integrate the child outputs and execute final gate `POST-SUBTASK-114`.
- Preserve exact source/data/code/config/runtime identities, failures, unresolved blockers, and downstream-consumption evidence.

Explicit Out of Scope
- Work assigned to sibling Stories or another Epic.
- Closing the Story because implementation files exist while the final gate or downstream-consumption proof is incomplete.
- Weakening protected requirements, PIT/source-policy/security controls, accepted ADRs, or evidence thresholds to obtain a passing gate.

Prerequisites / Dependencies
- Hard dependency POST-SUBTASK-111
- POST-SUBTASK-111

Acceptance Criteria
1. Every scheduled success, miss, blocker, intervention, stale output, and resource result stays in the ledger; shadow uses real quality-valid sources/paths and cannot omit bad weeks from reliability.
2. The declared output `artifacts/mlops/shadow_run_ledger.jsonl` is produced with deterministic identity, provenance, and validation metadata appropriate to this work.
3. The work does not fabricate source availability, empirical results, thresholds, model performance, operational readiness, or completion evidence.
4. Each injected failure is detected, classified, stopped, alerted, recovered, and evidenced without weakening gates or deleting canonical evidence; recovery time/manual steps are measured.
5. The declared output `artifacts/mlops/shadow_failure_drills.json` is produced with deterministic identity, provenance, and validation metadata appropriate to this work.
6. OPERATING requires repeated successful real evidence plus freshness/recovery/resource/security/operator proof and documents residual manual gates; GAP-012 stays open otherwise.
7. All prerequisite evidence is linked and unresolved blockers remain explicit; file creation alone cannot pass this gate.

Definition of Done
1. All child subtasks POST-SUBTASK-112, POST-SUBTASK-113, POST-SUBTASK-114 have verified evidence or an explicit accepted-risk/deferred/cancelled disposition consistent with the Story contract.
2. The final gate `POST-SUBTASK-114` completes and proves the Story end-to-end requirement; closing implementation children alone is insufficient.
3. All direct and inherited requirement/control/ADR/risk/gap mappings resolve through the governance context index without missing or invalid identifiers.
4. The Story evidence manifest pins child artifact, source/data/code/config/runtime, split/cutoff, and target-host identities where applicable and preserves failures/null results.
5. Canonical/derived Jira views, live operational fields when connected, dependency links, queues, and downstream states are synchronized and pass strict validation.

Required Tests / Validation
- EXISTING_AUTOMATED_TEST / EXISTING_AUTOMATED_TEST: tests/test_w21_weekly_mlops.py — Run and retain the result when this issue touches the covered contract.
- EXISTING_AUTOMATED_TEST / EXISTING_AUTOMATED_TEST: tools/validate_w21_mlops.py — Run and retain the result when this issue touches the covered contract.
- END_TO_END / END_TO_END: POST-SUBTASK-114 — The final child gate `POST-SUBTASK-114` must prove the integrated Story outcome and downstream-consumable output.
- REPRODUCIBILITY / REPRODUCIBILITY: STORY_EVIDENCE_MANIFEST — Aggregate child artifact hashes, input identities, gate decision, failures, and downstream readiness into a reproducible Story evidence manifest.

Required Evidence
- Verified child completion/evidence manifests for POST-SUBTASK-112, POST-SUBTASK-113, POST-SUBTASK-114.
- Final gate decision from `POST-SUBTASK-114` with criterion-by-criterion PASS/FAIL/BLOCKED outcomes and output hashes.
- Story-level downstream-consumption evidence and an explicit list of issues unlocked, retained blocked, rejected, or deferred.

End-to-End Validation
Repeated real weekly runs publish immutable forecasts, survive representative failures, and produce measured evidence for or against autonomous operation.

Stop Conditions
- Stop if entry dependencies are not complete at required maturity or if the gate cannot evaluate the combined outputs.

Source References
- SRCREF-02079
- SRCREF-02080
- SRCREF-02081
- SRCREF-02082
- SRCREF-02083
- SRCREF-02084
- SRCREF-02001
- SRCREF-02002
- SRCREF-02003
- SRCREF-02004
- SRCREF-02005
- SRCREF-02006
- SRCREF-01896
- SRCREF-01574
- SRCREF-01897

Governance Traceability Gate: POST-SUBTASK-114

Canonical Record: jira/records/issues/stories/POST-STORY-038_repeated_shadow_operation_failure_drills_and_autonomous_readiness.json",To Do,Medium,actionable;core-release;mlops;post-wave;story;local-id-post-story-038,mlops,POST-STORY-038,GAP-012;HANDOFF-010;HANDOFF-011,PHASE-4,BACKLOG,INTEGRATED,PLANNED,POST_W25,false,SHARED_CONTRACT,AGGREGATE_GATE
Story,BAT-89,100089,[POST-STORY-039] Read-only forecast repository and versioned API,100046,"Local ID: POST-STORY-039

Objective
Turn the serving starter into a production snapshot API with health/freshness and explicit unavailable states.

Why This Exists
This coherent capability closes a defined portion of Snapshot API, dashboard, explanations, analogs, and freshness-safe product and creates a verifiable output for the next dependency stage.

Scope
Deliver Story POST-STORY-039 (Read-only forecast repository and versioned API) as one coherent, gated capability inside Epic POST-EPIC-013. Execute child subtasks POST-SUBTASK-115, POST-SUBTASK-116, POST-SUBTASK-117 in dependency order, reconcile their pinned outputs, and require the final gate `POST-SUBTASK-117` to issue an evidence-backed approve/block/reject/defer decision before any downstream use.

Explicit In Scope
- Complete and verify child `POST-SUBTASK-115` — Implement approved active/archive snapshot repository, model/run lookup, and atomic read behavior.
- Complete and verify child `POST-SUBTASK-116` — Implement versioned forecast/game/team/A&M/BAS/health/freshness endpoints and OpenAPI contract.
- Complete and verify child `POST-SUBTASK-117` — Validate schema, authorization, snapshot consistency, stale/no-champion/null-BAS states, and restricted-data protection.
- Integrate the child outputs and execute final gate `POST-SUBTASK-117`.
- Preserve exact source/data/code/config/runtime identities, failures, unresolved blockers, and downstream-consumption evidence.

Explicit Out of Scope
- Work assigned to sibling Stories or another Epic.
- Closing the Story because implementation files exist while the final gate or downstream-consumption proof is incomplete.
- Weakening protected requirements, PIT/source-policy/security controls, accepted ADRs, or evidence thresholds to obtain a passing gate.

Prerequisites / Dependencies
- Hard dependency POST-SUBTASK-111
- POST-SUBTASK-111

Acceptance Criteria
1. Reads resolve only signed snapshots and exact model/run/state identities; missing/stale/corrupt/unapproved state is explicit and no request path retrains or recomputes uncontrolled features.
2. The declared output `artifacts/product/snapshot_repository_test.json` is produced with deterministic identity, provenance, and validation metadata appropriate to this work.
3. The work does not fabricate source availability, empirical results, thresholds, model performance, operational readiness, or completion evidence.
4. Responses expose supported score/probability/distribution/uncertainty/A&M/BAS/lineage/freshness fields and mark scientifically unsupported outputs unavailable rather than defaulting values.
5. The declared output `docs/product/OPENAPI_SNAPSHOT.json` is produced with deterministic identity, provenance, and validation metadata appropriate to this work.
6. All endpoints for a snapshot agree on identities, handle archive/current/errors/no-champion/null decisions, and never expose credentials, restricted raw payloads, or protected outcomes.
7. All prerequisite evidence is linked and unresolved blockers remain explicit; file creation alone cannot pass this gate.

Definition of Done
1. All child subtasks POST-SUBTASK-115, POST-SUBTASK-116, POST-SUBTASK-117 have verified evidence or an explicit accepted-risk/deferred/cancelled disposition consistent with the Story contract.
2. The final gate `POST-SUBTASK-117` completes and proves the Story end-to-end requirement; closing implementation children alone is insufficient.
3. All direct and inherited requirement/control/ADR/risk/gap mappings resolve through the governance context index without missing or invalid identifiers.
4. The Story evidence manifest pins child artifact, source/data/code/config/runtime, split/cutoff, and target-host identities where applicable and preserves failures/null results.
5. Canonical/derived Jira views, live operational fields when connected, dependency links, queues, and downstream states are synchronized and pass strict validation.

Required Tests / Validation
- EXISTING_AUTOMATED_TEST / EXISTING_AUTOMATED_TEST: tests/test_w22_product_serving.py — Run and retain the result when this issue touches the covered contract.
- EXISTING_AUTOMATED_TEST / EXISTING_AUTOMATED_TEST: tools/validate_w22_product.py — Run and retain the result when this issue touches the covered contract.
- END_TO_END / END_TO_END: POST-SUBTASK-117 — The final child gate `POST-SUBTASK-117` must prove the integrated Story outcome and downstream-consumable output.
- REPRODUCIBILITY / REPRODUCIBILITY: STORY_EVIDENCE_MANIFEST — Aggregate child artifact hashes, input identities, gate decision, failures, and downstream readiness into a reproducible Story evidence manifest.

Required Evidence
- Verified child completion/evidence manifests for POST-SUBTASK-115, POST-SUBTASK-116, POST-SUBTASK-117.
- Final gate decision from `POST-SUBTASK-117` with criterion-by-criterion PASS/FAIL/BLOCKED outcomes and output hashes.
- Story-level downstream-consumption evidence and an explicit list of issues unlocked, retained blocked, rejected, or deferred.

End-to-End Validation
A client can retrieve a current or archived signed forecast and exact freshness/lineage without triggering model drift or seeing partial/restricted state.

Stop Conditions
- Stop if entry dependencies are not complete at required maturity or if the gate cannot evaluate the combined outputs.

Source References
- SRCREF-02085
- SRCREF-02086
- SRCREF-02087
- SRCREF-02088
- SRCREF-02089
- SRCREF-02090
- SRCREF-02091
- SRCREF-02001
- SRCREF-02002
- SRCREF-02003
- SRCREF-02004
- SRCREF-02005
- SRCREF-02006
- SRCREF-01897
- SRCREF-01574

Governance Traceability Gate: POST-SUBTASK-123

Canonical Record: jira/records/issues/stories/POST-STORY-039_read_only_forecast_repository_and_versioned_api.json",To Do,Medium,actionable;core-release;post-wave;product;story;local-id-post-story-039,serving-product,POST-STORY-039,GAP-012;HANDOFF-011,PHASE-4,BACKLOG,INTEGRATED,PLANNED,POST_W25,false,SHARED_CONTRACT,AGGREGATE_GATE
Story,BAT-90,100090,[POST-STORY-040] Prediction-first dashboard and BAS experience,100046,"Local ID: POST-STORY-040

Objective
Present serious forecast outputs first while retaining the project’s humorous BAS identity and truthful null-result handling.

Why This Exists
This coherent capability closes a defined portion of Snapshot API, dashboard, explanations, analogs, and freshness-safe product and creates a verifiable output for the next dependency stage.

Scope
Deliver Story POST-STORY-040 (Prediction-first dashboard and BAS experience) as one coherent, gated capability inside Epic POST-EPIC-013. Execute child subtasks POST-SUBTASK-118, POST-SUBTASK-119, POST-SUBTASK-120 in dependency order, reconcile their pinned outputs, and require the final gate `POST-SUBTASK-120` to issue an evidence-backed approve/block/reject/defer decision before any downstream use.

Explicit In Scope
- Complete and verify child `POST-SUBTASK-118` — Build game/A&M views for score, win probability, margin, distributions, intervals, scenarios, cutoff, freshness, and model identity.
- Complete and verify child `POST-SUBTASK-119` — Build BAS ≥3/7/14/21, component, witty-copy, scientific caveat, no-effect, and unavailable presentation.
- Complete and verify child `POST-SUBTASK-120` — Validate prediction-first hierarchy, accessibility, responsive/loading/stale/blocked/no-data states, and snapshot-only values.
- Integrate the child outputs and execute final gate `POST-SUBTASK-120`.
- Preserve exact source/data/code/config/runtime identities, failures, unresolved blockers, and downstream-consumption evidence.

Explicit Out of Scope
- Work assigned to sibling Stories or another Epic.
- Closing the Story because implementation files exist while the final gate or downstream-consumption proof is incomplete.
- Weakening protected requirements, PIT/source-policy/security controls, accepted ADRs, or evidence thresholds to obtain a passing gate.

Prerequisites / Dependencies
- Hard dependency POST-SUBTASK-117
- POST-SUBTASK-117

Acceptance Criteria
1. Main views make prediction and uncertainty primary, show specialization only if admitted or global-only otherwise, and never calculate independent client-side percentages/scores.
2. The declared output `artifacts/product/dashboard_contract_test.json` is produced with deterministic identity, provenance, and validation metadata appropriate to this work.
3. The work does not fabricate source availability, empirical results, thresholds, model performance, operational readiness, or completion evidence.
4. BAS is explicitly underperformance versus valid pregame expected margin—not loss probability—witty copy is separate from science, and thresholds/components appear only when supported with uncertainty.
5. The declared output `artifacts/product/bas_presentation_validation.json` is produced with deterministic identity, provenance, and validation metadata appropriate to this work.
6. Every displayed value traces to a snapshot field and loading/stale/blocked/missing/no-champion/null-effect/source-outage states are accessible and keyboard/screen-reader understandable.
7. All prerequisite evidence is linked and unresolved blockers remain explicit; file creation alone cannot pass this gate.

Definition of Done
1. All child subtasks POST-SUBTASK-118, POST-SUBTASK-119, POST-SUBTASK-120 have verified evidence or an explicit accepted-risk/deferred/cancelled disposition consistent with the Story contract.
2. The final gate `POST-SUBTASK-120` completes and proves the Story end-to-end requirement; closing implementation children alone is insufficient.
3. All direct and inherited requirement/control/ADR/risk/gap mappings resolve through the governance context index without missing or invalid identifiers.
4. The Story evidence manifest pins child artifact, source/data/code/config/runtime, split/cutoff, and target-host identities where applicable and preserves failures/null results.
5. Canonical/derived Jira views, live operational fields when connected, dependency links, queues, and downstream states are synchronized and pass strict validation.

Required Tests / Validation
- EXISTING_AUTOMATED_TEST / EXISTING_AUTOMATED_TEST: tests/test_w22_product_serving.py — Run and retain the result when this issue touches the covered contract.
- EXISTING_AUTOMATED_TEST / EXISTING_AUTOMATED_TEST: tools/validate_w22_product.py — Run and retain the result when this issue touches the covered contract.
- END_TO_END / END_TO_END: POST-SUBTASK-120 — The final child gate `POST-SUBTASK-120` must prove the integrated Story outcome and downstream-consumable output.
- REPRODUCIBILITY / REPRODUCIBILITY: STORY_EVIDENCE_MANIFEST — Aggregate child artifact hashes, input identities, gate decision, failures, and downstream readiness into a reproducible Story evidence manifest.

Required Evidence
- Verified child completion/evidence manifests for POST-SUBTASK-118, POST-SUBTASK-119, POST-SUBTASK-120.
- Final gate decision from `POST-SUBTASK-120` with criterion-by-criterion PASS/FAIL/BLOCKED outcomes and output hashes.
- Story-level downstream-consumption evidence and an explicit list of issues unlocked, retained blocked, rejected, or deferred.

End-to-End Validation
The user sees a serious predictive product with honest uncertainty and freshness, plus clearly separated witty BAS framing that never overstates scientific evidence.

Stop Conditions
- Stop if entry dependencies are not complete at required maturity or if the gate cannot evaluate the combined outputs.

Source References
- SRCREF-02085
- SRCREF-02086
- SRCREF-02087
- SRCREF-02088
- SRCREF-02089
- SRCREF-02090
- SRCREF-02091
- SRCREF-02001
- SRCREF-02002
- SRCREF-02003
- SRCREF-02004
- SRCREF-02005
- SRCREF-02006
- SRCREF-01897
- SRCREF-01574
- SRCREF-01895

Governance Traceability Gate: POST-SUBTASK-123

Canonical Record: jira/records/issues/stories/POST-STORY-040_prediction_first_dashboard_and_bas_experience.json",To Do,Medium,actionable;core-release;post-wave;product;story;local-id-post-story-040,serving-product,POST-STORY-040,GAP-012;HANDOFF-009;HANDOFF-011,PHASE-4,BACKLOG,INTEGRATED,PLANNED,POST_W25,false,SHARED_CONTRACT,AGGREGATE_GATE
Story,BAT-91,100091,"[POST-STORY-041] Faithful drivers, historical analogs, provenance, and target performance",100046,"Local ID: POST-STORY-041

Objective
Explain forecasts without unsupported causal narratives and prove target-hardware product behavior.

Why This Exists
This coherent capability closes a defined portion of Snapshot API, dashboard, explanations, analogs, and freshness-safe product and creates a verifiable output for the next dependency stage.

Scope
Deliver Story POST-STORY-041 (Faithful drivers, historical analogs, provenance, and target performance) as one coherent, gated capability inside Epic POST-EPIC-013. Execute child subtasks POST-SUBTASK-121, POST-SUBTASK-122, POST-SUBTASK-123 in dependency order, reconcile their pinned outputs, and require the final gate `POST-SUBTASK-123` to issue an evidence-backed approve/block/reject/defer decision before any downstream use.

Explicit In Scope
- Complete and verify child `POST-SUBTASK-121` — Generate model-compatible global/per-game driver explanations and serve prior-only historical analog/peer/regime context.
- Complete and verify child `POST-SUBTASK-122` — Run explanation faithfulness/stability/privacy tests plus target-host cold/warm load, API, snapshot, dashboard, concurrency, memory, CPU, and disk benchmarks.
- Complete and verify child `POST-SUBTASK-123` — Publish product readiness, freshness/cache transitions, supported envelope, and safe failure decision.
- Integrate the child outputs and execute final gate `POST-SUBTASK-123`.
- Preserve exact source/data/code/config/runtime identities, failures, unresolved blockers, and downstream-consumption evidence.

Explicit Out of Scope
- Work assigned to sibling Stories or another Epic.
- Closing the Story because implementation files exist while the final gate or downstream-consumption proof is incomplete.
- Weakening protected requirements, PIT/source-policy/security controls, accepted ADRs, or evidence thresholds to obtain a passing gate.

Prerequisites / Dependencies
- Hard dependency POST-SUBTASK-120
- Hard dependency POST-SUBTASK-009
- POST-SUBTASK-009
- POST-SUBTASK-120

Acceptance Criteria
1. Explanations use exact model/feature versions, expose direction/baseline/missingness/interactions/limits, analogs exclude same/future outcomes and expose distance/sample, and neither implies causality or replaces probability.
2. The declared output `artifacts/product/explanation_analog_validation.json` is produced with deterministic identity, provenance, and validation metadata appropriate to this work.
3. The work does not fabricate source availability, empirical results, thresholds, model performance, operational readiness, or completion evidence.
4. Benchmarks run on the declared target with repeated workload identity and measure real resources/latency; unsupported/OOD explanations qualify or abstain and restricted data never leaks.
5. The declared output `artifacts/product/product_performance_benchmark.json` is produced with deterministic identity, provenance, and validation metadata appropriate to this work.
6. Fresh/current/stale/blocked/unavailable/superseded transitions, cache activation/rollback, API/dashboard/security/explanation/performance evidence all pass; product cannot be ready on mutable/unapproved forecasts.
7. All prerequisite evidence is linked and unresolved blockers remain explicit; file creation alone cannot pass this gate.

Definition of Done
1. All child subtasks POST-SUBTASK-121, POST-SUBTASK-122, POST-SUBTASK-123 have verified evidence or an explicit accepted-risk/deferred/cancelled disposition consistent with the Story contract.
2. The final gate `POST-SUBTASK-123` completes and proves the Story end-to-end requirement; closing implementation children alone is insufficient.
3. All direct and inherited requirement/control/ADR/risk/gap mappings resolve through the governance context index without missing or invalid identifiers.
4. The Story evidence manifest pins child artifact, source/data/code/config/runtime, split/cutoff, and target-host identities where applicable and preserves failures/null results.
5. Canonical/derived Jira views, live operational fields when connected, dependency links, queues, and downstream states are synchronized and pass strict validation.

Required Tests / Validation
- EXISTING_AUTOMATED_TEST / EXISTING_AUTOMATED_TEST: tests/test_w22_product_serving.py — Run and retain the result when this issue touches the covered contract.
- EXISTING_AUTOMATED_TEST / EXISTING_AUTOMATED_TEST: tools/validate_w22_product.py — Run and retain the result when this issue touches the covered contract.
- END_TO_END / END_TO_END: POST-SUBTASK-123 — The final child gate `POST-SUBTASK-123` must prove the integrated Story outcome and downstream-consumable output.
- REPRODUCIBILITY / REPRODUCIBILITY: STORY_EVIDENCE_MANIFEST — Aggregate child artifact hashes, input identities, gate decision, failures, and downstream readiness into a reproducible Story evidence manifest.

Required Evidence
- Verified child completion/evidence manifests for POST-SUBTASK-121, POST-SUBTASK-122, POST-SUBTASK-123.
- Final gate decision from `POST-SUBTASK-123` with criterion-by-criterion PASS/FAIL/BLOCKED outcomes and output hashes.
- Story-level downstream-consumption evidence and an explicit list of issues unlocked, retained blocked, rejected, or deferred.

End-to-End Validation
A consumer receives faithful snapshot-grounded explanations/analogs and a responsive target-hardware product with explicit safe failure and freshness states.

Stop Conditions
- Stop if entry dependencies are not complete at required maturity or if the gate cannot evaluate the combined outputs.

Source References
- SRCREF-02085
- SRCREF-02086
- SRCREF-02087
- SRCREF-02088
- SRCREF-02089
- SRCREF-02090
- SRCREF-02091
- SRCREF-02001
- SRCREF-02002
- SRCREF-02003
- SRCREF-02004
- SRCREF-02005
- SRCREF-02006
- SRCREF-01897
- SRCREF-01574
- SRCREF-01563

Governance Traceability Gate: POST-SUBTASK-123

Canonical Record: jira/records/issues/stories/POST-STORY-041_faithful_drivers_historical_analogs_provenance_and_target_performance.json",To Do,Medium,actionable;core-release;post-wave;product;story;local-id-post-story-041,serving-product,POST-STORY-041,GAP-001;GAP-012;HANDOFF-011,PHASE-4,BACKLOG,INTEGRATED,PLANNED,POST_W25,false,SHARED_CONTRACT,AGGREGATE_GATE
Story,BAT-92,100092,"[POST-STORY-042] CI, dependency, secret, license, and supply-chain controls",100047,"Local ID: POST-STORY-042

Objective
Protect repository, Jira pack, runtime, and release changes through deterministic automated gates.

Why This Exists
This coherent capability closes a defined portion of Security, observability, backup/restore, drift, and incident operations and creates a verifiable output for the next dependency stage.

Scope
Deliver Story POST-STORY-042 (CI, dependency, secret, license, and supply-chain controls) as one coherent, gated capability inside Epic POST-EPIC-014. Execute child subtasks POST-SUBTASK-124, POST-SUBTASK-125, POST-SUBTASK-126 in dependency order, reconcile their pinned outputs, and require the final gate `POST-SUBTASK-126` to issue an evidence-backed approve/block/reject/defer decision before any downstream use.

Explicit In Scope
- Complete and verify child `POST-SUBTASK-124` — Establish clean-environment CI for repository tests, Jira validators, static checks, import dry-run, and deterministic packaging.
- Complete and verify child `POST-SUBTASK-125` — Implement dependency-lock, vulnerability, secret, license/notice, restricted-data pattern, and artifact-integrity checks.
- Complete and verify child `POST-SUBTASK-126` — Validate protected-branch/release blocking and auditable exception behavior.
- Integrate the child outputs and execute final gate `POST-SUBTASK-126`.
- Preserve exact source/data/code/config/runtime identities, failures, unresolved blockers, and downstream-consumption evidence.

Explicit Out of Scope
- Work assigned to sibling Stories or another Epic.
- Closing the Story because implementation files exist while the final gate or downstream-consumption proof is incomplete.
- Weakening protected requirements, PIT/source-policy/security controls, accepted ADRs, or evidence thresholds to obtain a passing gate.

Prerequisites / Dependencies
- Hard dependency POST-SUBTASK-002
- POST-SUBTASK-002

Acceptance Criteria
1. CI runs all required suites from a clean state, preserves failure logs/evidence, and cannot skip gates through naming/retry while keeping the local workflow runnable without Kubernetes/Kafka/Redis/cloud dependency.
2. The declared output `artifacts/operations/ci_pipeline_validation.json` is produced with deterministic identity, provenance, and validation metadata appropriate to this work.
3. The work does not fabricate source availability, empirical results, thresholds, model performance, operational readiness, or completion evidence.
4. Locks/hashes/findings/licenses/secrets/restricted patterns are recorded with severity/remediation or accepted-risk disposition and no credential/raw restricted payload reaches repository or CI artifacts.
5. The declared output `artifacts/operations/security_supply_chain_report.json` is produced with deterministic identity, provenance, and validation metadata appropriate to this work.
6. Any release-blocking test, secret, integrity, rights, or protected-control failure stops release; manual exceptions are explicit, attributable, time-bounded, and cannot weaken science/PIT rules.
7. All prerequisite evidence is linked and unresolved blockers remain explicit; file creation alone cannot pass this gate.

Definition of Done
1. All child subtasks POST-SUBTASK-124, POST-SUBTASK-125, POST-SUBTASK-126 have verified evidence or an explicit accepted-risk/deferred/cancelled disposition consistent with the Story contract.
2. The final gate `POST-SUBTASK-126` completes and proves the Story end-to-end requirement; closing implementation children alone is insufficient.
3. All direct and inherited requirement/control/ADR/risk/gap mappings resolve through the governance context index without missing or invalid identifiers.
4. The Story evidence manifest pins child artifact, source/data/code/config/runtime, split/cutoff, and target-host identities where applicable and preserves failures/null results.
5. Canonical/derived Jira views, live operational fields when connected, dependency links, queues, and downstream states are synchronized and pass strict validation.

Required Tests / Validation
- EXISTING_AUTOMATED_TEST / EXISTING_AUTOMATED_TEST: tests/test_w23_operations.py — Run and retain the result when this issue touches the covered contract.
- EXISTING_AUTOMATED_TEST / EXISTING_AUTOMATED_TEST: tools/validate_w23_operations.py — Run and retain the result when this issue touches the covered contract.
- END_TO_END / END_TO_END: POST-SUBTASK-126 — The final child gate `POST-SUBTASK-126` must prove the integrated Story outcome and downstream-consumable output.
- REPRODUCIBILITY / REPRODUCIBILITY: STORY_EVIDENCE_MANIFEST — Aggregate child artifact hashes, input identities, gate decision, failures, and downstream readiness into a reproducible Story evidence manifest.

Required Evidence
- Verified child completion/evidence manifests for POST-SUBTASK-124, POST-SUBTASK-125, POST-SUBTASK-126.
- Final gate decision from `POST-SUBTASK-126` with criterion-by-criterion PASS/FAIL/BLOCKED outcomes and output hashes.
- Story-level downstream-consumption evidence and an explicit list of issues unlocked, retained blocked, rejected, or deferred.

End-to-End Validation
A clean change cannot produce a release package unless code, Jira, security, integrity, and protected-governance gates all pass.

Stop Conditions
- Stop if entry dependencies are not complete at required maturity or if the gate cannot evaluate the combined outputs.

Source References
- SRCREF-02092
- SRCREF-02093
- SRCREF-02094
- SRCREF-02095
- SRCREF-02096
- SRCREF-02097
- SRCREF-02098
- SRCREF-02001
- SRCREF-02002
- SRCREF-02003
- SRCREF-02004
- SRCREF-02005
- SRCREF-02006
- SRCREF-01898

Governance Traceability Gate: POST-SUBTASK-132

Canonical Record: jira/records/issues/stories/POST-STORY-042_ci_dependency_secret_license_and_supply_chain_controls.json",To Do,Medium,actionable;core-release;operations;post-wave;story;local-id-post-story-042,operations-security,POST-STORY-042,HANDOFF-012,PHASE-4,BACKLOG,INTEGRATED,PLANNED,POST_W25,false,SHARED_CONTRACT,AGGREGATE_GATE
Story,BAT-93,100093,"[POST-STORY-043] Structured observability, alerts, drift, and incident response",100047,"Local ID: POST-STORY-043

Objective
Detect unsafe source/data/model/product/governance changes and route evidence-backed recovery.

Why This Exists
This coherent capability closes a defined portion of Security, observability, backup/restore, drift, and incident operations and creates a verifiable output for the next dependency stage.

Scope
Deliver Story POST-STORY-043 (Structured observability, alerts, drift, and incident response) as one coherent, gated capability inside Epic POST-EPIC-014. Execute child subtasks POST-SUBTASK-127, POST-SUBTASK-128, POST-SUBTASK-129 in dependency order, reconcile their pinned outputs, and require the final gate `POST-SUBTASK-129` to issue an evidence-backed approve/block/reject/defer decision before any downstream use.

Explicit In Scope
- Complete and verify child `POST-SUBTASK-127` — Instrument run/stage/source/snapshot/entity/matrix/feature/model/product identifiers, metrics, structured events, health, and redaction.
- Complete and verify child `POST-SUBTASK-128` — Implement source/API/terms/schema/entity/feature/data/model/concept/freshness/security/governance drift detectors plus alert severity/dedup/ack/escalation.
- Complete and verify child `POST-SUBTASK-129` — Run outage, schema, stale forecast, disk, corrupt artifact, model, security, and governance-conflict game days through incident/rollback/substitution runbooks.
- Integrate the child outputs and execute final gate `POST-SUBTASK-129`.
- Preserve exact source/data/code/config/runtime identities, failures, unresolved blockers, and downstream-consumption evidence.

Explicit Out of Scope
- Work assigned to sibling Stories or another Epic.
- Closing the Story because implementation files exist while the final gate or downstream-consumption proof is incomplete.
- Weakening protected requirements, PIT/source-policy/security controls, accepted ADRs, or evidence thresholds to obtain a passing gate.

Prerequisites / Dependencies
- Hard dependency POST-SUBTASK-024
- Hard dependency POST-SUBTASK-126
- POST-SUBTASK-024
- POST-SUBTASK-126

Acceptance Criteria
1. Events expose correlation/timing/count/status/blocker identities and distinguish expected missingness from defects while redacting secrets and restricted payloads.
2. The declared output `artifacts/operations/observability_contract_test.json` is produced with deterministic identity, provenance, and validation metadata appropriate to this work.
3. The work does not fabricate source availability, empirical results, thresholds, model performance, operational readiness, or completion evidence.
4. Versioned baselines and evidence-derived thresholds identify affected scope, block unsafe downstream training/publication, and route alerts without claiming resolution until evidence changes.
5. The declared output `artifacts/operations/drift_alert_validation.json` is produced with deterministic identity, provenance, and validation metadata appropriate to this work.
6. Representative incidents are detected, stopped/degraded, alerted, evidenced, recovered/rolled back, and source substitutions rerun rights/PIT/schema/coverage gates rather than masquerading as equivalent.
7. All prerequisite evidence is linked and unresolved blockers remain explicit; file creation alone cannot pass this gate.

Definition of Done
1. All child subtasks POST-SUBTASK-127, POST-SUBTASK-128, POST-SUBTASK-129 have verified evidence or an explicit accepted-risk/deferred/cancelled disposition consistent with the Story contract.
2. The final gate `POST-SUBTASK-129` completes and proves the Story end-to-end requirement; closing implementation children alone is insufficient.
3. All direct and inherited requirement/control/ADR/risk/gap mappings resolve through the governance context index without missing or invalid identifiers.
4. The Story evidence manifest pins child artifact, source/data/code/config/runtime, split/cutoff, and target-host identities where applicable and preserves failures/null results.
5. Canonical/derived Jira views, live operational fields when connected, dependency links, queues, and downstream states are synchronized and pass strict validation.

Required Tests / Validation
- EXISTING_AUTOMATED_TEST / EXISTING_AUTOMATED_TEST: tests/test_w23_operations.py — Run and retain the result when this issue touches the covered contract.
- EXISTING_AUTOMATED_TEST / EXISTING_AUTOMATED_TEST: tools/validate_w23_operations.py — Run and retain the result when this issue touches the covered contract.
- END_TO_END / END_TO_END: POST-SUBTASK-129 — The final child gate `POST-SUBTASK-129` must prove the integrated Story outcome and downstream-consumable output.
- REPRODUCIBILITY / REPRODUCIBILITY: STORY_EVIDENCE_MANIFEST — Aggregate child artifact hashes, input identities, gate decision, failures, and downstream readiness into a reproducible Story evidence manifest.

Required Evidence
- Verified child completion/evidence manifests for POST-SUBTASK-127, POST-SUBTASK-128, POST-SUBTASK-129.
- Final gate decision from `POST-SUBTASK-129` with criterion-by-criterion PASS/FAIL/BLOCKED outcomes and output hashes.
- Story-level downstream-consumption evidence and an explicit list of issues unlocked, retained blocked, rejected, or deferred.

End-to-End Validation
Unsafe changes are visible, attributable, blocked at the correct boundary, and recover through exact runbooks without exposing secrets or corrupting evidence.

Stop Conditions
- Stop if entry dependencies are not complete at required maturity or if the gate cannot evaluate the combined outputs.

Source References
- SRCREF-02092
- SRCREF-02093
- SRCREF-02094
- SRCREF-02095
- SRCREF-02096
- SRCREF-02097
- SRCREF-02098
- SRCREF-02001
- SRCREF-02002
- SRCREF-02003
- SRCREF-02004
- SRCREF-02005
- SRCREF-02006
- SRCREF-01898

Governance Traceability Gate: POST-SUBTASK-132

Canonical Record: jira/records/issues/stories/POST-STORY-043_structured_observability_alerts_drift_and_incident_response.json",To Do,Medium,actionable;core-release;operations;post-wave;story;local-id-post-story-043,operations-security,POST-STORY-043,HANDOFF-012,PHASE-4,BACKLOG,INTEGRATED,PLANNED,POST_W25,false,SHARED_CONTRACT,AGGREGATE_GATE
Story,BAT-94,100094,"[POST-STORY-044] Rights-aware backup, restore, retention, and disaster recovery",100047,"Local ID: POST-STORY-044

Objective
Prove canonical data/model/forecast/Jira state can be recovered to a verified point.

Why This Exists
This coherent capability closes a defined portion of Security, observability, backup/restore, drift, and incident operations and creates a verifiable output for the next dependency stage.

Scope
Deliver Story POST-STORY-044 (Rights-aware backup, restore, retention, and disaster recovery) as one coherent, gated capability inside Epic POST-EPIC-014. Execute child subtasks POST-SUBTASK-130, POST-SUBTASK-131, POST-SUBTASK-132 in dependency order, reconcile their pinned outputs, and require the final gate `POST-SUBTASK-132` to issue an evidence-backed approve/block/reject/defer decision before any downstream use.

Explicit In Scope
- Complete and verify child `POST-SUBTASK-130` — Finalize authority/retention/frequency/encryption/access/rights/deletion rules for raw, curated, model, forecast, log, evidence, and Jira metadata.
- Complete and verify child `POST-SUBTASK-131` — Implement content-hashed verified backups, catalog, integrity checking, last-known-good protection, and restricted-destination enforcement.
- Complete and verify child `POST-SUBTASK-132` — Execute clean-location restore of representative raw-to-forecast lineage and Jira metadata with measured RPO/RTO/manual steps.
- Integrate the child outputs and execute final gate `POST-SUBTASK-132`.
- Preserve exact source/data/code/config/runtime identities, failures, unresolved blockers, and downstream-consumption evidence.

Explicit Out of Scope
- Work assigned to sibling Stories or another Epic.
- Closing the Story because implementation files exist while the final gate or downstream-consumption proof is incomplete.
- Weakening protected requirements, PIT/source-policy/security controls, accepted ADRs, or evidence thresholds to obtain a passing gate.

Prerequisites / Dependencies
- Hard dependency POST-SUBTASK-129
- POST-SUBTASK-129

Acceptance Criteria
1. Canonical protected evidence, negative results, source-policy metadata, and issue history retain required immutability while raw third-party data never copies to publication destinations.
2. The declared output `configs/backup_retention_policy.json` is produced with deterministic identity, provenance, and validation metadata appropriate to this work.
3. The work does not fabricate source availability, empirical results, thresholds, model performance, operational readiness, or completion evidence.
4. Backups are independently readable/content-hashed/cataloged/permission-checked, partial/corrupt copies never replace good state, and Jira canonical records/key map/change log/indexes are included efficiently.
5. The declared output `artifacts/operations/backup_catalog_and_integrity.json` is produced with deterministic identity, provenance, and validation metadata appropriate to this work.
6. A clean restore passes hash/schema/reference/lineage validation, identifies external credentials/rights reconfiguration, measures recovery, and success is not inferred from backup creation alone.
7. All prerequisite evidence is linked and unresolved blockers remain explicit; file creation alone cannot pass this gate.

Definition of Done
1. All child subtasks POST-SUBTASK-130, POST-SUBTASK-131, POST-SUBTASK-132 have verified evidence or an explicit accepted-risk/deferred/cancelled disposition consistent with the Story contract.
2. The final gate `POST-SUBTASK-132` completes and proves the Story end-to-end requirement; closing implementation children alone is insufficient.
3. All direct and inherited requirement/control/ADR/risk/gap mappings resolve through the governance context index without missing or invalid identifiers.
4. The Story evidence manifest pins child artifact, source/data/code/config/runtime, split/cutoff, and target-host identities where applicable and preserves failures/null results.
5. Canonical/derived Jira views, live operational fields when connected, dependency links, queues, and downstream states are synchronized and pass strict validation.

Required Tests / Validation
- EXISTING_AUTOMATED_TEST / EXISTING_AUTOMATED_TEST: tests/test_w23_operations.py — Run and retain the result when this issue touches the covered contract.
- EXISTING_AUTOMATED_TEST / EXISTING_AUTOMATED_TEST: tools/validate_w23_operations.py — Run and retain the result when this issue touches the covered contract.
- END_TO_END / END_TO_END: POST-SUBTASK-132 — The final child gate `POST-SUBTASK-132` must prove the integrated Story outcome and downstream-consumable output.
- REPRODUCIBILITY / REPRODUCIBILITY: STORY_EVIDENCE_MANIFEST — Aggregate child artifact hashes, input identities, gate decision, failures, and downstream readiness into a reproducible Story evidence manifest.

Required Evidence
- Verified child completion/evidence manifests for POST-SUBTASK-130, POST-SUBTASK-131, POST-SUBTASK-132.
- Final gate decision from `POST-SUBTASK-132` with criterion-by-criterion PASS/FAIL/BLOCKED outcomes and output hashes.
- Story-level downstream-consumption evidence and an explicit list of issues unlocked, retained blocked, rejected, or deferred.

End-to-End Validation
A verified backup can restore selected canonical lineage and Jira execution state into a clean location without rewriting history or violating data rights.

Stop Conditions
- Stop if entry dependencies are not complete at required maturity or if the gate cannot evaluate the combined outputs.

Source References
- SRCREF-02092
- SRCREF-02093
- SRCREF-02094
- SRCREF-02095
- SRCREF-02096
- SRCREF-02097
- SRCREF-02098
- SRCREF-02001
- SRCREF-02002
- SRCREF-02003
- SRCREF-02004
- SRCREF-02005
- SRCREF-02006
- SRCREF-01898

Governance Traceability Gate: POST-SUBTASK-132

Canonical Record: jira/records/issues/stories/POST-STORY-044_rights_aware_backup_restore_retention_and_disaster_recovery.json",To Do,Medium,actionable;core-release;operations;post-wave;story;local-id-post-story-044,operations-security,POST-STORY-044,HANDOFF-012,PHASE-4,BACKLOG,INTEGRATED,PLANNED,POST_W25,false,SHARED_CONTRACT,AGGREGATE_GATE
Story,BAT-95,100095,"[POST-STORY-045] Final traceability, maturity, gap, risk, and evidence audit",100048,"Local ID: POST-STORY-045

Objective
Prove no obligation or blocker disappeared during implementation.

Why This Exists
This coherent capability closes a defined portion of Full end-to-end release candidate and operating acceptance and creates a verifiable output for the next dependency stage.

Scope
Deliver Story POST-STORY-045 (Final traceability, maturity, gap, risk, and evidence audit) as one coherent, gated capability inside Epic POST-EPIC-015. Execute child subtasks POST-SUBTASK-133, POST-SUBTASK-134, POST-SUBTASK-135 in dependency order, reconcile their pinned outputs, and require the final gate `POST-SUBTASK-135` to issue an evidence-backed approve/block/reject/defer decision before any downstream use.

Explicit In Scope
- Complete and verify child `POST-SUBTASK-133` — Regenerate bidirectional source, requirement, acceptance, ADR, gap, risk, test, artifact, issue, and evidence traceability.
- Complete and verify child `POST-SUBTASK-134` — Audit every component maturity and completion claim against actual repository/runtime artifacts, tests, real-data runs, and applicable scope.
- Complete and verify child `POST-SUBTASK-135` — Publish final coverage metrics and unresolved release-blocker register.
- Integrate the child outputs and execute final gate `POST-SUBTASK-135`.
- Preserve exact source/data/code/config/runtime identities, failures, unresolved blockers, and downstream-consumption evidence.

Explicit Out of Scope
- Work assigned to sibling Stories or another Epic.
- Closing the Story because implementation files exist while the final gate or downstream-consumption proof is incomplete.
- Weakening protected requirements, PIT/source-policy/security controls, accepted ADRs, or evidence thresholds to obtain a passing gate.

Prerequisites / Dependencies
- Hard dependency POST-SUBTASK-105
- Hard dependency POST-SUBTASK-114
- Hard dependency POST-SUBTASK-123
- Hard dependency POST-SUBTASK-132
- POST-SUBTASK-105
- POST-SUBTASK-114
- POST-SUBTASK-123
- POST-SUBTASK-132

Acceptance Criteria
1. Every active obligation/release-blocking control maps to current evidence and Jira; all 14 final gaps and 310 final risks have actionable, accepted/deferred, N-A, or verified-closed dispositions, with historical-only mappings flagged.
2. The declared output `artifacts/release/final_traceability_audit.json` is produced with deterministic identity, provenance, and validation metadata appropriate to this work.
3. The work does not fabricate source availability, empirical results, thresholds, model performance, operational readiness, or completion evidence.
4. Synthetic validation is not real empirical validation, functional starters are not production-ready, and every DESIGN_ONLY→OPERATING claim cites verifiable evidence or remains blocked/conflicted/manual.
5. The declared output `artifacts/release/maturity_evidence_audit.csv` is produced with deterministic identity, provenance, and validation metadata appropriate to this work.
6. Coverage reports unmapped/invalid/orphan/cycle/missing-AC/DoD/test/evidence/source issues and zero blockers only when supported; conditional advanced and deferred live work are excluded only explicitly.
7. All prerequisite evidence is linked and unresolved blockers remain explicit; file creation alone cannot pass this gate.

Definition of Done
1. All child subtasks POST-SUBTASK-133, POST-SUBTASK-134, POST-SUBTASK-135 have verified evidence or an explicit accepted-risk/deferred/cancelled disposition consistent with the Story contract.
2. The final gate `POST-SUBTASK-135` completes and proves the Story end-to-end requirement; closing implementation children alone is insufficient.
3. All direct and inherited requirement/control/ADR/risk/gap mappings resolve through the governance context index without missing or invalid identifiers.
4. The Story evidence manifest pins child artifact, source/data/code/config/runtime, split/cutoff, and target-host identities where applicable and preserves failures/null results.
5. Canonical/derived Jira views, live operational fields when connected, dependency links, queues, and downstream states are synchronized and pass strict validation.

Required Tests / Validation
- EXISTING_AUTOMATED_TEST / EXISTING_AUTOMATED_TEST: tests/test_w24_readiness.py — Run and retain the result when this issue touches the covered contract.
- EXISTING_AUTOMATED_TEST / EXISTING_AUTOMATED_TEST: tests/test_w25_final_handoff.py — Run and retain the result when this issue touches the covered contract.
- END_TO_END / END_TO_END: POST-SUBTASK-135 — The final child gate `POST-SUBTASK-135` must prove the integrated Story outcome and downstream-consumable output.
- REPRODUCIBILITY / REPRODUCIBILITY: STORY_EVIDENCE_MANIFEST — Aggregate child artifact hashes, input identities, gate decision, failures, and downstream readiness into a reproducible Story evidence manifest.

Required Evidence
- Verified child completion/evidence manifests for POST-SUBTASK-133, POST-SUBTASK-134, POST-SUBTASK-135.
- Final gate decision from `POST-SUBTASK-135` with criterion-by-criterion PASS/FAIL/BLOCKED outcomes and output hashes.
- Story-level downstream-consumption evidence and an explicit list of issues unlocked, retained blocked, rejected, or deferred.

End-to-End Validation
Every release claim and exclusion can be traced to concrete current evidence, with no gap, risk, requirement, or control disappearing behind historical Done labels.

Stop Conditions
- Stop if entry dependencies are not complete at required maturity or if the gate cannot evaluate the combined outputs.

Source References
- SRCREF-02099
- SRCREF-02100
- SRCREF-02101
- SRCREF-02102
- SRCREF-02103
- SRCREF-02104
- SRCREF-02105
- SRCREF-02106
- SRCREF-02001
- SRCREF-02002
- SRCREF-02003
- SRCREF-02004
- SRCREF-02005
- SRCREF-02006
- SRCREF-01899
- SRCREF-01900

Governance Traceability Gate: POST-SUBTASK-141

Canonical Record: jira/records/issues/stories/POST-STORY-045_final_traceability_maturity_gap_risk_and_evidence_audit.json",To Do,Medium,actionable;core-release;post-wave;release;story;local-id-post-story-045,release-readiness,POST-STORY-045,HANDOFF-013;HANDOFF-014,PHASE-5,BACKLOG,INTEGRATED,PLANNED,POST_W25,false,SHARED_CONTRACT,AGGREGATE_GATE
Story,BAT-96,100096,[POST-STORY-046] Clean-target real-data release candidate,100048,"Local ID: POST-STORY-046

Objective
Execute the complete production chain and product consumption from a clean target-machine checkout.

Why This Exists
This coherent capability closes a defined portion of Full end-to-end release candidate and operating acceptance and creates a verifiable output for the next dependency stage.

Scope
Deliver Story POST-STORY-046 (Clean-target real-data release candidate) as one coherent, gated capability inside Epic POST-EPIC-015. Execute child subtasks POST-SUBTASK-136, POST-SUBTASK-137, POST-SUBTASK-138 in dependency order, reconcile their pinned outputs, and require the final gate `POST-SUBTASK-138` to issue an evidence-backed approve/block/reject/defer decision before any downstream use.

Explicit In Scope
- Complete and verify child `POST-SUBTASK-136` — Stage the signed release candidate, dependency/runtime, Jira pack, private-research source configuration, and clean external roots.
- Complete and verify child `POST-SUBTASK-137` — Execute quality-valid source acquisition through immutable raw, entities, PIT, features, champion/no-champion handling, predictions, publication, API, and dashboard on representative real weekly data.
- Complete and verify child `POST-SUBTASK-138` — Validate outputs, lineage, protected decisions, rollback, clean re-execution, target performance/resources/freshness, and all release-blocking controls.
- Integrate the child outputs and execute final gate `POST-SUBTASK-138`.
- Preserve exact source/data/code/config/runtime identities, failures, unresolved blockers, and downstream-consumption evidence.

Explicit Out of Scope
- Work assigned to sibling Stories or another Epic.
- Closing the Story because implementation files exist while the final gate or downstream-consumption proof is incomplete.
- Weakening protected requirements, PIT/source-policy/security controls, accepted ADRs, or evidence thresholds to obtain a passing gate.

Prerequisites / Dependencies
- Hard dependency POST-SUBTASK-135
- Hard dependency POST-SUBTASK-009
- POST-SUBTASK-009
- POST-SUBTASK-135

Acceptance Criteria
1. The stage pins repository/dependencies/Jira/source-rights/schema/data/entity/PIT/feature/model/product/runbook identities, keeps credentials external, enforces restrictions, and fails on dirty protected state or blockers.
2. The declared output `artifacts/release/release_candidate_manifest.json` is produced with deterministic identity, provenance, and validation metadata appropriate to this work.
3. The work does not fabricate source availability, empirical results, thresholds, model performance, operational readiness, or completion evidence.
4. Every production stage uses real quality-valid data/code/paths and emits complete lineage/tests/resources/freshness/failure evidence; fixtures, samples, fabricated metrics, or manual file swaps cannot claim success.
5. The declared output `artifacts/release/release_candidate_e2e.json` is produced with deterministic identity, provenance, and validation metadata appropriate to this work.
6. Independent validators trace forecasts/product to the signed run and A&M/BAS/promotion decisions, rollback succeeds, clean re-run reproduces declared outputs, and AC-038/target gates use authoritative host evidence.
7. All prerequisite evidence is linked and unresolved blockers remain explicit; file creation alone cannot pass this gate.

Definition of Done
1. All child subtasks POST-SUBTASK-136, POST-SUBTASK-137, POST-SUBTASK-138 have verified evidence or an explicit accepted-risk/deferred/cancelled disposition consistent with the Story contract.
2. The final gate `POST-SUBTASK-138` completes and proves the Story end-to-end requirement; closing implementation children alone is insufficient.
3. All direct and inherited requirement/control/ADR/risk/gap mappings resolve through the governance context index without missing or invalid identifiers.
4. The Story evidence manifest pins child artifact, source/data/code/config/runtime, split/cutoff, and target-host identities where applicable and preserves failures/null results.
5. Canonical/derived Jira views, live operational fields when connected, dependency links, queues, and downstream states are synchronized and pass strict validation.

Required Tests / Validation
- EXISTING_AUTOMATED_TEST / EXISTING_AUTOMATED_TEST: tests/test_w24_readiness.py — Run and retain the result when this issue touches the covered contract.
- EXISTING_AUTOMATED_TEST / EXISTING_AUTOMATED_TEST: tests/test_w25_final_handoff.py — Run and retain the result when this issue touches the covered contract.
- END_TO_END / END_TO_END: POST-SUBTASK-138 — The final child gate `POST-SUBTASK-138` must prove the integrated Story outcome and downstream-consumable output.
- REPRODUCIBILITY / REPRODUCIBILITY: STORY_EVIDENCE_MANIFEST — Aggregate child artifact hashes, input identities, gate decision, failures, and downstream readiness into a reproducible Story evidence manifest.

Required Evidence
- Verified child completion/evidence manifests for POST-SUBTASK-136, POST-SUBTASK-137, POST-SUBTASK-138.
- Final gate decision from `POST-SUBTASK-138` with criterion-by-criterion PASS/FAIL/BLOCKED outcomes and output hashes.
- Story-level downstream-consumption evidence and an explicit list of issues unlocked, retained blocked, rejected, or deferred.

End-to-End Validation
A clean authoritative target host runs the signed real-data product from acquisition to dashboard and proves reproducibility, rollback, resource, security, and scientific integrity.

Stop Conditions
- Stop if entry dependencies are not complete at required maturity or if the gate cannot evaluate the combined outputs.

Source References
- SRCREF-02099
- SRCREF-02100
- SRCREF-02101
- SRCREF-02102
- SRCREF-02103
- SRCREF-02104
- SRCREF-02105
- SRCREF-02106
- SRCREF-02001
- SRCREF-02002
- SRCREF-02003
- SRCREF-02004
- SRCREF-02005
- SRCREF-02006
- SRCREF-01899
- SRCREF-01900
- SRCREF-01563
- SRCREF-01574
- SRCREF-01017

Governance Traceability Gate: POST-SUBTASK-141

Canonical Record: jira/records/issues/stories/POST-STORY-046_clean_target_real_data_release_candidate.json",To Do,Medium,actionable;core-release;post-wave;release;story;local-id-post-story-046,release-readiness,POST-STORY-046,AC-038;GAP-001;GAP-012;HANDOFF-013;HANDOFF-014,PHASE-5,BACKLOG,INTEGRATED,PLANNED,POST_W25,false,SHARED_CONTRACT,AGGREGATE_GATE
Story,BAT-97,100097,"[POST-STORY-047] Documentation, independent handoff, go-live review, and operating authorization",100048,"Local ID: POST-STORY-047

Objective
Make the system installable, auditable, operable, and either authorize an exact release or retain an explicit no-release decision.

Why This Exists
This coherent capability closes a defined portion of Full end-to-end release candidate and operating acceptance and creates a verifiable output for the next dependency stage.

Scope
Deliver Story POST-STORY-047 (Documentation, independent handoff, go-live review, and operating authorization) as one coherent, gated capability inside Epic POST-EPIC-015. Execute child subtasks POST-SUBTASK-139, POST-SUBTASK-140, POST-SUBTASK-141 in dependency order, reconcile their pinned outputs, and require the final gate `POST-SUBTASK-141` to issue an evidence-backed approve/block/reject/defer decision before any downstream use.

Explicit In Scope
- Complete and verify child `POST-SUBTASK-139` — Finalize verified operator/developer installation, credentials/rights, weekly run, monitoring, backup, restore, incident, rollback, and Jira maintenance guides.
- Complete and verify child `POST-SUBTASK-140` — Finalize production system/data/model/A&M/BAS cards, limitations, protected results, null findings, provenance, reproduction, API/product, and release manifest.
- Complete and verify child `POST-SUBTASK-141` — Conduct technical/scientific/security/rights/operations/product review and publish operating authorization or blocked/no-release decision plus post-release baseline.
- Integrate the child outputs and execute final gate `POST-SUBTASK-141`.
- Preserve exact source/data/code/config/runtime identities, failures, unresolved blockers, and downstream-consumption evidence.

Explicit Out of Scope
- Work assigned to sibling Stories or another Epic.
- Closing the Story because implementation files exist while the final gate or downstream-consumption proof is incomplete.
- Weakening protected requirements, PIT/source-policy/security controls, accepted ADRs, or evidence thresholds to obtain a passing gate.

Prerequisites / Dependencies
- Hard dependency POST-SUBTASK-138
- POST-SUBTASK-138

Acceptance Criteria
1. A new operator can execute exact verified commands, configure external roots/credentials, inspect Jira blockers, run/recover/rollback the product, and understands every manual/legal boundary without stale Wave-26 language.
2. The declared output `docs/operations/PRODUCTION_OPERATOR_GUIDE.md` is produced with deterministic identity, provenance, and validation metadata appropriate to this work.
3. The work does not fabricate source availability, empirical results, thresholds, model performance, operational readiness, or completion evidence.
4. Documentation reports actual coverage/metrics/calibration/uncertainty/OOD/A&M/BAS decisions/limitations/nulls and links every claim to immutable evidence with no unsupported SLA, causal, performance, or scientific claim.
5. The declared output `docs/final/PRODUCTION_SYSTEM_CARD.md` is produced with deterministic identity, provenance, and validation metadata appropriate to this work.
6. Review records conflicts/residual risk/manual gates; authorization names exact release/model/data/product/Jira identities and supported modes or lists unmet evidence, never infers completion from planning or starter tests, and captures the operating baseline.
7. All prerequisite evidence is linked and unresolved blockers remain explicit; file creation alone cannot pass this gate.

Definition of Done
1. All child subtasks POST-SUBTASK-139, POST-SUBTASK-140, POST-SUBTASK-141 have verified evidence or an explicit accepted-risk/deferred/cancelled disposition consistent with the Story contract.
2. The final gate `POST-SUBTASK-141` completes and proves the Story end-to-end requirement; closing implementation children alone is insufficient.
3. All direct and inherited requirement/control/ADR/risk/gap mappings resolve through the governance context index without missing or invalid identifiers.
4. The Story evidence manifest pins child artifact, source/data/code/config/runtime, split/cutoff, and target-host identities where applicable and preserves failures/null results.
5. Canonical/derived Jira views, live operational fields when connected, dependency links, queues, and downstream states are synchronized and pass strict validation.

Required Tests / Validation
- EXISTING_AUTOMATED_TEST / EXISTING_AUTOMATED_TEST: tests/test_w24_readiness.py — Run and retain the result when this issue touches the covered contract.
- EXISTING_AUTOMATED_TEST / EXISTING_AUTOMATED_TEST: tests/test_w25_final_handoff.py — Run and retain the result when this issue touches the covered contract.
- END_TO_END / END_TO_END: POST-SUBTASK-141 — The final child gate `POST-SUBTASK-141` must prove the integrated Story outcome and downstream-consumable output.
- REPRODUCIBILITY / REPRODUCIBILITY: STORY_EVIDENCE_MANIFEST — Aggregate child artifact hashes, input identities, gate decision, failures, and downstream readiness into a reproducible Story evidence manifest.

Required Evidence
- Verified child completion/evidence manifests for POST-SUBTASK-139, POST-SUBTASK-140, POST-SUBTASK-141.
- Final gate decision from `POST-SUBTASK-141` with criterion-by-criterion PASS/FAIL/BLOCKED outcomes and output hashes.
- Story-level downstream-consumption evidence and an explicit list of issues unlocked, retained blocked, rejected, or deferred.

End-to-End Validation
An independent operator can reproduce and safely operate the exact approved release, or the system remains truthfully blocked with concrete evidence gaps.

Stop Conditions
- Stop if entry dependencies are not complete at required maturity or if the gate cannot evaluate the combined outputs.

Source References
- SRCREF-02099
- SRCREF-02100
- SRCREF-02101
- SRCREF-02102
- SRCREF-02103
- SRCREF-02104
- SRCREF-02105
- SRCREF-02106
- SRCREF-02001
- SRCREF-02002
- SRCREF-02003
- SRCREF-02004
- SRCREF-02005
- SRCREF-02006
- SRCREF-01899
- SRCREF-01900
- SRCREF-01897
- SRCREF-01898

Governance Traceability Gate: POST-SUBTASK-141

Canonical Record: jira/records/issues/stories/POST-STORY-047_documentation_independent_handoff_go_live_review_and_operating_authorization.json",To Do,Medium,actionable;core-release;post-wave;release;story;local-id-post-story-047,release-readiness,POST-STORY-047,HANDOFF-011;HANDOFF-012;HANDOFF-013;HANDOFF-014,PHASE-5,BACKLOG,INTEGRATED,PLANNED,POST_W25,false,SHARED_CONTRACT,AGGREGATE_GATE
Story,BAT-98,100098,"[POST-STORY-048] Advanced challenger proposal, feasibility, and admission",100049,"Local ID: POST-STORY-048

Objective
Admit a challenger only for a falsifiable task-specific shortfall that simpler work cannot address.

Why This Exists
This coherent capability closes a defined portion of Conditional advanced challenger research and admission and creates a verifiable output for the next dependency stage.

Scope
Deliver Story POST-STORY-048 (Advanced challenger proposal, feasibility, and admission) as one coherent, gated capability inside Epic POST-EPIC-016. Execute child subtasks POST-SUBTASK-142, POST-SUBTASK-143, POST-SUBTASK-144 in dependency order, reconcile their pinned outputs, and require the final gate `POST-SUBTASK-144` to issue an evidence-backed approve/block/reject/defer decision before any downstream use.

Explicit In Scope
- Complete and verify child `POST-SUBTASK-142` — Precommit challenger hypothesis, exact baseline deficiency, success/failure criteria, required data, architecture, risks, simpler alternatives, and expected value of information.
- Complete and verify child `POST-SUBTASK-143` — Measure real data sufficiency, identity quality, local RAM/GPU/disk/runtime, reproducibility, maintenance, rights, and protected-evaluation feasibility.
- Complete and verify child `POST-SUBTASK-144` — Apply the existing advanced-challenger admission gate and retain rejection/no-admission as valid completion.
- Integrate the child outputs and execute final gate `POST-SUBTASK-144`.
- Preserve exact source/data/code/config/runtime identities, failures, unresolved blockers, and downstream-consumption evidence.

Explicit Out of Scope
- Work assigned to sibling Stories or another Epic.
- Closing the Story because implementation files exist while the final gate or downstream-consumption proof is incomplete.
- Weakening protected requirements, PIT/source-policy/security controls, accepted ADRs, or evidence thresholds to obtain a passing gate.

Prerequisites / Dependencies
- Hard dependency POST-SUBTASK-141
- POST-SUBTASK-141

Acceptance Criteria
1. The hypothesis is registered before results and is not novelty/idle-compute seeking; it names the task/metric/segment and prevents post-hoc success redefinition.
2. The declared output `artifacts/advanced/challenger_proposal.json` is produced with deterministic identity, provenance, and validation metadata appropriate to this work.
3. The work does not fabricate source availability, empirical results, thresholds, model performance, operational readiness, or completion evidence.
4. Feasibility cannot require unapproved cloud fleets/proprietary data/protected leakage, measures actual resource/sample/sequence/graph quality, and canonically records infeasible outcomes.
5. The declared output `artifacts/advanced/challenger_feasibility.json` is produced with deterministic identity, provenance, and validation metadata appropriate to this work.
6. TASK-165–168 remain conditional unless policy/value/feasibility pass, no simpler unresolved baseline work remains, and no-admission is complete evidence.
7. All prerequisite evidence is linked and unresolved blockers remain explicit; file creation alone cannot pass this gate.

Definition of Done
1. All child subtasks POST-SUBTASK-142, POST-SUBTASK-143, POST-SUBTASK-144 have verified evidence or an explicit accepted-risk/deferred/cancelled disposition consistent with the Story contract.
2. The final gate `POST-SUBTASK-144` completes and proves the Story end-to-end requirement; closing implementation children alone is insufficient.
3. All direct and inherited requirement/control/ADR/risk/gap mappings resolve through the governance context index without missing or invalid identifiers.
4. The Story evidence manifest pins child artifact, source/data/code/config/runtime, split/cutoff, and target-host identities where applicable and preserves failures/null results.
5. Canonical/derived Jira views, live operational fields when connected, dependency links, queues, and downstream states are synchronized and pass strict validation.

Required Tests / Validation
- EXISTING_AUTOMATED_TEST / EXISTING_AUTOMATED_TEST: tests/test_advanced_challenger_full.py — Run and retain the result when this issue touches the covered contract.
- EXISTING_AUTOMATED_TEST / EXISTING_AUTOMATED_TEST: tools/check_advanced_challenger_admission.py — Run and retain the result when this issue touches the covered contract.
- END_TO_END / END_TO_END: POST-SUBTASK-144 — The final child gate `POST-SUBTASK-144` must prove the integrated Story outcome and downstream-consumable output.
- REPRODUCIBILITY / REPRODUCIBILITY: STORY_EVIDENCE_MANIFEST — Aggregate child artifact hashes, input identities, gate decision, failures, and downstream readiness into a reproducible Story evidence manifest.

Required Evidence
- Verified child completion/evidence manifests for POST-SUBTASK-142, POST-SUBTASK-143, POST-SUBTASK-144.
- Final gate decision from `POST-SUBTASK-144` with criterion-by-criterion PASS/FAIL/BLOCKED outcomes and output hashes.
- Story-level downstream-consumption evidence and an explicit list of issues unlocked, retained blocked, rejected, or deferred.

End-to-End Validation
Only a precommitted feasible challenger with meaningful information value enters implementation; optional complexity never becomes mandatory by default.

Stop Conditions
- Stop if entry dependencies are not complete at required maturity or if the gate cannot evaluate the combined outputs.

Source References
- SRCREF-02107
- SRCREF-02108
- SRCREF-02109
- SRCREF-02110
- SRCREF-02111
- SRCREF-02001
- SRCREF-02002
- SRCREF-02003
- SRCREF-02004
- SRCREF-02005
- SRCREF-02006
- SRCREF-01899
- SRCREF-01575
- SRCREF-00198
- SRCREF-00199
- SRCREF-00200
- SRCREF-00201

Governance Traceability Gate: POST-SUBTASK-150

Canonical Record: jira/records/issues/stories/POST-STORY-048_advanced_challenger_proposal_feasibility_and_admission.json",To Do,Low,actionable;advanced;conditional;post-wave;story;local-id-post-story-048,advanced-challengers,POST-STORY-048,GAP-013;HANDOFF-013;TASK-165;TASK-166;TASK-167;TASK-168,PHASE-5,DEFERRED,INTEGRATED,PLANNED,POST_W25,false,SHARED_CONTRACT,AGGREGATE_GATE
Story,BAT-99,100099,"[POST-STORY-049] Bounded implementation, tuning, ablation, and protected admission",100049,"Local ID: POST-STORY-049

Objective
Run an admitted challenger in isolation without contaminating production or the protected test.

Why This Exists
This coherent capability closes a defined portion of Conditional advanced challenger research and admission and creates a verifiable output for the next dependency stage.

Scope
Deliver Story POST-STORY-049 (Bounded implementation, tuning, ablation, and protected admission) as one coherent, gated capability inside Epic POST-EPIC-016. Execute child subtasks POST-SUBTASK-145, POST-SUBTASK-146, POST-SUBTASK-147 in dependency order, reconcile their pinned outputs, and require the final gate `POST-SUBTASK-147` to issue an evidence-backed approve/block/reject/defer decision before any downstream use.

Explicit In Scope
- Complete and verify child `POST-SUBTASK-145` — Implement the admitted neural/Bayesian/graph/sequence challenger against pinned matrices/splits within fixed scope and compute.
- Complete and verify child `POST-SUBTASK-146` — Run bounded tuning, ablation, calibration, OOD, robustness, stability, runtime, memory, maintainability, and simple-baseline comparisons retaining all failures.
- Complete and verify child `POST-SUBTASK-147` — Decide whether tuning evidence warrants a one-time sealed protected comparison.
- Integrate the child outputs and execute final gate `POST-SUBTASK-147`.
- Preserve exact source/data/code/config/runtime identities, failures, unresolved blockers, and downstream-consumption evidence.

Explicit Out of Scope
- Work assigned to sibling Stories or another Epic.
- Closing the Story because implementation files exist while the final gate or downstream-consumption proof is incomplete.
- Weakening protected requirements, PIT/source-policy/security controls, accepted ADRs, or evidence thresholds to obtain a passing gate.

Prerequisites / Dependencies
- Hard dependency POST-SUBTASK-144
- POST-SUBTASK-144

Acceptance Criteria
1. Implementation pins code/config/data/seed/compute and leaves active champion/publication unchanged; scope expansion requires a new admitted proposal.
2. The declared output `artifacts/advanced/challenger_build_manifest.json` is produced with deterministic identity, provenance, and validation metadata appropriate to this work.
3. The work does not fabricate source availability, empirical results, thresholds, model performance, operational readiness, or completion evidence.
4. Search/budget is fixed before results, protected outcomes stay sealed, all trials/negative results persist, and complexity/resource penalties accompany apparent lift.
5. The declared output `artifacts/advanced/challenger_tuning_scorecard.json` is produced with deterministic identity, provenance, and validation metadata appropriate to this work.
6. Precommitted tuning gates admit or reject protected comparison; no-improvement/instability/excess cost closes the experiment and admission does not imply promotion.
7. All prerequisite evidence is linked and unresolved blockers remain explicit; file creation alone cannot pass this gate.

Definition of Done
1. All child subtasks POST-SUBTASK-145, POST-SUBTASK-146, POST-SUBTASK-147 have verified evidence or an explicit accepted-risk/deferred/cancelled disposition consistent with the Story contract.
2. The final gate `POST-SUBTASK-147` completes and proves the Story end-to-end requirement; closing implementation children alone is insufficient.
3. All direct and inherited requirement/control/ADR/risk/gap mappings resolve through the governance context index without missing or invalid identifiers.
4. The Story evidence manifest pins child artifact, source/data/code/config/runtime, split/cutoff, and target-host identities where applicable and preserves failures/null results.
5. Canonical/derived Jira views, live operational fields when connected, dependency links, queues, and downstream states are synchronized and pass strict validation.

Required Tests / Validation
- EXISTING_AUTOMATED_TEST / EXISTING_AUTOMATED_TEST: tests/test_advanced_challenger_full.py — Run and retain the result when this issue touches the covered contract.
- EXISTING_AUTOMATED_TEST / EXISTING_AUTOMATED_TEST: tools/check_advanced_challenger_admission.py — Run and retain the result when this issue touches the covered contract.
- END_TO_END / END_TO_END: POST-SUBTASK-147 — The final child gate `POST-SUBTASK-147` must prove the integrated Story outcome and downstream-consumable output.
- REPRODUCIBILITY / REPRODUCIBILITY: STORY_EVIDENCE_MANIFEST — Aggregate child artifact hashes, input identities, gate decision, failures, and downstream readiness into a reproducible Story evidence manifest.

Required Evidence
- Verified child completion/evidence manifests for POST-SUBTASK-145, POST-SUBTASK-146, POST-SUBTASK-147.
- Final gate decision from `POST-SUBTASK-147` with criterion-by-criterion PASS/FAIL/BLOCKED outcomes and output hashes.
- Story-level downstream-consumption evidence and an explicit list of issues unlocked, retained blocked, rejected, or deferred.

End-to-End Validation
An admitted challenger produces bounded, reproducible, fully logged tuning evidence without changing production or leaking protected outcomes.

Stop Conditions
- Stop if entry dependencies are not complete at required maturity or if the gate cannot evaluate the combined outputs.

Source References
- SRCREF-02107
- SRCREF-02108
- SRCREF-02109
- SRCREF-02110
- SRCREF-02111
- SRCREF-02001
- SRCREF-02002
- SRCREF-02003
- SRCREF-02004
- SRCREF-02005
- SRCREF-02006
- SRCREF-01899
- SRCREF-01575
- SRCREF-00198
- SRCREF-00199
- SRCREF-00200
- SRCREF-00201

Governance Traceability Gate: POST-SUBTASK-150

Canonical Record: jira/records/issues/stories/POST-STORY-049_bounded_implementation_tuning_ablation_and_protected_admission.json",To Do,Low,actionable;advanced;conditional;post-wave;story;local-id-post-story-049,advanced-challengers,POST-STORY-049,GAP-013;HANDOFF-013;TASK-165;TASK-166;TASK-167;TASK-168,PHASE-5,DEFERRED,INTEGRATED,PLANNED,POST_W25,false,SHARED_CONTRACT,AGGREGATE_GATE
Story,BAT-100,100100,[POST-STORY-050] Protected comparison and production disposition,100049,"Local ID: POST-STORY-050

Objective
Apply the same sealed evidence, operations, and rollback gates as any champion.

Why This Exists
This coherent capability closes a defined portion of Conditional advanced challenger research and admission and creates a verifiable output for the next dependency stage.

Scope
Deliver Story POST-STORY-050 (Protected comparison and production disposition) as one coherent, gated capability inside Epic POST-EPIC-016. Execute child subtasks POST-SUBTASK-148, POST-SUBTASK-149, POST-SUBTASK-150 in dependency order, reconcile their pinned outputs, and require the final gate `POST-SUBTASK-150` to issue an evidence-backed approve/block/reject/defer decision before any downstream use.

Explicit In Scope
- Complete and verify child `POST-SUBTASK-148` — Generate challenger predictions on identical sealed protected games/cutoffs/metrics and complete scientific/resource scorecards.
- Complete and verify child `POST-SUBTASK-149` — Apply champion/challenger promotion, reproducibility, operational-compatibility, publication, product, and rollback policy.
- Complete and verify child `POST-SUBTASK-150` — Reconcile registries, artifacts, documentation, Jira state, operating baseline, and close-by-disposition evidence.
- Integrate the child outputs and execute final gate `POST-SUBTASK-150`.
- Preserve exact source/data/code/config/runtime identities, failures, unresolved blockers, and downstream-consumption evidence.

Explicit Out of Scope
- Work assigned to sibling Stories or another Epic.
- Closing the Story because implementation files exist while the final gate or downstream-consumption proof is incomplete.
- Weakening protected requirements, PIT/source-policy/security controls, accepted ADRs, or evidence thresholds to obtain a passing gate.

Prerequisites / Dependencies
- Hard dependency POST-SUBTASK-147
- POST-SUBTASK-147

Acceptance Criteria
1. The challenger receives identical evaluation, uncertainty/calibration/robustness/resource reporting, cannot alter prior champion evidence, and incomplete runs are not selectively summarized.
2. The declared output `artifacts/advanced/challenger_protected_scorecard.json` is produced with deterministic identity, provenance, and validation metadata appropriate to this work.
3. The work does not fabricate source availability, empirical results, thresholds, model performance, operational readiness, or completion evidence.
4. Promotion requires policy-compliant protected evidence and a signed reproducible artifact; no-promotion retains current champion/negative evidence and any promoted candidate passes full serving/operations/rollback gates.
5. The declared output `artifacts/advanced/challenger_promotion_decision.json` is produced with deterministic identity, provenance, and validation metadata appropriate to this work.
6. Active identities change only on successful promotion, all decisions/Jira/evidence reconcile, and GAP-013 remains conditional or closed by explicit disposition rather than a core blocker.
7. All prerequisite evidence is linked and unresolved blockers remain explicit; file creation alone cannot pass this gate.

Definition of Done
1. All child subtasks POST-SUBTASK-148, POST-SUBTASK-149, POST-SUBTASK-150 have verified evidence or an explicit accepted-risk/deferred/cancelled disposition consistent with the Story contract.
2. The final gate `POST-SUBTASK-150` completes and proves the Story end-to-end requirement; closing implementation children alone is insufficient.
3. All direct and inherited requirement/control/ADR/risk/gap mappings resolve through the governance context index without missing or invalid identifiers.
4. The Story evidence manifest pins child artifact, source/data/code/config/runtime, split/cutoff, and target-host identities where applicable and preserves failures/null results.
5. Canonical/derived Jira views, live operational fields when connected, dependency links, queues, and downstream states are synchronized and pass strict validation.

Required Tests / Validation
- EXISTING_AUTOMATED_TEST / EXISTING_AUTOMATED_TEST: tests/test_advanced_challenger_full.py — Run and retain the result when this issue touches the covered contract.
- EXISTING_AUTOMATED_TEST / EXISTING_AUTOMATED_TEST: tools/check_advanced_challenger_admission.py — Run and retain the result when this issue touches the covered contract.
- END_TO_END / END_TO_END: POST-SUBTASK-150 — The final child gate `POST-SUBTASK-150` must prove the integrated Story outcome and downstream-consumable output.
- REPRODUCIBILITY / REPRODUCIBILITY: STORY_EVIDENCE_MANIFEST — Aggregate child artifact hashes, input identities, gate decision, failures, and downstream readiness into a reproducible Story evidence manifest.

Required Evidence
- Verified child completion/evidence manifests for POST-SUBTASK-148, POST-SUBTASK-149, POST-SUBTASK-150.
- Final gate decision from `POST-SUBTASK-150` with criterion-by-criterion PASS/FAIL/BLOCKED outcomes and output hashes.
- Story-level downstream-consumption evidence and an explicit list of issues unlocked, retained blocked, rejected, or deferred.

End-to-End Validation
An optional challenger either survives the identical sealed production gate or remains preserved negative evidence without destabilizing the operating system.

Stop Conditions
- Stop if entry dependencies are not complete at required maturity or if the gate cannot evaluate the combined outputs.

Source References
- SRCREF-02107
- SRCREF-02108
- SRCREF-02109
- SRCREF-02110
- SRCREF-02111
- SRCREF-02001
- SRCREF-02002
- SRCREF-02003
- SRCREF-02004
- SRCREF-02005
- SRCREF-02006
- SRCREF-01899
- SRCREF-01575
- SRCREF-00198
- SRCREF-00199
- SRCREF-00200
- SRCREF-00201

Governance Traceability Gate: POST-SUBTASK-150

Canonical Record: jira/records/issues/stories/POST-STORY-050_protected_comparison_and_production_disposition.json",To Do,Low,actionable;advanced;conditional;post-wave;story;local-id-post-story-050,advanced-challengers,POST-STORY-050,GAP-013;HANDOFF-013;TASK-165;TASK-166;TASK-167;TASK-168,PHASE-5,DEFERRED,INTEGRATED,PLANNED,POST_W25,false,SHARED_CONTRACT,AGGREGATE_GATE
Story,BAT-101,100101,"[POST-STORY-051] Live need, source, rights, latency, cost, and value gate",100050,"Local ID: POST-STORY-051

Objective
Decide whether live scope should ever activate without weakening the pregame product.

Why This Exists
This coherent capability closes a defined portion of Deferred live and in-game modeling and creates a verifiable output for the next dependency stage.

Scope
Deliver Story POST-STORY-051 (Live need, source, rights, latency, cost, and value gate) as one coherent, gated capability inside Epic POST-EPIC-017. Execute child subtasks POST-SUBTASK-151, POST-SUBTASK-152, POST-SUBTASK-153 in dependency order, reconcile their pinned outputs, and require the final gate `POST-SUBTASK-153` to issue an evidence-backed approve/block/reject/defer decision before any downstream use.

Explicit In Scope
- Complete and verify child `POST-SUBTASK-151` — Research licensed live play/state/market feeds, authentication, terms, history, replayability, latency, reliability, cost, retention, and redistribution.
- Complete and verify child `POST-SUBTASK-152` — Define exact live use cases, incremental value versus pregame, latency/reliability/resource/failure targets, isolation, and no-build criteria.
- Complete and verify child `POST-SUBTASK-153` — Apply the separate live-scope admission gate without creating Wave 26.
- Integrate the child outputs and execute final gate `POST-SUBTASK-153`.
- Preserve exact source/data/code/config/runtime identities, failures, unresolved blockers, and downstream-consumption evidence.

Explicit Out of Scope
- Work assigned to sibling Stories or another Epic.
- Closing the Story because implementation files exist while the final gate or downstream-consumption proof is incomplete.
- Weakening protected requirements, PIT/source-policy/security controls, accepted ADRs, or evidence thresholds to obtain a passing gate.

Prerequisites / Dependencies
- Hard dependency POST-SUBTASK-141
- POST-SUBTASK-141

Acceptance Criteria
1. Research does not bypass CAPTCHA/authentication/rate limits/access controls, assumes no public-equals-redistributable rights, and records unavailable/unaffordable sources as blockers.
2. The declared output `artifacts/live/live_source_research.json` is produced with deterministic identity, provenance, and validation metadata appropriate to this work.
3. The work does not fabricate source availability, empirical results, thresholds, model performance, operational readiness, or completion evidence.
4. Use cases distinguish in-game from pregame updates, targets are evidence-backed, pregame operation remains isolated, and no-build is valid when rights/history/cost/value/resources are inadequate.
5. The declared output `artifacts/live/live_value_feasibility.json` is produced with deterministic identity, provenance, and validation metadata appropriate to this work.
6. TASK-169–172 remain deferred unless user/governance explicitly admits the separate scope; no Wave 26 exists and deferred live work is not unfinished core v1.
7. All prerequisite evidence is linked and unresolved blockers remain explicit; file creation alone cannot pass this gate.

Definition of Done
1. All child subtasks POST-SUBTASK-151, POST-SUBTASK-152, POST-SUBTASK-153 have verified evidence or an explicit accepted-risk/deferred/cancelled disposition consistent with the Story contract.
2. The final gate `POST-SUBTASK-153` completes and proves the Story end-to-end requirement; closing implementation children alone is insufficient.
3. All direct and inherited requirement/control/ADR/risk/gap mappings resolve through the governance context index without missing or invalid identifiers.
4. The Story evidence manifest pins child artifact, source/data/code/config/runtime, split/cutoff, and target-host identities where applicable and preserves failures/null results.
5. Canonical/derived Jira views, live operational fields when connected, dependency links, queues, and downstream states are synchronized and pass strict validation.

Required Tests / Validation
- END_TO_END / END_TO_END: POST-SUBTASK-153 — The final child gate `POST-SUBTASK-153` must prove the integrated Story outcome and downstream-consumable output.
- REPRODUCIBILITY / REPRODUCIBILITY: STORY_EVIDENCE_MANIFEST — Aggregate child artifact hashes, input identities, gate decision, failures, and downstream readiness into a reproducible Story evidence manifest.

Required Evidence
- Verified child completion/evidence manifests for POST-SUBTASK-151, POST-SUBTASK-152, POST-SUBTASK-153.
- Final gate decision from `POST-SUBTASK-153` with criterion-by-criterion PASS/FAIL/BLOCKED outcomes and output hashes.
- Story-level downstream-consumption evidence and an explicit list of issues unlocked, retained blocked, rejected, or deferred.

End-to-End Validation
Live work remains deferred unless licensed replayable evidence and clear value justify a separate isolated program.

Stop Conditions
- Stop if entry dependencies are not complete at required maturity or if the gate cannot evaluate the combined outputs.

Source References
- SRCREF-02112
- SRCREF-02113
- SRCREF-02114
- SRCREF-02115
- SRCREF-02001
- SRCREF-02002
- SRCREF-02003
- SRCREF-02004
- SRCREF-02005
- SRCREF-02006
- SRCREF-01900
- SRCREF-01576
- SRCREF-00202
- SRCREF-00203
- SRCREF-00204
- SRCREF-00205

Governance Traceability Gate: POST-SUBTASK-159

Canonical Record: jira/records/issues/stories/POST-STORY-051_live_need_source_rights_latency_cost_and_value_gate.json",To Do,Low,actionable;deferred;live;post-wave;story;local-id-post-story-051,live-modeling,POST-STORY-051,GAP-014;HANDOFF-014;TASK-169;TASK-170;TASK-171;TASK-172,PHASE-5,DEFERRED,INTEGRATED,PLANNED,POST_W25,false,SHARED_CONTRACT,AGGREGATE_GATE
Story,BAT-102,100102,"[POST-STORY-052] Isolated event state, features, models, replay, and latency prototype",100050,"Local ID: POST-STORY-052

Objective
Prototype only after admission and keep it separate from the pregame production path.

Why This Exists
This coherent capability closes a defined portion of Deferred live and in-game modeling and creates a verifiable output for the next dependency stage.

Scope
Deliver Story POST-STORY-052 (Isolated event state, features, models, replay, and latency prototype) as one coherent, gated capability inside Epic POST-EPIC-017. Execute child subtasks POST-SUBTASK-154, POST-SUBTASK-155, POST-SUBTASK-156 in dependency order, reconcile their pinned outputs, and require the final gate `POST-SUBTASK-156` to issue an evidence-backed approve/block/reject/defer decision before any downstream use.

Explicit In Scope
- Complete and verify child `POST-SUBTASK-154` — Build immutable event-stream snapshots and event-time as-of game-state reconstruction handling duplicates, delay, correction, and sequence.
- Complete and verify child `POST-SUBTASK-155` — Build live features/model candidates and historical streaming replay with calibration/OOD/partial-feed/latency/resource evidence.
- Complete and verify child `POST-SUBTASK-156` — Validate event-time integrity, replay determinism, latency, failure behavior, and pregame isolation.
- Integrate the child outputs and execute final gate `POST-SUBTASK-156`.
- Preserve exact source/data/code/config/runtime identities, failures, unresolved blockers, and downstream-consumption evidence.

Explicit Out of Scope
- Work assigned to sibling Stories or another Epic.
- Closing the Story because implementation files exist while the final gate or downstream-consumption proof is incomplete.
- Weakening protected requirements, PIT/source-policy/security controls, accepted ADRs, or evidence thresholds to obtain a passing gate.

Prerequisites / Dependencies
- Hard dependency POST-SUBTASK-153
- POST-SUBTASK-153

Acceptance Criteria
1. Every event retains provider sequence, published/received time, canonical game/entity identity, correction lineage, and prior evidence; out-of-order/duplicates/corrections reconstruct deterministically.
2. The declared output `artifacts/live/live_state_prototype.json` is produced with deterministic identity, provenance, and validation metadata appropriate to this work.
3. The work does not fabricate source availability, empirical results, thresholds, model performance, operational readiness, or completion evidence.
4. Candidates use replayable historical sequences and strict event-time cutoffs, separately define outputs/BAS-related semantics, and measure missing/delayed feed, calibration, OOD, latency, and resources.
5. The declared output `artifacts/live/live_model_prototype.json` is produced with deterministic identity, provenance, and validation metadata appropriate to this work.
6. Replay under duplicate/delayed/corrected/missing events passes, prototype cannot corrupt/degrade pregame operation, and prototype completion does not imply production admission.
7. All prerequisite evidence is linked and unresolved blockers remain explicit; file creation alone cannot pass this gate.

Definition of Done
1. All child subtasks POST-SUBTASK-154, POST-SUBTASK-155, POST-SUBTASK-156 have verified evidence or an explicit accepted-risk/deferred/cancelled disposition consistent with the Story contract.
2. The final gate `POST-SUBTASK-156` completes and proves the Story end-to-end requirement; closing implementation children alone is insufficient.
3. All direct and inherited requirement/control/ADR/risk/gap mappings resolve through the governance context index without missing or invalid identifiers.
4. The Story evidence manifest pins child artifact, source/data/code/config/runtime, split/cutoff, and target-host identities where applicable and preserves failures/null results.
5. Canonical/derived Jira views, live operational fields when connected, dependency links, queues, and downstream states are synchronized and pass strict validation.

Required Tests / Validation
- END_TO_END / END_TO_END: POST-SUBTASK-156 — The final child gate `POST-SUBTASK-156` must prove the integrated Story outcome and downstream-consumable output.
- REPRODUCIBILITY / REPRODUCIBILITY: STORY_EVIDENCE_MANIFEST — Aggregate child artifact hashes, input identities, gate decision, failures, and downstream readiness into a reproducible Story evidence manifest.

Required Evidence
- Verified child completion/evidence manifests for POST-SUBTASK-154, POST-SUBTASK-155, POST-SUBTASK-156.
- Final gate decision from `POST-SUBTASK-156` with criterion-by-criterion PASS/FAIL/BLOCKED outcomes and output hashes.
- Story-level downstream-consumption evidence and an explicit list of issues unlocked, retained blocked, rejected, or deferred.

End-to-End Validation
An admitted prototype reconstructs and predicts from licensed historical event streams deterministically while remaining isolated from pregame state.

Stop Conditions
- Stop if entry dependencies are not complete at required maturity or if the gate cannot evaluate the combined outputs.

Source References
- SRCREF-02112
- SRCREF-02113
- SRCREF-02114
- SRCREF-02115
- SRCREF-02001
- SRCREF-02002
- SRCREF-02003
- SRCREF-02004
- SRCREF-02005
- SRCREF-02006
- SRCREF-01900
- SRCREF-01576
- SRCREF-00202
- SRCREF-00203
- SRCREF-00204
- SRCREF-00205

Governance Traceability Gate: POST-SUBTASK-159

Canonical Record: jira/records/issues/stories/POST-STORY-052_isolated_event_state_features_models_replay_and_latency_prototype.json",To Do,Low,actionable;deferred;live;post-wave;story;local-id-post-story-052,live-modeling,POST-STORY-052,GAP-014;HANDOFF-014;TASK-169;TASK-170;TASK-171;TASK-172,PHASE-5,DEFERRED,INTEGRATED,PLANNED,POST_W25,false,SHARED_CONTRACT,AGGREGATE_GATE
Story,BAT-103,100103,"[POST-STORY-053] Separate protected evaluation, product integration, and operating authorization",100050,"Local ID: POST-STORY-053

Objective
Require a full independent release path for any live capability.

Why This Exists
This coherent capability closes a defined portion of Deferred live and in-game modeling and creates a verifiable output for the next dependency stage.

Scope
Deliver Story POST-STORY-053 (Separate protected evaluation, product integration, and operating authorization) as one coherent, gated capability inside Epic POST-EPIC-017. Execute child subtasks POST-SUBTASK-157, POST-SUBTASK-158, POST-SUBTASK-159 in dependency order, reconcile their pinned outputs, and require the final gate `POST-SUBTASK-159` to issue an evidence-backed approve/block/reject/defer decision before any downstream use.

Explicit In Scope
- Complete and verify child `POST-SUBTASK-157` — Run sealed event-time chronological evaluation with precommitted accuracy/calibration/latency/reliability/outage metrics and simple/pregame baselines.
- Complete and verify child `POST-SUBTASK-158` — Implement timestamped live snapshot/stream API and UI states for stale, disconnected, corrected, suspended, halftime, final, replay, and restricted data.
- Complete and verify child `POST-SUBTASK-159` — Conduct rights/science/security/product/target-resource/backup/incident review and authorize or reject live operation separately.
- Integrate the child outputs and execute final gate `POST-SUBTASK-159`.
- Preserve exact source/data/code/config/runtime identities, failures, unresolved blockers, and downstream-consumption evidence.

Explicit Out of Scope
- Work assigned to sibling Stories or another Epic.
- Closing the Story because implementation files exist while the final gate or downstream-consumption proof is incomplete.
- Weakening protected requirements, PIT/source-policy/security controls, accepted ADRs, or evidence thresholds to obtain a passing gate.

Prerequisites / Dependencies
- Hard dependency POST-SUBTASK-156
- POST-SUBTASK-156

Acceptance Criteria
1. Protected outcomes cannot tune event handling/thresholds/model selection, all outage/delay scenarios and uncertainty are reported, and comparison includes pregame-only/simple live baselines.
2. The declared output `artifacts/live/live_protected_scorecard.json` is produced with deterministic identity, provenance, and validation metadata appropriate to this work.
3. The work does not fabricate source availability, empirical results, thresholds, model performance, operational readiness, or completion evidence.
4. Live outputs expose source/state/model/timestamp and remain distinguishable from immutable pregame forecasts; stale/disconnected/corrected/final states are explicit and restricted feed data is not exposed.
5. The declared output `artifacts/live/live_product_validation.json` is produced with deterministic identity, provenance, and validation metadata appropriate to this work.
6. Authorization requires the private-research source policy, protected evidence, latency/reliability/security/product/resources/backup/incidents; rejection leaves pregame valid and GAP-014 deferred/closed-by-disposition.
7. All prerequisite evidence is linked and unresolved blockers remain explicit; file creation alone cannot pass this gate.

Definition of Done
1. All child subtasks POST-SUBTASK-157, POST-SUBTASK-158, POST-SUBTASK-159 have verified evidence or an explicit accepted-risk/deferred/cancelled disposition consistent with the Story contract.
2. The final gate `POST-SUBTASK-159` completes and proves the Story end-to-end requirement; closing implementation children alone is insufficient.
3. All direct and inherited requirement/control/ADR/risk/gap mappings resolve through the governance context index without missing or invalid identifiers.
4. The Story evidence manifest pins child artifact, source/data/code/config/runtime, split/cutoff, and target-host identities where applicable and preserves failures/null results.
5. Canonical/derived Jira views, live operational fields when connected, dependency links, queues, and downstream states are synchronized and pass strict validation.

Required Tests / Validation
- END_TO_END / END_TO_END: POST-SUBTASK-159 — The final child gate `POST-SUBTASK-159` must prove the integrated Story outcome and downstream-consumable output.
- REPRODUCIBILITY / REPRODUCIBILITY: STORY_EVIDENCE_MANIFEST — Aggregate child artifact hashes, input identities, gate decision, failures, and downstream readiness into a reproducible Story evidence manifest.

Required Evidence
- Verified child completion/evidence manifests for POST-SUBTASK-157, POST-SUBTASK-158, POST-SUBTASK-159.
- Final gate decision from `POST-SUBTASK-159` with criterion-by-criterion PASS/FAIL/BLOCKED outcomes and output hashes.
- Story-level downstream-consumption evidence and an explicit list of issues unlocked, retained blocked, rejected, or deferred.

End-to-End Validation
Any live capability independently earns operating authorization from licensed replayable evidence; rejection has no effect on the completed pregame system.

Stop Conditions
- Stop if entry dependencies are not complete at required maturity or if the gate cannot evaluate the combined outputs.

Source References
- SRCREF-02112
- SRCREF-02113
- SRCREF-02114
- SRCREF-02115
- SRCREF-02001
- SRCREF-02002
- SRCREF-02003
- SRCREF-02004
- SRCREF-02005
- SRCREF-02006
- SRCREF-01900
- SRCREF-01576
- SRCREF-00202
- SRCREF-00203
- SRCREF-00204
- SRCREF-00205

Governance Traceability Gate: POST-SUBTASK-159

Canonical Record: jira/records/issues/stories/POST-STORY-053_separate_protected_evaluation_product_integration_and_operating_authorization.json",To Do,Low,actionable;deferred;live;post-wave;story;local-id-post-story-053,live-modeling,POST-STORY-053,GAP-014;HANDOFF-014;TASK-169;TASK-170;TASK-171;TASK-172,PHASE-5,DEFERRED,INTEGRATED,PLANNED,POST_W25,false,SHARED_CONTRACT,AGGREGATE_GATE
Task,BAT-104,100104,[TASK-001] Freeze W06 research method and stopping rules,100001,"Local ID: TASK-001

Objective
Freeze W06 research method and stopping rules

Why This Exists
Preserve the original W06 WBS work unit, its dependencies, outputs, and scoped completion semantics as provenance for post-wave execution.

Scope
Original task type RESEARCH_GOVERNANCE with mutation scope: docs/data research governance.

Explicit In Scope
- Original WBS objective and outputs
- Original requirements and acceptance-control mappings
- Original dependency and execution-lane provenance

Explicit Out of Scope
- Reopening completed planning solely to rename it
- Treating a starter/design result as empirically validated production capability

Prerequisites / Dependencies


Acceptance Criteria
1. Stable ID TASK-001, parent EPIC-001, owner wave W06, and original status DONE are preserved.
2. Declared outputs are traceable to existing repository artifacts where resolvable, or remain recorded as historical output names without fabricating files.
3. Requirement, acceptance-control, and dependency references resolve to authoritative registries.
4. The record does not claim maturity beyond the task's original design, contract, functional-starter, synthetic-validation, or integration scope.

Definition of Done
1. The original historical scope and status are preserved with source evidence and stable identifiers.
2. The record does not claim production maturity beyond the original design, contract, starter, integration, or validation scope.
3. Any remaining empirical, production, target-hardware, or operating obligation is represented by separate actionable post-wave work.

Required Tests / Validation
- EXISTING_AUTOMATED_TEST / EXISTING_AUTOMATED_TEST: tests/test_w24_readiness.py — Run and retain the result when this issue touches the covered contract.
- EXISTING_AUTOMATED_TEST / EXISTING_AUTOMATED_TEST: tests/test_w25_final_handoff.py — Run and retain the result when this issue touches the covered contract.
- EXISTING_AUTOMATED_TEST / EXISTING_AUTOMATED_TEST: tools/validate_w24_readiness.py — Run and retain the result when this issue touches the covered contract.
- EXISTING_AUTOMATED_TEST / EXISTING_AUTOMATED_TEST: tools/validate_w25_final.py — Run and retain the result when this issue touches the covered contract.

Required Evidence
- Authoritative WBS row TASK-001
- Existing artifact `SOURCE_RESEARCH_LOG.csv`
- Existing artifact `docs/data_research/w06/DATA_RESEARCH_METHOD.md`

End-to-End Validation
Historical completion remains scoped; integrated product completion is evaluated only through the post-wave release path.

Stop Conditions
- Stop if completing this record would fabricate real-data, model-metric, source-rights, target-hardware, or operating evidence.

Source References
- SRCREF-00034
- SRCREF-02116
- SRCREF-02117

Governance Traceability Gate:

Canonical Record: jira/records/issues/tasks/TASK-001_freeze_w06_research_method_and_stopping_rules.json",Done,High,historical;planning-program;research-governance;w06;wave-completed;local-id-task-001,release-readiness,TASK-001,TASK-001,PHASE-1,DONE,CONTRACT_DEFINED,VERIFIED,W06,false,SHARED_CONTRACT,HISTORICAL_REFERENCE
Task,BAT-105,100105,[TASK-002] Execute multi-pass domain and source discovery,100001,"Local ID: TASK-002

Objective
Execute multi-pass domain and source discovery

Why This Exists
Preserve the original W06 WBS work unit, its dependencies, outputs, and scoped completion semantics as provenance for post-wave execution.

Scope
Original task type RESEARCH with mutation scope: as defined by its source documents.

Explicit In Scope
- Original WBS objective and outputs
- Original requirements and acceptance-control mappings
- Original dependency and execution-lane provenance

Explicit Out of Scope
- Reopening completed planning solely to rename it
- Treating a starter/design result as empirically validated production capability

Prerequisites / Dependencies
- Historical dependency TASK-001
- TASK-001

Acceptance Criteria
1. Stable ID TASK-002, parent EPIC-001, owner wave W06, and original status DONE are preserved.
2. Declared outputs are traceable to existing repository artifacts where resolvable, or remain recorded as historical output names without fabricating files.
3. Requirement, acceptance-control, and dependency references resolve to authoritative registries.
4. The record does not claim maturity beyond the task's original design, contract, functional-starter, synthetic-validation, or integration scope.

Definition of Done
1. The original historical scope and status are preserved with source evidence and stable identifiers.
2. The record does not claim production maturity beyond the original design, contract, starter, integration, or validation scope.
3. Any remaining empirical, production, target-hardware, or operating obligation is represented by separate actionable post-wave work.

Required Tests / Validation
- EXISTING_AUTOMATED_TEST / EXISTING_AUTOMATED_TEST: tests/test_w24_readiness.py — Run and retain the result when this issue touches the covered contract.
- EXISTING_AUTOMATED_TEST / EXISTING_AUTOMATED_TEST: tests/test_w25_final_handoff.py — Run and retain the result when this issue touches the covered contract.
- EXISTING_AUTOMATED_TEST / EXISTING_AUTOMATED_TEST: tools/validate_w24_readiness.py — Run and retain the result when this issue touches the covered contract.
- EXISTING_AUTOMATED_TEST / EXISTING_AUTOMATED_TEST: tools/validate_w25_final.py — Run and retain the result when this issue touches the covered contract.

Required Evidence
- Authoritative WBS row TASK-002
- Existing artifact `docs/data_research/w06/DATA_DOMAIN_COVERAGE_MATRIX.csv`
- Existing artifact `docs/data_research/w06/DATA_UNIVERSE_MASTER.csv`

End-to-End Validation
Historical completion remains scoped; integrated product completion is evaluated only through the post-wave release path.

Stop Conditions
- Stop if completing this record would fabricate real-data, model-metric, source-rights, target-hardware, or operating evidence.

Source References
- SRCREF-00035
- SRCREF-02116
- SRCREF-02117

Governance Traceability Gate:

Canonical Record: jira/records/issues/tasks/TASK-002_execute_multi_pass_domain_and_source_discovery.json",Done,High,historical;planning-program;research;w06;wave-completed;local-id-task-002,release-readiness,TASK-002,TASK-002,PHASE-1,DONE,CONTRACT_DEFINED,VERIFIED,W06,false,RESEARCH_LANE,HISTORICAL_REFERENCE
Task,BAT-106,100106,"[TASK-003] Audit access, licensing, historical depth and PIT feasibility",100001,"Local ID: TASK-003

Objective
Audit access, licensing, historical depth and PIT feasibility

Why This Exists
Preserve the original W06 WBS work unit, its dependencies, outputs, and scoped completion semantics as provenance for post-wave execution.

Scope
Original task type RESEARCH with mutation scope: as defined by its source documents.

Explicit In Scope
- Original WBS objective and outputs
- Original requirements and acceptance-control mappings
- Original dependency and execution-lane provenance

Explicit Out of Scope
- Reopening completed planning solely to rename it
- Treating a starter/design result as empirically validated production capability

Prerequisites / Dependencies
- Historical dependency TASK-002
- TASK-002

Acceptance Criteria
1. Stable ID TASK-003, parent EPIC-001, owner wave W06, and original status DONE are preserved.
2. Declared outputs are traceable to existing repository artifacts where resolvable, or remain recorded as historical output names without fabricating files.
3. Requirement, acceptance-control, and dependency references resolve to authoritative registries.
4. The record does not claim maturity beyond the task's original design, contract, functional-starter, synthetic-validation, or integration scope.

Definition of Done
1. The original historical scope and status are preserved with source evidence and stable identifiers.
2. The record does not claim production maturity beyond the original design, contract, starter, integration, or validation scope.
3. Any remaining empirical, production, target-hardware, or operating obligation is represented by separate actionable post-wave work.

Required Tests / Validation
- EXISTING_AUTOMATED_TEST / EXISTING_AUTOMATED_TEST: tests/test_player_intelligence_governance.py — Run and retain the result when this issue touches the covered contract.
- EXISTING_AUTOMATED_TEST / EXISTING_AUTOMATED_TEST: tests/test_context_intelligence_governance.py — Run and retain the result when this issue touches the covered contract.
- EXISTING_AUTOMATED_TEST / EXISTING_AUTOMATED_TEST: tests/test_team_state_governance.py — Run and retain the result when this issue touches the covered contract.

Required Evidence
- Authoritative WBS row TASK-003
- Existing artifact `docs/data_research/w06/POINT_IN_TIME_FEASIBILITY_MATRIX.csv`
- Existing artifact `docs/data_research/w06/SOURCE_ACCESS_LICENSE_MATRIX.csv`

End-to-End Validation
Historical completion remains scoped; integrated product completion is evaluated only through the post-wave release path.

Stop Conditions
- Stop if completing this record would fabricate real-data, model-metric, source-rights, target-hardware, or operating evidence.

Source References
- SRCREF-00036
- SRCREF-02116
- SRCREF-02117

Governance Traceability Gate:

Canonical Record: jira/records/issues/tasks/TASK-003_audit_access_licensing_historical_depth_and_pit_feasibility.json",Done,High,historical;planning-program;research;w06;wave-completed;local-id-task-003,player-context-intelligence,TASK-003,TASK-003,PHASE-1,DONE,CONTRACT_DEFINED,VERIFIED,W06,false,RESEARCH_LANE,HISTORICAL_REFERENCE
Task,BAT-107,100107,"[TASK-004] Inventory schemas/endpoints, redundancy and source risks",100001,"Local ID: TASK-004

Objective
Inventory schemas/endpoints, redundancy and source risks

Why This Exists
Preserve the original W06 WBS work unit, its dependencies, outputs, and scoped completion semantics as provenance for post-wave execution.

Scope
Original task type RESEARCH with mutation scope: as defined by its source documents.

Explicit In Scope
- Original WBS objective and outputs
- Original requirements and acceptance-control mappings
- Original dependency and execution-lane provenance

Explicit Out of Scope
- Reopening completed planning solely to rename it
- Treating a starter/design result as empirically validated production capability

Prerequisites / Dependencies
- Historical dependency TASK-002
- TASK-002

Acceptance Criteria
1. Stable ID TASK-004, parent EPIC-001, owner wave W06, and original status DONE are preserved.
2. Declared outputs are traceable to existing repository artifacts where resolvable, or remain recorded as historical output names without fabricating files.
3. Requirement, acceptance-control, and dependency references resolve to authoritative registries.
4. The record does not claim maturity beyond the task's original design, contract, functional-starter, synthetic-validation, or integration scope.

Definition of Done
1. The original historical scope and status are preserved with source evidence and stable identifiers.
2. The record does not claim production maturity beyond the original design, contract, starter, integration, or validation scope.
3. Any remaining empirical, production, target-hardware, or operating obligation is represented by separate actionable post-wave work.

Required Tests / Validation
- EXISTING_AUTOMATED_TEST / EXISTING_AUTOMATED_TEST: tests/test_w24_readiness.py — Run and retain the result when this issue touches the covered contract.
- EXISTING_AUTOMATED_TEST / EXISTING_AUTOMATED_TEST: tests/test_w25_final_handoff.py — Run and retain the result when this issue touches the covered contract.
- EXISTING_AUTOMATED_TEST / EXISTING_AUTOMATED_TEST: tools/validate_w24_readiness.py — Run and retain the result when this issue touches the covered contract.
- EXISTING_AUTOMATED_TEST / EXISTING_AUTOMATED_TEST: tools/validate_w25_final.py — Run and retain the result when this issue touches the covered contract.

Required Evidence
- Authoritative WBS row TASK-004
- Existing artifact `docs/data_research/w06/DATASET_ENDPOINT_COLUMN_INVENTORY.csv`
- Existing artifact `docs/data_research/w06/DATA_SOURCE_RISK_REGISTER.csv`
- Existing artifact `docs/data_research/w06/SOURCE_REDUNDANCY_MAP.csv`

End-to-End Validation
Historical completion remains scoped; integrated product completion is evaluated only through the post-wave release path.

Stop Conditions
- Stop if completing this record would fabricate real-data, model-metric, source-rights, target-hardware, or operating evidence.

Source References
- SRCREF-00037
- SRCREF-02116
- SRCREF-02117

Governance Traceability Gate:

Canonical Record: jira/records/issues/tasks/TASK-004_inventory_schemas_endpoints_redundancy_and_source_risks.json",Done,High,historical;planning-program;research;w06;wave-completed;local-id-task-004,release-readiness,TASK-004,TASK-004,PHASE-1,DONE,CONTRACT_DEFINED,VERIFIED,W06,false,RESEARCH_LANE,HISTORICAL_REFERENCE
Task,BAT-108,100108,[TASK-005] Decide source priorities and acquisition strategy,100001,"Local ID: TASK-005

Objective
Decide source priorities and acquisition strategy

Why This Exists
Preserve the original W06 WBS work unit, its dependencies, outputs, and scoped completion semantics as provenance for post-wave execution.

Scope
Original task type DECISION with mutation scope: as defined by its source documents.

Explicit In Scope
- Original WBS objective and outputs
- Original requirements and acceptance-control mappings
- Original dependency and execution-lane provenance

Explicit Out of Scope
- Reopening completed planning solely to rename it
- Treating a starter/design result as empirically validated production capability

Prerequisites / Dependencies
- Historical dependency TASK-003
- Historical dependency TASK-004
- TASK-003
- TASK-004

Acceptance Criteria
1. Stable ID TASK-005, parent EPIC-001, owner wave W06, and original status DONE are preserved.
2. Declared outputs are traceable to existing repository artifacts where resolvable, or remain recorded as historical output names without fabricating files.
3. Requirement, acceptance-control, and dependency references resolve to authoritative registries.
4. The record does not claim maturity beyond the task's original design, contract, functional-starter, synthetic-validation, or integration scope.

Definition of Done
1. The original historical scope and status are preserved with source evidence and stable identifiers.
2. The record does not claim production maturity beyond the original design, contract, starter, integration, or validation scope.
3. Any remaining empirical, production, target-hardware, or operating obligation is represented by separate actionable post-wave work.

Required Tests / Validation
- EXISTING_AUTOMATED_TEST / EXISTING_AUTOMATED_TEST: tests/test_w19_foundation.py — Run and retain the result when this issue touches the covered contract.
- EXISTING_AUTOMATED_TEST / EXISTING_AUTOMATED_TEST: tools/validate_w19_foundation.py — Run and retain the result when this issue touches the covered contract.

Required Evidence
- Authoritative WBS row TASK-005
- Existing artifact `docs/data_research/w06/DATA_ACQUISITION_PLAN.md`
- Existing artifact `docs/data_research/w06/DATA_MISSINGNESS_STRATEGY.md`
- Existing artifact `docs/data_research/w06/SOURCE_PRIORITY_DECISIONS.md`

End-to-End Validation
Historical completion remains scoped; integrated product completion is evaluated only through the post-wave release path.

Stop Conditions
- Stop if completing this record would fabricate real-data, model-metric, source-rights, target-hardware, or operating evidence.

Source References
- SRCREF-00038
- SRCREF-02116
- SRCREF-02117

Governance Traceability Gate:

Canonical Record: jira/records/issues/tasks/TASK-005_decide_source_priorities_and_acquisition_strategy.json",Done,High,decision;historical;planning-program;w06;wave-completed;local-id-task-005,raw-snapshots,TASK-005,TASK-005,PHASE-1,DONE,CONTRACT_DEFINED,VERIFIED,W06,false,SHARED_CONTRACT,HISTORICAL_REFERENCE
Task,BAT-109,100109,[TASK-006] Run W06 architecture/backlog replan gate,100001,"Local ID: TASK-006

Objective
Run W06 architecture/backlog replan gate

Why This Exists
Preserve the original W06 WBS work unit, its dependencies, outputs, and scoped completion semantics as provenance for post-wave execution.

Scope
Original task type GATE with mutation scope: as defined by its source documents.

Explicit In Scope
- Original WBS objective and outputs
- Original requirements and acceptance-control mappings
- Original dependency and execution-lane provenance

Explicit Out of Scope
- Reopening completed planning solely to rename it
- Treating a starter/design result as empirically validated production capability

Prerequisites / Dependencies
- Historical dependency TASK-005
- TASK-005

Acceptance Criteria
1. Stable ID TASK-006, parent EPIC-001, owner wave W06, and original status DONE are preserved.
2. Declared outputs are traceable to existing repository artifacts where resolvable, or remain recorded as historical output names without fabricating files.
3. Requirement, acceptance-control, and dependency references resolve to authoritative registries.
4. The record does not claim maturity beyond the task's original design, contract, functional-starter, synthetic-validation, or integration scope.

Definition of Done
1. The original historical scope and status are preserved with source evidence and stable identifiers.
2. The record does not claim production maturity beyond the original design, contract, starter, integration, or validation scope.
3. Any remaining empirical, production, target-hardware, or operating obligation is represented by separate actionable post-wave work.

Required Tests / Validation
- EXISTING_AUTOMATED_TEST / EXISTING_AUTOMATED_TEST: tests/test_w21_weekly_mlops.py — Run and retain the result when this issue touches the covered contract.
- EXISTING_AUTOMATED_TEST / EXISTING_AUTOMATED_TEST: tools/validate_w21_mlops.py — Run and retain the result when this issue touches the covered contract.

Required Evidence
- Authoritative WBS row TASK-006
- Existing artifact `W06 source research artifacts`
- Existing artifact `docs/data_research/w06/WAVE_06_ARCHITECTURE_IMPACT.md`
- Existing artifact `governance/WAVE_PLAN_REVISIONS.md`
- Existing artifact `revalidated implementation WBS`

End-to-End Validation
Historical completion remains scoped; integrated product completion is evaluated only through the post-wave release path.

Stop Conditions
- Stop if completing this record would fabricate real-data, model-metric, source-rights, target-hardware, or operating evidence.

Source References
- SRCREF-00039
- SRCREF-02116
- SRCREF-02117

Governance Traceability Gate:

Canonical Record: jira/records/issues/tasks/TASK-006_run_w06_architecture_backlog_replan_gate.json",Done,High,gate;historical;planning-program;w06;wave-completed;local-id-task-006,mlops,TASK-006,TASK-006,PHASE-1,DONE,CONTRACT_DEFINED,VERIFIED,W06,true,PROTECTED_GATE,HISTORICAL_REFERENCE
Task,BAT-110,100110,[TASK-007] Define canonical entity semantics and stable ID policy,100002,"Local ID: TASK-007

Objective
Define canonical entity semantics and stable ID policy

Why This Exists
Preserve the original W07 WBS work unit, its dependencies, outputs, and scoped completion semantics as provenance for post-wave execution.

Scope
Original task type DESIGN with mutation scope: canonical schema/contracts.

Explicit In Scope
- Original WBS objective and outputs
- Original requirements and acceptance-control mappings
- Original dependency and execution-lane provenance

Explicit Out of Scope
- Reopening completed planning solely to rename it
- Treating a starter/design result as empirically validated production capability

Prerequisites / Dependencies
- Historical dependency TASK-006
- TASK-006

Acceptance Criteria
1. Stable ID TASK-007, parent EPIC-002, owner wave W07, and original status DONE are preserved.
2. Declared outputs are traceable to existing repository artifacts where resolvable, or remain recorded as historical output names without fabricating files.
3. Requirement, acceptance-control, and dependency references resolve to authoritative registries.
4. The record does not claim maturity beyond the task's original design, contract, functional-starter, synthetic-validation, or integration scope.

Definition of Done
1. The original historical scope and status are preserved with source evidence and stable identifiers.
2. The record does not claim production maturity beyond the original design, contract, starter, integration, or validation scope.
3. Any remaining empirical, production, target-hardware, or operating obligation is represented by separate actionable post-wave work.

Required Tests / Validation
- EXISTING_AUTOMATED_TEST / EXISTING_AUTOMATED_TEST: tests/test_entity_governance.py — Run and retain the result when this issue touches the covered contract.
- EXISTING_AUTOMATED_TEST / EXISTING_AUTOMATED_TEST: tests/test_w19_foundation.py — Run and retain the result when this issue touches the covered contract.
- EXISTING_AUTOMATED_TEST / EXISTING_AUTOMATED_TEST: tools/validate_entities.py — Run and retain the result when this issue touches the covered contract.

Required Evidence
- Authoritative WBS row TASK-007
- Existing artifact `configs/entity_registry.json`
- Existing artifact `docs/14_CANONICAL_ENTITY_ARCHITECTURE.md`
- Existing artifact `governance/CANONICAL_ENTITY_CATALOG.csv`
- Existing artifact `governance/CANONICAL_RELATIONSHIP_CATALOG.csv`
- Existing artifact `schemas/canonical/entities.json`

End-to-End Validation
Historical completion remains scoped; integrated product completion is evaluated only through the post-wave release path.

Stop Conditions
- Stop if completing this record would fabricate real-data, model-metric, source-rights, target-hardware, or operating evidence.

Source References
- SRCREF-00040
- SRCREF-02116
- SRCREF-02117

Governance Traceability Gate:

Canonical Record: jira/records/issues/tasks/TASK-007_define_canonical_entity_semantics_and_stable_id_policy.json",Done,High,design;historical;planning-program;w07;wave-completed;local-id-task-007,entities,TASK-007,TASK-007,PHASE-1,DONE,CONTRACT_DEFINED,VERIFIED,W07,false,SHARED_CONTRACT,HISTORICAL_REFERENCE
Task,BAT-111,100111,"[TASK-008] Define source mapping, aliases and temporal identity contracts",100002,"Local ID: TASK-008

Objective
Define source mapping, aliases and temporal identity contracts

Why This Exists
Preserve the original W07 WBS work unit, its dependencies, outputs, and scoped completion semantics as provenance for post-wave execution.

Scope
Original task type DESIGN with mutation scope: as defined by its source documents.

Explicit In Scope
- Original WBS objective and outputs
- Original requirements and acceptance-control mappings
- Original dependency and execution-lane provenance

Explicit Out of Scope
- Reopening completed planning solely to rename it
- Treating a starter/design result as empirically validated production capability

Prerequisites / Dependencies
- Historical dependency TASK-007
- TASK-007

Acceptance Criteria
1. Stable ID TASK-008, parent EPIC-002, owner wave W07, and original status DONE are preserved.
2. Declared outputs are traceable to existing repository artifacts where resolvable, or remain recorded as historical output names without fabricating files.
3. Requirement, acceptance-control, and dependency references resolve to authoritative registries.
4. The record does not claim maturity beyond the task's original design, contract, functional-starter, synthetic-validation, or integration scope.

Definition of Done
1. The original historical scope and status are preserved with source evidence and stable identifiers.
2. The record does not claim production maturity beyond the original design, contract, starter, integration, or validation scope.
3. Any remaining empirical, production, target-hardware, or operating obligation is represented by separate actionable post-wave work.

Required Tests / Validation
- EXISTING_AUTOMATED_TEST / EXISTING_AUTOMATED_TEST: tests/test_entity_governance.py — Run and retain the result when this issue touches the covered contract.
- EXISTING_AUTOMATED_TEST / EXISTING_AUTOMATED_TEST: tests/test_w19_foundation.py — Run and retain the result when this issue touches the covered contract.
- EXISTING_AUTOMATED_TEST / EXISTING_AUTOMATED_TEST: tools/validate_entities.py — Run and retain the result when this issue touches the covered contract.

Required Evidence
- Authoritative WBS row TASK-008
- Existing artifact `docs/15_SOURCE_MAPPING_AND_EVIDENCE_IDENTITY.md`
- Existing artifact `governance/SOURCE_MAPPING_METHODS.csv`
- Existing artifact `schemas/canonical/source_mapping.json`

End-to-End Validation
Historical completion remains scoped; integrated product completion is evaluated only through the post-wave release path.

Stop Conditions
- Stop if completing this record would fabricate real-data, model-metric, source-rights, target-hardware, or operating evidence.

Source References
- SRCREF-00041
- SRCREF-02116
- SRCREF-02117

Governance Traceability Gate:

Canonical Record: jira/records/issues/tasks/TASK-008_define_source_mapping_aliases_and_temporal_identity_contracts.json",Done,High,design;historical;planning-program;w07;wave-completed;local-id-task-008,entities,TASK-008,TASK-008,PHASE-1,DONE,CONTRACT_DEFINED,VERIFIED,W07,false,SOLO_WORKTREE,HISTORICAL_REFERENCE
Task,BAT-112,100112,[TASK-009] Design deterministic/fuzzy entity-resolution pipeline,100002,"Local ID: TASK-009

Objective
Design deterministic/fuzzy entity-resolution pipeline

Why This Exists
Preserve the original W07 WBS work unit, its dependencies, outputs, and scoped completion semantics as provenance for post-wave execution.

Scope
Original task type DESIGN with mutation scope: as defined by its source documents.

Explicit In Scope
- Original WBS objective and outputs
- Original requirements and acceptance-control mappings
- Original dependency and execution-lane provenance

Explicit Out of Scope
- Reopening completed planning solely to rename it
- Treating a starter/design result as empirically validated production capability

Prerequisites / Dependencies
- Historical dependency TASK-008
- TASK-008

Acceptance Criteria
1. Stable ID TASK-009, parent EPIC-002, owner wave W07, and original status DONE are preserved.
2. Declared outputs are traceable to existing repository artifacts where resolvable, or remain recorded as historical output names without fabricating files.
3. Requirement, acceptance-control, and dependency references resolve to authoritative registries.
4. The record does not claim maturity beyond the task's original design, contract, functional-starter, synthetic-validation, or integration scope.

Definition of Done
1. The original historical scope and status are preserved with source evidence and stable identifiers.
2. The record does not claim production maturity beyond the original design, contract, starter, integration, or validation scope.
3. Any remaining empirical, production, target-hardware, or operating obligation is represented by separate actionable post-wave work.

Required Tests / Validation
- EXISTING_AUTOMATED_TEST / EXISTING_AUTOMATED_TEST: tests/test_entity_governance.py — Run and retain the result when this issue touches the covered contract.
- EXISTING_AUTOMATED_TEST / EXISTING_AUTOMATED_TEST: tests/test_w19_foundation.py — Run and retain the result when this issue touches the covered contract.
- EXISTING_AUTOMATED_TEST / EXISTING_AUTOMATED_TEST: tools/validate_entities.py — Run and retain the result when this issue touches the covered contract.

Required Evidence
- Authoritative WBS row TASK-009
- Existing artifact `configs/entity_registry.json`
- Existing artifact `docs/16_ENTITY_RESOLUTION_AND_REVIEW.md`
- Existing artifact `governance/ENTITY_RESOLUTION_STATES.csv`

End-to-End Validation
Historical completion remains scoped; integrated product completion is evaluated only through the post-wave release path.

Stop Conditions
- Stop if completing this record would fabricate real-data, model-metric, source-rights, target-hardware, or operating evidence.

Source References
- SRCREF-00042
- SRCREF-02116
- SRCREF-02117

Governance Traceability Gate:

Canonical Record: jira/records/issues/tasks/TASK-009_design_deterministic_fuzzy_entity_resolution_pipeline.json",Done,High,design;historical;planning-program;w07;wave-completed;local-id-task-009,entities,TASK-009,TASK-009,PHASE-1,DONE,CONTRACT_DEFINED,VERIFIED,W07,false,SOLO_WORKTREE,HISTORICAL_REFERENCE
Task,BAT-113,100113,"[TASK-010] Define confidence, quarantine and unresolved-review workflow",100002,"Local ID: TASK-010

Objective
Define confidence, quarantine and unresolved-review workflow

Why This Exists
Preserve the original W07 WBS work unit, its dependencies, outputs, and scoped completion semantics as provenance for post-wave execution.

Scope
Original task type DESIGN with mutation scope: as defined by its source documents.

Explicit In Scope
- Original WBS objective and outputs
- Original requirements and acceptance-control mappings
- Original dependency and execution-lane provenance

Explicit Out of Scope
- Reopening completed planning solely to rename it
- Treating a starter/design result as empirically validated production capability

Prerequisites / Dependencies
- Historical dependency TASK-009
- TASK-009

Acceptance Criteria
1. Stable ID TASK-010, parent EPIC-002, owner wave W07, and original status DONE are preserved.
2. Declared outputs are traceable to existing repository artifacts where resolvable, or remain recorded as historical output names without fabricating files.
3. Requirement, acceptance-control, and dependency references resolve to authoritative registries.
4. The record does not claim maturity beyond the task's original design, contract, functional-starter, synthetic-validation, or integration scope.

Definition of Done
1. The original historical scope and status are preserved with source evidence and stable identifiers.
2. The record does not claim production maturity beyond the original design, contract, starter, integration, or validation scope.
3. Any remaining empirical, production, target-hardware, or operating obligation is represented by separate actionable post-wave work.

Required Tests / Validation
- EXISTING_AUTOMATED_TEST / EXISTING_AUTOMATED_TEST: tests/test_entity_governance.py — Run and retain the result when this issue touches the covered contract.
- EXISTING_AUTOMATED_TEST / EXISTING_AUTOMATED_TEST: tests/test_w19_foundation.py — Run and retain the result when this issue touches the covered contract.
- EXISTING_AUTOMATED_TEST / EXISTING_AUTOMATED_TEST: tools/validate_entities.py — Run and retain the result when this issue touches the covered contract.

Required Evidence
- Authoritative WBS row TASK-010
- Existing artifact `docs/16_ENTITY_RESOLUTION_AND_REVIEW.md`
- Existing artifact `schemas/canonical/resolution_decision.json`

End-to-End Validation
Historical completion remains scoped; integrated product completion is evaluated only through the post-wave release path.

Stop Conditions
- Stop if completing this record would fabricate real-data, model-metric, source-rights, target-hardware, or operating evidence.

Source References
- SRCREF-00043
- SRCREF-02116
- SRCREF-02117

Governance Traceability Gate:

Canonical Record: jira/records/issues/tasks/TASK-010_define_confidence_quarantine_and_unresolved_review_workflow.json",Done,High,design;historical;planning-program;w07;wave-completed;local-id-task-010,entities,TASK-010,TASK-010,PHASE-1,DONE,CONTRACT_DEFINED,VERIFIED,W07,false,SOLO_WORKTREE,HISTORICAL_REFERENCE
Task,BAT-114,100114,[TASK-011] Evaluate DuckDB/Parquet versus relational transaction need,100002,"Local ID: TASK-011

Objective
Evaluate DuckDB/Parquet versus relational transaction need

Why This Exists
Preserve the original W07 WBS work unit, its dependencies, outputs, and scoped completion semantics as provenance for post-wave execution.

Scope
Original task type ARCHITECTURE_DECISION with mutation scope: as defined by its source documents.

Explicit In Scope
- Original WBS objective and outputs
- Original requirements and acceptance-control mappings
- Original dependency and execution-lane provenance

Explicit Out of Scope
- Reopening completed planning solely to rename it
- Treating a starter/design result as empirically validated production capability

Prerequisites / Dependencies
- Historical dependency TASK-007
- Historical dependency TASK-006
- TASK-006
- TASK-007

Acceptance Criteria
1. Stable ID TASK-011, parent EPIC-002, owner wave W07, and original status DONE are preserved.
2. Declared outputs are traceable to existing repository artifacts where resolvable, or remain recorded as historical output names without fabricating files.
3. Requirement, acceptance-control, and dependency references resolve to authoritative registries.
4. The record does not claim maturity beyond the task's original design, contract, functional-starter, synthetic-validation, or integration scope.

Definition of Done
1. The original historical scope and status are preserved with source evidence and stable identifiers.
2. The record does not claim production maturity beyond the original design, contract, starter, integration, or validation scope.
3. Any remaining empirical, production, target-hardware, or operating obligation is represented by separate actionable post-wave work.

Required Tests / Validation
- EXISTING_AUTOMATED_TEST / EXISTING_AUTOMATED_TEST: tests/test_entity_governance.py — Run and retain the result when this issue touches the covered contract.
- EXISTING_AUTOMATED_TEST / EXISTING_AUTOMATED_TEST: tests/test_w19_foundation.py — Run and retain the result when this issue touches the covered contract.
- EXISTING_AUTOMATED_TEST / EXISTING_AUTOMATED_TEST: tools/validate_entities.py — Run and retain the result when this issue touches the covered contract.

Required Evidence
- Authoritative WBS row TASK-011
- Existing artifact `ADR-097`
- Existing artifact `docs/17_ENTITY_STORAGE_EVALUATION.md`
- Existing artifact `governance/ENTITY_STORAGE_DECISION_MATRIX.csv`

End-to-End Validation
Historical completion remains scoped; integrated product completion is evaluated only through the post-wave release path.

Stop Conditions
- Stop if completing this record would fabricate real-data, model-metric, source-rights, target-hardware, or operating evidence.

Source References
- SRCREF-00044
- SRCREF-02116
- SRCREF-02117

Governance Traceability Gate:

Canonical Record: jira/records/issues/tasks/TASK-011_evaluate_duckdb_parquet_versus_relational_transaction_need.json",Done,High,architecture-decision;historical;planning-program;w07;wave-completed;local-id-task-011,entities,TASK-011,TASK-011,PHASE-1,DONE,CONTRACT_DEFINED,VERIFIED,W07,false,SHARED_CONTRACT,HISTORICAL_REFERENCE
Task,BAT-115,100115,[TASK-012] Freeze canonical identity contracts and acceptance evidence plan,100002,"Local ID: TASK-012

Objective
Freeze canonical identity contracts and acceptance evidence plan

Why This Exists
Preserve the original W07 WBS work unit, its dependencies, outputs, and scoped completion semantics as provenance for post-wave execution.

Scope
Original task type GATE with mutation scope: as defined by its source documents.

Explicit In Scope
- Original WBS objective and outputs
- Original requirements and acceptance-control mappings
- Original dependency and execution-lane provenance

Explicit Out of Scope
- Reopening completed planning solely to rename it
- Treating a starter/design result as empirically validated production capability

Prerequisites / Dependencies
- Historical dependency TASK-010
- Historical dependency TASK-011
- TASK-010
- TASK-011

Acceptance Criteria
1. Stable ID TASK-012, parent EPIC-002, owner wave W07, and original status DONE are preserved.
2. Declared outputs are traceable to existing repository artifacts where resolvable, or remain recorded as historical output names without fabricating files.
3. Requirement, acceptance-control, and dependency references resolve to authoritative registries.
4. The record does not claim maturity beyond the task's original design, contract, functional-starter, synthetic-validation, or integration scope.

Definition of Done
1. The original historical scope and status are preserved with source evidence and stable identifiers.
2. The record does not claim production maturity beyond the original design, contract, starter, integration, or validation scope.
3. Any remaining empirical, production, target-hardware, or operating obligation is represented by separate actionable post-wave work.

Required Tests / Validation
- EXISTING_AUTOMATED_TEST / EXISTING_AUTOMATED_TEST: tests/test_model_architecture_governance.py — Run and retain the result when this issue touches the covered contract.
- EXISTING_AUTOMATED_TEST / EXISTING_AUTOMATED_TEST: tests/test_w20_model_starter.py — Run and retain the result when this issue touches the covered contract.
- EXISTING_AUTOMATED_TEST / EXISTING_AUTOMATED_TEST: tools/validate_model_architecture.py — Run and retain the result when this issue touches the covered contract.

Required Evidence
- Authoritative WBS row TASK-012
- Existing artifact `W07 canonical identity contract baseline`
- Existing artifact `W08 handoff`
- Existing artifact `acceptance mappings`
- Existing artifact `entity validator`

End-to-End Validation
Historical completion remains scoped; integrated product completion is evaluated only through the post-wave release path.

Stop Conditions
- Stop if completing this record would fabricate real-data, model-metric, source-rights, target-hardware, or operating evidence.

Source References
- SRCREF-00045
- SRCREF-02116
- SRCREF-02117

Governance Traceability Gate:

Canonical Record: jira/records/issues/tasks/TASK-012_freeze_canonical_identity_contracts_and_acceptance_evidence_plan.json",Done,High,gate;historical;planning-program;w07;wave-completed;local-id-task-012,modeling,TASK-012,TASK-012,PHASE-1,DONE,CONTRACT_DEFINED,VERIFIED,W07,true,PROTECTED_GATE,HISTORICAL_REFERENCE
Task,BAT-116,100116,[TASK-013] Define observation/effective/known-at temporal contract,100003,"Local ID: TASK-013

Objective
Define observation/effective/known-at temporal contract

Why This Exists
Preserve the original W08 WBS work unit, its dependencies, outputs, and scoped completion semantics as provenance for post-wave execution.

Scope
Original task type DESIGN with mutation scope: as defined by its source documents.

Explicit In Scope
- Original WBS objective and outputs
- Original requirements and acceptance-control mappings
- Original dependency and execution-lane provenance

Explicit Out of Scope
- Reopening completed planning solely to rename it
- Treating a starter/design result as empirically validated production capability

Prerequisites / Dependencies
- Historical dependency TASK-012
- TASK-012

Acceptance Criteria
1. Stable ID TASK-013, parent EPIC-003, owner wave W08, and original status DONE are preserved.
2. Declared outputs are traceable to existing repository artifacts where resolvable, or remain recorded as historical output names without fabricating files.
3. Requirement, acceptance-control, and dependency references resolve to authoritative registries.
4. The record does not claim maturity beyond the task's original design, contract, functional-starter, synthetic-validation, or integration scope.

Definition of Done
1. The original historical scope and status are preserved with source evidence and stable identifiers.
2. The record does not claim production maturity beyond the original design, contract, starter, integration, or validation scope.
3. Any remaining empirical, production, target-hardware, or operating obligation is represented by separate actionable post-wave work.

Required Tests / Validation
- EXISTING_AUTOMATED_TEST / EXISTING_AUTOMATED_TEST: tests/test_temporal_governance.py — Run and retain the result when this issue touches the covered contract.
- EXISTING_AUTOMATED_TEST / EXISTING_AUTOMATED_TEST: tests/test_w24_readiness.py — Run and retain the result when this issue touches the covered contract.
- EXISTING_AUTOMATED_TEST / EXISTING_AUTOMATED_TEST: tools/validate_temporal.py — Run and retain the result when this issue touches the covered contract.
- EXISTING_AUTOMATED_TEST / EXISTING_AUTOMATED_TEST: tools/validate_w24_readiness.py — Run and retain the result when this issue touches the covered contract.

Required Evidence
- Authoritative WBS row TASK-013
- Existing artifact `PIT observation schema and temporal semantics`

End-to-End Validation
Historical completion remains scoped; integrated product completion is evaluated only through the post-wave release path.

Stop Conditions
- Stop if completing this record would fabricate real-data, model-metric, source-rights, target-hardware, or operating evidence.

Source References
- SRCREF-00046
- SRCREF-02116
- SRCREF-02117

Governance Traceability Gate:

Canonical Record: jira/records/issues/tasks/TASK-013_define_observation_effective_known_at_temporal_contract.json",Done,High,design;historical;planning-program;w08;wave-completed;local-id-task-013,pit-temporal,TASK-013,TASK-013,PHASE-1,DONE,CONTRACT_DEFINED,VERIFIED,W08,false,SHARED_CONTRACT,HISTORICAL_REFERENCE
Task,BAT-117,100117,[TASK-014] Define temporal join and as-of query interfaces,100003,"Local ID: TASK-014

Objective
Define temporal join and as-of query interfaces

Why This Exists
Preserve the original W08 WBS work unit, its dependencies, outputs, and scoped completion semantics as provenance for post-wave execution.

Scope
Original task type DESIGN with mutation scope: as defined by its source documents.

Explicit In Scope
- Original WBS objective and outputs
- Original requirements and acceptance-control mappings
- Original dependency and execution-lane provenance

Explicit Out of Scope
- Reopening completed planning solely to rename it
- Treating a starter/design result as empirically validated production capability

Prerequisites / Dependencies
- Historical dependency TASK-013
- TASK-013

Acceptance Criteria
1. Stable ID TASK-014, parent EPIC-003, owner wave W08, and original status DONE are preserved.
2. Declared outputs are traceable to existing repository artifacts where resolvable, or remain recorded as historical output names without fabricating files.
3. Requirement, acceptance-control, and dependency references resolve to authoritative registries.
4. The record does not claim maturity beyond the task's original design, contract, functional-starter, synthetic-validation, or integration scope.

Definition of Done
1. The original historical scope and status are preserved with source evidence and stable identifiers.
2. The record does not claim production maturity beyond the original design, contract, starter, integration, or validation scope.
3. Any remaining empirical, production, target-hardware, or operating obligation is represented by separate actionable post-wave work.

Required Tests / Validation
- EXISTING_AUTOMATED_TEST / EXISTING_AUTOMATED_TEST: tests/test_temporal_governance.py — Run and retain the result when this issue touches the covered contract.
- EXISTING_AUTOMATED_TEST / EXISTING_AUTOMATED_TEST: tests/test_w24_readiness.py — Run and retain the result when this issue touches the covered contract.
- EXISTING_AUTOMATED_TEST / EXISTING_AUTOMATED_TEST: tools/validate_temporal.py — Run and retain the result when this issue touches the covered contract.
- EXISTING_AUTOMATED_TEST / EXISTING_AUTOMATED_TEST: tools/validate_w24_readiness.py — Run and retain the result when this issue touches the covered contract.

Required Evidence
- Authoritative WBS row TASK-014
- Existing artifact `as-of access API`
- Existing artifact `eligibility rules`

End-to-End Validation
Historical completion remains scoped; integrated product completion is evaluated only through the post-wave release path.

Stop Conditions
- Stop if completing this record would fabricate real-data, model-metric, source-rights, target-hardware, or operating evidence.

Source References
- SRCREF-00047
- SRCREF-02116
- SRCREF-02117

Governance Traceability Gate:

Canonical Record: jira/records/issues/tasks/TASK-014_define_temporal_join_and_as_of_query_interfaces.json",Done,High,design;historical;planning-program;w08;wave-completed;local-id-task-014,pit-temporal,TASK-014,TASK-014,PHASE-1,DONE,CONTRACT_DEFINED,VERIFIED,W08,false,SOLO_WORKTREE,HISTORICAL_REFERENCE
Task,BAT-118,100118,[TASK-015] Specify market/weather/availability snapshot semantics,100003,"Local ID: TASK-015

Objective
Specify market/weather/availability snapshot semantics

Why This Exists
Preserve the original W08 WBS work unit, its dependencies, outputs, and scoped completion semantics as provenance for post-wave execution.

Scope
Original task type DESIGN with mutation scope: as defined by its source documents.

Explicit In Scope
- Original WBS objective and outputs
- Original requirements and acceptance-control mappings
- Original dependency and execution-lane provenance

Explicit Out of Scope
- Reopening completed planning solely to rename it
- Treating a starter/design result as empirically validated production capability

Prerequisites / Dependencies
- Historical dependency TASK-013
- TASK-013

Acceptance Criteria
1. Stable ID TASK-015, parent EPIC-003, owner wave W08, and original status DONE are preserved.
2. Declared outputs are traceable to existing repository artifacts where resolvable, or remain recorded as historical output names without fabricating files.
3. Requirement, acceptance-control, and dependency references resolve to authoritative registries.
4. The record does not claim maturity beyond the task's original design, contract, functional-starter, synthetic-validation, or integration scope.

Definition of Done
1. The original historical scope and status are preserved with source evidence and stable identifiers.
2. The record does not claim production maturity beyond the original design, contract, starter, integration, or validation scope.
3. Any remaining empirical, production, target-hardware, or operating obligation is represented by separate actionable post-wave work.

Required Tests / Validation
- EXISTING_AUTOMATED_TEST / EXISTING_AUTOMATED_TEST: tests/test_player_intelligence_governance.py — Run and retain the result when this issue touches the covered contract.
- EXISTING_AUTOMATED_TEST / EXISTING_AUTOMATED_TEST: tests/test_context_intelligence_governance.py — Run and retain the result when this issue touches the covered contract.
- EXISTING_AUTOMATED_TEST / EXISTING_AUTOMATED_TEST: tests/test_team_state_governance.py — Run and retain the result when this issue touches the covered contract.

Required Evidence
- Authoritative WBS row TASK-015
- Existing artifact `snapshot policy by mutable source domain`

End-to-End Validation
Historical completion remains scoped; integrated product completion is evaluated only through the post-wave release path.

Stop Conditions
- Stop if completing this record would fabricate real-data, model-metric, source-rights, target-hardware, or operating evidence.

Source References
- SRCREF-00048
- SRCREF-02116
- SRCREF-02117

Governance Traceability Gate:

Canonical Record: jira/records/issues/tasks/TASK-015_specify_market_weather_availability_snapshot_semantics.json",Done,High,design;historical;planning-program;w08;wave-completed;local-id-task-015,player-context-intelligence,TASK-015,TASK-015,PHASE-1,DONE,CONTRACT_DEFINED,VERIFIED,W08,false,SOLO_WORKTREE,HISTORICAL_REFERENCE
Task,BAT-119,100119,[TASK-016] Implement leakage/PIT synthetic test fixtures and battery,100003,"Local ID: TASK-016

Objective
Implement leakage/PIT synthetic test fixtures and battery

Why This Exists
Preserve the original W08 WBS work unit, its dependencies, outputs, and scoped completion semantics as provenance for post-wave execution.

Scope
Original task type IMPLEMENTATION with mutation scope: as defined by its source documents.

Explicit In Scope
- Original WBS objective and outputs
- Original requirements and acceptance-control mappings
- Original dependency and execution-lane provenance

Explicit Out of Scope
- Reopening completed planning solely to rename it
- Treating a starter/design result as empirically validated production capability

Prerequisites / Dependencies
- Historical dependency TASK-014
- Historical dependency TASK-015
- TASK-014
- TASK-015

Acceptance Criteria
1. Stable ID TASK-016, parent EPIC-003, owner wave W08, and original status DONE are preserved.
2. Declared outputs are traceable to existing repository artifacts where resolvable, or remain recorded as historical output names without fabricating files.
3. Requirement, acceptance-control, and dependency references resolve to authoritative registries.
4. The record does not claim maturity beyond the task's original design, contract, functional-starter, synthetic-validation, or integration scope.

Definition of Done
1. The original historical scope and status are preserved with source evidence and stable identifiers.
2. The record does not claim production maturity beyond the original design, contract, starter, integration, or validation scope.
3. Any remaining empirical, production, target-hardware, or operating obligation is represented by separate actionable post-wave work.

Required Tests / Validation
- EXISTING_AUTOMATED_TEST / EXISTING_AUTOMATED_TEST: tests/test_temporal_governance.py — Run and retain the result when this issue touches the covered contract.
- EXISTING_AUTOMATED_TEST / EXISTING_AUTOMATED_TEST: tests/test_w24_readiness.py — Run and retain the result when this issue touches the covered contract.
- EXISTING_AUTOMATED_TEST / EXISTING_AUTOMATED_TEST: tools/validate_temporal.py — Run and retain the result when this issue touches the covered contract.
- EXISTING_AUTOMATED_TEST / EXISTING_AUTOMATED_TEST: tools/validate_w24_readiness.py — Run and retain the result when this issue touches the covered contract.

Required Evidence
- Authoritative WBS row TASK-016
- Existing artifact `PIT test fixtures`
- Existing artifact `leakage battery`

End-to-End Validation
Historical completion remains scoped; integrated product completion is evaluated only through the post-wave release path.

Stop Conditions
- Stop if completing this record would fabricate real-data, model-metric, source-rights, target-hardware, or operating evidence.

Source References
- SRCREF-00049
- SRCREF-02116
- SRCREF-02117

Governance Traceability Gate:

Canonical Record: jira/records/issues/tasks/TASK-016_implement_leakage_pit_synthetic_test_fixtures_and_battery.json",Done,High,historical;implementation;planning-program;w08;wave-completed;local-id-task-016,pit-temporal,TASK-016,TASK-016,PHASE-1,DONE,CONTRACT_DEFINED,VERIFIED,W08,false,PROTECTED_GATE,HISTORICAL_REFERENCE
Task,BAT-120,100120,[TASK-017] Define forecast/training cutoff provenance and replay contract,100003,"Local ID: TASK-017

Objective
Define forecast/training cutoff provenance and replay contract

Why This Exists
Preserve the original W08 WBS work unit, its dependencies, outputs, and scoped completion semantics as provenance for post-wave execution.

Scope
Original task type DESIGN with mutation scope: as defined by its source documents.

Explicit In Scope
- Original WBS objective and outputs
- Original requirements and acceptance-control mappings
- Original dependency and execution-lane provenance

Explicit Out of Scope
- Reopening completed planning solely to rename it
- Treating a starter/design result as empirically validated production capability

Prerequisites / Dependencies
- Historical dependency TASK-014
- TASK-014

Acceptance Criteria
1. Stable ID TASK-017, parent EPIC-003, owner wave W08, and original status DONE are preserved.
2. Declared outputs are traceable to existing repository artifacts where resolvable, or remain recorded as historical output names without fabricating files.
3. Requirement, acceptance-control, and dependency references resolve to authoritative registries.
4. The record does not claim maturity beyond the task's original design, contract, functional-starter, synthetic-validation, or integration scope.

Definition of Done
1. The original historical scope and status are preserved with source evidence and stable identifiers.
2. The record does not claim production maturity beyond the original design, contract, starter, integration, or validation scope.
3. Any remaining empirical, production, target-hardware, or operating obligation is represented by separate actionable post-wave work.

Required Tests / Validation
- EXISTING_AUTOMATED_TEST / EXISTING_AUTOMATED_TEST: tests/test_model_architecture_governance.py — Run and retain the result when this issue touches the covered contract.
- EXISTING_AUTOMATED_TEST / EXISTING_AUTOMATED_TEST: tests/test_w20_model_starter.py — Run and retain the result when this issue touches the covered contract.
- EXISTING_AUTOMATED_TEST / EXISTING_AUTOMATED_TEST: tools/validate_model_architecture.py — Run and retain the result when this issue touches the covered contract.

Required Evidence
- Authoritative WBS row TASK-017
- Existing artifact `cutoff lineage/replay contract`

End-to-End Validation
Historical completion remains scoped; integrated product completion is evaluated only through the post-wave release path.

Stop Conditions
- Stop if completing this record would fabricate real-data, model-metric, source-rights, target-hardware, or operating evidence.

Source References
- SRCREF-00050
- SRCREF-02116
- SRCREF-02117

Governance Traceability Gate:

Canonical Record: jira/records/issues/tasks/TASK-017_define_forecast_training_cutoff_provenance_and_replay_contract.json",Done,High,design;historical;planning-program;w08;wave-completed;local-id-task-017,modeling,TASK-017,TASK-017,PHASE-1,DONE,CONTRACT_DEFINED,VERIFIED,W08,false,SOLO_WORKTREE,HISTORICAL_REFERENCE
Task,BAT-121,100121,[TASK-018] Freeze PIT gateway as mandatory feature-entry boundary,100003,"Local ID: TASK-018

Objective
Freeze PIT gateway as mandatory feature-entry boundary

Why This Exists
Preserve the original W08 WBS work unit, its dependencies, outputs, and scoped completion semantics as provenance for post-wave execution.

Scope
Original task type GATE with mutation scope: as defined by its source documents.

Explicit In Scope
- Original WBS objective and outputs
- Original requirements and acceptance-control mappings
- Original dependency and execution-lane provenance

Explicit Out of Scope
- Reopening completed planning solely to rename it
- Treating a starter/design result as empirically validated production capability

Prerequisites / Dependencies
- Historical dependency TASK-016
- Historical dependency TASK-017
- TASK-016
- TASK-017

Acceptance Criteria
1. Stable ID TASK-018, parent EPIC-003, owner wave W08, and original status DONE are preserved.
2. Declared outputs are traceable to existing repository artifacts where resolvable, or remain recorded as historical output names without fabricating files.
3. Requirement, acceptance-control, and dependency references resolve to authoritative registries.
4. The record does not claim maturity beyond the task's original design, contract, functional-starter, synthetic-validation, or integration scope.

Definition of Done
1. The original historical scope and status are preserved with source evidence and stable identifiers.
2. The record does not claim production maturity beyond the original design, contract, starter, integration, or validation scope.
3. Any remaining empirical, production, target-hardware, or operating obligation is represented by separate actionable post-wave work.

Required Tests / Validation
- EXISTING_AUTOMATED_TEST / EXISTING_AUTOMATED_TEST: tests/test_feature_registry_governance.py — Run and retain the result when this issue touches the covered contract.
- EXISTING_AUTOMATED_TEST / EXISTING_AUTOMATED_TEST: tests/test_feature_lifecycle_governance.py — Run and retain the result when this issue touches the covered contract.
- EXISTING_AUTOMATED_TEST / EXISTING_AUTOMATED_TEST: tests/test_feature_tournament_full.py — Run and retain the result when this issue touches the covered contract.

Required Evidence
- Authoritative WBS row TASK-018
- Existing artifact `accepted PIT interface`
- Existing artifact `passing protected PIT controls`

End-to-End Validation
Historical completion remains scoped; integrated product completion is evaluated only through the post-wave release path.

Stop Conditions
- Stop if completing this record would fabricate real-data, model-metric, source-rights, target-hardware, or operating evidence.

Source References
- SRCREF-00051
- SRCREF-02116
- SRCREF-02117

Governance Traceability Gate:

Canonical Record: jira/records/issues/tasks/TASK-018_freeze_pit_gateway_as_mandatory_feature_entry_boundary.json",Done,High,gate;historical;planning-program;w08;wave-completed;local-id-task-018,feature-engineering,TASK-018,TASK-018,PHASE-1,DONE,CONTRACT_DEFINED,VERIFIED,W08,true,PROTECTED_GATE,HISTORICAL_REFERENCE
Task,BAT-122,100122,[TASK-019] Ingest recon/W06 schema inventories into registry staging,100004,"Local ID: TASK-019

Objective
Ingest recon/W06 schema inventories into registry staging

Why This Exists
Preserve the original W09 WBS work unit, its dependencies, outputs, and scoped completion semantics as provenance for post-wave execution.

Scope
Original task type IMPLEMENTATION with mutation scope: as defined by its source documents.

Explicit In Scope
- Original WBS objective and outputs
- Original requirements and acceptance-control mappings
- Original dependency and execution-lane provenance

Explicit Out of Scope
- Reopening completed planning solely to rename it
- Treating a starter/design result as empirically validated production capability

Prerequisites / Dependencies
- Historical dependency TASK-018
- TASK-018

Acceptance Criteria
1. Stable ID TASK-019, parent EPIC-004, owner wave W09, and original status DONE are preserved.
2. Declared outputs are traceable to existing repository artifacts where resolvable, or remain recorded as historical output names without fabricating files.
3. Requirement, acceptance-control, and dependency references resolve to authoritative registries.
4. The record does not claim maturity beyond the task's original design, contract, functional-starter, synthetic-validation, or integration scope.

Definition of Done
1. The original historical scope and status are preserved with source evidence and stable identifiers.
2. The record does not claim production maturity beyond the original design, contract, starter, integration, or validation scope.
3. Any remaining empirical, production, target-hardware, or operating obligation is represented by separate actionable post-wave work.

Required Tests / Validation
- EXISTING_AUTOMATED_TEST / EXISTING_AUTOMATED_TEST: tests/test_feature_registry_governance.py — Run and retain the result when this issue touches the covered contract.
- EXISTING_AUTOMATED_TEST / EXISTING_AUTOMATED_TEST: tests/test_feature_lifecycle_governance.py — Run and retain the result when this issue touches the covered contract.
- EXISTING_AUTOMATED_TEST / EXISTING_AUTOMATED_TEST: tests/test_feature_tournament_full.py — Run and retain the result when this issue touches the covered contract.

Required Evidence
- Authoritative WBS row TASK-019
- Existing artifact `registry staging imports`

End-to-End Validation
Historical completion remains scoped; integrated product completion is evaluated only through the post-wave release path.

Stop Conditions
- Stop if completing this record would fabricate real-data, model-metric, source-rights, target-hardware, or operating evidence.

Source References
- SRCREF-00052
- SRCREF-02116
- SRCREF-02117

Governance Traceability Gate:

Canonical Record: jira/records/issues/tasks/TASK-019_ingest_recon_w06_schema_inventories_into_registry_staging.json",Done,High,historical;implementation;planning-program;w09;wave-completed;local-id-task-019,feature-engineering,TASK-019,TASK-019,PHASE-1,DONE,CONTRACT_DEFINED,VERIFIED,W09,false,SOLO_WORKTREE,HISTORICAL_REFERENCE
Task,BAT-123,100123,[TASK-020] Implement automated schema/column scanner,100004,"Local ID: TASK-020

Objective
Implement automated schema/column scanner

Why This Exists
Preserve the original W09 WBS work unit, its dependencies, outputs, and scoped completion semantics as provenance for post-wave execution.

Scope
Original task type IMPLEMENTATION with mutation scope: as defined by its source documents.

Explicit In Scope
- Original WBS objective and outputs
- Original requirements and acceptance-control mappings
- Original dependency and execution-lane provenance

Explicit Out of Scope
- Reopening completed planning solely to rename it
- Treating a starter/design result as empirically validated production capability

Prerequisites / Dependencies
- Historical dependency TASK-019
- TASK-019

Acceptance Criteria
1. Stable ID TASK-020, parent EPIC-004, owner wave W09, and original status DONE are preserved.
2. Declared outputs are traceable to existing repository artifacts where resolvable, or remain recorded as historical output names without fabricating files.
3. Requirement, acceptance-control, and dependency references resolve to authoritative registries.
4. The record does not claim maturity beyond the task's original design, contract, functional-starter, synthetic-validation, or integration scope.

Definition of Done
1. The original historical scope and status are preserved with source evidence and stable identifiers.
2. The record does not claim production maturity beyond the original design, contract, starter, integration, or validation scope.
3. Any remaining empirical, production, target-hardware, or operating obligation is represented by separate actionable post-wave work.

Required Tests / Validation
- EXISTING_AUTOMATED_TEST / EXISTING_AUTOMATED_TEST: tests/test_feature_registry_governance.py — Run and retain the result when this issue touches the covered contract.
- EXISTING_AUTOMATED_TEST / EXISTING_AUTOMATED_TEST: tests/test_feature_lifecycle_governance.py — Run and retain the result when this issue touches the covered contract.
- EXISTING_AUTOMATED_TEST / EXISTING_AUTOMATED_TEST: tests/test_feature_tournament_full.py — Run and retain the result when this issue touches the covered contract.

Required Evidence
- Authoritative WBS row TASK-020
- Existing artifact `field inventory generator`
- Existing artifact `schema scanner`

End-to-End Validation
Historical completion remains scoped; integrated product completion is evaluated only through the post-wave release path.

Stop Conditions
- Stop if completing this record would fabricate real-data, model-metric, source-rights, target-hardware, or operating evidence.

Source References
- SRCREF-00053
- SRCREF-02116
- SRCREF-02117

Governance Traceability Gate:

Canonical Record: jira/records/issues/tasks/TASK-020_implement_automated_schema_column_scanner.json",Done,High,historical;implementation;planning-program;w09;wave-completed;local-id-task-020,feature-engineering,TASK-020,TASK-020,PHASE-1,DONE,CONTRACT_DEFINED,VERIFIED,W09,false,SOLO_WORKTREE,HISTORICAL_REFERENCE
Task,BAT-124,100124,"[TASK-021] Assign temporal safety, lineage, missingness and join metadata",100004,"Local ID: TASK-021

Objective
Assign temporal safety, lineage, missingness and join metadata

Why This Exists
Preserve the original W09 WBS work unit, its dependencies, outputs, and scoped completion semantics as provenance for post-wave execution.

Scope
Original task type DATA_GOVERNANCE with mutation scope: as defined by its source documents.

Explicit In Scope
- Original WBS objective and outputs
- Original requirements and acceptance-control mappings
- Original dependency and execution-lane provenance

Explicit Out of Scope
- Reopening completed planning solely to rename it
- Treating a starter/design result as empirically validated production capability

Prerequisites / Dependencies
- Historical dependency TASK-020
- TASK-020

Acceptance Criteria
1. Stable ID TASK-021, parent EPIC-004, owner wave W09, and original status DONE are preserved.
2. Declared outputs are traceable to existing repository artifacts where resolvable, or remain recorded as historical output names without fabricating files.
3. Requirement, acceptance-control, and dependency references resolve to authoritative registries.
4. The record does not claim maturity beyond the task's original design, contract, functional-starter, synthetic-validation, or integration scope.

Definition of Done
1. The original historical scope and status are preserved with source evidence and stable identifiers.
2. The record does not claim production maturity beyond the original design, contract, starter, integration, or validation scope.
3. Any remaining empirical, production, target-hardware, or operating obligation is represented by separate actionable post-wave work.

Required Tests / Validation
- EXISTING_AUTOMATED_TEST / EXISTING_AUTOMATED_TEST: tests/test_feature_registry_governance.py — Run and retain the result when this issue touches the covered contract.
- EXISTING_AUTOMATED_TEST / EXISTING_AUTOMATED_TEST: tests/test_feature_lifecycle_governance.py — Run and retain the result when this issue touches the covered contract.
- EXISTING_AUTOMATED_TEST / EXISTING_AUTOMATED_TEST: tests/test_feature_tournament_full.py — Run and retain the result when this issue touches the covered contract.

Required Evidence
- Authoritative WBS row TASK-021
- Existing artifact `raw feature registry metadata`

End-to-End Validation
Historical completion remains scoped; integrated product completion is evaluated only through the post-wave release path.

Stop Conditions
- Stop if completing this record would fabricate real-data, model-metric, source-rights, target-hardware, or operating evidence.

Source References
- SRCREF-00054
- SRCREF-02116
- SRCREF-02117

Governance Traceability Gate:

Canonical Record: jira/records/issues/tasks/TASK-021_assign_temporal_safety_lineage_missingness_and_join_metadata.json",Done,High,data-governance;historical;planning-program;w09;wave-completed;local-id-task-021,feature-engineering,TASK-021,TASK-021,PHASE-1,DONE,CONTRACT_DEFINED,VERIFIED,W09,false,SHARED_CONTRACT,HISTORICAL_REFERENCE
Task,BAT-125,100125,[TASK-022] Cluster redundancies and preserve verified prior classifications,100004,"Local ID: TASK-022

Objective
Cluster redundancies and preserve verified prior classifications

Why This Exists
Preserve the original W09 WBS work unit, its dependencies, outputs, and scoped completion semantics as provenance for post-wave execution.

Scope
Original task type DATA_GOVERNANCE with mutation scope: as defined by its source documents.

Explicit In Scope
- Original WBS objective and outputs
- Original requirements and acceptance-control mappings
- Original dependency and execution-lane provenance

Explicit Out of Scope
- Reopening completed planning solely to rename it
- Treating a starter/design result as empirically validated production capability

Prerequisites / Dependencies
- Historical dependency TASK-021
- TASK-021

Acceptance Criteria
1. Stable ID TASK-022, parent EPIC-004, owner wave W09, and original status DONE are preserved.
2. Declared outputs are traceable to existing repository artifacts where resolvable, or remain recorded as historical output names without fabricating files.
3. Requirement, acceptance-control, and dependency references resolve to authoritative registries.
4. The record does not claim maturity beyond the task's original design, contract, functional-starter, synthetic-validation, or integration scope.

Definition of Done
1. The original historical scope and status are preserved with source evidence and stable identifiers.
2. The record does not claim production maturity beyond the original design, contract, starter, integration, or validation scope.
3. Any remaining empirical, production, target-hardware, or operating obligation is represented by separate actionable post-wave work.

Required Tests / Validation
- EXISTING_AUTOMATED_TEST / EXISTING_AUTOMATED_TEST: tests/test_feature_registry_governance.py — Run and retain the result when this issue touches the covered contract.
- EXISTING_AUTOMATED_TEST / EXISTING_AUTOMATED_TEST: tests/test_feature_lifecycle_governance.py — Run and retain the result when this issue touches the covered contract.
- EXISTING_AUTOMATED_TEST / EXISTING_AUTOMATED_TEST: tests/test_feature_tournament_full.py — Run and retain the result when this issue touches the covered contract.

Required Evidence
- Authoritative WBS row TASK-022
- Existing artifact `reconciliation report`
- Existing artifact `redundancy clusters`

End-to-End Validation
Historical completion remains scoped; integrated product completion is evaluated only through the post-wave release path.

Stop Conditions
- Stop if completing this record would fabricate real-data, model-metric, source-rights, target-hardware, or operating evidence.

Source References
- SRCREF-00055
- SRCREF-02116
- SRCREF-02117

Governance Traceability Gate:

Canonical Record: jira/records/issues/tasks/TASK-022_cluster_redundancies_and_preserve_verified_prior_classifications.json",Done,High,data-governance;historical;planning-program;w09;wave-completed;local-id-task-022,feature-engineering,TASK-022,TASK-022,PHASE-1,DONE,CONTRACT_DEFINED,VERIFIED,W09,false,SOLO_WORKTREE,HISTORICAL_REFERENCE
Task,BAT-126,100126,[TASK-023] Freeze registry schema and source-to-feature-candidate handoff,100004,"Local ID: TASK-023

Objective
Freeze registry schema and source-to-feature-candidate handoff

Why This Exists
Preserve the original W09 WBS work unit, its dependencies, outputs, and scoped completion semantics as provenance for post-wave execution.

Scope
Original task type GATE with mutation scope: as defined by its source documents.

Explicit In Scope
- Original WBS objective and outputs
- Original requirements and acceptance-control mappings
- Original dependency and execution-lane provenance

Explicit Out of Scope
- Reopening completed planning solely to rename it
- Treating a starter/design result as empirically validated production capability

Prerequisites / Dependencies
- Historical dependency TASK-022
- TASK-022

Acceptance Criteria
1. Stable ID TASK-023, parent EPIC-004, owner wave W09, and original status DONE are preserved.
2. Declared outputs are traceable to existing repository artifacts where resolvable, or remain recorded as historical output names without fabricating files.
3. Requirement, acceptance-control, and dependency references resolve to authoritative registries.
4. The record does not claim maturity beyond the task's original design, contract, functional-starter, synthetic-validation, or integration scope.

Definition of Done
1. The original historical scope and status are preserved with source evidence and stable identifiers.
2. The record does not claim production maturity beyond the original design, contract, starter, integration, or validation scope.
3. Any remaining empirical, production, target-hardware, or operating obligation is represented by separate actionable post-wave work.

Required Tests / Validation
- EXISTING_AUTOMATED_TEST / EXISTING_AUTOMATED_TEST: tests/test_model_architecture_governance.py — Run and retain the result when this issue touches the covered contract.
- EXISTING_AUTOMATED_TEST / EXISTING_AUTOMATED_TEST: tests/test_w20_model_starter.py — Run and retain the result when this issue touches the covered contract.
- EXISTING_AUTOMATED_TEST / EXISTING_AUTOMATED_TEST: tools/validate_model_architecture.py — Run and retain the result when this issue touches the covered contract.

Required Evidence
- Authoritative WBS row TASK-023
- Existing artifact `feature-registry contract baseline`

End-to-End Validation
Historical completion remains scoped; integrated product completion is evaluated only through the post-wave release path.

Stop Conditions
- Stop if completing this record would fabricate real-data, model-metric, source-rights, target-hardware, or operating evidence.

Source References
- SRCREF-00056
- SRCREF-02116
- SRCREF-02117

Governance Traceability Gate:

Canonical Record: jira/records/issues/tasks/TASK-023_freeze_registry_schema_and_source_to_feature_candidate_handoff.json",Done,High,gate;historical;planning-program;w09;wave-completed;local-id-task-023,modeling,TASK-023,TASK-023,PHASE-1,DONE,CONTRACT_DEFINED,VERIFIED,W09,true,PROTECTED_GATE,HISTORICAL_REFERENCE
Task,BAT-127,100127,[TASK-024] Implement PIT-safe rolling/trend/recency transformation contracts,100005,"Local ID: TASK-024

Objective
Implement PIT-safe rolling/trend/recency transformation contracts

Why This Exists
Preserve the original W10 WBS work unit, its dependencies, outputs, and scoped completion semantics as provenance for post-wave execution.

Scope
Original task type DESIGN_IMPLEMENTATION with mutation scope: as defined by its source documents.

Explicit In Scope
- Original WBS objective and outputs
- Original requirements and acceptance-control mappings
- Original dependency and execution-lane provenance

Explicit Out of Scope
- Reopening completed planning solely to rename it
- Treating a starter/design result as empirically validated production capability

Prerequisites / Dependencies
- Historical dependency TASK-023
- TASK-023

Acceptance Criteria
1. Stable ID TASK-024, parent EPIC-005, owner wave W10, and original status DONE are preserved.
2. Declared outputs are traceable to existing repository artifacts where resolvable, or remain recorded as historical output names without fabricating files.
3. Requirement, acceptance-control, and dependency references resolve to authoritative registries.
4. The record does not claim maturity beyond the task's original design, contract, functional-starter, synthetic-validation, or integration scope.

Definition of Done
1. The original historical scope and status are preserved with source evidence and stable identifiers.
2. The record does not claim production maturity beyond the original design, contract, starter, integration, or validation scope.
3. Any remaining empirical, production, target-hardware, or operating obligation is represented by separate actionable post-wave work.

Required Tests / Validation
- EXISTING_AUTOMATED_TEST / EXISTING_AUTOMATED_TEST: tests/test_validation_science_governance.py — Run and retain the result when this issue touches the covered contract.
- EXISTING_AUTOMATED_TEST / EXISTING_AUTOMATED_TEST: tests/test_w25_final_handoff.py — Run and retain the result when this issue touches the covered contract.
- EXISTING_AUTOMATED_TEST / EXISTING_AUTOMATED_TEST: tools/validate_validation_science.py — Run and retain the result when this issue touches the covered contract.

Required Evidence
- Authoritative WBS row TASK-024
- Existing artifact `feature transform library/contracts`

End-to-End Validation
Historical completion remains scoped; integrated product completion is evaluated only through the post-wave release path.

Stop Conditions
- Stop if completing this record would fabricate real-data, model-metric, source-rights, target-hardware, or operating evidence.

Source References
- SRCREF-00057
- SRCREF-02116
- SRCREF-02117

Governance Traceability Gate:

Canonical Record: jira/records/issues/tasks/TASK-024_implement_pit_safe_rolling_trend_recency_transformation_contracts.json",Done,High,design-implementation;historical;planning-program;w10;wave-completed;local-id-task-024,validation-promotion,TASK-024,TASK-024,PHASE-1,DONE,CONTRACT_DEFINED,VERIFIED,W10,false,SOLO_WORKTREE,HISTORICAL_REFERENCE
Task,BAT-128,100128,[TASK-025] Implement opponent-adjustment and matchup transformation framework,100005,"Local ID: TASK-025

Objective
Implement opponent-adjustment and matchup transformation framework

Why This Exists
Preserve the original W10 WBS work unit, its dependencies, outputs, and scoped completion semantics as provenance for post-wave execution.

Scope
Original task type DESIGN_IMPLEMENTATION with mutation scope: as defined by its source documents.

Explicit In Scope
- Original WBS objective and outputs
- Original requirements and acceptance-control mappings
- Original dependency and execution-lane provenance

Explicit Out of Scope
- Reopening completed planning solely to rename it
- Treating a starter/design result as empirically validated production capability

Prerequisites / Dependencies
- Historical dependency TASK-024
- TASK-024

Acceptance Criteria
1. Stable ID TASK-025, parent EPIC-005, owner wave W10, and original status DONE are preserved.
2. Declared outputs are traceable to existing repository artifacts where resolvable, or remain recorded as historical output names without fabricating files.
3. Requirement, acceptance-control, and dependency references resolve to authoritative registries.
4. The record does not claim maturity beyond the task's original design, contract, functional-starter, synthetic-validation, or integration scope.

Definition of Done
1. The original historical scope and status are preserved with source evidence and stable identifiers.
2. The record does not claim production maturity beyond the original design, contract, starter, integration, or validation scope.
3. Any remaining empirical, production, target-hardware, or operating obligation is represented by separate actionable post-wave work.

Required Tests / Validation
- EXISTING_AUTOMATED_TEST / EXISTING_AUTOMATED_TEST: tests/test_validation_science_governance.py — Run and retain the result when this issue touches the covered contract.
- EXISTING_AUTOMATED_TEST / EXISTING_AUTOMATED_TEST: tests/test_w25_final_handoff.py — Run and retain the result when this issue touches the covered contract.
- EXISTING_AUTOMATED_TEST / EXISTING_AUTOMATED_TEST: tools/validate_validation_science.py — Run and retain the result when this issue touches the covered contract.

Required Evidence
- Authoritative WBS row TASK-025
- Existing artifact `opponent/matchup transform interfaces`

End-to-End Validation
Historical completion remains scoped; integrated product completion is evaluated only through the post-wave release path.

Stop Conditions
- Stop if completing this record would fabricate real-data, model-metric, source-rights, target-hardware, or operating evidence.

Source References
- SRCREF-00058
- SRCREF-02116
- SRCREF-02117

Governance Traceability Gate:

Canonical Record: jira/records/issues/tasks/TASK-025_implement_opponent_adjustment_and_matchup_transformation_framework.json",Done,High,design-implementation;historical;planning-program;w10;wave-completed;local-id-task-025,validation-promotion,TASK-025,TASK-025,PHASE-1,DONE,CONTRACT_DEFINED,VERIFIED,W10,false,SOLO_WORKTREE,HISTORICAL_REFERENCE
Task,BAT-129,100129,[TASK-026] Implement screening/redundancy/regularization evidence pipeline,100005,"Local ID: TASK-026

Objective
Implement screening/redundancy/regularization evidence pipeline

Why This Exists
Preserve the original W10 WBS work unit, its dependencies, outputs, and scoped completion semantics as provenance for post-wave execution.

Scope
Original task type IMPLEMENTATION with mutation scope: as defined by its source documents.

Explicit In Scope
- Original WBS objective and outputs
- Original requirements and acceptance-control mappings
- Original dependency and execution-lane provenance

Explicit Out of Scope
- Reopening completed planning solely to rename it
- Treating a starter/design result as empirically validated production capability

Prerequisites / Dependencies
- Historical dependency TASK-024
- TASK-024

Acceptance Criteria
1. Stable ID TASK-026, parent EPIC-005, owner wave W10, and original status DONE are preserved.
2. Declared outputs are traceable to existing repository artifacts where resolvable, or remain recorded as historical output names without fabricating files.
3. Requirement, acceptance-control, and dependency references resolve to authoritative registries.
4. The record does not claim maturity beyond the task's original design, contract, functional-starter, synthetic-validation, or integration scope.

Definition of Done
1. The original historical scope and status are preserved with source evidence and stable identifiers.
2. The record does not claim production maturity beyond the original design, contract, starter, integration, or validation scope.
3. Any remaining empirical, production, target-hardware, or operating obligation is represented by separate actionable post-wave work.

Required Tests / Validation
- EXISTING_AUTOMATED_TEST / EXISTING_AUTOMATED_TEST: tests/test_validation_science_governance.py — Run and retain the result when this issue touches the covered contract.
- EXISTING_AUTOMATED_TEST / EXISTING_AUTOMATED_TEST: tests/test_w25_final_handoff.py — Run and retain the result when this issue touches the covered contract.
- EXISTING_AUTOMATED_TEST / EXISTING_AUTOMATED_TEST: tools/validate_validation_science.py — Run and retain the result when this issue touches the covered contract.

Required Evidence
- Authoritative WBS row TASK-026
- Existing artifact `screening reports`
- Existing artifact `selection evidence`

End-to-End Validation
Historical completion remains scoped; integrated product completion is evaluated only through the post-wave release path.

Stop Conditions
- Stop if completing this record would fabricate real-data, model-metric, source-rights, target-hardware, or operating evidence.

Source References
- SRCREF-00059
- SRCREF-02116
- SRCREF-02117

Governance Traceability Gate:

Canonical Record: jira/records/issues/tasks/TASK-026_implement_screening_redundancy_regularization_evidence_pipeline.json",Done,High,historical;implementation;planning-program;w10;wave-completed;local-id-task-026,validation-promotion,TASK-026,TASK-026,PHASE-1,DONE,CONTRACT_DEFINED,VERIFIED,W10,false,SOLO_WORKTREE,HISTORICAL_REFERENCE
Task,BAT-130,100130,[TASK-027] Implement feature-family ablation and temporal stability tests,100005,"Local ID: TASK-027

Objective
Implement feature-family ablation and temporal stability tests

Why This Exists
Preserve the original W10 WBS work unit, its dependencies, outputs, and scoped completion semantics as provenance for post-wave execution.

Scope
Original task type IMPLEMENTATION with mutation scope: as defined by its source documents.

Explicit In Scope
- Original WBS objective and outputs
- Original requirements and acceptance-control mappings
- Original dependency and execution-lane provenance

Explicit Out of Scope
- Reopening completed planning solely to rename it
- Treating a starter/design result as empirically validated production capability

Prerequisites / Dependencies
- Historical dependency TASK-025
- Historical dependency TASK-026
- TASK-025
- TASK-026

Acceptance Criteria
1. Stable ID TASK-027, parent EPIC-005, owner wave W10, and original status DONE are preserved.
2. Declared outputs are traceable to existing repository artifacts where resolvable, or remain recorded as historical output names without fabricating files.
3. Requirement, acceptance-control, and dependency references resolve to authoritative registries.
4. The record does not claim maturity beyond the task's original design, contract, functional-starter, synthetic-validation, or integration scope.

Definition of Done
1. The original historical scope and status are preserved with source evidence and stable identifiers.
2. The record does not claim production maturity beyond the original design, contract, starter, integration, or validation scope.
3. Any remaining empirical, production, target-hardware, or operating obligation is represented by separate actionable post-wave work.

Required Tests / Validation
- EXISTING_AUTOMATED_TEST / EXISTING_AUTOMATED_TEST: tests/test_validation_science_governance.py — Run and retain the result when this issue touches the covered contract.
- EXISTING_AUTOMATED_TEST / EXISTING_AUTOMATED_TEST: tests/test_w25_final_handoff.py — Run and retain the result when this issue touches the covered contract.
- EXISTING_AUTOMATED_TEST / EXISTING_AUTOMATED_TEST: tools/validate_validation_science.py — Run and retain the result when this issue touches the covered contract.

Required Evidence
- Authoritative WBS row TASK-027
- Existing artifact `family ablation/stability evidence`

End-to-End Validation
Historical completion remains scoped; integrated product completion is evaluated only through the post-wave release path.

Stop Conditions
- Stop if completing this record would fabricate real-data, model-metric, source-rights, target-hardware, or operating evidence.

Source References
- SRCREF-00060
- SRCREF-02116
- SRCREF-02117

Governance Traceability Gate:

Canonical Record: jira/records/issues/tasks/TASK-027_implement_feature_family_ablation_and_temporal_stability_tests.json",Done,High,historical;implementation;planning-program;w10;wave-completed;local-id-task-027,validation-promotion,TASK-027,TASK-027,PHASE-1,DONE,CONTRACT_DEFINED,VERIFIED,W10,false,PROTECTED_GATE,HISTORICAL_REFERENCE
Task,BAT-131,100131,[TASK-028] Implement feature lifecycle promotion/demotion registry,100005,"Local ID: TASK-028

Objective
Implement feature lifecycle promotion/demotion registry

Why This Exists
Preserve the original W10 WBS work unit, its dependencies, outputs, and scoped completion semantics as provenance for post-wave execution.

Scope
Original task type GOVERNANCE_IMPLEMENTATION with mutation scope: as defined by its source documents.

Explicit In Scope
- Original WBS objective and outputs
- Original requirements and acceptance-control mappings
- Original dependency and execution-lane provenance

Explicit Out of Scope
- Reopening completed planning solely to rename it
- Treating a starter/design result as empirically validated production capability

Prerequisites / Dependencies
- Historical dependency TASK-027
- TASK-027

Acceptance Criteria
1. Stable ID TASK-028, parent EPIC-005, owner wave W10, and original status DONE are preserved.
2. Declared outputs are traceable to existing repository artifacts where resolvable, or remain recorded as historical output names without fabricating files.
3. Requirement, acceptance-control, and dependency references resolve to authoritative registries.
4. The record does not claim maturity beyond the task's original design, contract, functional-starter, synthetic-validation, or integration scope.

Definition of Done
1. The original historical scope and status are preserved with source evidence and stable identifiers.
2. The record does not claim production maturity beyond the original design, contract, starter, integration, or validation scope.
3. Any remaining empirical, production, target-hardware, or operating obligation is represented by separate actionable post-wave work.

Required Tests / Validation
- EXISTING_AUTOMATED_TEST / EXISTING_AUTOMATED_TEST: tests/test_validation_science_governance.py — Run and retain the result when this issue touches the covered contract.
- EXISTING_AUTOMATED_TEST / EXISTING_AUTOMATED_TEST: tests/test_w25_final_handoff.py — Run and retain the result when this issue touches the covered contract.
- EXISTING_AUTOMATED_TEST / EXISTING_AUTOMATED_TEST: tools/validate_validation_science.py — Run and retain the result when this issue touches the covered contract.

Required Evidence
- Authoritative WBS row TASK-028
- Existing artifact `CORE/SUPPORTED/CONDITIONAL/EXPERIMENTAL/REJECTED/BANNED transitions`

End-to-End Validation
Historical completion remains scoped; integrated product completion is evaluated only through the post-wave release path.

Stop Conditions
- Stop if completing this record would fabricate real-data, model-metric, source-rights, target-hardware, or operating evidence.

Source References
- SRCREF-00061
- SRCREF-02116
- SRCREF-02117

Governance Traceability Gate:

Canonical Record: jira/records/issues/tasks/TASK-028_implement_feature_lifecycle_promotion_demotion_registry.json",Done,High,governance-implementation;historical;planning-program;w10;wave-completed;local-id-task-028,validation-promotion,TASK-028,TASK-028,PHASE-1,DONE,CONTRACT_DEFINED,VERIFIED,W10,false,SHARED_CONTRACT,HISTORICAL_REFERENCE
Task,BAT-132,100132,[TASK-029] Freeze target-specific feature lifecycle gate,100005,"Local ID: TASK-029

Objective
Freeze target-specific feature lifecycle gate

Why This Exists
Preserve the original W10 WBS work unit, its dependencies, outputs, and scoped completion semantics as provenance for post-wave execution.

Scope
Original task type GATE with mutation scope: as defined by its source documents.

Explicit In Scope
- Original WBS objective and outputs
- Original requirements and acceptance-control mappings
- Original dependency and execution-lane provenance

Explicit Out of Scope
- Reopening completed planning solely to rename it
- Treating a starter/design result as empirically validated production capability

Prerequisites / Dependencies
- Historical dependency TASK-028
- TASK-028

Acceptance Criteria
1. Stable ID TASK-029, parent EPIC-005, owner wave W10, and original status DONE are preserved.
2. Declared outputs are traceable to existing repository artifacts where resolvable, or remain recorded as historical output names without fabricating files.
3. Requirement, acceptance-control, and dependency references resolve to authoritative registries.
4. The record does not claim maturity beyond the task's original design, contract, functional-starter, synthetic-validation, or integration scope.

Definition of Done
1. The original historical scope and status are preserved with source evidence and stable identifiers.
2. The record does not claim production maturity beyond the original design, contract, starter, integration, or validation scope.
3. Any remaining empirical, production, target-hardware, or operating obligation is represented by separate actionable post-wave work.

Required Tests / Validation
- EXISTING_AUTOMATED_TEST / EXISTING_AUTOMATED_TEST: tests/test_validation_science_governance.py — Run and retain the result when this issue touches the covered contract.
- EXISTING_AUTOMATED_TEST / EXISTING_AUTOMATED_TEST: tests/test_w25_final_handoff.py — Run and retain the result when this issue touches the covered contract.
- EXISTING_AUTOMATED_TEST / EXISTING_AUTOMATED_TEST: tools/validate_validation_science.py — Run and retain the result when this issue touches the covered contract.

Required Evidence
- Authoritative WBS row TASK-029
- Existing artifact `approved feature lifecycle contract and evidence rules`

End-to-End Validation
Historical completion remains scoped; integrated product completion is evaluated only through the post-wave release path.

Stop Conditions
- Stop if completing this record would fabricate real-data, model-metric, source-rights, target-hardware, or operating evidence.

Source References
- SRCREF-00062
- SRCREF-02116
- SRCREF-02117

Governance Traceability Gate:

Canonical Record: jira/records/issues/tasks/TASK-029_freeze_target_specific_feature_lifecycle_gate.json",Done,High,gate;historical;planning-program;w10;wave-completed;local-id-task-029,validation-promotion,TASK-029,TASK-029,PHASE-1,DONE,CONTRACT_DEFINED,VERIFIED,W10,true,PROTECTED_GATE,HISTORICAL_REFERENCE
Task,BAT-133,100133,[TASK-030] Define latent/available team-strength state interface,100006,"Local ID: TASK-030

Objective
Define latent/available team-strength state interface

Why This Exists
Preserve the original W11 WBS work unit, its dependencies, outputs, and scoped completion semantics as provenance for post-wave execution.

Scope
Original task type DESIGN with mutation scope: as defined by its source documents.

Explicit In Scope
- Original WBS objective and outputs
- Original requirements and acceptance-control mappings
- Original dependency and execution-lane provenance

Explicit Out of Scope
- Reopening completed planning solely to rename it
- Treating a starter/design result as empirically validated production capability

Prerequisites / Dependencies
- Historical dependency TASK-029
- TASK-029

Acceptance Criteria
1. Stable ID TASK-030, parent EPIC-006, owner wave W11, and original status DONE are preserved.
2. Declared outputs are traceable to existing repository artifacts where resolvable, or remain recorded as historical output names without fabricating files.
3. Requirement, acceptance-control, and dependency references resolve to authoritative registries.
4. The record does not claim maturity beyond the task's original design, contract, functional-starter, synthetic-validation, or integration scope.

Definition of Done
1. The original historical scope and status are preserved with source evidence and stable identifiers.
2. The record does not claim production maturity beyond the original design, contract, starter, integration, or validation scope.
3. Any remaining empirical, production, target-hardware, or operating obligation is represented by separate actionable post-wave work.

Required Tests / Validation
- EXISTING_AUTOMATED_TEST / EXISTING_AUTOMATED_TEST: tests/test_w22_product_serving.py — Run and retain the result when this issue touches the covered contract.
- EXISTING_AUTOMATED_TEST / EXISTING_AUTOMATED_TEST: tools/validate_w22_product.py — Run and retain the result when this issue touches the covered contract.

Required Evidence
- Authoritative WBS row TASK-030
- Existing artifact `team state contract`

End-to-End Validation
Historical completion remains scoped; integrated product completion is evaluated only through the post-wave release path.

Stop Conditions
- Stop if completing this record would fabricate real-data, model-metric, source-rights, target-hardware, or operating evidence.

Source References
- SRCREF-00063
- SRCREF-02116
- SRCREF-02117

Governance Traceability Gate:

Canonical Record: jira/records/issues/tasks/TASK-030_define_latent_available_team_strength_state_interface.json",Done,High,design;historical;planning-program;w11;wave-completed;local-id-task-030,serving-product,TASK-030,TASK-030,PHASE-1,DONE,CONTRACT_DEFINED,VERIFIED,W11,false,SOLO_WORKTREE,HISTORICAL_REFERENCE
Task,BAT-134,100134,[TASK-031] Build Week-1 priors and early-season blending candidates,100006,"Local ID: TASK-031

Objective
Build Week-1 priors and early-season blending candidates

Why This Exists
Preserve the original W11 WBS work unit, its dependencies, outputs, and scoped completion semantics as provenance for post-wave execution.

Scope
Original task type EXPERIMENT_DESIGN with mutation scope: as defined by its source documents.

Explicit In Scope
- Original WBS objective and outputs
- Original requirements and acceptance-control mappings
- Original dependency and execution-lane provenance

Explicit Out of Scope
- Reopening completed planning solely to rename it
- Treating a starter/design result as empirically validated production capability

Prerequisites / Dependencies
- Historical dependency TASK-030
- TASK-030

Acceptance Criteria
1. Stable ID TASK-031, parent EPIC-006, owner wave W11, and original status DONE are preserved.
2. Declared outputs are traceable to existing repository artifacts where resolvable, or remain recorded as historical output names without fabricating files.
3. Requirement, acceptance-control, and dependency references resolve to authoritative registries.
4. The record does not claim maturity beyond the task's original design, contract, functional-starter, synthetic-validation, or integration scope.

Definition of Done
1. The original historical scope and status are preserved with source evidence and stable identifiers.
2. The record does not claim production maturity beyond the original design, contract, starter, integration, or validation scope.
3. Any remaining empirical, production, target-hardware, or operating obligation is represented by separate actionable post-wave work.

Required Tests / Validation
- EXISTING_AUTOMATED_TEST / EXISTING_AUTOMATED_TEST: tests/test_w24_readiness.py — Run and retain the result when this issue touches the covered contract.
- EXISTING_AUTOMATED_TEST / EXISTING_AUTOMATED_TEST: tests/test_w25_final_handoff.py — Run and retain the result when this issue touches the covered contract.
- EXISTING_AUTOMATED_TEST / EXISTING_AUTOMATED_TEST: tools/validate_w24_readiness.py — Run and retain the result when this issue touches the covered contract.
- EXISTING_AUTOMATED_TEST / EXISTING_AUTOMATED_TEST: tools/validate_w25_final.py — Run and retain the result when this issue touches the covered contract.

Required Evidence
- Authoritative WBS row TASK-031
- Existing artifact `early-season prior/blending candidates`

End-to-End Validation
Historical completion remains scoped; integrated product completion is evaluated only through the post-wave release path.

Stop Conditions
- Stop if completing this record would fabricate real-data, model-metric, source-rights, target-hardware, or operating evidence.

Source References
- SRCREF-00064
- SRCREF-02116
- SRCREF-02117

Governance Traceability Gate:

Canonical Record: jira/records/issues/tasks/TASK-031_build_week_1_priors_and_early_season_blending_candidates.json",Done,High,experiment-design;historical;planning-program;w11;wave-completed;local-id-task-031,release-readiness,TASK-031,TASK-031,PHASE-1,DONE,CONTRACT_DEFINED,VERIFIED,W11,false,SOLO_WORKTREE,HISTORICAL_REFERENCE
Task,BAT-135,100135,[TASK-032] Build recency/regime/change-point candidate framework,100006,"Local ID: TASK-032

Objective
Build recency/regime/change-point candidate framework

Why This Exists
Preserve the original W11 WBS work unit, its dependencies, outputs, and scoped completion semantics as provenance for post-wave execution.

Scope
Original task type EXPERIMENT_DESIGN with mutation scope: as defined by its source documents.

Explicit In Scope
- Original WBS objective and outputs
- Original requirements and acceptance-control mappings
- Original dependency and execution-lane provenance

Explicit Out of Scope
- Reopening completed planning solely to rename it
- Treating a starter/design result as empirically validated production capability

Prerequisites / Dependencies
- Historical dependency TASK-030
- TASK-030

Acceptance Criteria
1. Stable ID TASK-032, parent EPIC-006, owner wave W11, and original status DONE are preserved.
2. Declared outputs are traceable to existing repository artifacts where resolvable, or remain recorded as historical output names without fabricating files.
3. Requirement, acceptance-control, and dependency references resolve to authoritative registries.
4. The record does not claim maturity beyond the task's original design, contract, functional-starter, synthetic-validation, or integration scope.

Definition of Done
1. The original historical scope and status are preserved with source evidence and stable identifiers.
2. The record does not claim production maturity beyond the original design, contract, starter, integration, or validation scope.
3. Any remaining empirical, production, target-hardware, or operating obligation is represented by separate actionable post-wave work.

Required Tests / Validation
- EXISTING_AUTOMATED_TEST / EXISTING_AUTOMATED_TEST: tests/test_w24_readiness.py — Run and retain the result when this issue touches the covered contract.
- EXISTING_AUTOMATED_TEST / EXISTING_AUTOMATED_TEST: tests/test_w25_final_handoff.py — Run and retain the result when this issue touches the covered contract.
- EXISTING_AUTOMATED_TEST / EXISTING_AUTOMATED_TEST: tools/validate_w24_readiness.py — Run and retain the result when this issue touches the covered contract.
- EXISTING_AUTOMATED_TEST / EXISTING_AUTOMATED_TEST: tools/validate_w25_final.py — Run and retain the result when this issue touches the covered contract.

Required Evidence
- Authoritative WBS row TASK-032
- Existing artifact `historical weighting candidates`

End-to-End Validation
Historical completion remains scoped; integrated product completion is evaluated only through the post-wave release path.

Stop Conditions
- Stop if completing this record would fabricate real-data, model-metric, source-rights, target-hardware, or operating evidence.

Source References
- SRCREF-00065
- SRCREF-02116
- SRCREF-02117

Governance Traceability Gate:

Canonical Record: jira/records/issues/tasks/TASK-032_build_recency_regime_change_point_candidate_framework.json",Done,High,experiment-design;historical;planning-program;w11;wave-completed;local-id-task-032,release-readiness,TASK-032,TASK-032,PHASE-1,DONE,CONTRACT_DEFINED,VERIFIED,W11,false,SOLO_WORKTREE,HISTORICAL_REFERENCE
Task,BAT-136,100136,[TASK-033] Build FBS/FCS/lower-division strength translation hierarchy,100006,"Local ID: TASK-033

Objective
Build FBS/FCS/lower-division strength translation hierarchy

Why This Exists
Preserve the original W11 WBS work unit, its dependencies, outputs, and scoped completion semantics as provenance for post-wave execution.

Scope
Original task type DESIGN_IMPLEMENTATION with mutation scope: as defined by its source documents.

Explicit In Scope
- Original WBS objective and outputs
- Original requirements and acceptance-control mappings
- Original dependency and execution-lane provenance

Explicit Out of Scope
- Reopening completed planning solely to rename it
- Treating a starter/design result as empirically validated production capability

Prerequisites / Dependencies
- Historical dependency TASK-030
- TASK-030

Acceptance Criteria
1. Stable ID TASK-033, parent EPIC-006, owner wave W11, and original status DONE are preserved.
2. Declared outputs are traceable to existing repository artifacts where resolvable, or remain recorded as historical output names without fabricating files.
3. Requirement, acceptance-control, and dependency references resolve to authoritative registries.
4. The record does not claim maturity beyond the task's original design, contract, functional-starter, synthetic-validation, or integration scope.

Definition of Done
1. The original historical scope and status are preserved with source evidence and stable identifiers.
2. The record does not claim production maturity beyond the original design, contract, starter, integration, or validation scope.
3. Any remaining empirical, production, target-hardware, or operating obligation is represented by separate actionable post-wave work.

Required Tests / Validation
- EXISTING_AUTOMATED_TEST / EXISTING_AUTOMATED_TEST: tests/test_model_architecture_governance.py — Run and retain the result when this issue touches the covered contract.
- EXISTING_AUTOMATED_TEST / EXISTING_AUTOMATED_TEST: tests/test_w20_model_starter.py — Run and retain the result when this issue touches the covered contract.
- EXISTING_AUTOMATED_TEST / EXISTING_AUTOMATED_TEST: tools/validate_model_architecture.py — Run and retain the result when this issue touches the covered contract.

Required Evidence
- Authoritative WBS row TASK-033
- Existing artifact `opponent hierarchy and uncertainty contract`

End-to-End Validation
Historical completion remains scoped; integrated product completion is evaluated only through the post-wave release path.

Stop Conditions
- Stop if completing this record would fabricate real-data, model-metric, source-rights, target-hardware, or operating evidence.

Source References
- SRCREF-00066
- SRCREF-02116
- SRCREF-02117

Governance Traceability Gate:

Canonical Record: jira/records/issues/tasks/TASK-033_build_fbs_fcs_lower_division_strength_translation_hierarchy.json",Done,High,design-implementation;historical;planning-program;w11;wave-completed;local-id-task-033,modeling,TASK-033,TASK-033,PHASE-1,DONE,CONTRACT_DEFINED,VERIFIED,W11,false,SOLO_WORKTREE,HISTORICAL_REFERENCE
Task,BAT-137,100137,[TASK-034] Evaluate team-state alternatives through chronological evidence,100006,"Local ID: TASK-034

Objective
Evaluate team-state alternatives through chronological evidence

Why This Exists
Preserve the original W11 WBS work unit, its dependencies, outputs, and scoped completion semantics as provenance for post-wave execution.

Scope
Original task type VALIDATION with mutation scope: as defined by its source documents.

Explicit In Scope
- Original WBS objective and outputs
- Original requirements and acceptance-control mappings
- Original dependency and execution-lane provenance

Explicit Out of Scope
- Reopening completed planning solely to rename it
- Treating a starter/design result as empirically validated production capability

Prerequisites / Dependencies
- Historical dependency TASK-031
- Historical dependency TASK-032
- Historical dependency TASK-033
- TASK-031
- TASK-032
- TASK-033

Acceptance Criteria
1. Stable ID TASK-034, parent EPIC-006, owner wave W11, and original status DONE are preserved.
2. Declared outputs are traceable to existing repository artifacts where resolvable, or remain recorded as historical output names without fabricating files.
3. Requirement, acceptance-control, and dependency references resolve to authoritative registries.
4. The record does not claim maturity beyond the task's original design, contract, functional-starter, synthetic-validation, or integration scope.

Definition of Done
1. The original historical scope and status are preserved with source evidence and stable identifiers.
2. The record does not claim production maturity beyond the original design, contract, starter, integration, or validation scope.
3. Any remaining empirical, production, target-hardware, or operating obligation is represented by separate actionable post-wave work.

Required Tests / Validation
- EXISTING_AUTOMATED_TEST / EXISTING_AUTOMATED_TEST: tests/test_validation_science_governance.py — Run and retain the result when this issue touches the covered contract.
- EXISTING_AUTOMATED_TEST / EXISTING_AUTOMATED_TEST: tests/test_w25_final_handoff.py — Run and retain the result when this issue touches the covered contract.
- EXISTING_AUTOMATED_TEST / EXISTING_AUTOMATED_TEST: tools/validate_validation_science.py — Run and retain the result when this issue touches the covered contract.

Required Evidence
- Authoritative WBS row TASK-034
- Existing artifact `team-state comparison report`

End-to-End Validation
Historical completion remains scoped; integrated product completion is evaluated only through the post-wave release path.

Stop Conditions
- Stop if completing this record would fabricate real-data, model-metric, source-rights, target-hardware, or operating evidence.

Source References
- SRCREF-00067
- SRCREF-02116
- SRCREF-02117

Governance Traceability Gate:

Canonical Record: jira/records/issues/tasks/TASK-034_evaluate_team_state_alternatives_through_chronological_evidence.json",Done,High,historical;planning-program;validation;w11;wave-completed;local-id-task-034,validation-promotion,TASK-034,TASK-034,PHASE-1,DONE,CONTRACT_DEFINED,VERIFIED,W11,false,PROTECTED_GATE,HISTORICAL_REFERENCE
Task,BAT-138,100138,[TASK-035] Freeze team-state/early-season interface for downstream intelligence,100006,"Local ID: TASK-035

Objective
Freeze team-state/early-season interface for downstream intelligence

Why This Exists
Preserve the original W11 WBS work unit, its dependencies, outputs, and scoped completion semantics as provenance for post-wave execution.

Scope
Original task type GATE with mutation scope: as defined by its source documents.

Explicit In Scope
- Original WBS objective and outputs
- Original requirements and acceptance-control mappings
- Original dependency and execution-lane provenance

Explicit Out of Scope
- Reopening completed planning solely to rename it
- Treating a starter/design result as empirically validated production capability

Prerequisites / Dependencies
- Historical dependency TASK-034
- TASK-034

Acceptance Criteria
1. Stable ID TASK-035, parent EPIC-006, owner wave W11, and original status DONE are preserved.
2. Declared outputs are traceable to existing repository artifacts where resolvable, or remain recorded as historical output names without fabricating files.
3. Requirement, acceptance-control, and dependency references resolve to authoritative registries.
4. The record does not claim maturity beyond the task's original design, contract, functional-starter, synthetic-validation, or integration scope.

Definition of Done
1. The original historical scope and status are preserved with source evidence and stable identifiers.
2. The record does not claim production maturity beyond the original design, contract, starter, integration, or validation scope.
3. Any remaining empirical, production, target-hardware, or operating obligation is represented by separate actionable post-wave work.

Required Tests / Validation
- EXISTING_AUTOMATED_TEST / EXISTING_AUTOMATED_TEST: tests/test_model_architecture_governance.py — Run and retain the result when this issue touches the covered contract.
- EXISTING_AUTOMATED_TEST / EXISTING_AUTOMATED_TEST: tests/test_w20_model_starter.py — Run and retain the result when this issue touches the covered contract.
- EXISTING_AUTOMATED_TEST / EXISTING_AUTOMATED_TEST: tools/validate_model_architecture.py — Run and retain the result when this issue touches the covered contract.

Required Evidence
- Authoritative WBS row TASK-035
- Existing artifact `team-state baseline contract`

End-to-End Validation
Historical completion remains scoped; integrated product completion is evaluated only through the post-wave release path.

Stop Conditions
- Stop if completing this record would fabricate real-data, model-metric, source-rights, target-hardware, or operating evidence.

Source References
- SRCREF-00068
- SRCREF-02116
- SRCREF-02117

Governance Traceability Gate:

Canonical Record: jira/records/issues/tasks/TASK-035_freeze_team_state_early_season_interface_for_downstream_intelligence.json",Done,High,gate;historical;planning-program;w11;wave-completed;local-id-task-035,modeling,TASK-035,TASK-035,PHASE-1,DONE,CONTRACT_DEFINED,VERIFIED,W11,true,PROTECTED_GATE,HISTORICAL_REFERENCE
Task,BAT-139,100139,[TASK-036] Define Elo/logistic/simple score baseline contracts,100007,"Local ID: TASK-036

Objective
Define Elo/logistic/simple score baseline contracts

Why This Exists
Preserve the original W16 WBS work unit, its dependencies, outputs, and scoped completion semantics as provenance for post-wave execution.

Scope
Original task type DESIGN with mutation scope: as defined by its source documents.

Explicit In Scope
- Original WBS objective and outputs
- Original requirements and acceptance-control mappings
- Original dependency and execution-lane provenance

Explicit Out of Scope
- Reopening completed planning solely to rename it
- Treating a starter/design result as empirically validated production capability

Prerequisites / Dependencies
- Historical dependency TASK-035
- TASK-035

Acceptance Criteria
1. Stable ID TASK-036, parent EPIC-007, owner wave W16, and original status DONE are preserved.
2. Declared outputs are traceable to existing repository artifacts where resolvable, or remain recorded as historical output names without fabricating files.
3. Requirement, acceptance-control, and dependency references resolve to authoritative registries.
4. The record does not claim maturity beyond the task's original design, contract, functional-starter, synthetic-validation, or integration scope.

Definition of Done
1. The original historical scope and status are preserved with source evidence and stable identifiers.
2. The record does not claim production maturity beyond the original design, contract, starter, integration, or validation scope.
3. Any remaining empirical, production, target-hardware, or operating obligation is represented by separate actionable post-wave work.

Required Tests / Validation
- EXISTING_AUTOMATED_TEST / EXISTING_AUTOMATED_TEST: tests/test_model_architecture_governance.py — Run and retain the result when this issue touches the covered contract.
- EXISTING_AUTOMATED_TEST / EXISTING_AUTOMATED_TEST: tests/test_w20_model_starter.py — Run and retain the result when this issue touches the covered contract.
- EXISTING_AUTOMATED_TEST / EXISTING_AUTOMATED_TEST: tools/validate_model_architecture.py — Run and retain the result when this issue touches the covered contract.

Required Evidence
- Authoritative WBS row TASK-036
- Existing artifact `baseline candidate contracts + reference formulas`

End-to-End Validation
Historical completion remains scoped; integrated product completion is evaluated only through the post-wave release path.

Stop Conditions
- Stop if completing this record would fabricate real-data, model-metric, source-rights, target-hardware, or operating evidence.

Source References
- SRCREF-00069
- SRCREF-02116
- SRCREF-02117

Governance Traceability Gate:

Canonical Record: jira/records/issues/tasks/TASK-036_define_elo_logistic_simple_score_baseline_contracts.json",Done,High,design;historical;planning-program;w16;wave-completed;local-id-task-036,modeling,TASK-036,TASK-036,PHASE-1,DONE,CONTRACT_DEFINED,VERIFIED,W16,false,SOLO_WORKTREE,HISTORICAL_REFERENCE
Task,BAT-140,100140,[TASK-037] Define boosted-tree baseline candidate contract,100007,"Local ID: TASK-037

Objective
Define boosted-tree baseline candidate contract

Why This Exists
Preserve the original W16 WBS work unit, its dependencies, outputs, and scoped completion semantics as provenance for post-wave execution.

Scope
Original task type DESIGN with mutation scope: as defined by its source documents.

Explicit In Scope
- Original WBS objective and outputs
- Original requirements and acceptance-control mappings
- Original dependency and execution-lane provenance

Explicit Out of Scope
- Reopening completed planning solely to rename it
- Treating a starter/design result as empirically validated production capability

Prerequisites / Dependencies
- Historical dependency TASK-036
- TASK-036

Acceptance Criteria
1. Stable ID TASK-037, parent EPIC-007, owner wave W16, and original status DONE are preserved.
2. Declared outputs are traceable to existing repository artifacts where resolvable, or remain recorded as historical output names without fabricating files.
3. Requirement, acceptance-control, and dependency references resolve to authoritative registries.
4. The record does not claim maturity beyond the task's original design, contract, functional-starter, synthetic-validation, or integration scope.

Definition of Done
1. The original historical scope and status are preserved with source evidence and stable identifiers.
2. The record does not claim production maturity beyond the original design, contract, starter, integration, or validation scope.
3. Any remaining empirical, production, target-hardware, or operating obligation is represented by separate actionable post-wave work.

Required Tests / Validation
- EXISTING_AUTOMATED_TEST / EXISTING_AUTOMATED_TEST: tests/test_model_architecture_governance.py — Run and retain the result when this issue touches the covered contract.
- EXISTING_AUTOMATED_TEST / EXISTING_AUTOMATED_TEST: tests/test_w20_model_starter.py — Run and retain the result when this issue touches the covered contract.
- EXISTING_AUTOMATED_TEST / EXISTING_AUTOMATED_TEST: tools/validate_model_architecture.py — Run and retain the result when this issue touches the covered contract.

Required Evidence
- Authoritative WBS row TASK-037
- Existing artifact `boosted-tree candidate interface (XGBoost/LightGBM/CatBoost alternatives)`

End-to-End Validation
Historical completion remains scoped; integrated product completion is evaluated only through the post-wave release path.

Stop Conditions
- Stop if completing this record would fabricate real-data, model-metric, source-rights, target-hardware, or operating evidence.

Source References
- SRCREF-00070
- SRCREF-02116
- SRCREF-02117

Governance Traceability Gate:

Canonical Record: jira/records/issues/tasks/TASK-037_define_boosted_tree_baseline_candidate_contract.json",Done,High,design;historical;planning-program;w16;wave-completed;local-id-task-037,modeling,TASK-037,TASK-037,PHASE-1,DONE,CONTRACT_DEFINED,VERIFIED,W16,false,SOLO_WORKTREE,HISTORICAL_REFERENCE
Task,BAT-141,100141,[TASK-038] Define baseline probability calibration interface,100007,"Local ID: TASK-038

Objective
Define baseline probability calibration interface

Why This Exists
Preserve the original W16 WBS work unit, its dependencies, outputs, and scoped completion semantics as provenance for post-wave execution.

Scope
Original task type DESIGN with mutation scope: as defined by its source documents.

Explicit In Scope
- Original WBS objective and outputs
- Original requirements and acceptance-control mappings
- Original dependency and execution-lane provenance

Explicit Out of Scope
- Reopening completed planning solely to rename it
- Treating a starter/design result as empirically validated production capability

Prerequisites / Dependencies
- Historical dependency TASK-036
- TASK-036

Acceptance Criteria
1. Stable ID TASK-038, parent EPIC-007, owner wave W16, and original status DONE are preserved.
2. Declared outputs are traceable to existing repository artifacts where resolvable, or remain recorded as historical output names without fabricating files.
3. Requirement, acceptance-control, and dependency references resolve to authoritative registries.
4. The record does not claim maturity beyond the task's original design, contract, functional-starter, synthetic-validation, or integration scope.

Definition of Done
1. The original historical scope and status are preserved with source evidence and stable identifiers.
2. The record does not claim production maturity beyond the original design, contract, starter, integration, or validation scope.
3. Any remaining empirical, production, target-hardware, or operating obligation is represented by separate actionable post-wave work.

Required Tests / Validation
- EXISTING_AUTOMATED_TEST / EXISTING_AUTOMATED_TEST: tests/test_model_architecture_governance.py — Run and retain the result when this issue touches the covered contract.
- EXISTING_AUTOMATED_TEST / EXISTING_AUTOMATED_TEST: tests/test_w20_model_starter.py — Run and retain the result when this issue touches the covered contract.
- EXISTING_AUTOMATED_TEST / EXISTING_AUTOMATED_TEST: tools/validate_model_architecture.py — Run and retain the result when this issue touches the covered contract.

Required Evidence
- Authoritative WBS row TASK-038
- Existing artifact `versioned calibration artifact/interface contract`

End-to-End Validation
Historical completion remains scoped; integrated product completion is evaluated only through the post-wave release path.

Stop Conditions
- Stop if completing this record would fabricate real-data, model-metric, source-rights, target-hardware, or operating evidence.

Source References
- SRCREF-00071
- SRCREF-02116
- SRCREF-02117

Governance Traceability Gate:

Canonical Record: jira/records/issues/tasks/TASK-038_define_baseline_probability_calibration_interface.json",Done,High,design;historical;planning-program;w16;wave-completed;local-id-task-038,modeling,TASK-038,TASK-038,PHASE-1,DONE,CONTRACT_DEFINED,VERIFIED,W16,false,SOLO_WORKTREE,HISTORICAL_REFERENCE
Task,BAT-142,100142,[TASK-039] Freeze protected baseline benchmark protocol,100007,"Local ID: TASK-039

Objective
Freeze protected baseline benchmark protocol

Why This Exists
Preserve the original W17 WBS work unit, its dependencies, outputs, and scoped completion semantics as provenance for post-wave execution.

Scope
Original task type VALIDATION_DESIGN with mutation scope: as defined by its source documents.

Explicit In Scope
- Original WBS objective and outputs
- Original requirements and acceptance-control mappings
- Original dependency and execution-lane provenance

Explicit Out of Scope
- Reopening completed planning solely to rename it
- Treating a starter/design result as empirically validated production capability

Prerequisites / Dependencies
- Historical dependency TASK-037
- Historical dependency TASK-038
- Historical dependency TASK-129
- TASK-037
- TASK-038
- TASK-129

Acceptance Criteria
1. Stable ID TASK-039, parent EPIC-007, owner wave W17, and original status DONE are preserved.
2. Declared outputs are traceable to existing repository artifacts where resolvable, or remain recorded as historical output names without fabricating files.
3. Requirement, acceptance-control, and dependency references resolve to authoritative registries.
4. The record does not claim maturity beyond the task's original design, contract, functional-starter, synthetic-validation, or integration scope.

Definition of Done
1. The original historical scope and status are preserved with source evidence and stable identifiers.
2. The record does not claim production maturity beyond the original design, contract, starter, integration, or validation scope.
3. Any remaining empirical, production, target-hardware, or operating obligation is represented by separate actionable post-wave work.

Required Tests / Validation
- EXISTING_AUTOMATED_TEST / EXISTING_AUTOMATED_TEST: tests/test_validation_science_governance.py — Run and retain the result when this issue touches the covered contract.
- EXISTING_AUTOMATED_TEST / EXISTING_AUTOMATED_TEST: tests/test_w25_final_handoff.py — Run and retain the result when this issue touches the covered contract.
- EXISTING_AUTOMATED_TEST / EXISTING_AUTOMATED_TEST: tools/validate_validation_science.py — Run and retain the result when this issue touches the covered contract.

Required Evidence
- Authoritative WBS row TASK-039
- Existing artifact `mandatory comparator registry`
- Existing artifact `no empirical result required`
- Existing artifact `protected baseline benchmark protocol`

End-to-End Validation
Historical completion remains scoped; integrated product completion is evaluated only through the post-wave release path.

Stop Conditions
- Stop if completing this record would fabricate real-data, model-metric, source-rights, target-hardware, or operating evidence.

Source References
- SRCREF-00072
- SRCREF-02116
- SRCREF-02117

Governance Traceability Gate:

Canonical Record: jira/records/issues/tasks/TASK-039_freeze_protected_baseline_benchmark_protocol.json",Done,High,historical;planning-program;validation-design;w17;wave-completed;local-id-task-039,validation-promotion,TASK-039,TASK-039,PHASE-1,DONE,CONTRACT_DEFINED,VERIFIED,W17,false,PROTECTED_GATE,HISTORICAL_REFERENCE
Task,BAT-143,100143,[TASK-040] Freeze minimum baseline comparison bar methodology,100007,"Local ID: TASK-040

Objective
Freeze minimum baseline comparison bar methodology

Why This Exists
Preserve the original W17 WBS work unit, its dependencies, outputs, and scoped completion semantics as provenance for post-wave execution.

Scope
Original task type GATE with mutation scope: as defined by its source documents.

Explicit In Scope
- Original WBS objective and outputs
- Original requirements and acceptance-control mappings
- Original dependency and execution-lane provenance

Explicit Out of Scope
- Reopening completed planning solely to rename it
- Treating a starter/design result as empirically validated production capability

Prerequisites / Dependencies
- Historical dependency TASK-039
- TASK-039

Acceptance Criteria
1. Stable ID TASK-040, parent EPIC-007, owner wave W17, and original status DONE are preserved.
2. Declared outputs are traceable to existing repository artifacts where resolvable, or remain recorded as historical output names without fabricating files.
3. Requirement, acceptance-control, and dependency references resolve to authoritative registries.
4. The record does not claim maturity beyond the task's original design, contract, functional-starter, synthetic-validation, or integration scope.

Definition of Done
1. The original historical scope and status are preserved with source evidence and stable identifiers.
2. The record does not claim production maturity beyond the original design, contract, starter, integration, or validation scope.
3. Any remaining empirical, production, target-hardware, or operating obligation is represented by separate actionable post-wave work.

Required Tests / Validation
- EXISTING_AUTOMATED_TEST / EXISTING_AUTOMATED_TEST: tests/test_model_architecture_governance.py — Run and retain the result when this issue touches the covered contract.
- EXISTING_AUTOMATED_TEST / EXISTING_AUTOMATED_TEST: tests/test_w20_model_starter.py — Run and retain the result when this issue touches the covered contract.
- EXISTING_AUTOMATED_TEST / EXISTING_AUTOMATED_TEST: tools/validate_model_architecture.py — Run and retain the result when this issue touches the covered contract.

Required Evidence
- Authoritative WBS row TASK-040
- Existing artifact `baseline comparison decision method`
- Existing artifact `numeric deltas remain pending development evidence`

End-to-End Validation
Historical completion remains scoped; integrated product completion is evaluated only through the post-wave release path.

Stop Conditions
- Stop if completing this record would fabricate real-data, model-metric, source-rights, target-hardware, or operating evidence.

Source References
- SRCREF-00073
- SRCREF-02116
- SRCREF-02117

Governance Traceability Gate:

Canonical Record: jira/records/issues/tasks/TASK-040_freeze_minimum_baseline_comparison_bar_methodology.json",Done,High,gate;historical;planning-program;w17;wave-completed;local-id-task-040,modeling,TASK-040,TASK-040,PHASE-1,DONE,CONTRACT_DEFINED,VERIFIED,W17,true,PROTECTED_GATE,HISTORICAL_REFERENCE
Task,BAT-144,100144,[TASK-041] Implement approved source-adapter and raw snapshot starters,100008,"Local ID: TASK-041

Objective
Implement approved source-adapter and raw snapshot starters

Why This Exists
Preserve the original W19 WBS work unit, its dependencies, outputs, and scoped completion semantics as provenance for post-wave execution.

Scope
Original task type IMPLEMENTATION with mutation scope: as defined by its source documents.

Explicit In Scope
- Original WBS objective and outputs
- Original requirements and acceptance-control mappings
- Original dependency and execution-lane provenance

Explicit Out of Scope
- Reopening completed planning solely to rename it
- Treating a starter/design result as empirically validated production capability

Prerequisites / Dependencies
- Historical dependency TASK-006
- Historical dependency TASK-018
- Historical dependency TASK-139
- TASK-006
- TASK-018
- TASK-139

Acceptance Criteria
1. Stable ID TASK-041, parent EPIC-008, owner wave W19, and original status DONE are preserved.
2. Declared outputs are traceable to existing repository artifacts where resolvable, or remain recorded as historical output names without fabricating files.
3. Requirement, acceptance-control, and dependency references resolve to authoritative registries.
4. The record does not claim maturity beyond the task's original design, contract, functional-starter, synthetic-validation, or integration scope.

Definition of Done
1. The original historical scope and status are preserved with source evidence and stable identifiers.
2. The record does not claim production maturity beyond the original design, contract, starter, integration, or validation scope.
3. Any remaining empirical, production, target-hardware, or operating obligation is represented by separate actionable post-wave work.

Required Tests / Validation
- EXISTING_AUTOMATED_TEST / EXISTING_AUTOMATED_TEST: tests/test_model_architecture_governance.py — Run and retain the result when this issue touches the covered contract.
- EXISTING_AUTOMATED_TEST / EXISTING_AUTOMATED_TEST: tests/test_w20_model_starter.py — Run and retain the result when this issue touches the covered contract.
- EXISTING_AUTOMATED_TEST / EXISTING_AUTOMATED_TEST: tools/validate_model_architecture.py — Run and retain the result when this issue touches the covered contract.

Required Evidence
- Authoritative WBS row TASK-041
- Existing artifact `raw snapshot writer`
- Existing artifact `source adapter starters`

End-to-End Validation
Historical completion remains scoped; integrated product completion is evaluated only through the post-wave release path.

Stop Conditions
- Stop if completing this record would fabricate real-data, model-metric, source-rights, target-hardware, or operating evidence.

Source References
- SRCREF-00074
- SRCREF-02116
- SRCREF-02117

Governance Traceability Gate:

Canonical Record: jira/records/issues/tasks/TASK-041_implement_approved_source_adapter_and_raw_snapshot_starters.json",Done,High,historical;implementation;planning-program;w19;wave-completed;local-id-task-041,modeling,TASK-041,TASK-041,PHASE-1,DONE,FUNCTIONAL_STARTER,VERIFIED,W19,false,SOLO_WORKTREE,HISTORICAL_REFERENCE
Task,BAT-145,100145,[TASK-042] Implement canonical/entity-resolution starter,100008,"Local ID: TASK-042

Objective
Implement canonical/entity-resolution starter

Why This Exists
Preserve the original W19 WBS work unit, its dependencies, outputs, and scoped completion semantics as provenance for post-wave execution.

Scope
Original task type IMPLEMENTATION with mutation scope: as defined by its source documents.

Explicit In Scope
- Original WBS objective and outputs
- Original requirements and acceptance-control mappings
- Original dependency and execution-lane provenance

Explicit Out of Scope
- Reopening completed planning solely to rename it
- Treating a starter/design result as empirically validated production capability

Prerequisites / Dependencies
- Historical dependency TASK-012
- Historical dependency TASK-041
- TASK-012
- TASK-041

Acceptance Criteria
1. Stable ID TASK-042, parent EPIC-008, owner wave W19, and original status DONE are preserved.
2. Declared outputs are traceable to existing repository artifacts where resolvable, or remain recorded as historical output names without fabricating files.
3. Requirement, acceptance-control, and dependency references resolve to authoritative registries.
4. The record does not claim maturity beyond the task's original design, contract, functional-starter, synthetic-validation, or integration scope.

Definition of Done
1. The original historical scope and status are preserved with source evidence and stable identifiers.
2. The record does not claim production maturity beyond the original design, contract, starter, integration, or validation scope.
3. Any remaining empirical, production, target-hardware, or operating obligation is represented by separate actionable post-wave work.

Required Tests / Validation
- EXISTING_AUTOMATED_TEST / EXISTING_AUTOMATED_TEST: tests/test_model_architecture_governance.py — Run and retain the result when this issue touches the covered contract.
- EXISTING_AUTOMATED_TEST / EXISTING_AUTOMATED_TEST: tests/test_w20_model_starter.py — Run and retain the result when this issue touches the covered contract.
- EXISTING_AUTOMATED_TEST / EXISTING_AUTOMATED_TEST: tools/validate_model_architecture.py — Run and retain the result when this issue touches the covered contract.

Required Evidence
- Authoritative WBS row TASK-042
- Existing artifact `entity mapping/resolution starter`

End-to-End Validation
Historical completion remains scoped; integrated product completion is evaluated only through the post-wave release path.

Stop Conditions
- Stop if completing this record would fabricate real-data, model-metric, source-rights, target-hardware, or operating evidence.

Source References
- SRCREF-00075
- SRCREF-02116
- SRCREF-02117

Governance Traceability Gate:

Canonical Record: jira/records/issues/tasks/TASK-042_implement_canonical_entity_resolution_starter.json",Done,High,historical;implementation;planning-program;w19;wave-completed;local-id-task-042,modeling,TASK-042,TASK-042,PHASE-1,DONE,FUNCTIONAL_STARTER,VERIFIED,W19,false,SOLO_WORKTREE,HISTORICAL_REFERENCE
Task,BAT-146,100146,[TASK-043] Implement PIT state and lineage starter,100008,"Local ID: TASK-043

Objective
Implement PIT state and lineage starter

Why This Exists
Preserve the original W19 WBS work unit, its dependencies, outputs, and scoped completion semantics as provenance for post-wave execution.

Scope
Original task type IMPLEMENTATION with mutation scope: as defined by its source documents.

Explicit In Scope
- Original WBS objective and outputs
- Original requirements and acceptance-control mappings
- Original dependency and execution-lane provenance

Explicit Out of Scope
- Reopening completed planning solely to rename it
- Treating a starter/design result as empirically validated production capability

Prerequisites / Dependencies
- Historical dependency TASK-018
- Historical dependency TASK-042
- TASK-018
- TASK-042

Acceptance Criteria
1. Stable ID TASK-043, parent EPIC-008, owner wave W19, and original status DONE are preserved.
2. Declared outputs are traceable to existing repository artifacts where resolvable, or remain recorded as historical output names without fabricating files.
3. Requirement, acceptance-control, and dependency references resolve to authoritative registries.
4. The record does not claim maturity beyond the task's original design, contract, functional-starter, synthetic-validation, or integration scope.

Definition of Done
1. The original historical scope and status are preserved with source evidence and stable identifiers.
2. The record does not claim production maturity beyond the original design, contract, starter, integration, or validation scope.
3. Any remaining empirical, production, target-hardware, or operating obligation is represented by separate actionable post-wave work.

Required Tests / Validation
- EXISTING_AUTOMATED_TEST / EXISTING_AUTOMATED_TEST: tests/test_model_architecture_governance.py — Run and retain the result when this issue touches the covered contract.
- EXISTING_AUTOMATED_TEST / EXISTING_AUTOMATED_TEST: tests/test_w20_model_starter.py — Run and retain the result when this issue touches the covered contract.
- EXISTING_AUTOMATED_TEST / EXISTING_AUTOMATED_TEST: tools/validate_model_architecture.py — Run and retain the result when this issue touches the covered contract.

Required Evidence
- Authoritative WBS row TASK-043
- Existing artifact `as-of state builder`
- Existing artifact `lineage artifacts`

End-to-End Validation
Historical completion remains scoped; integrated product completion is evaluated only through the post-wave release path.

Stop Conditions
- Stop if completing this record would fabricate real-data, model-metric, source-rights, target-hardware, or operating evidence.

Source References
- SRCREF-00076
- SRCREF-02116
- SRCREF-02117

Governance Traceability Gate:

Canonical Record: jira/records/issues/tasks/TASK-043_implement_pit_state_and_lineage_starter.json",Done,High,historical;implementation;planning-program;w19;wave-completed;local-id-task-043,modeling,TASK-043,TASK-043,PHASE-1,DONE,FUNCTIONAL_STARTER,VERIFIED,W19,false,PROTECTED_GATE,HISTORICAL_REFERENCE
Task,BAT-147,100147,[TASK-044] Implement feature registry/factory starter,100008,"Local ID: TASK-044

Objective
Implement feature registry/factory starter

Why This Exists
Preserve the original W19 WBS work unit, its dependencies, outputs, and scoped completion semantics as provenance for post-wave execution.

Scope
Original task type IMPLEMENTATION with mutation scope: as defined by its source documents.

Explicit In Scope
- Original WBS objective and outputs
- Original requirements and acceptance-control mappings
- Original dependency and execution-lane provenance

Explicit Out of Scope
- Reopening completed planning solely to rename it
- Treating a starter/design result as empirically validated production capability

Prerequisites / Dependencies
- Historical dependency TASK-023
- Historical dependency TASK-029
- Historical dependency TASK-043
- TASK-023
- TASK-029
- TASK-043

Acceptance Criteria
1. Stable ID TASK-044, parent EPIC-008, owner wave W19, and original status DONE are preserved.
2. Declared outputs are traceable to existing repository artifacts where resolvable, or remain recorded as historical output names without fabricating files.
3. Requirement, acceptance-control, and dependency references resolve to authoritative registries.
4. The record does not claim maturity beyond the task's original design, contract, functional-starter, synthetic-validation, or integration scope.

Definition of Done
1. The original historical scope and status are preserved with source evidence and stable identifiers.
2. The record does not claim production maturity beyond the original design, contract, starter, integration, or validation scope.
3. Any remaining empirical, production, target-hardware, or operating obligation is represented by separate actionable post-wave work.

Required Tests / Validation
- EXISTING_AUTOMATED_TEST / EXISTING_AUTOMATED_TEST: tests/test_model_architecture_governance.py — Run and retain the result when this issue touches the covered contract.
- EXISTING_AUTOMATED_TEST / EXISTING_AUTOMATED_TEST: tests/test_w20_model_starter.py — Run and retain the result when this issue touches the covered contract.
- EXISTING_AUTOMATED_TEST / EXISTING_AUTOMATED_TEST: tools/validate_model_architecture.py — Run and retain the result when this issue touches the covered contract.

Required Evidence
- Authoritative WBS row TASK-044
- Existing artifact `feature registry/factory`

End-to-End Validation
Historical completion remains scoped; integrated product completion is evaluated only through the post-wave release path.

Stop Conditions
- Stop if completing this record would fabricate real-data, model-metric, source-rights, target-hardware, or operating evidence.

Source References
- SRCREF-00077
- SRCREF-02116
- SRCREF-02117

Governance Traceability Gate:

Canonical Record: jira/records/issues/tasks/TASK-044_implement_feature_registry_factory_starter.json",Done,High,historical;implementation;planning-program;w19;wave-completed;local-id-task-044,modeling,TASK-044,TASK-044,PHASE-1,DONE,FUNCTIONAL_STARTER,VERIFIED,W19,false,SOLO_WORKTREE,HISTORICAL_REFERENCE
Task,BAT-148,100148,[TASK-045] Create synthetic end-to-end foundation fixture,100008,"Local ID: TASK-045

Objective
Create synthetic end-to-end foundation fixture

Why This Exists
Preserve the original W19 WBS work unit, its dependencies, outputs, and scoped completion semantics as provenance for post-wave execution.

Scope
Original task type INTEGRATION_TEST with mutation scope: as defined by its source documents.

Explicit In Scope
- Original WBS objective and outputs
- Original requirements and acceptance-control mappings
- Original dependency and execution-lane provenance

Explicit Out of Scope
- Reopening completed planning solely to rename it
- Treating a starter/design result as empirically validated production capability

Prerequisites / Dependencies
- Historical dependency TASK-044
- TASK-044

Acceptance Criteria
1. Stable ID TASK-045, parent EPIC-008, owner wave W19, and original status DONE are preserved.
2. Declared outputs are traceable to existing repository artifacts where resolvable, or remain recorded as historical output names without fabricating files.
3. Requirement, acceptance-control, and dependency references resolve to authoritative registries.
4. The record does not claim maturity beyond the task's original design, contract, functional-starter, synthetic-validation, or integration scope.

Definition of Done
1. The original historical scope and status are preserved with source evidence and stable identifiers.
2. The record does not claim production maturity beyond the original design, contract, starter, integration, or validation scope.
3. Any remaining empirical, production, target-hardware, or operating obligation is represented by separate actionable post-wave work.

Required Tests / Validation
- EXISTING_AUTOMATED_TEST / EXISTING_AUTOMATED_TEST: tests/test_model_architecture_governance.py — Run and retain the result when this issue touches the covered contract.
- EXISTING_AUTOMATED_TEST / EXISTING_AUTOMATED_TEST: tests/test_w20_model_starter.py — Run and retain the result when this issue touches the covered contract.
- EXISTING_AUTOMATED_TEST / EXISTING_AUTOMATED_TEST: tools/validate_model_architecture.py — Run and retain the result when this issue touches the covered contract.

Required Evidence
- Authoritative WBS row TASK-045
- Existing artifact `synthetic source→PIT→feature replay fixture`

End-to-End Validation
Historical completion remains scoped; integrated product completion is evaluated only through the post-wave release path.

Stop Conditions
- Stop if completing this record would fabricate real-data, model-metric, source-rights, target-hardware, or operating evidence.

Source References
- SRCREF-00078
- SRCREF-02116
- SRCREF-02117

Governance Traceability Gate:

Canonical Record: jira/records/issues/tasks/TASK-045_create_synthetic_end_to_end_foundation_fixture.json",Done,High,historical;integration-test;planning-program;w19;wave-completed;local-id-task-045,modeling,TASK-045,TASK-045,PHASE-1,DONE,FUNCTIONAL_STARTER,VERIFIED,W19,false,SOLO_WORKTREE,HISTORICAL_REFERENCE
Task,BAT-149,100149,[TASK-046] Pass foundation implementation gate,100008,"Local ID: TASK-046

Objective
Pass foundation implementation gate

Why This Exists
Preserve the original W19 WBS work unit, its dependencies, outputs, and scoped completion semantics as provenance for post-wave execution.

Scope
Original task type GATE with mutation scope: as defined by its source documents.

Explicit In Scope
- Original WBS objective and outputs
- Original requirements and acceptance-control mappings
- Original dependency and execution-lane provenance

Explicit Out of Scope
- Reopening completed planning solely to rename it
- Treating a starter/design result as empirically validated production capability

Prerequisites / Dependencies
- Historical dependency TASK-045
- TASK-045

Acceptance Criteria
1. Stable ID TASK-046, parent EPIC-008, owner wave W19, and original status DONE are preserved.
2. Declared outputs are traceable to existing repository artifacts where resolvable, or remain recorded as historical output names without fabricating files.
3. Requirement, acceptance-control, and dependency references resolve to authoritative registries.
4. The record does not claim maturity beyond the task's original design, contract, functional-starter, synthetic-validation, or integration scope.

Definition of Done
1. The original historical scope and status are preserved with source evidence and stable identifiers.
2. The record does not claim production maturity beyond the original design, contract, starter, integration, or validation scope.
3. Any remaining empirical, production, target-hardware, or operating obligation is represented by separate actionable post-wave work.

Required Tests / Validation
- EXISTING_AUTOMATED_TEST / EXISTING_AUTOMATED_TEST: tests/test_model_architecture_governance.py — Run and retain the result when this issue touches the covered contract.
- EXISTING_AUTOMATED_TEST / EXISTING_AUTOMATED_TEST: tests/test_w20_model_starter.py — Run and retain the result when this issue touches the covered contract.
- EXISTING_AUTOMATED_TEST / EXISTING_AUTOMATED_TEST: tools/validate_model_architecture.py — Run and retain the result when this issue touches the covered contract.

Required Evidence
- Authoritative WBS row TASK-046
- Existing artifact `validated functional foundation starter`

End-to-End Validation
Historical completion remains scoped; integrated product completion is evaluated only through the post-wave release path.

Stop Conditions
- Stop if completing this record would fabricate real-data, model-metric, source-rights, target-hardware, or operating evidence.

Source References
- SRCREF-00079
- SRCREF-02116
- SRCREF-02117

Governance Traceability Gate:

Canonical Record: jira/records/issues/tasks/TASK-046_pass_foundation_implementation_gate.json",Done,High,gate;historical;planning-program;w19;wave-completed;local-id-task-046,modeling,TASK-046,TASK-046,PHASE-1,DONE,FUNCTIONAL_STARTER,VERIFIED,W19,true,PROTECTED_GATE,HISTORICAL_REFERENCE
Task,BAT-150,100150,[TASK-047] Define player/roster/depth effective-dated state contracts,100009,"Local ID: TASK-047

Objective
Define player/roster/depth effective-dated state contracts

Why This Exists
Preserve the original W12 WBS work unit, its dependencies, outputs, and scoped completion semantics as provenance for post-wave execution.

Scope
Original task type DESIGN with mutation scope: as defined by its source documents.

Explicit In Scope
- Original WBS objective and outputs
- Original requirements and acceptance-control mappings
- Original dependency and execution-lane provenance

Explicit Out of Scope
- Reopening completed planning solely to rename it
- Treating a starter/design result as empirically validated production capability

Prerequisites / Dependencies
- Historical dependency TASK-035
- Historical dependency TASK-018
- TASK-018
- TASK-035

Acceptance Criteria
1. Stable ID TASK-047, parent EPIC-009, owner wave W12, and original status DONE are preserved.
2. Declared outputs are traceable to existing repository artifacts where resolvable, or remain recorded as historical output names without fabricating files.
3. Requirement, acceptance-control, and dependency references resolve to authoritative registries.
4. The record does not claim maturity beyond the task's original design, contract, functional-starter, synthetic-validation, or integration scope.

Definition of Done
1. The original historical scope and status are preserved with source evidence and stable identifiers.
2. The record does not claim production maturity beyond the original design, contract, starter, integration, or validation scope.
3. Any remaining empirical, production, target-hardware, or operating obligation is represented by separate actionable post-wave work.

Required Tests / Validation
- EXISTING_AUTOMATED_TEST / EXISTING_AUTOMATED_TEST: tests/test_player_intelligence_governance.py — Run and retain the result when this issue touches the covered contract.
- EXISTING_AUTOMATED_TEST / EXISTING_AUTOMATED_TEST: tests/test_context_intelligence_governance.py — Run and retain the result when this issue touches the covered contract.
- EXISTING_AUTOMATED_TEST / EXISTING_AUTOMATED_TEST: tests/test_team_state_governance.py — Run and retain the result when this issue touches the covered contract.

Required Evidence
- Authoritative WBS row TASK-047
- Existing artifact `player and depth state contracts`

End-to-End Validation
Historical completion remains scoped; integrated product completion is evaluated only through the post-wave release path.

Stop Conditions
- Stop if completing this record would fabricate real-data, model-metric, source-rights, target-hardware, or operating evidence.

Source References
- SRCREF-00080
- SRCREF-02116
- SRCREF-02117

Governance Traceability Gate:

Canonical Record: jira/records/issues/tasks/TASK-047_define_player_roster_depth_effective_dated_state_contracts.json",Done,High,design;historical;planning-program;w12;wave-completed;local-id-task-047,player-context-intelligence,TASK-047,TASK-047,PHASE-2,DONE,CONTRACT_DEFINED,VERIFIED,W12,false,SOLO_WORKTREE,HISTORICAL_REFERENCE
Task,BAT-151,100151,[TASK-048] Define position-aware player-value evidence interfaces,100009,"Local ID: TASK-048

Objective
Define position-aware player-value evidence interfaces

Why This Exists
Preserve the original W12 WBS work unit, its dependencies, outputs, and scoped completion semantics as provenance for post-wave execution.

Scope
Original task type DESIGN with mutation scope: as defined by its source documents.

Explicit In Scope
- Original WBS objective and outputs
- Original requirements and acceptance-control mappings
- Original dependency and execution-lane provenance

Explicit Out of Scope
- Reopening completed planning solely to rename it
- Treating a starter/design result as empirically validated production capability

Prerequisites / Dependencies
- Historical dependency TASK-047
- TASK-047

Acceptance Criteria
1. Stable ID TASK-048, parent EPIC-009, owner wave W12, and original status DONE are preserved.
2. Declared outputs are traceable to existing repository artifacts where resolvable, or remain recorded as historical output names without fabricating files.
3. Requirement, acceptance-control, and dependency references resolve to authoritative registries.
4. The record does not claim maturity beyond the task's original design, contract, functional-starter, synthetic-validation, or integration scope.

Definition of Done
1. The original historical scope and status are preserved with source evidence and stable identifiers.
2. The record does not claim production maturity beyond the original design, contract, starter, integration, or validation scope.
3. Any remaining empirical, production, target-hardware, or operating obligation is represented by separate actionable post-wave work.

Required Tests / Validation
- EXISTING_AUTOMATED_TEST / EXISTING_AUTOMATED_TEST: tests/test_player_intelligence_governance.py — Run and retain the result when this issue touches the covered contract.
- EXISTING_AUTOMATED_TEST / EXISTING_AUTOMATED_TEST: tests/test_context_intelligence_governance.py — Run and retain the result when this issue touches the covered contract.
- EXISTING_AUTOMATED_TEST / EXISTING_AUTOMATED_TEST: tests/test_team_state_governance.py — Run and retain the result when this issue touches the covered contract.

Required Evidence
- Authoritative WBS row TASK-048
- Existing artifact `player value input/output contract`

End-to-End Validation
Historical completion remains scoped; integrated product completion is evaluated only through the post-wave release path.

Stop Conditions
- Stop if completing this record would fabricate real-data, model-metric, source-rights, target-hardware, or operating evidence.

Source References
- SRCREF-00081
- SRCREF-02116
- SRCREF-02117

Governance Traceability Gate:

Canonical Record: jira/records/issues/tasks/TASK-048_define_position_aware_player_value_evidence_interfaces.json",Done,High,design;historical;planning-program;w12;wave-completed;local-id-task-048,player-context-intelligence,TASK-048,TASK-048,PHASE-2,DONE,CONTRACT_DEFINED,VERIFIED,W12,false,SOLO_WORKTREE,HISTORICAL_REFERENCE
Task,BAT-152,100152,[TASK-049] Define availability probability/effectiveness/usage representation,100009,"Local ID: TASK-049

Objective
Define availability probability/effectiveness/usage representation

Why This Exists
Preserve the original W12 WBS work unit, its dependencies, outputs, and scoped completion semantics as provenance for post-wave execution.

Scope
Original task type DESIGN with mutation scope: as defined by its source documents.

Explicit In Scope
- Original WBS objective and outputs
- Original requirements and acceptance-control mappings
- Original dependency and execution-lane provenance

Explicit Out of Scope
- Reopening completed planning solely to rename it
- Treating a starter/design result as empirically validated production capability

Prerequisites / Dependencies
- Historical dependency TASK-047
- TASK-047

Acceptance Criteria
1. Stable ID TASK-049, parent EPIC-009, owner wave W12, and original status DONE are preserved.
2. Declared outputs are traceable to existing repository artifacts where resolvable, or remain recorded as historical output names without fabricating files.
3. Requirement, acceptance-control, and dependency references resolve to authoritative registries.
4. The record does not claim maturity beyond the task's original design, contract, functional-starter, synthetic-validation, or integration scope.

Definition of Done
1. The original historical scope and status are preserved with source evidence and stable identifiers.
2. The record does not claim production maturity beyond the original design, contract, starter, integration, or validation scope.
3. Any remaining empirical, production, target-hardware, or operating obligation is represented by separate actionable post-wave work.

Required Tests / Validation
- EXISTING_AUTOMATED_TEST / EXISTING_AUTOMATED_TEST: tests/test_model_architecture_governance.py — Run and retain the result when this issue touches the covered contract.
- EXISTING_AUTOMATED_TEST / EXISTING_AUTOMATED_TEST: tests/test_w20_model_starter.py — Run and retain the result when this issue touches the covered contract.
- EXISTING_AUTOMATED_TEST / EXISTING_AUTOMATED_TEST: tools/validate_model_architecture.py — Run and retain the result when this issue touches the covered contract.

Required Evidence
- Authoritative WBS row TASK-049
- Existing artifact `availability state contract`

End-to-End Validation
Historical completion remains scoped; integrated product completion is evaluated only through the post-wave release path.

Stop Conditions
- Stop if completing this record would fabricate real-data, model-metric, source-rights, target-hardware, or operating evidence.

Source References
- SRCREF-00082
- SRCREF-02116
- SRCREF-02117

Governance Traceability Gate:

Canonical Record: jira/records/issues/tasks/TASK-049_define_availability_probability_effectiveness_usage_representation.json",Done,High,design;historical;planning-program;w12;wave-completed;local-id-task-049,modeling,TASK-049,TASK-049,PHASE-2,DONE,CONTRACT_DEFINED,VERIFIED,W12,false,SHARED_CONTRACT,HISTORICAL_REFERENCE
Task,BAT-153,100153,[TASK-050] Define replacement-player and depth uncertainty mechanics,100009,"Local ID: TASK-050

Objective
Define replacement-player and depth uncertainty mechanics

Why This Exists
Preserve the original W12 WBS work unit, its dependencies, outputs, and scoped completion semantics as provenance for post-wave execution.

Scope
Original task type DESIGN with mutation scope: as defined by its source documents.

Explicit In Scope
- Original WBS objective and outputs
- Original requirements and acceptance-control mappings
- Original dependency and execution-lane provenance

Explicit Out of Scope
- Reopening completed planning solely to rename it
- Treating a starter/design result as empirically validated production capability

Prerequisites / Dependencies
- Historical dependency TASK-048
- Historical dependency TASK-049
- TASK-048
- TASK-049

Acceptance Criteria
1. Stable ID TASK-050, parent EPIC-009, owner wave W12, and original status DONE are preserved.
2. Declared outputs are traceable to existing repository artifacts where resolvable, or remain recorded as historical output names without fabricating files.
3. Requirement, acceptance-control, and dependency references resolve to authoritative registries.
4. The record does not claim maturity beyond the task's original design, contract, functional-starter, synthetic-validation, or integration scope.

Definition of Done
1. The original historical scope and status are preserved with source evidence and stable identifiers.
2. The record does not claim production maturity beyond the original design, contract, starter, integration, or validation scope.
3. Any remaining empirical, production, target-hardware, or operating obligation is represented by separate actionable post-wave work.

Required Tests / Validation
- EXISTING_AUTOMATED_TEST / EXISTING_AUTOMATED_TEST: tests/test_model_architecture_governance.py — Run and retain the result when this issue touches the covered contract.
- EXISTING_AUTOMATED_TEST / EXISTING_AUTOMATED_TEST: tests/test_w20_model_starter.py — Run and retain the result when this issue touches the covered contract.
- EXISTING_AUTOMATED_TEST / EXISTING_AUTOMATED_TEST: tools/validate_model_architecture.py — Run and retain the result when this issue touches the covered contract.

Required Evidence
- Authoritative WBS row TASK-050
- Existing artifact `replacement value/uncertainty contract`

End-to-End Validation
Historical completion remains scoped; integrated product completion is evaluated only through the post-wave release path.

Stop Conditions
- Stop if completing this record would fabricate real-data, model-metric, source-rights, target-hardware, or operating evidence.

Source References
- SRCREF-00083
- SRCREF-02116
- SRCREF-02117

Governance Traceability Gate:

Canonical Record: jira/records/issues/tasks/TASK-050_define_replacement_player_and_depth_uncertainty_mechanics.json",Done,High,design;historical;planning-program;w12;wave-completed;local-id-task-050,modeling,TASK-050,TASK-050,PHASE-2,DONE,CONTRACT_DEFINED,VERIFIED,W12,false,SOLO_WORKTREE,HISTORICAL_REFERENCE
Task,BAT-154,100154,[TASK-051] Design sparse/ambiguous injury evidence confidence rules,100009,"Local ID: TASK-051

Objective
Design sparse/ambiguous injury evidence confidence rules

Why This Exists
Preserve the original W12 WBS work unit, its dependencies, outputs, and scoped completion semantics as provenance for post-wave execution.

Scope
Original task type DATA_GOVERNANCE with mutation scope: as defined by its source documents.

Explicit In Scope
- Original WBS objective and outputs
- Original requirements and acceptance-control mappings
- Original dependency and execution-lane provenance

Explicit Out of Scope
- Reopening completed planning solely to rename it
- Treating a starter/design result as empirically validated production capability

Prerequisites / Dependencies
- Historical dependency TASK-049
- TASK-049

Acceptance Criteria
1. Stable ID TASK-051, parent EPIC-009, owner wave W12, and original status DONE are preserved.
2. Declared outputs are traceable to existing repository artifacts where resolvable, or remain recorded as historical output names without fabricating files.
3. Requirement, acceptance-control, and dependency references resolve to authoritative registries.
4. The record does not claim maturity beyond the task's original design, contract, functional-starter, synthetic-validation, or integration scope.

Definition of Done
1. The original historical scope and status are preserved with source evidence and stable identifiers.
2. The record does not claim production maturity beyond the original design, contract, starter, integration, or validation scope.
3. Any remaining empirical, production, target-hardware, or operating obligation is represented by separate actionable post-wave work.

Required Tests / Validation
- EXISTING_AUTOMATED_TEST / EXISTING_AUTOMATED_TEST: tests/test_player_intelligence_governance.py — Run and retain the result when this issue touches the covered contract.
- EXISTING_AUTOMATED_TEST / EXISTING_AUTOMATED_TEST: tests/test_context_intelligence_governance.py — Run and retain the result when this issue touches the covered contract.
- EXISTING_AUTOMATED_TEST / EXISTING_AUTOMATED_TEST: tests/test_team_state_governance.py — Run and retain the result when this issue touches the covered contract.

Required Evidence
- Authoritative WBS row TASK-051
- Existing artifact `injury evidence confidence/missingness policy`

End-to-End Validation
Historical completion remains scoped; integrated product completion is evaluated only through the post-wave release path.

Stop Conditions
- Stop if completing this record would fabricate real-data, model-metric, source-rights, target-hardware, or operating evidence.

Source References
- SRCREF-00084
- SRCREF-02116
- SRCREF-02117

Governance Traceability Gate:

Canonical Record: jira/records/issues/tasks/TASK-051_design_sparse_ambiguous_injury_evidence_confidence_rules.json",Done,High,data-governance;historical;planning-program;w12;wave-completed;local-id-task-051,player-context-intelligence,TASK-051,TASK-051,PHASE-2,DONE,CONTRACT_DEFINED,VERIFIED,W12,false,SOLO_WORKTREE,HISTORICAL_REFERENCE
Task,BAT-155,100155,[TASK-052] Freeze player/availability downstream interface,100009,"Local ID: TASK-052

Objective
Freeze player/availability downstream interface

Why This Exists
Preserve the original W12 WBS work unit, its dependencies, outputs, and scoped completion semantics as provenance for post-wave execution.

Scope
Original task type GATE with mutation scope: as defined by its source documents.

Explicit In Scope
- Original WBS objective and outputs
- Original requirements and acceptance-control mappings
- Original dependency and execution-lane provenance

Explicit Out of Scope
- Reopening completed planning solely to rename it
- Treating a starter/design result as empirically validated production capability

Prerequisites / Dependencies
- Historical dependency TASK-050
- Historical dependency TASK-051
- TASK-050
- TASK-051

Acceptance Criteria
1. Stable ID TASK-052, parent EPIC-009, owner wave W12, and original status DONE are preserved.
2. Declared outputs are traceable to existing repository artifacts where resolvable, or remain recorded as historical output names without fabricating files.
3. Requirement, acceptance-control, and dependency references resolve to authoritative registries.
4. The record does not claim maturity beyond the task's original design, contract, functional-starter, synthetic-validation, or integration scope.

Definition of Done
1. The original historical scope and status are preserved with source evidence and stable identifiers.
2. The record does not claim production maturity beyond the original design, contract, starter, integration, or validation scope.
3. Any remaining empirical, production, target-hardware, or operating obligation is represented by separate actionable post-wave work.

Required Tests / Validation
- EXISTING_AUTOMATED_TEST / EXISTING_AUTOMATED_TEST: tests/test_model_architecture_governance.py — Run and retain the result when this issue touches the covered contract.
- EXISTING_AUTOMATED_TEST / EXISTING_AUTOMATED_TEST: tests/test_w20_model_starter.py — Run and retain the result when this issue touches the covered contract.
- EXISTING_AUTOMATED_TEST / EXISTING_AUTOMATED_TEST: tools/validate_model_architecture.py — Run and retain the result when this issue touches the covered contract.

Required Evidence
- Authoritative WBS row TASK-052
- Existing artifact `player/availability interface baseline`

End-to-End Validation
Historical completion remains scoped; integrated product completion is evaluated only through the post-wave release path.

Stop Conditions
- Stop if completing this record would fabricate real-data, model-metric, source-rights, target-hardware, or operating evidence.

Source References
- SRCREF-00085
- SRCREF-02116
- SRCREF-02117

Governance Traceability Gate:

Canonical Record: jira/records/issues/tasks/TASK-052_freeze_player_availability_downstream_interface.json",Done,High,gate;historical;planning-program;w12;wave-completed;local-id-task-052,modeling,TASK-052,TASK-052,PHASE-2,DONE,CONTRACT_DEFINED,VERIFIED,W12,true,PROTECTED_GATE,HISTORICAL_REFERENCE
Task,BAT-156,100156,[TASK-053] Define recruiting/prospect prior contracts,100010,"Local ID: TASK-053

Objective
Define recruiting/prospect prior contracts

Why This Exists
Preserve the original W12 WBS work unit, its dependencies, outputs, and scoped completion semantics as provenance for post-wave execution.

Scope
Original task type DESIGN with mutation scope: as defined by its source documents.

Explicit In Scope
- Original WBS objective and outputs
- Original requirements and acceptance-control mappings
- Original dependency and execution-lane provenance

Explicit Out of Scope
- Reopening completed planning solely to rename it
- Treating a starter/design result as empirically validated production capability

Prerequisites / Dependencies
- Historical dependency TASK-047
- TASK-047

Acceptance Criteria
1. Stable ID TASK-053, parent EPIC-010, owner wave W12, and original status DONE are preserved.
2. Declared outputs are traceable to existing repository artifacts where resolvable, or remain recorded as historical output names without fabricating files.
3. Requirement, acceptance-control, and dependency references resolve to authoritative registries.
4. The record does not claim maturity beyond the task's original design, contract, functional-starter, synthetic-validation, or integration scope.

Definition of Done
1. The original historical scope and status are preserved with source evidence and stable identifiers.
2. The record does not claim production maturity beyond the original design, contract, starter, integration, or validation scope.
3. Any remaining empirical, production, target-hardware, or operating obligation is represented by separate actionable post-wave work.

Required Tests / Validation
- EXISTING_AUTOMATED_TEST / EXISTING_AUTOMATED_TEST: tests/test_player_intelligence_governance.py — Run and retain the result when this issue touches the covered contract.
- EXISTING_AUTOMATED_TEST / EXISTING_AUTOMATED_TEST: tests/test_context_intelligence_governance.py — Run and retain the result when this issue touches the covered contract.
- EXISTING_AUTOMATED_TEST / EXISTING_AUTOMATED_TEST: tests/test_team_state_governance.py — Run and retain the result when this issue touches the covered contract.

Required Evidence
- Authoritative WBS row TASK-053
- Existing artifact `recruiting and freshman prior schema`

End-to-End Validation
Historical completion remains scoped; integrated product completion is evaluated only through the post-wave release path.

Stop Conditions
- Stop if completing this record would fabricate real-data, model-metric, source-rights, target-hardware, or operating evidence.

Source References
- SRCREF-00086
- SRCREF-02116
- SRCREF-02117

Governance Traceability Gate:

Canonical Record: jira/records/issues/tasks/TASK-053_define_recruiting_prospect_prior_contracts.json",Done,High,design;historical;planning-program;w12;wave-completed;local-id-task-053,player-context-intelligence,TASK-053,TASK-053,PHASE-2,DONE,CONTRACT_DEFINED,VERIFIED,W12,false,SOLO_WORKTREE,HISTORICAL_REFERENCE
Task,BAT-157,100157,[TASK-054] Define transfer episode and same-player identity contract,100010,"Local ID: TASK-054

Objective
Define transfer episode and same-player identity contract

Why This Exists
Preserve the original W12 WBS work unit, its dependencies, outputs, and scoped completion semantics as provenance for post-wave execution.

Scope
Original task type DESIGN with mutation scope: as defined by its source documents.

Explicit In Scope
- Original WBS objective and outputs
- Original requirements and acceptance-control mappings
- Original dependency and execution-lane provenance

Explicit Out of Scope
- Reopening completed planning solely to rename it
- Treating a starter/design result as empirically validated production capability

Prerequisites / Dependencies
- Historical dependency TASK-047
- Historical dependency TASK-012
- TASK-012
- TASK-047

Acceptance Criteria
1. Stable ID TASK-054, parent EPIC-010, owner wave W12, and original status DONE are preserved.
2. Declared outputs are traceable to existing repository artifacts where resolvable, or remain recorded as historical output names without fabricating files.
3. Requirement, acceptance-control, and dependency references resolve to authoritative registries.
4. The record does not claim maturity beyond the task's original design, contract, functional-starter, synthetic-validation, or integration scope.

Definition of Done
1. The original historical scope and status are preserved with source evidence and stable identifiers.
2. The record does not claim production maturity beyond the original design, contract, starter, integration, or validation scope.
3. Any remaining empirical, production, target-hardware, or operating obligation is represented by separate actionable post-wave work.

Required Tests / Validation
- EXISTING_AUTOMATED_TEST / EXISTING_AUTOMATED_TEST: tests/test_player_intelligence_governance.py — Run and retain the result when this issue touches the covered contract.
- EXISTING_AUTOMATED_TEST / EXISTING_AUTOMATED_TEST: tests/test_context_intelligence_governance.py — Run and retain the result when this issue touches the covered contract.
- EXISTING_AUTOMATED_TEST / EXISTING_AUTOMATED_TEST: tests/test_team_state_governance.py — Run and retain the result when this issue touches the covered contract.

Required Evidence
- Authoritative WBS row TASK-054
- Existing artifact `transfer episode schema`

End-to-End Validation
Historical completion remains scoped; integrated product completion is evaluated only through the post-wave release path.

Stop Conditions
- Stop if completing this record would fabricate real-data, model-metric, source-rights, target-hardware, or operating evidence.

Source References
- SRCREF-00087
- SRCREF-02116
- SRCREF-02117

Governance Traceability Gate:

Canonical Record: jira/records/issues/tasks/TASK-054_define_transfer_episode_and_same_player_identity_contract.json",Done,High,design;historical;planning-program;w12;wave-completed;local-id-task-054,player-context-intelligence,TASK-054,TASK-054,PHASE-2,DONE,CONTRACT_DEFINED,VERIFIED,W12,false,SOLO_WORKTREE,HISTORICAL_REFERENCE
Task,BAT-158,100158,[TASK-055] Build historical transfer translation training design,100010,"Local ID: TASK-055

Objective
Build historical transfer translation training design

Why This Exists
Preserve the original W12 WBS work unit, its dependencies, outputs, and scoped completion semantics as provenance for post-wave execution.

Scope
Original task type EXPERIMENT_DESIGN with mutation scope: as defined by its source documents.

Explicit In Scope
- Original WBS objective and outputs
- Original requirements and acceptance-control mappings
- Original dependency and execution-lane provenance

Explicit Out of Scope
- Reopening completed planning solely to rename it
- Treating a starter/design result as empirically validated production capability

Prerequisites / Dependencies
- Historical dependency TASK-053
- Historical dependency TASK-054
- TASK-053
- TASK-054

Acceptance Criteria
1. Stable ID TASK-055, parent EPIC-010, owner wave W12, and original status DONE are preserved.
2. Declared outputs are traceable to existing repository artifacts where resolvable, or remain recorded as historical output names without fabricating files.
3. Requirement, acceptance-control, and dependency references resolve to authoritative registries.
4. The record does not claim maturity beyond the task's original design, contract, functional-starter, synthetic-validation, or integration scope.

Definition of Done
1. The original historical scope and status are preserved with source evidence and stable identifiers.
2. The record does not claim production maturity beyond the original design, contract, starter, integration, or validation scope.
3. Any remaining empirical, production, target-hardware, or operating obligation is represented by separate actionable post-wave work.

Required Tests / Validation
- EXISTING_AUTOMATED_TEST / EXISTING_AUTOMATED_TEST: tests/test_player_intelligence_governance.py — Run and retain the result when this issue touches the covered contract.
- EXISTING_AUTOMATED_TEST / EXISTING_AUTOMATED_TEST: tests/test_context_intelligence_governance.py — Run and retain the result when this issue touches the covered contract.
- EXISTING_AUTOMATED_TEST / EXISTING_AUTOMATED_TEST: tests/test_team_state_governance.py — Run and retain the result when this issue touches the covered contract.

Required Evidence
- Authoritative WBS row TASK-055
- Existing artifact `position-aware translation experiment plan`

End-to-End Validation
Historical completion remains scoped; integrated product completion is evaluated only through the post-wave release path.

Stop Conditions
- Stop if completing this record would fabricate real-data, model-metric, source-rights, target-hardware, or operating evidence.

Source References
- SRCREF-00088
- SRCREF-02116
- SRCREF-02117

Governance Traceability Gate:

Canonical Record: jira/records/issues/tasks/TASK-055_build_historical_transfer_translation_training_design.json",Done,High,experiment-design;historical;planning-program;w12;wave-completed;local-id-task-055,player-context-intelligence,TASK-055,TASK-055,PHASE-2,DONE,CONTRACT_DEFINED,VERIFIED,W12,false,SOLO_WORKTREE,HISTORICAL_REFERENCE
Task,BAT-159,100159,[TASK-056] Add preseason-honor and lagged draft-development candidate lanes,100010,"Local ID: TASK-056

Objective
Add preseason-honor and lagged draft-development candidate lanes

Why This Exists
Preserve the original W12 WBS work unit, its dependencies, outputs, and scoped completion semantics as provenance for post-wave execution.

Scope
Original task type RESEARCH_DESIGN with mutation scope: as defined by its source documents.

Explicit In Scope
- Original WBS objective and outputs
- Original requirements and acceptance-control mappings
- Original dependency and execution-lane provenance

Explicit Out of Scope
- Reopening completed planning solely to rename it
- Treating a starter/design result as empirically validated production capability

Prerequisites / Dependencies
- Historical dependency TASK-053
- TASK-053

Acceptance Criteria
1. Stable ID TASK-056, parent EPIC-010, owner wave W12, and original status DONE are preserved.
2. Declared outputs are traceable to existing repository artifacts where resolvable, or remain recorded as historical output names without fabricating files.
3. Requirement, acceptance-control, and dependency references resolve to authoritative registries.
4. The record does not claim maturity beyond the task's original design, contract, functional-starter, synthetic-validation, or integration scope.

Definition of Done
1. The original historical scope and status are preserved with source evidence and stable identifiers.
2. The record does not claim production maturity beyond the original design, contract, starter, integration, or validation scope.
3. Any remaining empirical, production, target-hardware, or operating obligation is represented by separate actionable post-wave work.

Required Tests / Validation
- EXISTING_AUTOMATED_TEST / EXISTING_AUTOMATED_TEST: tests/test_w24_readiness.py — Run and retain the result when this issue touches the covered contract.
- EXISTING_AUTOMATED_TEST / EXISTING_AUTOMATED_TEST: tests/test_w25_final_handoff.py — Run and retain the result when this issue touches the covered contract.
- EXISTING_AUTOMATED_TEST / EXISTING_AUTOMATED_TEST: tools/validate_w24_readiness.py — Run and retain the result when this issue touches the covered contract.
- EXISTING_AUTOMATED_TEST / EXISTING_AUTOMATED_TEST: tools/validate_w25_final.py — Run and retain the result when this issue touches the covered contract.

Required Evidence
- Authoritative WBS row TASK-056
- Existing artifact `consensus/development candidate contracts`

End-to-End Validation
Historical completion remains scoped; integrated product completion is evaluated only through the post-wave release path.

Stop Conditions
- Stop if completing this record would fabricate real-data, model-metric, source-rights, target-hardware, or operating evidence.

Source References
- SRCREF-00089
- SRCREF-02116
- SRCREF-02117

Governance Traceability Gate:

Canonical Record: jira/records/issues/tasks/TASK-056_add_preseason_honor_and_lagged_draft_development_candidate_lanes.json",Done,High,historical;planning-program;research-design;w12;wave-completed;local-id-task-056,release-readiness,TASK-056,TASK-056,PHASE-2,DONE,CONTRACT_DEFINED,VERIFIED,W12,false,SOLO_WORKTREE,HISTORICAL_REFERENCE
Task,BAT-160,100160,[TASK-057] Define transfer/freshman uncertainty outputs,100010,"Local ID: TASK-057

Objective
Define transfer/freshman uncertainty outputs

Why This Exists
Preserve the original W12 WBS work unit, its dependencies, outputs, and scoped completion semantics as provenance for post-wave execution.

Scope
Original task type DESIGN with mutation scope: as defined by its source documents.

Explicit In Scope
- Original WBS objective and outputs
- Original requirements and acceptance-control mappings
- Original dependency and execution-lane provenance

Explicit Out of Scope
- Reopening completed planning solely to rename it
- Treating a starter/design result as empirically validated production capability

Prerequisites / Dependencies
- Historical dependency TASK-055
- Historical dependency TASK-056
- TASK-055
- TASK-056

Acceptance Criteria
1. Stable ID TASK-057, parent EPIC-010, owner wave W12, and original status DONE are preserved.
2. Declared outputs are traceable to existing repository artifacts where resolvable, or remain recorded as historical output names without fabricating files.
3. Requirement, acceptance-control, and dependency references resolve to authoritative registries.
4. The record does not claim maturity beyond the task's original design, contract, functional-starter, synthetic-validation, or integration scope.

Definition of Done
1. The original historical scope and status are preserved with source evidence and stable identifiers.
2. The record does not claim production maturity beyond the original design, contract, starter, integration, or validation scope.
3. Any remaining empirical, production, target-hardware, or operating obligation is represented by separate actionable post-wave work.

Required Tests / Validation
- EXISTING_AUTOMATED_TEST / EXISTING_AUTOMATED_TEST: tests/test_model_architecture_governance.py — Run and retain the result when this issue touches the covered contract.
- EXISTING_AUTOMATED_TEST / EXISTING_AUTOMATED_TEST: tests/test_w20_model_starter.py — Run and retain the result when this issue touches the covered contract.
- EXISTING_AUTOMATED_TEST / EXISTING_AUTOMATED_TEST: tools/validate_model_architecture.py — Run and retain the result when this issue touches the covered contract.

Required Evidence
- Authoritative WBS row TASK-057
- Existing artifact `translation uncertainty/usage outputs`

End-to-End Validation
Historical completion remains scoped; integrated product completion is evaluated only through the post-wave release path.

Stop Conditions
- Stop if completing this record would fabricate real-data, model-metric, source-rights, target-hardware, or operating evidence.

Source References
- SRCREF-00090
- SRCREF-02116
- SRCREF-02117

Governance Traceability Gate:

Canonical Record: jira/records/issues/tasks/TASK-057_define_transfer_freshman_uncertainty_outputs.json",Done,High,design;historical;planning-program;w12;wave-completed;local-id-task-057,modeling,TASK-057,TASK-057,PHASE-2,DONE,CONTRACT_DEFINED,VERIFIED,W12,false,SOLO_WORKTREE,HISTORICAL_REFERENCE
Task,BAT-161,100161,[TASK-058] Freeze advanced player-input contract,100010,"Local ID: TASK-058

Objective
Freeze advanced player-input contract

Why This Exists
Preserve the original W12 WBS work unit, its dependencies, outputs, and scoped completion semantics as provenance for post-wave execution.

Scope
Original task type GATE with mutation scope: as defined by its source documents.

Explicit In Scope
- Original WBS objective and outputs
- Original requirements and acceptance-control mappings
- Original dependency and execution-lane provenance

Explicit Out of Scope
- Reopening completed planning solely to rename it
- Treating a starter/design result as empirically validated production capability

Prerequisites / Dependencies
- Historical dependency TASK-057
- Historical dependency TASK-052
- TASK-052
- TASK-057

Acceptance Criteria
1. Stable ID TASK-058, parent EPIC-010, owner wave W12, and original status DONE are preserved.
2. Declared outputs are traceable to existing repository artifacts where resolvable, or remain recorded as historical output names without fabricating files.
3. Requirement, acceptance-control, and dependency references resolve to authoritative registries.
4. The record does not claim maturity beyond the task's original design, contract, functional-starter, synthetic-validation, or integration scope.

Definition of Done
1. The original historical scope and status are preserved with source evidence and stable identifiers.
2. The record does not claim production maturity beyond the original design, contract, starter, integration, or validation scope.
3. Any remaining empirical, production, target-hardware, or operating obligation is represented by separate actionable post-wave work.

Required Tests / Validation
- EXISTING_AUTOMATED_TEST / EXISTING_AUTOMATED_TEST: tests/test_model_architecture_governance.py — Run and retain the result when this issue touches the covered contract.
- EXISTING_AUTOMATED_TEST / EXISTING_AUTOMATED_TEST: tests/test_w20_model_starter.py — Run and retain the result when this issue touches the covered contract.
- EXISTING_AUTOMATED_TEST / EXISTING_AUTOMATED_TEST: tools/validate_model_architecture.py — Run and retain the result when this issue touches the covered contract.

Required Evidence
- Authoritative WBS row TASK-058
- Existing artifact `transfer/recruiting/prospect interface baseline`

End-to-End Validation
Historical completion remains scoped; integrated product completion is evaluated only through the post-wave release path.

Stop Conditions
- Stop if completing this record would fabricate real-data, model-metric, source-rights, target-hardware, or operating evidence.

Source References
- SRCREF-00091
- SRCREF-02116
- SRCREF-02117

Governance Traceability Gate:

Canonical Record: jira/records/issues/tasks/TASK-058_freeze_advanced_player_input_contract.json",Done,High,gate;historical;planning-program;w12;wave-completed;local-id-task-058,modeling,TASK-058,TASK-058,PHASE-2,DONE,CONTRACT_DEFINED,VERIFIED,W12,true,PROTECTED_GATE,HISTORICAL_REFERENCE
Task,BAT-162,100162,[TASK-059] Define coach/staff role-episode canonical contracts,100011,"Local ID: TASK-059

Objective
Define coach/staff role-episode canonical contracts

Why This Exists
Preserve the original W13 WBS work unit, its dependencies, outputs, and scoped completion semantics as provenance for post-wave execution.

Scope
Original task type DESIGN with mutation scope: as defined by its source documents.

Explicit In Scope
- Original WBS objective and outputs
- Original requirements and acceptance-control mappings
- Original dependency and execution-lane provenance

Explicit Out of Scope
- Reopening completed planning solely to rename it
- Treating a starter/design result as empirically validated production capability

Prerequisites / Dependencies
- Historical dependency TASK-012
- Historical dependency TASK-018
- TASK-012
- TASK-018

Acceptance Criteria
1. Stable ID TASK-059, parent EPIC-011, owner wave W13, and original status DONE are preserved.
2. Declared outputs are traceable to existing repository artifacts where resolvable, or remain recorded as historical output names without fabricating files.
3. Requirement, acceptance-control, and dependency references resolve to authoritative registries.
4. The record does not claim maturity beyond the task's original design, contract, functional-starter, synthetic-validation, or integration scope.

Definition of Done
1. The original historical scope and status are preserved with source evidence and stable identifiers.
2. The record does not claim production maturity beyond the original design, contract, starter, integration, or validation scope.
3. Any remaining empirical, production, target-hardware, or operating obligation is represented by separate actionable post-wave work.

Required Tests / Validation
- EXISTING_AUTOMATED_TEST / EXISTING_AUTOMATED_TEST: tests/test_player_intelligence_governance.py — Run and retain the result when this issue touches the covered contract.
- EXISTING_AUTOMATED_TEST / EXISTING_AUTOMATED_TEST: tests/test_context_intelligence_governance.py — Run and retain the result when this issue touches the covered contract.
- EXISTING_AUTOMATED_TEST / EXISTING_AUTOMATED_TEST: tests/test_team_state_governance.py — Run and retain the result when this issue touches the covered contract.

Required Evidence
- Authoritative WBS row TASK-059
- Existing artifact `effective-dated coach role schema`

End-to-End Validation
Historical completion remains scoped; integrated product completion is evaluated only through the post-wave release path.

Stop Conditions
- Stop if completing this record would fabricate real-data, model-metric, source-rights, target-hardware, or operating evidence.

Source References
- SRCREF-00092
- SRCREF-02116
- SRCREF-02117

Governance Traceability Gate:

Canonical Record: jira/records/issues/tasks/TASK-059_define_coach_staff_role_episode_canonical_contracts.json",Done,High,design;historical;planning-program;w13;wave-completed;local-id-task-059,player-context-intelligence,TASK-059,TASK-059,PHASE-2,DONE,CONTRACT_DEFINED,VERIFIED,W13,false,SOLO_WORKTREE,HISTORICAL_REFERENCE
Task,BAT-163,100163,[TASK-060] Define role-conditioned development residual framework,100011,"Local ID: TASK-060

Objective
Define role-conditioned development residual framework

Why This Exists
Preserve the original W13 WBS work unit, its dependencies, outputs, and scoped completion semantics as provenance for post-wave execution.

Scope
Original task type EXPERIMENT_DESIGN with mutation scope: as defined by its source documents.

Explicit In Scope
- Original WBS objective and outputs
- Original requirements and acceptance-control mappings
- Original dependency and execution-lane provenance

Explicit Out of Scope
- Reopening completed planning solely to rename it
- Treating a starter/design result as empirically validated production capability

Prerequisites / Dependencies
- Historical dependency TASK-059
- Historical dependency TASK-052
- TASK-052
- TASK-059

Acceptance Criteria
1. Stable ID TASK-060, parent EPIC-011, owner wave W13, and original status DONE are preserved.
2. Declared outputs are traceable to existing repository artifacts where resolvable, or remain recorded as historical output names without fabricating files.
3. Requirement, acceptance-control, and dependency references resolve to authoritative registries.
4. The record does not claim maturity beyond the task's original design, contract, functional-starter, synthetic-validation, or integration scope.

Definition of Done
1. The original historical scope and status are preserved with source evidence and stable identifiers.
2. The record does not claim production maturity beyond the original design, contract, starter, integration, or validation scope.
3. Any remaining empirical, production, target-hardware, or operating obligation is represented by separate actionable post-wave work.

Required Tests / Validation
- EXISTING_AUTOMATED_TEST / EXISTING_AUTOMATED_TEST: tests/test_model_architecture_governance.py — Run and retain the result when this issue touches the covered contract.
- EXISTING_AUTOMATED_TEST / EXISTING_AUTOMATED_TEST: tests/test_w20_model_starter.py — Run and retain the result when this issue touches the covered contract.
- EXISTING_AUTOMATED_TEST / EXISTING_AUTOMATED_TEST: tools/validate_model_architecture.py — Run and retain the result when this issue touches the covered contract.

Required Evidence
- Authoritative WBS row TASK-060
- Existing artifact `coach development candidate model contract`

End-to-End Validation
Historical completion remains scoped; integrated product completion is evaluated only through the post-wave release path.

Stop Conditions
- Stop if completing this record would fabricate real-data, model-metric, source-rights, target-hardware, or operating evidence.

Source References
- SRCREF-00093
- SRCREF-02116
- SRCREF-02117

Governance Traceability Gate:

Canonical Record: jira/records/issues/tasks/TASK-060_define_role_conditioned_development_residual_framework.json",Done,High,experiment-design;historical;planning-program;w13;wave-completed;local-id-task-060,modeling,TASK-060,TASK-060,PHASE-2,DONE,CONTRACT_DEFINED,VERIFIED,W13,false,SOLO_WORKTREE,HISTORICAL_REFERENCE
Task,BAT-164,100164,[TASK-061] Define scheme/play-caller/tendency evidence representation,100011,"Local ID: TASK-061

Objective
Define scheme/play-caller/tendency evidence representation

Why This Exists
Preserve the original W13 WBS work unit, its dependencies, outputs, and scoped completion semantics as provenance for post-wave execution.

Scope
Original task type DESIGN with mutation scope: as defined by its source documents.

Explicit In Scope
- Original WBS objective and outputs
- Original requirements and acceptance-control mappings
- Original dependency and execution-lane provenance

Explicit Out of Scope
- Reopening completed planning solely to rename it
- Treating a starter/design result as empirically validated production capability

Prerequisites / Dependencies
- Historical dependency TASK-059
- TASK-059

Acceptance Criteria
1. Stable ID TASK-061, parent EPIC-011, owner wave W13, and original status DONE are preserved.
2. Declared outputs are traceable to existing repository artifacts where resolvable, or remain recorded as historical output names without fabricating files.
3. Requirement, acceptance-control, and dependency references resolve to authoritative registries.
4. The record does not claim maturity beyond the task's original design, contract, functional-starter, synthetic-validation, or integration scope.

Definition of Done
1. The original historical scope and status are preserved with source evidence and stable identifiers.
2. The record does not claim production maturity beyond the original design, contract, starter, integration, or validation scope.
3. Any remaining empirical, production, target-hardware, or operating obligation is represented by separate actionable post-wave work.

Required Tests / Validation
- EXISTING_AUTOMATED_TEST / EXISTING_AUTOMATED_TEST: tests/test_feature_registry_governance.py — Run and retain the result when this issue touches the covered contract.
- EXISTING_AUTOMATED_TEST / EXISTING_AUTOMATED_TEST: tests/test_feature_lifecycle_governance.py — Run and retain the result when this issue touches the covered contract.
- EXISTING_AUTOMATED_TEST / EXISTING_AUTOMATED_TEST: tests/test_feature_tournament_full.py — Run and retain the result when this issue touches the covered contract.

Required Evidence
- Authoritative WBS row TASK-061
- Existing artifact `scheme/tendency feature contract`

End-to-End Validation
Historical completion remains scoped; integrated product completion is evaluated only through the post-wave release path.

Stop Conditions
- Stop if completing this record would fabricate real-data, model-metric, source-rights, target-hardware, or operating evidence.

Source References
- SRCREF-00094
- SRCREF-02116
- SRCREF-02117

Governance Traceability Gate:

Canonical Record: jira/records/issues/tasks/TASK-061_define_scheme_play_caller_tendency_evidence_representation.json",Done,High,design;historical;planning-program;w13;wave-completed;local-id-task-061,feature-engineering,TASK-061,TASK-061,PHASE-2,DONE,CONTRACT_DEFINED,VERIFIED,W13,false,SOLO_WORKTREE,HISTORICAL_REFERENCE
Task,BAT-165,100165,[TASK-062] Define fourth-down/clock/halftime decision evidence candidates,100011,"Local ID: TASK-062

Objective
Define fourth-down/clock/halftime decision evidence candidates

Why This Exists
Preserve the original W13 WBS work unit, its dependencies, outputs, and scoped completion semantics as provenance for post-wave execution.

Scope
Original task type EXPERIMENT_DESIGN with mutation scope: as defined by its source documents.

Explicit In Scope
- Original WBS objective and outputs
- Original requirements and acceptance-control mappings
- Original dependency and execution-lane provenance

Explicit Out of Scope
- Reopening completed planning solely to rename it
- Treating a starter/design result as empirically validated production capability

Prerequisites / Dependencies
- Historical dependency TASK-061
- TASK-061

Acceptance Criteria
1. Stable ID TASK-062, parent EPIC-011, owner wave W13, and original status DONE are preserved.
2. Declared outputs are traceable to existing repository artifacts where resolvable, or remain recorded as historical output names without fabricating files.
3. Requirement, acceptance-control, and dependency references resolve to authoritative registries.
4. The record does not claim maturity beyond the task's original design, contract, functional-starter, synthetic-validation, or integration scope.

Definition of Done
1. The original historical scope and status are preserved with source evidence and stable identifiers.
2. The record does not claim production maturity beyond the original design, contract, starter, integration, or validation scope.
3. Any remaining empirical, production, target-hardware, or operating obligation is represented by separate actionable post-wave work.

Required Tests / Validation
- EXISTING_AUTOMATED_TEST / EXISTING_AUTOMATED_TEST: tests/test_feature_registry_governance.py — Run and retain the result when this issue touches the covered contract.
- EXISTING_AUTOMATED_TEST / EXISTING_AUTOMATED_TEST: tests/test_feature_lifecycle_governance.py — Run and retain the result when this issue touches the covered contract.
- EXISTING_AUTOMATED_TEST / EXISTING_AUTOMATED_TEST: tests/test_feature_tournament_full.py — Run and retain the result when this issue touches the covered contract.

Required Evidence
- Authoritative WBS row TASK-062
- Existing artifact `decision-quality candidate features`

End-to-End Validation
Historical completion remains scoped; integrated product completion is evaluated only through the post-wave release path.

Stop Conditions
- Stop if completing this record would fabricate real-data, model-metric, source-rights, target-hardware, or operating evidence.

Source References
- SRCREF-00095
- SRCREF-02116
- SRCREF-02117

Governance Traceability Gate:

Canonical Record: jira/records/issues/tasks/TASK-062_define_fourth_down_clock_halftime_decision_evidence_candidates.json",Done,High,experiment-design;historical;planning-program;w13;wave-completed;local-id-task-062,feature-engineering,TASK-062,TASK-062,PHASE-2,DONE,CONTRACT_DEFINED,VERIFIED,W13,false,SOLO_WORKTREE,HISTORICAL_REFERENCE
Task,BAT-166,100166,[TASK-063] Design hierarchical pooling and confound controls,100011,"Local ID: TASK-063

Objective
Design hierarchical pooling and confound controls

Why This Exists
Preserve the original W13 WBS work unit, its dependencies, outputs, and scoped completion semantics as provenance for post-wave execution.

Scope
Original task type EXPERIMENT_DESIGN with mutation scope: as defined by its source documents.

Explicit In Scope
- Original WBS objective and outputs
- Original requirements and acceptance-control mappings
- Original dependency and execution-lane provenance

Explicit Out of Scope
- Reopening completed planning solely to rename it
- Treating a starter/design result as empirically validated production capability

Prerequisites / Dependencies
- Historical dependency TASK-060
- Historical dependency TASK-062
- TASK-060
- TASK-062

Acceptance Criteria
1. Stable ID TASK-063, parent EPIC-011, owner wave W13, and original status DONE are preserved.
2. Declared outputs are traceable to existing repository artifacts where resolvable, or remain recorded as historical output names without fabricating files.
3. Requirement, acceptance-control, and dependency references resolve to authoritative registries.
4. The record does not claim maturity beyond the task's original design, contract, functional-starter, synthetic-validation, or integration scope.

Definition of Done
1. The original historical scope and status are preserved with source evidence and stable identifiers.
2. The record does not claim production maturity beyond the original design, contract, starter, integration, or validation scope.
3. Any remaining empirical, production, target-hardware, or operating obligation is represented by separate actionable post-wave work.

Required Tests / Validation
- EXISTING_AUTOMATED_TEST / EXISTING_AUTOMATED_TEST: tests/test_player_intelligence_governance.py — Run and retain the result when this issue touches the covered contract.
- EXISTING_AUTOMATED_TEST / EXISTING_AUTOMATED_TEST: tests/test_context_intelligence_governance.py — Run and retain the result when this issue touches the covered contract.
- EXISTING_AUTOMATED_TEST / EXISTING_AUTOMATED_TEST: tests/test_team_state_governance.py — Run and retain the result when this issue touches the covered contract.

Required Evidence
- Authoritative WBS row TASK-063
- Existing artifact `coach-effect evaluation specification`

End-to-End Validation
Historical completion remains scoped; integrated product completion is evaluated only through the post-wave release path.

Stop Conditions
- Stop if completing this record would fabricate real-data, model-metric, source-rights, target-hardware, or operating evidence.

Source References
- SRCREF-00096
- SRCREF-02116
- SRCREF-02117

Governance Traceability Gate:

Canonical Record: jira/records/issues/tasks/TASK-063_design_hierarchical_pooling_and_confound_controls.json",Done,High,experiment-design;historical;planning-program;w13;wave-completed;local-id-task-063,player-context-intelligence,TASK-063,TASK-063,PHASE-2,DONE,CONTRACT_DEFINED,VERIFIED,W13,false,SOLO_WORKTREE,HISTORICAL_REFERENCE
Task,BAT-167,100167,[TASK-064] Freeze coaching intelligence interface,100011,"Local ID: TASK-064

Objective
Freeze coaching intelligence interface

Why This Exists
Preserve the original W13 WBS work unit, its dependencies, outputs, and scoped completion semantics as provenance for post-wave execution.

Scope
Original task type GATE with mutation scope: as defined by its source documents.

Explicit In Scope
- Original WBS objective and outputs
- Original requirements and acceptance-control mappings
- Original dependency and execution-lane provenance

Explicit Out of Scope
- Reopening completed planning solely to rename it
- Treating a starter/design result as empirically validated production capability

Prerequisites / Dependencies
- Historical dependency TASK-063
- TASK-063

Acceptance Criteria
1. Stable ID TASK-064, parent EPIC-011, owner wave W13, and original status DONE are preserved.
2. Declared outputs are traceable to existing repository artifacts where resolvable, or remain recorded as historical output names without fabricating files.
3. Requirement, acceptance-control, and dependency references resolve to authoritative registries.
4. The record does not claim maturity beyond the task's original design, contract, functional-starter, synthetic-validation, or integration scope.

Definition of Done
1. The original historical scope and status are preserved with source evidence and stable identifiers.
2. The record does not claim production maturity beyond the original design, contract, starter, integration, or validation scope.
3. Any remaining empirical, production, target-hardware, or operating obligation is represented by separate actionable post-wave work.

Required Tests / Validation
- EXISTING_AUTOMATED_TEST / EXISTING_AUTOMATED_TEST: tests/test_model_architecture_governance.py — Run and retain the result when this issue touches the covered contract.
- EXISTING_AUTOMATED_TEST / EXISTING_AUTOMATED_TEST: tests/test_w20_model_starter.py — Run and retain the result when this issue touches the covered contract.
- EXISTING_AUTOMATED_TEST / EXISTING_AUTOMATED_TEST: tools/validate_model_architecture.py — Run and retain the result when this issue touches the covered contract.

Required Evidence
- Authoritative WBS row TASK-064
- Existing artifact `coaching interface baseline`

End-to-End Validation
Historical completion remains scoped; integrated product completion is evaluated only through the post-wave release path.

Stop Conditions
- Stop if completing this record would fabricate real-data, model-metric, source-rights, target-hardware, or operating evidence.

Source References
- SRCREF-00097
- SRCREF-02116
- SRCREF-02117

Governance Traceability Gate:

Canonical Record: jira/records/issues/tasks/TASK-064_freeze_coaching_intelligence_interface.json",Done,High,gate;historical;planning-program;w13;wave-completed;local-id-task-064,modeling,TASK-064,TASK-064,PHASE-2,DONE,CONTRACT_DEFINED,VERIFIED,W13,true,PROTECTED_GATE,HISTORICAL_REFERENCE
Task,BAT-168,100168,[TASK-065] Define weather forecast versus observed-weather contracts,100012,"Local ID: TASK-065

Objective
Define weather forecast versus observed-weather contracts

Why This Exists
Preserve the original W13 WBS work unit, its dependencies, outputs, and scoped completion semantics as provenance for post-wave execution.

Scope
Original task type DESIGN with mutation scope: as defined by its source documents.

Explicit In Scope
- Original WBS objective and outputs
- Original requirements and acceptance-control mappings
- Original dependency and execution-lane provenance

Explicit Out of Scope
- Reopening completed planning solely to rename it
- Treating a starter/design result as empirically validated production capability

Prerequisites / Dependencies
- Historical dependency TASK-018
- TASK-018

Acceptance Criteria
1. Stable ID TASK-065, parent EPIC-012, owner wave W13, and original status DONE are preserved.
2. Declared outputs are traceable to existing repository artifacts where resolvable, or remain recorded as historical output names without fabricating files.
3. Requirement, acceptance-control, and dependency references resolve to authoritative registries.
4. The record does not claim maturity beyond the task's original design, contract, functional-starter, synthetic-validation, or integration scope.

Definition of Done
1. The original historical scope and status are preserved with source evidence and stable identifiers.
2. The record does not claim production maturity beyond the original design, contract, starter, integration, or validation scope.
3. Any remaining empirical, production, target-hardware, or operating obligation is represented by separate actionable post-wave work.

Required Tests / Validation
- EXISTING_AUTOMATED_TEST / EXISTING_AUTOMATED_TEST: tests/test_model_architecture_governance.py — Run and retain the result when this issue touches the covered contract.
- EXISTING_AUTOMATED_TEST / EXISTING_AUTOMATED_TEST: tests/test_w20_model_starter.py — Run and retain the result when this issue touches the covered contract.
- EXISTING_AUTOMATED_TEST / EXISTING_AUTOMATED_TEST: tools/validate_model_architecture.py — Run and retain the result when this issue touches the covered contract.

Required Evidence
- Authoritative WBS row TASK-065
- Existing artifact `weather snapshot feature contract`

End-to-End Validation
Historical completion remains scoped; integrated product completion is evaluated only through the post-wave release path.

Stop Conditions
- Stop if completing this record would fabricate real-data, model-metric, source-rights, target-hardware, or operating evidence.

Source References
- SRCREF-00098
- SRCREF-02116
- SRCREF-02117

Governance Traceability Gate:

Canonical Record: jira/records/issues/tasks/TASK-065_define_weather_forecast_versus_observed_weather_contracts.json",Done,High,design;historical;planning-program;w13;wave-completed;local-id-task-065,modeling,TASK-065,TASK-065,PHASE-2,DONE,CONTRACT_DEFINED,VERIFIED,W13,false,SOLO_WORKTREE,HISTORICAL_REFERENCE
Task,BAT-169,100169,[TASK-066] Define venue/travel/timezone/rest context contracts,100012,"Local ID: TASK-066

Objective
Define venue/travel/timezone/rest context contracts

Why This Exists
Preserve the original W13 WBS work unit, its dependencies, outputs, and scoped completion semantics as provenance for post-wave execution.

Scope
Original task type DESIGN with mutation scope: as defined by its source documents.

Explicit In Scope
- Original WBS objective and outputs
- Original requirements and acceptance-control mappings
- Original dependency and execution-lane provenance

Explicit Out of Scope
- Reopening completed planning solely to rename it
- Treating a starter/design result as empirically validated production capability

Prerequisites / Dependencies
- Historical dependency TASK-012
- Historical dependency TASK-018
- TASK-012
- TASK-018

Acceptance Criteria
1. Stable ID TASK-066, parent EPIC-012, owner wave W13, and original status DONE are preserved.
2. Declared outputs are traceable to existing repository artifacts where resolvable, or remain recorded as historical output names without fabricating files.
3. Requirement, acceptance-control, and dependency references resolve to authoritative registries.
4. The record does not claim maturity beyond the task's original design, contract, functional-starter, synthetic-validation, or integration scope.

Definition of Done
1. The original historical scope and status are preserved with source evidence and stable identifiers.
2. The record does not claim production maturity beyond the original design, contract, starter, integration, or validation scope.
3. Any remaining empirical, production, target-hardware, or operating obligation is represented by separate actionable post-wave work.

Required Tests / Validation
- EXISTING_AUTOMATED_TEST / EXISTING_AUTOMATED_TEST: tests/test_player_intelligence_governance.py — Run and retain the result when this issue touches the covered contract.
- EXISTING_AUTOMATED_TEST / EXISTING_AUTOMATED_TEST: tests/test_context_intelligence_governance.py — Run and retain the result when this issue touches the covered contract.
- EXISTING_AUTOMATED_TEST / EXISTING_AUTOMATED_TEST: tests/test_team_state_governance.py — Run and retain the result when this issue touches the covered contract.

Required Evidence
- Authoritative WBS row TASK-066
- Existing artifact `venue/travel context schema`

End-to-End Validation
Historical completion remains scoped; integrated product completion is evaluated only through the post-wave release path.

Stop Conditions
- Stop if completing this record would fabricate real-data, model-metric, source-rights, target-hardware, or operating evidence.

Source References
- SRCREF-00099
- SRCREF-02116
- SRCREF-02117

Governance Traceability Gate:

Canonical Record: jira/records/issues/tasks/TASK-066_define_venue_travel_timezone_rest_context_contracts.json",Done,High,design;historical;planning-program;w13;wave-completed;local-id-task-066,player-context-intelligence,TASK-066,TASK-066,PHASE-2,DONE,CONTRACT_DEFINED,VERIFIED,W13,false,SOLO_WORKTREE,HISTORICAL_REFERENCE
Task,BAT-170,100170,[TASK-067] Define program-resource public/private asymmetric lanes,100012,"Local ID: TASK-067

Objective
Define program-resource public/private asymmetric lanes

Why This Exists
Preserve the original W13 WBS work unit, its dependencies, outputs, and scoped completion semantics as provenance for post-wave execution.

Scope
Original task type DESIGN with mutation scope: as defined by its source documents.

Explicit In Scope
- Original WBS objective and outputs
- Original requirements and acceptance-control mappings
- Original dependency and execution-lane provenance

Explicit Out of Scope
- Reopening completed planning solely to rename it
- Treating a starter/design result as empirically validated production capability

Prerequisites / Dependencies
- Historical dependency TASK-006
- TASK-006

Acceptance Criteria
1. Stable ID TASK-067, parent EPIC-012, owner wave W13, and original status DONE are preserved.
2. Declared outputs are traceable to existing repository artifacts where resolvable, or remain recorded as historical output names without fabricating files.
3. Requirement, acceptance-control, and dependency references resolve to authoritative registries.
4. The record does not claim maturity beyond the task's original design, contract, functional-starter, synthetic-validation, or integration scope.

Definition of Done
1. The original historical scope and status are preserved with source evidence and stable identifiers.
2. The record does not claim production maturity beyond the original design, contract, starter, integration, or validation scope.
3. Any remaining empirical, production, target-hardware, or operating obligation is represented by separate actionable post-wave work.

Required Tests / Validation
- EXISTING_AUTOMATED_TEST / EXISTING_AUTOMATED_TEST: tests/test_w19_foundation.py — Run and retain the result when this issue touches the covered contract.
- EXISTING_AUTOMATED_TEST / EXISTING_AUTOMATED_TEST: tools/validate_w19_foundation.py — Run and retain the result when this issue touches the covered contract.

Required Evidence
- Authoritative WBS row TASK-067
- Existing artifact `resource capacity evidence lanes and missingness policy`

End-to-End Validation
Historical completion remains scoped; integrated product completion is evaluated only through the post-wave release path.

Stop Conditions
- Stop if completing this record would fabricate real-data, model-metric, source-rights, target-hardware, or operating evidence.

Source References
- SRCREF-00100
- SRCREF-02116
- SRCREF-02117

Governance Traceability Gate:

Canonical Record: jira/records/issues/tasks/TASK-067_define_program_resource_public_private_asymmetric_lanes.json",Done,High,design;historical;planning-program;w13;wave-completed;local-id-task-067,raw-snapshots,TASK-067,TASK-067,PHASE-2,DONE,CONTRACT_DEFINED,VERIFIED,W13,false,SOLO_WORKTREE,HISTORICAL_REFERENCE
Task,BAT-171,100171,[TASK-068] Design learned hierarchical home-field/venue effect experiment,100012,"Local ID: TASK-068

Objective
Design learned hierarchical home-field/venue effect experiment

Why This Exists
Preserve the original W13 WBS work unit, its dependencies, outputs, and scoped completion semantics as provenance for post-wave execution.

Scope
Original task type EXPERIMENT_DESIGN with mutation scope: as defined by its source documents.

Explicit In Scope
- Original WBS objective and outputs
- Original requirements and acceptance-control mappings
- Original dependency and execution-lane provenance

Explicit Out of Scope
- Reopening completed planning solely to rename it
- Treating a starter/design result as empirically validated production capability

Prerequisites / Dependencies
- Historical dependency TASK-066
- Historical dependency TASK-035
- TASK-035
- TASK-066

Acceptance Criteria
1. Stable ID TASK-068, parent EPIC-012, owner wave W13, and original status DONE are preserved.
2. Declared outputs are traceable to existing repository artifacts where resolvable, or remain recorded as historical output names without fabricating files.
3. Requirement, acceptance-control, and dependency references resolve to authoritative registries.
4. The record does not claim maturity beyond the task's original design, contract, functional-starter, synthetic-validation, or integration scope.

Definition of Done
1. The original historical scope and status are preserved with source evidence and stable identifiers.
2. The record does not claim production maturity beyond the original design, contract, starter, integration, or validation scope.
3. Any remaining empirical, production, target-hardware, or operating obligation is represented by separate actionable post-wave work.

Required Tests / Validation
- EXISTING_AUTOMATED_TEST / EXISTING_AUTOMATED_TEST: tests/test_player_intelligence_governance.py — Run and retain the result when this issue touches the covered contract.
- EXISTING_AUTOMATED_TEST / EXISTING_AUTOMATED_TEST: tests/test_context_intelligence_governance.py — Run and retain the result when this issue touches the covered contract.
- EXISTING_AUTOMATED_TEST / EXISTING_AUTOMATED_TEST: tests/test_team_state_governance.py — Run and retain the result when this issue touches the covered contract.

Required Evidence
- Authoritative WBS row TASK-068
- Existing artifact `home-field residual experiment specification`

End-to-End Validation
Historical completion remains scoped; integrated product completion is evaluated only through the post-wave release path.

Stop Conditions
- Stop if completing this record would fabricate real-data, model-metric, source-rights, target-hardware, or operating evidence.

Source References
- SRCREF-00101
- SRCREF-02116
- SRCREF-02117

Governance Traceability Gate:

Canonical Record: jira/records/issues/tasks/TASK-068_design_learned_hierarchical_home_field_venue_effect_experiment.json",Done,High,experiment-design;historical;planning-program;w13;wave-completed;local-id-task-068,player-context-intelligence,TASK-068,TASK-068,PHASE-2,DONE,CONTRACT_DEFINED,VERIFIED,W13,false,SOLO_WORKTREE,HISTORICAL_REFERENCE
Task,BAT-172,100172,[TASK-069] Define rivalry/stakes/look-ahead/rule-era context,100012,"Local ID: TASK-069

Objective
Define rivalry/stakes/look-ahead/rule-era context

Why This Exists
Preserve the original W13 WBS work unit, its dependencies, outputs, and scoped completion semantics as provenance for post-wave execution.

Scope
Original task type DESIGN with mutation scope: as defined by its source documents.

Explicit In Scope
- Original WBS objective and outputs
- Original requirements and acceptance-control mappings
- Original dependency and execution-lane provenance

Explicit Out of Scope
- Reopening completed planning solely to rename it
- Treating a starter/design result as empirically validated production capability

Prerequisites / Dependencies
- Historical dependency TASK-018
- TASK-018

Acceptance Criteria
1. Stable ID TASK-069, parent EPIC-012, owner wave W13, and original status DONE are preserved.
2. Declared outputs are traceable to existing repository artifacts where resolvable, or remain recorded as historical output names without fabricating files.
3. Requirement, acceptance-control, and dependency references resolve to authoritative registries.
4. The record does not claim maturity beyond the task's original design, contract, functional-starter, synthetic-validation, or integration scope.

Definition of Done
1. The original historical scope and status are preserved with source evidence and stable identifiers.
2. The record does not claim production maturity beyond the original design, contract, starter, integration, or validation scope.
3. Any remaining empirical, production, target-hardware, or operating obligation is represented by separate actionable post-wave work.

Required Tests / Validation
- EXISTING_AUTOMATED_TEST / EXISTING_AUTOMATED_TEST: tests/test_feature_registry_governance.py — Run and retain the result when this issue touches the covered contract.
- EXISTING_AUTOMATED_TEST / EXISTING_AUTOMATED_TEST: tests/test_feature_lifecycle_governance.py — Run and retain the result when this issue touches the covered contract.
- EXISTING_AUTOMATED_TEST / EXISTING_AUTOMATED_TEST: tests/test_feature_tournament_full.py — Run and retain the result when this issue touches the covered contract.

Required Evidence
- Authoritative WBS row TASK-069
- Existing artifact `game-context effective-dated feature contracts`

End-to-End Validation
Historical completion remains scoped; integrated product completion is evaluated only through the post-wave release path.

Stop Conditions
- Stop if completing this record would fabricate real-data, model-metric, source-rights, target-hardware, or operating evidence.

Source References
- SRCREF-00102
- SRCREF-02116
- SRCREF-02117

Governance Traceability Gate:

Canonical Record: jira/records/issues/tasks/TASK-069_define_rivalry_stakes_look_ahead_rule_era_context.json",Done,High,design;historical;planning-program;w13;wave-completed;local-id-task-069,feature-engineering,TASK-069,TASK-069,PHASE-2,DONE,CONTRACT_DEFINED,VERIFIED,W13,false,SOLO_WORKTREE,HISTORICAL_REFERENCE
Task,BAT-173,100173,[TASK-070] Freeze context interface and missingness behavior,100012,"Local ID: TASK-070

Objective
Freeze context interface and missingness behavior

Why This Exists
Preserve the original W13 WBS work unit, its dependencies, outputs, and scoped completion semantics as provenance for post-wave execution.

Scope
Original task type GATE with mutation scope: as defined by its source documents.

Explicit In Scope
- Original WBS objective and outputs
- Original requirements and acceptance-control mappings
- Original dependency and execution-lane provenance

Explicit Out of Scope
- Reopening completed planning solely to rename it
- Treating a starter/design result as empirically validated production capability

Prerequisites / Dependencies
- Historical dependency TASK-065
- Historical dependency TASK-067
- Historical dependency TASK-068
- Historical dependency TASK-069
- TASK-065
- TASK-067
- TASK-068
- TASK-069

Acceptance Criteria
1. Stable ID TASK-070, parent EPIC-012, owner wave W13, and original status DONE are preserved.
2. Declared outputs are traceable to existing repository artifacts where resolvable, or remain recorded as historical output names without fabricating files.
3. Requirement, acceptance-control, and dependency references resolve to authoritative registries.
4. The record does not claim maturity beyond the task's original design, contract, functional-starter, synthetic-validation, or integration scope.

Definition of Done
1. The original historical scope and status are preserved with source evidence and stable identifiers.
2. The record does not claim production maturity beyond the original design, contract, starter, integration, or validation scope.
3. Any remaining empirical, production, target-hardware, or operating obligation is represented by separate actionable post-wave work.

Required Tests / Validation
- EXISTING_AUTOMATED_TEST / EXISTING_AUTOMATED_TEST: tests/test_model_architecture_governance.py — Run and retain the result when this issue touches the covered contract.
- EXISTING_AUTOMATED_TEST / EXISTING_AUTOMATED_TEST: tests/test_w20_model_starter.py — Run and retain the result when this issue touches the covered contract.
- EXISTING_AUTOMATED_TEST / EXISTING_AUTOMATED_TEST: tools/validate_model_architecture.py — Run and retain the result when this issue touches the covered contract.

Required Evidence
- Authoritative WBS row TASK-070
- Existing artifact `context interface baseline`

End-to-End Validation
Historical completion remains scoped; integrated product completion is evaluated only through the post-wave release path.

Stop Conditions
- Stop if completing this record would fabricate real-data, model-metric, source-rights, target-hardware, or operating evidence.

Source References
- SRCREF-00103
- SRCREF-02116
- SRCREF-02117

Governance Traceability Gate:

Canonical Record: jira/records/issues/tasks/TASK-070_freeze_context_interface_and_missingness_behavior.json",Done,High,gate;historical;planning-program;w13;wave-completed;local-id-task-070,modeling,TASK-070,TASK-070,PHASE-2,DONE,CONTRACT_DEFINED,VERIFIED,W13,true,PROTECTED_GATE,HISTORICAL_REFERENCE
Task,BAT-174,100174,[TASK-071] Define expected possession/tempo state,100013,"Local ID: TASK-071

Objective
Define expected possession/tempo state

Why This Exists
Preserve the original W13 WBS work unit, its dependencies, outputs, and scoped completion semantics as provenance for post-wave execution.

Scope
Original task type DESIGN with mutation scope: as defined by its source documents.

Explicit In Scope
- Original WBS objective and outputs
- Original requirements and acceptance-control mappings
- Original dependency and execution-lane provenance

Explicit Out of Scope
- Reopening completed planning solely to rename it
- Treating a starter/design result as empirically validated production capability

Prerequisites / Dependencies
- Historical dependency TASK-029
- Historical dependency TASK-035
- TASK-029
- TASK-035

Acceptance Criteria
1. Stable ID TASK-071, parent EPIC-013, owner wave W13, and original status DONE are preserved.
2. Declared outputs are traceable to existing repository artifacts where resolvable, or remain recorded as historical output names without fabricating files.
3. Requirement, acceptance-control, and dependency references resolve to authoritative registries.
4. The record does not claim maturity beyond the task's original design, contract, functional-starter, synthetic-validation, or integration scope.

Definition of Done
1. The original historical scope and status are preserved with source evidence and stable identifiers.
2. The record does not claim production maturity beyond the original design, contract, starter, integration, or validation scope.
3. Any remaining empirical, production, target-hardware, or operating obligation is represented by separate actionable post-wave work.

Required Tests / Validation
- EXISTING_AUTOMATED_TEST / EXISTING_AUTOMATED_TEST: tests/test_w24_readiness.py — Run and retain the result when this issue touches the covered contract.
- EXISTING_AUTOMATED_TEST / EXISTING_AUTOMATED_TEST: tests/test_w25_final_handoff.py — Run and retain the result when this issue touches the covered contract.
- EXISTING_AUTOMATED_TEST / EXISTING_AUTOMATED_TEST: tools/validate_w24_readiness.py — Run and retain the result when this issue touches the covered contract.
- EXISTING_AUTOMATED_TEST / EXISTING_AUTOMATED_TEST: tools/validate_w25_final.py — Run and retain the result when this issue touches the covered contract.

Required Evidence
- Authoritative WBS row TASK-071
- Existing artifact `possession/tempo contract`

End-to-End Validation
Historical completion remains scoped; integrated product completion is evaluated only through the post-wave release path.

Stop Conditions
- Stop if completing this record would fabricate real-data, model-metric, source-rights, target-hardware, or operating evidence.

Source References
- SRCREF-00104
- SRCREF-02116
- SRCREF-02117

Governance Traceability Gate:

Canonical Record: jira/records/issues/tasks/TASK-071_define_expected_possession_tempo_state.json",Done,High,design;historical;planning-program;w13;wave-completed;local-id-task-071,release-readiness,TASK-071,TASK-071,PHASE-2,DONE,CONTRACT_DEFINED,VERIFIED,W13,false,SOLO_WORKTREE,HISTORICAL_REFERENCE
Task,BAT-175,100175,[TASK-072] Define field-position and hidden-yard accounting,100013,"Local ID: TASK-072

Objective
Define field-position and hidden-yard accounting

Why This Exists
Preserve the original W13 WBS work unit, its dependencies, outputs, and scoped completion semantics as provenance for post-wave execution.

Scope
Original task type DESIGN with mutation scope: as defined by its source documents.

Explicit In Scope
- Original WBS objective and outputs
- Original requirements and acceptance-control mappings
- Original dependency and execution-lane provenance

Explicit Out of Scope
- Reopening completed planning solely to rename it
- Treating a starter/design result as empirically validated production capability

Prerequisites / Dependencies
- Historical dependency TASK-071
- TASK-071

Acceptance Criteria
1. Stable ID TASK-072, parent EPIC-013, owner wave W13, and original status DONE are preserved.
2. Declared outputs are traceable to existing repository artifacts where resolvable, or remain recorded as historical output names without fabricating files.
3. Requirement, acceptance-control, and dependency references resolve to authoritative registries.
4. The record does not claim maturity beyond the task's original design, contract, functional-starter, synthetic-validation, or integration scope.

Definition of Done
1. The original historical scope and status are preserved with source evidence and stable identifiers.
2. The record does not claim production maturity beyond the original design, contract, starter, integration, or validation scope.
3. Any remaining empirical, production, target-hardware, or operating obligation is represented by separate actionable post-wave work.

Required Tests / Validation
- EXISTING_AUTOMATED_TEST / EXISTING_AUTOMATED_TEST: tests/test_w24_readiness.py — Run and retain the result when this issue touches the covered contract.
- EXISTING_AUTOMATED_TEST / EXISTING_AUTOMATED_TEST: tests/test_w25_final_handoff.py — Run and retain the result when this issue touches the covered contract.
- EXISTING_AUTOMATED_TEST / EXISTING_AUTOMATED_TEST: tools/validate_w24_readiness.py — Run and retain the result when this issue touches the covered contract.
- EXISTING_AUTOMATED_TEST / EXISTING_AUTOMATED_TEST: tools/validate_w25_final.py — Run and retain the result when this issue touches the covered contract.

Required Evidence
- Authoritative WBS row TASK-072
- Existing artifact `field-position value contract`

End-to-End Validation
Historical completion remains scoped; integrated product completion is evaluated only through the post-wave release path.

Stop Conditions
- Stop if completing this record would fabricate real-data, model-metric, source-rights, target-hardware, or operating evidence.

Source References
- SRCREF-00105
- SRCREF-02116
- SRCREF-02117

Governance Traceability Gate:

Canonical Record: jira/records/issues/tasks/TASK-072_define_field_position_and_hidden_yard_accounting.json",Done,High,design;historical;planning-program;w13;wave-completed;local-id-task-072,release-readiness,TASK-072,TASK-072,PHASE-2,DONE,CONTRACT_DEFINED,VERIFIED,W13,false,SOLO_WORKTREE,HISTORICAL_REFERENCE
Task,BAT-176,100176,[TASK-073] Define kicking/punting/kickoff/return specialist features,100013,"Local ID: TASK-073

Objective
Define kicking/punting/kickoff/return specialist features

Why This Exists
Preserve the original W13 WBS work unit, its dependencies, outputs, and scoped completion semantics as provenance for post-wave execution.

Scope
Original task type DESIGN with mutation scope: as defined by its source documents.

Explicit In Scope
- Original WBS objective and outputs
- Original requirements and acceptance-control mappings
- Original dependency and execution-lane provenance

Explicit Out of Scope
- Reopening completed planning solely to rename it
- Treating a starter/design result as empirically validated production capability

Prerequisites / Dependencies
- Historical dependency TASK-072
- Historical dependency TASK-065
- TASK-065
- TASK-072

Acceptance Criteria
1. Stable ID TASK-073, parent EPIC-013, owner wave W13, and original status DONE are preserved.
2. Declared outputs are traceable to existing repository artifacts where resolvable, or remain recorded as historical output names without fabricating files.
3. Requirement, acceptance-control, and dependency references resolve to authoritative registries.
4. The record does not claim maturity beyond the task's original design, contract, functional-starter, synthetic-validation, or integration scope.

Definition of Done
1. The original historical scope and status are preserved with source evidence and stable identifiers.
2. The record does not claim production maturity beyond the original design, contract, starter, integration, or validation scope.
3. Any remaining empirical, production, target-hardware, or operating obligation is represented by separate actionable post-wave work.

Required Tests / Validation
- EXISTING_AUTOMATED_TEST / EXISTING_AUTOMATED_TEST: tests/test_feature_registry_governance.py — Run and retain the result when this issue touches the covered contract.
- EXISTING_AUTOMATED_TEST / EXISTING_AUTOMATED_TEST: tests/test_feature_lifecycle_governance.py — Run and retain the result when this issue touches the covered contract.
- EXISTING_AUTOMATED_TEST / EXISTING_AUTOMATED_TEST: tests/test_feature_tournament_full.py — Run and retain the result when this issue touches the covered contract.

Required Evidence
- Authoritative WBS row TASK-073
- Existing artifact `special teams component contracts`

End-to-End Validation
Historical completion remains scoped; integrated product completion is evaluated only through the post-wave release path.

Stop Conditions
- Stop if completing this record would fabricate real-data, model-metric, source-rights, target-hardware, or operating evidence.

Source References
- SRCREF-00106
- SRCREF-02116
- SRCREF-02117

Governance Traceability Gate:

Canonical Record: jira/records/issues/tasks/TASK-073_define_kicking_punting_kickoff_return_specialist_features.json",Done,High,design;historical;planning-program;w13;wave-completed;local-id-task-073,feature-engineering,TASK-073,TASK-073,PHASE-2,DONE,CONTRACT_DEFINED,VERIFIED,W13,false,SOLO_WORKTREE,HISTORICAL_REFERENCE
Task,BAT-177,100177,[TASK-074] Define score-state/garbage-time/leverage policy candidates,100013,"Local ID: TASK-074

Objective
Define score-state/garbage-time/leverage policy candidates

Why This Exists
Preserve the original W13 WBS work unit, its dependencies, outputs, and scoped completion semantics as provenance for post-wave execution.

Scope
Original task type EXPERIMENT_DESIGN with mutation scope: as defined by its source documents.

Explicit In Scope
- Original WBS objective and outputs
- Original requirements and acceptance-control mappings
- Original dependency and execution-lane provenance

Explicit Out of Scope
- Reopening completed planning solely to rename it
- Treating a starter/design result as empirically validated production capability

Prerequisites / Dependencies
- Historical dependency TASK-029
- TASK-029

Acceptance Criteria
1. Stable ID TASK-074, parent EPIC-013, owner wave W13, and original status DONE are preserved.
2. Declared outputs are traceable to existing repository artifacts where resolvable, or remain recorded as historical output names without fabricating files.
3. Requirement, acceptance-control, and dependency references resolve to authoritative registries.
4. The record does not claim maturity beyond the task's original design, contract, functional-starter, synthetic-validation, or integration scope.

Definition of Done
1. The original historical scope and status are preserved with source evidence and stable identifiers.
2. The record does not claim production maturity beyond the original design, contract, starter, integration, or validation scope.
3. Any remaining empirical, production, target-hardware, or operating obligation is represented by separate actionable post-wave work.

Required Tests / Validation
- EXISTING_AUTOMATED_TEST / EXISTING_AUTOMATED_TEST: tests/test_w24_readiness.py — Run and retain the result when this issue touches the covered contract.
- EXISTING_AUTOMATED_TEST / EXISTING_AUTOMATED_TEST: tests/test_w25_final_handoff.py — Run and retain the result when this issue touches the covered contract.
- EXISTING_AUTOMATED_TEST / EXISTING_AUTOMATED_TEST: tools/validate_w24_readiness.py — Run and retain the result when this issue touches the covered contract.
- EXISTING_AUTOMATED_TEST / EXISTING_AUTOMATED_TEST: tools/validate_w25_final.py — Run and retain the result when this issue touches the covered contract.

Required Evidence
- Authoritative WBS row TASK-074
- Existing artifact `score-state policy candidates`

End-to-End Validation
Historical completion remains scoped; integrated product completion is evaluated only through the post-wave release path.

Stop Conditions
- Stop if completing this record would fabricate real-data, model-metric, source-rights, target-hardware, or operating evidence.

Source References
- SRCREF-00107
- SRCREF-02116
- SRCREF-02117

Governance Traceability Gate:

Canonical Record: jira/records/issues/tasks/TASK-074_define_score_state_garbage_time_leverage_policy_candidates.json",Done,High,experiment-design;historical;planning-program;w13;wave-completed;local-id-task-074,release-readiness,TASK-074,TASK-074,PHASE-2,DONE,CONTRACT_DEFINED,VERIFIED,W13,false,SOLO_WORKTREE,HISTORICAL_REFERENCE
Task,BAT-178,100178,[TASK-075] Define penalty/turnover/field-position interactions,100013,"Local ID: TASK-075

Objective
Define penalty/turnover/field-position interactions

Why This Exists
Preserve the original W13 WBS work unit, its dependencies, outputs, and scoped completion semantics as provenance for post-wave execution.

Scope
Original task type EXPERIMENT_DESIGN with mutation scope: as defined by its source documents.

Explicit In Scope
- Original WBS objective and outputs
- Original requirements and acceptance-control mappings
- Original dependency and execution-lane provenance

Explicit Out of Scope
- Reopening completed planning solely to rename it
- Treating a starter/design result as empirically validated production capability

Prerequisites / Dependencies
- Historical dependency TASK-072
- Historical dependency TASK-074
- TASK-072
- TASK-074

Acceptance Criteria
1. Stable ID TASK-075, parent EPIC-013, owner wave W13, and original status DONE are preserved.
2. Declared outputs are traceable to existing repository artifacts where resolvable, or remain recorded as historical output names without fabricating files.
3. Requirement, acceptance-control, and dependency references resolve to authoritative registries.
4. The record does not claim maturity beyond the task's original design, contract, functional-starter, synthetic-validation, or integration scope.

Definition of Done
1. The original historical scope and status are preserved with source evidence and stable identifiers.
2. The record does not claim production maturity beyond the original design, contract, starter, integration, or validation scope.
3. Any remaining empirical, production, target-hardware, or operating obligation is represented by separate actionable post-wave work.

Required Tests / Validation
- EXISTING_AUTOMATED_TEST / EXISTING_AUTOMATED_TEST: tests/test_w24_readiness.py — Run and retain the result when this issue touches the covered contract.
- EXISTING_AUTOMATED_TEST / EXISTING_AUTOMATED_TEST: tests/test_w25_final_handoff.py — Run and retain the result when this issue touches the covered contract.
- EXISTING_AUTOMATED_TEST / EXISTING_AUTOMATED_TEST: tools/validate_w24_readiness.py — Run and retain the result when this issue touches the covered contract.
- EXISTING_AUTOMATED_TEST / EXISTING_AUTOMATED_TEST: tools/validate_w25_final.py — Run and retain the result when this issue touches the covered contract.

Required Evidence
- Authoritative WBS row TASK-075
- Existing artifact `mechanics interaction candidates`

End-to-End Validation
Historical completion remains scoped; integrated product completion is evaluated only through the post-wave release path.

Stop Conditions
- Stop if completing this record would fabricate real-data, model-metric, source-rights, target-hardware, or operating evidence.

Source References
- SRCREF-00108
- SRCREF-02116
- SRCREF-02117

Governance Traceability Gate:

Canonical Record: jira/records/issues/tasks/TASK-075_define_penalty_turnover_field_position_interactions.json",Done,High,experiment-design;historical;planning-program;w13;wave-completed;local-id-task-075,release-readiness,TASK-075,TASK-075,PHASE-2,DONE,CONTRACT_DEFINED,VERIFIED,W13,false,SOLO_WORKTREE,HISTORICAL_REFERENCE
Task,BAT-179,100179,[TASK-076] Freeze mechanics feature interfaces,100013,"Local ID: TASK-076

Objective
Freeze mechanics feature interfaces

Why This Exists
Preserve the original W13 WBS work unit, its dependencies, outputs, and scoped completion semantics as provenance for post-wave execution.

Scope
Original task type GATE with mutation scope: as defined by its source documents.

Explicit In Scope
- Original WBS objective and outputs
- Original requirements and acceptance-control mappings
- Original dependency and execution-lane provenance

Explicit Out of Scope
- Reopening completed planning solely to rename it
- Treating a starter/design result as empirically validated production capability

Prerequisites / Dependencies
- Historical dependency TASK-073
- Historical dependency TASK-075
- TASK-073
- TASK-075

Acceptance Criteria
1. Stable ID TASK-076, parent EPIC-013, owner wave W13, and original status DONE are preserved.
2. Declared outputs are traceable to existing repository artifacts where resolvable, or remain recorded as historical output names without fabricating files.
3. Requirement, acceptance-control, and dependency references resolve to authoritative registries.
4. The record does not claim maturity beyond the task's original design, contract, functional-starter, synthetic-validation, or integration scope.

Definition of Done
1. The original historical scope and status are preserved with source evidence and stable identifiers.
2. The record does not claim production maturity beyond the original design, contract, starter, integration, or validation scope.
3. Any remaining empirical, production, target-hardware, or operating obligation is represented by separate actionable post-wave work.

Required Tests / Validation
- EXISTING_AUTOMATED_TEST / EXISTING_AUTOMATED_TEST: tests/test_model_architecture_governance.py — Run and retain the result when this issue touches the covered contract.
- EXISTING_AUTOMATED_TEST / EXISTING_AUTOMATED_TEST: tests/test_w20_model_starter.py — Run and retain the result when this issue touches the covered contract.
- EXISTING_AUTOMATED_TEST / EXISTING_AUTOMATED_TEST: tools/validate_model_architecture.py — Run and retain the result when this issue touches the covered contract.

Required Evidence
- Authoritative WBS row TASK-076
- Existing artifact `mechanics interface baseline`

End-to-End Validation
Historical completion remains scoped; integrated product completion is evaluated only through the post-wave release path.

Stop Conditions
- Stop if completing this record would fabricate real-data, model-metric, source-rights, target-hardware, or operating evidence.

Source References
- SRCREF-00109
- SRCREF-02116
- SRCREF-02117

Governance Traceability Gate:

Canonical Record: jira/records/issues/tasks/TASK-076_freeze_mechanics_feature_interfaces.json",Done,High,gate;historical;planning-program;w13;wave-completed;local-id-task-076,modeling,TASK-076,TASK-076,PHASE-2,DONE,CONTRACT_DEFINED,VERIFIED,W13,true,PROTECTED_GATE,HISTORICAL_REFERENCE
Task,BAT-180,100180,[TASK-077] Define opponent-adjusted efficiency framework,100014,"Local ID: TASK-077

Objective
Define opponent-adjusted efficiency framework

Why This Exists
Preserve the original W13 WBS work unit, its dependencies, outputs, and scoped completion semantics as provenance for post-wave execution.

Scope
Original task type EXPERIMENT_DESIGN with mutation scope: as defined by its source documents.

Explicit In Scope
- Original WBS objective and outputs
- Original requirements and acceptance-control mappings
- Original dependency and execution-lane provenance

Explicit Out of Scope
- Reopening completed planning solely to rename it
- Treating a starter/design result as empirically validated production capability

Prerequisites / Dependencies
- Historical dependency TASK-035
- Historical dependency TASK-029
- TASK-029
- TASK-035

Acceptance Criteria
1. Stable ID TASK-077, parent EPIC-014, owner wave W13, and original status DONE are preserved.
2. Declared outputs are traceable to existing repository artifacts where resolvable, or remain recorded as historical output names without fabricating files.
3. Requirement, acceptance-control, and dependency references resolve to authoritative registries.
4. The record does not claim maturity beyond the task's original design, contract, functional-starter, synthetic-validation, or integration scope.

Definition of Done
1. The original historical scope and status are preserved with source evidence and stable identifiers.
2. The record does not claim production maturity beyond the original design, contract, starter, integration, or validation scope.
3. Any remaining empirical, production, target-hardware, or operating obligation is represented by separate actionable post-wave work.

Required Tests / Validation
- EXISTING_AUTOMATED_TEST / EXISTING_AUTOMATED_TEST: tests/test_w24_readiness.py — Run and retain the result when this issue touches the covered contract.
- EXISTING_AUTOMATED_TEST / EXISTING_AUTOMATED_TEST: tests/test_w25_final_handoff.py — Run and retain the result when this issue touches the covered contract.
- EXISTING_AUTOMATED_TEST / EXISTING_AUTOMATED_TEST: tools/validate_w24_readiness.py — Run and retain the result when this issue touches the covered contract.
- EXISTING_AUTOMATED_TEST / EXISTING_AUTOMATED_TEST: tools/validate_w25_final.py — Run and retain the result when this issue touches the covered contract.

Required Evidence
- Authoritative WBS row TASK-077
- Existing artifact `opponent adjustment candidates`

End-to-End Validation
Historical completion remains scoped; integrated product completion is evaluated only through the post-wave release path.

Stop Conditions
- Stop if completing this record would fabricate real-data, model-metric, source-rights, target-hardware, or operating evidence.

Source References
- SRCREF-00110
- SRCREF-02116
- SRCREF-02117

Governance Traceability Gate:

Canonical Record: jira/records/issues/tasks/TASK-077_define_opponent_adjusted_efficiency_framework.json",Done,High,experiment-design;historical;planning-program;w13;wave-completed;local-id-task-077,release-readiness,TASK-077,TASK-077,PHASE-2,DONE,CONTRACT_DEFINED,VERIFIED,W13,false,SOLO_WORKTREE,HISTORICAL_REFERENCE
Task,BAT-181,100181,[TASK-078] Define style/scheme similarity representation,100014,"Local ID: TASK-078

Objective
Define style/scheme similarity representation

Why This Exists
Preserve the original W13 WBS work unit, its dependencies, outputs, and scoped completion semantics as provenance for post-wave execution.

Scope
Original task type EXPERIMENT_DESIGN with mutation scope: as defined by its source documents.

Explicit In Scope
- Original WBS objective and outputs
- Original requirements and acceptance-control mappings
- Original dependency and execution-lane provenance

Explicit Out of Scope
- Reopening completed planning solely to rename it
- Treating a starter/design result as empirically validated production capability

Prerequisites / Dependencies
- Historical dependency TASK-061
- Historical dependency TASK-077
- TASK-061
- TASK-077

Acceptance Criteria
1. Stable ID TASK-078, parent EPIC-014, owner wave W13, and original status DONE are preserved.
2. Declared outputs are traceable to existing repository artifacts where resolvable, or remain recorded as historical output names without fabricating files.
3. Requirement, acceptance-control, and dependency references resolve to authoritative registries.
4. The record does not claim maturity beyond the task's original design, contract, functional-starter, synthetic-validation, or integration scope.

Definition of Done
1. The original historical scope and status are preserved with source evidence and stable identifiers.
2. The record does not claim production maturity beyond the original design, contract, starter, integration, or validation scope.
3. Any remaining empirical, production, target-hardware, or operating obligation is represented by separate actionable post-wave work.

Required Tests / Validation
- EXISTING_AUTOMATED_TEST / EXISTING_AUTOMATED_TEST: tests/test_w24_readiness.py — Run and retain the result when this issue touches the covered contract.
- EXISTING_AUTOMATED_TEST / EXISTING_AUTOMATED_TEST: tests/test_w25_final_handoff.py — Run and retain the result when this issue touches the covered contract.
- EXISTING_AUTOMATED_TEST / EXISTING_AUTOMATED_TEST: tools/validate_w24_readiness.py — Run and retain the result when this issue touches the covered contract.
- EXISTING_AUTOMATED_TEST / EXISTING_AUTOMATED_TEST: tools/validate_w25_final.py — Run and retain the result when this issue touches the covered contract.

Required Evidence
- Authoritative WBS row TASK-078
- Existing artifact `style similarity candidates`

End-to-End Validation
Historical completion remains scoped; integrated product completion is evaluated only through the post-wave release path.

Stop Conditions
- Stop if completing this record would fabricate real-data, model-metric, source-rights, target-hardware, or operating evidence.

Source References
- SRCREF-00111
- SRCREF-02116
- SRCREF-02117

Governance Traceability Gate:

Canonical Record: jira/records/issues/tasks/TASK-078_define_style_scheme_similarity_representation.json",Done,High,experiment-design;historical;planning-program;w13;wave-completed;local-id-task-078,release-readiness,TASK-078,TASK-078,PHASE-2,DONE,CONTRACT_DEFINED,VERIFIED,W13,false,SOLO_WORKTREE,HISTORICAL_REFERENCE
Task,BAT-182,100182,[TASK-079] Define schedule stress/workload/rest/travel aggregates,100014,"Local ID: TASK-079

Objective
Define schedule stress/workload/rest/travel aggregates

Why This Exists
Preserve the original W13 WBS work unit, its dependencies, outputs, and scoped completion semantics as provenance for post-wave execution.

Scope
Original task type DESIGN with mutation scope: as defined by its source documents.

Explicit In Scope
- Original WBS objective and outputs
- Original requirements and acceptance-control mappings
- Original dependency and execution-lane provenance

Explicit Out of Scope
- Reopening completed planning solely to rename it
- Treating a starter/design result as empirically validated production capability

Prerequisites / Dependencies
- Historical dependency TASK-066
- Historical dependency TASK-071
- TASK-066
- TASK-071

Acceptance Criteria
1. Stable ID TASK-079, parent EPIC-014, owner wave W13, and original status DONE are preserved.
2. Declared outputs are traceable to existing repository artifacts where resolvable, or remain recorded as historical output names without fabricating files.
3. Requirement, acceptance-control, and dependency references resolve to authoritative registries.
4. The record does not claim maturity beyond the task's original design, contract, functional-starter, synthetic-validation, or integration scope.

Definition of Done
1. The original historical scope and status are preserved with source evidence and stable identifiers.
2. The record does not claim production maturity beyond the original design, contract, starter, integration, or validation scope.
3. Any remaining empirical, production, target-hardware, or operating obligation is represented by separate actionable post-wave work.

Required Tests / Validation
- EXISTING_AUTOMATED_TEST / EXISTING_AUTOMATED_TEST: tests/test_feature_registry_governance.py — Run and retain the result when this issue touches the covered contract.
- EXISTING_AUTOMATED_TEST / EXISTING_AUTOMATED_TEST: tests/test_feature_lifecycle_governance.py — Run and retain the result when this issue touches the covered contract.
- EXISTING_AUTOMATED_TEST / EXISTING_AUTOMATED_TEST: tests/test_feature_tournament_full.py — Run and retain the result when this issue touches the covered contract.

Required Evidence
- Authoritative WBS row TASK-079
- Existing artifact `schedule stress feature contract`

End-to-End Validation
Historical completion remains scoped; integrated product completion is evaluated only through the post-wave release path.

Stop Conditions
- Stop if completing this record would fabricate real-data, model-metric, source-rights, target-hardware, or operating evidence.

Source References
- SRCREF-00112
- SRCREF-02116
- SRCREF-02117

Governance Traceability Gate:

Canonical Record: jira/records/issues/tasks/TASK-079_define_schedule_stress_workload_rest_travel_aggregates.json",Done,High,design;historical;planning-program;w13;wave-completed;local-id-task-079,feature-engineering,TASK-079,TASK-079,PHASE-2,DONE,CONTRACT_DEFINED,VERIFIED,W13,false,SOLO_WORKTREE,HISTORICAL_REFERENCE
Task,BAT-183,100183,[TASK-080] Define previous-opponent and look-ahead context safeguards,100014,"Local ID: TASK-080

Objective
Define previous-opponent and look-ahead context safeguards

Why This Exists
Preserve the original W13 WBS work unit, its dependencies, outputs, and scoped completion semantics as provenance for post-wave execution.

Scope
Original task type DESIGN with mutation scope: as defined by its source documents.

Explicit In Scope
- Original WBS objective and outputs
- Original requirements and acceptance-control mappings
- Original dependency and execution-lane provenance

Explicit Out of Scope
- Reopening completed planning solely to rename it
- Treating a starter/design result as empirically validated production capability

Prerequisites / Dependencies
- Historical dependency TASK-079
- Historical dependency TASK-018
- TASK-018
- TASK-079

Acceptance Criteria
1. Stable ID TASK-080, parent EPIC-014, owner wave W13, and original status DONE are preserved.
2. Declared outputs are traceable to existing repository artifacts where resolvable, or remain recorded as historical output names without fabricating files.
3. Requirement, acceptance-control, and dependency references resolve to authoritative registries.
4. The record does not claim maturity beyond the task's original design, contract, functional-starter, synthetic-validation, or integration scope.

Definition of Done
1. The original historical scope and status are preserved with source evidence and stable identifiers.
2. The record does not claim production maturity beyond the original design, contract, starter, integration, or validation scope.
3. Any remaining empirical, production, target-hardware, or operating obligation is represented by separate actionable post-wave work.

Required Tests / Validation
- EXISTING_AUTOMATED_TEST / EXISTING_AUTOMATED_TEST: tests/test_w24_readiness.py — Run and retain the result when this issue touches the covered contract.
- EXISTING_AUTOMATED_TEST / EXISTING_AUTOMATED_TEST: tests/test_w25_final_handoff.py — Run and retain the result when this issue touches the covered contract.
- EXISTING_AUTOMATED_TEST / EXISTING_AUTOMATED_TEST: tools/validate_w24_readiness.py — Run and retain the result when this issue touches the covered contract.
- EXISTING_AUTOMATED_TEST / EXISTING_AUTOMATED_TEST: tools/validate_w25_final.py — Run and retain the result when this issue touches the covered contract.

Required Evidence
- Authoritative WBS row TASK-080
- Existing artifact `chronological schedule context rules`

End-to-End Validation
Historical completion remains scoped; integrated product completion is evaluated only through the post-wave release path.

Stop Conditions
- Stop if completing this record would fabricate real-data, model-metric, source-rights, target-hardware, or operating evidence.

Source References
- SRCREF-00113
- SRCREF-02116
- SRCREF-02117

Governance Traceability Gate:

Canonical Record: jira/records/issues/tasks/TASK-080_define_previous_opponent_and_look_ahead_context_safeguards.json",Done,High,design;historical;planning-program;w13;wave-completed;local-id-task-080,release-readiness,TASK-080,TASK-080,PHASE-2,DONE,CONTRACT_DEFINED,VERIFIED,W13,false,SOLO_WORKTREE,HISTORICAL_REFERENCE
Task,BAT-184,100184,[TASK-081] Evaluate experimental officiating lane eligibility,100014,"Local ID: TASK-081

Objective
Evaluate experimental officiating lane eligibility

Why This Exists
Preserve the original W13 WBS work unit, its dependencies, outputs, and scoped completion semantics as provenance for post-wave execution.

Scope
Original task type RESEARCH_GATE with mutation scope: as defined by its source documents.

Explicit In Scope
- Original WBS objective and outputs
- Original requirements and acceptance-control mappings
- Original dependency and execution-lane provenance

Explicit Out of Scope
- Reopening completed planning solely to rename it
- Treating a starter/design result as empirically validated production capability

Prerequisites / Dependencies
- Historical dependency TASK-006
- Historical dependency TASK-018
- TASK-006
- TASK-018

Acceptance Criteria
1. Stable ID TASK-081, parent EPIC-014, owner wave W13, and original status DONE are preserved.
2. Declared outputs are traceable to existing repository artifacts where resolvable, or remain recorded as historical output names without fabricating files.
3. Requirement, acceptance-control, and dependency references resolve to authoritative registries.
4. The record does not claim maturity beyond the task's original design, contract, functional-starter, synthetic-validation, or integration scope.

Definition of Done
1. The original historical scope and status are preserved with source evidence and stable identifiers.
2. The record does not claim production maturity beyond the original design, contract, starter, integration, or validation scope.
3. Any remaining empirical, production, target-hardware, or operating obligation is represented by separate actionable post-wave work.

Required Tests / Validation
- EXISTING_AUTOMATED_TEST / EXISTING_AUTOMATED_TEST: tests/test_player_intelligence_governance.py — Run and retain the result when this issue touches the covered contract.
- EXISTING_AUTOMATED_TEST / EXISTING_AUTOMATED_TEST: tests/test_context_intelligence_governance.py — Run and retain the result when this issue touches the covered contract.
- EXISTING_AUTOMATED_TEST / EXISTING_AUTOMATED_TEST: tests/test_team_state_governance.py — Run and retain the result when this issue touches the covered contract.

Required Evidence
- Authoritative WBS row TASK-081
- Existing artifact `officiating feasibility decision`
- Existing artifact `pregame assignment semantics evidence`

End-to-End Validation
Historical completion remains scoped; integrated product completion is evaluated only through the post-wave release path.

Stop Conditions
- Stop if completing this record would fabricate real-data, model-metric, source-rights, target-hardware, or operating evidence.

Source References
- SRCREF-00114
- SRCREF-02116
- SRCREF-02117

Governance Traceability Gate:

Canonical Record: jira/records/issues/tasks/TASK-081_evaluate_experimental_officiating_lane_eligibility.json",Done,High,historical;planning-program;research-gate;w13;wave-completed;local-id-task-081,player-context-intelligence,TASK-081,TASK-081,PHASE-2,DONE,CONTRACT_DEFINED,VERIFIED,W13,false,SOLO_WORKTREE,HISTORICAL_REFERENCE
Task,BAT-185,100185,[TASK-082] Freeze matchup/context adjustment interfaces,100014,"Local ID: TASK-082

Objective
Freeze matchup/context adjustment interfaces

Why This Exists
Preserve the original W13 WBS work unit, its dependencies, outputs, and scoped completion semantics as provenance for post-wave execution.

Scope
Original task type GATE with mutation scope: as defined by its source documents.

Explicit In Scope
- Original WBS objective and outputs
- Original requirements and acceptance-control mappings
- Original dependency and execution-lane provenance

Explicit Out of Scope
- Reopening completed planning solely to rename it
- Treating a starter/design result as empirically validated production capability

Prerequisites / Dependencies
- Historical dependency TASK-077
- Historical dependency TASK-078
- Historical dependency TASK-080
- Historical dependency TASK-081
- TASK-077
- TASK-078
- TASK-080
- TASK-081

Acceptance Criteria
1. Stable ID TASK-082, parent EPIC-014, owner wave W13, and original status DONE are preserved.
2. Declared outputs are traceable to existing repository artifacts where resolvable, or remain recorded as historical output names without fabricating files.
3. Requirement, acceptance-control, and dependency references resolve to authoritative registries.
4. The record does not claim maturity beyond the task's original design, contract, functional-starter, synthetic-validation, or integration scope.

Definition of Done
1. The original historical scope and status are preserved with source evidence and stable identifiers.
2. The record does not claim production maturity beyond the original design, contract, starter, integration, or validation scope.
3. Any remaining empirical, production, target-hardware, or operating obligation is represented by separate actionable post-wave work.

Required Tests / Validation
- EXISTING_AUTOMATED_TEST / EXISTING_AUTOMATED_TEST: tests/test_model_architecture_governance.py — Run and retain the result when this issue touches the covered contract.
- EXISTING_AUTOMATED_TEST / EXISTING_AUTOMATED_TEST: tests/test_w20_model_starter.py — Run and retain the result when this issue touches the covered contract.
- EXISTING_AUTOMATED_TEST / EXISTING_AUTOMATED_TEST: tools/validate_model_architecture.py — Run and retain the result when this issue touches the covered contract.

Required Evidence
- Authoritative WBS row TASK-082
- Existing artifact `matchup adjustment baseline`

End-to-End Validation
Historical completion remains scoped; integrated product completion is evaluated only through the post-wave release path.

Stop Conditions
- Stop if completing this record would fabricate real-data, model-metric, source-rights, target-hardware, or operating evidence.

Source References
- SRCREF-00115
- SRCREF-02116
- SRCREF-02117

Governance Traceability Gate:

Canonical Record: jira/records/issues/tasks/TASK-082_freeze_matchup_context_adjustment_interfaces.json",Done,High,gate;historical;planning-program;w13;wave-completed;local-id-task-082,modeling,TASK-082,TASK-082,PHASE-2,DONE,CONTRACT_DEFINED,VERIFIED,W13,true,PROTECTED_GATE,HISTORICAL_REFERENCE
Task,BAT-186,100186,[TASK-083] Implement player/roster/availability starter,100015,"Local ID: TASK-083

Objective
Implement player/roster/availability starter

Why This Exists
Preserve the original W19 WBS work unit, its dependencies, outputs, and scoped completion semantics as provenance for post-wave execution.

Scope
Original task type IMPLEMENTATION with mutation scope: as defined by its source documents.

Explicit In Scope
- Original WBS objective and outputs
- Original requirements and acceptance-control mappings
- Original dependency and execution-lane provenance

Explicit Out of Scope
- Reopening completed planning solely to rename it
- Treating a starter/design result as empirically validated production capability

Prerequisites / Dependencies
- Historical dependency TASK-052
- Historical dependency TASK-046
- TASK-046
- TASK-052

Acceptance Criteria
1. Stable ID TASK-083, parent EPIC-015, owner wave W19, and original status DONE are preserved.
2. Declared outputs are traceable to existing repository artifacts where resolvable, or remain recorded as historical output names without fabricating files.
3. Requirement, acceptance-control, and dependency references resolve to authoritative registries.
4. The record does not claim maturity beyond the task's original design, contract, functional-starter, synthetic-validation, or integration scope.

Definition of Done
1. The original historical scope and status are preserved with source evidence and stable identifiers.
2. The record does not claim production maturity beyond the original design, contract, starter, integration, or validation scope.
3. Any remaining empirical, production, target-hardware, or operating obligation is represented by separate actionable post-wave work.

Required Tests / Validation
- EXISTING_AUTOMATED_TEST / EXISTING_AUTOMATED_TEST: tests/test_player_intelligence_governance.py — Run and retain the result when this issue touches the covered contract.
- EXISTING_AUTOMATED_TEST / EXISTING_AUTOMATED_TEST: tests/test_context_intelligence_governance.py — Run and retain the result when this issue touches the covered contract.
- EXISTING_AUTOMATED_TEST / EXISTING_AUTOMATED_TEST: tests/test_team_state_governance.py — Run and retain the result when this issue touches the covered contract.

Required Evidence
- Authoritative WBS row TASK-083
- Existing artifact `player/availability starter modules`

End-to-End Validation
Historical completion remains scoped; integrated product completion is evaluated only through the post-wave release path.

Stop Conditions
- Stop if completing this record would fabricate real-data, model-metric, source-rights, target-hardware, or operating evidence.

Source References
- SRCREF-00116
- SRCREF-02116
- SRCREF-02117

Governance Traceability Gate:

Canonical Record: jira/records/issues/tasks/TASK-083_implement_player_roster_availability_starter.json",Done,High,historical;implementation;planning-program;w19;wave-completed;local-id-task-083,player-context-intelligence,TASK-083,TASK-083,PHASE-2,DONE,FUNCTIONAL_STARTER,VERIFIED,W19,false,SOLO_WORKTREE,HISTORICAL_REFERENCE
Task,BAT-187,100187,[TASK-084] Implement transfer/recruiting prior starter,100015,"Local ID: TASK-084

Objective
Implement transfer/recruiting prior starter

Why This Exists
Preserve the original W19 WBS work unit, its dependencies, outputs, and scoped completion semantics as provenance for post-wave execution.

Scope
Original task type IMPLEMENTATION with mutation scope: as defined by its source documents.

Explicit In Scope
- Original WBS objective and outputs
- Original requirements and acceptance-control mappings
- Original dependency and execution-lane provenance

Explicit Out of Scope
- Reopening completed planning solely to rename it
- Treating a starter/design result as empirically validated production capability

Prerequisites / Dependencies
- Historical dependency TASK-058
- Historical dependency TASK-046
- TASK-046
- TASK-058

Acceptance Criteria
1. Stable ID TASK-084, parent EPIC-015, owner wave W19, and original status DONE are preserved.
2. Declared outputs are traceable to existing repository artifacts where resolvable, or remain recorded as historical output names without fabricating files.
3. Requirement, acceptance-control, and dependency references resolve to authoritative registries.
4. The record does not claim maturity beyond the task's original design, contract, functional-starter, synthetic-validation, or integration scope.

Definition of Done
1. The original historical scope and status are preserved with source evidence and stable identifiers.
2. The record does not claim production maturity beyond the original design, contract, starter, integration, or validation scope.
3. Any remaining empirical, production, target-hardware, or operating obligation is represented by separate actionable post-wave work.

Required Tests / Validation
- EXISTING_AUTOMATED_TEST / EXISTING_AUTOMATED_TEST: tests/test_player_intelligence_governance.py — Run and retain the result when this issue touches the covered contract.
- EXISTING_AUTOMATED_TEST / EXISTING_AUTOMATED_TEST: tests/test_context_intelligence_governance.py — Run and retain the result when this issue touches the covered contract.
- EXISTING_AUTOMATED_TEST / EXISTING_AUTOMATED_TEST: tests/test_team_state_governance.py — Run and retain the result when this issue touches the covered contract.

Required Evidence
- Authoritative WBS row TASK-084
- Existing artifact `transfer/recruiting starter modules`

End-to-End Validation
Historical completion remains scoped; integrated product completion is evaluated only through the post-wave release path.

Stop Conditions
- Stop if completing this record would fabricate real-data, model-metric, source-rights, target-hardware, or operating evidence.

Source References
- SRCREF-00117
- SRCREF-02116
- SRCREF-02117

Governance Traceability Gate:

Canonical Record: jira/records/issues/tasks/TASK-084_implement_transfer_recruiting_prior_starter.json",Done,High,historical;implementation;planning-program;w19;wave-completed;local-id-task-084,player-context-intelligence,TASK-084,TASK-084,PHASE-2,DONE,FUNCTIONAL_STARTER,VERIFIED,W19,false,SOLO_WORKTREE,HISTORICAL_REFERENCE
Task,BAT-188,100188,[TASK-085] Implement coaching/context/mechanics starter features,100015,"Local ID: TASK-085

Objective
Implement coaching/context/mechanics starter features

Why This Exists
Preserve the original W19 WBS work unit, its dependencies, outputs, and scoped completion semantics as provenance for post-wave execution.

Scope
Original task type IMPLEMENTATION with mutation scope: as defined by its source documents.

Explicit In Scope
- Original WBS objective and outputs
- Original requirements and acceptance-control mappings
- Original dependency and execution-lane provenance

Explicit Out of Scope
- Reopening completed planning solely to rename it
- Treating a starter/design result as empirically validated production capability

Prerequisites / Dependencies
- Historical dependency TASK-064
- Historical dependency TASK-070
- Historical dependency TASK-076
- Historical dependency TASK-082
- Historical dependency TASK-046
- TASK-046
- TASK-064
- TASK-070
- TASK-076
- TASK-082

Acceptance Criteria
1. Stable ID TASK-085, parent EPIC-015, owner wave W19, and original status DONE are preserved.
2. Declared outputs are traceable to existing repository artifacts where resolvable, or remain recorded as historical output names without fabricating files.
3. Requirement, acceptance-control, and dependency references resolve to authoritative registries.
4. The record does not claim maturity beyond the task's original design, contract, functional-starter, synthetic-validation, or integration scope.

Definition of Done
1. The original historical scope and status are preserved with source evidence and stable identifiers.
2. The record does not claim production maturity beyond the original design, contract, starter, integration, or validation scope.
3. Any remaining empirical, production, target-hardware, or operating obligation is represented by separate actionable post-wave work.

Required Tests / Validation
- EXISTING_AUTOMATED_TEST / EXISTING_AUTOMATED_TEST: tests/test_feature_registry_governance.py — Run and retain the result when this issue touches the covered contract.
- EXISTING_AUTOMATED_TEST / EXISTING_AUTOMATED_TEST: tests/test_feature_lifecycle_governance.py — Run and retain the result when this issue touches the covered contract.
- EXISTING_AUTOMATED_TEST / EXISTING_AUTOMATED_TEST: tests/test_feature_tournament_full.py — Run and retain the result when this issue touches the covered contract.

Required Evidence
- Authoritative WBS row TASK-085
- Existing artifact `context/mechanics starter modules`

End-to-End Validation
Historical completion remains scoped; integrated product completion is evaluated only through the post-wave release path.

Stop Conditions
- Stop if completing this record would fabricate real-data, model-metric, source-rights, target-hardware, or operating evidence.

Source References
- SRCREF-00118
- SRCREF-02116
- SRCREF-02117

Governance Traceability Gate:

Canonical Record: jira/records/issues/tasks/TASK-085_implement_coaching_context_mechanics_starter_features.json",Done,High,historical;implementation;planning-program;w19;wave-completed;local-id-task-085,feature-engineering,TASK-085,TASK-085,PHASE-2,DONE,FUNCTIONAL_STARTER,VERIFIED,W19,false,SOLO_WORKTREE,HISTORICAL_REFERENCE
Task,BAT-189,100189,[TASK-086] Create advanced-state synthetic integration fixtures,100015,"Local ID: TASK-086

Objective
Create advanced-state synthetic integration fixtures

Why This Exists
Preserve the original W19 WBS work unit, its dependencies, outputs, and scoped completion semantics as provenance for post-wave execution.

Scope
Original task type INTEGRATION_TEST with mutation scope: as defined by its source documents.

Explicit In Scope
- Original WBS objective and outputs
- Original requirements and acceptance-control mappings
- Original dependency and execution-lane provenance

Explicit Out of Scope
- Reopening completed planning solely to rename it
- Treating a starter/design result as empirically validated production capability

Prerequisites / Dependencies
- Historical dependency TASK-083
- Historical dependency TASK-084
- Historical dependency TASK-085
- TASK-083
- TASK-084
- TASK-085

Acceptance Criteria
1. Stable ID TASK-086, parent EPIC-015, owner wave W19, and original status DONE are preserved.
2. Declared outputs are traceable to existing repository artifacts where resolvable, or remain recorded as historical output names without fabricating files.
3. Requirement, acceptance-control, and dependency references resolve to authoritative registries.
4. The record does not claim maturity beyond the task's original design, contract, functional-starter, synthetic-validation, or integration scope.

Definition of Done
1. The original historical scope and status are preserved with source evidence and stable identifiers.
2. The record does not claim production maturity beyond the original design, contract, starter, integration, or validation scope.
3. Any remaining empirical, production, target-hardware, or operating obligation is represented by separate actionable post-wave work.

Required Tests / Validation
- EXISTING_AUTOMATED_TEST / EXISTING_AUTOMATED_TEST: tests/test_temporal_governance.py — Run and retain the result when this issue touches the covered contract.
- EXISTING_AUTOMATED_TEST / EXISTING_AUTOMATED_TEST: tests/test_w24_readiness.py — Run and retain the result when this issue touches the covered contract.
- EXISTING_AUTOMATED_TEST / EXISTING_AUTOMATED_TEST: tools/validate_temporal.py — Run and retain the result when this issue touches the covered contract.
- EXISTING_AUTOMATED_TEST / EXISTING_AUTOMATED_TEST: tools/validate_w24_readiness.py — Run and retain the result when this issue touches the covered contract.

Required Evidence
- Authoritative WBS row TASK-086
- Existing artifact `advanced PIT fixtures`

End-to-End Validation
Historical completion remains scoped; integrated product completion is evaluated only through the post-wave release path.

Stop Conditions
- Stop if completing this record would fabricate real-data, model-metric, source-rights, target-hardware, or operating evidence.

Source References
- SRCREF-00119
- SRCREF-02116
- SRCREF-02117

Governance Traceability Gate:

Canonical Record: jira/records/issues/tasks/TASK-086_create_advanced_state_synthetic_integration_fixtures.json",Done,High,historical;integration-test;planning-program;w19;wave-completed;local-id-task-086,pit-temporal,TASK-086,TASK-086,PHASE-2,DONE,FUNCTIONAL_STARTER,VERIFIED,W19,false,SOLO_WORKTREE,HISTORICAL_REFERENCE
Task,BAT-190,100190,[TASK-087] Run advanced feature family ablation readiness gate,100015,"Local ID: TASK-087

Objective
Run advanced feature family ablation readiness gate

Why This Exists
Preserve the original W20 WBS work unit, its dependencies, outputs, and scoped completion semantics as provenance for post-wave execution.

Scope
Original task type GATE with mutation scope: as defined by its source documents.

Explicit In Scope
- Original WBS objective and outputs
- Original requirements and acceptance-control mappings
- Original dependency and execution-lane provenance

Explicit Out of Scope
- Reopening completed planning solely to rename it
- Treating a starter/design result as empirically validated production capability

Prerequisites / Dependencies
- Historical dependency TASK-086
- Historical dependency TASK-040
- TASK-040
- TASK-086

Acceptance Criteria
1. Stable ID TASK-087, parent EPIC-015, owner wave W20, and original status DONE are preserved.
2. Declared outputs are traceable to existing repository artifacts where resolvable, or remain recorded as historical output names without fabricating files.
3. Requirement, acceptance-control, and dependency references resolve to authoritative registries.
4. The record does not claim maturity beyond the task's original design, contract, functional-starter, synthetic-validation, or integration scope.

Definition of Done
1. The original historical scope and status are preserved with source evidence and stable identifiers.
2. The record does not claim production maturity beyond the original design, contract, starter, integration, or validation scope.
3. Any remaining empirical, production, target-hardware, or operating obligation is represented by separate actionable post-wave work.

Required Tests / Validation
- EXISTING_AUTOMATED_TEST / EXISTING_AUTOMATED_TEST: tests/test_feature_registry_governance.py — Run and retain the result when this issue touches the covered contract.
- EXISTING_AUTOMATED_TEST / EXISTING_AUTOMATED_TEST: tests/test_feature_lifecycle_governance.py — Run and retain the result when this issue touches the covered contract.
- EXISTING_AUTOMATED_TEST / EXISTING_AUTOMATED_TEST: tests/test_feature_tournament_full.py — Run and retain the result when this issue touches the covered contract.

Required Evidence
- Authoritative WBS row TASK-087
- Existing artifact `advanced intelligence implementation evidence`

End-to-End Validation
Historical completion remains scoped; integrated product completion is evaluated only through the post-wave release path.

Stop Conditions
- Stop if completing this record would fabricate real-data, model-metric, source-rights, target-hardware, or operating evidence.

Source References
- SRCREF-00120
- SRCREF-02116
- SRCREF-02117

Governance Traceability Gate:

Canonical Record: jira/records/issues/tasks/TASK-087_run_advanced_feature_family_ablation_readiness_gate.json",Done,High,gate;historical;planning-program;w20;wave-completed;local-id-task-087,feature-engineering,TASK-087,TASK-087,PHASE-2,DONE,FUNCTIONAL_STARTER,VERIFIED,W20,true,PROTECTED_GATE,HISTORICAL_REFERENCE
Task,BAT-191,100191,[TASK-088] Define A&M high-resolution evidence acquisition/state overlay,100016,"Local ID: TASK-088

Objective
Define A&M high-resolution evidence acquisition/state overlay

Why This Exists
Preserve the original W14 WBS work unit, its dependencies, outputs, and scoped completion semantics as provenance for post-wave execution.

Scope
Original task type DESIGN with mutation scope: as defined by its source documents.

Explicit In Scope
- Original WBS objective and outputs
- Original requirements and acceptance-control mappings
- Original dependency and execution-lane provenance

Explicit Out of Scope
- Reopening completed planning solely to rename it
- Treating a starter/design result as empirically validated production capability

Prerequisites / Dependencies
- Historical dependency TASK-058
- Historical dependency TASK-064
- Historical dependency TASK-070
- Historical dependency TASK-076
- Historical dependency TASK-082
- TASK-058
- TASK-064
- TASK-070
- TASK-076
- TASK-082

Acceptance Criteria
1. Stable ID TASK-088, parent EPIC-016, owner wave W14, and original status DONE are preserved.
2. Declared outputs are traceable to existing repository artifacts where resolvable, or remain recorded as historical output names without fabricating files.
3. Requirement, acceptance-control, and dependency references resolve to authoritative registries.
4. The record does not claim maturity beyond the task's original design, contract, functional-starter, synthetic-validation, or integration scope.

Definition of Done
1. The original historical scope and status are preserved with source evidence and stable identifiers.
2. The record does not claim production maturity beyond the original design, contract, starter, integration, or validation scope.
3. Any remaining empirical, production, target-hardware, or operating obligation is represented by separate actionable post-wave work.

Required Tests / Validation
- EXISTING_AUTOMATED_TEST / EXISTING_AUTOMATED_TEST: tests/test_model_architecture_governance.py — Run and retain the result when this issue touches the covered contract.
- EXISTING_AUTOMATED_TEST / EXISTING_AUTOMATED_TEST: tests/test_w20_model_starter.py — Run and retain the result when this issue touches the covered contract.
- EXISTING_AUTOMATED_TEST / EXISTING_AUTOMATED_TEST: tools/validate_model_architecture.py — Run and retain the result when this issue touches the covered contract.

Required Evidence
- Authoritative WBS row TASK-088
- Existing artifact `A&M high-resolution state contract`

End-to-End Validation
Historical completion remains scoped; integrated product completion is evaluated only through the post-wave release path.

Stop Conditions
- Stop if completing this record would fabricate real-data, model-metric, source-rights, target-hardware, or operating evidence.

Source References
- SRCREF-00121
- SRCREF-02116
- SRCREF-02117

Governance Traceability Gate:

Canonical Record: jira/records/issues/tasks/TASK-088_define_a_and_m_high_resolution_evidence_acquisition_state_overlay.json",Done,High,design;historical;planning-program;w14;wave-completed;local-id-task-088,modeling,TASK-088,TASK-088,PHASE-3,DONE,CONTRACT_DEFINED,VERIFIED,W14,false,SOLO_WORKTREE,HISTORICAL_REFERENCE
Task,BAT-192,100192,[TASK-089] Define A&M unit/QB/OL/receiver/depth state,100016,"Local ID: TASK-089

Objective
Define A&M unit/QB/OL/receiver/depth state

Why This Exists
Preserve the original W14 WBS work unit, its dependencies, outputs, and scoped completion semantics as provenance for post-wave execution.

Scope
Original task type DESIGN with mutation scope: as defined by its source documents.

Explicit In Scope
- Original WBS objective and outputs
- Original requirements and acceptance-control mappings
- Original dependency and execution-lane provenance

Explicit Out of Scope
- Reopening completed planning solely to rename it
- Treating a starter/design result as empirically validated production capability

Prerequisites / Dependencies
- Historical dependency TASK-088
- Historical dependency TASK-052
- TASK-052
- TASK-088

Acceptance Criteria
1. Stable ID TASK-089, parent EPIC-016, owner wave W14, and original status DONE are preserved.
2. Declared outputs are traceable to existing repository artifacts where resolvable, or remain recorded as historical output names without fabricating files.
3. Requirement, acceptance-control, and dependency references resolve to authoritative registries.
4. The record does not claim maturity beyond the task's original design, contract, functional-starter, synthetic-validation, or integration scope.

Definition of Done
1. The original historical scope and status are preserved with source evidence and stable identifiers.
2. The record does not claim production maturity beyond the original design, contract, starter, integration, or validation scope.
3. Any remaining empirical, production, target-hardware, or operating obligation is represented by separate actionable post-wave work.

Required Tests / Validation
- EXISTING_AUTOMATED_TEST / EXISTING_AUTOMATED_TEST: tests/test_model_architecture_governance.py — Run and retain the result when this issue touches the covered contract.
- EXISTING_AUTOMATED_TEST / EXISTING_AUTOMATED_TEST: tests/test_w20_model_starter.py — Run and retain the result when this issue touches the covered contract.
- EXISTING_AUTOMATED_TEST / EXISTING_AUTOMATED_TEST: tools/validate_model_architecture.py — Run and retain the result when this issue touches the covered contract.

Required Evidence
- Authoritative WBS row TASK-089
- Existing artifact `A&M unit-state contracts`

End-to-End Validation
Historical completion remains scoped; integrated product completion is evaluated only through the post-wave release path.

Stop Conditions
- Stop if completing this record would fabricate real-data, model-metric, source-rights, target-hardware, or operating evidence.

Source References
- SRCREF-00122
- SRCREF-02116
- SRCREF-02117

Governance Traceability Gate:

Canonical Record: jira/records/issues/tasks/TASK-089_define_a_and_m_unit_qb_ol_receiver_depth_state.json",Done,High,design;historical;planning-program;w14;wave-completed;local-id-task-089,modeling,TASK-089,TASK-089,PHASE-3,DONE,CONTRACT_DEFINED,VERIFIED,W14,false,SOLO_WORKTREE,HISTORICAL_REFERENCE
Task,BAT-193,100193,[TASK-090] Define A&M regime/staff/availability current-state layer,100016,"Local ID: TASK-090

Objective
Define A&M regime/staff/availability current-state layer

Why This Exists
Preserve the original W14 WBS work unit, its dependencies, outputs, and scoped completion semantics as provenance for post-wave execution.

Scope
Original task type DESIGN with mutation scope: as defined by its source documents.

Explicit In Scope
- Original WBS objective and outputs
- Original requirements and acceptance-control mappings
- Original dependency and execution-lane provenance

Explicit Out of Scope
- Reopening completed planning solely to rename it
- Treating a starter/design result as empirically validated production capability

Prerequisites / Dependencies
- Historical dependency TASK-088
- Historical dependency TASK-064
- TASK-064
- TASK-088

Acceptance Criteria
1. Stable ID TASK-090, parent EPIC-016, owner wave W14, and original status DONE are preserved.
2. Declared outputs are traceable to existing repository artifacts where resolvable, or remain recorded as historical output names without fabricating files.
3. Requirement, acceptance-control, and dependency references resolve to authoritative registries.
4. The record does not claim maturity beyond the task's original design, contract, functional-starter, synthetic-validation, or integration scope.

Definition of Done
1. The original historical scope and status are preserved with source evidence and stable identifiers.
2. The record does not claim production maturity beyond the original design, contract, starter, integration, or validation scope.
3. Any remaining empirical, production, target-hardware, or operating obligation is represented by separate actionable post-wave work.

Required Tests / Validation
- EXISTING_AUTOMATED_TEST / EXISTING_AUTOMATED_TEST: tests/test_model_architecture_governance.py — Run and retain the result when this issue touches the covered contract.
- EXISTING_AUTOMATED_TEST / EXISTING_AUTOMATED_TEST: tests/test_w20_model_starter.py — Run and retain the result when this issue touches the covered contract.
- EXISTING_AUTOMATED_TEST / EXISTING_AUTOMATED_TEST: tools/validate_model_architecture.py — Run and retain the result when this issue touches the covered contract.

Required Evidence
- Authoritative WBS row TASK-090
- Existing artifact `A&M regime/availability overlay`

End-to-End Validation
Historical completion remains scoped; integrated product completion is evaluated only through the post-wave release path.

Stop Conditions
- Stop if completing this record would fabricate real-data, model-metric, source-rights, target-hardware, or operating evidence.

Source References
- SRCREF-00123
- SRCREF-02116
- SRCREF-02117

Governance Traceability Gate:

Canonical Record: jira/records/issues/tasks/TASK-090_define_a_and_m_regime_staff_availability_current_state_layer.json",Done,High,design;historical;planning-program;w14;wave-completed;local-id-task-090,modeling,TASK-090,TASK-090,PHASE-3,DONE,CONTRACT_DEFINED,VERIFIED,W14,false,SOLO_WORKTREE,HISTORICAL_REFERENCE
Task,BAT-194,100194,[TASK-091] Define A&M frequent forecast snapshot schedule candidates,100016,"Local ID: TASK-091

Objective
Define A&M frequent forecast snapshot schedule candidates

Why This Exists
Preserve the original W14 WBS work unit, its dependencies, outputs, and scoped completion semantics as provenance for post-wave execution.

Scope
Original task type DESIGN with mutation scope: as defined by its source documents.

Explicit In Scope
- Original WBS objective and outputs
- Original requirements and acceptance-control mappings
- Original dependency and execution-lane provenance

Explicit Out of Scope
- Reopening completed planning solely to rename it
- Treating a starter/design result as empirically validated production capability

Prerequisites / Dependencies
- Historical dependency TASK-088
- Historical dependency TASK-018
- TASK-018
- TASK-088

Acceptance Criteria
1. Stable ID TASK-091, parent EPIC-016, owner wave W14, and original status DONE are preserved.
2. Declared outputs are traceable to existing repository artifacts where resolvable, or remain recorded as historical output names without fabricating files.
3. Requirement, acceptance-control, and dependency references resolve to authoritative registries.
4. The record does not claim maturity beyond the task's original design, contract, functional-starter, synthetic-validation, or integration scope.

Definition of Done
1. The original historical scope and status are preserved with source evidence and stable identifiers.
2. The record does not claim production maturity beyond the original design, contract, starter, integration, or validation scope.
3. Any remaining empirical, production, target-hardware, or operating obligation is represented by separate actionable post-wave work.

Required Tests / Validation
- EXISTING_AUTOMATED_TEST / EXISTING_AUTOMATED_TEST: tests/test_model_architecture_governance.py — Run and retain the result when this issue touches the covered contract.
- EXISTING_AUTOMATED_TEST / EXISTING_AUTOMATED_TEST: tests/test_w20_model_starter.py — Run and retain the result when this issue touches the covered contract.
- EXISTING_AUTOMATED_TEST / EXISTING_AUTOMATED_TEST: tools/validate_model_architecture.py — Run and retain the result when this issue touches the covered contract.

Required Evidence
- Authoritative WBS row TASK-091
- Existing artifact `A&M snapshot cadence proposal`

End-to-End Validation
Historical completion remains scoped; integrated product completion is evaluated only through the post-wave release path.

Stop Conditions
- Stop if completing this record would fabricate real-data, model-metric, source-rights, target-hardware, or operating evidence.

Source References
- SRCREF-00124
- SRCREF-02116
- SRCREF-02117

Governance Traceability Gate:

Canonical Record: jira/records/issues/tasks/TASK-091_define_a_and_m_frequent_forecast_snapshot_schedule_candidates.json",Done,High,design;historical;planning-program;w14;wave-completed;local-id-task-091,modeling,TASK-091,TASK-091,PHASE-3,DONE,CONTRACT_DEFINED,VERIFIED,W14,false,SOLO_WORKTREE,HISTORICAL_REFERENCE
Task,BAT-195,100195,[TASK-092] Define A&M peer cohort/analog evidence interface,100016,"Local ID: TASK-092

Objective
Define A&M peer cohort/analog evidence interface

Why This Exists
Preserve the original W14 WBS work unit, its dependencies, outputs, and scoped completion semantics as provenance for post-wave execution.

Scope
Original task type DESIGN with mutation scope: as defined by its source documents.

Explicit In Scope
- Original WBS objective and outputs
- Original requirements and acceptance-control mappings
- Original dependency and execution-lane provenance

Explicit Out of Scope
- Reopening completed planning solely to rename it
- Treating a starter/design result as empirically validated production capability

Prerequisites / Dependencies
- Historical dependency TASK-088
- Historical dependency TASK-035
- TASK-035
- TASK-088

Acceptance Criteria
1. Stable ID TASK-092, parent EPIC-016, owner wave W14, and original status DONE are preserved.
2. Declared outputs are traceable to existing repository artifacts where resolvable, or remain recorded as historical output names without fabricating files.
3. Requirement, acceptance-control, and dependency references resolve to authoritative registries.
4. The record does not claim maturity beyond the task's original design, contract, functional-starter, synthetic-validation, or integration scope.

Definition of Done
1. The original historical scope and status are preserved with source evidence and stable identifiers.
2. The record does not claim production maturity beyond the original design, contract, starter, integration, or validation scope.
3. Any remaining empirical, production, target-hardware, or operating obligation is represented by separate actionable post-wave work.

Required Tests / Validation
- EXISTING_AUTOMATED_TEST / EXISTING_AUTOMATED_TEST: tests/test_model_architecture_governance.py — Run and retain the result when this issue touches the covered contract.
- EXISTING_AUTOMATED_TEST / EXISTING_AUTOMATED_TEST: tests/test_w20_model_starter.py — Run and retain the result when this issue touches the covered contract.
- EXISTING_AUTOMATED_TEST / EXISTING_AUTOMATED_TEST: tools/validate_model_architecture.py — Run and retain the result when this issue touches the covered contract.

Required Evidence
- Authoritative WBS row TASK-092
- Existing artifact `peer/analog contract`

End-to-End Validation
Historical completion remains scoped; integrated product completion is evaluated only through the post-wave release path.

Stop Conditions
- Stop if completing this record would fabricate real-data, model-metric, source-rights, target-hardware, or operating evidence.

Source References
- SRCREF-00125
- SRCREF-02116
- SRCREF-02117

Governance Traceability Gate:

Canonical Record: jira/records/issues/tasks/TASK-092_define_a_and_m_peer_cohort_analog_evidence_interface.json",Done,High,design;historical;planning-program;w14;wave-completed;local-id-task-092,modeling,TASK-092,TASK-092,PHASE-3,DONE,CONTRACT_DEFINED,VERIFIED,W14,false,SOLO_WORKTREE,HISTORICAL_REFERENCE
Task,BAT-196,100196,[TASK-093] Freeze A&M state interface,100016,"Local ID: TASK-093

Objective
Freeze A&M state interface

Why This Exists
Preserve the original W14 WBS work unit, its dependencies, outputs, and scoped completion semantics as provenance for post-wave execution.

Scope
Original task type GATE with mutation scope: as defined by its source documents.

Explicit In Scope
- Original WBS objective and outputs
- Original requirements and acceptance-control mappings
- Original dependency and execution-lane provenance

Explicit Out of Scope
- Reopening completed planning solely to rename it
- Treating a starter/design result as empirically validated production capability

Prerequisites / Dependencies
- Historical dependency TASK-089
- Historical dependency TASK-090
- Historical dependency TASK-091
- Historical dependency TASK-092
- TASK-089
- TASK-090
- TASK-091
- TASK-092

Acceptance Criteria
1. Stable ID TASK-093, parent EPIC-016, owner wave W14, and original status DONE are preserved.
2. Declared outputs are traceable to existing repository artifacts where resolvable, or remain recorded as historical output names without fabricating files.
3. Requirement, acceptance-control, and dependency references resolve to authoritative registries.
4. The record does not claim maturity beyond the task's original design, contract, functional-starter, synthetic-validation, or integration scope.

Definition of Done
1. The original historical scope and status are preserved with source evidence and stable identifiers.
2. The record does not claim production maturity beyond the original design, contract, starter, integration, or validation scope.
3. Any remaining empirical, production, target-hardware, or operating obligation is represented by separate actionable post-wave work.

Required Tests / Validation
- EXISTING_AUTOMATED_TEST / EXISTING_AUTOMATED_TEST: tests/test_model_architecture_governance.py — Run and retain the result when this issue touches the covered contract.
- EXISTING_AUTOMATED_TEST / EXISTING_AUTOMATED_TEST: tests/test_w20_model_starter.py — Run and retain the result when this issue touches the covered contract.
- EXISTING_AUTOMATED_TEST / EXISTING_AUTOMATED_TEST: tools/validate_model_architecture.py — Run and retain the result when this issue touches the covered contract.

Required Evidence
- Authoritative WBS row TASK-093
- Existing artifact `A&M team-state baseline`

End-to-End Validation
Historical completion remains scoped; integrated product completion is evaluated only through the post-wave release path.

Stop Conditions
- Stop if completing this record would fabricate real-data, model-metric, source-rights, target-hardware, or operating evidence.

Source References
- SRCREF-00126
- SRCREF-02116
- SRCREF-02117

Governance Traceability Gate:

Canonical Record: jira/records/issues/tasks/TASK-093_freeze_a_and_m_state_interface.json",Done,High,gate;historical;planning-program;w14;wave-completed;local-id-task-093,modeling,TASK-093,TASK-093,PHASE-3,DONE,CONTRACT_DEFINED,VERIFIED,W14,true,PROTECTED_GATE,HISTORICAL_REFERENCE
Task,BAT-197,100197,[TASK-094] Define specialization input/output semantic contract,100017,"Local ID: TASK-094

Objective
Define specialization input/output semantic contract

Why This Exists
Preserve the original W14 WBS work unit, its dependencies, outputs, and scoped completion semantics as provenance for post-wave execution.

Scope
Original task type DESIGN with mutation scope: as defined by its source documents.

Explicit In Scope
- Original WBS objective and outputs
- Original requirements and acceptance-control mappings
- Original dependency and execution-lane provenance

Explicit Out of Scope
- Reopening completed planning solely to rename it
- Treating a starter/design result as empirically validated production capability

Prerequisites / Dependencies
- Historical dependency TASK-093
- TASK-093

Acceptance Criteria
1. Stable ID TASK-094, parent EPIC-017, owner wave W14, and original status DONE are preserved.
2. Declared outputs are traceable to existing repository artifacts where resolvable, or remain recorded as historical output names without fabricating files.
3. Requirement, acceptance-control, and dependency references resolve to authoritative registries.
4. The record does not claim maturity beyond the task's original design, contract, functional-starter, synthetic-validation, or integration scope.

Definition of Done
1. The original historical scope and status are preserved with source evidence and stable identifiers.
2. The record does not claim production maturity beyond the original design, contract, starter, integration, or validation scope.
3. Any remaining empirical, production, target-hardware, or operating obligation is represented by separate actionable post-wave work.

Required Tests / Validation
- EXISTING_AUTOMATED_TEST / EXISTING_AUTOMATED_TEST: tests/test_tamu_specialization_governance.py — Run and retain the result when this issue touches the covered contract.
- EXISTING_AUTOMATED_TEST / EXISTING_AUTOMATED_TEST: tests/test_w20_model_starter.py — Run and retain the result when this issue touches the covered contract.
- EXISTING_AUTOMATED_TEST / EXISTING_AUTOMATED_TEST: tools/validate_tamu_specialization.py — Run and retain the result when this issue touches the covered contract.

Required Evidence
- Authoritative WBS row TASK-094
- Existing artifact `national→A&M specialization interface`

End-to-End Validation
Historical completion remains scoped; integrated product completion is evaluated only through the post-wave release path.

Stop Conditions
- Stop if completing this record would fabricate real-data, model-metric, source-rights, target-hardware, or operating evidence.

Source References
- SRCREF-00127
- SRCREF-02116
- SRCREF-02117

Governance Traceability Gate:

Canonical Record: jira/records/issues/tasks/TASK-094_define_specialization_input_output_semantic_contract.json",Done,High,design;historical;planning-program;w14;wave-completed;local-id-task-094,tamu-specialization,TASK-094,TASK-094,PHASE-3,DONE,CONTRACT_DEFINED,VERIFIED,W14,false,SOLO_WORKTREE,HISTORICAL_REFERENCE
Task,BAT-198,100198,[TASK-095] Design residual-adapter challenger,100017,"Local ID: TASK-095

Objective
Design residual-adapter challenger

Why This Exists
Preserve the original W14 WBS work unit, its dependencies, outputs, and scoped completion semantics as provenance for post-wave execution.

Scope
Original task type EXPERIMENT_DESIGN with mutation scope: as defined by its source documents.

Explicit In Scope
- Original WBS objective and outputs
- Original requirements and acceptance-control mappings
- Original dependency and execution-lane provenance

Explicit Out of Scope
- Reopening completed planning solely to rename it
- Treating a starter/design result as empirically validated production capability

Prerequisites / Dependencies
- Historical dependency TASK-094
- TASK-094

Acceptance Criteria
1. Stable ID TASK-095, parent EPIC-017, owner wave W14, and original status DONE are preserved.
2. Declared outputs are traceable to existing repository artifacts where resolvable, or remain recorded as historical output names without fabricating files.
3. Requirement, acceptance-control, and dependency references resolve to authoritative registries.
4. The record does not claim maturity beyond the task's original design, contract, functional-starter, synthetic-validation, or integration scope.

Definition of Done
1. The original historical scope and status are preserved with source evidence and stable identifiers.
2. The record does not claim production maturity beyond the original design, contract, starter, integration, or validation scope.
3. Any remaining empirical, production, target-hardware, or operating obligation is represented by separate actionable post-wave work.

Required Tests / Validation
- EXISTING_AUTOMATED_TEST / EXISTING_AUTOMATED_TEST: tests/test_model_architecture_governance.py — Run and retain the result when this issue touches the covered contract.
- EXISTING_AUTOMATED_TEST / EXISTING_AUTOMATED_TEST: tests/test_w20_model_starter.py — Run and retain the result when this issue touches the covered contract.
- EXISTING_AUTOMATED_TEST / EXISTING_AUTOMATED_TEST: tools/validate_model_architecture.py — Run and retain the result when this issue touches the covered contract.

Required Evidence
- Authoritative WBS row TASK-095
- Existing artifact `residual specialization candidate`

End-to-End Validation
Historical completion remains scoped; integrated product completion is evaluated only through the post-wave release path.

Stop Conditions
- Stop if completing this record would fabricate real-data, model-metric, source-rights, target-hardware, or operating evidence.

Source References
- SRCREF-00128
- SRCREF-02116
- SRCREF-02117

Governance Traceability Gate:

Canonical Record: jira/records/issues/tasks/TASK-095_design_residual_adapter_challenger.json",Done,High,experiment-design;historical;planning-program;w14;wave-completed;local-id-task-095,modeling,TASK-095,TASK-095,PHASE-3,DONE,CONTRACT_DEFINED,VERIFIED,W14,false,SOLO_WORKTREE,HISTORICAL_REFERENCE
Task,BAT-199,100199,[TASK-096] Design hierarchical/multi-task specialization challengers,100017,"Local ID: TASK-096

Objective
Design hierarchical/multi-task specialization challengers

Why This Exists
Preserve the original W14 WBS work unit, its dependencies, outputs, and scoped completion semantics as provenance for post-wave execution.

Scope
Original task type EXPERIMENT_DESIGN with mutation scope: as defined by its source documents.

Explicit In Scope
- Original WBS objective and outputs
- Original requirements and acceptance-control mappings
- Original dependency and execution-lane provenance

Explicit Out of Scope
- Reopening completed planning solely to rename it
- Treating a starter/design result as empirically validated production capability

Prerequisites / Dependencies
- Historical dependency TASK-094
- TASK-094

Acceptance Criteria
1. Stable ID TASK-096, parent EPIC-017, owner wave W14, and original status DONE are preserved.
2. Declared outputs are traceable to existing repository artifacts where resolvable, or remain recorded as historical output names without fabricating files.
3. Requirement, acceptance-control, and dependency references resolve to authoritative registries.
4. The record does not claim maturity beyond the task's original design, contract, functional-starter, synthetic-validation, or integration scope.

Definition of Done
1. The original historical scope and status are preserved with source evidence and stable identifiers.
2. The record does not claim production maturity beyond the original design, contract, starter, integration, or validation scope.
3. Any remaining empirical, production, target-hardware, or operating obligation is represented by separate actionable post-wave work.

Required Tests / Validation
- EXISTING_AUTOMATED_TEST / EXISTING_AUTOMATED_TEST: tests/test_model_architecture_governance.py — Run and retain the result when this issue touches the covered contract.
- EXISTING_AUTOMATED_TEST / EXISTING_AUTOMATED_TEST: tests/test_w20_model_starter.py — Run and retain the result when this issue touches the covered contract.
- EXISTING_AUTOMATED_TEST / EXISTING_AUTOMATED_TEST: tools/validate_model_architecture.py — Run and retain the result when this issue touches the covered contract.

Required Evidence
- Authoritative WBS row TASK-096
- Existing artifact `hierarchical/multi-task candidates`

End-to-End Validation
Historical completion remains scoped; integrated product completion is evaluated only through the post-wave release path.

Stop Conditions
- Stop if completing this record would fabricate real-data, model-metric, source-rights, target-hardware, or operating evidence.

Source References
- SRCREF-00129
- SRCREF-02116
- SRCREF-02117

Governance Traceability Gate:

Canonical Record: jira/records/issues/tasks/TASK-096_design_hierarchical_multi_task_specialization_challengers.json",Done,High,experiment-design;historical;planning-program;w14;wave-completed;local-id-task-096,modeling,TASK-096,TASK-096,PHASE-3,DONE,CONTRACT_DEFINED,VERIFIED,W14,false,SOLO_WORKTREE,HISTORICAL_REFERENCE
Task,BAT-200,100200,[TASK-097] Define shrinkage/no-adjustment fallback and overfit guard,100017,"Local ID: TASK-097

Objective
Define shrinkage/no-adjustment fallback and overfit guard

Why This Exists
Preserve the original W14 WBS work unit, its dependencies, outputs, and scoped completion semantics as provenance for post-wave execution.

Scope
Original task type VALIDATION_DESIGN with mutation scope: as defined by its source documents.

Explicit In Scope
- Original WBS objective and outputs
- Original requirements and acceptance-control mappings
- Original dependency and execution-lane provenance

Explicit Out of Scope
- Reopening completed planning solely to rename it
- Treating a starter/design result as empirically validated production capability

Prerequisites / Dependencies
- Historical dependency TASK-095
- Historical dependency TASK-096
- TASK-095
- TASK-096

Acceptance Criteria
1. Stable ID TASK-097, parent EPIC-017, owner wave W14, and original status DONE are preserved.
2. Declared outputs are traceable to existing repository artifacts where resolvable, or remain recorded as historical output names without fabricating files.
3. Requirement, acceptance-control, and dependency references resolve to authoritative registries.
4. The record does not claim maturity beyond the task's original design, contract, functional-starter, synthetic-validation, or integration scope.

Definition of Done
1. The original historical scope and status are preserved with source evidence and stable identifiers.
2. The record does not claim production maturity beyond the original design, contract, starter, integration, or validation scope.
3. Any remaining empirical, production, target-hardware, or operating obligation is represented by separate actionable post-wave work.

Required Tests / Validation
- EXISTING_AUTOMATED_TEST / EXISTING_AUTOMATED_TEST: tests/test_validation_science_governance.py — Run and retain the result when this issue touches the covered contract.
- EXISTING_AUTOMATED_TEST / EXISTING_AUTOMATED_TEST: tests/test_w25_final_handoff.py — Run and retain the result when this issue touches the covered contract.
- EXISTING_AUTOMATED_TEST / EXISTING_AUTOMATED_TEST: tools/validate_validation_science.py — Run and retain the result when this issue touches the covered contract.

Required Evidence
- Authoritative WBS row TASK-097
- Existing artifact `specialization overfit safeguards`

End-to-End Validation
Historical completion remains scoped; integrated product completion is evaluated only through the post-wave release path.

Stop Conditions
- Stop if completing this record would fabricate real-data, model-metric, source-rights, target-hardware, or operating evidence.

Source References
- SRCREF-00130
- SRCREF-02116
- SRCREF-02117

Governance Traceability Gate:

Canonical Record: jira/records/issues/tasks/TASK-097_define_shrinkage_no_adjustment_fallback_and_overfit_guard.json",Done,High,historical;planning-program;validation-design;w14;wave-completed;local-id-task-097,validation-promotion,TASK-097,TASK-097,PHASE-3,DONE,CONTRACT_DEFINED,VERIFIED,W14,false,PROTECTED_GATE,HISTORICAL_REFERENCE
Task,BAT-201,100201,[TASK-098] Define A&M-specific evaluation weighting/subgroups,100017,"Local ID: TASK-098

Objective
Define A&M-specific evaluation weighting/subgroups

Why This Exists
Preserve the original W14 WBS work unit, its dependencies, outputs, and scoped completion semantics as provenance for post-wave execution.

Scope
Original task type VALIDATION_DESIGN with mutation scope: as defined by its source documents.

Explicit In Scope
- Original WBS objective and outputs
- Original requirements and acceptance-control mappings
- Original dependency and execution-lane provenance

Explicit Out of Scope
- Reopening completed planning solely to rename it
- Treating a starter/design result as empirically validated production capability

Prerequisites / Dependencies
- Historical dependency TASK-094
- TASK-094

Acceptance Criteria
1. Stable ID TASK-098, parent EPIC-017, owner wave W14, and original status DONE are preserved.
2. Declared outputs are traceable to existing repository artifacts where resolvable, or remain recorded as historical output names without fabricating files.
3. Requirement, acceptance-control, and dependency references resolve to authoritative registries.
4. The record does not claim maturity beyond the task's original design, contract, functional-starter, synthetic-validation, or integration scope.

Definition of Done
1. The original historical scope and status are preserved with source evidence and stable identifiers.
2. The record does not claim production maturity beyond the original design, contract, starter, integration, or validation scope.
3. Any remaining empirical, production, target-hardware, or operating obligation is represented by separate actionable post-wave work.

Required Tests / Validation
- EXISTING_AUTOMATED_TEST / EXISTING_AUTOMATED_TEST: tests/test_validation_science_governance.py — Run and retain the result when this issue touches the covered contract.
- EXISTING_AUTOMATED_TEST / EXISTING_AUTOMATED_TEST: tests/test_w25_final_handoff.py — Run and retain the result when this issue touches the covered contract.
- EXISTING_AUTOMATED_TEST / EXISTING_AUTOMATED_TEST: tools/validate_validation_science.py — Run and retain the result when this issue touches the covered contract.

Required Evidence
- Authoritative WBS row TASK-098
- Existing artifact `A&M evaluation slice contract`

End-to-End Validation
Historical completion remains scoped; integrated product completion is evaluated only through the post-wave release path.

Stop Conditions
- Stop if completing this record would fabricate real-data, model-metric, source-rights, target-hardware, or operating evidence.

Source References
- SRCREF-00131
- SRCREF-02116
- SRCREF-02117

Governance Traceability Gate:

Canonical Record: jira/records/issues/tasks/TASK-098_define_a_and_m_specific_evaluation_weighting_subgroups.json",Done,High,historical;planning-program;validation-design;w14;wave-completed;local-id-task-098,validation-promotion,TASK-098,TASK-098,PHASE-3,DONE,CONTRACT_DEFINED,VERIFIED,W14,false,SOLO_WORKTREE,HISTORICAL_REFERENCE
Task,BAT-202,100202,[TASK-099] Freeze specialization candidates for W16/W17 comparison,100017,"Local ID: TASK-099

Objective
Freeze specialization candidates for W16/W17 comparison

Why This Exists
Preserve the original W14 WBS work unit, its dependencies, outputs, and scoped completion semantics as provenance for post-wave execution.

Scope
Original task type GATE with mutation scope: as defined by its source documents.

Explicit In Scope
- Original WBS objective and outputs
- Original requirements and acceptance-control mappings
- Original dependency and execution-lane provenance

Explicit Out of Scope
- Reopening completed planning solely to rename it
- Treating a starter/design result as empirically validated production capability

Prerequisites / Dependencies
- Historical dependency TASK-097
- Historical dependency TASK-098
- TASK-097
- TASK-098

Acceptance Criteria
1. Stable ID TASK-099, parent EPIC-017, owner wave W14, and original status DONE are preserved.
2. Declared outputs are traceable to existing repository artifacts where resolvable, or remain recorded as historical output names without fabricating files.
3. Requirement, acceptance-control, and dependency references resolve to authoritative registries.
4. The record does not claim maturity beyond the task's original design, contract, functional-starter, synthetic-validation, or integration scope.

Definition of Done
1. The original historical scope and status are preserved with source evidence and stable identifiers.
2. The record does not claim production maturity beyond the original design, contract, starter, integration, or validation scope.
3. Any remaining empirical, production, target-hardware, or operating obligation is represented by separate actionable post-wave work.

Required Tests / Validation
- EXISTING_AUTOMATED_TEST / EXISTING_AUTOMATED_TEST: tests/test_model_architecture_governance.py — Run and retain the result when this issue touches the covered contract.
- EXISTING_AUTOMATED_TEST / EXISTING_AUTOMATED_TEST: tests/test_w20_model_starter.py — Run and retain the result when this issue touches the covered contract.
- EXISTING_AUTOMATED_TEST / EXISTING_AUTOMATED_TEST: tools/validate_model_architecture.py — Run and retain the result when this issue touches the covered contract.

Required Evidence
- Authoritative WBS row TASK-099
- Existing artifact `specialization candidate baseline`

End-to-End Validation
Historical completion remains scoped; integrated product completion is evaluated only through the post-wave release path.

Stop Conditions
- Stop if completing this record would fabricate real-data, model-metric, source-rights, target-hardware, or operating evidence.

Source References
- SRCREF-00132
- SRCREF-02116
- SRCREF-02117

Governance Traceability Gate:

Canonical Record: jira/records/issues/tasks/TASK-099_freeze_specialization_candidates_for_w16_w17_comparison.json",Done,High,gate;historical;planning-program;w14;wave-completed;local-id-task-099,modeling,TASK-099,TASK-099,PHASE-3,DONE,CONTRACT_DEFINED,VERIFIED,W14,true,PROTECTED_GATE,HISTORICAL_REFERENCE
Task,BAT-203,100203,[TASK-100] Implement/verify primary BAS residual definition contract,100018,"Local ID: TASK-100

Objective
Implement/verify primary BAS residual definition contract

Why This Exists
Preserve the original W15 WBS work unit, its dependencies, outputs, and scoped completion semantics as provenance for post-wave execution.

Scope
Original task type DESIGN with mutation scope: as defined by its source documents.

Explicit In Scope
- Original WBS objective and outputs
- Original requirements and acceptance-control mappings
- Original dependency and execution-lane provenance

Explicit Out of Scope
- Reopening completed planning solely to rename it
- Treating a starter/design result as empirically validated production capability

Prerequisites / Dependencies
- Historical dependency TASK-099
- TASK-099

Acceptance Criteria
1. Stable ID TASK-100, parent EPIC-018, owner wave W15, and original status DONE are preserved.
2. Declared outputs are traceable to existing repository artifacts where resolvable, or remain recorded as historical output names without fabricating files.
3. Requirement, acceptance-control, and dependency references resolve to authoritative registries.
4. The record does not claim maturity beyond the task's original design, contract, functional-starter, synthetic-validation, or integration scope.

Definition of Done
1. The original historical scope and status are preserved with source evidence and stable identifiers.
2. The record does not claim production maturity beyond the original design, contract, starter, integration, or validation scope.
3. Any remaining empirical, production, target-hardware, or operating obligation is represented by separate actionable post-wave work.

Required Tests / Validation
- EXISTING_AUTOMATED_TEST / EXISTING_AUTOMATED_TEST: tests/test_bas_science_governance.py — Run and retain the result when this issue touches the covered contract.
- EXISTING_AUTOMATED_TEST / EXISTING_AUTOMATED_TEST: tests/test_w20_model_starter.py — Run and retain the result when this issue touches the covered contract.
- EXISTING_AUTOMATED_TEST / EXISTING_AUTOMATED_TEST: tools/validate_bas_science.py — Run and retain the result when this issue touches the covered contract.

Required Evidence
- Authoritative WBS row TASK-100
- Existing artifact `BAS residual/threshold contract`

End-to-End Validation
Historical completion remains scoped; integrated product completion is evaluated only through the post-wave release path.

Stop Conditions
- Stop if completing this record would fabricate real-data, model-metric, source-rights, target-hardware, or operating evidence.

Source References
- SRCREF-00133
- SRCREF-02116
- SRCREF-02117

Governance Traceability Gate:

Canonical Record: jira/records/issues/tasks/TASK-100_implement_verify_primary_bas_residual_definition_contract.json",Done,High,design;historical;planning-program;w15;wave-completed;local-id-task-100,bas-science,TASK-100,TASK-100,PHASE-3,DONE,CONTRACT_DEFINED,VERIFIED,W15,false,SOLO_WORKTREE,HISTORICAL_REFERENCE
Task,BAT-204,100204,[TASK-101] Design cross-fitted expected-margin label generator,100018,"Local ID: TASK-101

Objective
Design cross-fitted expected-margin label generator

Why This Exists
Preserve the original W15 WBS work unit, its dependencies, outputs, and scoped completion semantics as provenance for post-wave execution.

Scope
Original task type DESIGN_IMPLEMENTATION with mutation scope: as defined by its source documents.

Explicit In Scope
- Original WBS objective and outputs
- Original requirements and acceptance-control mappings
- Original dependency and execution-lane provenance

Explicit Out of Scope
- Reopening completed planning solely to rename it
- Treating a starter/design result as empirically validated production capability

Prerequisites / Dependencies
- Historical dependency TASK-100
- Historical dependency TASK-018
- TASK-018
- TASK-100

Acceptance Criteria
1. Stable ID TASK-101, parent EPIC-018, owner wave W15, and original status DONE are preserved.
2. Declared outputs are traceable to existing repository artifacts where resolvable, or remain recorded as historical output names without fabricating files.
3. Requirement, acceptance-control, and dependency references resolve to authoritative registries.
4. The record does not claim maturity beyond the task's original design, contract, functional-starter, synthetic-validation, or integration scope.

Definition of Done
1. The original historical scope and status are preserved with source evidence and stable identifiers.
2. The record does not claim production maturity beyond the original design, contract, starter, integration, or validation scope.
3. Any remaining empirical, production, target-hardware, or operating obligation is represented by separate actionable post-wave work.

Required Tests / Validation
- EXISTING_AUTOMATED_TEST / EXISTING_AUTOMATED_TEST: tests/test_bas_science_governance.py — Run and retain the result when this issue touches the covered contract.
- EXISTING_AUTOMATED_TEST / EXISTING_AUTOMATED_TEST: tests/test_w20_model_starter.py — Run and retain the result when this issue touches the covered contract.
- EXISTING_AUTOMATED_TEST / EXISTING_AUTOMATED_TEST: tools/validate_bas_science.py — Run and retain the result when this issue touches the covered contract.

Required Evidence
- Authoritative WBS row TASK-101
- Existing artifact `cross-fit label-generation contract`

End-to-End Validation
Historical completion remains scoped; integrated product completion is evaluated only through the post-wave release path.

Stop Conditions
- Stop if completing this record would fabricate real-data, model-metric, source-rights, target-hardware, or operating evidence.

Source References
- SRCREF-00134
- SRCREF-02116
- SRCREF-02117

Governance Traceability Gate:

Canonical Record: jira/records/issues/tasks/TASK-101_design_cross_fitted_expected_margin_label_generator.json",Done,High,design-implementation;historical;planning-program;w15;wave-completed;local-id-task-101,bas-science,TASK-101,TASK-101,PHASE-3,DONE,CONTRACT_DEFINED,VERIFIED,W15,false,PROTECTED_GATE,HISTORICAL_REFERENCE
Task,BAT-205,100205,[TASK-102] Define ≥3/7/14/21 severity label production,100018,"Local ID: TASK-102

Objective
Define ≥3/7/14/21 severity label production

Why This Exists
Preserve the original W15 WBS work unit, its dependencies, outputs, and scoped completion semantics as provenance for post-wave execution.

Scope
Original task type IMPLEMENTATION with mutation scope: as defined by its source documents.

Explicit In Scope
- Original WBS objective and outputs
- Original requirements and acceptance-control mappings
- Original dependency and execution-lane provenance

Explicit Out of Scope
- Reopening completed planning solely to rename it
- Treating a starter/design result as empirically validated production capability

Prerequisites / Dependencies
- Historical dependency TASK-101
- TASK-101

Acceptance Criteria
1. Stable ID TASK-102, parent EPIC-018, owner wave W15, and original status DONE are preserved.
2. Declared outputs are traceable to existing repository artifacts where resolvable, or remain recorded as historical output names without fabricating files.
3. Requirement, acceptance-control, and dependency references resolve to authoritative registries.
4. The record does not claim maturity beyond the task's original design, contract, functional-starter, synthetic-validation, or integration scope.

Definition of Done
1. The original historical scope and status are preserved with source evidence and stable identifiers.
2. The record does not claim production maturity beyond the original design, contract, starter, integration, or validation scope.
3. Any remaining empirical, production, target-hardware, or operating obligation is represented by separate actionable post-wave work.

Required Tests / Validation
- EXISTING_AUTOMATED_TEST / EXISTING_AUTOMATED_TEST: tests/test_bas_science_governance.py — Run and retain the result when this issue touches the covered contract.
- EXISTING_AUTOMATED_TEST / EXISTING_AUTOMATED_TEST: tests/test_w20_model_starter.py — Run and retain the result when this issue touches the covered contract.
- EXISTING_AUTOMATED_TEST / EXISTING_AUTOMATED_TEST: tools/validate_bas_science.py — Run and retain the result when this issue touches the covered contract.

Required Evidence
- Authoritative WBS row TASK-102
- Existing artifact `BAS severity label interface`

End-to-End Validation
Historical completion remains scoped; integrated product completion is evaluated only through the post-wave release path.

Stop Conditions
- Stop if completing this record would fabricate real-data, model-metric, source-rights, target-hardware, or operating evidence.

Source References
- SRCREF-00135
- SRCREF-02116
- SRCREF-02117

Governance Traceability Gate:

Canonical Record: jira/records/issues/tasks/TASK-102_define_3_7_14_21_severity_label_production.json",Done,High,historical;implementation;planning-program;w15;wave-completed;local-id-task-102,bas-science,TASK-102,TASK-102,PHASE-3,DONE,CONTRACT_DEFINED,VERIFIED,W15,false,SOLO_WORKTREE,HISTORICAL_REFERENCE
Task,BAT-206,100206,[TASK-103] Build anti-circularity/leakage tests for BAS labels,100018,"Local ID: TASK-103

Objective
Build anti-circularity/leakage tests for BAS labels

Why This Exists
Preserve the original W15 WBS work unit, its dependencies, outputs, and scoped completion semantics as provenance for post-wave execution.

Scope
Original task type VALIDATION with mutation scope: as defined by its source documents.

Explicit In Scope
- Original WBS objective and outputs
- Original requirements and acceptance-control mappings
- Original dependency and execution-lane provenance

Explicit Out of Scope
- Reopening completed planning solely to rename it
- Treating a starter/design result as empirically validated production capability

Prerequisites / Dependencies
- Historical dependency TASK-101
- Historical dependency TASK-102
- TASK-101
- TASK-102

Acceptance Criteria
1. Stable ID TASK-103, parent EPIC-018, owner wave W15, and original status DONE are preserved.
2. Declared outputs are traceable to existing repository artifacts where resolvable, or remain recorded as historical output names without fabricating files.
3. Requirement, acceptance-control, and dependency references resolve to authoritative registries.
4. The record does not claim maturity beyond the task's original design, contract, functional-starter, synthetic-validation, or integration scope.

Definition of Done
1. The original historical scope and status are preserved with source evidence and stable identifiers.
2. The record does not claim production maturity beyond the original design, contract, starter, integration, or validation scope.
3. Any remaining empirical, production, target-hardware, or operating obligation is represented by separate actionable post-wave work.

Required Tests / Validation
- EXISTING_AUTOMATED_TEST / EXISTING_AUTOMATED_TEST: tests/test_bas_science_governance.py — Run and retain the result when this issue touches the covered contract.
- EXISTING_AUTOMATED_TEST / EXISTING_AUTOMATED_TEST: tests/test_w20_model_starter.py — Run and retain the result when this issue touches the covered contract.
- EXISTING_AUTOMATED_TEST / EXISTING_AUTOMATED_TEST: tools/validate_bas_science.py — Run and retain the result when this issue touches the covered contract.

Required Evidence
- Authoritative WBS row TASK-103
- Existing artifact `BAS protected test battery`

End-to-End Validation
Historical completion remains scoped; integrated product completion is evaluated only through the post-wave release path.

Stop Conditions
- Stop if completing this record would fabricate real-data, model-metric, source-rights, target-hardware, or operating evidence.

Source References
- SRCREF-00136
- SRCREF-02116
- SRCREF-02117

Governance Traceability Gate:

Canonical Record: jira/records/issues/tasks/TASK-103_build_anti_circularity_leakage_tests_for_bas_labels.json",Done,High,historical;planning-program;validation;w15;wave-completed;local-id-task-103,bas-science,TASK-103,TASK-103,PHASE-3,DONE,CONTRACT_DEFINED,VERIFIED,W15,false,PROTECTED_GATE,HISTORICAL_REFERENCE
Task,BAT-207,100207,[TASK-104] Freeze BAS labeling contract,100018,"Local ID: TASK-104

Objective
Freeze BAS labeling contract

Why This Exists
Preserve the original W15 WBS work unit, its dependencies, outputs, and scoped completion semantics as provenance for post-wave execution.

Scope
Original task type GATE with mutation scope: as defined by its source documents.

Explicit In Scope
- Original WBS objective and outputs
- Original requirements and acceptance-control mappings
- Original dependency and execution-lane provenance

Explicit Out of Scope
- Reopening completed planning solely to rename it
- Treating a starter/design result as empirically validated production capability

Prerequisites / Dependencies
- Historical dependency TASK-103
- TASK-103

Acceptance Criteria
1. Stable ID TASK-104, parent EPIC-018, owner wave W15, and original status DONE are preserved.
2. Declared outputs are traceable to existing repository artifacts where resolvable, or remain recorded as historical output names without fabricating files.
3. Requirement, acceptance-control, and dependency references resolve to authoritative registries.
4. The record does not claim maturity beyond the task's original design, contract, functional-starter, synthetic-validation, or integration scope.

Definition of Done
1. The original historical scope and status are preserved with source evidence and stable identifiers.
2. The record does not claim production maturity beyond the original design, contract, starter, integration, or validation scope.
3. Any remaining empirical, production, target-hardware, or operating obligation is represented by separate actionable post-wave work.

Required Tests / Validation
- EXISTING_AUTOMATED_TEST / EXISTING_AUTOMATED_TEST: tests/test_bas_science_governance.py — Run and retain the result when this issue touches the covered contract.
- EXISTING_AUTOMATED_TEST / EXISTING_AUTOMATED_TEST: tests/test_w20_model_starter.py — Run and retain the result when this issue touches the covered contract.
- EXISTING_AUTOMATED_TEST / EXISTING_AUTOMATED_TEST: tools/validate_bas_science.py — Run and retain the result when this issue touches the covered contract.

Required Evidence
- Authoritative WBS row TASK-104
- Existing artifact `accepted BAS label baseline`

End-to-End Validation
Historical completion remains scoped; integrated product completion is evaluated only through the post-wave release path.

Stop Conditions
- Stop if completing this record would fabricate real-data, model-metric, source-rights, target-hardware, or operating evidence.

Source References
- SRCREF-00137
- SRCREF-02116
- SRCREF-02117

Governance Traceability Gate:

Canonical Record: jira/records/issues/tasks/TASK-104_freeze_bas_labeling_contract.json",Done,High,gate;historical;planning-program;w15;wave-completed;local-id-task-104,bas-science,TASK-104,TASK-104,PHASE-3,DONE,CONTRACT_DEFINED,VERIFIED,W15,true,PROTECTED_GATE,HISTORICAL_REFERENCE
Task,BAT-208,100208,[TASK-105] Define general FBS underperformance baseline comparison,100019,"Local ID: TASK-105

Objective
Define general FBS underperformance baseline comparison

Why This Exists
Preserve the original W15 WBS work unit, its dependencies, outputs, and scoped completion semantics as provenance for post-wave execution.

Scope
Original task type EXPERIMENT_DESIGN with mutation scope: as defined by its source documents.

Explicit In Scope
- Original WBS objective and outputs
- Original requirements and acceptance-control mappings
- Original dependency and execution-lane provenance

Explicit Out of Scope
- Reopening completed planning solely to rename it
- Treating a starter/design result as empirically validated production capability

Prerequisites / Dependencies
- Historical dependency TASK-104
- TASK-104

Acceptance Criteria
1. Stable ID TASK-105, parent EPIC-019, owner wave W15, and original status DONE are preserved.
2. Declared outputs are traceable to existing repository artifacts where resolvable, or remain recorded as historical output names without fabricating files.
3. Requirement, acceptance-control, and dependency references resolve to authoritative registries.
4. The record does not claim maturity beyond the task's original design, contract, functional-starter, synthetic-validation, or integration scope.

Definition of Done
1. The original historical scope and status are preserved with source evidence and stable identifiers.
2. The record does not claim production maturity beyond the original design, contract, starter, integration, or validation scope.
3. Any remaining empirical, production, target-hardware, or operating obligation is represented by separate actionable post-wave work.

Required Tests / Validation
- EXISTING_AUTOMATED_TEST / EXISTING_AUTOMATED_TEST: tests/test_bas_science_governance.py — Run and retain the result when this issue touches the covered contract.
- EXISTING_AUTOMATED_TEST / EXISTING_AUTOMATED_TEST: tests/test_w20_model_starter.py — Run and retain the result when this issue touches the covered contract.
- EXISTING_AUTOMATED_TEST / EXISTING_AUTOMATED_TEST: tools/validate_bas_science.py — Run and retain the result when this issue touches the covered contract.

Required Evidence
- Authoritative WBS row TASK-105
- Existing artifact `general underperformance benchmark`

End-to-End Validation
Historical completion remains scoped; integrated product completion is evaluated only through the post-wave release path.

Stop Conditions
- Stop if completing this record would fabricate real-data, model-metric, source-rights, target-hardware, or operating evidence.

Source References
- SRCREF-00138
- SRCREF-02116
- SRCREF-02117

Governance Traceability Gate:

Canonical Record: jira/records/issues/tasks/TASK-105_define_general_fbs_underperformance_baseline_comparison.json",Done,High,experiment-design;historical;planning-program;w15;wave-completed;local-id-task-105,bas-science,TASK-105,TASK-105,PHASE-3,DONE,CONTRACT_DEFINED,VERIFIED,W15,false,SOLO_WORKTREE,HISTORICAL_REFERENCE
Task,BAT-209,100209,[TASK-106] Define Aggie Excess and peer-cohort significance tests,100019,"Local ID: TASK-106

Objective
Define Aggie Excess and peer-cohort significance tests

Why This Exists
Preserve the original W15 WBS work unit, its dependencies, outputs, and scoped completion semantics as provenance for post-wave execution.

Scope
Original task type EXPERIMENT_DESIGN with mutation scope: as defined by its source documents.

Explicit In Scope
- Original WBS objective and outputs
- Original requirements and acceptance-control mappings
- Original dependency and execution-lane provenance

Explicit Out of Scope
- Reopening completed planning solely to rename it
- Treating a starter/design result as empirically validated production capability

Prerequisites / Dependencies
- Historical dependency TASK-105
- Historical dependency TASK-092
- TASK-092
- TASK-105

Acceptance Criteria
1. Stable ID TASK-106, parent EPIC-019, owner wave W15, and original status DONE are preserved.
2. Declared outputs are traceable to existing repository artifacts where resolvable, or remain recorded as historical output names without fabricating files.
3. Requirement, acceptance-control, and dependency references resolve to authoritative registries.
4. The record does not claim maturity beyond the task's original design, contract, functional-starter, synthetic-validation, or integration scope.

Definition of Done
1. The original historical scope and status are preserved with source evidence and stable identifiers.
2. The record does not claim production maturity beyond the original design, contract, starter, integration, or validation scope.
3. Any remaining empirical, production, target-hardware, or operating obligation is represented by separate actionable post-wave work.

Required Tests / Validation
- EXISTING_AUTOMATED_TEST / EXISTING_AUTOMATED_TEST: tests/test_bas_science_governance.py — Run and retain the result when this issue touches the covered contract.
- EXISTING_AUTOMATED_TEST / EXISTING_AUTOMATED_TEST: tests/test_w20_model_starter.py — Run and retain the result when this issue touches the covered contract.
- EXISTING_AUTOMATED_TEST / EXISTING_AUTOMATED_TEST: tools/validate_bas_science.py — Run and retain the result when this issue touches the covered contract.

Required Evidence
- Authoritative WBS row TASK-106
- Existing artifact `Aggie Excess test plan`

End-to-End Validation
Historical completion remains scoped; integrated product completion is evaluated only through the post-wave release path.

Stop Conditions
- Stop if completing this record would fabricate real-data, model-metric, source-rights, target-hardware, or operating evidence.

Source References
- SRCREF-00139
- SRCREF-02116
- SRCREF-02117

Governance Traceability Gate:

Canonical Record: jira/records/issues/tasks/TASK-106_define_aggie_excess_and_peer_cohort_significance_tests.json",Done,High,experiment-design;historical;planning-program;w15;wave-completed;local-id-task-106,bas-science,TASK-106,TASK-106,PHASE-3,DONE,CONTRACT_DEFINED,VERIFIED,W15,false,SOLO_WORKTREE,HISTORICAL_REFERENCE
Task,BAT-210,100210,[TASK-107] Define offensive/defensive/ST/coaching/collapse candidate decompositions,100019,"Local ID: TASK-107

Objective
Define offensive/defensive/ST/coaching/collapse candidate decompositions

Why This Exists
Preserve the original W15 WBS work unit, its dependencies, outputs, and scoped completion semantics as provenance for post-wave execution.

Scope
Original task type EXPERIMENT_DESIGN with mutation scope: as defined by its source documents.

Explicit In Scope
- Original WBS objective and outputs
- Original requirements and acceptance-control mappings
- Original dependency and execution-lane provenance

Explicit Out of Scope
- Reopening completed planning solely to rename it
- Treating a starter/design result as empirically validated production capability

Prerequisites / Dependencies
- Historical dependency TASK-104
- TASK-104

Acceptance Criteria
1. Stable ID TASK-107, parent EPIC-019, owner wave W15, and original status DONE are preserved.
2. Declared outputs are traceable to existing repository artifacts where resolvable, or remain recorded as historical output names without fabricating files.
3. Requirement, acceptance-control, and dependency references resolve to authoritative registries.
4. The record does not claim maturity beyond the task's original design, contract, functional-starter, synthetic-validation, or integration scope.

Definition of Done
1. The original historical scope and status are preserved with source evidence and stable identifiers.
2. The record does not claim production maturity beyond the original design, contract, starter, integration, or validation scope.
3. Any remaining empirical, production, target-hardware, or operating obligation is represented by separate actionable post-wave work.

Required Tests / Validation
- EXISTING_AUTOMATED_TEST / EXISTING_AUTOMATED_TEST: tests/test_bas_science_governance.py — Run and retain the result when this issue touches the covered contract.
- EXISTING_AUTOMATED_TEST / EXISTING_AUTOMATED_TEST: tests/test_w20_model_starter.py — Run and retain the result when this issue touches the covered contract.
- EXISTING_AUTOMATED_TEST / EXISTING_AUTOMATED_TEST: tools/validate_bas_science.py — Run and retain the result when this issue touches the covered contract.

Required Evidence
- Authoritative WBS row TASK-107
- Existing artifact `BAS component candidate registry`

End-to-End Validation
Historical completion remains scoped; integrated product completion is evaluated only through the post-wave release path.

Stop Conditions
- Stop if completing this record would fabricate real-data, model-metric, source-rights, target-hardware, or operating evidence.

Source References
- SRCREF-00140
- SRCREF-02116
- SRCREF-02117

Governance Traceability Gate:

Canonical Record: jira/records/issues/tasks/TASK-107_define_offensive_defensive_st_coaching_collapse_candidate_decompositions.json",Done,High,experiment-design;historical;planning-program;w15;wave-completed;local-id-task-107,bas-science,TASK-107,TASK-107,PHASE-3,DONE,CONTRACT_DEFINED,VERIFIED,W15,false,SOLO_WORKTREE,HISTORICAL_REFERENCE
Task,BAT-211,100211,[TASK-108] Define regime/stability/calibration validation,100019,"Local ID: TASK-108

Objective
Define regime/stability/calibration validation

Why This Exists
Preserve the original W15 WBS work unit, its dependencies, outputs, and scoped completion semantics as provenance for post-wave execution.

Scope
Original task type VALIDATION_DESIGN with mutation scope: as defined by its source documents.

Explicit In Scope
- Original WBS objective and outputs
- Original requirements and acceptance-control mappings
- Original dependency and execution-lane provenance

Explicit Out of Scope
- Reopening completed planning solely to rename it
- Treating a starter/design result as empirically validated production capability

Prerequisites / Dependencies
- Historical dependency TASK-106
- Historical dependency TASK-107
- TASK-106
- TASK-107

Acceptance Criteria
1. Stable ID TASK-108, parent EPIC-019, owner wave W15, and original status DONE are preserved.
2. Declared outputs are traceable to existing repository artifacts where resolvable, or remain recorded as historical output names without fabricating files.
3. Requirement, acceptance-control, and dependency references resolve to authoritative registries.
4. The record does not claim maturity beyond the task's original design, contract, functional-starter, synthetic-validation, or integration scope.

Definition of Done
1. The original historical scope and status are preserved with source evidence and stable identifiers.
2. The record does not claim production maturity beyond the original design, contract, starter, integration, or validation scope.
3. Any remaining empirical, production, target-hardware, or operating obligation is represented by separate actionable post-wave work.

Required Tests / Validation
- EXISTING_AUTOMATED_TEST / EXISTING_AUTOMATED_TEST: tests/test_bas_science_governance.py — Run and retain the result when this issue touches the covered contract.
- EXISTING_AUTOMATED_TEST / EXISTING_AUTOMATED_TEST: tests/test_w20_model_starter.py — Run and retain the result when this issue touches the covered contract.
- EXISTING_AUTOMATED_TEST / EXISTING_AUTOMATED_TEST: tools/validate_bas_science.py — Run and retain the result when this issue touches the covered contract.

Required Evidence
- Authoritative WBS row TASK-108
- Existing artifact `BAS stability/calibration plan`

End-to-End Validation
Historical completion remains scoped; integrated product completion is evaluated only through the post-wave release path.

Stop Conditions
- Stop if completing this record would fabricate real-data, model-metric, source-rights, target-hardware, or operating evidence.

Source References
- SRCREF-00141
- SRCREF-02116
- SRCREF-02117

Governance Traceability Gate:

Canonical Record: jira/records/issues/tasks/TASK-108_define_regime_stability_calibration_validation.json",Done,High,historical;planning-program;validation-design;w15;wave-completed;local-id-task-108,bas-science,TASK-108,TASK-108,PHASE-3,DONE,CONTRACT_DEFINED,VERIFIED,W15,false,PROTECTED_GATE,HISTORICAL_REFERENCE
Task,BAT-212,100212,[TASK-109] Freeze protected BAS scientific evaluation protocol,100019,"Local ID: TASK-109

Objective
Freeze protected BAS scientific evaluation protocol

Why This Exists
Preserve the original W17 WBS work unit, its dependencies, outputs, and scoped completion semantics as provenance for post-wave execution.

Scope
Original task type VALIDATION_DESIGN with mutation scope: as defined by its source documents.

Explicit In Scope
- Original WBS objective and outputs
- Original requirements and acceptance-control mappings
- Original dependency and execution-lane provenance

Explicit Out of Scope
- Reopening completed planning solely to rename it
- Treating a starter/design result as empirically validated production capability

Prerequisites / Dependencies
- Historical dependency TASK-108
- Historical dependency TASK-128
- Historical dependency TASK-129
- TASK-108
- TASK-128
- TASK-129

Acceptance Criteria
1. Stable ID TASK-109, parent EPIC-019, owner wave W17, and original status DONE are preserved.
2. Declared outputs are traceable to existing repository artifacts where resolvable, or remain recorded as historical output names without fabricating files.
3. Requirement, acceptance-control, and dependency references resolve to authoritative registries.
4. The record does not claim maturity beyond the task's original design, contract, functional-starter, synthetic-validation, or integration scope.

Definition of Done
1. The original historical scope and status are preserved with source evidence and stable identifiers.
2. The record does not claim production maturity beyond the original design, contract, starter, integration, or validation scope.
3. Any remaining empirical, production, target-hardware, or operating obligation is represented by separate actionable post-wave work.

Required Tests / Validation
- EXISTING_AUTOMATED_TEST / EXISTING_AUTOMATED_TEST: tests/test_bas_science_governance.py — Run and retain the result when this issue touches the covered contract.
- EXISTING_AUTOMATED_TEST / EXISTING_AUTOMATED_TEST: tests/test_w20_model_starter.py — Run and retain the result when this issue touches the covered contract.
- EXISTING_AUTOMATED_TEST / EXISTING_AUTOMATED_TEST: tools/validate_bas_science.py — Run and retain the result when this issue touches the covered contract.

Required Evidence
- Authoritative WBS row TASK-109
- Existing artifact `BAS significance/stability/calibration/multiplicity evaluation protocol`

End-to-End Validation
Historical completion remains scoped; integrated product completion is evaluated only through the post-wave release path.

Stop Conditions
- Stop if completing this record would fabricate real-data, model-metric, source-rights, target-hardware, or operating evidence.

Source References
- SRCREF-00142
- SRCREF-02116
- SRCREF-02117

Governance Traceability Gate:

Canonical Record: jira/records/issues/tasks/TASK-109_freeze_protected_bas_scientific_evaluation_protocol.json",Done,High,historical;planning-program;validation-design;w17;wave-completed;local-id-task-109,bas-science,TASK-109,TASK-109,PHASE-3,DONE,CONTRACT_DEFINED,VERIFIED,W17,false,PROTECTED_GATE,HISTORICAL_REFERENCE
Task,BAT-213,100213,[TASK-110] Freeze BAS component promotion/rejection decision rule,100019,"Local ID: TASK-110

Objective
Freeze BAS component promotion/rejection decision rule

Why This Exists
Preserve the original W17 WBS work unit, its dependencies, outputs, and scoped completion semantics as provenance for post-wave execution.

Scope
Original task type GATE with mutation scope: as defined by its source documents.

Explicit In Scope
- Original WBS objective and outputs
- Original requirements and acceptance-control mappings
- Original dependency and execution-lane provenance

Explicit Out of Scope
- Reopening completed planning solely to rename it
- Treating a starter/design result as empirically validated production capability

Prerequisites / Dependencies
- Historical dependency TASK-109
- TASK-109

Acceptance Criteria
1. Stable ID TASK-110, parent EPIC-019, owner wave W17, and original status DONE are preserved.
2. Declared outputs are traceable to existing repository artifacts where resolvable, or remain recorded as historical output names without fabricating files.
3. Requirement, acceptance-control, and dependency references resolve to authoritative registries.
4. The record does not claim maturity beyond the task's original design, contract, functional-starter, synthetic-validation, or integration scope.

Definition of Done
1. The original historical scope and status are preserved with source evidence and stable identifiers.
2. The record does not claim production maturity beyond the original design, contract, starter, integration, or validation scope.
3. Any remaining empirical, production, target-hardware, or operating obligation is represented by separate actionable post-wave work.

Required Tests / Validation
- EXISTING_AUTOMATED_TEST / EXISTING_AUTOMATED_TEST: tests/test_bas_science_governance.py — Run and retain the result when this issue touches the covered contract.
- EXISTING_AUTOMATED_TEST / EXISTING_AUTOMATED_TEST: tests/test_w20_model_starter.py — Run and retain the result when this issue touches the covered contract.
- EXISTING_AUTOMATED_TEST / EXISTING_AUTOMATED_TEST: tools/validate_bas_science.py — Run and retain the result when this issue touches the covered contract.

Required Evidence
- Authoritative WBS row TASK-110
- Existing artifact `no-excess/reject/inconclusive outcomes preserved`
- Existing artifact `precommitted BAS component decision rule`

End-to-End Validation
Historical completion remains scoped; integrated product completion is evaluated only through the post-wave release path.

Stop Conditions
- Stop if completing this record would fabricate real-data, model-metric, source-rights, target-hardware, or operating evidence.

Source References
- SRCREF-00143
- SRCREF-02116
- SRCREF-02117

Governance Traceability Gate:

Canonical Record: jira/records/issues/tasks/TASK-110_freeze_bas_component_promotion_rejection_decision_rule.json",Done,High,gate;historical;planning-program;w17;wave-completed;local-id-task-110,bas-science,TASK-110,TASK-110,PHASE-3,DONE,CONTRACT_DEFINED,VERIFIED,W17,true,PROTECTED_GATE,HISTORICAL_REFERENCE
Task,BAT-214,100214,[TASK-111] Implement A&M high-resolution state adapter starter,100020,"Local ID: TASK-111

Objective
Implement A&M high-resolution state adapter starter

Why This Exists
Preserve the original W20 WBS work unit, its dependencies, outputs, and scoped completion semantics as provenance for post-wave execution.

Scope
Original task type IMPLEMENTATION with mutation scope: as defined by its source documents.

Explicit In Scope
- Original WBS objective and outputs
- Original requirements and acceptance-control mappings
- Original dependency and execution-lane provenance

Explicit Out of Scope
- Reopening completed planning solely to rename it
- Treating a starter/design result as empirically validated production capability

Prerequisites / Dependencies
- Historical dependency TASK-093
- Historical dependency TASK-046
- TASK-046
- TASK-093

Acceptance Criteria
1. Stable ID TASK-111, parent EPIC-020, owner wave W20, and original status DONE are preserved.
2. Declared outputs are traceable to existing repository artifacts where resolvable, or remain recorded as historical output names without fabricating files.
3. Requirement, acceptance-control, and dependency references resolve to authoritative registries.
4. The record does not claim maturity beyond the task's original design, contract, functional-starter, synthetic-validation, or integration scope.

Definition of Done
1. The original historical scope and status are preserved with source evidence and stable identifiers.
2. The record does not claim production maturity beyond the original design, contract, starter, integration, or validation scope.
3. Any remaining empirical, production, target-hardware, or operating obligation is represented by separate actionable post-wave work.

Required Tests / Validation
- EXISTING_AUTOMATED_TEST / EXISTING_AUTOMATED_TEST: tests/test_w24_readiness.py — Run and retain the result when this issue touches the covered contract.
- EXISTING_AUTOMATED_TEST / EXISTING_AUTOMATED_TEST: tests/test_w25_final_handoff.py — Run and retain the result when this issue touches the covered contract.
- EXISTING_AUTOMATED_TEST / EXISTING_AUTOMATED_TEST: tools/validate_w24_readiness.py — Run and retain the result when this issue touches the covered contract.
- EXISTING_AUTOMATED_TEST / EXISTING_AUTOMATED_TEST: tools/validate_w25_final.py — Run and retain the result when this issue touches the covered contract.

Required Evidence
- Authoritative WBS row TASK-111
- Existing artifact `A&M state adapter`

End-to-End Validation
Historical completion remains scoped; integrated product completion is evaluated only through the post-wave release path.

Stop Conditions
- Stop if completing this record would fabricate real-data, model-metric, source-rights, target-hardware, or operating evidence.

Source References
- SRCREF-00144
- SRCREF-02116
- SRCREF-02117

Governance Traceability Gate:

Canonical Record: jira/records/issues/tasks/TASK-111_implement_a_and_m_high_resolution_state_adapter_starter.json",Done,High,historical;implementation;planning-program;w20;wave-completed;local-id-task-111,release-readiness,TASK-111,TASK-111,PHASE-3,DONE,FUNCTIONAL_STARTER,VERIFIED,W20,false,SOLO_WORKTREE,HISTORICAL_REFERENCE
Task,BAT-215,100215,[TASK-112] Implement approved specialization candidate starter,100020,"Local ID: TASK-112

Objective
Implement approved specialization candidate starter

Why This Exists
Preserve the original W20 WBS work unit, its dependencies, outputs, and scoped completion semantics as provenance for post-wave execution.

Scope
Original task type IMPLEMENTATION with mutation scope: as defined by its source documents.

Explicit In Scope
- Original WBS objective and outputs
- Original requirements and acceptance-control mappings
- Original dependency and execution-lane provenance

Explicit Out of Scope
- Reopening completed planning solely to rename it
- Treating a starter/design result as empirically validated production capability

Prerequisites / Dependencies
- Historical dependency TASK-099
- Historical dependency TASK-111
- TASK-099
- TASK-111

Acceptance Criteria
1. Stable ID TASK-112, parent EPIC-020, owner wave W20, and original status DONE are preserved.
2. Declared outputs are traceable to existing repository artifacts where resolvable, or remain recorded as historical output names without fabricating files.
3. Requirement, acceptance-control, and dependency references resolve to authoritative registries.
4. The record does not claim maturity beyond the task's original design, contract, functional-starter, synthetic-validation, or integration scope.

Definition of Done
1. The original historical scope and status are preserved with source evidence and stable identifiers.
2. The record does not claim production maturity beyond the original design, contract, starter, integration, or validation scope.
3. Any remaining empirical, production, target-hardware, or operating obligation is represented by separate actionable post-wave work.

Required Tests / Validation
- EXISTING_AUTOMATED_TEST / EXISTING_AUTOMATED_TEST: tests/test_tamu_specialization_governance.py — Run and retain the result when this issue touches the covered contract.
- EXISTING_AUTOMATED_TEST / EXISTING_AUTOMATED_TEST: tests/test_w20_model_starter.py — Run and retain the result when this issue touches the covered contract.
- EXISTING_AUTOMATED_TEST / EXISTING_AUTOMATED_TEST: tools/validate_tamu_specialization.py — Run and retain the result when this issue touches the covered contract.

Required Evidence
- Authoritative WBS row TASK-112
- Existing artifact `A&M specialization model adapter`

End-to-End Validation
Historical completion remains scoped; integrated product completion is evaluated only through the post-wave release path.

Stop Conditions
- Stop if completing this record would fabricate real-data, model-metric, source-rights, target-hardware, or operating evidence.

Source References
- SRCREF-00145
- SRCREF-02116
- SRCREF-02117

Governance Traceability Gate:

Canonical Record: jira/records/issues/tasks/TASK-112_implement_approved_specialization_candidate_starter.json",Done,High,historical;implementation;planning-program;w20;wave-completed;local-id-task-112,tamu-specialization,TASK-112,TASK-112,PHASE-3,DONE,FUNCTIONAL_STARTER,VERIFIED,W20,false,SOLO_WORKTREE,HISTORICAL_REFERENCE
Task,BAT-216,100216,[TASK-113] Implement BAS label/model interface starter,100020,"Local ID: TASK-113

Objective
Implement BAS label/model interface starter

Why This Exists
Preserve the original W20 WBS work unit, its dependencies, outputs, and scoped completion semantics as provenance for post-wave execution.

Scope
Original task type IMPLEMENTATION with mutation scope: as defined by its source documents.

Explicit In Scope
- Original WBS objective and outputs
- Original requirements and acceptance-control mappings
- Original dependency and execution-lane provenance

Explicit Out of Scope
- Reopening completed planning solely to rename it
- Treating a starter/design result as empirically validated production capability

Prerequisites / Dependencies
- Historical dependency TASK-104
- TASK-104

Acceptance Criteria
1. Stable ID TASK-113, parent EPIC-020, owner wave W20, and original status DONE are preserved.
2. Declared outputs are traceable to existing repository artifacts where resolvable, or remain recorded as historical output names without fabricating files.
3. Requirement, acceptance-control, and dependency references resolve to authoritative registries.
4. The record does not claim maturity beyond the task's original design, contract, functional-starter, synthetic-validation, or integration scope.

Definition of Done
1. The original historical scope and status are preserved with source evidence and stable identifiers.
2. The record does not claim production maturity beyond the original design, contract, starter, integration, or validation scope.
3. Any remaining empirical, production, target-hardware, or operating obligation is represented by separate actionable post-wave work.

Required Tests / Validation
- EXISTING_AUTOMATED_TEST / EXISTING_AUTOMATED_TEST: tests/test_bas_science_governance.py — Run and retain the result when this issue touches the covered contract.
- EXISTING_AUTOMATED_TEST / EXISTING_AUTOMATED_TEST: tests/test_w20_model_starter.py — Run and retain the result when this issue touches the covered contract.
- EXISTING_AUTOMATED_TEST / EXISTING_AUTOMATED_TEST: tools/validate_bas_science.py — Run and retain the result when this issue touches the covered contract.

Required Evidence
- Authoritative WBS row TASK-113
- Existing artifact `BAS interface`

End-to-End Validation
Historical completion remains scoped; integrated product completion is evaluated only through the post-wave release path.

Stop Conditions
- Stop if completing this record would fabricate real-data, model-metric, source-rights, target-hardware, or operating evidence.

Source References
- SRCREF-00146
- SRCREF-02116
- SRCREF-02117

Governance Traceability Gate:

Canonical Record: jira/records/issues/tasks/TASK-113_implement_bas_label_model_interface_starter.json",Done,High,historical;implementation;planning-program;w20;wave-completed;local-id-task-113,bas-science,TASK-113,TASK-113,PHASE-3,DONE,FUNCTIONAL_STARTER,VERIFIED,W20,false,SOLO_WORKTREE,HISTORICAL_REFERENCE
Task,BAT-217,100217,[TASK-114] Integrate A&M/BAS output into forecast snapshot contract,100020,"Local ID: TASK-114

Objective
Integrate A&M/BAS output into forecast snapshot contract

Why This Exists
Preserve the original W20 WBS work unit, its dependencies, outputs, and scoped completion semantics as provenance for post-wave execution.

Scope
Original task type INTEGRATION with mutation scope: as defined by its source documents.

Explicit In Scope
- Original WBS objective and outputs
- Original requirements and acceptance-control mappings
- Original dependency and execution-lane provenance

Explicit Out of Scope
- Reopening completed planning solely to rename it
- Treating a starter/design result as empirically validated production capability

Prerequisites / Dependencies
- Historical dependency TASK-112
- Historical dependency TASK-113
- TASK-112
- TASK-113

Acceptance Criteria
1. Stable ID TASK-114, parent EPIC-020, owner wave W20, and original status DONE are preserved.
2. Declared outputs are traceable to existing repository artifacts where resolvable, or remain recorded as historical output names without fabricating files.
3. Requirement, acceptance-control, and dependency references resolve to authoritative registries.
4. The record does not claim maturity beyond the task's original design, contract, functional-starter, synthetic-validation, or integration scope.

Definition of Done
1. The original historical scope and status are preserved with source evidence and stable identifiers.
2. The record does not claim production maturity beyond the original design, contract, starter, integration, or validation scope.
3. Any remaining empirical, production, target-hardware, or operating obligation is represented by separate actionable post-wave work.

Required Tests / Validation
- EXISTING_AUTOMATED_TEST / EXISTING_AUTOMATED_TEST: tests/test_bas_science_governance.py — Run and retain the result when this issue touches the covered contract.
- EXISTING_AUTOMATED_TEST / EXISTING_AUTOMATED_TEST: tests/test_w20_model_starter.py — Run and retain the result when this issue touches the covered contract.
- EXISTING_AUTOMATED_TEST / EXISTING_AUTOMATED_TEST: tools/validate_bas_science.py — Run and retain the result when this issue touches the covered contract.

Required Evidence
- Authoritative WBS row TASK-114
- Existing artifact `A&M/BAS snapshot fields + lineage`

End-to-End Validation
Historical completion remains scoped; integrated product completion is evaluated only through the post-wave release path.

Stop Conditions
- Stop if completing this record would fabricate real-data, model-metric, source-rights, target-hardware, or operating evidence.

Source References
- SRCREF-00147
- SRCREF-02116
- SRCREF-02117

Governance Traceability Gate:

Canonical Record: jira/records/issues/tasks/TASK-114_integrate_a_and_m_bas_output_into_forecast_snapshot_contract.json",Done,High,historical;integration;planning-program;w20;wave-completed;local-id-task-114,bas-science,TASK-114,TASK-114,PHASE-3,DONE,FUNCTIONAL_STARTER,VERIFIED,W20,false,SOLO_WORKTREE,HISTORICAL_REFERENCE
Task,BAT-218,100218,[TASK-115] Pass A&M/BAS starter integration gate,100020,"Local ID: TASK-115

Objective
Pass A&M/BAS starter integration gate

Why This Exists
Preserve the original W20 WBS work unit, its dependencies, outputs, and scoped completion semantics as provenance for post-wave execution.

Scope
Original task type GATE with mutation scope: as defined by its source documents.

Explicit In Scope
- Original WBS objective and outputs
- Original requirements and acceptance-control mappings
- Original dependency and execution-lane provenance

Explicit Out of Scope
- Reopening completed planning solely to rename it
- Treating a starter/design result as empirically validated production capability

Prerequisites / Dependencies
- Historical dependency TASK-114
- Historical dependency TASK-110
- TASK-110
- TASK-114

Acceptance Criteria
1. Stable ID TASK-115, parent EPIC-020, owner wave W20, and original status DONE are preserved.
2. Declared outputs are traceable to existing repository artifacts where resolvable, or remain recorded as historical output names without fabricating files.
3. Requirement, acceptance-control, and dependency references resolve to authoritative registries.
4. The record does not claim maturity beyond the task's original design, contract, functional-starter, synthetic-validation, or integration scope.

Definition of Done
1. The original historical scope and status are preserved with source evidence and stable identifiers.
2. The record does not claim production maturity beyond the original design, contract, starter, integration, or validation scope.
3. Any remaining empirical, production, target-hardware, or operating obligation is represented by separate actionable post-wave work.

Required Tests / Validation
- EXISTING_AUTOMATED_TEST / EXISTING_AUTOMATED_TEST: tests/test_bas_science_governance.py — Run and retain the result when this issue touches the covered contract.
- EXISTING_AUTOMATED_TEST / EXISTING_AUTOMATED_TEST: tests/test_w20_model_starter.py — Run and retain the result when this issue touches the covered contract.
- EXISTING_AUTOMATED_TEST / EXISTING_AUTOMATED_TEST: tools/validate_bas_science.py — Run and retain the result when this issue touches the covered contract.

Required Evidence
- Authoritative WBS row TASK-115
- Existing artifact `validated A&M/BAS starter`

End-to-End Validation
Historical completion remains scoped; integrated product completion is evaluated only through the post-wave release path.

Stop Conditions
- Stop if completing this record would fabricate real-data, model-metric, source-rights, target-hardware, or operating evidence.

Source References
- SRCREF-00148
- SRCREF-02116
- SRCREF-02117

Governance Traceability Gate:

Canonical Record: jira/records/issues/tasks/TASK-115_pass_a_and_m_bas_starter_integration_gate.json",Done,High,gate;historical;planning-program;w20;wave-completed;local-id-task-115,bas-science,TASK-115,TASK-115,PHASE-3,DONE,FUNCTIONAL_STARTER,VERIFIED,W20,true,PROTECTED_GATE,HISTORICAL_REFERENCE
Task,BAT-219,100219,[TASK-116] Freeze model target schemas and label semantics,100021,"Local ID: TASK-116

Objective
Freeze model target schemas and label semantics

Why This Exists
Preserve the original W16 WBS work unit, its dependencies, outputs, and scoped completion semantics as provenance for post-wave execution.

Scope
Original task type DESIGN with mutation scope: as defined by its source documents.

Explicit In Scope
- Original WBS objective and outputs
- Original requirements and acceptance-control mappings
- Original dependency and execution-lane provenance

Explicit Out of Scope
- Reopening completed planning solely to rename it
- Treating a starter/design result as empirically validated production capability

Prerequisites / Dependencies
- Historical dependency TASK-099
- Historical dependency TASK-104
- TASK-099
- TASK-104

Acceptance Criteria
1. Stable ID TASK-116, parent EPIC-021, owner wave W16, and original status DONE are preserved.
2. Declared outputs are traceable to existing repository artifacts where resolvable, or remain recorded as historical output names without fabricating files.
3. Requirement, acceptance-control, and dependency references resolve to authoritative registries.
4. The record does not claim maturity beyond the task's original design, contract, functional-starter, synthetic-validation, or integration scope.

Definition of Done
1. The original historical scope and status are preserved with source evidence and stable identifiers.
2. The record does not claim production maturity beyond the original design, contract, starter, integration, or validation scope.
3. Any remaining empirical, production, target-hardware, or operating obligation is represented by separate actionable post-wave work.

Required Tests / Validation
- EXISTING_AUTOMATED_TEST / EXISTING_AUTOMATED_TEST: tests/test_model_architecture_governance.py — Run and retain the result when this issue touches the covered contract.
- EXISTING_AUTOMATED_TEST / EXISTING_AUTOMATED_TEST: tests/test_w20_model_starter.py — Run and retain the result when this issue touches the covered contract.
- EXISTING_AUTOMATED_TEST / EXISTING_AUTOMATED_TEST: tools/validate_model_architecture.py — Run and retain the result when this issue touches the covered contract.

Required Evidence
- Authoritative WBS row TASK-116
- Existing artifact `target contract`

End-to-End Validation
Historical completion remains scoped; integrated product completion is evaluated only through the post-wave release path.

Stop Conditions
- Stop if completing this record would fabricate real-data, model-metric, source-rights, target-hardware, or operating evidence.

Source References
- SRCREF-00149
- SRCREF-02116
- SRCREF-02117

Governance Traceability Gate:

Canonical Record: jira/records/issues/tasks/TASK-116_freeze_model_target_schemas_and_label_semantics.json",Done,High,design;historical;planning-program;w16;wave-completed;local-id-task-116,modeling,TASK-116,TASK-116,PHASE-4,DONE,CONTRACT_DEFINED,VERIFIED,W16,false,SHARED_CONTRACT,HISTORICAL_REFERENCE
Task,BAT-220,100220,[TASK-117] Compare joint-score/margin statistical families,100021,"Local ID: TASK-117

Objective
Compare joint-score/margin statistical families

Why This Exists
Preserve the original W16 WBS work unit, its dependencies, outputs, and scoped completion semantics as provenance for post-wave execution.

Scope
Original task type EXPERIMENT_DESIGN with mutation scope: as defined by its source documents.

Explicit In Scope
- Original WBS objective and outputs
- Original requirements and acceptance-control mappings
- Original dependency and execution-lane provenance

Explicit Out of Scope
- Reopening completed planning solely to rename it
- Treating a starter/design result as empirically validated production capability

Prerequisites / Dependencies
- Historical dependency TASK-116
- TASK-116

Acceptance Criteria
1. Stable ID TASK-117, parent EPIC-021, owner wave W16, and original status DONE are preserved.
2. Declared outputs are traceable to existing repository artifacts where resolvable, or remain recorded as historical output names without fabricating files.
3. Requirement, acceptance-control, and dependency references resolve to authoritative registries.
4. The record does not claim maturity beyond the task's original design, contract, functional-starter, synthetic-validation, or integration scope.

Definition of Done
1. The original historical scope and status are preserved with source evidence and stable identifiers.
2. The record does not claim production maturity beyond the original design, contract, starter, integration, or validation scope.
3. Any remaining empirical, production, target-hardware, or operating obligation is represented by separate actionable post-wave work.

Required Tests / Validation
- EXISTING_AUTOMATED_TEST / EXISTING_AUTOMATED_TEST: tests/test_w24_readiness.py — Run and retain the result when this issue touches the covered contract.
- EXISTING_AUTOMATED_TEST / EXISTING_AUTOMATED_TEST: tests/test_w25_final_handoff.py — Run and retain the result when this issue touches the covered contract.
- EXISTING_AUTOMATED_TEST / EXISTING_AUTOMATED_TEST: tools/validate_w24_readiness.py — Run and retain the result when this issue touches the covered contract.
- EXISTING_AUTOMATED_TEST / EXISTING_AUTOMATED_TEST: tools/validate_w25_final.py — Run and retain the result when this issue touches the covered contract.

Required Evidence
- Authoritative WBS row TASK-117
- Existing artifact `joint-distribution candidate report`

End-to-End Validation
Historical completion remains scoped; integrated product completion is evaluated only through the post-wave release path.

Stop Conditions
- Stop if completing this record would fabricate real-data, model-metric, source-rights, target-hardware, or operating evidence.

Source References
- SRCREF-00150
- SRCREF-02116
- SRCREF-02117

Governance Traceability Gate:

Canonical Record: jira/records/issues/tasks/TASK-117_compare_joint_score_margin_statistical_families.json",Done,High,experiment-design;historical;planning-program;w16;wave-completed;local-id-task-117,release-readiness,TASK-117,TASK-117,PHASE-4,DONE,CONTRACT_DEFINED,VERIFIED,W16,false,SOLO_WORKTREE,HISTORICAL_REFERENCE
Task,BAT-221,100221,[TASK-118] Define coherent win/score/margin derivation contract,100021,"Local ID: TASK-118

Objective
Define coherent win/score/margin derivation contract

Why This Exists
Preserve the original W16 WBS work unit, its dependencies, outputs, and scoped completion semantics as provenance for post-wave execution.

Scope
Original task type DESIGN with mutation scope: as defined by its source documents.

Explicit In Scope
- Original WBS objective and outputs
- Original requirements and acceptance-control mappings
- Original dependency and execution-lane provenance

Explicit Out of Scope
- Reopening completed planning solely to rename it
- Treating a starter/design result as empirically validated production capability

Prerequisites / Dependencies
- Historical dependency TASK-117
- TASK-117

Acceptance Criteria
1. Stable ID TASK-118, parent EPIC-021, owner wave W16, and original status DONE are preserved.
2. Declared outputs are traceable to existing repository artifacts where resolvable, or remain recorded as historical output names without fabricating files.
3. Requirement, acceptance-control, and dependency references resolve to authoritative registries.
4. The record does not claim maturity beyond the task's original design, contract, functional-starter, synthetic-validation, or integration scope.

Definition of Done
1. The original historical scope and status are preserved with source evidence and stable identifiers.
2. The record does not claim production maturity beyond the original design, contract, starter, integration, or validation scope.
3. Any remaining empirical, production, target-hardware, or operating obligation is represented by separate actionable post-wave work.

Required Tests / Validation
- EXISTING_AUTOMATED_TEST / EXISTING_AUTOMATED_TEST: tests/test_model_architecture_governance.py — Run and retain the result when this issue touches the covered contract.
- EXISTING_AUTOMATED_TEST / EXISTING_AUTOMATED_TEST: tests/test_w20_model_starter.py — Run and retain the result when this issue touches the covered contract.
- EXISTING_AUTOMATED_TEST / EXISTING_AUTOMATED_TEST: tools/validate_model_architecture.py — Run and retain the result when this issue touches the covered contract.

Required Evidence
- Authoritative WBS row TASK-118
- Existing artifact `forecast distribution interface`

End-to-End Validation
Historical completion remains scoped; integrated product completion is evaluated only through the post-wave release path.

Stop Conditions
- Stop if completing this record would fabricate real-data, model-metric, source-rights, target-hardware, or operating evidence.

Source References
- SRCREF-00151
- SRCREF-02116
- SRCREF-02117

Governance Traceability Gate:

Canonical Record: jira/records/issues/tasks/TASK-118_define_coherent_win_score_margin_derivation_contract.json",Done,High,design;historical;planning-program;w16;wave-completed;local-id-task-118,modeling,TASK-118,TASK-118,PHASE-4,DONE,CONTRACT_DEFINED,VERIFIED,W16,false,SOLO_WORKTREE,HISTORICAL_REFERENCE
Task,BAT-222,100222,[TASK-119] Define Monte Carlo/scenario engine interfaces,100021,"Local ID: TASK-119

Objective
Define Monte Carlo/scenario engine interfaces

Why This Exists
Preserve the original W16 WBS work unit, its dependencies, outputs, and scoped completion semantics as provenance for post-wave execution.

Scope
Original task type DESIGN with mutation scope: as defined by its source documents.

Explicit In Scope
- Original WBS objective and outputs
- Original requirements and acceptance-control mappings
- Original dependency and execution-lane provenance

Explicit Out of Scope
- Reopening completed planning solely to rename it
- Treating a starter/design result as empirically validated production capability

Prerequisites / Dependencies
- Historical dependency TASK-118
- Historical dependency TASK-052
- Historical dependency TASK-070
- TASK-052
- TASK-070
- TASK-118

Acceptance Criteria
1. Stable ID TASK-119, parent EPIC-021, owner wave W16, and original status DONE are preserved.
2. Declared outputs are traceable to existing repository artifacts where resolvable, or remain recorded as historical output names without fabricating files.
3. Requirement, acceptance-control, and dependency references resolve to authoritative registries.
4. The record does not claim maturity beyond the task's original design, contract, functional-starter, synthetic-validation, or integration scope.

Definition of Done
1. The original historical scope and status are preserved with source evidence and stable identifiers.
2. The record does not claim production maturity beyond the original design, contract, starter, integration, or validation scope.
3. Any remaining empirical, production, target-hardware, or operating obligation is represented by separate actionable post-wave work.

Required Tests / Validation
- EXISTING_AUTOMATED_TEST / EXISTING_AUTOMATED_TEST: tests/test_model_architecture_governance.py — Run and retain the result when this issue touches the covered contract.
- EXISTING_AUTOMATED_TEST / EXISTING_AUTOMATED_TEST: tests/test_w20_model_starter.py — Run and retain the result when this issue touches the covered contract.
- EXISTING_AUTOMATED_TEST / EXISTING_AUTOMATED_TEST: tools/validate_model_architecture.py — Run and retain the result when this issue touches the covered contract.

Required Evidence
- Authoritative WBS row TASK-119
- Existing artifact `simulation/scenario contract`

End-to-End Validation
Historical completion remains scoped; integrated product completion is evaluated only through the post-wave release path.

Stop Conditions
- Stop if completing this record would fabricate real-data, model-metric, source-rights, target-hardware, or operating evidence.

Source References
- SRCREF-00152
- SRCREF-02116
- SRCREF-02117

Governance Traceability Gate:

Canonical Record: jira/records/issues/tasks/TASK-119_define_monte_carlo_scenario_engine_interfaces.json",Done,High,design;historical;planning-program;w16;wave-completed;local-id-task-119,modeling,TASK-119,TASK-119,PHASE-4,DONE,CONTRACT_DEFINED,VERIFIED,W16,false,SOLO_WORKTREE,HISTORICAL_REFERENCE
Task,BAT-223,100223,[TASK-120] Define player/weather scenario propagation,100021,"Local ID: TASK-120

Objective
Define player/weather scenario propagation

Why This Exists
Preserve the original W16 WBS work unit, its dependencies, outputs, and scoped completion semantics as provenance for post-wave execution.

Scope
Original task type DESIGN with mutation scope: as defined by its source documents.

Explicit In Scope
- Original WBS objective and outputs
- Original requirements and acceptance-control mappings
- Original dependency and execution-lane provenance

Explicit Out of Scope
- Reopening completed planning solely to rename it
- Treating a starter/design result as empirically validated production capability

Prerequisites / Dependencies
- Historical dependency TASK-119
- TASK-119

Acceptance Criteria
1. Stable ID TASK-120, parent EPIC-021, owner wave W16, and original status DONE are preserved.
2. Declared outputs are traceable to existing repository artifacts where resolvable, or remain recorded as historical output names without fabricating files.
3. Requirement, acceptance-control, and dependency references resolve to authoritative registries.
4. The record does not claim maturity beyond the task's original design, contract, functional-starter, synthetic-validation, or integration scope.

Definition of Done
1. The original historical scope and status are preserved with source evidence and stable identifiers.
2. The record does not claim production maturity beyond the original design, contract, starter, integration, or validation scope.
3. Any remaining empirical, production, target-hardware, or operating obligation is represented by separate actionable post-wave work.

Required Tests / Validation
- EXISTING_AUTOMATED_TEST / EXISTING_AUTOMATED_TEST: tests/test_player_intelligence_governance.py — Run and retain the result when this issue touches the covered contract.
- EXISTING_AUTOMATED_TEST / EXISTING_AUTOMATED_TEST: tests/test_context_intelligence_governance.py — Run and retain the result when this issue touches the covered contract.
- EXISTING_AUTOMATED_TEST / EXISTING_AUTOMATED_TEST: tests/test_team_state_governance.py — Run and retain the result when this issue touches the covered contract.

Required Evidence
- Authoritative WBS row TASK-120
- Existing artifact `scenario perturbation contract`

End-to-End Validation
Historical completion remains scoped; integrated product completion is evaluated only through the post-wave release path.

Stop Conditions
- Stop if completing this record would fabricate real-data, model-metric, source-rights, target-hardware, or operating evidence.

Source References
- SRCREF-00153
- SRCREF-02116
- SRCREF-02117

Governance Traceability Gate:

Canonical Record: jira/records/issues/tasks/TASK-120_define_player_weather_scenario_propagation.json",Done,High,design;historical;planning-program;w16;wave-completed;local-id-task-120,player-context-intelligence,TASK-120,TASK-120,PHASE-4,DONE,CONTRACT_DEFINED,VERIFIED,W16,false,SOLO_WORKTREE,HISTORICAL_REFERENCE
Task,BAT-224,100224,[TASK-121] Freeze model/joint-score architecture candidates,100021,"Local ID: TASK-121

Objective
Freeze model/joint-score architecture candidates

Why This Exists
Preserve the original W16 WBS work unit, its dependencies, outputs, and scoped completion semantics as provenance for post-wave execution.

Scope
Original task type GATE with mutation scope: as defined by its source documents.

Explicit In Scope
- Original WBS objective and outputs
- Original requirements and acceptance-control mappings
- Original dependency and execution-lane provenance

Explicit Out of Scope
- Reopening completed planning solely to rename it
- Treating a starter/design result as empirically validated production capability

Prerequisites / Dependencies
- Historical dependency TASK-118
- Historical dependency TASK-120
- TASK-118
- TASK-120

Acceptance Criteria
1. Stable ID TASK-121, parent EPIC-021, owner wave W16, and original status DONE are preserved.
2. Declared outputs are traceable to existing repository artifacts where resolvable, or remain recorded as historical output names without fabricating files.
3. Requirement, acceptance-control, and dependency references resolve to authoritative registries.
4. The record does not claim maturity beyond the task's original design, contract, functional-starter, synthetic-validation, or integration scope.

Definition of Done
1. The original historical scope and status are preserved with source evidence and stable identifiers.
2. The record does not claim production maturity beyond the original design, contract, starter, integration, or validation scope.
3. Any remaining empirical, production, target-hardware, or operating obligation is represented by separate actionable post-wave work.

Required Tests / Validation
- EXISTING_AUTOMATED_TEST / EXISTING_AUTOMATED_TEST: tests/test_model_architecture_governance.py — Run and retain the result when this issue touches the covered contract.
- EXISTING_AUTOMATED_TEST / EXISTING_AUTOMATED_TEST: tests/test_w20_model_starter.py — Run and retain the result when this issue touches the covered contract.
- EXISTING_AUTOMATED_TEST / EXISTING_AUTOMATED_TEST: tools/validate_model_architecture.py — Run and retain the result when this issue touches the covered contract.

Required Evidence
- Authoritative WBS row TASK-121
- Existing artifact `model architecture baseline`

End-to-End Validation
Historical completion remains scoped; integrated product completion is evaluated only through the post-wave release path.

Stop Conditions
- Stop if completing this record would fabricate real-data, model-metric, source-rights, target-hardware, or operating evidence.

Source References
- SRCREF-00154
- SRCREF-02116
- SRCREF-02117

Governance Traceability Gate:

Canonical Record: jira/records/issues/tasks/TASK-121_freeze_model_joint_score_architecture_candidates.json",Done,High,gate;historical;planning-program;w16;wave-completed;local-id-task-121,modeling,TASK-121,TASK-121,PHASE-4,DONE,CONTRACT_DEFINED,VERIFIED,W16,true,PROTECTED_GATE,HISTORICAL_REFERENCE
Task,BAT-225,100225,[TASK-122] Define epistemic/aleatoric/data uncertainty interface,100022,"Local ID: TASK-122

Objective
Define epistemic/aleatoric/data uncertainty interface

Why This Exists
Preserve the original W16 WBS work unit, its dependencies, outputs, and scoped completion semantics as provenance for post-wave execution.

Scope
Original task type DESIGN with mutation scope: as defined by its source documents.

Explicit In Scope
- Original WBS objective and outputs
- Original requirements and acceptance-control mappings
- Original dependency and execution-lane provenance

Explicit Out of Scope
- Reopening completed planning solely to rename it
- Treating a starter/design result as empirically validated production capability

Prerequisites / Dependencies
- Historical dependency TASK-121
- TASK-121

Acceptance Criteria
1. Stable ID TASK-122, parent EPIC-022, owner wave W16, and original status DONE are preserved.
2. Declared outputs are traceable to existing repository artifacts where resolvable, or remain recorded as historical output names without fabricating files.
3. Requirement, acceptance-control, and dependency references resolve to authoritative registries.
4. The record does not claim maturity beyond the task's original design, contract, functional-starter, synthetic-validation, or integration scope.

Definition of Done
1. The original historical scope and status are preserved with source evidence and stable identifiers.
2. The record does not claim production maturity beyond the original design, contract, starter, integration, or validation scope.
3. Any remaining empirical, production, target-hardware, or operating obligation is represented by separate actionable post-wave work.

Required Tests / Validation
- EXISTING_AUTOMATED_TEST / EXISTING_AUTOMATED_TEST: tests/test_model_architecture_governance.py — Run and retain the result when this issue touches the covered contract.
- EXISTING_AUTOMATED_TEST / EXISTING_AUTOMATED_TEST: tests/test_w20_model_starter.py — Run and retain the result when this issue touches the covered contract.
- EXISTING_AUTOMATED_TEST / EXISTING_AUTOMATED_TEST: tools/validate_model_architecture.py — Run and retain the result when this issue touches the covered contract.

Required Evidence
- Authoritative WBS row TASK-122
- Existing artifact `uncertainty contract`

End-to-End Validation
Historical completion remains scoped; integrated product completion is evaluated only through the post-wave release path.

Stop Conditions
- Stop if completing this record would fabricate real-data, model-metric, source-rights, target-hardware, or operating evidence.

Source References
- SRCREF-00155
- SRCREF-02116
- SRCREF-02117

Governance Traceability Gate:

Canonical Record: jira/records/issues/tasks/TASK-122_define_epistemic_aleatoric_data_uncertainty_interface.json",Done,High,design;historical;planning-program;w16;wave-completed;local-id-task-122,modeling,TASK-122,TASK-122,PHASE-4,DONE,CONTRACT_DEFINED,VERIFIED,W16,false,SOLO_WORKTREE,HISTORICAL_REFERENCE
Task,BAT-226,100226,[TASK-123] Define OOD/model-disagreement detection candidates,100022,"Local ID: TASK-123

Objective
Define OOD/model-disagreement detection candidates

Why This Exists
Preserve the original W16 WBS work unit, its dependencies, outputs, and scoped completion semantics as provenance for post-wave execution.

Scope
Original task type EXPERIMENT_DESIGN with mutation scope: as defined by its source documents.

Explicit In Scope
- Original WBS objective and outputs
- Original requirements and acceptance-control mappings
- Original dependency and execution-lane provenance

Explicit Out of Scope
- Reopening completed planning solely to rename it
- Treating a starter/design result as empirically validated production capability

Prerequisites / Dependencies
- Historical dependency TASK-122
- TASK-122

Acceptance Criteria
1. Stable ID TASK-123, parent EPIC-022, owner wave W16, and original status DONE are preserved.
2. Declared outputs are traceable to existing repository artifacts where resolvable, or remain recorded as historical output names without fabricating files.
3. Requirement, acceptance-control, and dependency references resolve to authoritative registries.
4. The record does not claim maturity beyond the task's original design, contract, functional-starter, synthetic-validation, or integration scope.

Definition of Done
1. The original historical scope and status are preserved with source evidence and stable identifiers.
2. The record does not claim production maturity beyond the original design, contract, starter, integration, or validation scope.
3. Any remaining empirical, production, target-hardware, or operating obligation is represented by separate actionable post-wave work.

Required Tests / Validation
- EXISTING_AUTOMATED_TEST / EXISTING_AUTOMATED_TEST: tests/test_model_architecture_governance.py — Run and retain the result when this issue touches the covered contract.
- EXISTING_AUTOMATED_TEST / EXISTING_AUTOMATED_TEST: tests/test_w20_model_starter.py — Run and retain the result when this issue touches the covered contract.
- EXISTING_AUTOMATED_TEST / EXISTING_AUTOMATED_TEST: tools/validate_model_architecture.py — Run and retain the result when this issue touches the covered contract.

Required Evidence
- Authoritative WBS row TASK-123
- Existing artifact `OOD/disagreement candidate registry`

End-to-End Validation
Historical completion remains scoped; integrated product completion is evaluated only through the post-wave release path.

Stop Conditions
- Stop if completing this record would fabricate real-data, model-metric, source-rights, target-hardware, or operating evidence.

Source References
- SRCREF-00156
- SRCREF-02116
- SRCREF-02117

Governance Traceability Gate:

Canonical Record: jira/records/issues/tasks/TASK-123_define_ood_model_disagreement_detection_candidates.json",Done,High,experiment-design;historical;planning-program;w16;wave-completed;local-id-task-123,modeling,TASK-123,TASK-123,PHASE-4,DONE,CONTRACT_DEFINED,VERIFIED,W16,false,SOLO_WORKTREE,HISTORICAL_REFERENCE
Task,BAT-227,100227,[TASK-124] Define pure-football forecast lane,100022,"Local ID: TASK-124

Objective
Define pure-football forecast lane

Why This Exists
Preserve the original W16 WBS work unit, its dependencies, outputs, and scoped completion semantics as provenance for post-wave execution.

Scope
Original task type DESIGN with mutation scope: as defined by its source documents.

Explicit In Scope
- Original WBS objective and outputs
- Original requirements and acceptance-control mappings
- Original dependency and execution-lane provenance

Explicit Out of Scope
- Reopening completed planning solely to rename it
- Treating a starter/design result as empirically validated production capability

Prerequisites / Dependencies
- Historical dependency TASK-121
- TASK-121

Acceptance Criteria
1. Stable ID TASK-124, parent EPIC-022, owner wave W16, and original status DONE are preserved.
2. Declared outputs are traceable to existing repository artifacts where resolvable, or remain recorded as historical output names without fabricating files.
3. Requirement, acceptance-control, and dependency references resolve to authoritative registries.
4. The record does not claim maturity beyond the task's original design, contract, functional-starter, synthetic-validation, or integration scope.

Definition of Done
1. The original historical scope and status are preserved with source evidence and stable identifiers.
2. The record does not claim production maturity beyond the original design, contract, starter, integration, or validation scope.
3. Any remaining empirical, production, target-hardware, or operating obligation is represented by separate actionable post-wave work.

Required Tests / Validation
- EXISTING_AUTOMATED_TEST / EXISTING_AUTOMATED_TEST: tests/test_model_architecture_governance.py — Run and retain the result when this issue touches the covered contract.
- EXISTING_AUTOMATED_TEST / EXISTING_AUTOMATED_TEST: tests/test_w20_model_starter.py — Run and retain the result when this issue touches the covered contract.
- EXISTING_AUTOMATED_TEST / EXISTING_AUTOMATED_TEST: tools/validate_model_architecture.py — Run and retain the result when this issue touches the covered contract.

Required Evidence
- Authoritative WBS row TASK-124
- Existing artifact `market-independent prediction path`

End-to-End Validation
Historical completion remains scoped; integrated product completion is evaluated only through the post-wave release path.

Stop Conditions
- Stop if completing this record would fabricate real-data, model-metric, source-rights, target-hardware, or operating evidence.

Source References
- SRCREF-00157
- SRCREF-02116
- SRCREF-02117

Governance Traceability Gate:

Canonical Record: jira/records/issues/tasks/TASK-124_define_pure_football_forecast_lane.json",Done,High,design;historical;planning-program;w16;wave-completed;local-id-task-124,modeling,TASK-124,TASK-124,PHASE-4,DONE,CONTRACT_DEFINED,VERIFIED,W16,false,SOLO_WORKTREE,HISTORICAL_REFERENCE
Task,BAT-228,100228,[TASK-125] Define timestamp-safe market-augmented lane,100022,"Local ID: TASK-125

Objective
Define timestamp-safe market-augmented lane

Why This Exists
Preserve the original W16 WBS work unit, its dependencies, outputs, and scoped completion semantics as provenance for post-wave execution.

Scope
Original task type DESIGN with mutation scope: as defined by its source documents.

Explicit In Scope
- Original WBS objective and outputs
- Original requirements and acceptance-control mappings
- Original dependency and execution-lane provenance

Explicit Out of Scope
- Reopening completed planning solely to rename it
- Treating a starter/design result as empirically validated production capability

Prerequisites / Dependencies
- Historical dependency TASK-121
- Historical dependency TASK-015
- TASK-015
- TASK-121

Acceptance Criteria
1. Stable ID TASK-125, parent EPIC-022, owner wave W16, and original status DONE are preserved.
2. Declared outputs are traceable to existing repository artifacts where resolvable, or remain recorded as historical output names without fabricating files.
3. Requirement, acceptance-control, and dependency references resolve to authoritative registries.
4. The record does not claim maturity beyond the task's original design, contract, functional-starter, synthetic-validation, or integration scope.

Definition of Done
1. The original historical scope and status are preserved with source evidence and stable identifiers.
2. The record does not claim production maturity beyond the original design, contract, starter, integration, or validation scope.
3. Any remaining empirical, production, target-hardware, or operating obligation is represented by separate actionable post-wave work.

Required Tests / Validation
- EXISTING_AUTOMATED_TEST / EXISTING_AUTOMATED_TEST: tests/test_temporal_governance.py — Run and retain the result when this issue touches the covered contract.
- EXISTING_AUTOMATED_TEST / EXISTING_AUTOMATED_TEST: tests/test_w24_readiness.py — Run and retain the result when this issue touches the covered contract.
- EXISTING_AUTOMATED_TEST / EXISTING_AUTOMATED_TEST: tools/validate_temporal.py — Run and retain the result when this issue touches the covered contract.
- EXISTING_AUTOMATED_TEST / EXISTING_AUTOMATED_TEST: tools/validate_w24_readiness.py — Run and retain the result when this issue touches the covered contract.

Required Evidence
- Authoritative WBS row TASK-125
- Existing artifact `market-augmented path with observation cutoffs`

End-to-End Validation
Historical completion remains scoped; integrated product completion is evaluated only through the post-wave release path.

Stop Conditions
- Stop if completing this record would fabricate real-data, model-metric, source-rights, target-hardware, or operating evidence.

Source References
- SRCREF-00158
- SRCREF-02116
- SRCREF-02117

Governance Traceability Gate:

Canonical Record: jira/records/issues/tasks/TASK-125_define_timestamp_safe_market_augmented_lane.json",Done,High,design;historical;planning-program;w16;wave-completed;local-id-task-125,pit-temporal,TASK-125,TASK-125,PHASE-4,DONE,CONTRACT_DEFINED,VERIFIED,W16,false,SOLO_WORKTREE,HISTORICAL_REFERENCE
Task,BAT-229,100229,[TASK-126] Freeze uncertainty/OOD/market protected benchmark protocol,100022,"Local ID: TASK-126

Objective
Freeze uncertainty/OOD/market protected benchmark protocol

Why This Exists
Preserve the original W17 WBS work unit, its dependencies, outputs, and scoped completion semantics as provenance for post-wave execution.

Scope
Original task type VALIDATION_DESIGN with mutation scope: as defined by its source documents.

Explicit In Scope
- Original WBS objective and outputs
- Original requirements and acceptance-control mappings
- Original dependency and execution-lane provenance

Explicit Out of Scope
- Reopening completed planning solely to rename it
- Treating a starter/design result as empirically validated production capability

Prerequisites / Dependencies
- Historical dependency TASK-123
- Historical dependency TASK-124
- Historical dependency TASK-125
- Historical dependency TASK-128
- Historical dependency TASK-129
- TASK-123
- TASK-124
- TASK-125
- TASK-128
- TASK-129

Acceptance Criteria
1. Stable ID TASK-126, parent EPIC-022, owner wave W17, and original status DONE are preserved.
2. Declared outputs are traceable to existing repository artifacts where resolvable, or remain recorded as historical output names without fabricating files.
3. Requirement, acceptance-control, and dependency references resolve to authoritative registries.
4. The record does not claim maturity beyond the task's original design, contract, functional-starter, synthetic-validation, or integration scope.

Definition of Done
1. The original historical scope and status are preserved with source evidence and stable identifiers.
2. The record does not claim production maturity beyond the original design, contract, starter, integration, or validation scope.
3. Any remaining empirical, production, target-hardware, or operating obligation is represented by separate actionable post-wave work.

Required Tests / Validation
- EXISTING_AUTOMATED_TEST / EXISTING_AUTOMATED_TEST: tests/test_validation_science_governance.py — Run and retain the result when this issue touches the covered contract.
- EXISTING_AUTOMATED_TEST / EXISTING_AUTOMATED_TEST: tests/test_w25_final_handoff.py — Run and retain the result when this issue touches the covered contract.
- EXISTING_AUTOMATED_TEST / EXISTING_AUTOMATED_TEST: tools/validate_validation_science.py — Run and retain the result when this issue touches the covered contract.

Required Evidence
- Authoritative WBS row TASK-126
- Existing artifact `no empirical result required`
- Existing artifact `uncertainty/OOD/disagreement/market benchmark protocol`

End-to-End Validation
Historical completion remains scoped; integrated product completion is evaluated only through the post-wave release path.

Stop Conditions
- Stop if completing this record would fabricate real-data, model-metric, source-rights, target-hardware, or operating evidence.

Source References
- SRCREF-00159
- SRCREF-02116
- SRCREF-02117

Governance Traceability Gate:

Canonical Record: jira/records/issues/tasks/TASK-126_freeze_uncertainty_ood_market_protected_benchmark_protocol.json",Done,High,historical;planning-program;validation-design;w17;wave-completed;local-id-task-126,validation-promotion,TASK-126,TASK-126,PHASE-4,DONE,CONTRACT_DEFINED,VERIFIED,W17,false,PROTECTED_GATE,HISTORICAL_REFERENCE
Task,BAT-230,100230,[TASK-127] Freeze uncertainty/market promotion and warning decision rules,100022,"Local ID: TASK-127

Objective
Freeze uncertainty/market promotion and warning decision rules

Why This Exists
Preserve the original W17 WBS work unit, its dependencies, outputs, and scoped completion semantics as provenance for post-wave execution.

Scope
Original task type GATE with mutation scope: as defined by its source documents.

Explicit In Scope
- Original WBS objective and outputs
- Original requirements and acceptance-control mappings
- Original dependency and execution-lane provenance

Explicit Out of Scope
- Reopening completed planning solely to rename it
- Treating a starter/design result as empirically validated production capability

Prerequisites / Dependencies
- Historical dependency TASK-126
- TASK-126

Acceptance Criteria
1. Stable ID TASK-127, parent EPIC-022, owner wave W17, and original status DONE are preserved.
2. Declared outputs are traceable to existing repository artifacts where resolvable, or remain recorded as historical output names without fabricating files.
3. Requirement, acceptance-control, and dependency references resolve to authoritative registries.
4. The record does not claim maturity beyond the task's original design, contract, functional-starter, synthetic-validation, or integration scope.

Definition of Done
1. The original historical scope and status are preserved with source evidence and stable identifiers.
2. The record does not claim production maturity beyond the original design, contract, starter, integration, or validation scope.
3. Any remaining empirical, production, target-hardware, or operating obligation is represented by separate actionable post-wave work.

Required Tests / Validation
- EXISTING_AUTOMATED_TEST / EXISTING_AUTOMATED_TEST: tests/test_validation_science_governance.py — Run and retain the result when this issue touches the covered contract.
- EXISTING_AUTOMATED_TEST / EXISTING_AUTOMATED_TEST: tests/test_w25_final_handoff.py — Run and retain the result when this issue touches the covered contract.
- EXISTING_AUTOMATED_TEST / EXISTING_AUTOMATED_TEST: tools/validate_validation_science.py — Run and retain the result when this issue touches the covered contract.

Required Evidence
- Authoritative WBS row TASK-127
- Existing artifact `precommitted uncertainty/OOD/disagreement/market warning/promotion decision rules`

End-to-End Validation
Historical completion remains scoped; integrated product completion is evaluated only through the post-wave release path.

Stop Conditions
- Stop if completing this record would fabricate real-data, model-metric, source-rights, target-hardware, or operating evidence.

Source References
- SRCREF-00160
- SRCREF-02116
- SRCREF-02117

Governance Traceability Gate:

Canonical Record: jira/records/issues/tasks/TASK-127_freeze_uncertainty_market_promotion_and_warning_decision_rules.json",Done,High,gate;historical;planning-program;w17;wave-completed;local-id-task-127,validation-promotion,TASK-127,TASK-127,PHASE-4,DONE,CONTRACT_DEFINED,VERIFIED,W17,true,PROTECTED_GATE,HISTORICAL_REFERENCE
Task,BAT-231,100231,[TASK-128] Freeze walk-forward/protected-period split specification,100023,"Local ID: TASK-128

Objective
Freeze walk-forward/protected-period split specification

Why This Exists
Preserve the original W17 WBS work unit, its dependencies, outputs, and scoped completion semantics as provenance for post-wave execution.

Scope
Original task type VALIDATION_DESIGN with mutation scope: as defined by its source documents.

Explicit In Scope
- Original WBS objective and outputs
- Original requirements and acceptance-control mappings
- Original dependency and execution-lane provenance

Explicit Out of Scope
- Reopening completed planning solely to rename it
- Treating a starter/design result as empirically validated production capability

Prerequisites / Dependencies
- Historical dependency TASK-121
- TASK-121

Acceptance Criteria
1. Stable ID TASK-128, parent EPIC-023, owner wave W17, and original status DONE are preserved.
2. Declared outputs are traceable to existing repository artifacts where resolvable, or remain recorded as historical output names without fabricating files.
3. Requirement, acceptance-control, and dependency references resolve to authoritative registries.
4. The record does not claim maturity beyond the task's original design, contract, functional-starter, synthetic-validation, or integration scope.

Definition of Done
1. The original historical scope and status are preserved with source evidence and stable identifiers.
2. The record does not claim production maturity beyond the original design, contract, starter, integration, or validation scope.
3. Any remaining empirical, production, target-hardware, or operating obligation is represented by separate actionable post-wave work.

Required Tests / Validation
- EXISTING_AUTOMATED_TEST / EXISTING_AUTOMATED_TEST: tests/test_validation_science_governance.py — Run and retain the result when this issue touches the covered contract.
- EXISTING_AUTOMATED_TEST / EXISTING_AUTOMATED_TEST: tests/test_w25_final_handoff.py — Run and retain the result when this issue touches the covered contract.
- EXISTING_AUTOMATED_TEST / EXISTING_AUTOMATED_TEST: tools/validate_validation_science.py — Run and retain the result when this issue touches the covered contract.

Required Evidence
- Authoritative WBS row TASK-128
- Existing artifact `2024-2025 holdout`
- Existing artifact `2026+ forward shadow`
- Existing artifact `sealed protected split registry`

End-to-End Validation
Historical completion remains scoped; integrated product completion is evaluated only through the post-wave release path.

Stop Conditions
- Stop if completing this record would fabricate real-data, model-metric, source-rights, target-hardware, or operating evidence.

Source References
- SRCREF-00161
- SRCREF-02116
- SRCREF-02117

Governance Traceability Gate:

Canonical Record: jira/records/issues/tasks/TASK-128_freeze_walk_forward_protected_period_split_specification.json",Done,High,historical;planning-program;validation-design;w17;wave-completed;local-id-task-128,validation-promotion,TASK-128,TASK-128,PHASE-4,DONE,CONTRACT_DEFINED,VERIFIED,W17,false,PROTECTED_GATE,HISTORICAL_REFERENCE
Task,BAT-232,100232,[TASK-129] Implement proper scoring/calibration/error metrics,100023,"Local ID: TASK-129

Objective
Implement proper scoring/calibration/error metrics

Why This Exists
Preserve the original W17 WBS work unit, its dependencies, outputs, and scoped completion semantics as provenance for post-wave execution.

Scope
Original task type IMPLEMENTATION with mutation scope: as defined by its source documents.

Explicit In Scope
- Original WBS objective and outputs
- Original requirements and acceptance-control mappings
- Original dependency and execution-lane provenance

Explicit Out of Scope
- Reopening completed planning solely to rename it
- Treating a starter/design result as empirically validated production capability

Prerequisites / Dependencies
- Historical dependency TASK-128
- TASK-128

Acceptance Criteria
1. Stable ID TASK-129, parent EPIC-023, owner wave W17, and original status DONE are preserved.
2. Declared outputs are traceable to existing repository artifacts where resolvable, or remain recorded as historical output names without fabricating files.
3. Requirement, acceptance-control, and dependency references resolve to authoritative registries.
4. The record does not claim maturity beyond the task's original design, contract, functional-starter, synthetic-validation, or integration scope.

Definition of Done
1. The original historical scope and status are preserved with source evidence and stable identifiers.
2. The record does not claim production maturity beyond the original design, contract, starter, integration, or validation scope.
3. Any remaining empirical, production, target-hardware, or operating obligation is represented by separate actionable post-wave work.

Required Tests / Validation
- EXISTING_AUTOMATED_TEST / EXISTING_AUTOMATED_TEST: tests/test_model_architecture_governance.py — Run and retain the result when this issue touches the covered contract.
- EXISTING_AUTOMATED_TEST / EXISTING_AUTOMATED_TEST: tests/test_w20_model_starter.py — Run and retain the result when this issue touches the covered contract.
- EXISTING_AUTOMATED_TEST / EXISTING_AUTOMATED_TEST: tools/validate_model_architecture.py — Run and retain the result when this issue touches the covered contract.

Required Evidence
- Authoritative WBS row TASK-129
- Existing artifact `proper scoring/calibration/error metric registry plus dependency-light reference metrics`

End-to-End Validation
Historical completion remains scoped; integrated product completion is evaluated only through the post-wave release path.

Stop Conditions
- Stop if completing this record would fabricate real-data, model-metric, source-rights, target-hardware, or operating evidence.

Source References
- SRCREF-00162
- SRCREF-02116
- SRCREF-02117

Governance Traceability Gate:

Canonical Record: jira/records/issues/tasks/TASK-129_implement_proper_scoring_calibration_error_metrics.json",Done,High,historical;implementation;planning-program;w17;wave-completed;local-id-task-129,modeling,TASK-129,TASK-129,PHASE-4,DONE,CONTRACT_DEFINED,VERIFIED,W17,false,SOLO_WORKTREE,HISTORICAL_REFERENCE
Task,BAT-233,100233,[TASK-130] Define subgroup/A&M/early-season/injury/travel scorecards,100023,"Local ID: TASK-130

Objective
Define subgroup/A&M/early-season/injury/travel scorecards

Why This Exists
Preserve the original W17 WBS work unit, its dependencies, outputs, and scoped completion semantics as provenance for post-wave execution.

Scope
Original task type VALIDATION_DESIGN with mutation scope: as defined by its source documents.

Explicit In Scope
- Original WBS objective and outputs
- Original requirements and acceptance-control mappings
- Original dependency and execution-lane provenance

Explicit Out of Scope
- Reopening completed planning solely to rename it
- Treating a starter/design result as empirically validated production capability

Prerequisites / Dependencies
- Historical dependency TASK-128
- TASK-128

Acceptance Criteria
1. Stable ID TASK-130, parent EPIC-023, owner wave W17, and original status DONE are preserved.
2. Declared outputs are traceable to existing repository artifacts where resolvable, or remain recorded as historical output names without fabricating files.
3. Requirement, acceptance-control, and dependency references resolve to authoritative registries.
4. The record does not claim maturity beyond the task's original design, contract, functional-starter, synthetic-validation, or integration scope.

Definition of Done
1. The original historical scope and status are preserved with source evidence and stable identifiers.
2. The record does not claim production maturity beyond the original design, contract, starter, integration, or validation scope.
3. Any remaining empirical, production, target-hardware, or operating obligation is represented by separate actionable post-wave work.

Required Tests / Validation
- EXISTING_AUTOMATED_TEST / EXISTING_AUTOMATED_TEST: tests/test_validation_science_governance.py — Run and retain the result when this issue touches the covered contract.
- EXISTING_AUTOMATED_TEST / EXISTING_AUTOMATED_TEST: tests/test_w25_final_handoff.py — Run and retain the result when this issue touches the covered contract.
- EXISTING_AUTOMATED_TEST / EXISTING_AUTOMATED_TEST: tools/validate_validation_science.py — Run and retain the result when this issue touches the covered contract.

Required Evidence
- Authoritative WBS row TASK-130
- Existing artifact `predeclared national/A&M/subgroup evaluation scorecard registry`

End-to-End Validation
Historical completion remains scoped; integrated product completion is evaluated only through the post-wave release path.

Stop Conditions
- Stop if completing this record would fabricate real-data, model-metric, source-rights, target-hardware, or operating evidence.

Source References
- SRCREF-00163
- SRCREF-02116
- SRCREF-02117

Governance Traceability Gate:

Canonical Record: jira/records/issues/tasks/TASK-130_define_subgroup_a_and_m_early_season_injury_travel_scorecards.json",Done,High,historical;planning-program;validation-design;w17;wave-completed;local-id-task-130,validation-promotion,TASK-130,TASK-130,PHASE-4,DONE,CONTRACT_DEFINED,VERIFIED,W17,false,SOLO_WORKTREE,HISTORICAL_REFERENCE
Task,BAT-234,100234,[TASK-131] Freeze evidence-backed promotion threshold methodology,100023,"Local ID: TASK-131

Objective
Freeze evidence-backed promotion threshold methodology

Why This Exists
Preserve the original W17 WBS work unit, its dependencies, outputs, and scoped completion semantics as provenance for post-wave execution.

Scope
Original task type GOVERNANCE with mutation scope: as defined by its source documents.

Explicit In Scope
- Original WBS objective and outputs
- Original requirements and acceptance-control mappings
- Original dependency and execution-lane provenance

Explicit Out of Scope
- Reopening completed planning solely to rename it
- Treating a starter/design result as empirically validated production capability

Prerequisites / Dependencies
- Historical dependency TASK-129
- Historical dependency TASK-130
- Historical dependency TASK-040
- TASK-040
- TASK-129
- TASK-130

Acceptance Criteria
1. Stable ID TASK-131, parent EPIC-023, owner wave W17, and original status DONE are preserved.
2. Declared outputs are traceable to existing repository artifacts where resolvable, or remain recorded as historical output names without fabricating files.
3. Requirement, acceptance-control, and dependency references resolve to authoritative registries.
4. The record does not claim maturity beyond the task's original design, contract, functional-starter, synthetic-validation, or integration scope.

Definition of Done
1. The original historical scope and status are preserved with source evidence and stable identifiers.
2. The record does not claim production maturity beyond the original design, contract, starter, integration, or validation scope.
3. Any remaining empirical, production, target-hardware, or operating obligation is represented by separate actionable post-wave work.

Required Tests / Validation
- EXISTING_AUTOMATED_TEST / EXISTING_AUTOMATED_TEST: tests/test_validation_science_governance.py — Run and retain the result when this issue touches the covered contract.
- EXISTING_AUTOMATED_TEST / EXISTING_AUTOMATED_TEST: tests/test_w25_final_handoff.py — Run and retain the result when this issue touches the covered contract.
- EXISTING_AUTOMATED_TEST / EXISTING_AUTOMATED_TEST: tools/validate_validation_science.py — Run and retain the result when this issue touches the covered contract.

Required Evidence
- Authoritative WBS row TASK-131
- Existing artifact `THR-001..007/014/015 numeric values remain blank pending development evidence`
- Existing artifact `threshold precommitment registry`

End-to-End Validation
Historical completion remains scoped; integrated product completion is evaluated only through the post-wave release path.

Stop Conditions
- Stop if completing this record would fabricate real-data, model-metric, source-rights, target-hardware, or operating evidence.

Source References
- SRCREF-00164
- SRCREF-02116
- SRCREF-02117

Governance Traceability Gate:

Canonical Record: jira/records/issues/tasks/TASK-131_freeze_evidence_backed_promotion_threshold_methodology.json",Done,High,governance;historical;planning-program;w17;wave-completed;local-id-task-131,validation-promotion,TASK-131,TASK-131,PHASE-4,DONE,CONTRACT_DEFINED,VERIFIED,W17,false,SHARED_CONTRACT,HISTORICAL_REFERENCE
Task,BAT-235,100235,[TASK-132] Implement fail-closed champion/challenger decision gate contract,100023,"Local ID: TASK-132

Objective
Implement fail-closed champion/challenger decision gate contract

Why This Exists
Preserve the original W17 WBS work unit, its dependencies, outputs, and scoped completion semantics as provenance for post-wave execution.

Scope
Original task type IMPLEMENTATION with mutation scope: as defined by its source documents.

Explicit In Scope
- Original WBS objective and outputs
- Original requirements and acceptance-control mappings
- Original dependency and execution-lane provenance

Explicit Out of Scope
- Reopening completed planning solely to rename it
- Treating a starter/design result as empirically validated production capability

Prerequisites / Dependencies
- Historical dependency TASK-131
- TASK-131

Acceptance Criteria
1. Stable ID TASK-132, parent EPIC-023, owner wave W17, and original status DONE are preserved.
2. Declared outputs are traceable to existing repository artifacts where resolvable, or remain recorded as historical output names without fabricating files.
3. Requirement, acceptance-control, and dependency references resolve to authoritative registries.
4. The record does not claim maturity beyond the task's original design, contract, functional-starter, synthetic-validation, or integration scope.

Definition of Done
1. The original historical scope and status are preserved with source evidence and stable identifiers.
2. The record does not claim production maturity beyond the original design, contract, starter, integration, or validation scope.
3. Any remaining empirical, production, target-hardware, or operating obligation is represented by separate actionable post-wave work.

Required Tests / Validation
- EXISTING_AUTOMATED_TEST / EXISTING_AUTOMATED_TEST: tests/test_validation_science_governance.py — Run and retain the result when this issue touches the covered contract.
- EXISTING_AUTOMATED_TEST / EXISTING_AUTOMATED_TEST: tests/test_w25_final_handoff.py — Run and retain the result when this issue touches the covered contract.
- EXISTING_AUTOMATED_TEST / EXISTING_AUTOMATED_TEST: tools/validate_validation_science.py — Run and retain the result when this issue touches the covered contract.

Required Evidence
- Authoritative WBS row TASK-132
- Existing artifact `blank required threshold blocks`
- Existing artifact `immutable decision-state contract`
- Existing artifact `reference promotion evaluator`

End-to-End Validation
Historical completion remains scoped; integrated product completion is evaluated only through the post-wave release path.

Stop Conditions
- Stop if completing this record would fabricate real-data, model-metric, source-rights, target-hardware, or operating evidence.

Source References
- SRCREF-00165
- SRCREF-02116
- SRCREF-02117

Governance Traceability Gate:

Canonical Record: jira/records/issues/tasks/TASK-132_implement_fail_closed_champion_challenger_decision_gate_contract.json",Done,High,historical;implementation;planning-program;w17;wave-completed;local-id-task-132,validation-promotion,TASK-132,TASK-132,PHASE-4,DONE,CONTRACT_DEFINED,VERIFIED,W17,false,PROTECTED_GATE,HISTORICAL_REFERENCE
Task,BAT-236,100236,[TASK-133] Freeze W17 validation/promotion science protocol gate,100023,"Local ID: TASK-133

Objective
Freeze W17 validation/promotion science protocol gate

Why This Exists
Preserve the original W17 WBS work unit, its dependencies, outputs, and scoped completion semantics as provenance for post-wave execution.

Scope
Original task type GATE with mutation scope: as defined by its source documents.

Explicit In Scope
- Original WBS objective and outputs
- Original requirements and acceptance-control mappings
- Original dependency and execution-lane provenance

Explicit Out of Scope
- Reopening completed planning solely to rename it
- Treating a starter/design result as empirically validated production capability

Prerequisites / Dependencies
- Historical dependency TASK-132
- Historical dependency TASK-127
- Historical dependency TASK-110
- TASK-110
- TASK-127
- TASK-132

Acceptance Criteria
1. Stable ID TASK-133, parent EPIC-023, owner wave W17, and original status DONE are preserved.
2. Declared outputs are traceable to existing repository artifacts where resolvable, or remain recorded as historical output names without fabricating files.
3. Requirement, acceptance-control, and dependency references resolve to authoritative registries.
4. The record does not claim maturity beyond the task's original design, contract, functional-starter, synthetic-validation, or integration scope.

Definition of Done
1. The original historical scope and status are preserved with source evidence and stable identifiers.
2. The record does not claim production maturity beyond the original design, contract, starter, integration, or validation scope.
3. Any remaining empirical, production, target-hardware, or operating obligation is represented by separate actionable post-wave work.

Required Tests / Validation
- EXISTING_AUTOMATED_TEST / EXISTING_AUTOMATED_TEST: tests/test_validation_science_governance.py — Run and retain the result when this issue touches the covered contract.
- EXISTING_AUTOMATED_TEST / EXISTING_AUTOMATED_TEST: tests/test_w25_final_handoff.py — Run and retain the result when this issue touches the covered contract.
- EXISTING_AUTOMATED_TEST / EXISTING_AUTOMATED_TEST: tools/validate_validation_science.py — Run and retain the result when this issue touches the covered contract.

Required Evidence
- Authoritative WBS row TASK-133
- Existing artifact `W18 research boundary`
- Existing artifact `sealed protected evaluation/promotion contract`

End-to-End Validation
Historical completion remains scoped; integrated product completion is evaluated only through the post-wave release path.

Stop Conditions
- Stop if completing this record would fabricate real-data, model-metric, source-rights, target-hardware, or operating evidence.

Source References
- SRCREF-00166
- SRCREF-02116
- SRCREF-02117

Governance Traceability Gate:

Canonical Record: jira/records/issues/tasks/TASK-133_freeze_w17_validation_promotion_science_protocol_gate.json",Done,High,gate;historical;planning-program;w17;wave-completed;local-id-task-133,validation-promotion,TASK-133,TASK-133,PHASE-4,DONE,CONTRACT_DEFINED,VERIFIED,W17,true,PROTECTED_GATE,HISTORICAL_REFERENCE
Task,BAT-237,100237,[TASK-134] Define experiment identity/config/data/model lineage schema,100024,"Local ID: TASK-134

Objective
Define experiment identity/config/data/model lineage schema

Why This Exists
Preserve the original W18 WBS work unit, its dependencies, outputs, and scoped completion semantics as provenance for post-wave execution.

Scope
Original task type DESIGN with mutation scope: as defined by its source documents.

Explicit In Scope
- Original WBS objective and outputs
- Original requirements and acceptance-control mappings
- Original dependency and execution-lane provenance

Explicit Out of Scope
- Reopening completed planning solely to rename it
- Treating a starter/design result as empirically validated production capability

Prerequisites / Dependencies
- Historical dependency TASK-133
- TASK-133

Acceptance Criteria
1. Stable ID TASK-134, parent EPIC-024, owner wave W18, and original status DONE are preserved.
2. Declared outputs are traceable to existing repository artifacts where resolvable, or remain recorded as historical output names without fabricating files.
3. Requirement, acceptance-control, and dependency references resolve to authoritative registries.
4. The record does not claim maturity beyond the task's original design, contract, functional-starter, synthetic-validation, or integration scope.

Definition of Done
1. The original historical scope and status are preserved with source evidence and stable identifiers.
2. The record does not claim production maturity beyond the original design, contract, starter, integration, or validation scope.
3. Any remaining empirical, production, target-hardware, or operating obligation is represented by separate actionable post-wave work.

Required Tests / Validation
- EXISTING_AUTOMATED_TEST / EXISTING_AUTOMATED_TEST: tests/test_model_architecture_governance.py — Run and retain the result when this issue touches the covered contract.
- EXISTING_AUTOMATED_TEST / EXISTING_AUTOMATED_TEST: tests/test_w20_model_starter.py — Run and retain the result when this issue touches the covered contract.
- EXISTING_AUTOMATED_TEST / EXISTING_AUTOMATED_TEST: tools/validate_model_architecture.py — Run and retain the result when this issue touches the covered contract.

Required Evidence
- Authoritative WBS row TASK-134
- Existing artifact `experiment lineage contract`

End-to-End Validation
Historical completion remains scoped; integrated product completion is evaluated only through the post-wave release path.

Stop Conditions
- Stop if completing this record would fabricate real-data, model-metric, source-rights, target-hardware, or operating evidence.

Source References
- SRCREF-00167
- SRCREF-02116
- SRCREF-02117

Governance Traceability Gate:

Canonical Record: jira/records/issues/tasks/TASK-134_define_experiment_identity_config_data_model_lineage_schema.json",Done,High,design;historical;planning-program;w18;wave-completed;local-id-task-134,modeling,TASK-134,TASK-134,PHASE-4,DONE,CONTRACT_DEFINED,VERIFIED,W18,false,SOLO_WORKTREE,HISTORICAL_REFERENCE
Task,BAT-238,100238,"[TASK-135] Select/validate experiment tracking, HPO, search-space and persistence tools",100024,"Local ID: TASK-135

Objective
Select/validate experiment tracking, HPO, search-space and persistence tools

Why This Exists
Preserve the original W18 WBS work unit, its dependencies, outputs, and scoped completion semantics as provenance for post-wave execution.

Scope
Original task type ARCHITECTURE_DECISION with mutation scope: as defined by its source documents.

Explicit In Scope
- Original WBS objective and outputs
- Original requirements and acceptance-control mappings
- Original dependency and execution-lane provenance

Explicit Out of Scope
- Reopening completed planning solely to rename it
- Treating a starter/design result as empirically validated production capability

Prerequisites / Dependencies
- Historical dependency TASK-134
- TASK-134

Acceptance Criteria
1. Stable ID TASK-135, parent EPIC-024, owner wave W18, and original status DONE are preserved.
2. Declared outputs are traceable to existing repository artifacts where resolvable, or remain recorded as historical output names without fabricating files.
3. Requirement, acceptance-control, and dependency references resolve to authoritative registries.
4. The record does not claim maturity beyond the task's original design, contract, functional-starter, synthetic-validation, or integration scope.

Definition of Done
1. The original historical scope and status are preserved with source evidence and stable identifiers.
2. The record does not claim production maturity beyond the original design, contract, starter, integration, or validation scope.
3. Any remaining empirical, production, target-hardware, or operating obligation is represented by separate actionable post-wave work.

Required Tests / Validation
- EXISTING_AUTOMATED_TEST / EXISTING_AUTOMATED_TEST: tests/test_w24_readiness.py — Run and retain the result when this issue touches the covered contract.
- EXISTING_AUTOMATED_TEST / EXISTING_AUTOMATED_TEST: tests/test_w25_final_handoff.py — Run and retain the result when this issue touches the covered contract.
- EXISTING_AUTOMATED_TEST / EXISTING_AUTOMATED_TEST: tools/validate_w24_readiness.py — Run and retain the result when this issue touches the covered contract.
- EXISTING_AUTOMATED_TEST / EXISTING_AUTOMATED_TEST: tools/validate_w25_final.py — Run and retain the result when this issue touches the covered contract.

Required Evidence
- Authoritative WBS row TASK-135
- Existing artifact `MLflow/Optuna adapter decisions + HPO search-space/study policy`

End-to-End Validation
Historical completion remains scoped; integrated product completion is evaluated only through the post-wave release path.

Stop Conditions
- Stop if completing this record would fabricate real-data, model-metric, source-rights, target-hardware, or operating evidence.

Source References
- SRCREF-00168
- SRCREF-02116
- SRCREF-02117

Governance Traceability Gate:

Canonical Record: jira/records/issues/tasks/TASK-135_select_validate_experiment_tracking_hpo_search_space_and_persistence_tools.json",Done,High,architecture-decision;historical;planning-program;w18;wave-completed;local-id-task-135,release-readiness,TASK-135,TASK-135,PHASE-4,DONE,CONTRACT_DEFINED,VERIFIED,W18,false,SOLO_WORKTREE,HISTORICAL_REFERENCE
Task,BAT-239,100239,"[TASK-136] Implement hypothesis/experiment queue, isolated worktree, resource and deduplication contracts",100024,"Local ID: TASK-136

Objective
Implement hypothesis/experiment queue, isolated worktree, resource and deduplication contracts

Why This Exists
Preserve the original W18 WBS work unit, its dependencies, outputs, and scoped completion semantics as provenance for post-wave execution.

Scope
Original task type IMPLEMENTATION with mutation scope: as defined by its source documents.

Explicit In Scope
- Original WBS objective and outputs
- Original requirements and acceptance-control mappings
- Original dependency and execution-lane provenance

Explicit Out of Scope
- Reopening completed planning solely to rename it
- Treating a starter/design result as empirically validated production capability

Prerequisites / Dependencies
- Historical dependency TASK-134
- Historical dependency TASK-135
- TASK-134
- TASK-135

Acceptance Criteria
1. Stable ID TASK-136, parent EPIC-024, owner wave W18, and original status DONE are preserved.
2. Declared outputs are traceable to existing repository artifacts where resolvable, or remain recorded as historical output names without fabricating files.
3. Requirement, acceptance-control, and dependency references resolve to authoritative registries.
4. The record does not claim maturity beyond the task's original design, contract, functional-starter, synthetic-validation, or integration scope.

Definition of Done
1. The original historical scope and status are preserved with source evidence and stable identifiers.
2. The record does not claim production maturity beyond the original design, contract, starter, integration, or validation scope.
3. Any remaining empirical, production, target-hardware, or operating obligation is represented by separate actionable post-wave work.

Required Tests / Validation
- EXISTING_AUTOMATED_TEST / EXISTING_AUTOMATED_TEST: tests/test_w24_readiness.py — Run and retain the result when this issue touches the covered contract.
- EXISTING_AUTOMATED_TEST / EXISTING_AUTOMATED_TEST: tests/test_w25_final_handoff.py — Run and retain the result when this issue touches the covered contract.
- EXISTING_AUTOMATED_TEST / EXISTING_AUTOMATED_TEST: tools/validate_w24_readiness.py — Run and retain the result when this issue touches the covered contract.
- EXISTING_AUTOMATED_TEST / EXISTING_AUTOMATED_TEST: tools/validate_w25_final.py — Run and retain the result when this issue touches the covered contract.

Required Evidence
- Authoritative WBS row TASK-136
- Existing artifact `hypothesis lifecycle + experiment queue + worktree/resource execution reference`

End-to-End Validation
Historical completion remains scoped; integrated product completion is evaluated only through the post-wave release path.

Stop Conditions
- Stop if completing this record would fabricate real-data, model-metric, source-rights, target-hardware, or operating evidence.

Source References
- SRCREF-00169
- SRCREF-02116
- SRCREF-02117

Governance Traceability Gate:

Canonical Record: jira/records/issues/tasks/TASK-136_implement_hypothesis_experiment_queue_isolated_worktree_resource_and_deduplicati.json",Done,High,historical;implementation;planning-program;w18;wave-completed;local-id-task-136,release-readiness,TASK-136,TASK-136,PHASE-4,DONE,CONTRACT_DEFINED,VERIFIED,W18,false,SOLO_WORKTREE,HISTORICAL_REFERENCE
Task,BAT-240,100240,[TASK-137] Implement immutable judging-rule boundary,100024,"Local ID: TASK-137

Objective
Implement immutable judging-rule boundary

Why This Exists
Preserve the original W18 WBS work unit, its dependencies, outputs, and scoped completion semantics as provenance for post-wave execution.

Scope
Original task type IMPLEMENTATION with mutation scope: as defined by its source documents.

Explicit In Scope
- Original WBS objective and outputs
- Original requirements and acceptance-control mappings
- Original dependency and execution-lane provenance

Explicit Out of Scope
- Reopening completed planning solely to rename it
- Treating a starter/design result as empirically validated production capability

Prerequisites / Dependencies
- Historical dependency TASK-136
- Historical dependency TASK-133
- TASK-133
- TASK-136

Acceptance Criteria
1. Stable ID TASK-137, parent EPIC-024, owner wave W18, and original status DONE are preserved.
2. Declared outputs are traceable to existing repository artifacts where resolvable, or remain recorded as historical output names without fabricating files.
3. Requirement, acceptance-control, and dependency references resolve to authoritative registries.
4. The record does not claim maturity beyond the task's original design, contract, functional-starter, synthetic-validation, or integration scope.

Definition of Done
1. The original historical scope and status are preserved with source evidence and stable identifiers.
2. The record does not claim production maturity beyond the original design, contract, starter, integration, or validation scope.
3. Any remaining empirical, production, target-hardware, or operating obligation is represented by separate actionable post-wave work.

Required Tests / Validation
- EXISTING_AUTOMATED_TEST / EXISTING_AUTOMATED_TEST: tests/test_validation_science_governance.py — Run and retain the result when this issue touches the covered contract.
- EXISTING_AUTOMATED_TEST / EXISTING_AUTOMATED_TEST: tests/test_w25_final_handoff.py — Run and retain the result when this issue touches the covered contract.
- EXISTING_AUTOMATED_TEST / EXISTING_AUTOMATED_TEST: tools/validate_validation_science.py — Run and retain the result when this issue touches the covered contract.

Required Evidence
- Authoritative WBS row TASK-137
- Existing artifact `protected evaluator separation tests + W17 hash-seal verification CLI`

End-to-End Validation
Historical completion remains scoped; integrated product completion is evaluated only through the post-wave release path.

Stop Conditions
- Stop if completing this record would fabricate real-data, model-metric, source-rights, target-hardware, or operating evidence.

Source References
- SRCREF-00170
- SRCREF-02116
- SRCREF-02117

Governance Traceability Gate:

Canonical Record: jira/records/issues/tasks/TASK-137_implement_immutable_judging_rule_boundary.json",Done,High,historical;implementation;planning-program;w18;wave-completed;local-id-task-137,validation-promotion,TASK-137,TASK-137,PHASE-4,DONE,CONTRACT_DEFINED,VERIFIED,W18,false,PROTECTED_GATE,HISTORICAL_REFERENCE
Task,BAT-241,100241,"[TASK-138] Implement feature/model tournaments, artifact manifests, replay/comparison/adopt-reject evidence flow",100024,"Local ID: TASK-138

Objective
Implement feature/model tournaments, artifact manifests, replay/comparison/adopt-reject evidence flow

Why This Exists
Preserve the original W18 WBS work unit, its dependencies, outputs, and scoped completion semantics as provenance for post-wave execution.

Scope
Original task type IMPLEMENTATION with mutation scope: as defined by its source documents.

Explicit In Scope
- Original WBS objective and outputs
- Original requirements and acceptance-control mappings
- Original dependency and execution-lane provenance

Explicit Out of Scope
- Reopening completed planning solely to rename it
- Treating a starter/design result as empirically validated production capability

Prerequisites / Dependencies
- Historical dependency TASK-137
- TASK-137

Acceptance Criteria
1. Stable ID TASK-138, parent EPIC-024, owner wave W18, and original status DONE are preserved.
2. Declared outputs are traceable to existing repository artifacts where resolvable, or remain recorded as historical output names without fabricating files.
3. Requirement, acceptance-control, and dependency references resolve to authoritative registries.
4. The record does not claim maturity beyond the task's original design, contract, functional-starter, synthetic-validation, or integration scope.

Definition of Done
1. The original historical scope and status are preserved with source evidence and stable identifiers.
2. The record does not claim production maturity beyond the original design, contract, starter, integration, or validation scope.
3. Any remaining empirical, production, target-hardware, or operating obligation is represented by separate actionable post-wave work.

Required Tests / Validation
- EXISTING_AUTOMATED_TEST / EXISTING_AUTOMATED_TEST: tests/test_w22_product_serving.py — Run and retain the result when this issue touches the covered contract.
- EXISTING_AUTOMATED_TEST / EXISTING_AUTOMATED_TEST: tools/validate_w22_product.py — Run and retain the result when this issue touches the covered contract.

Required Evidence
- Authoritative WBS row TASK-138
- Existing artifact `feature tournament + model tournament + artifact/replay/comparison/adoption reference system`

End-to-End Validation
Historical completion remains scoped; integrated product completion is evaluated only through the post-wave release path.

Stop Conditions
- Stop if completing this record would fabricate real-data, model-metric, source-rights, target-hardware, or operating evidence.

Source References
- SRCREF-00171
- SRCREF-02116
- SRCREF-02117

Governance Traceability Gate:

Canonical Record: jira/records/issues/tasks/TASK-138_implement_feature_model_tournaments_artifact_manifests_replay_comparison_adopt_r.json",Done,High,historical;implementation;planning-program;w18;wave-completed;local-id-task-138,serving-product,TASK-138,TASK-138,PHASE-4,DONE,CONTRACT_DEFINED,VERIFIED,W18,false,SOLO_WORKTREE,HISTORICAL_REFERENCE
Task,BAT-242,100242,[TASK-139] Pass corrected autonomous research/tournament governance gate,100024,"Local ID: TASK-139

Objective
Pass corrected autonomous research/tournament governance gate

Why This Exists
Preserve the original W18 WBS work unit, its dependencies, outputs, and scoped completion semantics as provenance for post-wave execution.

Scope
Original task type GATE with mutation scope: as defined by its source documents.

Explicit In Scope
- Original WBS objective and outputs
- Original requirements and acceptance-control mappings
- Original dependency and execution-lane provenance

Explicit Out of Scope
- Reopening completed planning solely to rename it
- Treating a starter/design result as empirically validated production capability

Prerequisites / Dependencies
- Historical dependency TASK-138
- TASK-138

Acceptance Criteria
1. Stable ID TASK-139, parent EPIC-024, owner wave W18, and original status DONE are preserved.
2. Declared outputs are traceable to existing repository artifacts where resolvable, or remain recorded as historical output names without fabricating files.
3. Requirement, acceptance-control, and dependency references resolve to authoritative registries.
4. The record does not claim maturity beyond the task's original design, contract, functional-starter, synthetic-validation, or integration scope.

Definition of Done
1. The original historical scope and status are preserved with source evidence and stable identifiers.
2. The record does not claim production maturity beyond the original design, contract, starter, integration, or validation scope.
3. Any remaining empirical, production, target-hardware, or operating obligation is represented by separate actionable post-wave work.

Required Tests / Validation
- EXISTING_AUTOMATED_TEST / EXISTING_AUTOMATED_TEST: tests/test_w24_readiness.py — Run and retain the result when this issue touches the covered contract.
- EXISTING_AUTOMATED_TEST / EXISTING_AUTOMATED_TEST: tests/test_w25_final_handoff.py — Run and retain the result when this issue touches the covered contract.
- EXISTING_AUTOMATED_TEST / EXISTING_AUTOMATED_TEST: tools/validate_w24_readiness.py — Run and retain the result when this issue touches the covered contract.
- EXISTING_AUTOMATED_TEST / EXISTING_AUTOMATED_TEST: tools/validate_w25_final.py — Run and retain the result when this issue touches the covered contract.

Required Evidence
- Authoritative WBS row TASK-139
- Existing artifact `complete W18 master coverage + W17 preservation + tournament/HPO/replay test gate + W19 handoff`

End-to-End Validation
Historical completion remains scoped; integrated product completion is evaluated only through the post-wave release path.

Stop Conditions
- Stop if completing this record would fabricate real-data, model-metric, source-rights, target-hardware, or operating evidence.

Source References
- SRCREF-00172
- SRCREF-02116
- SRCREF-02117

Governance Traceability Gate:

Canonical Record: jira/records/issues/tasks/TASK-139_pass_corrected_autonomous_research_tournament_governance_gate.json",Done,High,gate;historical;planning-program;w18;wave-completed;local-id-task-139,release-readiness,TASK-139,TASK-139,PHASE-4,DONE,CONTRACT_DEFINED,VERIFIED,W18,true,PROTECTED_GATE,HISTORICAL_REFERENCE
Task,BAT-243,100243,[TASK-140] Implement common model artifact/runtime interface,100025,"Local ID: TASK-140

Objective
Implement common model artifact/runtime interface

Why This Exists
Preserve the original W20 WBS work unit, its dependencies, outputs, and scoped completion semantics as provenance for post-wave execution.

Scope
Original task type IMPLEMENTATION with mutation scope: as defined by its source documents.

Explicit In Scope
- Original WBS objective and outputs
- Original requirements and acceptance-control mappings
- Original dependency and execution-lane provenance

Explicit Out of Scope
- Reopening completed planning solely to rename it
- Treating a starter/design result as empirically validated production capability

Prerequisites / Dependencies
- Historical dependency TASK-121
- Historical dependency TASK-133
- Historical dependency TASK-046
- TASK-046
- TASK-121
- TASK-133

Acceptance Criteria
1. Stable ID TASK-140, parent EPIC-025, owner wave W20, and original status DONE are preserved.
2. Declared outputs are traceable to existing repository artifacts where resolvable, or remain recorded as historical output names without fabricating files.
3. Requirement, acceptance-control, and dependency references resolve to authoritative registries.
4. The record does not claim maturity beyond the task's original design, contract, functional-starter, synthetic-validation, or integration scope.

Definition of Done
1. The original historical scope and status are preserved with source evidence and stable identifiers.
2. The record does not claim production maturity beyond the original design, contract, starter, integration, or validation scope.
3. Any remaining empirical, production, target-hardware, or operating obligation is represented by separate actionable post-wave work.

Required Tests / Validation
- EXISTING_AUTOMATED_TEST / EXISTING_AUTOMATED_TEST: tests/test_model_architecture_governance.py — Run and retain the result when this issue touches the covered contract.
- EXISTING_AUTOMATED_TEST / EXISTING_AUTOMATED_TEST: tests/test_w20_model_starter.py — Run and retain the result when this issue touches the covered contract.
- EXISTING_AUTOMATED_TEST / EXISTING_AUTOMATED_TEST: tools/validate_model_architecture.py — Run and retain the result when this issue touches the covered contract.

Required Evidence
- Authoritative WBS row TASK-140
- Existing artifact `model runtime/artifact abstraction`

End-to-End Validation
Historical completion remains scoped; integrated product completion is evaluated only through the post-wave release path.

Stop Conditions
- Stop if completing this record would fabricate real-data, model-metric, source-rights, target-hardware, or operating evidence.

Source References
- SRCREF-00173
- SRCREF-02116
- SRCREF-02117

Governance Traceability Gate:

Canonical Record: jira/records/issues/tasks/TASK-140_implement_common_model_artifact_runtime_interface.json",Done,High,historical;implementation;planning-program;w20;wave-completed;local-id-task-140,modeling,TASK-140,TASK-140,PHASE-4,DONE,FUNCTIONAL_STARTER,VERIFIED,W20,false,SOLO_WORKTREE,HISTORICAL_REFERENCE
Task,BAT-244,100244,[TASK-141] Implement selected baseline and boosting model starters,100025,"Local ID: TASK-141

Objective
Implement selected baseline and boosting model starters

Why This Exists
Preserve the original W20 WBS work unit, its dependencies, outputs, and scoped completion semantics as provenance for post-wave execution.

Scope
Original task type IMPLEMENTATION with mutation scope: as defined by its source documents.

Explicit In Scope
- Original WBS objective and outputs
- Original requirements and acceptance-control mappings
- Original dependency and execution-lane provenance

Explicit Out of Scope
- Reopening completed planning solely to rename it
- Treating a starter/design result as empirically validated production capability

Prerequisites / Dependencies
- Historical dependency TASK-140
- Historical dependency TASK-040
- TASK-040
- TASK-140

Acceptance Criteria
1. Stable ID TASK-141, parent EPIC-025, owner wave W20, and original status DONE are preserved.
2. Declared outputs are traceable to existing repository artifacts where resolvable, or remain recorded as historical output names without fabricating files.
3. Requirement, acceptance-control, and dependency references resolve to authoritative registries.
4. The record does not claim maturity beyond the task's original design, contract, functional-starter, synthetic-validation, or integration scope.

Definition of Done
1. The original historical scope and status are preserved with source evidence and stable identifiers.
2. The record does not claim production maturity beyond the original design, contract, starter, integration, or validation scope.
3. Any remaining empirical, production, target-hardware, or operating obligation is represented by separate actionable post-wave work.

Required Tests / Validation
- EXISTING_AUTOMATED_TEST / EXISTING_AUTOMATED_TEST: tests/test_model_architecture_governance.py — Run and retain the result when this issue touches the covered contract.
- EXISTING_AUTOMATED_TEST / EXISTING_AUTOMATED_TEST: tests/test_w20_model_starter.py — Run and retain the result when this issue touches the covered contract.
- EXISTING_AUTOMATED_TEST / EXISTING_AUTOMATED_TEST: tools/validate_model_architecture.py — Run and retain the result when this issue touches the covered contract.

Required Evidence
- Authoritative WBS row TASK-141
- Existing artifact `functional model starters`

End-to-End Validation
Historical completion remains scoped; integrated product completion is evaluated only through the post-wave release path.

Stop Conditions
- Stop if completing this record would fabricate real-data, model-metric, source-rights, target-hardware, or operating evidence.

Source References
- SRCREF-00174
- SRCREF-02116
- SRCREF-02117

Governance Traceability Gate:

Canonical Record: jira/records/issues/tasks/TASK-141_implement_selected_baseline_and_boosting_model_starters.json",Done,High,historical;implementation;planning-program;w20;wave-completed;local-id-task-141,modeling,TASK-141,TASK-141,PHASE-4,DONE,FUNCTIONAL_STARTER,VERIFIED,W20,false,SOLO_WORKTREE,HISTORICAL_REFERENCE
Task,BAT-245,100245,[TASK-142] Implement score/margin/joint-distribution starter,100025,"Local ID: TASK-142

Objective
Implement score/margin/joint-distribution starter

Why This Exists
Preserve the original W20 WBS work unit, its dependencies, outputs, and scoped completion semantics as provenance for post-wave execution.

Scope
Original task type IMPLEMENTATION with mutation scope: as defined by its source documents.

Explicit In Scope
- Original WBS objective and outputs
- Original requirements and acceptance-control mappings
- Original dependency and execution-lane provenance

Explicit Out of Scope
- Reopening completed planning solely to rename it
- Treating a starter/design result as empirically validated production capability

Prerequisites / Dependencies
- Historical dependency TASK-140
- Historical dependency TASK-121
- TASK-121
- TASK-140

Acceptance Criteria
1. Stable ID TASK-142, parent EPIC-025, owner wave W20, and original status DONE are preserved.
2. Declared outputs are traceable to existing repository artifacts where resolvable, or remain recorded as historical output names without fabricating files.
3. Requirement, acceptance-control, and dependency references resolve to authoritative registries.
4. The record does not claim maturity beyond the task's original design, contract, functional-starter, synthetic-validation, or integration scope.

Definition of Done
1. The original historical scope and status are preserved with source evidence and stable identifiers.
2. The record does not claim production maturity beyond the original design, contract, starter, integration, or validation scope.
3. Any remaining empirical, production, target-hardware, or operating obligation is represented by separate actionable post-wave work.

Required Tests / Validation
- EXISTING_AUTOMATED_TEST / EXISTING_AUTOMATED_TEST: tests/test_model_architecture_governance.py — Run and retain the result when this issue touches the covered contract.
- EXISTING_AUTOMATED_TEST / EXISTING_AUTOMATED_TEST: tests/test_w20_model_starter.py — Run and retain the result when this issue touches the covered contract.
- EXISTING_AUTOMATED_TEST / EXISTING_AUTOMATED_TEST: tools/validate_model_architecture.py — Run and retain the result when this issue touches the covered contract.

Required Evidence
- Authoritative WBS row TASK-142
- Existing artifact `joint forecast starter`

End-to-End Validation
Historical completion remains scoped; integrated product completion is evaluated only through the post-wave release path.

Stop Conditions
- Stop if completing this record would fabricate real-data, model-metric, source-rights, target-hardware, or operating evidence.

Source References
- SRCREF-00175
- SRCREF-02116
- SRCREF-02117

Governance Traceability Gate:

Canonical Record: jira/records/issues/tasks/TASK-142_implement_score_margin_joint_distribution_starter.json",Done,High,historical;implementation;planning-program;w20;wave-completed;local-id-task-142,modeling,TASK-142,TASK-142,PHASE-4,DONE,FUNCTIONAL_STARTER,VERIFIED,W20,false,SOLO_WORKTREE,HISTORICAL_REFERENCE
Task,BAT-246,100246,[TASK-143] Implement calibration/ensemble/uncertainty starter,100025,"Local ID: TASK-143

Objective
Implement calibration/ensemble/uncertainty starter

Why This Exists
Preserve the original W20 WBS work unit, its dependencies, outputs, and scoped completion semantics as provenance for post-wave execution.

Scope
Original task type IMPLEMENTATION with mutation scope: as defined by its source documents.

Explicit In Scope
- Original WBS objective and outputs
- Original requirements and acceptance-control mappings
- Original dependency and execution-lane provenance

Explicit Out of Scope
- Reopening completed planning solely to rename it
- Treating a starter/design result as empirically validated production capability

Prerequisites / Dependencies
- Historical dependency TASK-141
- Historical dependency TASK-142
- Historical dependency TASK-127
- TASK-127
- TASK-141
- TASK-142

Acceptance Criteria
1. Stable ID TASK-143, parent EPIC-025, owner wave W20, and original status DONE are preserved.
2. Declared outputs are traceable to existing repository artifacts where resolvable, or remain recorded as historical output names without fabricating files.
3. Requirement, acceptance-control, and dependency references resolve to authoritative registries.
4. The record does not claim maturity beyond the task's original design, contract, functional-starter, synthetic-validation, or integration scope.

Definition of Done
1. The original historical scope and status are preserved with source evidence and stable identifiers.
2. The record does not claim production maturity beyond the original design, contract, starter, integration, or validation scope.
3. Any remaining empirical, production, target-hardware, or operating obligation is represented by separate actionable post-wave work.

Required Tests / Validation
- EXISTING_AUTOMATED_TEST / EXISTING_AUTOMATED_TEST: tests/test_model_architecture_governance.py — Run and retain the result when this issue touches the covered contract.
- EXISTING_AUTOMATED_TEST / EXISTING_AUTOMATED_TEST: tests/test_w20_model_starter.py — Run and retain the result when this issue touches the covered contract.
- EXISTING_AUTOMATED_TEST / EXISTING_AUTOMATED_TEST: tools/validate_model_architecture.py — Run and retain the result when this issue touches the covered contract.

Required Evidence
- Authoritative WBS row TASK-143
- Existing artifact `calibration/ensemble/uncertainty adapters`

End-to-End Validation
Historical completion remains scoped; integrated product completion is evaluated only through the post-wave release path.

Stop Conditions
- Stop if completing this record would fabricate real-data, model-metric, source-rights, target-hardware, or operating evidence.

Source References
- SRCREF-00176
- SRCREF-02116
- SRCREF-02117

Governance Traceability Gate:

Canonical Record: jira/records/issues/tasks/TASK-143_implement_calibration_ensemble_uncertainty_starter.json",Done,High,historical;implementation;planning-program;w20;wave-completed;local-id-task-143,modeling,TASK-143,TASK-143,PHASE-4,DONE,FUNCTIONAL_STARTER,VERIFIED,W20,false,SOLO_WORKTREE,HISTORICAL_REFERENCE
Task,BAT-247,100247,[TASK-144] Implement model registry abstraction and immutable metadata,100025,"Local ID: TASK-144

Objective
Implement model registry abstraction and immutable metadata

Why This Exists
Preserve the original W20 WBS work unit, its dependencies, outputs, and scoped completion semantics as provenance for post-wave execution.

Scope
Original task type IMPLEMENTATION with mutation scope: as defined by its source documents.

Explicit In Scope
- Original WBS objective and outputs
- Original requirements and acceptance-control mappings
- Original dependency and execution-lane provenance

Explicit Out of Scope
- Reopening completed planning solely to rename it
- Treating a starter/design result as empirically validated production capability

Prerequisites / Dependencies
- Historical dependency TASK-140
- Historical dependency TASK-133
- TASK-133
- TASK-140

Acceptance Criteria
1. Stable ID TASK-144, parent EPIC-025, owner wave W20, and original status DONE are preserved.
2. Declared outputs are traceable to existing repository artifacts where resolvable, or remain recorded as historical output names without fabricating files.
3. Requirement, acceptance-control, and dependency references resolve to authoritative registries.
4. The record does not claim maturity beyond the task's original design, contract, functional-starter, synthetic-validation, or integration scope.

Definition of Done
1. The original historical scope and status are preserved with source evidence and stable identifiers.
2. The record does not claim production maturity beyond the original design, contract, starter, integration, or validation scope.
3. Any remaining empirical, production, target-hardware, or operating obligation is represented by separate actionable post-wave work.

Required Tests / Validation
- EXISTING_AUTOMATED_TEST / EXISTING_AUTOMATED_TEST: tests/test_model_architecture_governance.py — Run and retain the result when this issue touches the covered contract.
- EXISTING_AUTOMATED_TEST / EXISTING_AUTOMATED_TEST: tests/test_w20_model_starter.py — Run and retain the result when this issue touches the covered contract.
- EXISTING_AUTOMATED_TEST / EXISTING_AUTOMATED_TEST: tools/validate_model_architecture.py — Run and retain the result when this issue touches the covered contract.

Required Evidence
- Authoritative WBS row TASK-144
- Existing artifact `model registry interface`

End-to-End Validation
Historical completion remains scoped; integrated product completion is evaluated only through the post-wave release path.

Stop Conditions
- Stop if completing this record would fabricate real-data, model-metric, source-rights, target-hardware, or operating evidence.

Source References
- SRCREF-00177
- SRCREF-02116
- SRCREF-02117

Governance Traceability Gate:

Canonical Record: jira/records/issues/tasks/TASK-144_implement_model_registry_abstraction_and_immutable_metadata.json",Done,High,historical;implementation;planning-program;w20;wave-completed;local-id-task-144,modeling,TASK-144,TASK-144,PHASE-4,DONE,FUNCTIONAL_STARTER,VERIFIED,W20,false,SOLO_WORKTREE,HISTORICAL_REFERENCE
Task,BAT-248,100248,[TASK-145] Pass starter forecast-model integration gate,100025,"Local ID: TASK-145

Objective
Pass starter forecast-model integration gate

Why This Exists
Preserve the original W20 WBS work unit, its dependencies, outputs, and scoped completion semantics as provenance for post-wave execution.

Scope
Original task type GATE with mutation scope: as defined by its source documents.

Explicit In Scope
- Original WBS objective and outputs
- Original requirements and acceptance-control mappings
- Original dependency and execution-lane provenance

Explicit Out of Scope
- Reopening completed planning solely to rename it
- Treating a starter/design result as empirically validated production capability

Prerequisites / Dependencies
- Historical dependency TASK-143
- Historical dependency TASK-144
- Historical dependency TASK-115
- TASK-115
- TASK-143
- TASK-144

Acceptance Criteria
1. Stable ID TASK-145, parent EPIC-025, owner wave W20, and original status DONE are preserved.
2. Declared outputs are traceable to existing repository artifacts where resolvable, or remain recorded as historical output names without fabricating files.
3. Requirement, acceptance-control, and dependency references resolve to authoritative registries.
4. The record does not claim maturity beyond the task's original design, contract, functional-starter, synthetic-validation, or integration scope.

Definition of Done
1. The original historical scope and status are preserved with source evidence and stable identifiers.
2. The record does not claim production maturity beyond the original design, contract, starter, integration, or validation scope.
3. Any remaining empirical, production, target-hardware, or operating obligation is represented by separate actionable post-wave work.

Required Tests / Validation
- EXISTING_AUTOMATED_TEST / EXISTING_AUTOMATED_TEST: tests/test_model_architecture_governance.py — Run and retain the result when this issue touches the covered contract.
- EXISTING_AUTOMATED_TEST / EXISTING_AUTOMATED_TEST: tests/test_w20_model_starter.py — Run and retain the result when this issue touches the covered contract.
- EXISTING_AUTOMATED_TEST / EXISTING_AUTOMATED_TEST: tools/validate_model_architecture.py — Run and retain the result when this issue touches the covered contract.

Required Evidence
- Authoritative WBS row TASK-145
- Existing artifact `functional selected model/calibration starter`

End-to-End Validation
Historical completion remains scoped; integrated product completion is evaluated only through the post-wave release path.

Stop Conditions
- Stop if completing this record would fabricate real-data, model-metric, source-rights, target-hardware, or operating evidence.

Source References
- SRCREF-00178
- SRCREF-02116
- SRCREF-02117

Governance Traceability Gate:

Canonical Record: jira/records/issues/tasks/TASK-145_pass_starter_forecast_model_integration_gate.json",Done,High,gate;historical;planning-program;w20;wave-completed;local-id-task-145,modeling,TASK-145,TASK-145,PHASE-4,DONE,FUNCTIONAL_STARTER,VERIFIED,W20,true,PROTECTED_GATE,HISTORICAL_REFERENCE
Task,BAT-249,100249,[TASK-146] Select orchestrator based on local operational requirements,100026,"Local ID: TASK-146

Objective
Select orchestrator based on local operational requirements

Why This Exists
Preserve the original W21 WBS work unit, its dependencies, outputs, and scoped completion semantics as provenance for post-wave execution.

Scope
Original task type ARCHITECTURE_DECISION with mutation scope: as defined by its source documents.

Explicit In Scope
- Original WBS objective and outputs
- Original requirements and acceptance-control mappings
- Original dependency and execution-lane provenance

Explicit Out of Scope
- Reopening completed planning solely to rename it
- Treating a starter/design result as empirically validated production capability

Prerequisites / Dependencies
- Historical dependency TASK-145
- Historical dependency TASK-139
- TASK-139
- TASK-145

Acceptance Criteria
1. Stable ID TASK-146, parent EPIC-026, owner wave W21, and original status DONE are preserved.
2. Declared outputs are traceable to existing repository artifacts where resolvable, or remain recorded as historical output names without fabricating files.
3. Requirement, acceptance-control, and dependency references resolve to authoritative registries.
4. The record does not claim maturity beyond the task's original design, contract, functional-starter, synthetic-validation, or integration scope.

Definition of Done
1. The original historical scope and status are preserved with source evidence and stable identifiers.
2. The record does not claim production maturity beyond the original design, contract, starter, integration, or validation scope.
3. Any remaining empirical, production, target-hardware, or operating obligation is represented by separate actionable post-wave work.

Required Tests / Validation
- EXISTING_AUTOMATED_TEST / EXISTING_AUTOMATED_TEST: tests/test_w21_weekly_mlops.py — Run and retain the result when this issue touches the covered contract.
- EXISTING_AUTOMATED_TEST / EXISTING_AUTOMATED_TEST: tools/validate_w21_mlops.py — Run and retain the result when this issue touches the covered contract.

Required Evidence
- Authoritative WBS row TASK-146
- Existing artifact `Prefect-or-approved choice`
- Existing artifact `orchestrator ADR`

End-to-End Validation
Historical completion remains scoped; integrated product completion is evaluated only through the post-wave release path.

Stop Conditions
- Stop if completing this record would fabricate real-data, model-metric, source-rights, target-hardware, or operating evidence.

Source References
- SRCREF-00179
- SRCREF-02116
- SRCREF-02117

Governance Traceability Gate:

Canonical Record: jira/records/issues/tasks/TASK-146_select_orchestrator_based_on_local_operational_requirements.json",Done,High,architecture-decision;historical;planning-program;w21;wave-completed;local-id-task-146,mlops,TASK-146,TASK-146,PHASE-4,DONE,INTEGRATED,VERIFIED,W21,false,SOLO_WORKTREE,HISTORICAL_REFERENCE
Task,BAT-250,100250,[TASK-147] Implement resumable ingestion/QA/quarantine/state workflow,100026,"Local ID: TASK-147

Objective
Implement resumable ingestion/QA/quarantine/state workflow

Why This Exists
Preserve the original W21 WBS work unit, its dependencies, outputs, and scoped completion semantics as provenance for post-wave execution.

Scope
Original task type IMPLEMENTATION with mutation scope: as defined by its source documents.

Explicit In Scope
- Original WBS objective and outputs
- Original requirements and acceptance-control mappings
- Original dependency and execution-lane provenance

Explicit Out of Scope
- Reopening completed planning solely to rename it
- Treating a starter/design result as empirically validated production capability

Prerequisites / Dependencies
- Historical dependency TASK-146
- Historical dependency TASK-046
- TASK-046
- TASK-146

Acceptance Criteria
1. Stable ID TASK-147, parent EPIC-026, owner wave W21, and original status DONE are preserved.
2. Declared outputs are traceable to existing repository artifacts where resolvable, or remain recorded as historical output names without fabricating files.
3. Requirement, acceptance-control, and dependency references resolve to authoritative registries.
4. The record does not claim maturity beyond the task's original design, contract, functional-starter, synthetic-validation, or integration scope.

Definition of Done
1. The original historical scope and status are preserved with source evidence and stable identifiers.
2. The record does not claim production maturity beyond the original design, contract, starter, integration, or validation scope.
3. Any remaining empirical, production, target-hardware, or operating obligation is represented by separate actionable post-wave work.

Required Tests / Validation
- EXISTING_AUTOMATED_TEST / EXISTING_AUTOMATED_TEST: tests/test_w21_weekly_mlops.py — Run and retain the result when this issue touches the covered contract.
- EXISTING_AUTOMATED_TEST / EXISTING_AUTOMATED_TEST: tools/validate_w21_mlops.py — Run and retain the result when this issue touches the covered contract.

Required Evidence
- Authoritative WBS row TASK-147
- Existing artifact `data refresh workflow`

End-to-End Validation
Historical completion remains scoped; integrated product completion is evaluated only through the post-wave release path.

Stop Conditions
- Stop if completing this record would fabricate real-data, model-metric, source-rights, target-hardware, or operating evidence.

Source References
- SRCREF-00180
- SRCREF-02116
- SRCREF-02117

Governance Traceability Gate:

Canonical Record: jira/records/issues/tasks/TASK-147_implement_resumable_ingestion_qa_quarantine_state_workflow.json",Done,High,historical;implementation;planning-program;w21;wave-completed;local-id-task-147,mlops,TASK-147,TASK-147,PHASE-4,DONE,INTEGRATED,VERIFIED,W21,false,SOLO_WORKTREE,HISTORICAL_REFERENCE
Task,BAT-251,100251,[TASK-148] Implement feature/train/calibrate/challenger workflow,100026,"Local ID: TASK-148

Objective
Implement feature/train/calibrate/challenger workflow

Why This Exists
Preserve the original W21 WBS work unit, its dependencies, outputs, and scoped completion semantics as provenance for post-wave execution.

Scope
Original task type IMPLEMENTATION with mutation scope: as defined by its source documents.

Explicit In Scope
- Original WBS objective and outputs
- Original requirements and acceptance-control mappings
- Original dependency and execution-lane provenance

Explicit Out of Scope
- Reopening completed planning solely to rename it
- Treating a starter/design result as empirically validated production capability

Prerequisites / Dependencies
- Historical dependency TASK-146
- Historical dependency TASK-145
- Historical dependency TASK-133
- TASK-133
- TASK-145
- TASK-146

Acceptance Criteria
1. Stable ID TASK-148, parent EPIC-026, owner wave W21, and original status DONE are preserved.
2. Declared outputs are traceable to existing repository artifacts where resolvable, or remain recorded as historical output names without fabricating files.
3. Requirement, acceptance-control, and dependency references resolve to authoritative registries.
4. The record does not claim maturity beyond the task's original design, contract, functional-starter, synthetic-validation, or integration scope.

Definition of Done
1. The original historical scope and status are preserved with source evidence and stable identifiers.
2. The record does not claim production maturity beyond the original design, contract, starter, integration, or validation scope.
3. Any remaining empirical, production, target-hardware, or operating obligation is represented by separate actionable post-wave work.

Required Tests / Validation
- EXISTING_AUTOMATED_TEST / EXISTING_AUTOMATED_TEST: tests/test_w21_weekly_mlops.py — Run and retain the result when this issue touches the covered contract.
- EXISTING_AUTOMATED_TEST / EXISTING_AUTOMATED_TEST: tools/validate_w21_mlops.py — Run and retain the result when this issue touches the covered contract.

Required Evidence
- Authoritative WBS row TASK-148
- Existing artifact `training workflow`

End-to-End Validation
Historical completion remains scoped; integrated product completion is evaluated only through the post-wave release path.

Stop Conditions
- Stop if completing this record would fabricate real-data, model-metric, source-rights, target-hardware, or operating evidence.

Source References
- SRCREF-00181
- SRCREF-02116
- SRCREF-02117

Governance Traceability Gate:

Canonical Record: jira/records/issues/tasks/TASK-148_implement_feature_train_calibrate_challenger_workflow.json",Done,High,historical;implementation;planning-program;w21;wave-completed;local-id-task-148,mlops,TASK-148,TASK-148,PHASE-4,DONE,INTEGRATED,VERIFIED,W21,false,SOLO_WORKTREE,HISTORICAL_REFERENCE
Task,BAT-252,100252,[TASK-149] Implement promotion/rollback/prediction snapshot workflow,100026,"Local ID: TASK-149

Objective
Implement promotion/rollback/prediction snapshot workflow

Why This Exists
Preserve the original W21 WBS work unit, its dependencies, outputs, and scoped completion semantics as provenance for post-wave execution.

Scope
Original task type IMPLEMENTATION with mutation scope: as defined by its source documents.

Explicit In Scope
- Original WBS objective and outputs
- Original requirements and acceptance-control mappings
- Original dependency and execution-lane provenance

Explicit Out of Scope
- Reopening completed planning solely to rename it
- Treating a starter/design result as empirically validated production capability

Prerequisites / Dependencies
- Historical dependency TASK-148
- TASK-148

Acceptance Criteria
1. Stable ID TASK-149, parent EPIC-026, owner wave W21, and original status DONE are preserved.
2. Declared outputs are traceable to existing repository artifacts where resolvable, or remain recorded as historical output names without fabricating files.
3. Requirement, acceptance-control, and dependency references resolve to authoritative registries.
4. The record does not claim maturity beyond the task's original design, contract, functional-starter, synthetic-validation, or integration scope.

Definition of Done
1. The original historical scope and status are preserved with source evidence and stable identifiers.
2. The record does not claim production maturity beyond the original design, contract, starter, integration, or validation scope.
3. Any remaining empirical, production, target-hardware, or operating obligation is represented by separate actionable post-wave work.

Required Tests / Validation
- EXISTING_AUTOMATED_TEST / EXISTING_AUTOMATED_TEST: tests/test_w21_weekly_mlops.py — Run and retain the result when this issue touches the covered contract.
- EXISTING_AUTOMATED_TEST / EXISTING_AUTOMATED_TEST: tools/validate_w21_mlops.py — Run and retain the result when this issue touches the covered contract.

Required Evidence
- Authoritative WBS row TASK-149
- Existing artifact `promotion+rollback+snapshot workflow`

End-to-End Validation
Historical completion remains scoped; integrated product completion is evaluated only through the post-wave release path.

Stop Conditions
- Stop if completing this record would fabricate real-data, model-metric, source-rights, target-hardware, or operating evidence.

Source References
- SRCREF-00182
- SRCREF-02116
- SRCREF-02117

Governance Traceability Gate:

Canonical Record: jira/records/issues/tasks/TASK-149_implement_promotion_rollback_prediction_snapshot_workflow.json",Done,High,historical;implementation;planning-program;w21;wave-completed;local-id-task-149,mlops,TASK-149,TASK-149,PHASE-4,DONE,INTEGRATED,VERIFIED,W21,false,PROTECTED_GATE,HISTORICAL_REFERENCE
Task,BAT-253,100253,[TASK-150] Implement result scoring/postmortem/research-queue workflow,100026,"Local ID: TASK-150

Objective
Implement result scoring/postmortem/research-queue workflow

Why This Exists
Preserve the original W21 WBS work unit, its dependencies, outputs, and scoped completion semantics as provenance for post-wave execution.

Scope
Original task type IMPLEMENTATION with mutation scope: as defined by its source documents.

Explicit In Scope
- Original WBS objective and outputs
- Original requirements and acceptance-control mappings
- Original dependency and execution-lane provenance

Explicit Out of Scope
- Reopening completed planning solely to rename it
- Treating a starter/design result as empirically validated production capability

Prerequisites / Dependencies
- Historical dependency TASK-149
- Historical dependency TASK-139
- TASK-139
- TASK-149

Acceptance Criteria
1. Stable ID TASK-150, parent EPIC-026, owner wave W21, and original status DONE are preserved.
2. Declared outputs are traceable to existing repository artifacts where resolvable, or remain recorded as historical output names without fabricating files.
3. Requirement, acceptance-control, and dependency references resolve to authoritative registries.
4. The record does not claim maturity beyond the task's original design, contract, functional-starter, synthetic-validation, or integration scope.

Definition of Done
1. The original historical scope and status are preserved with source evidence and stable identifiers.
2. The record does not claim production maturity beyond the original design, contract, starter, integration, or validation scope.
3. Any remaining empirical, production, target-hardware, or operating obligation is represented by separate actionable post-wave work.

Required Tests / Validation
- EXISTING_AUTOMATED_TEST / EXISTING_AUTOMATED_TEST: tests/test_w21_weekly_mlops.py — Run and retain the result when this issue touches the covered contract.
- EXISTING_AUTOMATED_TEST / EXISTING_AUTOMATED_TEST: tools/validate_w21_mlops.py — Run and retain the result when this issue touches the covered contract.

Required Evidence
- Authoritative WBS row TASK-150
- Existing artifact `postmortem/research loop`

End-to-End Validation
Historical completion remains scoped; integrated product completion is evaluated only through the post-wave release path.

Stop Conditions
- Stop if completing this record would fabricate real-data, model-metric, source-rights, target-hardware, or operating evidence.

Source References
- SRCREF-00183
- SRCREF-02116
- SRCREF-02117

Governance Traceability Gate:

Canonical Record: jira/records/issues/tasks/TASK-150_implement_result_scoring_postmortem_research_queue_workflow.json",Done,High,historical;implementation;planning-program;w21;wave-completed;local-id-task-150,mlops,TASK-150,TASK-150,PHASE-4,DONE,INTEGRATED,VERIFIED,W21,false,SOLO_WORKTREE,HISTORICAL_REFERENCE
Task,BAT-254,100254,[TASK-151] Pass weekly pipeline idempotency/resume gate,100026,"Local ID: TASK-151

Objective
Pass weekly pipeline idempotency/resume gate

Why This Exists
Preserve the original W21 WBS work unit, its dependencies, outputs, and scoped completion semantics as provenance for post-wave execution.

Scope
Original task type GATE with mutation scope: as defined by its source documents.

Explicit In Scope
- Original WBS objective and outputs
- Original requirements and acceptance-control mappings
- Original dependency and execution-lane provenance

Explicit Out of Scope
- Reopening completed planning solely to rename it
- Treating a starter/design result as empirically validated production capability

Prerequisites / Dependencies
- Historical dependency TASK-147
- Historical dependency TASK-150
- TASK-147
- TASK-150

Acceptance Criteria
1. Stable ID TASK-151, parent EPIC-026, owner wave W21, and original status DONE are preserved.
2. Declared outputs are traceable to existing repository artifacts where resolvable, or remain recorded as historical output names without fabricating files.
3. Requirement, acceptance-control, and dependency references resolve to authoritative registries.
4. The record does not claim maturity beyond the task's original design, contract, functional-starter, synthetic-validation, or integration scope.

Definition of Done
1. The original historical scope and status are preserved with source evidence and stable identifiers.
2. The record does not claim production maturity beyond the original design, contract, starter, integration, or validation scope.
3. Any remaining empirical, production, target-hardware, or operating obligation is represented by separate actionable post-wave work.

Required Tests / Validation
- EXISTING_AUTOMATED_TEST / EXISTING_AUTOMATED_TEST: tests/test_w21_weekly_mlops.py — Run and retain the result when this issue touches the covered contract.
- EXISTING_AUTOMATED_TEST / EXISTING_AUTOMATED_TEST: tools/validate_w21_mlops.py — Run and retain the result when this issue touches the covered contract.

Required Evidence
- Authoritative WBS row TASK-151
- Existing artifact `end-to-end resumability evidence`

End-to-End Validation
Historical completion remains scoped; integrated product completion is evaluated only through the post-wave release path.

Stop Conditions
- Stop if completing this record would fabricate real-data, model-metric, source-rights, target-hardware, or operating evidence.

Source References
- SRCREF-00184
- SRCREF-02116
- SRCREF-02117

Governance Traceability Gate:

Canonical Record: jira/records/issues/tasks/TASK-151_pass_weekly_pipeline_idempotency_resume_gate.json",Done,High,gate;historical;planning-program;w21;wave-completed;local-id-task-151,mlops,TASK-151,TASK-151,PHASE-4,DONE,INTEGRATED,VERIFIED,W21,true,PROTECTED_GATE,HISTORICAL_REFERENCE
Task,BAT-255,100255,[TASK-152] Freeze snapshot-serving API contract,100027,"Local ID: TASK-152

Objective
Freeze snapshot-serving API contract

Why This Exists
Preserve the original W22 WBS work unit, its dependencies, outputs, and scoped completion semantics as provenance for post-wave execution.

Scope
Original task type DESIGN with mutation scope: as defined by its source documents.

Explicit In Scope
- Original WBS objective and outputs
- Original requirements and acceptance-control mappings
- Original dependency and execution-lane provenance

Explicit Out of Scope
- Reopening completed planning solely to rename it
- Treating a starter/design result as empirically validated production capability

Prerequisites / Dependencies
- Historical dependency TASK-151
- TASK-151

Acceptance Criteria
1. Stable ID TASK-152, parent EPIC-027, owner wave W22, and original status DONE are preserved.
2. Declared outputs are traceable to existing repository artifacts where resolvable, or remain recorded as historical output names without fabricating files.
3. Requirement, acceptance-control, and dependency references resolve to authoritative registries.
4. The record does not claim maturity beyond the task's original design, contract, functional-starter, synthetic-validation, or integration scope.

Definition of Done
1. The original historical scope and status are preserved with source evidence and stable identifiers.
2. The record does not claim production maturity beyond the original design, contract, starter, integration, or validation scope.
3. Any remaining empirical, production, target-hardware, or operating obligation is represented by separate actionable post-wave work.

Required Tests / Validation
- EXISTING_AUTOMATED_TEST / EXISTING_AUTOMATED_TEST: tests/test_w22_product_serving.py — Run and retain the result when this issue touches the covered contract.
- EXISTING_AUTOMATED_TEST / EXISTING_AUTOMATED_TEST: tools/validate_w22_product.py — Run and retain the result when this issue touches the covered contract.

Required Evidence
- Authoritative WBS row TASK-152
- Existing artifact `read-only forecast API schema`

End-to-End Validation
Historical completion remains scoped; integrated product completion is evaluated only through the post-wave release path.

Stop Conditions
- Stop if completing this record would fabricate real-data, model-metric, source-rights, target-hardware, or operating evidence.

Source References
- SRCREF-00185
- SRCREF-02116
- SRCREF-02117

Governance Traceability Gate:

Canonical Record: jira/records/issues/tasks/TASK-152_freeze_snapshot_serving_api_contract.json",Done,High,design;historical;planning-program;w22;wave-completed;local-id-task-152,serving-product,TASK-152,TASK-152,PHASE-4,DONE,INTEGRATED,VERIFIED,W22,false,SHARED_CONTRACT,HISTORICAL_REFERENCE
Task,BAT-256,100256,[TASK-153] Select product framework against actual requirements,100027,"Local ID: TASK-153

Objective
Select product framework against actual requirements

Why This Exists
Preserve the original W22 WBS work unit, its dependencies, outputs, and scoped completion semantics as provenance for post-wave execution.

Scope
Original task type ARCHITECTURE_DECISION with mutation scope: as defined by its source documents.

Explicit In Scope
- Original WBS objective and outputs
- Original requirements and acceptance-control mappings
- Original dependency and execution-lane provenance

Explicit Out of Scope
- Reopening completed planning solely to rename it
- Treating a starter/design result as empirically validated production capability

Prerequisites / Dependencies
- Historical dependency TASK-152
- TASK-152

Acceptance Criteria
1. Stable ID TASK-153, parent EPIC-027, owner wave W22, and original status DONE are preserved.
2. Declared outputs are traceable to existing repository artifacts where resolvable, or remain recorded as historical output names without fabricating files.
3. Requirement, acceptance-control, and dependency references resolve to authoritative registries.
4. The record does not claim maturity beyond the task's original design, contract, functional-starter, synthetic-validation, or integration scope.

Definition of Done
1. The original historical scope and status are preserved with source evidence and stable identifiers.
2. The record does not claim production maturity beyond the original design, contract, starter, integration, or validation scope.
3. Any remaining empirical, production, target-hardware, or operating obligation is represented by separate actionable post-wave work.

Required Tests / Validation
- EXISTING_AUTOMATED_TEST / EXISTING_AUTOMATED_TEST: tests/test_w22_product_serving.py — Run and retain the result when this issue touches the covered contract.
- EXISTING_AUTOMATED_TEST / EXISTING_AUTOMATED_TEST: tools/validate_w22_product.py — Run and retain the result when this issue touches the covered contract.

Required Evidence
- Authoritative WBS row TASK-153
- Existing artifact `FastAPI/Streamlit/React-or-approved ADR`

End-to-End Validation
Historical completion remains scoped; integrated product completion is evaluated only through the post-wave release path.

Stop Conditions
- Stop if completing this record would fabricate real-data, model-metric, source-rights, target-hardware, or operating evidence.

Source References
- SRCREF-00186
- SRCREF-02116
- SRCREF-02117

Governance Traceability Gate:

Canonical Record: jira/records/issues/tasks/TASK-153_select_product_framework_against_actual_requirements.json",Done,High,architecture-decision;historical;planning-program;w22;wave-completed;local-id-task-153,serving-product,TASK-153,TASK-153,PHASE-4,DONE,INTEGRATED,VERIFIED,W22,false,SOLO_WORKTREE,HISTORICAL_REFERENCE
Task,BAT-257,100257,[TASK-154] Implement A&M forecast dashboard starter,100027,"Local ID: TASK-154

Objective
Implement A&M forecast dashboard starter

Why This Exists
Preserve the original W22 WBS work unit, its dependencies, outputs, and scoped completion semantics as provenance for post-wave execution.

Scope
Original task type IMPLEMENTATION with mutation scope: as defined by its source documents.

Explicit In Scope
- Original WBS objective and outputs
- Original requirements and acceptance-control mappings
- Original dependency and execution-lane provenance

Explicit Out of Scope
- Reopening completed planning solely to rename it
- Treating a starter/design result as empirically validated production capability

Prerequisites / Dependencies
- Historical dependency TASK-152
- Historical dependency TASK-153
- Historical dependency TASK-115
- Historical dependency TASK-145
- TASK-115
- TASK-145
- TASK-152
- TASK-153

Acceptance Criteria
1. Stable ID TASK-154, parent EPIC-027, owner wave W22, and original status DONE are preserved.
2. Declared outputs are traceable to existing repository artifacts where resolvable, or remain recorded as historical output names without fabricating files.
3. Requirement, acceptance-control, and dependency references resolve to authoritative registries.
4. The record does not claim maturity beyond the task's original design, contract, functional-starter, synthetic-validation, or integration scope.

Definition of Done
1. The original historical scope and status are preserved with source evidence and stable identifiers.
2. The record does not claim production maturity beyond the original design, contract, starter, integration, or validation scope.
3. Any remaining empirical, production, target-hardware, or operating obligation is represented by separate actionable post-wave work.

Required Tests / Validation
- EXISTING_AUTOMATED_TEST / EXISTING_AUTOMATED_TEST: tests/test_w22_product_serving.py — Run and retain the result when this issue touches the covered contract.
- EXISTING_AUTOMATED_TEST / EXISTING_AUTOMATED_TEST: tools/validate_w22_product.py — Run and retain the result when this issue touches the covered contract.

Required Evidence
- Authoritative WBS row TASK-154
- Existing artifact `A&M dashboard`

End-to-End Validation
Historical completion remains scoped; integrated product completion is evaluated only through the post-wave release path.

Stop Conditions
- Stop if completing this record would fabricate real-data, model-metric, source-rights, target-hardware, or operating evidence.

Source References
- SRCREF-00187
- SRCREF-02116
- SRCREF-02117

Governance Traceability Gate:

Canonical Record: jira/records/issues/tasks/TASK-154_implement_a_and_m_forecast_dashboard_starter.json",Done,High,historical;implementation;planning-program;w22;wave-completed;local-id-task-154,serving-product,TASK-154,TASK-154,PHASE-4,DONE,INTEGRATED,VERIFIED,W22,false,SOLO_WORKTREE,HISTORICAL_REFERENCE
Task,BAT-258,100258,[TASK-155] Implement uncertainty/BAS/availability/matchup explanation views,100027,"Local ID: TASK-155

Objective
Implement uncertainty/BAS/availability/matchup explanation views

Why This Exists
Preserve the original W22 WBS work unit, its dependencies, outputs, and scoped completion semantics as provenance for post-wave execution.

Scope
Original task type IMPLEMENTATION with mutation scope: as defined by its source documents.

Explicit In Scope
- Original WBS objective and outputs
- Original requirements and acceptance-control mappings
- Original dependency and execution-lane provenance

Explicit Out of Scope
- Reopening completed planning solely to rename it
- Treating a starter/design result as empirically validated production capability

Prerequisites / Dependencies
- Historical dependency TASK-154
- TASK-154

Acceptance Criteria
1. Stable ID TASK-155, parent EPIC-027, owner wave W22, and original status DONE are preserved.
2. Declared outputs are traceable to existing repository artifacts where resolvable, or remain recorded as historical output names without fabricating files.
3. Requirement, acceptance-control, and dependency references resolve to authoritative registries.
4. The record does not claim maturity beyond the task's original design, contract, functional-starter, synthetic-validation, or integration scope.

Definition of Done
1. The original historical scope and status are preserved with source evidence and stable identifiers.
2. The record does not claim production maturity beyond the original design, contract, starter, integration, or validation scope.
3. Any remaining empirical, production, target-hardware, or operating obligation is represented by separate actionable post-wave work.

Required Tests / Validation
- EXISTING_AUTOMATED_TEST / EXISTING_AUTOMATED_TEST: tests/test_bas_science_governance.py — Run and retain the result when this issue touches the covered contract.
- EXISTING_AUTOMATED_TEST / EXISTING_AUTOMATED_TEST: tests/test_w20_model_starter.py — Run and retain the result when this issue touches the covered contract.
- EXISTING_AUTOMATED_TEST / EXISTING_AUTOMATED_TEST: tools/validate_bas_science.py — Run and retain the result when this issue touches the covered contract.

Required Evidence
- Authoritative WBS row TASK-155
- Existing artifact `explanation and warning surfaces`

End-to-End Validation
Historical completion remains scoped; integrated product completion is evaluated only through the post-wave release path.

Stop Conditions
- Stop if completing this record would fabricate real-data, model-metric, source-rights, target-hardware, or operating evidence.

Source References
- SRCREF-00188
- SRCREF-02116
- SRCREF-02117

Governance Traceability Gate:

Canonical Record: jira/records/issues/tasks/TASK-155_implement_uncertainty_bas_availability_matchup_explanation_views.json",Done,High,historical;implementation;planning-program;w22;wave-completed;local-id-task-155,bas-science,TASK-155,TASK-155,PHASE-4,DONE,INTEGRATED,VERIFIED,W22,false,SOLO_WORKTREE,HISTORICAL_REFERENCE
Task,BAT-259,100259,[TASK-156] Implement source/model/data snapshot lineage display,100027,"Local ID: TASK-156

Objective
Implement source/model/data snapshot lineage display

Why This Exists
Preserve the original W22 WBS work unit, its dependencies, outputs, and scoped completion semantics as provenance for post-wave execution.

Scope
Original task type IMPLEMENTATION with mutation scope: as defined by its source documents.

Explicit In Scope
- Original WBS objective and outputs
- Original requirements and acceptance-control mappings
- Original dependency and execution-lane provenance

Explicit Out of Scope
- Reopening completed planning solely to rename it
- Treating a starter/design result as empirically validated production capability

Prerequisites / Dependencies
- Historical dependency TASK-152
- TASK-152

Acceptance Criteria
1. Stable ID TASK-156, parent EPIC-027, owner wave W22, and original status DONE are preserved.
2. Declared outputs are traceable to existing repository artifacts where resolvable, or remain recorded as historical output names without fabricating files.
3. Requirement, acceptance-control, and dependency references resolve to authoritative registries.
4. The record does not claim maturity beyond the task's original design, contract, functional-starter, synthetic-validation, or integration scope.

Definition of Done
1. The original historical scope and status are preserved with source evidence and stable identifiers.
2. The record does not claim production maturity beyond the original design, contract, starter, integration, or validation scope.
3. Any remaining empirical, production, target-hardware, or operating obligation is represented by separate actionable post-wave work.

Required Tests / Validation
- EXISTING_AUTOMATED_TEST / EXISTING_AUTOMATED_TEST: tests/test_w22_product_serving.py — Run and retain the result when this issue touches the covered contract.
- EXISTING_AUTOMATED_TEST / EXISTING_AUTOMATED_TEST: tools/validate_w22_product.py — Run and retain the result when this issue touches the covered contract.

Required Evidence
- Authoritative WBS row TASK-156
- Existing artifact `forecast provenance UI/API`

End-to-End Validation
Historical completion remains scoped; integrated product completion is evaluated only through the post-wave release path.

Stop Conditions
- Stop if completing this record would fabricate real-data, model-metric, source-rights, target-hardware, or operating evidence.

Source References
- SRCREF-00189
- SRCREF-02116
- SRCREF-02117

Governance Traceability Gate:

Canonical Record: jira/records/issues/tasks/TASK-156_implement_source_model_data_snapshot_lineage_display.json",Done,High,historical;implementation;planning-program;w22;wave-completed;local-id-task-156,serving-product,TASK-156,TASK-156,PHASE-4,DONE,INTEGRATED,VERIFIED,W22,false,SOLO_WORKTREE,HISTORICAL_REFERENCE
Task,BAT-260,100260,[TASK-157] Pass snapshot-only serving and product acceptance gate,100027,"Local ID: TASK-157

Objective
Pass snapshot-only serving and product acceptance gate

Why This Exists
Preserve the original W22 WBS work unit, its dependencies, outputs, and scoped completion semantics as provenance for post-wave execution.

Scope
Original task type GATE with mutation scope: as defined by its source documents.

Explicit In Scope
- Original WBS objective and outputs
- Original requirements and acceptance-control mappings
- Original dependency and execution-lane provenance

Explicit Out of Scope
- Reopening completed planning solely to rename it
- Treating a starter/design result as empirically validated production capability

Prerequisites / Dependencies
- Historical dependency TASK-155
- Historical dependency TASK-156
- TASK-155
- TASK-156

Acceptance Criteria
1. Stable ID TASK-157, parent EPIC-027, owner wave W22, and original status DONE are preserved.
2. Declared outputs are traceable to existing repository artifacts where resolvable, or remain recorded as historical output names without fabricating files.
3. Requirement, acceptance-control, and dependency references resolve to authoritative registries.
4. The record does not claim maturity beyond the task's original design, contract, functional-starter, synthetic-validation, or integration scope.

Definition of Done
1. The original historical scope and status are preserved with source evidence and stable identifiers.
2. The record does not claim production maturity beyond the original design, contract, starter, integration, or validation scope.
3. Any remaining empirical, production, target-hardware, or operating obligation is represented by separate actionable post-wave work.

Required Tests / Validation
- EXISTING_AUTOMATED_TEST / EXISTING_AUTOMATED_TEST: tests/test_w22_product_serving.py — Run and retain the result when this issue touches the covered contract.
- EXISTING_AUTOMATED_TEST / EXISTING_AUTOMATED_TEST: tools/validate_w22_product.py — Run and retain the result when this issue touches the covered contract.

Required Evidence
- Authoritative WBS row TASK-157
- Existing artifact `product acceptance evidence`

End-to-End Validation
Historical completion remains scoped; integrated product completion is evaluated only through the post-wave release path.

Stop Conditions
- Stop if completing this record would fabricate real-data, model-metric, source-rights, target-hardware, or operating evidence.

Source References
- SRCREF-00190
- SRCREF-02116
- SRCREF-02117

Governance Traceability Gate:

Canonical Record: jira/records/issues/tasks/TASK-157_pass_snapshot_only_serving_and_product_acceptance_gate.json",Done,High,gate;historical;planning-program;w22;wave-completed;local-id-task-157,serving-product,TASK-157,TASK-157,PHASE-4,DONE,INTEGRATED,VERIFIED,W22,true,PROTECTED_GATE,HISTORICAL_REFERENCE
Task,BAT-261,100261,[TASK-158] Extend CI for real dependency/data/model surfaces,100028,"Local ID: TASK-158

Objective
Extend CI for real dependency/data/model surfaces

Why This Exists
Preserve the original W23 WBS work unit, its dependencies, outputs, and scoped completion semantics as provenance for post-wave execution.

Scope
Original task type IMPLEMENTATION with mutation scope: as defined by its source documents.

Explicit In Scope
- Original WBS objective and outputs
- Original requirements and acceptance-control mappings
- Original dependency and execution-lane provenance

Explicit Out of Scope
- Reopening completed planning solely to rename it
- Treating a starter/design result as empirically validated production capability

Prerequisites / Dependencies
- Historical dependency TASK-157
- TASK-157

Acceptance Criteria
1. Stable ID TASK-158, parent EPIC-028, owner wave W23, and original status DONE are preserved.
2. Declared outputs are traceable to existing repository artifacts where resolvable, or remain recorded as historical output names without fabricating files.
3. Requirement, acceptance-control, and dependency references resolve to authoritative registries.
4. The record does not claim maturity beyond the task's original design, contract, functional-starter, synthetic-validation, or integration scope.

Definition of Done
1. The original historical scope and status are preserved with source evidence and stable identifiers.
2. The record does not claim production maturity beyond the original design, contract, starter, integration, or validation scope.
3. Any remaining empirical, production, target-hardware, or operating obligation is represented by separate actionable post-wave work.

Required Tests / Validation
- EXISTING_AUTOMATED_TEST / EXISTING_AUTOMATED_TEST: tests/test_w23_operations.py — Run and retain the result when this issue touches the covered contract.
- EXISTING_AUTOMATED_TEST / EXISTING_AUTOMATED_TEST: tools/validate_w23_operations.py — Run and retain the result when this issue touches the covered contract.
- EXISTING_AUTOMATED_TEST / EXISTING_AUTOMATED_TEST: tools/validate_repository.py — Run and retain the result when this issue touches the covered contract.

Required Evidence
- Authoritative WBS row TASK-158
- Existing artifact `expanded cross-platform core/product CI + runtime manifest artifacts`

End-to-End Validation
Historical completion remains scoped; integrated product completion is evaluated only through the post-wave release path.

Stop Conditions
- Stop if completing this record would fabricate real-data, model-metric, source-rights, target-hardware, or operating evidence.

Source References
- SRCREF-00191
- SRCREF-02116
- SRCREF-02117

Governance Traceability Gate:

Canonical Record: jira/records/issues/tasks/TASK-158_extend_ci_for_real_dependency_data_model_surfaces.json",Done,High,historical;implementation;planning-program;w23;wave-completed;local-id-task-158,operations-security,TASK-158,TASK-158,PHASE-4,DONE,INTEGRATED,VERIFIED,W23,false,SOLO_WORKTREE,HISTORICAL_REFERENCE
Task,BAT-262,100262,[TASK-159] Implement dependency/security/provenance scans,100028,"Local ID: TASK-159

Objective
Implement dependency/security/provenance scans

Why This Exists
Preserve the original W23 WBS work unit, its dependencies, outputs, and scoped completion semantics as provenance for post-wave execution.

Scope
Original task type IMPLEMENTATION with mutation scope: as defined by its source documents.

Explicit In Scope
- Original WBS objective and outputs
- Original requirements and acceptance-control mappings
- Original dependency and execution-lane provenance

Explicit Out of Scope
- Reopening completed planning solely to rename it
- Treating a starter/design result as empirically validated production capability

Prerequisites / Dependencies
- Historical dependency TASK-158
- TASK-158

Acceptance Criteria
1. Stable ID TASK-159, parent EPIC-028, owner wave W23, and original status DONE are preserved.
2. Declared outputs are traceable to existing repository artifacts where resolvable, or remain recorded as historical output names without fabricating files.
3. Requirement, acceptance-control, and dependency references resolve to authoritative registries.
4. The record does not claim maturity beyond the task's original design, contract, functional-starter, synthetic-validation, or integration scope.

Definition of Done
1. The original historical scope and status are preserved with source evidence and stable identifiers.
2. The record does not claim production maturity beyond the original design, contract, starter, integration, or validation scope.
3. Any remaining empirical, production, target-hardware, or operating obligation is represented by separate actionable post-wave work.

Required Tests / Validation
- EXISTING_AUTOMATED_TEST / EXISTING_AUTOMATED_TEST: tests/test_w23_operations.py — Run and retain the result when this issue touches the covered contract.
- EXISTING_AUTOMATED_TEST / EXISTING_AUTOMATED_TEST: tools/validate_w23_operations.py — Run and retain the result when this issue touches the covered contract.
- EXISTING_AUTOMATED_TEST / EXISTING_AUTOMATED_TEST: tools/validate_repository.py — Run and retain the result when this issue touches the covered contract.

Required Evidence
- Authoritative WBS row TASK-159
- Existing artifact `dependency pin/provenance/security gates + CodeQL/dependency-review workflows`

End-to-End Validation
Historical completion remains scoped; integrated product completion is evaluated only through the post-wave release path.

Stop Conditions
- Stop if completing this record would fabricate real-data, model-metric, source-rights, target-hardware, or operating evidence.

Source References
- SRCREF-00192
- SRCREF-02116
- SRCREF-02117

Governance Traceability Gate:

Canonical Record: jira/records/issues/tasks/TASK-159_implement_dependency_security_provenance_scans.json",Done,High,historical;implementation;planning-program;w23;wave-completed;local-id-task-159,operations-security,TASK-159,TASK-159,PHASE-4,DONE,INTEGRATED,VERIFIED,W23,false,SOLO_WORKTREE,HISTORICAL_REFERENCE
Task,BAT-263,100263,[TASK-160] Implement structured logs/metrics/run status and audit traces,100028,"Local ID: TASK-160

Objective
Implement structured logs/metrics/run status and audit traces

Why This Exists
Preserve the original W23 WBS work unit, its dependencies, outputs, and scoped completion semantics as provenance for post-wave execution.

Scope
Original task type IMPLEMENTATION with mutation scope: as defined by its source documents.

Explicit In Scope
- Original WBS objective and outputs
- Original requirements and acceptance-control mappings
- Original dependency and execution-lane provenance

Explicit Out of Scope
- Reopening completed planning solely to rename it
- Treating a starter/design result as empirically validated production capability

Prerequisites / Dependencies
- Historical dependency TASK-151
- Historical dependency TASK-157
- TASK-151
- TASK-157

Acceptance Criteria
1. Stable ID TASK-160, parent EPIC-028, owner wave W23, and original status DONE are preserved.
2. Declared outputs are traceable to existing repository artifacts where resolvable, or remain recorded as historical output names without fabricating files.
3. Requirement, acceptance-control, and dependency references resolve to authoritative registries.
4. The record does not claim maturity beyond the task's original design, contract, functional-starter, synthetic-validation, or integration scope.

Definition of Done
1. The original historical scope and status are preserved with source evidence and stable identifiers.
2. The record does not claim production maturity beyond the original design, contract, starter, integration, or validation scope.
3. Any remaining empirical, production, target-hardware, or operating obligation is represented by separate actionable post-wave work.

Required Tests / Validation
- EXISTING_AUTOMATED_TEST / EXISTING_AUTOMATED_TEST: tests/test_w23_operations.py — Run and retain the result when this issue touches the covered contract.
- EXISTING_AUTOMATED_TEST / EXISTING_AUTOMATED_TEST: tools/validate_w23_operations.py — Run and retain the result when this issue touches the covered contract.
- EXISTING_AUTOMATED_TEST / EXISTING_AUTOMATED_TEST: tools/validate_repository.py — Run and retain the result when this issue touches the covered contract.

Required Evidence
- Authoritative WBS row TASK-160
- Existing artifact `structured redacted logs/metrics/runtime environment evidence`

End-to-End Validation
Historical completion remains scoped; integrated product completion is evaluated only through the post-wave release path.

Stop Conditions
- Stop if completing this record would fabricate real-data, model-metric, source-rights, target-hardware, or operating evidence.

Source References
- SRCREF-00193
- SRCREF-02116
- SRCREF-02117

Governance Traceability Gate:

Canonical Record: jira/records/issues/tasks/TASK-160_implement_structured_logs_metrics_run_status_and_audit_traces.json",Done,High,historical;implementation;planning-program;w23;wave-completed;local-id-task-160,operations-security,TASK-160,TASK-160,PHASE-4,DONE,INTEGRATED,VERIFIED,W23,false,SOLO_WORKTREE,HISTORICAL_REFERENCE
Task,BAT-265,100264,[TASK-161] Benchmark CPU/GPU/RAM/runtime on target hardware,100028,"Local ID: TASK-161

Objective
Benchmark CPU/GPU/RAM/runtime on target hardware

Why This Exists
Preserve the original W23 WBS work unit, its dependencies, outputs, and scoped completion semantics as provenance for post-wave execution.

Scope
Original task type BENCHMARK with mutation scope: as defined by its source documents.

Explicit In Scope
- Original WBS objective and outputs
- Original requirements and acceptance-control mappings
- Original dependency and execution-lane provenance

Explicit Out of Scope
- Reopening completed planning solely to rename it
- Treating a starter/design result as empirically validated production capability

Prerequisites / Dependencies
- Historical dependency TASK-145
- Historical dependency TASK-151
- TASK-145
- TASK-151

Acceptance Criteria
1. Stable ID TASK-161, parent EPIC-028, owner wave W23, and original status BLOCKED_TARGET_HARDWARE are preserved.
2. Declared outputs are traceable to existing repository artifacts where resolvable, or remain recorded as historical output names without fabricating files.
3. Requirement, acceptance-control, and dependency references resolve to authoritative registries.
4. The record does not claim maturity beyond the task's original design, contract, functional-starter, synthetic-validation, or integration scope.

Definition of Done
1. The original historical scope and status are preserved with source evidence and stable identifiers.
2. The record does not claim production maturity beyond the original design, contract, starter, integration, or validation scope.
3. Any remaining empirical, production, target-hardware, or operating obligation is represented by separate actionable post-wave work.

Required Tests / Validation
- EXISTING_AUTOMATED_TEST / EXISTING_AUTOMATED_TEST: tests/test_w23_operations.py — Run and retain the result when this issue touches the covered contract.
- EXISTING_AUTOMATED_TEST / EXISTING_AUTOMATED_TEST: tools/validate_w23_operations.py — Run and retain the result when this issue touches the covered contract.
- EXISTING_AUTOMATED_TEST / EXISTING_AUTOMATED_TEST: tools/validate_repository.py — Run and retain the result when this issue touches the covered contract.

Required Evidence
- Authoritative WBS row TASK-161
- Existing artifact `THR-011/012 remain TBD`
- Existing artifact `target-hardware benchmark harness + non-authoritative smoke evidence`

End-to-End Validation
Historical completion remains scoped; integrated product completion is evaluated only through the post-wave release path.

Stop Conditions
- Stop if completing this record would fabricate real-data, model-metric, source-rights, target-hardware, or operating evidence.

Source References
- SRCREF-00194
- SRCREF-02116
- SRCREF-02117

Governance Traceability Gate:

Canonical Record: jira/records/issues/tasks/TASK-161_benchmark_cpu_gpu_ram_runtime_on_target_hardware.json",To Do,High,benchmark;historical;historical-open;planning-program;w23;local-id-task-161,operations-security,TASK-161,TASK-161,PHASE-4,BLOCKED,FUNCTIONAL_STARTER,BLOCKED,W23,false,PROTECTED_GATE,HISTORICAL_REFERENCE
Task,BAT-267,100265,[TASK-162] Implement backup/restore/artifact retention runbooks,100028,"Local ID: TASK-162

Objective
Implement backup/restore/artifact retention runbooks

Why This Exists
Preserve the original W23 WBS work unit, its dependencies, outputs, and scoped completion semantics as provenance for post-wave execution.

Scope
Original task type OPERATIONS with mutation scope: as defined by its source documents.

Explicit In Scope
- Original WBS objective and outputs
- Original requirements and acceptance-control mappings
- Original dependency and execution-lane provenance

Explicit Out of Scope
- Reopening completed planning solely to rename it
- Treating a starter/design result as empirically validated production capability

Prerequisites / Dependencies
- Historical dependency TASK-160
- TASK-160

Acceptance Criteria
1. Stable ID TASK-162, parent EPIC-028, owner wave W23, and original status DONE are preserved.
2. Declared outputs are traceable to existing repository artifacts where resolvable, or remain recorded as historical output names without fabricating files.
3. Requirement, acceptance-control, and dependency references resolve to authoritative registries.
4. The record does not claim maturity beyond the task's original design, contract, functional-starter, synthetic-validation, or integration scope.

Definition of Done
1. The original historical scope and status are preserved with source evidence and stable identifiers.
2. The record does not claim production maturity beyond the original design, contract, starter, integration, or validation scope.
3. Any remaining empirical, production, target-hardware, or operating obligation is represented by separate actionable post-wave work.

Required Tests / Validation
- EXISTING_AUTOMATED_TEST / EXISTING_AUTOMATED_TEST: tests/test_w23_operations.py — Run and retain the result when this issue touches the covered contract.
- EXISTING_AUTOMATED_TEST / EXISTING_AUTOMATED_TEST: tools/validate_w23_operations.py — Run and retain the result when this issue touches the covered contract.
- EXISTING_AUTOMATED_TEST / EXISTING_AUTOMATED_TEST: tools/validate_repository.py — Run and retain the result when this issue touches the covered contract.

Required Evidence
- Authoritative WBS row TASK-162
- Existing artifact `content-verified backup/restore + protected retention policy/runbook`

End-to-End Validation
Historical completion remains scoped; integrated product completion is evaluated only through the post-wave release path.

Stop Conditions
- Stop if completing this record would fabricate real-data, model-metric, source-rights, target-hardware, or operating evidence.

Source References
- SRCREF-00195
- SRCREF-02116
- SRCREF-02117

Governance Traceability Gate:

Canonical Record: jira/records/issues/tasks/TASK-162_implement_backup_restore_artifact_retention_runbooks.json",Done,High,historical;operations;planning-program;w23;wave-completed;local-id-task-162,operations-security,TASK-162,TASK-162,PHASE-4,DONE,INTEGRATED,VERIFIED,W23,false,SOLO_WORKTREE,HISTORICAL_REFERENCE
Task,BAT-268,100266,[TASK-163] Pass local production operations gate,100028,"Local ID: TASK-163

Objective
Pass local production operations gate

Why This Exists
Preserve the original W23 WBS work unit, its dependencies, outputs, and scoped completion semantics as provenance for post-wave execution.

Scope
Original task type GATE with mutation scope: as defined by its source documents.

Explicit In Scope
- Original WBS objective and outputs
- Original requirements and acceptance-control mappings
- Original dependency and execution-lane provenance

Explicit Out of Scope
- Reopening completed planning solely to rename it
- Treating a starter/design result as empirically validated production capability

Prerequisites / Dependencies
- Historical dependency TASK-159
- Historical dependency TASK-161
- Historical dependency TASK-162
- TASK-159
- TASK-161
- TASK-162

Acceptance Criteria
1. Stable ID TASK-163, parent EPIC-028, owner wave W23, and original status BLOCKED_AC038_TARGET_HARDWARE are preserved.
2. Declared outputs are traceable to existing repository artifacts where resolvable, or remain recorded as historical output names without fabricating files.
3. Requirement, acceptance-control, and dependency references resolve to authoritative registries.
4. The record does not claim maturity beyond the task's original design, contract, functional-starter, synthetic-validation, or integration scope.

Definition of Done
1. The original historical scope and status are preserved with source evidence and stable identifiers.
2. The record does not claim production maturity beyond the original design, contract, starter, integration, or validation scope.
3. Any remaining empirical, production, target-hardware, or operating obligation is represented by separate actionable post-wave work.

Required Tests / Validation
- EXISTING_AUTOMATED_TEST / EXISTING_AUTOMATED_TEST: tests/test_w23_operations.py — Run and retain the result when this issue touches the covered contract.
- EXISTING_AUTOMATED_TEST / EXISTING_AUTOMATED_TEST: tools/validate_w23_operations.py — Run and retain the result when this issue touches the covered contract.
- EXISTING_AUTOMATED_TEST / EXISTING_AUTOMATED_TEST: tools/validate_repository.py — Run and retain the result when this issue touches the covered contract.

Required Evidence
- Authoritative WBS row TASK-163
- Existing artifact `production gate awaits target benchmark`
- Existing artifact `security/observability/restore evidence complete`

End-to-End Validation
Historical completion remains scoped; integrated product completion is evaluated only through the post-wave release path.

Stop Conditions
- Stop if completing this record would fabricate real-data, model-metric, source-rights, target-hardware, or operating evidence.

Source References
- SRCREF-00196
- SRCREF-02116
- SRCREF-02117

Governance Traceability Gate:

Canonical Record: jira/records/issues/tasks/TASK-163_pass_local_production_operations_gate.json",To Do,High,gate;historical;historical-open;planning-program;w23;local-id-task-163,operations-security,TASK-163,TASK-163,PHASE-4,BLOCKED,FUNCTIONAL_STARTER,BLOCKED,W23,true,PROTECTED_GATE,HISTORICAL_REFERENCE
Task,BAT-270,100267,[TASK-164] Define advanced challenger admission criteria,100029,"Local ID: TASK-164

Objective
Define advanced challenger admission criteria

Why This Exists
Preserve the original W18 WBS work unit, its dependencies, outputs, and scoped completion semantics as provenance for post-wave execution.

Scope
Original task type RESEARCH_GOVERNANCE with mutation scope: as defined by its source documents.

Explicit In Scope
- Original WBS objective and outputs
- Original requirements and acceptance-control mappings
- Original dependency and execution-lane provenance

Explicit Out of Scope
- Reopening completed planning solely to rename it
- Treating a starter/design result as empirically validated production capability

Prerequisites / Dependencies
- Historical dependency TASK-133
- Historical dependency TASK-139
- TASK-133
- TASK-139

Acceptance Criteria
1. Stable ID TASK-164, parent EPIC-029, owner wave W18, and original status DONE are preserved.
2. Declared outputs are traceable to existing repository artifacts where resolvable, or remain recorded as historical output names without fabricating files.
3. Requirement, acceptance-control, and dependency references resolve to authoritative registries.
4. The record does not claim maturity beyond the task's original design, contract, functional-starter, synthetic-validation, or integration scope.

Definition of Done
1. The original historical scope and status are preserved with source evidence and stable identifiers.
2. The record does not claim production maturity beyond the original design, contract, starter, integration, or validation scope.
3. Any remaining empirical, production, target-hardware, or operating obligation is represented by separate actionable post-wave work.

Required Tests / Validation
- EXISTING_AUTOMATED_TEST / EXISTING_AUTOMATED_TEST: tests/test_advanced_challenger_full.py — Run and retain the result when this issue touches the covered contract.
- EXISTING_AUTOMATED_TEST / EXISTING_AUTOMATED_TEST: tools/check_advanced_challenger_admission.py — Run and retain the result when this issue touches the covered contract.

Required Evidence
- Authoritative WBS row TASK-164
- Existing artifact `advanced challenger admission policy`

End-to-End Validation
Historical completion remains scoped; integrated product completion is evaluated only through the post-wave release path.

Stop Conditions
- Stop if completing this record would fabricate real-data, model-metric, source-rights, target-hardware, or operating evidence.

Source References
- SRCREF-00197
- SRCREF-02116
- SRCREF-02117

Governance Traceability Gate:

Canonical Record: jira/records/issues/tasks/TASK-164_define_advanced_challenger_admission_criteria.json",Done,Medium,historical;planning-program;research-governance;w18;wave-completed;local-id-task-164,advanced-challengers,TASK-164,TASK-164,PHASE-5,DONE,CONTRACT_DEFINED,VERIFIED,W18,false,SOLO_WORKTREE,HISTORICAL_REFERENCE
Task,BAT-272,100268,[TASK-165] Implement small PyTorch tabular challenger only if admitted,100029,"Local ID: TASK-165

Objective
Implement small PyTorch tabular challenger only if admitted

Why This Exists
Preserve the original W18+ WBS work unit, its dependencies, outputs, and scoped completion semantics as provenance for post-wave execution.

Scope
Original task type RESEARCH_IMPLEMENTATION with mutation scope: as defined by its source documents.

Explicit In Scope
- Original WBS objective and outputs
- Original requirements and acceptance-control mappings
- Original dependency and execution-lane provenance

Explicit Out of Scope
- Reopening completed planning solely to rename it
- Treating a starter/design result as empirically validated production capability

Prerequisites / Dependencies
- Historical dependency TASK-164
- TASK-164

Acceptance Criteria
1. Stable ID TASK-165, parent EPIC-029, owner wave W18+, and original status PLANNED are preserved.
2. Declared outputs are traceable to existing repository artifacts where resolvable, or remain recorded as historical output names without fabricating files.
3. Requirement, acceptance-control, and dependency references resolve to authoritative registries.
4. The record does not claim maturity beyond the task's original design, contract, functional-starter, synthetic-validation, or integration scope.

Definition of Done
1. The original historical scope and status are preserved with source evidence and stable identifiers.
2. The record does not claim production maturity beyond the original design, contract, starter, integration, or validation scope.
3. Any remaining empirical, production, target-hardware, or operating obligation is represented by separate actionable post-wave work.

Required Tests / Validation
- EXISTING_AUTOMATED_TEST / EXISTING_AUTOMATED_TEST: tests/test_advanced_challenger_full.py — Run and retain the result when this issue touches the covered contract.
- EXISTING_AUTOMATED_TEST / EXISTING_AUTOMATED_TEST: tools/check_advanced_challenger_admission.py — Run and retain the result when this issue touches the covered contract.

Required Evidence
- Authoritative WBS row TASK-165
- Existing artifact `optional tabular neural challenger`

End-to-End Validation
Historical completion remains scoped; integrated product completion is evaluated only through the post-wave release path.

Stop Conditions
- Stop if completing this record would fabricate real-data, model-metric, source-rights, target-hardware, or operating evidence.

Source References
- SRCREF-00198
- SRCREF-02116
- SRCREF-02117

Governance Traceability Gate:

Canonical Record: jira/records/issues/tasks/TASK-165_implement_small_pytorch_tabular_challenger_only_if_admitted.json",To Do,Low,historical;historical-open;planning-program;research-implementation;w18;local-id-task-165,advanced-challengers,TASK-165,TASK-165,PHASE-5,DEFERRED,FUNCTIONAL_STARTER,PLANNED,W18+,false,RESEARCH_LANE,HISTORICAL_REFERENCE
Task,BAT-274,100269,[TASK-166] Evaluate temporal/sequence challengers only after baseline saturation evidence,100029,"Local ID: TASK-166

Objective
Evaluate temporal/sequence challengers only after baseline saturation evidence

Why This Exists
Preserve the original W18+ WBS work unit, its dependencies, outputs, and scoped completion semantics as provenance for post-wave execution.

Scope
Original task type RESEARCH with mutation scope: as defined by its source documents.

Explicit In Scope
- Original WBS objective and outputs
- Original requirements and acceptance-control mappings
- Original dependency and execution-lane provenance

Explicit Out of Scope
- Reopening completed planning solely to rename it
- Treating a starter/design result as empirically validated production capability

Prerequisites / Dependencies
- Historical dependency TASK-164
- Historical dependency TASK-040
- TASK-040
- TASK-164

Acceptance Criteria
1. Stable ID TASK-166, parent EPIC-029, owner wave W18+, and original status PLANNED are preserved.
2. Declared outputs are traceable to existing repository artifacts where resolvable, or remain recorded as historical output names without fabricating files.
3. Requirement, acceptance-control, and dependency references resolve to authoritative registries.
4. The record does not claim maturity beyond the task's original design, contract, functional-starter, synthetic-validation, or integration scope.

Definition of Done
1. The original historical scope and status are preserved with source evidence and stable identifiers.
2. The record does not claim production maturity beyond the original design, contract, starter, integration, or validation scope.
3. Any remaining empirical, production, target-hardware, or operating obligation is represented by separate actionable post-wave work.

Required Tests / Validation
- EXISTING_AUTOMATED_TEST / EXISTING_AUTOMATED_TEST: tests/test_advanced_challenger_full.py — Run and retain the result when this issue touches the covered contract.
- EXISTING_AUTOMATED_TEST / EXISTING_AUTOMATED_TEST: tools/check_advanced_challenger_admission.py — Run and retain the result when this issue touches the covered contract.

Required Evidence
- Authoritative WBS row TASK-166
- Existing artifact `optional temporal challenger report`

End-to-End Validation
Historical completion remains scoped; integrated product completion is evaluated only through the post-wave release path.

Stop Conditions
- Stop if completing this record would fabricate real-data, model-metric, source-rights, target-hardware, or operating evidence.

Source References
- SRCREF-00199
- SRCREF-02116
- SRCREF-02117

Governance Traceability Gate:

Canonical Record: jira/records/issues/tasks/TASK-166_evaluate_temporal_sequence_challengers_only_after_baseline_saturation_evidence.json",To Do,Low,historical;historical-open;planning-program;research;w18;local-id-task-166,advanced-challengers,TASK-166,TASK-166,PHASE-5,DEFERRED,FUNCTIONAL_STARTER,PLANNED,W18+,false,RESEARCH_LANE,HISTORICAL_REFERENCE
Task,BAT-276,100270,[TASK-167] Evaluate graph methods only if relational signal justifies complexity,100029,"Local ID: TASK-167

Objective
Evaluate graph methods only if relational signal justifies complexity

Why This Exists
Preserve the original W18+ WBS work unit, its dependencies, outputs, and scoped completion semantics as provenance for post-wave execution.

Scope
Original task type RESEARCH with mutation scope: as defined by its source documents.

Explicit In Scope
- Original WBS objective and outputs
- Original requirements and acceptance-control mappings
- Original dependency and execution-lane provenance

Explicit Out of Scope
- Reopening completed planning solely to rename it
- Treating a starter/design result as empirically validated production capability

Prerequisites / Dependencies
- Historical dependency TASK-164
- TASK-164

Acceptance Criteria
1. Stable ID TASK-167, parent EPIC-029, owner wave W18+, and original status PLANNED are preserved.
2. Declared outputs are traceable to existing repository artifacts where resolvable, or remain recorded as historical output names without fabricating files.
3. Requirement, acceptance-control, and dependency references resolve to authoritative registries.
4. The record does not claim maturity beyond the task's original design, contract, functional-starter, synthetic-validation, or integration scope.

Definition of Done
1. The original historical scope and status are preserved with source evidence and stable identifiers.
2. The record does not claim production maturity beyond the original design, contract, starter, integration, or validation scope.
3. Any remaining empirical, production, target-hardware, or operating obligation is represented by separate actionable post-wave work.

Required Tests / Validation
- EXISTING_AUTOMATED_TEST / EXISTING_AUTOMATED_TEST: tests/test_advanced_challenger_full.py — Run and retain the result when this issue touches the covered contract.
- EXISTING_AUTOMATED_TEST / EXISTING_AUTOMATED_TEST: tools/check_advanced_challenger_admission.py — Run and retain the result when this issue touches the covered contract.

Required Evidence
- Authoritative WBS row TASK-167
- Existing artifact `optional graph challenger report`

End-to-End Validation
Historical completion remains scoped; integrated product completion is evaluated only through the post-wave release path.

Stop Conditions
- Stop if completing this record would fabricate real-data, model-metric, source-rights, target-hardware, or operating evidence.

Source References
- SRCREF-00200
- SRCREF-02116
- SRCREF-02117

Governance Traceability Gate:

Canonical Record: jira/records/issues/tasks/TASK-167_evaluate_graph_methods_only_if_relational_signal_justifies_complexity.json",To Do,Low,historical;historical-open;planning-program;research;w18;local-id-task-167,advanced-challengers,TASK-167,TASK-167,PHASE-5,DEFERRED,FUNCTIONAL_STARTER,PLANNED,W18+,false,RESEARCH_LANE,HISTORICAL_REFERENCE
Task,BAT-278,100271,[TASK-168] Promote or reject advanced challengers via unchanged W17 gate,100029,"Local ID: TASK-168

Objective
Promote or reject advanced challengers via unchanged W17 gate

Why This Exists
Preserve the original W18+ WBS work unit, its dependencies, outputs, and scoped completion semantics as provenance for post-wave execution.

Scope
Original task type GATE with mutation scope: as defined by its source documents.

Explicit In Scope
- Original WBS objective and outputs
- Original requirements and acceptance-control mappings
- Original dependency and execution-lane provenance

Explicit Out of Scope
- Reopening completed planning solely to rename it
- Treating a starter/design result as empirically validated production capability

Prerequisites / Dependencies
- Historical dependency TASK-165
- Historical dependency TASK-166
- Historical dependency TASK-167
- TASK-165
- TASK-166
- TASK-167

Acceptance Criteria
1. Stable ID TASK-168, parent EPIC-029, owner wave W18+, and original status PLANNED are preserved.
2. Declared outputs are traceable to existing repository artifacts where resolvable, or remain recorded as historical output names without fabricating files.
3. Requirement, acceptance-control, and dependency references resolve to authoritative registries.
4. The record does not claim maturity beyond the task's original design, contract, functional-starter, synthetic-validation, or integration scope.

Definition of Done
1. The original historical scope and status are preserved with source evidence and stable identifiers.
2. The record does not claim production maturity beyond the original design, contract, starter, integration, or validation scope.
3. Any remaining empirical, production, target-hardware, or operating obligation is represented by separate actionable post-wave work.

Required Tests / Validation
- EXISTING_AUTOMATED_TEST / EXISTING_AUTOMATED_TEST: tests/test_advanced_challenger_full.py — Run and retain the result when this issue touches the covered contract.
- EXISTING_AUTOMATED_TEST / EXISTING_AUTOMATED_TEST: tools/check_advanced_challenger_admission.py — Run and retain the result when this issue touches the covered contract.

Required Evidence
- Authoritative WBS row TASK-168
- Existing artifact `advanced challenger promotion/rejection record`

End-to-End Validation
Historical completion remains scoped; integrated product completion is evaluated only through the post-wave release path.

Stop Conditions
- Stop if completing this record would fabricate real-data, model-metric, source-rights, target-hardware, or operating evidence.

Source References
- SRCREF-00201
- SRCREF-02116
- SRCREF-02117

Governance Traceability Gate:

Canonical Record: jira/records/issues/tasks/TASK-168_promote_or_reject_advanced_challengers_via_unchanged_w17_gate.json",To Do,Medium,gate;historical;historical-open;planning-program;w18;local-id-task-168,advanced-challengers,TASK-168,TASK-168,PHASE-5,DEFERRED,FUNCTIONAL_STARTER,PLANNED,W18+,false,PROTECTED_GATE,HISTORICAL_REFERENCE
Task,BAT-280,100272,[TASK-169] Define isolated live observation/replay contract,100030,"Local ID: TASK-169

Objective
Define isolated live observation/replay contract

Why This Exists
Preserve the original W24+ WBS work unit, its dependencies, outputs, and scoped completion semantics as provenance for post-wave execution.

Scope
Original task type RESEARCH_DESIGN with mutation scope: as defined by its source documents.

Explicit In Scope
- Original WBS objective and outputs
- Original requirements and acceptance-control mappings
- Original dependency and execution-lane provenance

Explicit Out of Scope
- Reopening completed planning solely to rename it
- Treating a starter/design result as empirically validated production capability

Prerequisites / Dependencies
- Historical dependency TASK-163
- TASK-163

Acceptance Criteria
1. Stable ID TASK-169, parent EPIC-030, owner wave W24+, and original status PLANNED are preserved.
2. Declared outputs are traceable to existing repository artifacts where resolvable, or remain recorded as historical output names without fabricating files.
3. Requirement, acceptance-control, and dependency references resolve to authoritative registries.
4. The record does not claim maturity beyond the task's original design, contract, functional-starter, synthetic-validation, or integration scope.

Definition of Done
1. The original historical scope and status are preserved with source evidence and stable identifiers.
2. The record does not claim production maturity beyond the original design, contract, starter, integration, or validation scope.
3. Any remaining empirical, production, target-hardware, or operating obligation is represented by separate actionable post-wave work.

Required Tests / Validation
- EXISTING_AUTOMATED_TEST / EXISTING_AUTOMATED_TEST: tests/test_w24_readiness.py — Run and retain the result when this issue touches the covered contract.
- EXISTING_AUTOMATED_TEST / EXISTING_AUTOMATED_TEST: tests/test_w25_final_handoff.py — Run and retain the result when this issue touches the covered contract.
- EXISTING_AUTOMATED_TEST / EXISTING_AUTOMATED_TEST: tools/validate_w24_readiness.py — Run and retain the result when this issue touches the covered contract.
- EXISTING_AUTOMATED_TEST / EXISTING_AUTOMATED_TEST: tools/validate_w25_final.py — Run and retain the result when this issue touches the covered contract.

Required Evidence
- Authoritative WBS row TASK-169
- Existing artifact `live replay contract`

End-to-End Validation
Historical completion remains scoped; integrated product completion is evaluated only through the post-wave release path.

Stop Conditions
- Stop if completing this record would fabricate real-data, model-metric, source-rights, target-hardware, or operating evidence.

Source References
- SRCREF-00202
- SRCREF-02116
- SRCREF-02117

Governance Traceability Gate:

Canonical Record: jira/records/issues/tasks/TASK-169_define_isolated_live_observation_replay_contract.json",To Do,Low,historical;historical-open;planning-program;research-design;w24;local-id-task-169,release-readiness,TASK-169,TASK-169,PHASE-5,DEFERRED,DESIGN_ONLY,PLANNED,W24+,false,SOLO_WORKTREE,HISTORICAL_REFERENCE
Task,BAT-282,100273,[TASK-170] Inventory legitimate historical/live source requirements,100030,"Local ID: TASK-170

Objective
Inventory legitimate historical/live source requirements

Why This Exists
Preserve the original W24+ WBS work unit, its dependencies, outputs, and scoped completion semantics as provenance for post-wave execution.

Scope
Original task type RESEARCH with mutation scope: as defined by its source documents.

Explicit In Scope
- Original WBS objective and outputs
- Original requirements and acceptance-control mappings
- Original dependency and execution-lane provenance

Explicit Out of Scope
- Reopening completed planning solely to rename it
- Treating a starter/design result as empirically validated production capability

Prerequisites / Dependencies
- Historical dependency TASK-169
- TASK-169

Acceptance Criteria
1. Stable ID TASK-170, parent EPIC-030, owner wave W24+, and original status PLANNED are preserved.
2. Declared outputs are traceable to existing repository artifacts where resolvable, or remain recorded as historical output names without fabricating files.
3. Requirement, acceptance-control, and dependency references resolve to authoritative registries.
4. The record does not claim maturity beyond the task's original design, contract, functional-starter, synthetic-validation, or integration scope.

Definition of Done
1. The original historical scope and status are preserved with source evidence and stable identifiers.
2. The record does not claim production maturity beyond the original design, contract, starter, integration, or validation scope.
3. Any remaining empirical, production, target-hardware, or operating obligation is represented by separate actionable post-wave work.

Required Tests / Validation
- EXISTING_AUTOMATED_TEST / EXISTING_AUTOMATED_TEST: tests/test_w24_readiness.py — Run and retain the result when this issue touches the covered contract.
- EXISTING_AUTOMATED_TEST / EXISTING_AUTOMATED_TEST: tests/test_w25_final_handoff.py — Run and retain the result when this issue touches the covered contract.
- EXISTING_AUTOMATED_TEST / EXISTING_AUTOMATED_TEST: tools/validate_w24_readiness.py — Run and retain the result when this issue touches the covered contract.
- EXISTING_AUTOMATED_TEST / EXISTING_AUTOMATED_TEST: tools/validate_w25_final.py — Run and retain the result when this issue touches the covered contract.

Required Evidence
- Authoritative WBS row TASK-170
- Existing artifact `live source feasibility update`

End-to-End Validation
Historical completion remains scoped; integrated product completion is evaluated only through the post-wave release path.

Stop Conditions
- Stop if completing this record would fabricate real-data, model-metric, source-rights, target-hardware, or operating evidence.

Source References
- SRCREF-00203
- SRCREF-02116
- SRCREF-02117

Governance Traceability Gate:

Canonical Record: jira/records/issues/tasks/TASK-170_inventory_legitimate_historical_live_source_requirements.json",To Do,Low,historical;historical-open;planning-program;research;w24;local-id-task-170,release-readiness,TASK-170,TASK-170,PHASE-5,DEFERRED,FUNCTIONAL_STARTER,PLANNED,W24+,false,RESEARCH_LANE,HISTORICAL_REFERENCE
Task,BAT-284,100274,[TASK-171] Prototype live-state feature/replay harness if evidence supports,100030,"Local ID: TASK-171

Objective
Prototype live-state feature/replay harness if evidence supports

Why This Exists
Preserve the original W24+ WBS work unit, its dependencies, outputs, and scoped completion semantics as provenance for post-wave execution.

Scope
Original task type RESEARCH_IMPLEMENTATION with mutation scope: as defined by its source documents.

Explicit In Scope
- Original WBS objective and outputs
- Original requirements and acceptance-control mappings
- Original dependency and execution-lane provenance

Explicit Out of Scope
- Reopening completed planning solely to rename it
- Treating a starter/design result as empirically validated production capability

Prerequisites / Dependencies
- Historical dependency TASK-170
- TASK-170

Acceptance Criteria
1. Stable ID TASK-171, parent EPIC-030, owner wave W24+, and original status PLANNED are preserved.
2. Declared outputs are traceable to existing repository artifacts where resolvable, or remain recorded as historical output names without fabricating files.
3. Requirement, acceptance-control, and dependency references resolve to authoritative registries.
4. The record does not claim maturity beyond the task's original design, contract, functional-starter, synthetic-validation, or integration scope.

Definition of Done
1. The original historical scope and status are preserved with source evidence and stable identifiers.
2. The record does not claim production maturity beyond the original design, contract, starter, integration, or validation scope.
3. Any remaining empirical, production, target-hardware, or operating obligation is represented by separate actionable post-wave work.

Required Tests / Validation
- EXISTING_AUTOMATED_TEST / EXISTING_AUTOMATED_TEST: tests/test_feature_registry_governance.py — Run and retain the result when this issue touches the covered contract.
- EXISTING_AUTOMATED_TEST / EXISTING_AUTOMATED_TEST: tests/test_feature_lifecycle_governance.py — Run and retain the result when this issue touches the covered contract.
- EXISTING_AUTOMATED_TEST / EXISTING_AUTOMATED_TEST: tests/test_feature_tournament_full.py — Run and retain the result when this issue touches the covered contract.

Required Evidence
- Authoritative WBS row TASK-171
- Existing artifact `optional live replay prototype`

End-to-End Validation
Historical completion remains scoped; integrated product completion is evaluated only through the post-wave release path.

Stop Conditions
- Stop if completing this record would fabricate real-data, model-metric, source-rights, target-hardware, or operating evidence.

Source References
- SRCREF-00204
- SRCREF-02116
- SRCREF-02117

Governance Traceability Gate:

Canonical Record: jira/records/issues/tasks/TASK-171_prototype_live_state_feature_replay_harness_if_evidence_supports.json",To Do,Low,historical;historical-open;planning-program;research-implementation;w24;local-id-task-171,feature-engineering,TASK-171,TASK-171,PHASE-5,DEFERRED,FUNCTIONAL_STARTER,PLANNED,W24+,false,RESEARCH_LANE,HISTORICAL_REFERENCE
Task,BAT-286,100275,[TASK-172] Prove pregame/live isolation through leakage tests,100030,"Local ID: TASK-172

Objective
Prove pregame/live isolation through leakage tests

Why This Exists
Preserve the original W24+ WBS work unit, its dependencies, outputs, and scoped completion semantics as provenance for post-wave execution.

Scope
Original task type VALIDATION with mutation scope: as defined by its source documents.

Explicit In Scope
- Original WBS objective and outputs
- Original requirements and acceptance-control mappings
- Original dependency and execution-lane provenance

Explicit Out of Scope
- Reopening completed planning solely to rename it
- Treating a starter/design result as empirically validated production capability

Prerequisites / Dependencies
- Historical dependency TASK-171
- TASK-171

Acceptance Criteria
1. Stable ID TASK-172, parent EPIC-030, owner wave W24+, and original status PLANNED are preserved.
2. Declared outputs are traceable to existing repository artifacts where resolvable, or remain recorded as historical output names without fabricating files.
3. Requirement, acceptance-control, and dependency references resolve to authoritative registries.
4. The record does not claim maturity beyond the task's original design, contract, functional-starter, synthetic-validation, or integration scope.

Definition of Done
1. The original historical scope and status are preserved with source evidence and stable identifiers.
2. The record does not claim production maturity beyond the original design, contract, starter, integration, or validation scope.
3. Any remaining empirical, production, target-hardware, or operating obligation is represented by separate actionable post-wave work.

Required Tests / Validation
- EXISTING_AUTOMATED_TEST / EXISTING_AUTOMATED_TEST: tests/test_validation_science_governance.py — Run and retain the result when this issue touches the covered contract.
- EXISTING_AUTOMATED_TEST / EXISTING_AUTOMATED_TEST: tests/test_w25_final_handoff.py — Run and retain the result when this issue touches the covered contract.
- EXISTING_AUTOMATED_TEST / EXISTING_AUTOMATED_TEST: tools/validate_validation_science.py — Run and retain the result when this issue touches the covered contract.

Required Evidence
- Authoritative WBS row TASK-172
- Existing artifact `live isolation evidence`

End-to-End Validation
Historical completion remains scoped; integrated product completion is evaluated only through the post-wave release path.

Stop Conditions
- Stop if completing this record would fabricate real-data, model-metric, source-rights, target-hardware, or operating evidence.

Source References
- SRCREF-00205
- SRCREF-02116
- SRCREF-02117

Governance Traceability Gate:

Canonical Record: jira/records/issues/tasks/TASK-172_prove_pregame_live_isolation_through_leakage_tests.json",To Do,Low,historical;historical-open;planning-program;validation;w24;local-id-task-172,validation-promotion,TASK-172,TASK-172,PHASE-5,DEFERRED,FUNCTIONAL_STARTER,PLANNED,W24+,false,PROTECTED_GATE,HISTORICAL_REFERENCE
Task,BAT-288,100276,[TASK-173] Run synthetic end-to-end and historical replay readiness battery,100031,"Local ID: TASK-173

Objective
Run synthetic end-to-end and historical replay readiness battery

Why This Exists
Preserve the original W24 WBS work unit, its dependencies, outputs, and scoped completion semantics as provenance for post-wave execution.

Scope
Original task type VALIDATION with mutation scope: as defined by its source documents.

Explicit In Scope
- Original WBS objective and outputs
- Original requirements and acceptance-control mappings
- Original dependency and execution-lane provenance

Explicit Out of Scope
- Reopening completed planning solely to rename it
- Treating a starter/design result as empirically validated production capability

Prerequisites / Dependencies
- Historical dependency TASK-162
- TASK-162

Acceptance Criteria
1. Stable ID TASK-173, parent EPIC-031, owner wave W24, and original status DONE are preserved.
2. Declared outputs are traceable to existing repository artifacts where resolvable, or remain recorded as historical output names without fabricating files.
3. Requirement, acceptance-control, and dependency references resolve to authoritative registries.
4. The record does not claim maturity beyond the task's original design, contract, functional-starter, synthetic-validation, or integration scope.

Definition of Done
1. The original historical scope and status are preserved with source evidence and stable identifiers.
2. The record does not claim production maturity beyond the original design, contract, starter, integration, or validation scope.
3. Any remaining empirical, production, target-hardware, or operating obligation is represented by separate actionable post-wave work.

Required Tests / Validation
- EXISTING_AUTOMATED_TEST / EXISTING_AUTOMATED_TEST: tests/test_validation_science_governance.py — Run and retain the result when this issue touches the covered contract.
- EXISTING_AUTOMATED_TEST / EXISTING_AUTOMATED_TEST: tests/test_w25_final_handoff.py — Run and retain the result when this issue touches the covered contract.
- EXISTING_AUTOMATED_TEST / EXISTING_AUTOMATED_TEST: tools/validate_validation_science.py — Run and retain the result when this issue touches the covered contract.

Required Evidence
- Authoritative WBS row TASK-173
- Existing artifact `E2E/replay readiness report`

End-to-End Validation
Historical completion remains scoped; integrated product completion is evaluated only through the post-wave release path.

Stop Conditions
- Stop if completing this record would fabricate real-data, model-metric, source-rights, target-hardware, or operating evidence.

Source References
- SRCREF-00206
- SRCREF-02116
- SRCREF-02117

Governance Traceability Gate:

Canonical Record: jira/records/issues/tasks/TASK-173_run_synthetic_end_to_end_and_historical_replay_readiness_battery.json",Done,High,historical;planning-program;validation;w24;wave-completed;local-id-task-173,validation-promotion,TASK-173,TASK-173,PHASE-5,DONE,INTEGRATED,VERIFIED,W24,false,PROTECTED_GATE,HISTORICAL_REFERENCE
Task,BAT-290,100277,[TASK-174] Run leakage/source-contract/packaging acceptance battery,100031,"Local ID: TASK-174

Objective
Run leakage/source-contract/packaging acceptance battery

Why This Exists
Preserve the original W24 WBS work unit, its dependencies, outputs, and scoped completion semantics as provenance for post-wave execution.

Scope
Original task type VALIDATION with mutation scope: as defined by its source documents.

Explicit In Scope
- Original WBS objective and outputs
- Original requirements and acceptance-control mappings
- Original dependency and execution-lane provenance

Explicit Out of Scope
- Reopening completed planning solely to rename it
- Treating a starter/design result as empirically validated production capability

Prerequisites / Dependencies
- Historical dependency TASK-173
- TASK-173

Acceptance Criteria
1. Stable ID TASK-174, parent EPIC-031, owner wave W24, and original status DONE are preserved.
2. Declared outputs are traceable to existing repository artifacts where resolvable, or remain recorded as historical output names without fabricating files.
3. Requirement, acceptance-control, and dependency references resolve to authoritative registries.
4. The record does not claim maturity beyond the task's original design, contract, functional-starter, synthetic-validation, or integration scope.

Definition of Done
1. The original historical scope and status are preserved with source evidence and stable identifiers.
2. The record does not claim production maturity beyond the original design, contract, starter, integration, or validation scope.
3. Any remaining empirical, production, target-hardware, or operating obligation is represented by separate actionable post-wave work.

Required Tests / Validation
- EXISTING_AUTOMATED_TEST / EXISTING_AUTOMATED_TEST: tests/test_validation_science_governance.py — Run and retain the result when this issue touches the covered contract.
- EXISTING_AUTOMATED_TEST / EXISTING_AUTOMATED_TEST: tests/test_w25_final_handoff.py — Run and retain the result when this issue touches the covered contract.
- EXISTING_AUTOMATED_TEST / EXISTING_AUTOMATED_TEST: tools/validate_validation_science.py — Run and retain the result when this issue touches the covered contract.

Required Evidence
- Authoritative WBS row TASK-174
- Existing artifact `full acceptance battery`

End-to-End Validation
Historical completion remains scoped; integrated product completion is evaluated only through the post-wave release path.

Stop Conditions
- Stop if completing this record would fabricate real-data, model-metric, source-rights, target-hardware, or operating evidence.

Source References
- SRCREF-00207
- SRCREF-02116
- SRCREF-02117

Governance Traceability Gate:

Canonical Record: jira/records/issues/tasks/TASK-174_run_leakage_source_contract_packaging_acceptance_battery.json",Done,High,historical;planning-program;validation;w24;wave-completed;local-id-task-174,validation-promotion,TASK-174,TASK-174,PHASE-5,DONE,INTEGRATED,VERIFIED,W24,false,PROTECTED_GATE,HISTORICAL_REFERENCE
Task,BAT-293,100278,[TASK-175] Refresh source landscape against W06 baseline,100031,"Local ID: TASK-175

Objective
Refresh source landscape against W06 baseline

Why This Exists
Preserve the original W24 WBS work unit, its dependencies, outputs, and scoped completion semantics as provenance for post-wave execution.

Scope
Original task type RESEARCH with mutation scope: as defined by its source documents.

Explicit In Scope
- Original WBS objective and outputs
- Original requirements and acceptance-control mappings
- Original dependency and execution-lane provenance

Explicit Out of Scope
- Reopening completed planning solely to rename it
- Treating a starter/design result as empirically validated production capability

Prerequisites / Dependencies
- Historical dependency TASK-173
- TASK-173

Acceptance Criteria
1. Stable ID TASK-175, parent EPIC-031, owner wave W24, and original status DONE are preserved.
2. Declared outputs are traceable to existing repository artifacts where resolvable, or remain recorded as historical output names without fabricating files.
3. Requirement, acceptance-control, and dependency references resolve to authoritative registries.
4. The record does not claim maturity beyond the task's original design, contract, functional-starter, synthetic-validation, or integration scope.

Definition of Done
1. The original historical scope and status are preserved with source evidence and stable identifiers.
2. The record does not claim production maturity beyond the original design, contract, starter, integration, or validation scope.
3. Any remaining empirical, production, target-hardware, or operating obligation is represented by separate actionable post-wave work.

Required Tests / Validation
- EXISTING_AUTOMATED_TEST / EXISTING_AUTOMATED_TEST: tests/test_model_architecture_governance.py — Run and retain the result when this issue touches the covered contract.
- EXISTING_AUTOMATED_TEST / EXISTING_AUTOMATED_TEST: tests/test_w20_model_starter.py — Run and retain the result when this issue touches the covered contract.
- EXISTING_AUTOMATED_TEST / EXISTING_AUTOMATED_TEST: tools/validate_model_architecture.py — Run and retain the result when this issue touches the covered contract.

Required Evidence
- Authoritative WBS row TASK-175
- Existing artifact `source refresh delta report`

End-to-End Validation
Historical completion remains scoped; integrated product completion is evaluated only through the post-wave release path.

Stop Conditions
- Stop if completing this record would fabricate real-data, model-metric, source-rights, target-hardware, or operating evidence.

Source References
- SRCREF-00208
- SRCREF-02116
- SRCREF-02117

Governance Traceability Gate:

Canonical Record: jira/records/issues/tasks/TASK-175_refresh_source_landscape_against_w06_baseline.json",Done,High,historical;planning-program;research;w24;wave-completed;local-id-task-175,modeling,TASK-175,TASK-175,PHASE-5,DONE,INTEGRATED,VERIFIED,W24,false,RESEARCH_LANE,HISTORICAL_REFERENCE
Task,BAT-295,100279,[TASK-176] Perform final architecture challenge KEEP/REVISE/DEFER/REJECT,100031,"Local ID: TASK-176

Objective
Perform final architecture challenge KEEP/REVISE/DEFER/REJECT

Why This Exists
Preserve the original W24 WBS work unit, its dependencies, outputs, and scoped completion semantics as provenance for post-wave execution.

Scope
Original task type ARCHITECTURE_REVIEW with mutation scope: as defined by its source documents.

Explicit In Scope
- Original WBS objective and outputs
- Original requirements and acceptance-control mappings
- Original dependency and execution-lane provenance

Explicit Out of Scope
- Reopening completed planning solely to rename it
- Treating a starter/design result as empirically validated production capability

Prerequisites / Dependencies
- Historical dependency TASK-174
- Historical dependency TASK-175
- TASK-174
- TASK-175

Acceptance Criteria
1. Stable ID TASK-176, parent EPIC-031, owner wave W24, and original status DONE are preserved.
2. Declared outputs are traceable to existing repository artifacts where resolvable, or remain recorded as historical output names without fabricating files.
3. Requirement, acceptance-control, and dependency references resolve to authoritative registries.
4. The record does not claim maturity beyond the task's original design, contract, functional-starter, synthetic-validation, or integration scope.

Definition of Done
1. The original historical scope and status are preserved with source evidence and stable identifiers.
2. The record does not claim production maturity beyond the original design, contract, starter, integration, or validation scope.
3. Any remaining empirical, production, target-hardware, or operating obligation is represented by separate actionable post-wave work.

Required Tests / Validation
- EXISTING_AUTOMATED_TEST / EXISTING_AUTOMATED_TEST: tests/test_w24_readiness.py — Run and retain the result when this issue touches the covered contract.
- EXISTING_AUTOMATED_TEST / EXISTING_AUTOMATED_TEST: tests/test_w25_final_handoff.py — Run and retain the result when this issue touches the covered contract.
- EXISTING_AUTOMATED_TEST / EXISTING_AUTOMATED_TEST: tools/validate_w24_readiness.py — Run and retain the result when this issue touches the covered contract.
- EXISTING_AUTOMATED_TEST / EXISTING_AUTOMATED_TEST: tools/validate_w25_final.py — Run and retain the result when this issue touches the covered contract.

Required Evidence
- Authoritative WBS row TASK-176
- Existing artifact `architecture challenge decision set`

End-to-End Validation
Historical completion remains scoped; integrated product completion is evaluated only through the post-wave release path.

Stop Conditions
- Stop if completing this record would fabricate real-data, model-metric, source-rights, target-hardware, or operating evidence.

Source References
- SRCREF-00209
- SRCREF-02116
- SRCREF-02117

Governance Traceability Gate:

Canonical Record: jira/records/issues/tasks/TASK-176_perform_final_architecture_challenge_keep_revise_defer_reject.json",Done,High,architecture-review;historical;planning-program;w24;wave-completed;local-id-task-176,release-readiness,TASK-176,TASK-176,PHASE-5,DONE,INTEGRATED,VERIFIED,W24,false,SHARED_CONTRACT,HISTORICAL_REFERENCE
Task,BAT-296,100280,[TASK-177] Resolve material W24 revisions without unnecessary churn,100031,"Local ID: TASK-177

Objective
Resolve material W24 revisions without unnecessary churn

Why This Exists
Preserve the original W24 WBS work unit, its dependencies, outputs, and scoped completion semantics as provenance for post-wave execution.

Scope
Original task type INTEGRATION with mutation scope: as defined by its source documents.

Explicit In Scope
- Original WBS objective and outputs
- Original requirements and acceptance-control mappings
- Original dependency and execution-lane provenance

Explicit Out of Scope
- Reopening completed planning solely to rename it
- Treating a starter/design result as empirically validated production capability

Prerequisites / Dependencies
- Historical dependency TASK-176
- TASK-176

Acceptance Criteria
1. Stable ID TASK-177, parent EPIC-031, owner wave W24, and original status DONE are preserved.
2. Declared outputs are traceable to existing repository artifacts where resolvable, or remain recorded as historical output names without fabricating files.
3. Requirement, acceptance-control, and dependency references resolve to authoritative registries.
4. The record does not claim maturity beyond the task's original design, contract, functional-starter, synthetic-validation, or integration scope.

Definition of Done
1. The original historical scope and status are preserved with source evidence and stable identifiers.
2. The record does not claim production maturity beyond the original design, contract, starter, integration, or validation scope.
3. Any remaining empirical, production, target-hardware, or operating obligation is represented by separate actionable post-wave work.

Required Tests / Validation
- EXISTING_AUTOMATED_TEST / EXISTING_AUTOMATED_TEST: tests/test_w23_operations.py — Run and retain the result when this issue touches the covered contract.
- EXISTING_AUTOMATED_TEST / EXISTING_AUTOMATED_TEST: tools/validate_w23_operations.py — Run and retain the result when this issue touches the covered contract.
- EXISTING_AUTOMATED_TEST / EXISTING_AUTOMATED_TEST: tools/validate_repository.py — Run and retain the result when this issue touches the covered contract.

Required Evidence
- Authoritative WBS row TASK-177
- Existing artifact `accepted W24 repairs/revisions`

End-to-End Validation
Historical completion remains scoped; integrated product completion is evaluated only through the post-wave release path.

Stop Conditions
- Stop if completing this record would fabricate real-data, model-metric, source-rights, target-hardware, or operating evidence.

Source References
- SRCREF-00210
- SRCREF-02116
- SRCREF-02117

Governance Traceability Gate:

Canonical Record: jira/records/issues/tasks/TASK-177_resolve_material_w24_revisions_without_unnecessary_churn.json",Done,High,historical;integration;planning-program;w24;wave-completed;local-id-task-177,operations-security,TASK-177,TASK-177,PHASE-5,DONE,INTEGRATED,VERIFIED,W24,false,SOLO_WORKTREE,HISTORICAL_REFERENCE
Task,BAT-298,100281,[TASK-178] Pass W24 end-to-end readiness gate,100031,"Local ID: TASK-178

Objective
Pass W24 end-to-end readiness gate

Why This Exists
Preserve the original W24 WBS work unit, its dependencies, outputs, and scoped completion semantics as provenance for post-wave execution.

Scope
Original task type GATE with mutation scope: as defined by its source documents.

Explicit In Scope
- Original WBS objective and outputs
- Original requirements and acceptance-control mappings
- Original dependency and execution-lane provenance

Explicit Out of Scope
- Reopening completed planning solely to rename it
- Treating a starter/design result as empirically validated production capability

Prerequisites / Dependencies
- Historical dependency TASK-177
- TASK-177

Acceptance Criteria
1. Stable ID TASK-178, parent EPIC-031, owner wave W24, and original status DONE are preserved.
2. Declared outputs are traceable to existing repository artifacts where resolvable, or remain recorded as historical output names without fabricating files.
3. Requirement, acceptance-control, and dependency references resolve to authoritative registries.
4. The record does not claim maturity beyond the task's original design, contract, functional-starter, synthetic-validation, or integration scope.

Definition of Done
1. The original historical scope and status are preserved with source evidence and stable identifiers.
2. The record does not claim production maturity beyond the original design, contract, starter, integration, or validation scope.
3. Any remaining empirical, production, target-hardware, or operating obligation is represented by separate actionable post-wave work.

Required Tests / Validation
- EXISTING_AUTOMATED_TEST / EXISTING_AUTOMATED_TEST: tests/test_model_architecture_governance.py — Run and retain the result when this issue touches the covered contract.
- EXISTING_AUTOMATED_TEST / EXISTING_AUTOMATED_TEST: tests/test_w20_model_starter.py — Run and retain the result when this issue touches the covered contract.
- EXISTING_AUTOMATED_TEST / EXISTING_AUTOMATED_TEST: tools/validate_model_architecture.py — Run and retain the result when this issue touches the covered contract.

Required Evidence
- Authoritative WBS row TASK-178
- Existing artifact `W24 acceptance/readiness baseline`

End-to-End Validation
Historical completion remains scoped; integrated product completion is evaluated only through the post-wave release path.

Stop Conditions
- Stop if completing this record would fabricate real-data, model-metric, source-rights, target-hardware, or operating evidence.

Source References
- SRCREF-00211
- SRCREF-02116
- SRCREF-02117

Governance Traceability Gate:

Canonical Record: jira/records/issues/tasks/TASK-178_pass_w24_end_to_end_readiness_gate.json",Done,High,gate;historical;planning-program;w24;wave-completed;local-id-task-178,modeling,TASK-178,TASK-178,PHASE-5,DONE,INTEGRATED,VERIFIED,W24,true,PROTECTED_GATE,HISTORICAL_REFERENCE
Task,BAT-300,100282,[TASK-179] Audit requirements/ADR/risk/acceptance completeness,100032,"Local ID: TASK-179

Objective
Audit requirements/ADR/risk/acceptance completeness

Why This Exists
Preserve the original W25 WBS work unit, its dependencies, outputs, and scoped completion semantics as provenance for post-wave execution.

Scope
Original task type AUDIT with mutation scope: as defined by its source documents.

Explicit In Scope
- Original WBS objective and outputs
- Original requirements and acceptance-control mappings
- Original dependency and execution-lane provenance

Explicit Out of Scope
- Reopening completed planning solely to rename it
- Treating a starter/design result as empirically validated production capability

Prerequisites / Dependencies
- Historical dependency TASK-178
- TASK-178

Acceptance Criteria
1. Stable ID TASK-179, parent EPIC-032, owner wave W25, and original status DONE are preserved.
2. Declared outputs are traceable to existing repository artifacts where resolvable, or remain recorded as historical output names without fabricating files.
3. Requirement, acceptance-control, and dependency references resolve to authoritative registries.
4. The record does not claim maturity beyond the task's original design, contract, functional-starter, synthetic-validation, or integration scope.

Definition of Done
1. The original historical scope and status are preserved with source evidence and stable identifiers.
2. The record does not claim production maturity beyond the original design, contract, starter, integration, or validation scope.
3. Any remaining empirical, production, target-hardware, or operating obligation is represented by separate actionable post-wave work.

Required Tests / Validation
- EXISTING_AUTOMATED_TEST / EXISTING_AUTOMATED_TEST: tests/test_validation_science_governance.py — Run and retain the result when this issue touches the covered contract.
- EXISTING_AUTOMATED_TEST / EXISTING_AUTOMATED_TEST: tests/test_w25_final_handoff.py — Run and retain the result when this issue touches the covered contract.
- EXISTING_AUTOMATED_TEST / EXISTING_AUTOMATED_TEST: tools/validate_validation_science.py — Run and retain the result when this issue touches the covered contract.

Required Evidence
- Authoritative WBS row TASK-179
- Existing artifact `final governance audit`

End-to-End Validation
Historical completion remains scoped; integrated product completion is evaluated only through the post-wave release path.

Stop Conditions
- Stop if completing this record would fabricate real-data, model-metric, source-rights, target-hardware, or operating evidence.

Source References
- SRCREF-00212
- SRCREF-02116
- SRCREF-02117

Governance Traceability Gate:

Canonical Record: jira/records/issues/tasks/TASK-179_audit_requirements_adr_risk_acceptance_completeness.json",Done,High,audit;historical;planning-program;w25;wave-completed;local-id-task-179,validation-promotion,TASK-179,TASK-179,PHASE-5,DONE,INTEGRATED,VERIFIED,W25,false,PROTECTED_GATE,HISTORICAL_REFERENCE
Task,BAT-302,100283,[TASK-180] Audit data/PIT/feature/model/repository readiness,100032,"Local ID: TASK-180

Objective
Audit data/PIT/feature/model/repository readiness

Why This Exists
Preserve the original W25 WBS work unit, its dependencies, outputs, and scoped completion semantics as provenance for post-wave execution.

Scope
Original task type AUDIT with mutation scope: as defined by its source documents.

Explicit In Scope
- Original WBS objective and outputs
- Original requirements and acceptance-control mappings
- Original dependency and execution-lane provenance

Explicit Out of Scope
- Reopening completed planning solely to rename it
- Treating a starter/design result as empirically validated production capability

Prerequisites / Dependencies
- Historical dependency TASK-179
- TASK-179

Acceptance Criteria
1. Stable ID TASK-180, parent EPIC-032, owner wave W25, and original status DONE are preserved.
2. Declared outputs are traceable to existing repository artifacts where resolvable, or remain recorded as historical output names without fabricating files.
3. Requirement, acceptance-control, and dependency references resolve to authoritative registries.
4. The record does not claim maturity beyond the task's original design, contract, functional-starter, synthetic-validation, or integration scope.

Definition of Done
1. The original historical scope and status are preserved with source evidence and stable identifiers.
2. The record does not claim production maturity beyond the original design, contract, starter, integration, or validation scope.
3. Any remaining empirical, production, target-hardware, or operating obligation is represented by separate actionable post-wave work.

Required Tests / Validation
- EXISTING_AUTOMATED_TEST / EXISTING_AUTOMATED_TEST: tests/test_validation_science_governance.py — Run and retain the result when this issue touches the covered contract.
- EXISTING_AUTOMATED_TEST / EXISTING_AUTOMATED_TEST: tests/test_w25_final_handoff.py — Run and retain the result when this issue touches the covered contract.
- EXISTING_AUTOMATED_TEST / EXISTING_AUTOMATED_TEST: tools/validate_validation_science.py — Run and retain the result when this issue touches the covered contract.

Required Evidence
- Authoritative WBS row TASK-180
- Existing artifact `final technical readiness audit`

End-to-End Validation
Historical completion remains scoped; integrated product completion is evaluated only through the post-wave release path.

Stop Conditions
- Stop if completing this record would fabricate real-data, model-metric, source-rights, target-hardware, or operating evidence.

Source References
- SRCREF-00213
- SRCREF-02116
- SRCREF-02117

Governance Traceability Gate:

Canonical Record: jira/records/issues/tasks/TASK-180_audit_data_pit_feature_model_repository_readiness.json",Done,High,audit;historical;planning-program;w25;wave-completed;local-id-task-180,validation-promotion,TASK-180,TASK-180,PHASE-5,DONE,INTEGRATED,VERIFIED,W25,false,PROTECTED_GATE,HISTORICAL_REFERENCE
Task,BAT-304,100284,[TASK-181] Produce final known-gap/risk/backlog registers,100032,"Local ID: TASK-181

Objective
Produce final known-gap/risk/backlog registers

Why This Exists
Preserve the original W25 WBS work unit, its dependencies, outputs, and scoped completion semantics as provenance for post-wave execution.

Scope
Original task type GOVERNANCE with mutation scope: as defined by its source documents.

Explicit In Scope
- Original WBS objective and outputs
- Original requirements and acceptance-control mappings
- Original dependency and execution-lane provenance

Explicit Out of Scope
- Reopening completed planning solely to rename it
- Treating a starter/design result as empirically validated production capability

Prerequisites / Dependencies
- Historical dependency TASK-180
- TASK-180

Acceptance Criteria
1. Stable ID TASK-181, parent EPIC-032, owner wave W25, and original status DONE are preserved.
2. Declared outputs are traceable to existing repository artifacts where resolvable, or remain recorded as historical output names without fabricating files.
3. Requirement, acceptance-control, and dependency references resolve to authoritative registries.
4. The record does not claim maturity beyond the task's original design, contract, functional-starter, synthetic-validation, or integration scope.

Definition of Done
1. The original historical scope and status are preserved with source evidence and stable identifiers.
2. The record does not claim production maturity beyond the original design, contract, starter, integration, or validation scope.
3. Any remaining empirical, production, target-hardware, or operating obligation is represented by separate actionable post-wave work.

Required Tests / Validation
- EXISTING_AUTOMATED_TEST / EXISTING_AUTOMATED_TEST: tests/test_validation_science_governance.py — Run and retain the result when this issue touches the covered contract.
- EXISTING_AUTOMATED_TEST / EXISTING_AUTOMATED_TEST: tests/test_w25_final_handoff.py — Run and retain the result when this issue touches the covered contract.
- EXISTING_AUTOMATED_TEST / EXISTING_AUTOMATED_TEST: tools/validate_validation_science.py — Run and retain the result when this issue touches the covered contract.

Required Evidence
- Authoritative WBS row TASK-181
- Existing artifact `final gap/risk/backlog artifacts`

End-to-End Validation
Historical completion remains scoped; integrated product completion is evaluated only through the post-wave release path.

Stop Conditions
- Stop if completing this record would fabricate real-data, model-metric, source-rights, target-hardware, or operating evidence.

Source References
- SRCREF-00214
- SRCREF-02116
- SRCREF-02117

Governance Traceability Gate:

Canonical Record: jira/records/issues/tasks/TASK-181_produce_final_known_gap_risk_backlog_registers.json",Done,High,governance;historical;planning-program;w25;wave-completed;local-id-task-181,validation-promotion,TASK-181,TASK-181,PHASE-5,DONE,INTEGRATED,VERIFIED,W25,false,SOLO_WORKTREE,HISTORICAL_REFERENCE
Task,BAT-306,100285,[TASK-182] Produce final architecture rationale and rejected alternatives,100032,"Local ID: TASK-182

Objective
Produce final architecture rationale and rejected alternatives

Why This Exists
Preserve the original W25 WBS work unit, its dependencies, outputs, and scoped completion semantics as provenance for post-wave execution.

Scope
Original task type DOCUMENTATION with mutation scope: as defined by its source documents.

Explicit In Scope
- Original WBS objective and outputs
- Original requirements and acceptance-control mappings
- Original dependency and execution-lane provenance

Explicit Out of Scope
- Reopening completed planning solely to rename it
- Treating a starter/design result as empirically validated production capability

Prerequisites / Dependencies
- Historical dependency TASK-180
- TASK-180

Acceptance Criteria
1. Stable ID TASK-182, parent EPIC-032, owner wave W25, and original status DONE are preserved.
2. Declared outputs are traceable to existing repository artifacts where resolvable, or remain recorded as historical output names without fabricating files.
3. Requirement, acceptance-control, and dependency references resolve to authoritative registries.
4. The record does not claim maturity beyond the task's original design, contract, functional-starter, synthetic-validation, or integration scope.

Definition of Done
1. The original historical scope and status are preserved with source evidence and stable identifiers.
2. The record does not claim production maturity beyond the original design, contract, starter, integration, or validation scope.
3. Any remaining empirical, production, target-hardware, or operating obligation is represented by separate actionable post-wave work.

Required Tests / Validation
- EXISTING_AUTOMATED_TEST / EXISTING_AUTOMATED_TEST: tests/test_validation_science_governance.py — Run and retain the result when this issue touches the covered contract.
- EXISTING_AUTOMATED_TEST / EXISTING_AUTOMATED_TEST: tests/test_w25_final_handoff.py — Run and retain the result when this issue touches the covered contract.
- EXISTING_AUTOMATED_TEST / EXISTING_AUTOMATED_TEST: tools/validate_validation_science.py — Run and retain the result when this issue touches the covered contract.

Required Evidence
- Authoritative WBS row TASK-182
- Existing artifact `docs/final/FINAL_ARCHITECTURE_RATIONALE.md`
- Existing artifact `docs/final/FINAL_REJECTED_ALTERNATIVES.md`

End-to-End Validation
Historical completion remains scoped; integrated product completion is evaluated only through the post-wave release path.

Stop Conditions
- Stop if completing this record would fabricate real-data, model-metric, source-rights, target-hardware, or operating evidence.

Source References
- SRCREF-00215
- SRCREF-02116
- SRCREF-02117

Governance Traceability Gate:

Canonical Record: jira/records/issues/tasks/TASK-182_produce_final_architecture_rationale_and_rejected_alternatives.json",Done,High,documentation;historical;planning-program;w25;wave-completed;local-id-task-182,validation-promotion,TASK-182,TASK-182,PHASE-5,DONE,INTEGRATED,VERIFIED,W25,false,SOLO_WORKTREE,HISTORICAL_REFERENCE
Task,BAT-308,100286,[TASK-183] Produce final implementation priority and first-72-hour queue,100032,"Local ID: TASK-183

Objective
Produce final implementation priority and first-72-hour queue

Why This Exists
Preserve the original W25 WBS work unit, its dependencies, outputs, and scoped completion semantics as provenance for post-wave execution.

Scope
Original task type HANDOFF with mutation scope: as defined by its source documents.

Explicit In Scope
- Original WBS objective and outputs
- Original requirements and acceptance-control mappings
- Original dependency and execution-lane provenance

Explicit Out of Scope
- Reopening completed planning solely to rename it
- Treating a starter/design result as empirically validated production capability

Prerequisites / Dependencies
- Historical dependency TASK-181
- Historical dependency TASK-182
- TASK-181
- TASK-182

Acceptance Criteria
1. Stable ID TASK-183, parent EPIC-032, owner wave W25, and original status DONE are preserved.
2. Declared outputs are traceable to existing repository artifacts where resolvable, or remain recorded as historical output names without fabricating files.
3. Requirement, acceptance-control, and dependency references resolve to authoritative registries.
4. The record does not claim maturity beyond the task's original design, contract, functional-starter, synthetic-validation, or integration scope.

Definition of Done
1. The original historical scope and status are preserved with source evidence and stable identifiers.
2. The record does not claim production maturity beyond the original design, contract, starter, integration, or validation scope.
3. Any remaining empirical, production, target-hardware, or operating obligation is represented by separate actionable post-wave work.

Required Tests / Validation
- EXISTING_AUTOMATED_TEST / EXISTING_AUTOMATED_TEST: tests/test_validation_science_governance.py — Run and retain the result when this issue touches the covered contract.
- EXISTING_AUTOMATED_TEST / EXISTING_AUTOMATED_TEST: tests/test_w25_final_handoff.py — Run and retain the result when this issue touches the covered contract.
- EXISTING_AUTOMATED_TEST / EXISTING_AUTOMATED_TEST: tools/validate_validation_science.py — Run and retain the result when this issue touches the covered contract.

Required Evidence
- Authoritative WBS row TASK-183
- Existing artifact `docs/final/FINAL_IMPLEMENTATION_PRIORITY.md`
- Existing artifact `first-72-hour queue`

End-to-End Validation
Historical completion remains scoped; integrated product completion is evaluated only through the post-wave release path.

Stop Conditions
- Stop if completing this record would fabricate real-data, model-metric, source-rights, target-hardware, or operating evidence.

Source References
- SRCREF-00216
- SRCREF-02116
- SRCREF-02117

Governance Traceability Gate:

Canonical Record: jira/records/issues/tasks/TASK-183_produce_final_implementation_priority_and_first_72_hour_queue.json",Done,High,handoff;historical;planning-program;w25;wave-completed;local-id-task-183,validation-promotion,TASK-183,TASK-183,PHASE-5,DONE,INTEGRATED,VERIFIED,W25,false,SOLO_WORKTREE,HISTORICAL_REFERENCE
Task,BAT-310,100287,[TASK-184] Freeze final cumulative/hydration Codex handoff,100032,"Local ID: TASK-184

Objective
Freeze final cumulative/hydration Codex handoff

Why This Exists
Preserve the original W25 WBS work unit, its dependencies, outputs, and scoped completion semantics as provenance for post-wave execution.

Scope
Original task type GATE with mutation scope: as defined by its source documents.

Explicit In Scope
- Original WBS objective and outputs
- Original requirements and acceptance-control mappings
- Original dependency and execution-lane provenance

Explicit Out of Scope
- Reopening completed planning solely to rename it
- Treating a starter/design result as empirically validated production capability

Prerequisites / Dependencies
- Historical dependency TASK-183
- TASK-183

Acceptance Criteria
1. Stable ID TASK-184, parent EPIC-032, owner wave W25, and original status DONE are preserved.
2. Declared outputs are traceable to existing repository artifacts where resolvable, or remain recorded as historical output names without fabricating files.
3. Requirement, acceptance-control, and dependency references resolve to authoritative registries.
4. The record does not claim maturity beyond the task's original design, contract, functional-starter, synthetic-validation, or integration scope.

Definition of Done
1. The original historical scope and status are preserved with source evidence and stable identifiers.
2. The record does not claim production maturity beyond the original design, contract, starter, integration, or validation scope.
3. Any remaining empirical, production, target-hardware, or operating obligation is represented by separate actionable post-wave work.

Required Tests / Validation
- EXISTING_AUTOMATED_TEST / EXISTING_AUTOMATED_TEST: tests/test_w23_operations.py — Run and retain the result when this issue touches the covered contract.
- EXISTING_AUTOMATED_TEST / EXISTING_AUTOMATED_TEST: tools/validate_w23_operations.py — Run and retain the result when this issue touches the covered contract.
- EXISTING_AUTOMATED_TEST / EXISTING_AUTOMATED_TEST: tools/validate_repository.py — Run and retain the result when this issue touches the covered contract.

Required Evidence
- Authoritative WBS row TASK-184
- Existing artifact `final validated bound repository/hydration pair`

End-to-End Validation
Historical completion remains scoped; integrated product completion is evaluated only through the post-wave release path.

Stop Conditions
- Stop if completing this record would fabricate real-data, model-metric, source-rights, target-hardware, or operating evidence.

Source References
- SRCREF-00217
- SRCREF-02116
- SRCREF-02117

Governance Traceability Gate:

Canonical Record: jira/records/issues/tasks/TASK-184_freeze_final_cumulative_hydration_codex_handoff.json",Done,High,gate;historical;planning-program;w25;wave-completed;local-id-task-184,operations-security,TASK-184,TASK-184,PHASE-5,DONE,INTEGRATED,VERIFIED,W25,true,PROTECTED_GATE,HISTORICAL_REFERENCE
Task,BAT-312,100288,[TASK-185] Verify prior-wave pair before every mutation,100033,"Local ID: TASK-185

Objective
Verify prior-wave pair before every mutation

Why This Exists
Preserve the original W06-W25 WBS work unit, its dependencies, outputs, and scoped completion semantics as provenance for post-wave execution.

Scope
Original task type PROGRAM_GATE with mutation scope: as defined by its source documents.

Explicit In Scope
- Original WBS objective and outputs
- Original requirements and acceptance-control mappings
- Original dependency and execution-lane provenance

Explicit Out of Scope
- Reopening completed planning solely to rename it
- Treating a starter/design result as empirically validated production capability

Prerequisites / Dependencies


Acceptance Criteria
1. Stable ID TASK-185, parent EPIC-033, owner wave W06-W25, and original status DONE are preserved.
2. Declared outputs are traceable to existing repository artifacts where resolvable, or remain recorded as historical output names without fabricating files.
3. Requirement, acceptance-control, and dependency references resolve to authoritative registries.
4. The record does not claim maturity beyond the task's original design, contract, functional-starter, synthetic-validation, or integration scope.

Definition of Done
1. The original historical scope and status are preserved with source evidence and stable identifiers.
2. The record does not claim production maturity beyond the original design, contract, starter, integration, or validation scope.
3. Any remaining empirical, production, target-hardware, or operating obligation is represented by separate actionable post-wave work.

Required Tests / Validation
- EXISTING_AUTOMATED_TEST / EXISTING_AUTOMATED_TEST: tests/test_w24_readiness.py — Run and retain the result when this issue touches the covered contract.
- EXISTING_AUTOMATED_TEST / EXISTING_AUTOMATED_TEST: tests/test_w25_final_handoff.py — Run and retain the result when this issue touches the covered contract.
- EXISTING_AUTOMATED_TEST / EXISTING_AUTOMATED_TEST: tools/validate_w24_readiness.py — Run and retain the result when this issue touches the covered contract.
- EXISTING_AUTOMATED_TEST / EXISTING_AUTOMATED_TEST: tools/validate_w25_final.py — Run and retain the result when this issue touches the covered contract.

Required Evidence
- Authoritative WBS row TASK-185
- Existing artifact `verified prior-wave binding evidence`

End-to-End Validation
Historical completion remains scoped; integrated product completion is evaluated only through the post-wave release path.

Stop Conditions
- Stop if completing this record would fabricate real-data, model-metric, source-rights, target-hardware, or operating evidence.

Source References
- SRCREF-00218
- SRCREF-02116
- SRCREF-02117

Governance Traceability Gate:

Canonical Record: jira/records/issues/tasks/TASK-185_verify_prior_wave_pair_before_every_mutation.json",Done,High,historical;planning-program;program-gate;w06-w25;wave-completed;local-id-task-185,release-readiness,TASK-185,TASK-185,PHASE-4,DONE,CONTRACT_DEFINED,VERIFIED,W06-W25,false,PROTECTED_GATE,HISTORICAL_REFERENCE
Task,BAT-314,100289,[TASK-186] Maintain cumulative manifests/hydration/secret/forbidden-artifact gates,100033,"Local ID: TASK-186

Objective
Maintain cumulative manifests/hydration/secret/forbidden-artifact gates

Why This Exists
Preserve the original W06-W25 WBS work unit, its dependencies, outputs, and scoped completion semantics as provenance for post-wave execution.

Scope
Original task type PROGRAM_CONTROL with mutation scope: as defined by its source documents.

Explicit In Scope
- Original WBS objective and outputs
- Original requirements and acceptance-control mappings
- Original dependency and execution-lane provenance

Explicit Out of Scope
- Reopening completed planning solely to rename it
- Treating a starter/design result as empirically validated production capability

Prerequisites / Dependencies
- Historical dependency TASK-185
- TASK-185

Acceptance Criteria
1. Stable ID TASK-186, parent EPIC-033, owner wave W06-W25, and original status DONE are preserved.
2. Declared outputs are traceable to existing repository artifacts where resolvable, or remain recorded as historical output names without fabricating files.
3. Requirement, acceptance-control, and dependency references resolve to authoritative registries.
4. The record does not claim maturity beyond the task's original design, contract, functional-starter, synthetic-validation, or integration scope.

Definition of Done
1. The original historical scope and status are preserved with source evidence and stable identifiers.
2. The record does not claim production maturity beyond the original design, contract, starter, integration, or validation scope.
3. Any remaining empirical, production, target-hardware, or operating obligation is represented by separate actionable post-wave work.

Required Tests / Validation
- EXISTING_AUTOMATED_TEST / EXISTING_AUTOMATED_TEST: tests/test_w23_operations.py — Run and retain the result when this issue touches the covered contract.
- EXISTING_AUTOMATED_TEST / EXISTING_AUTOMATED_TEST: tools/validate_w23_operations.py — Run and retain the result when this issue touches the covered contract.
- EXISTING_AUTOMATED_TEST / EXISTING_AUTOMATED_TEST: tools/validate_repository.py — Run and retain the result when this issue touches the covered contract.

Required Evidence
- Authoritative WBS row TASK-186
- Existing artifact `validated cumulative/hydration packs`

End-to-End Validation
Historical completion remains scoped; integrated product completion is evaluated only through the post-wave release path.

Stop Conditions
- Stop if completing this record would fabricate real-data, model-metric, source-rights, target-hardware, or operating evidence.

Source References
- SRCREF-00219
- SRCREF-02116
- SRCREF-02117

Governance Traceability Gate:

Canonical Record: jira/records/issues/tasks/TASK-186_maintain_cumulative_manifests_hydration_secret_forbidden_artifact_gates.json",Done,High,historical;planning-program;program-control;w06-w25;wave-completed;local-id-task-186,operations-security,TASK-186,TASK-186,PHASE-4,DONE,CONTRACT_DEFINED,VERIFIED,W06-W25,false,SHARED_CONTRACT,HISTORICAL_REFERENCE
Task,BAT-316,100290,[TASK-187] Maintain REQ/ADR/RISK/AC/task traceability,100033,"Local ID: TASK-187

Objective
Maintain REQ/ADR/RISK/AC/task traceability

Why This Exists
Preserve the original W06-W25 WBS work unit, its dependencies, outputs, and scoped completion semantics as provenance for post-wave execution.

Scope
Original task type GOVERNANCE with mutation scope: as defined by its source documents.

Explicit In Scope
- Original WBS objective and outputs
- Original requirements and acceptance-control mappings
- Original dependency and execution-lane provenance

Explicit Out of Scope
- Reopening completed planning solely to rename it
- Treating a starter/design result as empirically validated production capability

Prerequisites / Dependencies
- Historical dependency TASK-185
- TASK-185

Acceptance Criteria
1. Stable ID TASK-187, parent EPIC-033, owner wave W06-W25, and original status DONE are preserved.
2. Declared outputs are traceable to existing repository artifacts where resolvable, or remain recorded as historical output names without fabricating files.
3. Requirement, acceptance-control, and dependency references resolve to authoritative registries.
4. The record does not claim maturity beyond the task's original design, contract, functional-starter, synthetic-validation, or integration scope.

Definition of Done
1. The original historical scope and status are preserved with source evidence and stable identifiers.
2. The record does not claim production maturity beyond the original design, contract, starter, integration, or validation scope.
3. Any remaining empirical, production, target-hardware, or operating obligation is represented by separate actionable post-wave work.

Required Tests / Validation
- EXISTING_AUTOMATED_TEST / EXISTING_AUTOMATED_TEST: tests/test_w24_readiness.py — Run and retain the result when this issue touches the covered contract.
- EXISTING_AUTOMATED_TEST / EXISTING_AUTOMATED_TEST: tests/test_w25_final_handoff.py — Run and retain the result when this issue touches the covered contract.
- EXISTING_AUTOMATED_TEST / EXISTING_AUTOMATED_TEST: tools/validate_w24_readiness.py — Run and retain the result when this issue touches the covered contract.
- EXISTING_AUTOMATED_TEST / EXISTING_AUTOMATED_TEST: tools/validate_w25_final.py — Run and retain the result when this issue touches the covered contract.

Required Evidence
- Authoritative WBS row TASK-187
- Existing artifact `updated governance ledgers and validators`

End-to-End Validation
Historical completion remains scoped; integrated product completion is evaluated only through the post-wave release path.

Stop Conditions
- Stop if completing this record would fabricate real-data, model-metric, source-rights, target-hardware, or operating evidence.

Source References
- SRCREF-00220
- SRCREF-02116
- SRCREF-02117

Governance Traceability Gate:

Canonical Record: jira/records/issues/tasks/TASK-187_maintain_req_adr_risk_ac_task_traceability.json",Done,High,governance;historical;planning-program;w06-w25;wave-completed;local-id-task-187,release-readiness,TASK-187,TASK-187,PHASE-4,DONE,CONTRACT_DEFINED,VERIFIED,W06-W25,false,SHARED_CONTRACT,HISTORICAL_REFERENCE
Task,BAT-318,100291,[TASK-188] Run start/end adaptive reviews and controlled plan revisions,100033,"Local ID: TASK-188

Objective
Run start/end adaptive reviews and controlled plan revisions

Why This Exists
Preserve the original W06-W25 WBS work unit, its dependencies, outputs, and scoped completion semantics as provenance for post-wave execution.

Scope
Original task type GOVERNANCE with mutation scope: as defined by its source documents.

Explicit In Scope
- Original WBS objective and outputs
- Original requirements and acceptance-control mappings
- Original dependency and execution-lane provenance

Explicit Out of Scope
- Reopening completed planning solely to rename it
- Treating a starter/design result as empirically validated production capability

Prerequisites / Dependencies
- Historical dependency TASK-185
- TASK-185

Acceptance Criteria
1. Stable ID TASK-188, parent EPIC-033, owner wave W06-W25, and original status DONE are preserved.
2. Declared outputs are traceable to existing repository artifacts where resolvable, or remain recorded as historical output names without fabricating files.
3. Requirement, acceptance-control, and dependency references resolve to authoritative registries.
4. The record does not claim maturity beyond the task's original design, contract, functional-starter, synthetic-validation, or integration scope.

Definition of Done
1. The original historical scope and status are preserved with source evidence and stable identifiers.
2. The record does not claim production maturity beyond the original design, contract, starter, integration, or validation scope.
3. Any remaining empirical, production, target-hardware, or operating obligation is represented by separate actionable post-wave work.

Required Tests / Validation
- EXISTING_AUTOMATED_TEST / EXISTING_AUTOMATED_TEST: tests/test_w24_readiness.py — Run and retain the result when this issue touches the covered contract.
- EXISTING_AUTOMATED_TEST / EXISTING_AUTOMATED_TEST: tests/test_w25_final_handoff.py — Run and retain the result when this issue touches the covered contract.
- EXISTING_AUTOMATED_TEST / EXISTING_AUTOMATED_TEST: tools/validate_w24_readiness.py — Run and retain the result when this issue touches the covered contract.
- EXISTING_AUTOMATED_TEST / EXISTING_AUTOMATED_TEST: tools/validate_w25_final.py — Run and retain the result when this issue touches the covered contract.

Required Evidence
- Authoritative WBS row TASK-188
- Existing artifact `adaptive change/plan revision records`

End-to-End Validation
Historical completion remains scoped; integrated product completion is evaluated only through the post-wave release path.

Stop Conditions
- Stop if completing this record would fabricate real-data, model-metric, source-rights, target-hardware, or operating evidence.

Source References
- SRCREF-00221
- SRCREF-02116
- SRCREF-02117

Governance Traceability Gate:

Canonical Record: jira/records/issues/tasks/TASK-188_run_start_end_adaptive_reviews_and_controlled_plan_revisions.json",Done,High,governance;historical;planning-program;w06-w25;wave-completed;local-id-task-188,release-readiness,TASK-188,TASK-188,PHASE-4,DONE,CONTRACT_DEFINED,VERIFIED,W06-W25,false,SHARED_CONTRACT,HISTORICAL_REFERENCE
Task,BAT-320,100292,[TASK-189] Protect judging rules from research-agent mutation,100033,"Local ID: TASK-189

Objective
Protect judging rules from research-agent mutation

Why This Exists
Preserve the original W06-W25 WBS work unit, its dependencies, outputs, and scoped completion semantics as provenance for post-wave execution.

Scope
Original task type PROGRAM_CONTROL with mutation scope: as defined by its source documents.

Explicit In Scope
- Original WBS objective and outputs
- Original requirements and acceptance-control mappings
- Original dependency and execution-lane provenance

Explicit Out of Scope
- Reopening completed planning solely to rename it
- Treating a starter/design result as empirically validated production capability

Prerequisites / Dependencies
- Historical dependency TASK-187
- TASK-187

Acceptance Criteria
1. Stable ID TASK-189, parent EPIC-033, owner wave W06-W25, and original status DONE are preserved.
2. Declared outputs are traceable to existing repository artifacts where resolvable, or remain recorded as historical output names without fabricating files.
3. Requirement, acceptance-control, and dependency references resolve to authoritative registries.
4. The record does not claim maturity beyond the task's original design, contract, functional-starter, synthetic-validation, or integration scope.

Definition of Done
1. The original historical scope and status are preserved with source evidence and stable identifiers.
2. The record does not claim production maturity beyond the original design, contract, starter, integration, or validation scope.
3. Any remaining empirical, production, target-hardware, or operating obligation is represented by separate actionable post-wave work.

Required Tests / Validation
- EXISTING_AUTOMATED_TEST / EXISTING_AUTOMATED_TEST: tests/test_validation_science_governance.py — Run and retain the result when this issue touches the covered contract.
- EXISTING_AUTOMATED_TEST / EXISTING_AUTOMATED_TEST: tests/test_w25_final_handoff.py — Run and retain the result when this issue touches the covered contract.
- EXISTING_AUTOMATED_TEST / EXISTING_AUTOMATED_TEST: tools/validate_validation_science.py — Run and retain the result when this issue touches the covered contract.

Required Evidence
- Authoritative WBS row TASK-189
- Existing artifact `protected governance boundary evidence`

End-to-End Validation
Historical completion remains scoped; integrated product completion is evaluated only through the post-wave release path.

Stop Conditions
- Stop if completing this record would fabricate real-data, model-metric, source-rights, target-hardware, or operating evidence.

Source References
- SRCREF-00222
- SRCREF-02116
- SRCREF-02117

Governance Traceability Gate:

Canonical Record: jira/records/issues/tasks/TASK-189_protect_judging_rules_from_research_agent_mutation.json",Done,High,historical;planning-program;program-control;w06-w25;wave-completed;local-id-task-189,validation-promotion,TASK-189,TASK-189,PHASE-4,DONE,CONTRACT_DEFINED,VERIFIED,W06-W25,false,PROTECTED_GATE,HISTORICAL_REFERENCE
Task,BAT-322,100293,[TASK-190] Define source publication/report-version evidence identity,100002,"Local ID: TASK-190

Objective
Define source publication/report-version evidence identity

Why This Exists
Preserve the original W07 WBS work unit, its dependencies, outputs, and scoped completion semantics as provenance for post-wave execution.

Scope
Original task type DATA_CONTRACT with mutation scope: canonical source evidence contracts.

Explicit In Scope
- Original WBS objective and outputs
- Original requirements and acceptance-control mappings
- Original dependency and execution-lane provenance

Explicit Out of Scope
- Reopening completed planning solely to rename it
- Treating a starter/design result as empirically validated production capability

Prerequisites / Dependencies
- Historical dependency TASK-007
- TASK-007

Acceptance Criteria
1. Stable ID TASK-190, parent EPIC-002, owner wave W07, and original status DONE are preserved.
2. Declared outputs are traceable to existing repository artifacts where resolvable, or remain recorded as historical output names without fabricating files.
3. Requirement, acceptance-control, and dependency references resolve to authoritative registries.
4. The record does not claim maturity beyond the task's original design, contract, functional-starter, synthetic-validation, or integration scope.

Definition of Done
1. The original historical scope and status are preserved with source evidence and stable identifiers.
2. The record does not claim production maturity beyond the original design, contract, starter, integration, or validation scope.
3. Any remaining empirical, production, target-hardware, or operating obligation is represented by separate actionable post-wave work.

Required Tests / Validation
- EXISTING_AUTOMATED_TEST / EXISTING_AUTOMATED_TEST: tests/test_w21_weekly_mlops.py — Run and retain the result when this issue touches the covered contract.
- EXISTING_AUTOMATED_TEST / EXISTING_AUTOMATED_TEST: tools/validate_w21_mlops.py — Run and retain the result when this issue touches the covered contract.

Required Evidence
- Authoritative WBS row TASK-190
- Existing artifact `configs/entity_registry.json`
- Existing artifact `docs/15_SOURCE_MAPPING_AND_EVIDENCE_IDENTITY.md`
- Existing artifact `schemas/canonical/evidence_identity.json`

End-to-End Validation
Historical completion remains scoped; integrated product completion is evaluated only through the post-wave release path.

Stop Conditions
- Stop if completing this record would fabricate real-data, model-metric, source-rights, target-hardware, or operating evidence.

Source References
- SRCREF-00223
- SRCREF-02116
- SRCREF-02117

Governance Traceability Gate:

Canonical Record: jira/records/issues/tasks/TASK-190_define_source_publication_report_version_evidence_identity.json",Done,High,data-contract;historical;planning-program;w07;wave-completed;local-id-task-190,mlops,TASK-190,TASK-190,PHASE-1,DONE,CONTRACT_DEFINED,VERIFIED,W07,false,SHARED_CONTRACT,HISTORICAL_REFERENCE
Task,BAT-324,100294,[TASK-191] Implement availability report version and policy-scope PIT semantics,100003,"Local ID: TASK-191

Objective
Implement availability report version and policy-scope PIT semantics

Why This Exists
Preserve the original W08 WBS work unit, its dependencies, outputs, and scoped completion semantics as provenance for post-wave execution.

Scope
Original task type TEMPORAL_DESIGN with mutation scope: PIT availability semantics.

Explicit In Scope
- Original WBS objective and outputs
- Original requirements and acceptance-control mappings
- Original dependency and execution-lane provenance

Explicit Out of Scope
- Reopening completed planning solely to rename it
- Treating a starter/design result as empirically validated production capability

Prerequisites / Dependencies
- Historical dependency TASK-015
- Historical dependency TASK-190
- TASK-015
- TASK-190

Acceptance Criteria
1. Stable ID TASK-191, parent EPIC-003, owner wave W08, and original status DONE are preserved.
2. Declared outputs are traceable to existing repository artifacts where resolvable, or remain recorded as historical output names without fabricating files.
3. Requirement, acceptance-control, and dependency references resolve to authoritative registries.
4. The record does not claim maturity beyond the task's original design, contract, functional-starter, synthetic-validation, or integration scope.

Definition of Done
1. The original historical scope and status are preserved with source evidence and stable identifiers.
2. The record does not claim production maturity beyond the original design, contract, starter, integration, or validation scope.
3. Any remaining empirical, production, target-hardware, or operating obligation is represented by separate actionable post-wave work.

Required Tests / Validation
- EXISTING_AUTOMATED_TEST / EXISTING_AUTOMATED_TEST: tests/test_player_intelligence_governance.py — Run and retain the result when this issue touches the covered contract.
- EXISTING_AUTOMATED_TEST / EXISTING_AUTOMATED_TEST: tests/test_context_intelligence_governance.py — Run and retain the result when this issue touches the covered contract.
- EXISTING_AUTOMATED_TEST / EXISTING_AUTOMATED_TEST: tests/test_team_state_governance.py — Run and retain the result when this issue touches the covered contract.

Required Evidence
- Authoritative WBS row TASK-191
- Existing artifact `availability report PIT contract + fixtures`

End-to-End Validation
Historical completion remains scoped; integrated product completion is evaluated only through the post-wave release path.

Stop Conditions
- Stop if completing this record would fabricate real-data, model-metric, source-rights, target-hardware, or operating evidence.

Source References
- SRCREF-00224
- SRCREF-02116
- SRCREF-02117

Governance Traceability Gate:

Canonical Record: jira/records/issues/tasks/TASK-191_implement_availability_report_version_and_policy_scope_pit_semantics.json",Done,High,historical;planning-program;temporal-design;w08;wave-completed;local-id-task-191,player-context-intelligence,TASK-191,TASK-191,PHASE-1,DONE,CONTRACT_DEFINED,VERIFIED,W08,false,SHARED_CONTRACT,HISTORICAL_REFERENCE
Task,BAT-325,100295,[TASK-192] Implement weather model-run initialization/lead-time PIT semantics,100003,"Local ID: TASK-192

Objective
Implement weather model-run initialization/lead-time PIT semantics

Why This Exists
Preserve the original W08 WBS work unit, its dependencies, outputs, and scoped completion semantics as provenance for post-wave execution.

Scope
Original task type TEMPORAL_DESIGN with mutation scope: PIT weather semantics.

Explicit In Scope
- Original WBS objective and outputs
- Original requirements and acceptance-control mappings
- Original dependency and execution-lane provenance

Explicit Out of Scope
- Reopening completed planning solely to rename it
- Treating a starter/design result as empirically validated production capability

Prerequisites / Dependencies
- Historical dependency TASK-015
- TASK-015

Acceptance Criteria
1. Stable ID TASK-192, parent EPIC-003, owner wave W08, and original status DONE are preserved.
2. Declared outputs are traceable to existing repository artifacts where resolvable, or remain recorded as historical output names without fabricating files.
3. Requirement, acceptance-control, and dependency references resolve to authoritative registries.
4. The record does not claim maturity beyond the task's original design, contract, functional-starter, synthetic-validation, or integration scope.

Definition of Done
1. The original historical scope and status are preserved with source evidence and stable identifiers.
2. The record does not claim production maturity beyond the original design, contract, starter, integration, or validation scope.
3. Any remaining empirical, production, target-hardware, or operating obligation is represented by separate actionable post-wave work.

Required Tests / Validation
- EXISTING_AUTOMATED_TEST / EXISTING_AUTOMATED_TEST: tests/test_model_architecture_governance.py — Run and retain the result when this issue touches the covered contract.
- EXISTING_AUTOMATED_TEST / EXISTING_AUTOMATED_TEST: tests/test_w20_model_starter.py — Run and retain the result when this issue touches the covered contract.
- EXISTING_AUTOMATED_TEST / EXISTING_AUTOMATED_TEST: tools/validate_model_architecture.py — Run and retain the result when this issue touches the covered contract.

Required Evidence
- Authoritative WBS row TASK-192
- Existing artifact `weather model-run PIT contract + fixtures`

End-to-End Validation
Historical completion remains scoped; integrated product completion is evaluated only through the post-wave release path.

Stop Conditions
- Stop if completing this record would fabricate real-data, model-metric, source-rights, target-hardware, or operating evidence.

Source References
- SRCREF-00225
- SRCREF-02116
- SRCREF-02117

Governance Traceability Gate:

Canonical Record: jira/records/issues/tasks/TASK-192_implement_weather_model_run_initialization_lead_time_pit_semantics.json",Done,High,historical;planning-program;temporal-design;w08;wave-completed;local-id-task-192,modeling,TASK-192,TASK-192,PHASE-1,DONE,CONTRACT_DEFINED,VERIFIED,W08,false,SHARED_CONTRACT,HISTORICAL_REFERENCE
Task,BAT-328,100296,[TASK-193] Materialize official conference availability source lane and A&M SEC priority,100009,"Local ID: TASK-193

Objective
Materialize official conference availability source lane and A&M SEC priority

Why This Exists
Preserve the original W12 WBS work unit, its dependencies, outputs, and scoped completion semantics as provenance for post-wave execution.

Scope
Original task type DATA_DESIGN with mutation scope: availability source adapters.

Explicit In Scope
- Original WBS objective and outputs
- Original requirements and acceptance-control mappings
- Original dependency and execution-lane provenance

Explicit Out of Scope
- Reopening completed planning solely to rename it
- Treating a starter/design result as empirically validated production capability

Prerequisites / Dependencies
- Historical dependency TASK-052
- Historical dependency TASK-191
- TASK-052
- TASK-191

Acceptance Criteria
1. Stable ID TASK-193, parent EPIC-009, owner wave W12, and original status DONE are preserved.
2. Declared outputs are traceable to existing repository artifacts where resolvable, or remain recorded as historical output names without fabricating files.
3. Requirement, acceptance-control, and dependency references resolve to authoritative registries.
4. The record does not claim maturity beyond the task's original design, contract, functional-starter, synthetic-validation, or integration scope.

Definition of Done
1. The original historical scope and status are preserved with source evidence and stable identifiers.
2. The record does not claim production maturity beyond the original design, contract, starter, integration, or validation scope.
3. Any remaining empirical, production, target-hardware, or operating obligation is represented by separate actionable post-wave work.

Required Tests / Validation
- EXISTING_AUTOMATED_TEST / EXISTING_AUTOMATED_TEST: tests/test_player_intelligence_governance.py — Run and retain the result when this issue touches the covered contract.
- EXISTING_AUTOMATED_TEST / EXISTING_AUTOMATED_TEST: tests/test_context_intelligence_governance.py — Run and retain the result when this issue touches the covered contract.
- EXISTING_AUTOMATED_TEST / EXISTING_AUTOMATED_TEST: tests/test_team_state_governance.py — Run and retain the result when this issue touches the covered contract.

Required Evidence
- Authoritative WBS row TASK-193
- Existing artifact `official availability adapter/materialization plan`

End-to-End Validation
Historical completion remains scoped; integrated product completion is evaluated only through the post-wave release path.

Stop Conditions
- Stop if completing this record would fabricate real-data, model-metric, source-rights, target-hardware, or operating evidence.

Source References
- SRCREF-00226
- SRCREF-02116
- SRCREF-02117

Governance Traceability Gate:

Canonical Record: jira/records/issues/tasks/TASK-193_materialize_official_conference_availability_source_lane_and_a_and_m_sec_priorit.json",Done,High,data-design;historical;planning-program;w12;wave-completed;local-id-task-193,player-context-intelligence,TASK-193,TASK-193,PHASE-2,DONE,CONTRACT_DEFINED,VERIFIED,W12,false,SOLO_WORKTREE,HISTORICAL_REFERENCE
Task,BAT-329,100297,[TASK-194] Materialize bounded official lower-division strength source design,100006,"Local ID: TASK-194

Objective
Materialize bounded official lower-division strength source design

Why This Exists
Preserve the original W11 WBS work unit, its dependencies, outputs, and scoped completion semantics as provenance for post-wave execution.

Scope
Original task type DATA_DESIGN with mutation scope: lower division source layer.

Explicit In Scope
- Original WBS objective and outputs
- Original requirements and acceptance-control mappings
- Original dependency and execution-lane provenance

Explicit Out of Scope
- Reopening completed planning solely to rename it
- Treating a starter/design result as empirically validated production capability

Prerequisites / Dependencies
- Historical dependency TASK-033
- TASK-033

Acceptance Criteria
1. Stable ID TASK-194, parent EPIC-006, owner wave W11, and original status DONE are preserved.
2. Declared outputs are traceable to existing repository artifacts where resolvable, or remain recorded as historical output names without fabricating files.
3. Requirement, acceptance-control, and dependency references resolve to authoritative registries.
4. The record does not claim maturity beyond the task's original design, contract, functional-starter, synthetic-validation, or integration scope.

Definition of Done
1. The original historical scope and status are preserved with source evidence and stable identifiers.
2. The record does not claim production maturity beyond the original design, contract, starter, integration, or validation scope.
3. Any remaining empirical, production, target-hardware, or operating obligation is represented by separate actionable post-wave work.

Required Tests / Validation
- EXISTING_AUTOMATED_TEST / EXISTING_AUTOMATED_TEST: tests/test_w24_readiness.py — Run and retain the result when this issue touches the covered contract.
- EXISTING_AUTOMATED_TEST / EXISTING_AUTOMATED_TEST: tests/test_w25_final_handoff.py — Run and retain the result when this issue touches the covered contract.
- EXISTING_AUTOMATED_TEST / EXISTING_AUTOMATED_TEST: tools/validate_w24_readiness.py — Run and retain the result when this issue touches the covered contract.
- EXISTING_AUTOMATED_TEST / EXISTING_AUTOMATED_TEST: tools/validate_w25_final.py — Run and retain the result when this issue touches the covered contract.

Required Evidence
- Authoritative WBS row TASK-194
- Existing artifact `NCAA/NAIA/NJCAA strength-source normalization design`

End-to-End Validation
Historical completion remains scoped; integrated product completion is evaluated only through the post-wave release path.

Stop Conditions
- Stop if completing this record would fabricate real-data, model-metric, source-rights, target-hardware, or operating evidence.

Source References
- SRCREF-00227
- SRCREF-02116
- SRCREF-02117

Governance Traceability Gate:

Canonical Record: jira/records/issues/tasks/TASK-194_materialize_bounded_official_lower_division_strength_source_design.json",Done,High,data-design;historical;planning-program;w11;wave-completed;local-id-task-194,release-readiness,TASK-194,TASK-194,PHASE-1,DONE,CONTRACT_DEFINED,VERIFIED,W11,false,SOLO_WORKTREE,HISTORICAL_REFERENCE
Task,BAT-331,100298,[TASK-195] Expand rule-era into effective-dated regulatory environment,100012,"Local ID: TASK-195

Objective
Expand rule-era into effective-dated regulatory environment

Why This Exists
Preserve the original W13 WBS work unit, its dependencies, outputs, and scoped completion semantics as provenance for post-wave execution.

Scope
Original task type DOMAIN_DESIGN with mutation scope: context/rule era.

Explicit In Scope
- Original WBS objective and outputs
- Original requirements and acceptance-control mappings
- Original dependency and execution-lane provenance

Explicit Out of Scope
- Reopening completed planning solely to rename it
- Treating a starter/design result as empirically validated production capability

Prerequisites / Dependencies
- Historical dependency TASK-069
- Historical dependency TASK-190
- TASK-069
- TASK-190

Acceptance Criteria
1. Stable ID TASK-195, parent EPIC-012, owner wave W13, and original status DONE are preserved.
2. Declared outputs are traceable to existing repository artifacts where resolvable, or remain recorded as historical output names without fabricating files.
3. Requirement, acceptance-control, and dependency references resolve to authoritative registries.
4. The record does not claim maturity beyond the task's original design, contract, functional-starter, synthetic-validation, or integration scope.

Definition of Done
1. The original historical scope and status are preserved with source evidence and stable identifiers.
2. The record does not claim production maturity beyond the original design, contract, starter, integration, or validation scope.
3. Any remaining empirical, production, target-hardware, or operating obligation is represented by separate actionable post-wave work.

Required Tests / Validation
- EXISTING_AUTOMATED_TEST / EXISTING_AUTOMATED_TEST: tests/test_w24_readiness.py — Run and retain the result when this issue touches the covered contract.
- EXISTING_AUTOMATED_TEST / EXISTING_AUTOMATED_TEST: tests/test_w25_final_handoff.py — Run and retain the result when this issue touches the covered contract.
- EXISTING_AUTOMATED_TEST / EXISTING_AUTOMATED_TEST: tools/validate_w24_readiness.py — Run and retain the result when this issue touches the covered contract.
- EXISTING_AUTOMATED_TEST / EXISTING_AUTOMATED_TEST: tools/validate_w25_final.py — Run and retain the result when this issue touches the covered contract.

Required Evidence
- Authoritative WBS row TASK-195
- Existing artifact `regulatory environment contract`

End-to-End Validation
Historical completion remains scoped; integrated product completion is evaluated only through the post-wave release path.

Stop Conditions
- Stop if completing this record would fabricate real-data, model-metric, source-rights, target-hardware, or operating evidence.

Source References
- SRCREF-00228
- SRCREF-02116
- SRCREF-02117

Governance Traceability Gate:

Canonical Record: jira/records/issues/tasks/TASK-195_expand_rule_era_into_effective_dated_regulatory_environment.json",Done,High,domain-design;historical;planning-program;w13;wave-completed;local-id-task-195,release-readiness,TASK-195,TASK-195,PHASE-2,DONE,CONTRACT_DEFINED,VERIFIED,W13,false,SHARED_CONTRACT,HISTORICAL_REFERENCE
Task,BAT-333,100299,[TASK-196] Evaluate timestamped market snapshot provider lane,100022,"Local ID: TASK-196

Objective
Evaluate timestamped market snapshot provider lane

Why This Exists
Preserve the original W16-W17 WBS work unit, its dependencies, outputs, and scoped completion semantics as provenance for post-wave execution.

Scope
Original task type EXPERIMENT_DESIGN with mutation scope: market augmented lane.

Explicit In Scope
- Original WBS objective and outputs
- Original requirements and acceptance-control mappings
- Original dependency and execution-lane provenance

Explicit Out of Scope
- Reopening completed planning solely to rename it
- Treating a starter/design result as empirically validated production capability

Prerequisites / Dependencies
- Historical dependency TASK-125
- TASK-125

Acceptance Criteria
1. Stable ID TASK-196, parent EPIC-022, owner wave W16-W17, and original status DONE are preserved.
2. Declared outputs are traceable to existing repository artifacts where resolvable, or remain recorded as historical output names without fabricating files.
3. Requirement, acceptance-control, and dependency references resolve to authoritative registries.
4. The record does not claim maturity beyond the task's original design, contract, functional-starter, synthetic-validation, or integration scope.

Definition of Done
1. The original historical scope and status are preserved with source evidence and stable identifiers.
2. The record does not claim production maturity beyond the original design, contract, starter, integration, or validation scope.
3. Any remaining empirical, production, target-hardware, or operating obligation is represented by separate actionable post-wave work.

Required Tests / Validation
- EXISTING_AUTOMATED_TEST / EXISTING_AUTOMATED_TEST: tests/test_temporal_governance.py — Run and retain the result when this issue touches the covered contract.
- EXISTING_AUTOMATED_TEST / EXISTING_AUTOMATED_TEST: tests/test_w24_readiness.py — Run and retain the result when this issue touches the covered contract.
- EXISTING_AUTOMATED_TEST / EXISTING_AUTOMATED_TEST: tools/validate_temporal.py — Run and retain the result when this issue touches the covered contract.
- EXISTING_AUTOMATED_TEST / EXISTING_AUTOMATED_TEST: tools/validate_w24_readiness.py — Run and retain the result when this issue touches the covered contract.

Required Evidence
- Authoritative WBS row TASK-196
- Existing artifact `market source comparison + PIT fixture plan`

End-to-End Validation
Historical completion remains scoped; integrated product completion is evaluated only through the post-wave release path.

Stop Conditions
- Stop if completing this record would fabricate real-data, model-metric, source-rights, target-hardware, or operating evidence.

Source References
- SRCREF-00229
- SRCREF-02116
- SRCREF-02117

Governance Traceability Gate:

Canonical Record: jira/records/issues/tasks/TASK-196_evaluate_timestamped_market_snapshot_provider_lane.json",Done,Medium,experiment-design;historical;planning-program;w16-w17;wave-completed;local-id-task-196,pit-temporal,TASK-196,TASK-196,PHASE-4,DONE,CONTRACT_DEFINED,VERIFIED,W16-W17,false,RESEARCH_LANE,HISTORICAL_REFERENCE
Task,BAT-335,100300,[TASK-197] Add upstream provenance and access/license fields to source registry,100004,"Local ID: TASK-197

Objective
Add upstream provenance and access/license fields to source registry

Why This Exists
Preserve the original W09 WBS work unit, its dependencies, outputs, and scoped completion semantics as provenance for post-wave execution.

Scope
Original task type DATA_GOVERNANCE with mutation scope: feature/source registry.

Explicit In Scope
- Original WBS objective and outputs
- Original requirements and acceptance-control mappings
- Original dependency and execution-lane provenance

Explicit Out of Scope
- Reopening completed planning solely to rename it
- Treating a starter/design result as empirically validated production capability

Prerequisites / Dependencies
- Historical dependency TASK-023
- Historical dependency TASK-190
- TASK-023
- TASK-190

Acceptance Criteria
1. Stable ID TASK-197, parent EPIC-004, owner wave W09, and original status DONE are preserved.
2. Declared outputs are traceable to existing repository artifacts where resolvable, or remain recorded as historical output names without fabricating files.
3. Requirement, acceptance-control, and dependency references resolve to authoritative registries.
4. The record does not claim maturity beyond the task's original design, contract, functional-starter, synthetic-validation, or integration scope.

Definition of Done
1. The original historical scope and status are preserved with source evidence and stable identifiers.
2. The record does not claim production maturity beyond the original design, contract, starter, integration, or validation scope.
3. Any remaining empirical, production, target-hardware, or operating obligation is represented by separate actionable post-wave work.

Required Tests / Validation
- EXISTING_AUTOMATED_TEST / EXISTING_AUTOMATED_TEST: tests/test_data_research.py — Run and retain the result when this issue touches the covered contract.
- EXISTING_AUTOMATED_TEST / EXISTING_AUTOMATED_TEST: tools/validate_data_research.py — Run and retain the result when this issue touches the covered contract.
- EXISTING_AUTOMATED_TEST / EXISTING_AUTOMATED_TEST: tools/validate_repository.py — Run and retain the result when this issue touches the covered contract.

Required Evidence
- Authoritative WBS row TASK-197
- Existing artifact `source/upstream/license registry schema`

End-to-End Validation
Historical completion remains scoped; integrated product completion is evaluated only through the post-wave release path.

Stop Conditions
- Stop if completing this record would fabricate real-data, model-metric, source-rights, target-hardware, or operating evidence.

Source References
- SRCREF-00230
- SRCREF-02116
- SRCREF-02117

Governance Traceability Gate:

Canonical Record: jira/records/issues/tasks/TASK-197_add_upstream_provenance_and_access_license_fields_to_source_registry.json",Done,High,data-governance;historical;planning-program;w09;wave-completed;local-id-task-197,data-sources,TASK-197,TASK-197,PHASE-1,DONE,CONTRACT_DEFINED,VERIFIED,W09,false,SHARED_CONTRACT,HISTORICAL_REFERENCE
Task,BAT-347,100301,[TASK-198] Define private-school resource proxy lane without football-spend fabrication,100012,"Local ID: TASK-198

Objective
Define private-school resource proxy lane without football-spend fabrication

Why This Exists
Preserve the original W13 WBS work unit, its dependencies, outputs, and scoped completion semantics as provenance for post-wave execution.

Scope
Original task type RESEARCH_DESIGN with mutation scope: resource context.

Explicit In Scope
- Original WBS objective and outputs
- Original requirements and acceptance-control mappings
- Original dependency and execution-lane provenance

Explicit Out of Scope
- Reopening completed planning solely to rename it
- Treating a starter/design result as empirically validated production capability

Prerequisites / Dependencies
- Historical dependency TASK-067
- TASK-067

Acceptance Criteria
1. Stable ID TASK-198, parent EPIC-012, owner wave W13, and original status DONE are preserved.
2. Declared outputs are traceable to existing repository artifacts where resolvable, or remain recorded as historical output names without fabricating files.
3. Requirement, acceptance-control, and dependency references resolve to authoritative registries.
4. The record does not claim maturity beyond the task's original design, contract, functional-starter, synthetic-validation, or integration scope.

Definition of Done
1. The original historical scope and status are preserved with source evidence and stable identifiers.
2. The record does not claim production maturity beyond the original design, contract, starter, integration, or validation scope.
3. Any remaining empirical, production, target-hardware, or operating obligation is represented by separate actionable post-wave work.

Required Tests / Validation
- EXISTING_AUTOMATED_TEST / EXISTING_AUTOMATED_TEST: tests/test_w24_readiness.py — Run and retain the result when this issue touches the covered contract.
- EXISTING_AUTOMATED_TEST / EXISTING_AUTOMATED_TEST: tests/test_w25_final_handoff.py — Run and retain the result when this issue touches the covered contract.
- EXISTING_AUTOMATED_TEST / EXISTING_AUTOMATED_TEST: tools/validate_w24_readiness.py — Run and retain the result when this issue touches the covered contract.
- EXISTING_AUTOMATED_TEST / EXISTING_AUTOMATED_TEST: tools/validate_w25_final.py — Run and retain the result when this issue touches the covered contract.

Required Evidence
- Authoritative WBS row TASK-198
- Existing artifact `private-resource proxy semantics/experiment`

End-to-End Validation
Historical completion remains scoped; integrated product completion is evaluated only through the post-wave release path.

Stop Conditions
- Stop if completing this record would fabricate real-data, model-metric, source-rights, target-hardware, or operating evidence.

Source References
- SRCREF-00231
- SRCREF-02116
- SRCREF-02117

Governance Traceability Gate:

Canonical Record: jira/records/issues/tasks/TASK-198_define_private_school_resource_proxy_lane_without_football_spend_fabrication.json",Done,Medium,historical;planning-program;research-design;w13;wave-completed;local-id-task-198,release-readiness,TASK-198,TASK-198,PHASE-2,DONE,CONTRACT_DEFINED,VERIFIED,W13,false,RESEARCH_LANE,HISTORICAL_REFERENCE
Task,BAT-348,100302,[TASK-199] Refresh official availability/weather/rules/vendor source landscape against W06,100031,"Local ID: TASK-199

Objective
Refresh official availability/weather/rules/vendor source landscape against W06

Why This Exists
Preserve the original W24 WBS work unit, its dependencies, outputs, and scoped completion semantics as provenance for post-wave execution.

Scope
Original task type RESEARCH with mutation scope: source refresh.

Explicit In Scope
- Original WBS objective and outputs
- Original requirements and acceptance-control mappings
- Original dependency and execution-lane provenance

Explicit Out of Scope
- Reopening completed planning solely to rename it
- Treating a starter/design result as empirically validated production capability

Prerequisites / Dependencies
- Historical dependency TASK-175
- TASK-175

Acceptance Criteria
1. Stable ID TASK-199, parent EPIC-031, owner wave W24, and original status DONE are preserved.
2. Declared outputs are traceable to existing repository artifacts where resolvable, or remain recorded as historical output names without fabricating files.
3. Requirement, acceptance-control, and dependency references resolve to authoritative registries.
4. The record does not claim maturity beyond the task's original design, contract, functional-starter, synthetic-validation, or integration scope.

Definition of Done
1. The original historical scope and status are preserved with source evidence and stable identifiers.
2. The record does not claim production maturity beyond the original design, contract, starter, integration, or validation scope.
3. Any remaining empirical, production, target-hardware, or operating obligation is represented by separate actionable post-wave work.

Required Tests / Validation
- EXISTING_AUTOMATED_TEST / EXISTING_AUTOMATED_TEST: tests/test_player_intelligence_governance.py — Run and retain the result when this issue touches the covered contract.
- EXISTING_AUTOMATED_TEST / EXISTING_AUTOMATED_TEST: tests/test_context_intelligence_governance.py — Run and retain the result when this issue touches the covered contract.
- EXISTING_AUTOMATED_TEST / EXISTING_AUTOMATED_TEST: tests/test_team_state_governance.py — Run and retain the result when this issue touches the covered contract.

Required Evidence
- Authoritative WBS row TASK-199
- Existing artifact `W24 delta against W06 data universe`

End-to-End Validation
Historical completion remains scoped; integrated product completion is evaluated only through the post-wave release path.

Stop Conditions
- Stop if completing this record would fabricate real-data, model-metric, source-rights, target-hardware, or operating evidence.

Source References
- SRCREF-00232
- SRCREF-02116
- SRCREF-02117

Governance Traceability Gate:

Canonical Record: jira/records/issues/tasks/TASK-199_refresh_official_availability_weather_rules_vendor_source_landscape_against_w06.json",Done,High,historical;planning-program;research;w24;wave-completed;local-id-task-199,player-context-intelligence,TASK-199,TASK-199,PHASE-5,DONE,INTEGRATED,VERIFIED,W24,false,RESEARCH_LANE,HISTORICAL_REFERENCE
Task,BAT-349,100303,[TASK-200] Audit transfer/recruiting upstream rights and snapshot semantics,100010,"Local ID: TASK-200

Objective
Audit transfer/recruiting upstream rights and snapshot semantics

Why This Exists
Preserve the original W12 WBS work unit, its dependencies, outputs, and scoped completion semantics as provenance for post-wave execution.

Scope
Original task type DATA_GOVERNANCE with mutation scope: transfer/recruiting.

Explicit In Scope
- Original WBS objective and outputs
- Original requirements and acceptance-control mappings
- Original dependency and execution-lane provenance

Explicit Out of Scope
- Reopening completed planning solely to rename it
- Treating a starter/design result as empirically validated production capability

Prerequisites / Dependencies
- Historical dependency TASK-054
- Historical dependency TASK-197
- TASK-054
- TASK-197

Acceptance Criteria
1. Stable ID TASK-200, parent EPIC-010, owner wave W12, and original status DONE are preserved.
2. Declared outputs are traceable to existing repository artifacts where resolvable, or remain recorded as historical output names without fabricating files.
3. Requirement, acceptance-control, and dependency references resolve to authoritative registries.
4. The record does not claim maturity beyond the task's original design, contract, functional-starter, synthetic-validation, or integration scope.

Definition of Done
1. The original historical scope and status are preserved with source evidence and stable identifiers.
2. The record does not claim production maturity beyond the original design, contract, starter, integration, or validation scope.
3. Any remaining empirical, production, target-hardware, or operating obligation is represented by separate actionable post-wave work.

Required Tests / Validation
- EXISTING_AUTOMATED_TEST / EXISTING_AUTOMATED_TEST: tests/test_player_intelligence_governance.py — Run and retain the result when this issue touches the covered contract.
- EXISTING_AUTOMATED_TEST / EXISTING_AUTOMATED_TEST: tests/test_context_intelligence_governance.py — Run and retain the result when this issue touches the covered contract.
- EXISTING_AUTOMATED_TEST / EXISTING_AUTOMATED_TEST: tests/test_team_state_governance.py — Run and retain the result when this issue touches the covered contract.

Required Evidence
- Authoritative WBS row TASK-200
- Existing artifact `transfer/recruiting source provenance decision`

End-to-End Validation
Historical completion remains scoped; integrated product completion is evaluated only through the post-wave release path.

Stop Conditions
- Stop if completing this record would fabricate real-data, model-metric, source-rights, target-hardware, or operating evidence.

Source References
- SRCREF-00233
- SRCREF-02116
- SRCREF-02117

Governance Traceability Gate:

Canonical Record: jira/records/issues/tasks/TASK-200_audit_transfer_recruiting_upstream_rights_and_snapshot_semantics.json",Done,High,data-governance;historical;planning-program;w12;wave-completed;local-id-task-200,player-context-intelligence,TASK-200,TASK-200,PHASE-2,DONE,CONTRACT_DEFINED,VERIFIED,W12,false,RESEARCH_LANE,HISTORICAL_REFERENCE
Task,BAT-350,100304,[TASK-201] Resolve officiating assignment gap/fallback policy before feature experiments,100014,"Local ID: TASK-201

Objective
Resolve officiating assignment gap/fallback policy before feature experiments

Why This Exists
Preserve the original W13 WBS work unit, its dependencies, outputs, and scoped completion semantics as provenance for post-wave execution.

Scope
Original task type RESEARCH_DESIGN with mutation scope: officiating experimental lane.

Explicit In Scope
- Original WBS objective and outputs
- Original requirements and acceptance-control mappings
- Original dependency and execution-lane provenance

Explicit Out of Scope
- Reopening completed planning solely to rename it
- Treating a starter/design result as empirically validated production capability

Prerequisites / Dependencies
- Historical dependency TASK-081
- TASK-081

Acceptance Criteria
1. Stable ID TASK-201, parent EPIC-014, owner wave W13, and original status DONE are preserved.
2. Declared outputs are traceable to existing repository artifacts where resolvable, or remain recorded as historical output names without fabricating files.
3. Requirement, acceptance-control, and dependency references resolve to authoritative registries.
4. The record does not claim maturity beyond the task's original design, contract, functional-starter, synthetic-validation, or integration scope.

Definition of Done
1. The original historical scope and status are preserved with source evidence and stable identifiers.
2. The record does not claim production maturity beyond the original design, contract, starter, integration, or validation scope.
3. Any remaining empirical, production, target-hardware, or operating obligation is represented by separate actionable post-wave work.

Required Tests / Validation
- EXISTING_AUTOMATED_TEST / EXISTING_AUTOMATED_TEST: tests/test_feature_registry_governance.py — Run and retain the result when this issue touches the covered contract.
- EXISTING_AUTOMATED_TEST / EXISTING_AUTOMATED_TEST: tests/test_feature_lifecycle_governance.py — Run and retain the result when this issue touches the covered contract.
- EXISTING_AUTOMATED_TEST / EXISTING_AUTOMATED_TEST: tests/test_feature_tournament_full.py — Run and retain the result when this issue touches the covered contract.

Required Evidence
- Authoritative WBS row TASK-201
- Existing artifact `officiating source/gap decision`

End-to-End Validation
Historical completion remains scoped; integrated product completion is evaluated only through the post-wave release path.

Stop Conditions
- Stop if completing this record would fabricate real-data, model-metric, source-rights, target-hardware, or operating evidence.

Source References
- SRCREF-00234
- SRCREF-02116
- SRCREF-02117

Governance Traceability Gate:

Canonical Record: jira/records/issues/tasks/TASK-201_resolve_officiating_assignment_gap_fallback_policy_before_feature_experiments.json",Done,Medium,historical;planning-program;research-design;w13;wave-completed;local-id-task-201,feature-engineering,TASK-201,TASK-201,PHASE-2,DONE,CONTRACT_DEFINED,VERIFIED,W13,false,RESEARCH_LANE,HISTORICAL_REFERENCE
