candidate_seed_id,raw_field_id,source_id,source,dataset_or_model,field_path,feature_family,temporal_class,handoff_state,candidate_lane,transform_templates,initial_lifecycle_state,production_approved,target_policy,notes
FC-000001,RF-000001,SRC-001,SportsDataverse,play_by_play,game_play_number,other,HISTORICAL_AGGREGATE_ONLY,PIT_HISTORICAL_AGGREGATION_INPUT,PURE_AND_MARKET_ELIGIBLE,LAGGED_LAST;ROLLING_MEAN_COUNT;EWMA;LINEAR_TREND,EXPERIMENTAL,false,TARGET_SPECIFIC_EVALUATION_REQUIRED,W10 candidate seed only; no predictive usefulness or promotion is claimed.
FC-000002,RF-000003,SRC-001,SportsDataverse,play_by_play,sequenceNumber,other,HISTORICAL_AGGREGATE_ONLY,PIT_HISTORICAL_AGGREGATION_INPUT,PURE_AND_MARKET_ELIGIBLE,LAGGED_LAST;ROLLING_MEAN_COUNT;EWMA;LINEAR_TREND,EXPERIMENTAL,false,TARGET_SPECIFIC_EVALUATION_REQUIRED,W10 candidate seed only; no predictive usefulness or promotion is claimed.
FC-000003,RF-000004,SRC-001,SportsDataverse,play_by_play,text,other,HISTORICAL_AGGREGATE_ONLY,PIT_HISTORICAL_AGGREGATION_INPUT,PURE_AND_MARKET_ELIGIBLE,LAGGED_LAST;ROLLING_MEAN_COUNT;EWMA;LINEAR_TREND,EXPERIMENTAL,false,TARGET_SPECIFIC_EVALUATION_REQUIRED,W10 candidate seed only; no predictive usefulness or promotion is claimed.
FC-000004,RF-000007,SRC-001,SportsDataverse,play_by_play,scoringPlay,other,HISTORICAL_AGGREGATE_ONLY,PIT_HISTORICAL_AGGREGATION_INPUT,PURE_AND_MARKET_ELIGIBLE,LAGGED_LAST;ROLLING_MEAN_COUNT;EWMA;LINEAR_TREND,EXPERIMENTAL,false,TARGET_SPECIFIC_EVALUATION_REQUIRED,W10 candidate seed only; no predictive usefulness or promotion is claimed.
FC-000005,RF-000008,SRC-001,SportsDataverse,play_by_play,priority,other,HISTORICAL_AGGREGATE_ONLY,PIT_HISTORICAL_AGGREGATION_INPUT,PURE_AND_MARKET_ELIGIBLE,LAGGED_LAST;ROLLING_MEAN_COUNT;EWMA;LINEAR_TREND,EXPERIMENTAL,false,TARGET_SPECIFIC_EVALUATION_REQUIRED,W10 candidate seed only; no predictive usefulness or promotion is claimed.
FC-000006,RF-000009,SRC-001,SportsDataverse,play_by_play,modified,other,HISTORICAL_AGGREGATE_ONLY,PIT_HISTORICAL_AGGREGATION_INPUT,PURE_AND_MARKET_ELIGIBLE,LAGGED_LAST;ROLLING_MEAN_COUNT;EWMA;LINEAR_TREND,EXPERIMENTAL,false,TARGET_SPECIFIC_EVALUATION_REQUIRED,W10 candidate seed only; no predictive usefulness or promotion is claimed.
FC-000007,RF-000010,SRC-001,SportsDataverse,play_by_play,wallclock,game_state_tempo_clock,HISTORICAL_AGGREGATE_ONLY,PIT_HISTORICAL_AGGREGATION_INPUT,PURE_AND_MARKET_ELIGIBLE,LAGGED_LAST;ROLLING_MEAN_COUNT;EWMA;LINEAR_TREND;RATE_PER_OPPORTUNITY;OPPONENT_ADJUSTED_RESIDUAL;MATCHUP_DIFFERENCE,EXPERIMENTAL,false,TARGET_SPECIFIC_EVALUATION_REQUIRED,W10 candidate seed only; no predictive usefulness or promotion is claimed.
FC-000008,RF-000012,SRC-001,SportsDataverse,play_by_play,isPenalty,penalties,HISTORICAL_AGGREGATE_ONLY,PIT_HISTORICAL_AGGREGATION_INPUT,PURE_AND_MARKET_ELIGIBLE,LAGGED_LAST;ROLLING_MEAN_COUNT;EWMA;LINEAR_TREND;RATE_PER_OPPORTUNITY;OPPONENT_ADJUSTED_RESIDUAL;MATCHUP_DIFFERENCE,EXPERIMENTAL,false,TARGET_SPECIFIC_EVALUATION_REQUIRED,W10 candidate seed only; no predictive usefulness or promotion is claimed.
FC-000009,RF-000013,SRC-001,SportsDataverse,play_by_play,statYardage,situational_field_position,HISTORICAL_AGGREGATE_ONLY,PIT_HISTORICAL_AGGREGATION_INPUT,PURE_AND_MARKET_ELIGIBLE,LAGGED_LAST;ROLLING_MEAN_COUNT;EWMA;LINEAR_TREND;RATE_PER_OPPORTUNITY;OPPONENT_ADJUSTED_RESIDUAL;MATCHUP_DIFFERENCE,EXPERIMENTAL,false,TARGET_SPECIFIC_EVALUATION_REQUIRED,W10 candidate seed only; no predictive usefulness or promotion is claimed.
FC-000010,RF-000014,SRC-001,SportsDataverse,play_by_play,isTurnover,turnovers,HISTORICAL_AGGREGATE_ONLY,PIT_HISTORICAL_AGGREGATION_INPUT,PURE_AND_MARKET_ELIGIBLE,LAGGED_LAST;ROLLING_MEAN_COUNT;EWMA;LINEAR_TREND;RATE_PER_OPPORTUNITY;OPPONENT_ADJUSTED_RESIDUAL;MATCHUP_DIFFERENCE,EXPERIMENTAL,false,TARGET_SPECIFIC_EVALUATION_REQUIRED,W10 candidate seed only; no predictive usefulness or promotion is claimed.
FC-000011,RF-000015,SRC-001,SportsDataverse,play_by_play,type.id,other,HISTORICAL_AGGREGATE_ONLY,PIT_HISTORICAL_AGGREGATION_INPUT,PURE_AND_MARKET_ELIGIBLE,LAGGED_LAST;ROLLING_MEAN_COUNT;EWMA;LINEAR_TREND,EXPERIMENTAL,false,TARGET_SPECIFIC_EVALUATION_REQUIRED,W10 candidate seed only; no predictive usefulness or promotion is claimed.
FC-000012,RF-000016,SRC-001,SportsDataverse,play_by_play,type.text,other,HISTORICAL_AGGREGATE_ONLY,PIT_HISTORICAL_AGGREGATION_INPUT,PURE_AND_MARKET_ELIGIBLE,LAGGED_LAST;ROLLING_MEAN_COUNT;EWMA;LINEAR_TREND,EXPERIMENTAL,false,TARGET_SPECIFIC_EVALUATION_REQUIRED,W10 candidate seed only; no predictive usefulness or promotion is claimed.
FC-000013,RF-000018,SRC-001,SportsDataverse,play_by_play,period.number,game_state_tempo_clock,HISTORICAL_AGGREGATE_ONLY,PIT_HISTORICAL_AGGREGATION_INPUT,PURE_AND_MARKET_ELIGIBLE,LAGGED_LAST;ROLLING_MEAN_COUNT;EWMA;LINEAR_TREND;RATE_PER_OPPORTUNITY;OPPONENT_ADJUSTED_RESIDUAL;MATCHUP_DIFFERENCE,EXPERIMENTAL,false,TARGET_SPECIFIC_EVALUATION_REQUIRED,W10 candidate seed only; no predictive usefulness or promotion is claimed.
FC-000014,RF-000019,SRC-001,SportsDataverse,play_by_play,clock.displayValue,game_state_tempo_clock,HISTORICAL_AGGREGATE_ONLY,PIT_HISTORICAL_AGGREGATION_INPUT,PURE_AND_MARKET_ELIGIBLE,LAGGED_LAST;ROLLING_MEAN_COUNT;EWMA;LINEAR_TREND;RATE_PER_OPPORTUNITY;OPPONENT_ADJUSTED_RESIDUAL;MATCHUP_DIFFERENCE,EXPERIMENTAL,false,TARGET_SPECIFIC_EVALUATION_REQUIRED,W10 candidate seed only; no predictive usefulness or promotion is claimed.
FC-000015,RF-000020,SRC-001,SportsDataverse,play_by_play,start.down,situational_field_position,HISTORICAL_AGGREGATE_ONLY,PIT_HISTORICAL_AGGREGATION_INPUT,PURE_AND_MARKET_ELIGIBLE,LAGGED_LAST;ROLLING_MEAN_COUNT;EWMA;LINEAR_TREND;RATE_PER_OPPORTUNITY;OPPONENT_ADJUSTED_RESIDUAL;MATCHUP_DIFFERENCE,EXPERIMENTAL,false,TARGET_SPECIFIC_EVALUATION_REQUIRED,W10 candidate seed only; no predictive usefulness or promotion is claimed.
FC-000016,RF-000021,SRC-001,SportsDataverse,play_by_play,start.distance,situational_field_position,HISTORICAL_AGGREGATE_ONLY,PIT_HISTORICAL_AGGREGATION_INPUT,PURE_AND_MARKET_ELIGIBLE,LAGGED_LAST;ROLLING_MEAN_COUNT;EWMA;LINEAR_TREND;RATE_PER_OPPORTUNITY;OPPONENT_ADJUSTED_RESIDUAL;MATCHUP_DIFFERENCE,EXPERIMENTAL,false,TARGET_SPECIFIC_EVALUATION_REQUIRED,W10 candidate seed only; no predictive usefulness or promotion is claimed.
FC-000017,RF-000022,SRC-001,SportsDataverse,play_by_play,start.yardLine,situational_field_position,HISTORICAL_AGGREGATE_ONLY,PIT_HISTORICAL_AGGREGATION_INPUT,PURE_AND_MARKET_ELIGIBLE,LAGGED_LAST;ROLLING_MEAN_COUNT;EWMA;LINEAR_TREND;RATE_PER_OPPORTUNITY;OPPONENT_ADJUSTED_RESIDUAL;MATCHUP_DIFFERENCE,EXPERIMENTAL,false,TARGET_SPECIFIC_EVALUATION_REQUIRED,W10 candidate seed only; no predictive usefulness or promotion is claimed.
FC-000018,RF-000023,SRC-001,SportsDataverse,play_by_play,start.yardsToEndzone,situational_field_position,HISTORICAL_AGGREGATE_ONLY,PIT_HISTORICAL_AGGREGATION_INPUT,PURE_AND_MARKET_ELIGIBLE,LAGGED_LAST;ROLLING_MEAN_COUNT;EWMA;LINEAR_TREND;RATE_PER_OPPORTUNITY;OPPONENT_ADJUSTED_RESIDUAL;MATCHUP_DIFFERENCE,EXPERIMENTAL,false,TARGET_SPECIFIC_EVALUATION_REQUIRED,W10 candidate seed only; no predictive usefulness or promotion is claimed.
FC-000019,RF-000024,SRC-001,SportsDataverse,play_by_play,start.downDistanceText,situational_field_position,HISTORICAL_AGGREGATE_ONLY,PIT_HISTORICAL_AGGREGATION_INPUT,PURE_AND_MARKET_ELIGIBLE,LAGGED_LAST;ROLLING_MEAN_COUNT;EWMA;LINEAR_TREND;RATE_PER_OPPORTUNITY;OPPONENT_ADJUSTED_RESIDUAL;MATCHUP_DIFFERENCE,EXPERIMENTAL,false,TARGET_SPECIFIC_EVALUATION_REQUIRED,W10 candidate seed only; no predictive usefulness or promotion is claimed.
FC-000020,RF-000025,SRC-001,SportsDataverse,play_by_play,start.shortDownDistanceText,situational_field_position,HISTORICAL_AGGREGATE_ONLY,PIT_HISTORICAL_AGGREGATION_INPUT,PURE_AND_MARKET_ELIGIBLE,LAGGED_LAST;ROLLING_MEAN_COUNT;EWMA;LINEAR_TREND;RATE_PER_OPPORTUNITY;OPPONENT_ADJUSTED_RESIDUAL;MATCHUP_DIFFERENCE,EXPERIMENTAL,false,TARGET_SPECIFIC_EVALUATION_REQUIRED,W10 candidate seed only; no predictive usefulness or promotion is claimed.
FC-000021,RF-000026,SRC-001,SportsDataverse,play_by_play,start.possessionText,other,HISTORICAL_AGGREGATE_ONLY,PIT_HISTORICAL_AGGREGATION_INPUT,PURE_AND_MARKET_ELIGIBLE,LAGGED_LAST;ROLLING_MEAN_COUNT;EWMA;LINEAR_TREND,EXPERIMENTAL,false,TARGET_SPECIFIC_EVALUATION_REQUIRED,W10 candidate seed only; no predictive usefulness or promotion is claimed.
FC-000022,RF-000028,SRC-001,SportsDataverse,play_by_play,end.down,situational_field_position,HISTORICAL_AGGREGATE_ONLY,PIT_HISTORICAL_AGGREGATION_INPUT,PURE_AND_MARKET_ELIGIBLE,LAGGED_LAST;ROLLING_MEAN_COUNT;EWMA;LINEAR_TREND;RATE_PER_OPPORTUNITY;OPPONENT_ADJUSTED_RESIDUAL;MATCHUP_DIFFERENCE,EXPERIMENTAL,false,TARGET_SPECIFIC_EVALUATION_REQUIRED,W10 candidate seed only; no predictive usefulness or promotion is claimed.
FC-000023,RF-000039,SRC-001,SportsDataverse,play_by_play,pointAfterAttempt.id,other,HISTORICAL_AGGREGATE_ONLY,PIT_HISTORICAL_AGGREGATION_INPUT,PURE_AND_MARKET_ELIGIBLE,LAGGED_LAST;ROLLING_MEAN_COUNT;EWMA;LINEAR_TREND,EXPERIMENTAL,false,TARGET_SPECIFIC_EVALUATION_REQUIRED,W10 candidate seed only; no predictive usefulness or promotion is claimed.
FC-000024,RF-000040,SRC-001,SportsDataverse,play_by_play,pointAfterAttempt.text,other,HISTORICAL_AGGREGATE_ONLY,PIT_HISTORICAL_AGGREGATION_INPUT,PURE_AND_MARKET_ELIGIBLE,LAGGED_LAST;ROLLING_MEAN_COUNT;EWMA;LINEAR_TREND,EXPERIMENTAL,false,TARGET_SPECIFIC_EVALUATION_REQUIRED,W10 candidate seed only; no predictive usefulness or promotion is claimed.
FC-000025,RF-000042,SRC-001,SportsDataverse,play_by_play,pointAfterAttempt.value,other,HISTORICAL_AGGREGATE_ONLY,PIT_HISTORICAL_AGGREGATION_INPUT,PURE_AND_MARKET_ELIGIBLE,LAGGED_LAST;ROLLING_MEAN_COUNT;EWMA;LINEAR_TREND,EXPERIMENTAL,false,TARGET_SPECIFIC_EVALUATION_REQUIRED,W10 candidate seed only; no predictive usefulness or promotion is claimed.
FC-000026,RF-000043,SRC-001,SportsDataverse,play_by_play,drive.id,drives_field_position,HISTORICAL_AGGREGATE_ONLY,PIT_HISTORICAL_AGGREGATION_INPUT,PURE_AND_MARKET_ELIGIBLE,LAGGED_LAST;ROLLING_MEAN_COUNT;EWMA;LINEAR_TREND;RATE_PER_OPPORTUNITY;OPPONENT_ADJUSTED_RESIDUAL;MATCHUP_DIFFERENCE,EXPERIMENTAL,false,TARGET_SPECIFIC_EVALUATION_REQUIRED,W10 candidate seed only; no predictive usefulness or promotion is claimed.
FC-000027,RF-000044,SRC-001,SportsDataverse,play_by_play,drive.displayResult,drives_field_position,HISTORICAL_AGGREGATE_ONLY,PIT_HISTORICAL_AGGREGATION_INPUT,PURE_AND_MARKET_ELIGIBLE,LAGGED_LAST;ROLLING_MEAN_COUNT;EWMA;LINEAR_TREND;RATE_PER_OPPORTUNITY;OPPONENT_ADJUSTED_RESIDUAL;MATCHUP_DIFFERENCE,EXPERIMENTAL,false,TARGET_SPECIFIC_EVALUATION_REQUIRED,W10 candidate seed only; no predictive usefulness or promotion is claimed.
FC-000028,RF-000045,SRC-001,SportsDataverse,play_by_play,drive.isScore,drives_field_position,HISTORICAL_AGGREGATE_ONLY,PIT_HISTORICAL_AGGREGATION_INPUT,PURE_AND_MARKET_ELIGIBLE,LAGGED_LAST;ROLLING_MEAN_COUNT;EWMA;LINEAR_TREND;RATE_PER_OPPORTUNITY;OPPONENT_ADJUSTED_RESIDUAL;MATCHUP_DIFFERENCE,EXPERIMENTAL,false,TARGET_SPECIFIC_EVALUATION_REQUIRED,W10 candidate seed only; no predictive usefulness or promotion is claimed.
FC-000029,RF-000046,SRC-001,SportsDataverse,play_by_play,drive.team.shortDisplayName,drives_field_position,HISTORICAL_AGGREGATE_ONLY,PIT_HISTORICAL_AGGREGATION_INPUT,PURE_AND_MARKET_ELIGIBLE,LAGGED_LAST;ROLLING_MEAN_COUNT;EWMA;LINEAR_TREND;RATE_PER_OPPORTUNITY;OPPONENT_ADJUSTED_RESIDUAL;MATCHUP_DIFFERENCE,EXPERIMENTAL,false,TARGET_SPECIFIC_EVALUATION_REQUIRED,W10 candidate seed only; no predictive usefulness or promotion is claimed.
FC-000030,RF-000047,SRC-001,SportsDataverse,play_by_play,drive.team.displayName,drives_field_position,HISTORICAL_AGGREGATE_ONLY,PIT_HISTORICAL_AGGREGATION_INPUT,PURE_AND_MARKET_ELIGIBLE,LAGGED_LAST;ROLLING_MEAN_COUNT;EWMA;LINEAR_TREND;RATE_PER_OPPORTUNITY;OPPONENT_ADJUSTED_RESIDUAL;MATCHUP_DIFFERENCE,EXPERIMENTAL,false,TARGET_SPECIFIC_EVALUATION_REQUIRED,W10 candidate seed only; no predictive usefulness or promotion is claimed.
FC-000031,RF-000048,SRC-001,SportsDataverse,play_by_play,drive.team.name,drives_field_position,HISTORICAL_AGGREGATE_ONLY,PIT_HISTORICAL_AGGREGATION_INPUT,PURE_AND_MARKET_ELIGIBLE,LAGGED_LAST;ROLLING_MEAN_COUNT;EWMA;LINEAR_TREND;RATE_PER_OPPORTUNITY;OPPONENT_ADJUSTED_RESIDUAL;MATCHUP_DIFFERENCE,EXPERIMENTAL,false,TARGET_SPECIFIC_EVALUATION_REQUIRED,W10 candidate seed only; no predictive usefulness or promotion is claimed.
FC-000032,RF-000049,SRC-001,SportsDataverse,play_by_play,drive.team.abbreviation,drives_field_position,HISTORICAL_AGGREGATE_ONLY,PIT_HISTORICAL_AGGREGATION_INPUT,PURE_AND_MARKET_ELIGIBLE,LAGGED_LAST;ROLLING_MEAN_COUNT;EWMA;LINEAR_TREND;RATE_PER_OPPORTUNITY;OPPONENT_ADJUSTED_RESIDUAL;MATCHUP_DIFFERENCE,EXPERIMENTAL,false,TARGET_SPECIFIC_EVALUATION_REQUIRED,W10 candidate seed only; no predictive usefulness or promotion is claimed.
FC-000033,RF-000050,SRC-001,SportsDataverse,play_by_play,drive.yards,drives_field_position,HISTORICAL_AGGREGATE_ONLY,PIT_HISTORICAL_AGGREGATION_INPUT,PURE_AND_MARKET_ELIGIBLE,LAGGED_LAST;ROLLING_MEAN_COUNT;EWMA;LINEAR_TREND;RATE_PER_OPPORTUNITY;OPPONENT_ADJUSTED_RESIDUAL;MATCHUP_DIFFERENCE,EXPERIMENTAL,false,TARGET_SPECIFIC_EVALUATION_REQUIRED,W10 candidate seed only; no predictive usefulness or promotion is claimed.
FC-000034,RF-000051,SRC-001,SportsDataverse,play_by_play,drive.offensivePlays,drives_field_position,HISTORICAL_AGGREGATE_ONLY,PIT_HISTORICAL_AGGREGATION_INPUT,PURE_AND_MARKET_ELIGIBLE,LAGGED_LAST;ROLLING_MEAN_COUNT;EWMA;LINEAR_TREND;RATE_PER_OPPORTUNITY;OPPONENT_ADJUSTED_RESIDUAL;MATCHUP_DIFFERENCE,EXPERIMENTAL,false,TARGET_SPECIFIC_EVALUATION_REQUIRED,W10 candidate seed only; no predictive usefulness or promotion is claimed.
FC-000035,RF-000052,SRC-001,SportsDataverse,play_by_play,drive.result,drives_field_position,HISTORICAL_AGGREGATE_ONLY,PIT_HISTORICAL_AGGREGATION_INPUT,PURE_AND_MARKET_ELIGIBLE,LAGGED_LAST;ROLLING_MEAN_COUNT;EWMA;LINEAR_TREND;RATE_PER_OPPORTUNITY;OPPONENT_ADJUSTED_RESIDUAL;MATCHUP_DIFFERENCE,EXPERIMENTAL,false,TARGET_SPECIFIC_EVALUATION_REQUIRED,W10 candidate seed only; no predictive usefulness or promotion is claimed.
FC-000036,RF-000053,SRC-001,SportsDataverse,play_by_play,drive.description,drives_field_position,HISTORICAL_AGGREGATE_ONLY,PIT_HISTORICAL_AGGREGATION_INPUT,PURE_AND_MARKET_ELIGIBLE,LAGGED_LAST;ROLLING_MEAN_COUNT;EWMA;LINEAR_TREND;RATE_PER_OPPORTUNITY;OPPONENT_ADJUSTED_RESIDUAL;MATCHUP_DIFFERENCE,EXPERIMENTAL,false,TARGET_SPECIFIC_EVALUATION_REQUIRED,W10 candidate seed only; no predictive usefulness or promotion is claimed.
FC-000037,RF-000054,SRC-001,SportsDataverse,play_by_play,drive.shortDisplayResult,drives_field_position,HISTORICAL_AGGREGATE_ONLY,PIT_HISTORICAL_AGGREGATION_INPUT,PURE_AND_MARKET_ELIGIBLE,LAGGED_LAST;ROLLING_MEAN_COUNT;EWMA;LINEAR_TREND;RATE_PER_OPPORTUNITY;OPPONENT_ADJUSTED_RESIDUAL;MATCHUP_DIFFERENCE,EXPERIMENTAL,false,TARGET_SPECIFIC_EVALUATION_REQUIRED,W10 candidate seed only; no predictive usefulness or promotion is claimed.
FC-000038,RF-000055,SRC-001,SportsDataverse,play_by_play,drive.timeElapsed.displayValue,drives_field_position,HISTORICAL_AGGREGATE_ONLY,PIT_HISTORICAL_AGGREGATION_INPUT,PURE_AND_MARKET_ELIGIBLE,LAGGED_LAST;ROLLING_MEAN_COUNT;EWMA;LINEAR_TREND;RATE_PER_OPPORTUNITY;OPPONENT_ADJUSTED_RESIDUAL;MATCHUP_DIFFERENCE,EXPERIMENTAL,false,TARGET_SPECIFIC_EVALUATION_REQUIRED,W10 candidate seed only; no predictive usefulness or promotion is claimed.
FC-000039,RF-000056,SRC-001,SportsDataverse,play_by_play,drive.start.period.number,drives_field_position,HISTORICAL_AGGREGATE_ONLY,PIT_HISTORICAL_AGGREGATION_INPUT,PURE_AND_MARKET_ELIGIBLE,LAGGED_LAST;ROLLING_MEAN_COUNT;EWMA;LINEAR_TREND;RATE_PER_OPPORTUNITY;OPPONENT_ADJUSTED_RESIDUAL;MATCHUP_DIFFERENCE,EXPERIMENTAL,false,TARGET_SPECIFIC_EVALUATION_REQUIRED,W10 candidate seed only; no predictive usefulness or promotion is claimed.
FC-000040,RF-000057,SRC-001,SportsDataverse,play_by_play,drive.start.period.type,drives_field_position,HISTORICAL_AGGREGATE_ONLY,PIT_HISTORICAL_AGGREGATION_INPUT,PURE_AND_MARKET_ELIGIBLE,LAGGED_LAST;ROLLING_MEAN_COUNT;EWMA;LINEAR_TREND;RATE_PER_OPPORTUNITY;OPPONENT_ADJUSTED_RESIDUAL;MATCHUP_DIFFERENCE,EXPERIMENTAL,false,TARGET_SPECIFIC_EVALUATION_REQUIRED,W10 candidate seed only; no predictive usefulness or promotion is claimed.
FC-000041,RF-000058,SRC-001,SportsDataverse,play_by_play,drive.start.yardLine,drives_field_position,HISTORICAL_AGGREGATE_ONLY,PIT_HISTORICAL_AGGREGATION_INPUT,PURE_AND_MARKET_ELIGIBLE,LAGGED_LAST;ROLLING_MEAN_COUNT;EWMA;LINEAR_TREND;RATE_PER_OPPORTUNITY;OPPONENT_ADJUSTED_RESIDUAL;MATCHUP_DIFFERENCE,EXPERIMENTAL,false,TARGET_SPECIFIC_EVALUATION_REQUIRED,W10 candidate seed only; no predictive usefulness or promotion is claimed.
FC-000042,RF-000059,SRC-001,SportsDataverse,play_by_play,drive.start.clock.displayValue,drives_field_position,HISTORICAL_AGGREGATE_ONLY,PIT_HISTORICAL_AGGREGATION_INPUT,PURE_AND_MARKET_ELIGIBLE,LAGGED_LAST;ROLLING_MEAN_COUNT;EWMA;LINEAR_TREND;RATE_PER_OPPORTUNITY;OPPONENT_ADJUSTED_RESIDUAL;MATCHUP_DIFFERENCE,EXPERIMENTAL,false,TARGET_SPECIFIC_EVALUATION_REQUIRED,W10 candidate seed only; no predictive usefulness or promotion is claimed.
FC-000043,RF-000060,SRC-001,SportsDataverse,play_by_play,drive.start.text,drives_field_position,HISTORICAL_AGGREGATE_ONLY,PIT_HISTORICAL_AGGREGATION_INPUT,PURE_AND_MARKET_ELIGIBLE,LAGGED_LAST;ROLLING_MEAN_COUNT;EWMA;LINEAR_TREND;RATE_PER_OPPORTUNITY;OPPONENT_ADJUSTED_RESIDUAL;MATCHUP_DIFFERENCE,EXPERIMENTAL,false,TARGET_SPECIFIC_EVALUATION_REQUIRED,W10 candidate seed only; no predictive usefulness or promotion is claimed.
FC-000044,RF-000061,SRC-001,SportsDataverse,play_by_play,drive.end.period.number,drives_field_position,HISTORICAL_AGGREGATE_ONLY,PIT_HISTORICAL_AGGREGATION_INPUT,PURE_AND_MARKET_ELIGIBLE,LAGGED_LAST;ROLLING_MEAN_COUNT;EWMA;LINEAR_TREND;RATE_PER_OPPORTUNITY;OPPONENT_ADJUSTED_RESIDUAL;MATCHUP_DIFFERENCE,EXPERIMENTAL,false,TARGET_SPECIFIC_EVALUATION_REQUIRED,W10 candidate seed only; no predictive usefulness or promotion is claimed.
FC-000045,RF-000062,SRC-001,SportsDataverse,play_by_play,drive.end.period.type,drives_field_position,HISTORICAL_AGGREGATE_ONLY,PIT_HISTORICAL_AGGREGATION_INPUT,PURE_AND_MARKET_ELIGIBLE,LAGGED_LAST;ROLLING_MEAN_COUNT;EWMA;LINEAR_TREND;RATE_PER_OPPORTUNITY;OPPONENT_ADJUSTED_RESIDUAL;MATCHUP_DIFFERENCE,EXPERIMENTAL,false,TARGET_SPECIFIC_EVALUATION_REQUIRED,W10 candidate seed only; no predictive usefulness or promotion is claimed.
FC-000046,RF-000063,SRC-001,SportsDataverse,play_by_play,drive.end.yardLine,drives_field_position,HISTORICAL_AGGREGATE_ONLY,PIT_HISTORICAL_AGGREGATION_INPUT,PURE_AND_MARKET_ELIGIBLE,LAGGED_LAST;ROLLING_MEAN_COUNT;EWMA;LINEAR_TREND;RATE_PER_OPPORTUNITY;OPPONENT_ADJUSTED_RESIDUAL;MATCHUP_DIFFERENCE,EXPERIMENTAL,false,TARGET_SPECIFIC_EVALUATION_REQUIRED,W10 candidate seed only; no predictive usefulness or promotion is claimed.
FC-000047,RF-000064,SRC-001,SportsDataverse,play_by_play,drive.end.clock.displayValue,drives_field_position,HISTORICAL_AGGREGATE_ONLY,PIT_HISTORICAL_AGGREGATION_INPUT,PURE_AND_MARKET_ELIGIBLE,LAGGED_LAST;ROLLING_MEAN_COUNT;EWMA;LINEAR_TREND;RATE_PER_OPPORTUNITY;OPPONENT_ADJUSTED_RESIDUAL;MATCHUP_DIFFERENCE,EXPERIMENTAL,false,TARGET_SPECIFIC_EVALUATION_REQUIRED,W10 candidate seed only; no predictive usefulness or promotion is claimed.
FC-000048,RF-000066,SRC-001,SportsDataverse,play_by_play,season,other,HISTORICAL_AGGREGATE_ONLY,PIT_HISTORICAL_AGGREGATION_INPUT,PURE_AND_MARKET_ELIGIBLE,LAGGED_LAST;ROLLING_MEAN_COUNT;EWMA;LINEAR_TREND,EXPERIMENTAL,false,TARGET_SPECIFIC_EVALUATION_REQUIRED,W10 candidate seed only; no predictive usefulness or promotion is claimed.
FC-000049,RF-000067,SRC-001,SportsDataverse,play_by_play,seasonType,other,HISTORICAL_AGGREGATE_ONLY,PIT_HISTORICAL_AGGREGATION_INPUT,PURE_AND_MARKET_ELIGIBLE,LAGGED_LAST;ROLLING_MEAN_COUNT;EWMA;LINEAR_TREND,EXPERIMENTAL,false,TARGET_SPECIFIC_EVALUATION_REQUIRED,W10 candidate seed only; no predictive usefulness or promotion is claimed.
FC-000050,RF-000068,SRC-001,SportsDataverse,play_by_play,week,other,HISTORICAL_AGGREGATE_ONLY,PIT_HISTORICAL_AGGREGATION_INPUT,PURE_AND_MARKET_ELIGIBLE,LAGGED_LAST;ROLLING_MEAN_COUNT;EWMA;LINEAR_TREND,EXPERIMENTAL,false,TARGET_SPECIFIC_EVALUATION_REQUIRED,W10 candidate seed only; no predictive usefulness or promotion is claimed.
FC-000051,RF-000069,SRC-001,SportsDataverse,play_by_play,status_type_completed,other,HISTORICAL_AGGREGATE_ONLY,PIT_HISTORICAL_AGGREGATION_INPUT,PURE_AND_MARKET_ELIGIBLE,LAGGED_LAST;ROLLING_MEAN_COUNT;EWMA;LINEAR_TREND,EXPERIMENTAL,false,TARGET_SPECIFIC_EVALUATION_REQUIRED,W10 candidate seed only; no predictive usefulness or promotion is claimed.
FC-000052,RF-000080,SRC-001,SportsDataverse,play_by_play,gameSpread,market_betting,HISTORICAL_AGGREGATE_ONLY,PIT_HISTORICAL_AGGREGATION_INPUT,MARKET_AUGMENTED_ONLY,ASOF_VALUE;PRIOR_CHANGE,EXPERIMENTAL,false,TARGET_SPECIFIC_EVALUATION_REQUIRED,W10 candidate seed only; no predictive usefulness or promotion is claimed.
FC-000053,RF-000081,SRC-001,SportsDataverse,play_by_play,homeFavorite,other,HISTORICAL_AGGREGATE_ONLY,PIT_HISTORICAL_AGGREGATION_INPUT,PURE_AND_MARKET_ELIGIBLE,LAGGED_LAST;ROLLING_MEAN_COUNT;EWMA;LINEAR_TREND,EXPERIMENTAL,false,TARGET_SPECIFIC_EVALUATION_REQUIRED,W10 candidate seed only; no predictive usefulness or promotion is claimed.
FC-000054,RF-000082,SRC-001,SportsDataverse,play_by_play,gameSpreadAvailable,market_betting,HISTORICAL_AGGREGATE_ONLY,PIT_HISTORICAL_AGGREGATION_INPUT,MARKET_AUGMENTED_ONLY,ASOF_VALUE;PRIOR_CHANGE,EXPERIMENTAL,false,TARGET_SPECIFIC_EVALUATION_REQUIRED,W10 candidate seed only; no predictive usefulness or promotion is claimed.
FC-000055,RF-000083,SRC-001,SportsDataverse,play_by_play,overUnder,market_betting,HISTORICAL_AGGREGATE_ONLY,PIT_HISTORICAL_AGGREGATION_INPUT,MARKET_AUGMENTED_ONLY,ASOF_VALUE;PRIOR_CHANGE,EXPERIMENTAL,false,TARGET_SPECIFIC_EVALUATION_REQUIRED,W10 candidate seed only; no predictive usefulness or promotion is claimed.
FC-000056,RF-000084,SRC-001,SportsDataverse,play_by_play,homeTeamSpread,market_betting,HISTORICAL_AGGREGATE_ONLY,PIT_HISTORICAL_AGGREGATION_INPUT,MARKET_AUGMENTED_ONLY,ASOF_VALUE;PRIOR_CHANGE,EXPERIMENTAL,false,TARGET_SPECIFIC_EVALUATION_REQUIRED,W10 candidate seed only; no predictive usefulness or promotion is claimed.
FC-000057,RF-000085,SRC-001,SportsDataverse,play_by_play,clock.minutes,game_state_tempo_clock,HISTORICAL_AGGREGATE_ONLY,PIT_HISTORICAL_AGGREGATION_INPUT,PURE_AND_MARKET_ELIGIBLE,LAGGED_LAST;ROLLING_MEAN_COUNT;EWMA;LINEAR_TREND;RATE_PER_OPPORTUNITY;OPPONENT_ADJUSTED_RESIDUAL;MATCHUP_DIFFERENCE,EXPERIMENTAL,false,TARGET_SPECIFIC_EVALUATION_REQUIRED,W10 candidate seed only; no predictive usefulness or promotion is claimed.
FC-000058,RF-000086,SRC-001,SportsDataverse,play_by_play,clock.seconds,game_state_tempo_clock,HISTORICAL_AGGREGATE_ONLY,PIT_HISTORICAL_AGGREGATION_INPUT,PURE_AND_MARKET_ELIGIBLE,LAGGED_LAST;ROLLING_MEAN_COUNT;EWMA;LINEAR_TREND;RATE_PER_OPPORTUNITY;OPPONENT_ADJUSTED_RESIDUAL;MATCHUP_DIFFERENCE,EXPERIMENTAL,false,TARGET_SPECIFIC_EVALUATION_REQUIRED,W10 candidate seed only; no predictive usefulness or promotion is claimed.
FC-000059,RF-000087,SRC-001,SportsDataverse,play_by_play,half,game_state_tempo_clock,HISTORICAL_AGGREGATE_ONLY,PIT_HISTORICAL_AGGREGATION_INPUT,PURE_AND_MARKET_ELIGIBLE,LAGGED_LAST;ROLLING_MEAN_COUNT;EWMA;LINEAR_TREND;RATE_PER_OPPORTUNITY;OPPONENT_ADJUSTED_RESIDUAL;MATCHUP_DIFFERENCE,EXPERIMENTAL,false,TARGET_SPECIFIC_EVALUATION_REQUIRED,W10 candidate seed only; no predictive usefulness or promotion is claimed.
FC-000060,RF-000088,SRC-001,SportsDataverse,play_by_play,lag_half,game_state_tempo_clock,HISTORICAL_AGGREGATE_ONLY,PIT_HISTORICAL_AGGREGATION_INPUT,PURE_AND_MARKET_ELIGIBLE,LAGGED_LAST;ROLLING_MEAN_COUNT;EWMA;LINEAR_TREND;RATE_PER_OPPORTUNITY;OPPONENT_ADJUSTED_RESIDUAL;MATCHUP_DIFFERENCE,EXPERIMENTAL,false,TARGET_SPECIFIC_EVALUATION_REQUIRED,W10 candidate seed only; no predictive usefulness or promotion is claimed.
FC-000061,RF-000089,SRC-001,SportsDataverse,play_by_play,lead_half,game_state_tempo_clock,HISTORICAL_AGGREGATE_ONLY,PIT_HISTORICAL_AGGREGATION_INPUT,PURE_AND_MARKET_ELIGIBLE,LAGGED_LAST;ROLLING_MEAN_COUNT;EWMA;LINEAR_TREND;RATE_PER_OPPORTUNITY;OPPONENT_ADJUSTED_RESIDUAL;MATCHUP_DIFFERENCE,EXPERIMENTAL,false,TARGET_SPECIFIC_EVALUATION_REQUIRED,W10 candidate seed only; no predictive usefulness or promotion is claimed.
FC-000062,RF-000090,SRC-001,SportsDataverse,play_by_play,start.TimeSecsRem,game_state_tempo_clock,HISTORICAL_AGGREGATE_ONLY,PIT_HISTORICAL_AGGREGATION_INPUT,PURE_AND_MARKET_ELIGIBLE,LAGGED_LAST;ROLLING_MEAN_COUNT;EWMA;LINEAR_TREND;RATE_PER_OPPORTUNITY;OPPONENT_ADJUSTED_RESIDUAL;MATCHUP_DIFFERENCE,EXPERIMENTAL,false,TARGET_SPECIFIC_EVALUATION_REQUIRED,W10 candidate seed only; no predictive usefulness or promotion is claimed.
FC-000063,RF-000091,SRC-001,SportsDataverse,play_by_play,start.adj_TimeSecsRem,game_state_tempo_clock,HISTORICAL_AGGREGATE_ONLY,PIT_HISTORICAL_AGGREGATION_INPUT,PURE_AND_MARKET_ELIGIBLE,LAGGED_LAST;ROLLING_MEAN_COUNT;EWMA;LINEAR_TREND;RATE_PER_OPPORTUNITY;OPPONENT_ADJUSTED_RESIDUAL;MATCHUP_DIFFERENCE,EXPERIMENTAL,false,TARGET_SPECIFIC_EVALUATION_REQUIRED,W10 candidate seed only; no predictive usefulness or promotion is claimed.
FC-000064,RF-000092,SRC-001,SportsDataverse,play_by_play,orig_play_type,other,HISTORICAL_AGGREGATE_ONLY,PIT_HISTORICAL_AGGREGATION_INPUT,PURE_AND_MARKET_ELIGIBLE,LAGGED_LAST;ROLLING_MEAN_COUNT;EWMA;LINEAR_TREND,EXPERIMENTAL,false,TARGET_SPECIFIC_EVALUATION_REQUIRED,W10 candidate seed only; no predictive usefulness or promotion is claimed.
FC-000065,RF-000093,SRC-001,SportsDataverse,play_by_play,lead_text,other,HISTORICAL_AGGREGATE_ONLY,PIT_HISTORICAL_AGGREGATION_INPUT,PURE_AND_MARKET_ELIGIBLE,LAGGED_LAST;ROLLING_MEAN_COUNT;EWMA;LINEAR_TREND,EXPERIMENTAL,false,TARGET_SPECIFIC_EVALUATION_REQUIRED,W10 candidate seed only; no predictive usefulness or promotion is claimed.
FC-000066,RF-000095,SRC-001,SportsDataverse,play_by_play,lead_start_yardsToEndzone,situational_field_position,HISTORICAL_AGGREGATE_ONLY,PIT_HISTORICAL_AGGREGATION_INPUT,PURE_AND_MARKET_ELIGIBLE,LAGGED_LAST;ROLLING_MEAN_COUNT;EWMA;LINEAR_TREND;RATE_PER_OPPORTUNITY;OPPONENT_ADJUSTED_RESIDUAL;MATCHUP_DIFFERENCE,EXPERIMENTAL,false,TARGET_SPECIFIC_EVALUATION_REQUIRED,W10 candidate seed only; no predictive usefulness or promotion is claimed.
FC-000067,RF-000096,SRC-001,SportsDataverse,play_by_play,lead_start_down,situational_field_position,HISTORICAL_AGGREGATE_ONLY,PIT_HISTORICAL_AGGREGATION_INPUT,PURE_AND_MARKET_ELIGIBLE,LAGGED_LAST;ROLLING_MEAN_COUNT;EWMA;LINEAR_TREND;RATE_PER_OPPORTUNITY;OPPONENT_ADJUSTED_RESIDUAL;MATCHUP_DIFFERENCE,EXPERIMENTAL,false,TARGET_SPECIFIC_EVALUATION_REQUIRED,W10 candidate seed only; no predictive usefulness or promotion is claimed.
FC-000068,RF-000097,SRC-001,SportsDataverse,play_by_play,lead_start_distance,situational_field_position,HISTORICAL_AGGREGATE_ONLY,PIT_HISTORICAL_AGGREGATION_INPUT,PURE_AND_MARKET_ELIGIBLE,LAGGED_LAST;ROLLING_MEAN_COUNT;EWMA;LINEAR_TREND;RATE_PER_OPPORTUNITY;OPPONENT_ADJUSTED_RESIDUAL;MATCHUP_DIFFERENCE,EXPERIMENTAL,false,TARGET_SPECIFIC_EVALUATION_REQUIRED,W10 candidate seed only; no predictive usefulness or promotion is claimed.
FC-000069,RF-000098,SRC-001,SportsDataverse,play_by_play,lead_scoringPlay,other,HISTORICAL_AGGREGATE_ONLY,PIT_HISTORICAL_AGGREGATION_INPUT,PURE_AND_MARKET_ELIGIBLE,LAGGED_LAST;ROLLING_MEAN_COUNT;EWMA;LINEAR_TREND,EXPERIMENTAL,false,TARGET_SPECIFIC_EVALUATION_REQUIRED,W10 candidate seed only; no predictive usefulness or promotion is claimed.
FC-000070,RF-000099,SRC-001,SportsDataverse,play_by_play,text_dupe,other,HISTORICAL_AGGREGATE_ONLY,PIT_HISTORICAL_AGGREGATION_INPUT,PURE_AND_MARKET_ELIGIBLE,LAGGED_LAST;ROLLING_MEAN_COUNT;EWMA;LINEAR_TREND,EXPERIMENTAL,false,TARGET_SPECIFIC_EVALUATION_REQUIRED,W10 candidate seed only; no predictive usefulness or promotion is claimed.
FC-000071,RF-000108,SRC-001,SportsDataverse,play_by_play,start.is_home,other,HISTORICAL_AGGREGATE_ONLY,PIT_HISTORICAL_AGGREGATION_INPUT,PURE_AND_MARKET_ELIGIBLE,LAGGED_LAST;ROLLING_MEAN_COUNT;EWMA;LINEAR_TREND,EXPERIMENTAL,false,TARGET_SPECIFIC_EVALUATION_REQUIRED,W10 candidate seed only; no predictive usefulness or promotion is claimed.
FC-000072,RF-000110,SRC-001,SportsDataverse,play_by_play,homeTimeoutCalled,game_state_tempo_clock,HISTORICAL_AGGREGATE_ONLY,PIT_HISTORICAL_AGGREGATION_INPUT,PURE_AND_MARKET_ELIGIBLE,LAGGED_LAST;ROLLING_MEAN_COUNT;EWMA;LINEAR_TREND;RATE_PER_OPPORTUNITY;OPPONENT_ADJUSTED_RESIDUAL;MATCHUP_DIFFERENCE,EXPERIMENTAL,false,TARGET_SPECIFIC_EVALUATION_REQUIRED,W10 candidate seed only; no predictive usefulness or promotion is claimed.
FC-000073,RF-000111,SRC-001,SportsDataverse,play_by_play,awayTimeoutCalled,game_state_tempo_clock,HISTORICAL_AGGREGATE_ONLY,PIT_HISTORICAL_AGGREGATION_INPUT,PURE_AND_MARKET_ELIGIBLE,LAGGED_LAST;ROLLING_MEAN_COUNT;EWMA;LINEAR_TREND;RATE_PER_OPPORTUNITY;OPPONENT_ADJUSTED_RESIDUAL;MATCHUP_DIFFERENCE,EXPERIMENTAL,false,TARGET_SPECIFIC_EVALUATION_REQUIRED,W10 candidate seed only; no predictive usefulness or promotion is claimed.
FC-000074,RF-000114,SRC-001,SportsDataverse,play_by_play,start.homeTeamTimeouts,game_state_tempo_clock,HISTORICAL_AGGREGATE_ONLY,PIT_HISTORICAL_AGGREGATION_INPUT,PURE_AND_MARKET_ELIGIBLE,LAGGED_LAST;ROLLING_MEAN_COUNT;EWMA;LINEAR_TREND;RATE_PER_OPPORTUNITY;OPPONENT_ADJUSTED_RESIDUAL;MATCHUP_DIFFERENCE,EXPERIMENTAL,false,TARGET_SPECIFIC_EVALUATION_REQUIRED,W10 candidate seed only; no predictive usefulness or promotion is claimed.
FC-000075,RF-000115,SRC-001,SportsDataverse,play_by_play,start.awayTeamTimeouts,game_state_tempo_clock,HISTORICAL_AGGREGATE_ONLY,PIT_HISTORICAL_AGGREGATION_INPUT,PURE_AND_MARKET_ELIGIBLE,LAGGED_LAST;ROLLING_MEAN_COUNT;EWMA;LINEAR_TREND;RATE_PER_OPPORTUNITY;OPPONENT_ADJUSTED_RESIDUAL;MATCHUP_DIFFERENCE,EXPERIMENTAL,false,TARGET_SPECIFIC_EVALUATION_REQUIRED,W10 candidate seed only; no predictive usefulness or promotion is claimed.
FC-000076,RF-000118,SRC-001,SportsDataverse,play_by_play,start.posTeamTimeouts,game_state_tempo_clock,HISTORICAL_AGGREGATE_ONLY,PIT_HISTORICAL_AGGREGATION_INPUT,PURE_AND_MARKET_ELIGIBLE,LAGGED_LAST;ROLLING_MEAN_COUNT;EWMA;LINEAR_TREND;RATE_PER_OPPORTUNITY;OPPONENT_ADJUSTED_RESIDUAL;MATCHUP_DIFFERENCE,EXPERIMENTAL,false,TARGET_SPECIFIC_EVALUATION_REQUIRED,W10 candidate seed only; no predictive usefulness or promotion is claimed.
FC-000077,RF-000119,SRC-001,SportsDataverse,play_by_play,start.defPosTeamTimeouts,game_state_tempo_clock,HISTORICAL_AGGREGATE_ONLY,PIT_HISTORICAL_AGGREGATION_INPUT,PURE_AND_MARKET_ELIGIBLE,LAGGED_LAST;ROLLING_MEAN_COUNT;EWMA;LINEAR_TREND;RATE_PER_OPPORTUNITY;OPPONENT_ADJUSTED_RESIDUAL;MATCHUP_DIFFERENCE,EXPERIMENTAL,false,TARGET_SPECIFIC_EVALUATION_REQUIRED,W10 candidate seed only; no predictive usefulness or promotion is claimed.
FC-000078,RF-000122,SRC-001,SportsDataverse,play_by_play,firstHalfKickoffTeamId,special_teams,HISTORICAL_AGGREGATE_ONLY,PIT_HISTORICAL_AGGREGATION_INPUT,PURE_AND_MARKET_ELIGIBLE,LAGGED_LAST;ROLLING_MEAN_COUNT;EWMA;LINEAR_TREND;RATE_PER_OPPORTUNITY;OPPONENT_ADJUSTED_RESIDUAL;MATCHUP_DIFFERENCE,EXPERIMENTAL,false,TARGET_SPECIFIC_EVALUATION_REQUIRED,W10 candidate seed only; no predictive usefulness or promotion is claimed.
FC-000079,RF-000123,SRC-001,SportsDataverse,play_by_play,period,game_state_tempo_clock,HISTORICAL_AGGREGATE_ONLY,PIT_HISTORICAL_AGGREGATION_INPUT,PURE_AND_MARKET_ELIGIBLE,LAGGED_LAST;ROLLING_MEAN_COUNT;EWMA;LINEAR_TREND;RATE_PER_OPPORTUNITY;OPPONENT_ADJUSTED_RESIDUAL;MATCHUP_DIFFERENCE,EXPERIMENTAL,false,TARGET_SPECIFIC_EVALUATION_REQUIRED,W10 candidate seed only; no predictive usefulness or promotion is claimed.
FC-000080,RF-000124,SRC-001,SportsDataverse,play_by_play,start.yard,situational_field_position,HISTORICAL_AGGREGATE_ONLY,PIT_HISTORICAL_AGGREGATION_INPUT,PURE_AND_MARKET_ELIGIBLE,LAGGED_LAST;ROLLING_MEAN_COUNT;EWMA;LINEAR_TREND;RATE_PER_OPPORTUNITY;OPPONENT_ADJUSTED_RESIDUAL;MATCHUP_DIFFERENCE,EXPERIMENTAL,false,TARGET_SPECIFIC_EVALUATION_REQUIRED,W10 candidate seed only; no predictive usefulness or promotion is claimed.
FC-000081,RF-000126,SRC-001,SportsDataverse,play_by_play,lag_scoringPlay,other,HISTORICAL_AGGREGATE_ONLY,PIT_HISTORICAL_AGGREGATION_INPUT,PURE_AND_MARKET_ELIGIBLE,LAGGED_LAST;ROLLING_MEAN_COUNT;EWMA;LINEAR_TREND,EXPERIMENTAL,false,TARGET_SPECIFIC_EVALUATION_REQUIRED,W10 candidate seed only; no predictive usefulness or promotion is claimed.
FC-000082,RF-000127,SRC-001,SportsDataverse,play_by_play,end_of_half,game_state_tempo_clock,HISTORICAL_AGGREGATE_ONLY,PIT_HISTORICAL_AGGREGATION_INPUT,PURE_AND_MARKET_ELIGIBLE,LAGGED_LAST;ROLLING_MEAN_COUNT;EWMA;LINEAR_TREND;RATE_PER_OPPORTUNITY;OPPONENT_ADJUSTED_RESIDUAL;MATCHUP_DIFFERENCE,EXPERIMENTAL,false,TARGET_SPECIFIC_EVALUATION_REQUIRED,W10 candidate seed only; no predictive usefulness or promotion is claimed.
FC-000083,RF-000128,SRC-001,SportsDataverse,play_by_play,down_1,situational_field_position,HISTORICAL_AGGREGATE_ONLY,PIT_HISTORICAL_AGGREGATION_INPUT,PURE_AND_MARKET_ELIGIBLE,LAGGED_LAST;ROLLING_MEAN_COUNT;EWMA;LINEAR_TREND;RATE_PER_OPPORTUNITY;OPPONENT_ADJUSTED_RESIDUAL;MATCHUP_DIFFERENCE,EXPERIMENTAL,false,TARGET_SPECIFIC_EVALUATION_REQUIRED,W10 candidate seed only; no predictive usefulness or promotion is claimed.
FC-000084,RF-000129,SRC-001,SportsDataverse,play_by_play,down_2,situational_field_position,HISTORICAL_AGGREGATE_ONLY,PIT_HISTORICAL_AGGREGATION_INPUT,PURE_AND_MARKET_ELIGIBLE,LAGGED_LAST;ROLLING_MEAN_COUNT;EWMA;LINEAR_TREND;RATE_PER_OPPORTUNITY;OPPONENT_ADJUSTED_RESIDUAL;MATCHUP_DIFFERENCE,EXPERIMENTAL,false,TARGET_SPECIFIC_EVALUATION_REQUIRED,W10 candidate seed only; no predictive usefulness or promotion is claimed.
FC-000085,RF-000130,SRC-001,SportsDataverse,play_by_play,down_3,situational_field_position,HISTORICAL_AGGREGATE_ONLY,PIT_HISTORICAL_AGGREGATION_INPUT,PURE_AND_MARKET_ELIGIBLE,LAGGED_LAST;ROLLING_MEAN_COUNT;EWMA;LINEAR_TREND;RATE_PER_OPPORTUNITY;OPPONENT_ADJUSTED_RESIDUAL;MATCHUP_DIFFERENCE,EXPERIMENTAL,false,TARGET_SPECIFIC_EVALUATION_REQUIRED,W10 candidate seed only; no predictive usefulness or promotion is claimed.
FC-000086,RF-000131,SRC-001,SportsDataverse,play_by_play,down_4,situational_field_position,HISTORICAL_AGGREGATE_ONLY,PIT_HISTORICAL_AGGREGATION_INPUT,PURE_AND_MARKET_ELIGIBLE,LAGGED_LAST;ROLLING_MEAN_COUNT;EWMA;LINEAR_TREND;RATE_PER_OPPORTUNITY;OPPONENT_ADJUSTED_RESIDUAL;MATCHUP_DIFFERENCE,EXPERIMENTAL,false,TARGET_SPECIFIC_EVALUATION_REQUIRED,W10 candidate seed only; no predictive usefulness or promotion is claimed.
FC-000087,RF-000132,SRC-001,SportsDataverse,play_by_play,down_1_end,situational_field_position,HISTORICAL_AGGREGATE_ONLY,PIT_HISTORICAL_AGGREGATION_INPUT,PURE_AND_MARKET_ELIGIBLE,LAGGED_LAST;ROLLING_MEAN_COUNT;EWMA;LINEAR_TREND;RATE_PER_OPPORTUNITY;OPPONENT_ADJUSTED_RESIDUAL;MATCHUP_DIFFERENCE,EXPERIMENTAL,false,TARGET_SPECIFIC_EVALUATION_REQUIRED,W10 candidate seed only; no predictive usefulness or promotion is claimed.
FC-000088,RF-000133,SRC-001,SportsDataverse,play_by_play,down_2_end,situational_field_position,HISTORICAL_AGGREGATE_ONLY,PIT_HISTORICAL_AGGREGATION_INPUT,PURE_AND_MARKET_ELIGIBLE,LAGGED_LAST;ROLLING_MEAN_COUNT;EWMA;LINEAR_TREND;RATE_PER_OPPORTUNITY;OPPONENT_ADJUSTED_RESIDUAL;MATCHUP_DIFFERENCE,EXPERIMENTAL,false,TARGET_SPECIFIC_EVALUATION_REQUIRED,W10 candidate seed only; no predictive usefulness or promotion is claimed.
FC-000089,RF-000134,SRC-001,SportsDataverse,play_by_play,down_3_end,situational_field_position,HISTORICAL_AGGREGATE_ONLY,PIT_HISTORICAL_AGGREGATION_INPUT,PURE_AND_MARKET_ELIGIBLE,LAGGED_LAST;ROLLING_MEAN_COUNT;EWMA;LINEAR_TREND;RATE_PER_OPPORTUNITY;OPPONENT_ADJUSTED_RESIDUAL;MATCHUP_DIFFERENCE,EXPERIMENTAL,false,TARGET_SPECIFIC_EVALUATION_REQUIRED,W10 candidate seed only; no predictive usefulness or promotion is claimed.
FC-000090,RF-000135,SRC-001,SportsDataverse,play_by_play,down_4_end,situational_field_position,HISTORICAL_AGGREGATE_ONLY,PIT_HISTORICAL_AGGREGATION_INPUT,PURE_AND_MARKET_ELIGIBLE,LAGGED_LAST;ROLLING_MEAN_COUNT;EWMA;LINEAR_TREND;RATE_PER_OPPORTUNITY;OPPONENT_ADJUSTED_RESIDUAL;MATCHUP_DIFFERENCE,EXPERIMENTAL,false,TARGET_SPECIFIC_EVALUATION_REQUIRED,W10 candidate seed only; no predictive usefulness or promotion is claimed.
FC-000091,RF-000136,SRC-001,SportsDataverse,play_by_play,scoring_play,other,HISTORICAL_AGGREGATE_ONLY,PIT_HISTORICAL_AGGREGATION_INPUT,PURE_AND_MARKET_ELIGIBLE,LAGGED_LAST;ROLLING_MEAN_COUNT;EWMA;LINEAR_TREND,EXPERIMENTAL,false,TARGET_SPECIFIC_EVALUATION_REQUIRED,W10 candidate seed only; no predictive usefulness or promotion is claimed.
FC-000092,RF-000137,SRC-001,SportsDataverse,play_by_play,td_play,other,HISTORICAL_AGGREGATE_ONLY,PIT_HISTORICAL_AGGREGATION_INPUT,PURE_AND_MARKET_ELIGIBLE,LAGGED_LAST;ROLLING_MEAN_COUNT;EWMA;LINEAR_TREND,EXPERIMENTAL,false,TARGET_SPECIFIC_EVALUATION_REQUIRED,W10 candidate seed only; no predictive usefulness or promotion is claimed.
FC-000093,RF-000138,SRC-001,SportsDataverse,play_by_play,touchdown,situational_field_position,HISTORICAL_AGGREGATE_ONLY,PIT_HISTORICAL_AGGREGATION_INPUT,PURE_AND_MARKET_ELIGIBLE,LAGGED_LAST;ROLLING_MEAN_COUNT;EWMA;LINEAR_TREND;RATE_PER_OPPORTUNITY;OPPONENT_ADJUSTED_RESIDUAL;MATCHUP_DIFFERENCE,EXPERIMENTAL,false,TARGET_SPECIFIC_EVALUATION_REQUIRED,W10 candidate seed only; no predictive usefulness or promotion is claimed.
FC-000094,RF-000139,SRC-001,SportsDataverse,play_by_play,td_check,other,HISTORICAL_AGGREGATE_ONLY,PIT_HISTORICAL_AGGREGATION_INPUT,PURE_AND_MARKET_ELIGIBLE,LAGGED_LAST;ROLLING_MEAN_COUNT;EWMA;LINEAR_TREND,EXPERIMENTAL,false,TARGET_SPECIFIC_EVALUATION_REQUIRED,W10 candidate seed only; no predictive usefulness or promotion is claimed.
FC-000095,RF-000140,SRC-001,SportsDataverse,play_by_play,safety,other,HISTORICAL_AGGREGATE_ONLY,PIT_HISTORICAL_AGGREGATION_INPUT,PURE_AND_MARKET_ELIGIBLE,LAGGED_LAST;ROLLING_MEAN_COUNT;EWMA;LINEAR_TREND,EXPERIMENTAL,false,TARGET_SPECIFIC_EVALUATION_REQUIRED,W10 candidate seed only; no predictive usefulness or promotion is claimed.
FC-000096,RF-000141,SRC-001,SportsDataverse,play_by_play,fumble_vec,turnovers,HISTORICAL_AGGREGATE_ONLY,PIT_HISTORICAL_AGGREGATION_INPUT,PURE_AND_MARKET_ELIGIBLE,LAGGED_LAST;ROLLING_MEAN_COUNT;EWMA;LINEAR_TREND;RATE_PER_OPPORTUNITY;OPPONENT_ADJUSTED_RESIDUAL;MATCHUP_DIFFERENCE,EXPERIMENTAL,false,TARGET_SPECIFIC_EVALUATION_REQUIRED,W10 candidate seed only; no predictive usefulness or promotion is claimed.
FC-000097,RF-000142,SRC-001,SportsDataverse,play_by_play,forced_fumble,turnovers,HISTORICAL_AGGREGATE_ONLY,PIT_HISTORICAL_AGGREGATION_INPUT,PURE_AND_MARKET_ELIGIBLE,LAGGED_LAST;ROLLING_MEAN_COUNT;EWMA;LINEAR_TREND;RATE_PER_OPPORTUNITY;OPPONENT_ADJUSTED_RESIDUAL;MATCHUP_DIFFERENCE,EXPERIMENTAL,false,TARGET_SPECIFIC_EVALUATION_REQUIRED,W10 candidate seed only; no predictive usefulness or promotion is claimed.
FC-000098,RF-000143,SRC-001,SportsDataverse,play_by_play,kickoff_play,special_teams,HISTORICAL_AGGREGATE_ONLY,PIT_HISTORICAL_AGGREGATION_INPUT,PURE_AND_MARKET_ELIGIBLE,LAGGED_LAST;ROLLING_MEAN_COUNT;EWMA;LINEAR_TREND;RATE_PER_OPPORTUNITY;OPPONENT_ADJUSTED_RESIDUAL;MATCHUP_DIFFERENCE,EXPERIMENTAL,false,TARGET_SPECIFIC_EVALUATION_REQUIRED,W10 candidate seed only; no predictive usefulness or promotion is claimed.
FC-000099,RF-000144,SRC-001,SportsDataverse,play_by_play,kickoff_tb,special_teams,HISTORICAL_AGGREGATE_ONLY,PIT_HISTORICAL_AGGREGATION_INPUT,PURE_AND_MARKET_ELIGIBLE,LAGGED_LAST;ROLLING_MEAN_COUNT;EWMA;LINEAR_TREND;RATE_PER_OPPORTUNITY;OPPONENT_ADJUSTED_RESIDUAL;MATCHUP_DIFFERENCE,EXPERIMENTAL,false,TARGET_SPECIFIC_EVALUATION_REQUIRED,W10 candidate seed only; no predictive usefulness or promotion is claimed.
FC-000100,RF-000145,SRC-001,SportsDataverse,play_by_play,kickoff_onside,special_teams,HISTORICAL_AGGREGATE_ONLY,PIT_HISTORICAL_AGGREGATION_INPUT,PURE_AND_MARKET_ELIGIBLE,LAGGED_LAST;ROLLING_MEAN_COUNT;EWMA;LINEAR_TREND;RATE_PER_OPPORTUNITY;OPPONENT_ADJUSTED_RESIDUAL;MATCHUP_DIFFERENCE,EXPERIMENTAL,false,TARGET_SPECIFIC_EVALUATION_REQUIRED,W10 candidate seed only; no predictive usefulness or promotion is claimed.
FC-000101,RF-000146,SRC-001,SportsDataverse,play_by_play,kickoff_oob,special_teams,HISTORICAL_AGGREGATE_ONLY,PIT_HISTORICAL_AGGREGATION_INPUT,PURE_AND_MARKET_ELIGIBLE,LAGGED_LAST;ROLLING_MEAN_COUNT;EWMA;LINEAR_TREND;RATE_PER_OPPORTUNITY;OPPONENT_ADJUSTED_RESIDUAL;MATCHUP_DIFFERENCE,EXPERIMENTAL,false,TARGET_SPECIFIC_EVALUATION_REQUIRED,W10 candidate seed only; no predictive usefulness or promotion is claimed.
FC-000102,RF-000147,SRC-001,SportsDataverse,play_by_play,kickoff_fair_catch,special_teams,HISTORICAL_AGGREGATE_ONLY,PIT_HISTORICAL_AGGREGATION_INPUT,PURE_AND_MARKET_ELIGIBLE,LAGGED_LAST;ROLLING_MEAN_COUNT;EWMA;LINEAR_TREND;RATE_PER_OPPORTUNITY;OPPONENT_ADJUSTED_RESIDUAL;MATCHUP_DIFFERENCE,EXPERIMENTAL,false,TARGET_SPECIFIC_EVALUATION_REQUIRED,W10 candidate seed only; no predictive usefulness or promotion is claimed.
FC-000103,RF-000148,SRC-001,SportsDataverse,play_by_play,kickoff_downed,special_teams,HISTORICAL_AGGREGATE_ONLY,PIT_HISTORICAL_AGGREGATION_INPUT,PURE_AND_MARKET_ELIGIBLE,LAGGED_LAST;ROLLING_MEAN_COUNT;EWMA;LINEAR_TREND;RATE_PER_OPPORTUNITY;OPPONENT_ADJUSTED_RESIDUAL;MATCHUP_DIFFERENCE,EXPERIMENTAL,false,TARGET_SPECIFIC_EVALUATION_REQUIRED,W10 candidate seed only; no predictive usefulness or promotion is claimed.
FC-000104,RF-000149,SRC-001,SportsDataverse,play_by_play,kick_play,special_teams,HISTORICAL_AGGREGATE_ONLY,PIT_HISTORICAL_AGGREGATION_INPUT,PURE_AND_MARKET_ELIGIBLE,LAGGED_LAST;ROLLING_MEAN_COUNT;EWMA;LINEAR_TREND;RATE_PER_OPPORTUNITY;OPPONENT_ADJUSTED_RESIDUAL;MATCHUP_DIFFERENCE,EXPERIMENTAL,false,TARGET_SPECIFIC_EVALUATION_REQUIRED,W10 candidate seed only; no predictive usefulness or promotion is claimed.
FC-000105,RF-000150,SRC-001,SportsDataverse,play_by_play,kickoff_safety,special_teams,HISTORICAL_AGGREGATE_ONLY,PIT_HISTORICAL_AGGREGATION_INPUT,PURE_AND_MARKET_ELIGIBLE,LAGGED_LAST;ROLLING_MEAN_COUNT;EWMA;LINEAR_TREND;RATE_PER_OPPORTUNITY;OPPONENT_ADJUSTED_RESIDUAL;MATCHUP_DIFFERENCE,EXPERIMENTAL,false,TARGET_SPECIFIC_EVALUATION_REQUIRED,W10 candidate seed only; no predictive usefulness or promotion is claimed.
FC-000106,RF-000151,SRC-001,SportsDataverse,play_by_play,punt,special_teams,HISTORICAL_AGGREGATE_ONLY,PIT_HISTORICAL_AGGREGATION_INPUT,PURE_AND_MARKET_ELIGIBLE,LAGGED_LAST;ROLLING_MEAN_COUNT;EWMA;LINEAR_TREND;RATE_PER_OPPORTUNITY;OPPONENT_ADJUSTED_RESIDUAL;MATCHUP_DIFFERENCE,EXPERIMENTAL,false,TARGET_SPECIFIC_EVALUATION_REQUIRED,W10 candidate seed only; no predictive usefulness or promotion is claimed.
FC-000107,RF-000152,SRC-001,SportsDataverse,play_by_play,punt_play,special_teams,HISTORICAL_AGGREGATE_ONLY,PIT_HISTORICAL_AGGREGATION_INPUT,PURE_AND_MARKET_ELIGIBLE,LAGGED_LAST;ROLLING_MEAN_COUNT;EWMA;LINEAR_TREND;RATE_PER_OPPORTUNITY;OPPONENT_ADJUSTED_RESIDUAL;MATCHUP_DIFFERENCE,EXPERIMENTAL,false,TARGET_SPECIFIC_EVALUATION_REQUIRED,W10 candidate seed only; no predictive usefulness or promotion is claimed.
FC-000108,RF-000153,SRC-001,SportsDataverse,play_by_play,punt_tb,special_teams,HISTORICAL_AGGREGATE_ONLY,PIT_HISTORICAL_AGGREGATION_INPUT,PURE_AND_MARKET_ELIGIBLE,LAGGED_LAST;ROLLING_MEAN_COUNT;EWMA;LINEAR_TREND;RATE_PER_OPPORTUNITY;OPPONENT_ADJUSTED_RESIDUAL;MATCHUP_DIFFERENCE,EXPERIMENTAL,false,TARGET_SPECIFIC_EVALUATION_REQUIRED,W10 candidate seed only; no predictive usefulness or promotion is claimed.
FC-000109,RF-000154,SRC-001,SportsDataverse,play_by_play,punt_oob,special_teams,HISTORICAL_AGGREGATE_ONLY,PIT_HISTORICAL_AGGREGATION_INPUT,PURE_AND_MARKET_ELIGIBLE,LAGGED_LAST;ROLLING_MEAN_COUNT;EWMA;LINEAR_TREND;RATE_PER_OPPORTUNITY;OPPONENT_ADJUSTED_RESIDUAL;MATCHUP_DIFFERENCE,EXPERIMENTAL,false,TARGET_SPECIFIC_EVALUATION_REQUIRED,W10 candidate seed only; no predictive usefulness or promotion is claimed.
FC-000110,RF-000155,SRC-001,SportsDataverse,play_by_play,punt_fair_catch,special_teams,HISTORICAL_AGGREGATE_ONLY,PIT_HISTORICAL_AGGREGATION_INPUT,PURE_AND_MARKET_ELIGIBLE,LAGGED_LAST;ROLLING_MEAN_COUNT;EWMA;LINEAR_TREND;RATE_PER_OPPORTUNITY;OPPONENT_ADJUSTED_RESIDUAL;MATCHUP_DIFFERENCE,EXPERIMENTAL,false,TARGET_SPECIFIC_EVALUATION_REQUIRED,W10 candidate seed only; no predictive usefulness or promotion is claimed.
FC-000111,RF-000156,SRC-001,SportsDataverse,play_by_play,punt_downed,special_teams,HISTORICAL_AGGREGATE_ONLY,PIT_HISTORICAL_AGGREGATION_INPUT,PURE_AND_MARKET_ELIGIBLE,LAGGED_LAST;ROLLING_MEAN_COUNT;EWMA;LINEAR_TREND;RATE_PER_OPPORTUNITY;OPPONENT_ADJUSTED_RESIDUAL;MATCHUP_DIFFERENCE,EXPERIMENTAL,false,TARGET_SPECIFIC_EVALUATION_REQUIRED,W10 candidate seed only; no predictive usefulness or promotion is claimed.
FC-000112,RF-000157,SRC-001,SportsDataverse,play_by_play,punt_safety,special_teams,HISTORICAL_AGGREGATE_ONLY,PIT_HISTORICAL_AGGREGATION_INPUT,PURE_AND_MARKET_ELIGIBLE,LAGGED_LAST;ROLLING_MEAN_COUNT;EWMA;LINEAR_TREND;RATE_PER_OPPORTUNITY;OPPONENT_ADJUSTED_RESIDUAL;MATCHUP_DIFFERENCE,EXPERIMENTAL,false,TARGET_SPECIFIC_EVALUATION_REQUIRED,W10 candidate seed only; no predictive usefulness or promotion is claimed.
FC-000113,RF-000158,SRC-001,SportsDataverse,play_by_play,punt_blocked,special_teams,HISTORICAL_AGGREGATE_ONLY,PIT_HISTORICAL_AGGREGATION_INPUT,PURE_AND_MARKET_ELIGIBLE,LAGGED_LAST;ROLLING_MEAN_COUNT;EWMA;LINEAR_TREND;RATE_PER_OPPORTUNITY;OPPONENT_ADJUSTED_RESIDUAL;MATCHUP_DIFFERENCE,EXPERIMENTAL,false,TARGET_SPECIFIC_EVALUATION_REQUIRED,W10 candidate seed only; no predictive usefulness or promotion is claimed.
FC-000114,RF-000159,SRC-001,SportsDataverse,play_by_play,penalty_safety,penalties,HISTORICAL_AGGREGATE_ONLY,PIT_HISTORICAL_AGGREGATION_INPUT,PURE_AND_MARKET_ELIGIBLE,LAGGED_LAST;ROLLING_MEAN_COUNT;EWMA;LINEAR_TREND;RATE_PER_OPPORTUNITY;OPPONENT_ADJUSTED_RESIDUAL;MATCHUP_DIFFERENCE,EXPERIMENTAL,false,TARGET_SPECIFIC_EVALUATION_REQUIRED,W10 candidate seed only; no predictive usefulness or promotion is claimed.
FC-000115,RF-000160,SRC-001,SportsDataverse,play_by_play,rush,rushing,HISTORICAL_AGGREGATE_ONLY,PIT_HISTORICAL_AGGREGATION_INPUT,PURE_AND_MARKET_ELIGIBLE,LAGGED_LAST;ROLLING_MEAN_COUNT;EWMA;LINEAR_TREND;RATE_PER_OPPORTUNITY;OPPONENT_ADJUSTED_RESIDUAL;MATCHUP_DIFFERENCE,EXPERIMENTAL,false,TARGET_SPECIFIC_EVALUATION_REQUIRED,W10 candidate seed only; no predictive usefulness or promotion is claimed.
FC-000116,RF-000161,SRC-001,SportsDataverse,play_by_play,pass,passing_receiving,HISTORICAL_AGGREGATE_ONLY,PIT_HISTORICAL_AGGREGATION_INPUT,PURE_AND_MARKET_ELIGIBLE,LAGGED_LAST;ROLLING_MEAN_COUNT;EWMA;LINEAR_TREND;RATE_PER_OPPORTUNITY;OPPONENT_ADJUSTED_RESIDUAL;MATCHUP_DIFFERENCE,EXPERIMENTAL,false,TARGET_SPECIFIC_EVALUATION_REQUIRED,W10 candidate seed only; no predictive usefulness or promotion is claimed.
FC-000117,RF-000162,SRC-001,SportsDataverse,play_by_play,sack_vec,other,HISTORICAL_AGGREGATE_ONLY,PIT_HISTORICAL_AGGREGATION_INPUT,PURE_AND_MARKET_ELIGIBLE,LAGGED_LAST;ROLLING_MEAN_COUNT;EWMA;LINEAR_TREND,EXPERIMENTAL,false,TARGET_SPECIFIC_EVALUATION_REQUIRED,W10 candidate seed only; no predictive usefulness or promotion is claimed.
FC-000118,RF-000165,SRC-001,SportsDataverse,play_by_play,is_home,other,HISTORICAL_AGGREGATE_ONLY,PIT_HISTORICAL_AGGREGATION_INPUT,PURE_AND_MARKET_ELIGIBLE,LAGGED_LAST;ROLLING_MEAN_COUNT;EWMA;LINEAR_TREND,EXPERIMENTAL,false,TARGET_SPECIFIC_EVALUATION_REQUIRED,W10 candidate seed only; no predictive usefulness or promotion is claimed.
FC-000119,RF-000166,SRC-001,SportsDataverse,play_by_play,lag_HA_score_diff,other,HISTORICAL_AGGREGATE_ONLY,PIT_HISTORICAL_AGGREGATION_INPUT,PURE_AND_MARKET_ELIGIBLE,LAGGED_LAST;ROLLING_MEAN_COUNT;EWMA;LINEAR_TREND,EXPERIMENTAL,false,TARGET_SPECIFIC_EVALUATION_REQUIRED,W10 candidate seed only; no predictive usefulness or promotion is claimed.
FC-000120,RF-000168,SRC-001,SportsDataverse,play_by_play,net_HA_score_pts,other,HISTORICAL_AGGREGATE_ONLY,PIT_HISTORICAL_AGGREGATION_INPUT,PURE_AND_MARKET_ELIGIBLE,LAGGED_LAST;ROLLING_MEAN_COUNT;EWMA;LINEAR_TREND,EXPERIMENTAL,false,TARGET_SPECIFIC_EVALUATION_REQUIRED,W10 candidate seed only; no predictive usefulness or promotion is claimed.
FC-000121,RF-000169,SRC-001,SportsDataverse,play_by_play,H_score_diff,other,HISTORICAL_AGGREGATE_ONLY,PIT_HISTORICAL_AGGREGATION_INPUT,PURE_AND_MARKET_ELIGIBLE,LAGGED_LAST;ROLLING_MEAN_COUNT;EWMA;LINEAR_TREND,EXPERIMENTAL,false,TARGET_SPECIFIC_EVALUATION_REQUIRED,W10 candidate seed only; no predictive usefulness or promotion is claimed.
FC-000122,RF-000170,SRC-001,SportsDataverse,play_by_play,A_score_diff,other,HISTORICAL_AGGREGATE_ONLY,PIT_HISTORICAL_AGGREGATION_INPUT,PURE_AND_MARKET_ELIGIBLE,LAGGED_LAST;ROLLING_MEAN_COUNT;EWMA;LINEAR_TREND,EXPERIMENTAL,false,TARGET_SPECIFIC_EVALUATION_REQUIRED,W10 candidate seed only; no predictive usefulness or promotion is claimed.
FC-000123,RF-000171,SRC-001,SportsDataverse,play_by_play,lag_homeScore,other,HISTORICAL_AGGREGATE_ONLY,PIT_HISTORICAL_AGGREGATION_INPUT,PURE_AND_MARKET_ELIGIBLE,LAGGED_LAST;ROLLING_MEAN_COUNT;EWMA;LINEAR_TREND,EXPERIMENTAL,false,TARGET_SPECIFIC_EVALUATION_REQUIRED,W10 candidate seed only; no predictive usefulness or promotion is claimed.
FC-000124,RF-000172,SRC-001,SportsDataverse,play_by_play,lag_awayScore,other,HISTORICAL_AGGREGATE_ONLY,PIT_HISTORICAL_AGGREGATION_INPUT,PURE_AND_MARKET_ELIGIBLE,LAGGED_LAST;ROLLING_MEAN_COUNT;EWMA;LINEAR_TREND,EXPERIMENTAL,false,TARGET_SPECIFIC_EVALUATION_REQUIRED,W10 candidate seed only; no predictive usefulness or promotion is claimed.
FC-000125,RF-000173,SRC-001,SportsDataverse,play_by_play,start.homeScore,other,HISTORICAL_AGGREGATE_ONLY,PIT_HISTORICAL_AGGREGATION_INPUT,PURE_AND_MARKET_ELIGIBLE,LAGGED_LAST;ROLLING_MEAN_COUNT;EWMA;LINEAR_TREND,EXPERIMENTAL,false,TARGET_SPECIFIC_EVALUATION_REQUIRED,W10 candidate seed only; no predictive usefulness or promotion is claimed.
FC-000126,RF-000174,SRC-001,SportsDataverse,play_by_play,start.awayScore,other,HISTORICAL_AGGREGATE_ONLY,PIT_HISTORICAL_AGGREGATION_INPUT,PURE_AND_MARKET_ELIGIBLE,LAGGED_LAST;ROLLING_MEAN_COUNT;EWMA;LINEAR_TREND,EXPERIMENTAL,false,TARGET_SPECIFIC_EVALUATION_REQUIRED,W10 candidate seed only; no predictive usefulness or promotion is claimed.
FC-000127,RF-000181,SRC-001,SportsDataverse,play_by_play,start.pos_score_diff,other,HISTORICAL_AGGREGATE_ONLY,PIT_HISTORICAL_AGGREGATION_INPUT,PURE_AND_MARKET_ELIGIBLE,LAGGED_LAST;ROLLING_MEAN_COUNT;EWMA;LINEAR_TREND,EXPERIMENTAL,false,TARGET_SPECIFIC_EVALUATION_REQUIRED,W10 candidate seed only; no predictive usefulness or promotion is claimed.
FC-000128,RF-000188,SRC-001,SportsDataverse,play_by_play,pos_score_diff,other,HISTORICAL_AGGREGATE_ONLY,PIT_HISTORICAL_AGGREGATION_INPUT,PURE_AND_MARKET_ELIGIBLE,LAGGED_LAST;ROLLING_MEAN_COUNT;EWMA;LINEAR_TREND,EXPERIMENTAL,false,TARGET_SPECIFIC_EVALUATION_REQUIRED,W10 candidate seed only; no predictive usefulness or promotion is claimed.
FC-000129,RF-000189,SRC-001,SportsDataverse,play_by_play,lag_pos_score_diff,other,HISTORICAL_AGGREGATE_ONLY,PIT_HISTORICAL_AGGREGATION_INPUT,PURE_AND_MARKET_ELIGIBLE,LAGGED_LAST;ROLLING_MEAN_COUNT;EWMA;LINEAR_TREND,EXPERIMENTAL,false,TARGET_SPECIFIC_EVALUATION_REQUIRED,W10 candidate seed only; no predictive usefulness or promotion is claimed.
FC-000130,RF-000190,SRC-001,SportsDataverse,play_by_play,pos_score_pts,other,HISTORICAL_AGGREGATE_ONLY,PIT_HISTORICAL_AGGREGATION_INPUT,PURE_AND_MARKET_ELIGIBLE,LAGGED_LAST;ROLLING_MEAN_COUNT;EWMA;LINEAR_TREND,EXPERIMENTAL,false,TARGET_SPECIFIC_EVALUATION_REQUIRED,W10 candidate seed only; no predictive usefulness or promotion is claimed.
FC-000131,RF-000191,SRC-001,SportsDataverse,play_by_play,pos_score_diff_start,other,HISTORICAL_AGGREGATE_ONLY,PIT_HISTORICAL_AGGREGATION_INPUT,PURE_AND_MARKET_ELIGIBLE,LAGGED_LAST;ROLLING_MEAN_COUNT;EWMA;LINEAR_TREND,EXPERIMENTAL,false,TARGET_SPECIFIC_EVALUATION_REQUIRED,W10 candidate seed only; no predictive usefulness or promotion is claimed.
FC-000132,RF-000192,SRC-001,SportsDataverse,play_by_play,start.pos_team_receives_2H_kickoff,special_teams,HISTORICAL_AGGREGATE_ONLY,PIT_HISTORICAL_AGGREGATION_INPUT,PURE_AND_MARKET_ELIGIBLE,LAGGED_LAST;ROLLING_MEAN_COUNT;EWMA;LINEAR_TREND;RATE_PER_OPPORTUNITY;OPPONENT_ADJUSTED_RESIDUAL;MATCHUP_DIFFERENCE,EXPERIMENTAL,false,TARGET_SPECIFIC_EVALUATION_REQUIRED,W10 candidate seed only; no predictive usefulness or promotion is claimed.
FC-000133,RF-000194,SRC-001,SportsDataverse,play_by_play,change_of_poss,other,HISTORICAL_AGGREGATE_ONLY,PIT_HISTORICAL_AGGREGATION_INPUT,PURE_AND_MARKET_ELIGIBLE,LAGGED_LAST;ROLLING_MEAN_COUNT;EWMA;LINEAR_TREND,EXPERIMENTAL,false,TARGET_SPECIFIC_EVALUATION_REQUIRED,W10 candidate seed only; no predictive usefulness or promotion is claimed.
FC-000134,RF-000195,SRC-001,SportsDataverse,play_by_play,penalty_flag,penalties,HISTORICAL_AGGREGATE_ONLY,PIT_HISTORICAL_AGGREGATION_INPUT,PURE_AND_MARKET_ELIGIBLE,LAGGED_LAST;ROLLING_MEAN_COUNT;EWMA;LINEAR_TREND;RATE_PER_OPPORTUNITY;OPPONENT_ADJUSTED_RESIDUAL;MATCHUP_DIFFERENCE,EXPERIMENTAL,false,TARGET_SPECIFIC_EVALUATION_REQUIRED,W10 candidate seed only; no predictive usefulness or promotion is claimed.
FC-000135,RF-000196,SRC-001,SportsDataverse,play_by_play,penalty_declined,penalties,HISTORICAL_AGGREGATE_ONLY,PIT_HISTORICAL_AGGREGATION_INPUT,PURE_AND_MARKET_ELIGIBLE,LAGGED_LAST;ROLLING_MEAN_COUNT;EWMA;LINEAR_TREND;RATE_PER_OPPORTUNITY;OPPONENT_ADJUSTED_RESIDUAL;MATCHUP_DIFFERENCE,EXPERIMENTAL,false,TARGET_SPECIFIC_EVALUATION_REQUIRED,W10 candidate seed only; no predictive usefulness or promotion is claimed.
FC-000136,RF-000197,SRC-001,SportsDataverse,play_by_play,penalty_no_play,penalties,HISTORICAL_AGGREGATE_ONLY,PIT_HISTORICAL_AGGREGATION_INPUT,PURE_AND_MARKET_ELIGIBLE,LAGGED_LAST;ROLLING_MEAN_COUNT;EWMA;LINEAR_TREND;RATE_PER_OPPORTUNITY;OPPONENT_ADJUSTED_RESIDUAL;MATCHUP_DIFFERENCE,EXPERIMENTAL,false,TARGET_SPECIFIC_EVALUATION_REQUIRED,W10 candidate seed only; no predictive usefulness or promotion is claimed.
FC-000137,RF-000198,SRC-001,SportsDataverse,play_by_play,penalty_offset,penalties,HISTORICAL_AGGREGATE_ONLY,PIT_HISTORICAL_AGGREGATION_INPUT,PURE_AND_MARKET_ELIGIBLE,LAGGED_LAST;ROLLING_MEAN_COUNT;EWMA;LINEAR_TREND;RATE_PER_OPPORTUNITY;OPPONENT_ADJUSTED_RESIDUAL;MATCHUP_DIFFERENCE,EXPERIMENTAL,false,TARGET_SPECIFIC_EVALUATION_REQUIRED,W10 candidate seed only; no predictive usefulness or promotion is claimed.
FC-000138,RF-000199,SRC-001,SportsDataverse,play_by_play,penalty_1st_conv,penalties,HISTORICAL_AGGREGATE_ONLY,PIT_HISTORICAL_AGGREGATION_INPUT,PURE_AND_MARKET_ELIGIBLE,LAGGED_LAST;ROLLING_MEAN_COUNT;EWMA;LINEAR_TREND;RATE_PER_OPPORTUNITY;OPPONENT_ADJUSTED_RESIDUAL;MATCHUP_DIFFERENCE,EXPERIMENTAL,false,TARGET_SPECIFIC_EVALUATION_REQUIRED,W10 candidate seed only; no predictive usefulness or promotion is claimed.
FC-000139,RF-000200,SRC-001,SportsDataverse,play_by_play,penalty_in_text,penalties,HISTORICAL_AGGREGATE_ONLY,PIT_HISTORICAL_AGGREGATION_INPUT,PURE_AND_MARKET_ELIGIBLE,LAGGED_LAST;ROLLING_MEAN_COUNT;EWMA;LINEAR_TREND;RATE_PER_OPPORTUNITY;OPPONENT_ADJUSTED_RESIDUAL;MATCHUP_DIFFERENCE,EXPERIMENTAL,false,TARGET_SPECIFIC_EVALUATION_REQUIRED,W10 candidate seed only; no predictive usefulness or promotion is claimed.
FC-000140,RF-000201,SRC-001,SportsDataverse,play_by_play,penalty_detail,penalties,HISTORICAL_AGGREGATE_ONLY,PIT_HISTORICAL_AGGREGATION_INPUT,PURE_AND_MARKET_ELIGIBLE,LAGGED_LAST;ROLLING_MEAN_COUNT;EWMA;LINEAR_TREND;RATE_PER_OPPORTUNITY;OPPONENT_ADJUSTED_RESIDUAL;MATCHUP_DIFFERENCE,EXPERIMENTAL,false,TARGET_SPECIFIC_EVALUATION_REQUIRED,W10 candidate seed only; no predictive usefulness or promotion is claimed.
FC-000141,RF-000202,SRC-001,SportsDataverse,play_by_play,penalty_text,penalties,HISTORICAL_AGGREGATE_ONLY,PIT_HISTORICAL_AGGREGATION_INPUT,PURE_AND_MARKET_ELIGIBLE,LAGGED_LAST;ROLLING_MEAN_COUNT;EWMA;LINEAR_TREND;RATE_PER_OPPORTUNITY;OPPONENT_ADJUSTED_RESIDUAL;MATCHUP_DIFFERENCE,EXPERIMENTAL,false,TARGET_SPECIFIC_EVALUATION_REQUIRED,W10 candidate seed only; no predictive usefulness or promotion is claimed.
FC-000142,RF-000203,SRC-001,SportsDataverse,play_by_play,yds_penalty,penalties,HISTORICAL_AGGREGATE_ONLY,PIT_HISTORICAL_AGGREGATION_INPUT,PURE_AND_MARKET_ELIGIBLE,LAGGED_LAST;ROLLING_MEAN_COUNT;EWMA;LINEAR_TREND;RATE_PER_OPPORTUNITY;OPPONENT_ADJUSTED_RESIDUAL;MATCHUP_DIFFERENCE,EXPERIMENTAL,false,TARGET_SPECIFIC_EVALUATION_REQUIRED,W10 candidate seed only; no predictive usefulness or promotion is claimed.
FC-000143,RF-000204,SRC-001,SportsDataverse,play_by_play,sack,other,HISTORICAL_AGGREGATE_ONLY,PIT_HISTORICAL_AGGREGATION_INPUT,PURE_AND_MARKET_ELIGIBLE,LAGGED_LAST;ROLLING_MEAN_COUNT;EWMA;LINEAR_TREND,EXPERIMENTAL,false,TARGET_SPECIFIC_EVALUATION_REQUIRED,W10 candidate seed only; no predictive usefulness or promotion is claimed.
FC-000144,RF-000205,SRC-001,SportsDataverse,play_by_play,int,turnovers,HISTORICAL_AGGREGATE_ONLY,PIT_HISTORICAL_AGGREGATION_INPUT,PURE_AND_MARKET_ELIGIBLE,LAGGED_LAST;ROLLING_MEAN_COUNT;EWMA;LINEAR_TREND;RATE_PER_OPPORTUNITY;OPPONENT_ADJUSTED_RESIDUAL;MATCHUP_DIFFERENCE,EXPERIMENTAL,false,TARGET_SPECIFIC_EVALUATION_REQUIRED,W10 candidate seed only; no predictive usefulness or promotion is claimed.
FC-000145,RF-000206,SRC-001,SportsDataverse,play_by_play,int_td,other,HISTORICAL_AGGREGATE_ONLY,PIT_HISTORICAL_AGGREGATION_INPUT,PURE_AND_MARKET_ELIGIBLE,LAGGED_LAST;ROLLING_MEAN_COUNT;EWMA;LINEAR_TREND,EXPERIMENTAL,false,TARGET_SPECIFIC_EVALUATION_REQUIRED,W10 candidate seed only; no predictive usefulness or promotion is claimed.
FC-000146,RF-000207,SRC-001,SportsDataverse,play_by_play,completion,passing_receiving,HISTORICAL_AGGREGATE_ONLY,PIT_HISTORICAL_AGGREGATION_INPUT,PURE_AND_MARKET_ELIGIBLE,LAGGED_LAST;ROLLING_MEAN_COUNT;EWMA;LINEAR_TREND;RATE_PER_OPPORTUNITY;OPPONENT_ADJUSTED_RESIDUAL;MATCHUP_DIFFERENCE,EXPERIMENTAL,false,TARGET_SPECIFIC_EVALUATION_REQUIRED,W10 candidate seed only; no predictive usefulness or promotion is claimed.
FC-000147,RF-000208,SRC-001,SportsDataverse,play_by_play,pass_attempt,passing_receiving,HISTORICAL_AGGREGATE_ONLY,PIT_HISTORICAL_AGGREGATION_INPUT,PURE_AND_MARKET_ELIGIBLE,LAGGED_LAST;ROLLING_MEAN_COUNT;EWMA;LINEAR_TREND;RATE_PER_OPPORTUNITY;OPPONENT_ADJUSTED_RESIDUAL;MATCHUP_DIFFERENCE,EXPERIMENTAL,false,TARGET_SPECIFIC_EVALUATION_REQUIRED,W10 candidate seed only; no predictive usefulness or promotion is claimed.
FC-000148,RF-000209,SRC-001,SportsDataverse,play_by_play,target,passing_receiving,HISTORICAL_AGGREGATE_ONLY,PIT_HISTORICAL_AGGREGATION_INPUT,PURE_AND_MARKET_ELIGIBLE,LAGGED_LAST;ROLLING_MEAN_COUNT;EWMA;LINEAR_TREND;RATE_PER_OPPORTUNITY;OPPONENT_ADJUSTED_RESIDUAL;MATCHUP_DIFFERENCE,EXPERIMENTAL,false,TARGET_SPECIFIC_EVALUATION_REQUIRED,W10 candidate seed only; no predictive usefulness or promotion is claimed.
FC-000149,RF-000210,SRC-001,SportsDataverse,play_by_play,pass_breakup,passing_receiving,HISTORICAL_AGGREGATE_ONLY,PIT_HISTORICAL_AGGREGATION_INPUT,PURE_AND_MARKET_ELIGIBLE,LAGGED_LAST;ROLLING_MEAN_COUNT;EWMA;LINEAR_TREND;RATE_PER_OPPORTUNITY;OPPONENT_ADJUSTED_RESIDUAL;MATCHUP_DIFFERENCE,EXPERIMENTAL,false,TARGET_SPECIFIC_EVALUATION_REQUIRED,W10 candidate seed only; no predictive usefulness or promotion is claimed.
FC-000150,RF-000211,SRC-001,SportsDataverse,play_by_play,pass_td,passing_receiving,HISTORICAL_AGGREGATE_ONLY,PIT_HISTORICAL_AGGREGATION_INPUT,PURE_AND_MARKET_ELIGIBLE,LAGGED_LAST;ROLLING_MEAN_COUNT;EWMA;LINEAR_TREND;RATE_PER_OPPORTUNITY;OPPONENT_ADJUSTED_RESIDUAL;MATCHUP_DIFFERENCE,EXPERIMENTAL,false,TARGET_SPECIFIC_EVALUATION_REQUIRED,W10 candidate seed only; no predictive usefulness or promotion is claimed.
FC-000151,RF-000212,SRC-001,SportsDataverse,play_by_play,rush_td,rushing,HISTORICAL_AGGREGATE_ONLY,PIT_HISTORICAL_AGGREGATION_INPUT,PURE_AND_MARKET_ELIGIBLE,LAGGED_LAST;ROLLING_MEAN_COUNT;EWMA;LINEAR_TREND;RATE_PER_OPPORTUNITY;OPPONENT_ADJUSTED_RESIDUAL;MATCHUP_DIFFERENCE,EXPERIMENTAL,false,TARGET_SPECIFIC_EVALUATION_REQUIRED,W10 candidate seed only; no predictive usefulness or promotion is claimed.
FC-000152,RF-000213,SRC-001,SportsDataverse,play_by_play,turnover_vec,turnovers,HISTORICAL_AGGREGATE_ONLY,PIT_HISTORICAL_AGGREGATION_INPUT,PURE_AND_MARKET_ELIGIBLE,LAGGED_LAST;ROLLING_MEAN_COUNT;EWMA;LINEAR_TREND;RATE_PER_OPPORTUNITY;OPPONENT_ADJUSTED_RESIDUAL;MATCHUP_DIFFERENCE,EXPERIMENTAL,false,TARGET_SPECIFIC_EVALUATION_REQUIRED,W10 candidate seed only; no predictive usefulness or promotion is claimed.
FC-000153,RF-000214,SRC-001,SportsDataverse,play_by_play,offense_score_play,other,HISTORICAL_AGGREGATE_ONLY,PIT_HISTORICAL_AGGREGATION_INPUT,PURE_AND_MARKET_ELIGIBLE,LAGGED_LAST;ROLLING_MEAN_COUNT;EWMA;LINEAR_TREND,EXPERIMENTAL,false,TARGET_SPECIFIC_EVALUATION_REQUIRED,W10 candidate seed only; no predictive usefulness or promotion is claimed.
FC-000154,RF-000215,SRC-001,SportsDataverse,play_by_play,defense_score_play,other,HISTORICAL_AGGREGATE_ONLY,PIT_HISTORICAL_AGGREGATION_INPUT,PURE_AND_MARKET_ELIGIBLE,LAGGED_LAST;ROLLING_MEAN_COUNT;EWMA;LINEAR_TREND,EXPERIMENTAL,false,TARGET_SPECIFIC_EVALUATION_REQUIRED,W10 candidate seed only; no predictive usefulness or promotion is claimed.
FC-000155,RF-000216,SRC-001,SportsDataverse,play_by_play,downs_turnover,turnovers,HISTORICAL_AGGREGATE_ONLY,PIT_HISTORICAL_AGGREGATION_INPUT,PURE_AND_MARKET_ELIGIBLE,LAGGED_LAST;ROLLING_MEAN_COUNT;EWMA;LINEAR_TREND;RATE_PER_OPPORTUNITY;OPPONENT_ADJUSTED_RESIDUAL;MATCHUP_DIFFERENCE,EXPERIMENTAL,false,TARGET_SPECIFIC_EVALUATION_REQUIRED,W10 candidate seed only; no predictive usefulness or promotion is claimed.
FC-000156,RF-000217,SRC-001,SportsDataverse,play_by_play,yds_punted,special_teams,HISTORICAL_AGGREGATE_ONLY,PIT_HISTORICAL_AGGREGATION_INPUT,PURE_AND_MARKET_ELIGIBLE,LAGGED_LAST;ROLLING_MEAN_COUNT;EWMA;LINEAR_TREND;RATE_PER_OPPORTUNITY;OPPONENT_ADJUSTED_RESIDUAL;MATCHUP_DIFFERENCE,EXPERIMENTAL,false,TARGET_SPECIFIC_EVALUATION_REQUIRED,W10 candidate seed only; no predictive usefulness or promotion is claimed.
FC-000157,RF-000218,SRC-001,SportsDataverse,play_by_play,yds_punt_gained,special_teams,HISTORICAL_AGGREGATE_ONLY,PIT_HISTORICAL_AGGREGATION_INPUT,PURE_AND_MARKET_ELIGIBLE,LAGGED_LAST;ROLLING_MEAN_COUNT;EWMA;LINEAR_TREND;RATE_PER_OPPORTUNITY;OPPONENT_ADJUSTED_RESIDUAL;MATCHUP_DIFFERENCE,EXPERIMENTAL,false,TARGET_SPECIFIC_EVALUATION_REQUIRED,W10 candidate seed only; no predictive usefulness or promotion is claimed.
FC-000158,RF-000219,SRC-001,SportsDataverse,play_by_play,fg_attempt,special_teams,HISTORICAL_AGGREGATE_ONLY,PIT_HISTORICAL_AGGREGATION_INPUT,PURE_AND_MARKET_ELIGIBLE,LAGGED_LAST;ROLLING_MEAN_COUNT;EWMA;LINEAR_TREND;RATE_PER_OPPORTUNITY;OPPONENT_ADJUSTED_RESIDUAL;MATCHUP_DIFFERENCE,EXPERIMENTAL,false,TARGET_SPECIFIC_EVALUATION_REQUIRED,W10 candidate seed only; no predictive usefulness or promotion is claimed.
FC-000159,RF-000220,SRC-001,SportsDataverse,play_by_play,fg_made,special_teams,HISTORICAL_AGGREGATE_ONLY,PIT_HISTORICAL_AGGREGATION_INPUT,PURE_AND_MARKET_ELIGIBLE,LAGGED_LAST;ROLLING_MEAN_COUNT;EWMA;LINEAR_TREND;RATE_PER_OPPORTUNITY;OPPONENT_ADJUSTED_RESIDUAL;MATCHUP_DIFFERENCE,EXPERIMENTAL,false,TARGET_SPECIFIC_EVALUATION_REQUIRED,W10 candidate seed only; no predictive usefulness or promotion is claimed.
FC-000160,RF-000221,SRC-001,SportsDataverse,play_by_play,yds_fg,other,HISTORICAL_AGGREGATE_ONLY,PIT_HISTORICAL_AGGREGATION_INPUT,PURE_AND_MARKET_ELIGIBLE,LAGGED_LAST;ROLLING_MEAN_COUNT;EWMA;LINEAR_TREND,EXPERIMENTAL,false,TARGET_SPECIFIC_EVALUATION_REQUIRED,W10 candidate seed only; no predictive usefulness or promotion is claimed.
FC-000161,RF-000222,SRC-001,SportsDataverse,play_by_play,pos_unit,other,HISTORICAL_AGGREGATE_ONLY,PIT_HISTORICAL_AGGREGATION_INPUT,PURE_AND_MARKET_ELIGIBLE,LAGGED_LAST;ROLLING_MEAN_COUNT;EWMA;LINEAR_TREND,EXPERIMENTAL,false,TARGET_SPECIFIC_EVALUATION_REQUIRED,W10 candidate seed only; no predictive usefulness or promotion is claimed.
FC-000162,RF-000223,SRC-001,SportsDataverse,play_by_play,def_pos_unit,other,HISTORICAL_AGGREGATE_ONLY,PIT_HISTORICAL_AGGREGATION_INPUT,PURE_AND_MARKET_ELIGIBLE,LAGGED_LAST;ROLLING_MEAN_COUNT;EWMA;LINEAR_TREND,EXPERIMENTAL,false,TARGET_SPECIFIC_EVALUATION_REQUIRED,W10 candidate seed only; no predictive usefulness or promotion is claimed.
FC-000163,RF-000224,SRC-001,SportsDataverse,play_by_play,lead_play_type,other,HISTORICAL_AGGREGATE_ONLY,PIT_HISTORICAL_AGGREGATION_INPUT,PURE_AND_MARKET_ELIGIBLE,LAGGED_LAST;ROLLING_MEAN_COUNT;EWMA;LINEAR_TREND,EXPERIMENTAL,false,TARGET_SPECIFIC_EVALUATION_REQUIRED,W10 candidate seed only; no predictive usefulness or promotion is claimed.
FC-000164,RF-000225,SRC-001,SportsDataverse,play_by_play,sp,special_teams,HISTORICAL_AGGREGATE_ONLY,PIT_HISTORICAL_AGGREGATION_INPUT,PURE_AND_MARKET_ELIGIBLE,LAGGED_LAST;ROLLING_MEAN_COUNT;EWMA;LINEAR_TREND;RATE_PER_OPPORTUNITY;OPPONENT_ADJUSTED_RESIDUAL;MATCHUP_DIFFERENCE,EXPERIMENTAL,false,TARGET_SPECIFIC_EVALUATION_REQUIRED,W10 candidate seed only; no predictive usefulness or promotion is claimed.
FC-000165,RF-000226,SRC-001,SportsDataverse,play_by_play,play,other,HISTORICAL_AGGREGATE_ONLY,PIT_HISTORICAL_AGGREGATION_INPUT,PURE_AND_MARKET_ELIGIBLE,LAGGED_LAST;ROLLING_MEAN_COUNT;EWMA;LINEAR_TREND,EXPERIMENTAL,false,TARGET_SPECIFIC_EVALUATION_REQUIRED,W10 candidate seed only; no predictive usefulness or promotion is claimed.
FC-000166,RF-000227,SRC-001,SportsDataverse,play_by_play,scrimmage_play,other,HISTORICAL_AGGREGATE_ONLY,PIT_HISTORICAL_AGGREGATION_INPUT,PURE_AND_MARKET_ELIGIBLE,LAGGED_LAST;ROLLING_MEAN_COUNT;EWMA;LINEAR_TREND,EXPERIMENTAL,false,TARGET_SPECIFIC_EVALUATION_REQUIRED,W10 candidate seed only; no predictive usefulness or promotion is claimed.
FC-000167,RF-000230,SRC-001,SportsDataverse,play_by_play,fumble_lost,turnovers,HISTORICAL_AGGREGATE_ONLY,PIT_HISTORICAL_AGGREGATION_INPUT,PURE_AND_MARKET_ELIGIBLE,LAGGED_LAST;ROLLING_MEAN_COUNT;EWMA;LINEAR_TREND;RATE_PER_OPPORTUNITY;OPPONENT_ADJUSTED_RESIDUAL;MATCHUP_DIFFERENCE,EXPERIMENTAL,false,TARGET_SPECIFIC_EVALUATION_REQUIRED,W10 candidate seed only; no predictive usefulness or promotion is claimed.
FC-000168,RF-000231,SRC-001,SportsDataverse,play_by_play,fumble_recovered,turnovers,HISTORICAL_AGGREGATE_ONLY,PIT_HISTORICAL_AGGREGATION_INPUT,PURE_AND_MARKET_ELIGIBLE,LAGGED_LAST;ROLLING_MEAN_COUNT;EWMA;LINEAR_TREND;RATE_PER_OPPORTUNITY;OPPONENT_ADJUSTED_RESIDUAL;MATCHUP_DIFFERENCE,EXPERIMENTAL,false,TARGET_SPECIFIC_EVALUATION_REQUIRED,W10 candidate seed only; no predictive usefulness or promotion is claimed.
FC-000169,RF-000232,SRC-001,SportsDataverse,play_by_play,yds_rushed,rushing,HISTORICAL_AGGREGATE_ONLY,PIT_HISTORICAL_AGGREGATION_INPUT,PURE_AND_MARKET_ELIGIBLE,LAGGED_LAST;ROLLING_MEAN_COUNT;EWMA;LINEAR_TREND;RATE_PER_OPPORTUNITY;OPPONENT_ADJUSTED_RESIDUAL;MATCHUP_DIFFERENCE,EXPERIMENTAL,false,TARGET_SPECIFIC_EVALUATION_REQUIRED,W10 candidate seed only; no predictive usefulness or promotion is claimed.
FC-000170,RF-000233,SRC-001,SportsDataverse,play_by_play,yds_receiving,other,HISTORICAL_AGGREGATE_ONLY,PIT_HISTORICAL_AGGREGATION_INPUT,PURE_AND_MARKET_ELIGIBLE,LAGGED_LAST;ROLLING_MEAN_COUNT;EWMA;LINEAR_TREND,EXPERIMENTAL,false,TARGET_SPECIFIC_EVALUATION_REQUIRED,W10 candidate seed only; no predictive usefulness or promotion is claimed.
FC-000171,RF-000234,SRC-001,SportsDataverse,play_by_play,yds_int_return,other,HISTORICAL_AGGREGATE_ONLY,PIT_HISTORICAL_AGGREGATION_INPUT,PURE_AND_MARKET_ELIGIBLE,LAGGED_LAST;ROLLING_MEAN_COUNT;EWMA;LINEAR_TREND,EXPERIMENTAL,false,TARGET_SPECIFIC_EVALUATION_REQUIRED,W10 candidate seed only; no predictive usefulness or promotion is claimed.
FC-000172,RF-000235,SRC-001,SportsDataverse,play_by_play,yds_kickoff,special_teams,HISTORICAL_AGGREGATE_ONLY,PIT_HISTORICAL_AGGREGATION_INPUT,PURE_AND_MARKET_ELIGIBLE,LAGGED_LAST;ROLLING_MEAN_COUNT;EWMA;LINEAR_TREND;RATE_PER_OPPORTUNITY;OPPONENT_ADJUSTED_RESIDUAL;MATCHUP_DIFFERENCE,EXPERIMENTAL,false,TARGET_SPECIFIC_EVALUATION_REQUIRED,W10 candidate seed only; no predictive usefulness or promotion is claimed.
FC-000173,RF-000236,SRC-001,SportsDataverse,play_by_play,yds_kickoff_return,special_teams,HISTORICAL_AGGREGATE_ONLY,PIT_HISTORICAL_AGGREGATION_INPUT,PURE_AND_MARKET_ELIGIBLE,LAGGED_LAST;ROLLING_MEAN_COUNT;EWMA;LINEAR_TREND;RATE_PER_OPPORTUNITY;OPPONENT_ADJUSTED_RESIDUAL;MATCHUP_DIFFERENCE,EXPERIMENTAL,false,TARGET_SPECIFIC_EVALUATION_REQUIRED,W10 candidate seed only; no predictive usefulness or promotion is claimed.
FC-000174,RF-000237,SRC-001,SportsDataverse,play_by_play,yds_punt_return,special_teams,HISTORICAL_AGGREGATE_ONLY,PIT_HISTORICAL_AGGREGATION_INPUT,PURE_AND_MARKET_ELIGIBLE,LAGGED_LAST;ROLLING_MEAN_COUNT;EWMA;LINEAR_TREND;RATE_PER_OPPORTUNITY;OPPONENT_ADJUSTED_RESIDUAL;MATCHUP_DIFFERENCE,EXPERIMENTAL,false,TARGET_SPECIFIC_EVALUATION_REQUIRED,W10 candidate seed only; no predictive usefulness or promotion is claimed.
FC-000175,RF-000238,SRC-001,SportsDataverse,play_by_play,yds_fumble_return,turnovers,HISTORICAL_AGGREGATE_ONLY,PIT_HISTORICAL_AGGREGATION_INPUT,PURE_AND_MARKET_ELIGIBLE,LAGGED_LAST;ROLLING_MEAN_COUNT;EWMA;LINEAR_TREND;RATE_PER_OPPORTUNITY;OPPONENT_ADJUSTED_RESIDUAL;MATCHUP_DIFFERENCE,EXPERIMENTAL,false,TARGET_SPECIFIC_EVALUATION_REQUIRED,W10 candidate seed only; no predictive usefulness or promotion is claimed.
FC-000176,RF-000239,SRC-001,SportsDataverse,play_by_play,yds_sacked,other,HISTORICAL_AGGREGATE_ONLY,PIT_HISTORICAL_AGGREGATION_INPUT,PURE_AND_MARKET_ELIGIBLE,LAGGED_LAST;ROLLING_MEAN_COUNT;EWMA;LINEAR_TREND,EXPERIMENTAL,false,TARGET_SPECIFIC_EVALUATION_REQUIRED,W10 candidate seed only; no predictive usefulness or promotion is claimed.
FC-000177,RF-000241,SRC-001,SportsDataverse,play_by_play,passer_player_name,passing_receiving,HISTORICAL_AGGREGATE_ONLY,PIT_HISTORICAL_AGGREGATION_INPUT,PURE_AND_MARKET_ELIGIBLE,LAGGED_LAST;ROLLING_MEAN_COUNT;EWMA;LINEAR_TREND;RATE_PER_OPPORTUNITY;OPPONENT_ADJUSTED_RESIDUAL;MATCHUP_DIFFERENCE,EXPERIMENTAL,false,TARGET_SPECIFIC_EVALUATION_REQUIRED,W10 candidate seed only; no predictive usefulness or promotion is claimed.
FC-000178,RF-000242,SRC-001,SportsDataverse,play_by_play,rusher_player_name,rushing,HISTORICAL_AGGREGATE_ONLY,PIT_HISTORICAL_AGGREGATION_INPUT,PURE_AND_MARKET_ELIGIBLE,LAGGED_LAST;ROLLING_MEAN_COUNT;EWMA;LINEAR_TREND;RATE_PER_OPPORTUNITY;OPPONENT_ADJUSTED_RESIDUAL;MATCHUP_DIFFERENCE,EXPERIMENTAL,false,TARGET_SPECIFIC_EVALUATION_REQUIRED,W10 candidate seed only; no predictive usefulness or promotion is claimed.
FC-000179,RF-000243,SRC-001,SportsDataverse,play_by_play,receiver_player_name,passing_receiving,HISTORICAL_AGGREGATE_ONLY,PIT_HISTORICAL_AGGREGATION_INPUT,PURE_AND_MARKET_ELIGIBLE,LAGGED_LAST;ROLLING_MEAN_COUNT;EWMA;LINEAR_TREND;RATE_PER_OPPORTUNITY;OPPONENT_ADJUSTED_RESIDUAL;MATCHUP_DIFFERENCE,EXPERIMENTAL,false,TARGET_SPECIFIC_EVALUATION_REQUIRED,W10 candidate seed only; no predictive usefulness or promotion is claimed.
FC-000180,RF-000246,SRC-001,SportsDataverse,play_by_play,pass_breakup_player_name,passing_receiving,HISTORICAL_AGGREGATE_ONLY,PIT_HISTORICAL_AGGREGATION_INPUT,PURE_AND_MARKET_ELIGIBLE,LAGGED_LAST;ROLLING_MEAN_COUNT;EWMA;LINEAR_TREND;RATE_PER_OPPORTUNITY;OPPONENT_ADJUSTED_RESIDUAL;MATCHUP_DIFFERENCE,EXPERIMENTAL,false,TARGET_SPECIFIC_EVALUATION_REQUIRED,W10 candidate seed only; no predictive usefulness or promotion is claimed.
FC-000181,RF-000248,SRC-001,SportsDataverse,play_by_play,fg_kicker_player_name,special_teams,HISTORICAL_AGGREGATE_ONLY,PIT_HISTORICAL_AGGREGATION_INPUT,PURE_AND_MARKET_ELIGIBLE,LAGGED_LAST;ROLLING_MEAN_COUNT;EWMA;LINEAR_TREND;RATE_PER_OPPORTUNITY;OPPONENT_ADJUSTED_RESIDUAL;MATCHUP_DIFFERENCE,EXPERIMENTAL,false,TARGET_SPECIFIC_EVALUATION_REQUIRED,W10 candidate seed only; no predictive usefulness or promotion is claimed.
FC-000182,RF-000249,SRC-001,SportsDataverse,play_by_play,fg_block_player_name,special_teams,HISTORICAL_AGGREGATE_ONLY,PIT_HISTORICAL_AGGREGATION_INPUT,PURE_AND_MARKET_ELIGIBLE,LAGGED_LAST;ROLLING_MEAN_COUNT;EWMA;LINEAR_TREND;RATE_PER_OPPORTUNITY;OPPONENT_ADJUSTED_RESIDUAL;MATCHUP_DIFFERENCE,EXPERIMENTAL,false,TARGET_SPECIFIC_EVALUATION_REQUIRED,W10 candidate seed only; no predictive usefulness or promotion is claimed.
FC-000183,RF-000250,SRC-001,SportsDataverse,play_by_play,fg_return_player_name,special_teams,HISTORICAL_AGGREGATE_ONLY,PIT_HISTORICAL_AGGREGATION_INPUT,PURE_AND_MARKET_ELIGIBLE,LAGGED_LAST;ROLLING_MEAN_COUNT;EWMA;LINEAR_TREND;RATE_PER_OPPORTUNITY;OPPONENT_ADJUSTED_RESIDUAL;MATCHUP_DIFFERENCE,EXPERIMENTAL,false,TARGET_SPECIFIC_EVALUATION_REQUIRED,W10 candidate seed only; no predictive usefulness or promotion is claimed.
FC-000184,RF-000251,SRC-001,SportsDataverse,play_by_play,kickoff_player_name,special_teams,HISTORICAL_AGGREGATE_ONLY,PIT_HISTORICAL_AGGREGATION_INPUT,PURE_AND_MARKET_ELIGIBLE,LAGGED_LAST;ROLLING_MEAN_COUNT;EWMA;LINEAR_TREND;RATE_PER_OPPORTUNITY;OPPONENT_ADJUSTED_RESIDUAL;MATCHUP_DIFFERENCE,EXPERIMENTAL,false,TARGET_SPECIFIC_EVALUATION_REQUIRED,W10 candidate seed only; no predictive usefulness or promotion is claimed.
FC-000185,RF-000252,SRC-001,SportsDataverse,play_by_play,kickoff_return_player_name,special_teams,HISTORICAL_AGGREGATE_ONLY,PIT_HISTORICAL_AGGREGATION_INPUT,PURE_AND_MARKET_ELIGIBLE,LAGGED_LAST;ROLLING_MEAN_COUNT;EWMA;LINEAR_TREND;RATE_PER_OPPORTUNITY;OPPONENT_ADJUSTED_RESIDUAL;MATCHUP_DIFFERENCE,EXPERIMENTAL,false,TARGET_SPECIFIC_EVALUATION_REQUIRED,W10 candidate seed only; no predictive usefulness or promotion is claimed.
FC-000186,RF-000253,SRC-001,SportsDataverse,play_by_play,punter_player_name,special_teams,HISTORICAL_AGGREGATE_ONLY,PIT_HISTORICAL_AGGREGATION_INPUT,PURE_AND_MARKET_ELIGIBLE,LAGGED_LAST;ROLLING_MEAN_COUNT;EWMA;LINEAR_TREND;RATE_PER_OPPORTUNITY;OPPONENT_ADJUSTED_RESIDUAL;MATCHUP_DIFFERENCE,EXPERIMENTAL,false,TARGET_SPECIFIC_EVALUATION_REQUIRED,W10 candidate seed only; no predictive usefulness or promotion is claimed.
FC-000187,RF-000254,SRC-001,SportsDataverse,play_by_play,punt_block_player_name,special_teams,HISTORICAL_AGGREGATE_ONLY,PIT_HISTORICAL_AGGREGATION_INPUT,PURE_AND_MARKET_ELIGIBLE,LAGGED_LAST;ROLLING_MEAN_COUNT;EWMA;LINEAR_TREND;RATE_PER_OPPORTUNITY;OPPONENT_ADJUSTED_RESIDUAL;MATCHUP_DIFFERENCE,EXPERIMENTAL,false,TARGET_SPECIFIC_EVALUATION_REQUIRED,W10 candidate seed only; no predictive usefulness or promotion is claimed.
FC-000188,RF-000255,SRC-001,SportsDataverse,play_by_play,punt_return_player_name,special_teams,HISTORICAL_AGGREGATE_ONLY,PIT_HISTORICAL_AGGREGATION_INPUT,PURE_AND_MARKET_ELIGIBLE,LAGGED_LAST;ROLLING_MEAN_COUNT;EWMA;LINEAR_TREND;RATE_PER_OPPORTUNITY;OPPONENT_ADJUSTED_RESIDUAL;MATCHUP_DIFFERENCE,EXPERIMENTAL,false,TARGET_SPECIFIC_EVALUATION_REQUIRED,W10 candidate seed only; no predictive usefulness or promotion is claimed.
FC-000189,RF-000256,SRC-001,SportsDataverse,play_by_play,punt_block_return_player_name,special_teams,HISTORICAL_AGGREGATE_ONLY,PIT_HISTORICAL_AGGREGATION_INPUT,PURE_AND_MARKET_ELIGIBLE,LAGGED_LAST;ROLLING_MEAN_COUNT;EWMA;LINEAR_TREND;RATE_PER_OPPORTUNITY;OPPONENT_ADJUSTED_RESIDUAL;MATCHUP_DIFFERENCE,EXPERIMENTAL,false,TARGET_SPECIFIC_EVALUATION_REQUIRED,W10 candidate seed only; no predictive usefulness or promotion is claimed.
FC-000190,RF-000257,SRC-001,SportsDataverse,play_by_play,fumble_player_name,turnovers,HISTORICAL_AGGREGATE_ONLY,PIT_HISTORICAL_AGGREGATION_INPUT,PURE_AND_MARKET_ELIGIBLE,LAGGED_LAST;ROLLING_MEAN_COUNT;EWMA;LINEAR_TREND;RATE_PER_OPPORTUNITY;OPPONENT_ADJUSTED_RESIDUAL;MATCHUP_DIFFERENCE,EXPERIMENTAL,false,TARGET_SPECIFIC_EVALUATION_REQUIRED,W10 candidate seed only; no predictive usefulness or promotion is claimed.
FC-000191,RF-000258,SRC-001,SportsDataverse,play_by_play,fumble_forced_player_name,turnovers,HISTORICAL_AGGREGATE_ONLY,PIT_HISTORICAL_AGGREGATION_INPUT,PURE_AND_MARKET_ELIGIBLE,LAGGED_LAST;ROLLING_MEAN_COUNT;EWMA;LINEAR_TREND;RATE_PER_OPPORTUNITY;OPPONENT_ADJUSTED_RESIDUAL;MATCHUP_DIFFERENCE,EXPERIMENTAL,false,TARGET_SPECIFIC_EVALUATION_REQUIRED,W10 candidate seed only; no predictive usefulness or promotion is claimed.
FC-000192,RF-000259,SRC-001,SportsDataverse,play_by_play,fumble_recovered_player_name,turnovers,HISTORICAL_AGGREGATE_ONLY,PIT_HISTORICAL_AGGREGATION_INPUT,PURE_AND_MARKET_ELIGIBLE,LAGGED_LAST;ROLLING_MEAN_COUNT;EWMA;LINEAR_TREND;RATE_PER_OPPORTUNITY;OPPONENT_ADJUSTED_RESIDUAL;MATCHUP_DIFFERENCE,EXPERIMENTAL,false,TARGET_SPECIFIC_EVALUATION_REQUIRED,W10 candidate seed only; no predictive usefulness or promotion is claimed.
FC-000193,RF-000260,SRC-001,SportsDataverse,play_by_play,new_down,situational_field_position,HISTORICAL_AGGREGATE_ONLY,PIT_HISTORICAL_AGGREGATION_INPUT,PURE_AND_MARKET_ELIGIBLE,LAGGED_LAST;ROLLING_MEAN_COUNT;EWMA;LINEAR_TREND;RATE_PER_OPPORTUNITY;OPPONENT_ADJUSTED_RESIDUAL;MATCHUP_DIFFERENCE,EXPERIMENTAL,false,TARGET_SPECIFIC_EVALUATION_REQUIRED,W10 candidate seed only; no predictive usefulness or promotion is claimed.
FC-000194,RF-000261,SRC-001,SportsDataverse,play_by_play,new_distance,situational_field_position,HISTORICAL_AGGREGATE_ONLY,PIT_HISTORICAL_AGGREGATION_INPUT,PURE_AND_MARKET_ELIGIBLE,LAGGED_LAST;ROLLING_MEAN_COUNT;EWMA;LINEAR_TREND;RATE_PER_OPPORTUNITY;OPPONENT_ADJUSTED_RESIDUAL;MATCHUP_DIFFERENCE,EXPERIMENTAL,false,TARGET_SPECIFIC_EVALUATION_REQUIRED,W10 candidate seed only; no predictive usefulness or promotion is claimed.
FC-000195,RF-000262,SRC-001,SportsDataverse,play_by_play,middle_8,other,HISTORICAL_AGGREGATE_ONLY,PIT_HISTORICAL_AGGREGATION_INPUT,PURE_AND_MARKET_ELIGIBLE,LAGGED_LAST;ROLLING_MEAN_COUNT;EWMA;LINEAR_TREND,EXPERIMENTAL,false,TARGET_SPECIFIC_EVALUATION_REQUIRED,W10 candidate seed only; no predictive usefulness or promotion is claimed.
FC-000196,RF-000263,SRC-001,SportsDataverse,play_by_play,rz_play,situational_field_position,HISTORICAL_AGGREGATE_ONLY,PIT_HISTORICAL_AGGREGATION_INPUT,PURE_AND_MARKET_ELIGIBLE,LAGGED_LAST;ROLLING_MEAN_COUNT;EWMA;LINEAR_TREND;RATE_PER_OPPORTUNITY;OPPONENT_ADJUSTED_RESIDUAL;MATCHUP_DIFFERENCE,EXPERIMENTAL,false,TARGET_SPECIFIC_EVALUATION_REQUIRED,W10 candidate seed only; no predictive usefulness or promotion is claimed.
FC-000197,RF-000264,SRC-001,SportsDataverse,play_by_play,under_2,other,HISTORICAL_AGGREGATE_ONLY,PIT_HISTORICAL_AGGREGATION_INPUT,PURE_AND_MARKET_ELIGIBLE,LAGGED_LAST;ROLLING_MEAN_COUNT;EWMA;LINEAR_TREND,EXPERIMENTAL,false,TARGET_SPECIFIC_EVALUATION_REQUIRED,W10 candidate seed only; no predictive usefulness or promotion is claimed.
FC-000198,RF-000265,SRC-001,SportsDataverse,play_by_play,goal_to_go,other,HISTORICAL_AGGREGATE_ONLY,PIT_HISTORICAL_AGGREGATION_INPUT,PURE_AND_MARKET_ELIGIBLE,LAGGED_LAST;ROLLING_MEAN_COUNT;EWMA;LINEAR_TREND,EXPERIMENTAL,false,TARGET_SPECIFIC_EVALUATION_REQUIRED,W10 candidate seed only; no predictive usefulness or promotion is claimed.
FC-000199,RF-000266,SRC-001,SportsDataverse,play_by_play,scoring_opp,other,HISTORICAL_AGGREGATE_ONLY,PIT_HISTORICAL_AGGREGATION_INPUT,PURE_AND_MARKET_ELIGIBLE,LAGGED_LAST;ROLLING_MEAN_COUNT;EWMA;LINEAR_TREND,EXPERIMENTAL,false,TARGET_SPECIFIC_EVALUATION_REQUIRED,W10 candidate seed only; no predictive usefulness or promotion is claimed.
FC-000200,RF-000267,SRC-001,SportsDataverse,play_by_play,stuffed_run,rushing,HISTORICAL_AGGREGATE_ONLY,PIT_HISTORICAL_AGGREGATION_INPUT,PURE_AND_MARKET_ELIGIBLE,LAGGED_LAST;ROLLING_MEAN_COUNT;EWMA;LINEAR_TREND;RATE_PER_OPPORTUNITY;OPPONENT_ADJUSTED_RESIDUAL;MATCHUP_DIFFERENCE,EXPERIMENTAL,false,TARGET_SPECIFIC_EVALUATION_REQUIRED,W10 candidate seed only; no predictive usefulness or promotion is claimed.
FC-000201,RF-000268,SRC-001,SportsDataverse,play_by_play,stopped_run,other,HISTORICAL_AGGREGATE_ONLY,PIT_HISTORICAL_AGGREGATION_INPUT,PURE_AND_MARKET_ELIGIBLE,LAGGED_LAST;ROLLING_MEAN_COUNT;EWMA;LINEAR_TREND,EXPERIMENTAL,false,TARGET_SPECIFIC_EVALUATION_REQUIRED,W10 candidate seed only; no predictive usefulness or promotion is claimed.
FC-000202,RF-000269,SRC-001,SportsDataverse,play_by_play,opportunity_run,rushing,HISTORICAL_AGGREGATE_ONLY,PIT_HISTORICAL_AGGREGATION_INPUT,PURE_AND_MARKET_ELIGIBLE,LAGGED_LAST;ROLLING_MEAN_COUNT;EWMA;LINEAR_TREND;RATE_PER_OPPORTUNITY;OPPONENT_ADJUSTED_RESIDUAL;MATCHUP_DIFFERENCE,EXPERIMENTAL,false,TARGET_SPECIFIC_EVALUATION_REQUIRED,W10 candidate seed only; no predictive usefulness or promotion is claimed.
FC-000203,RF-000270,SRC-001,SportsDataverse,play_by_play,highlight_run,rushing,HISTORICAL_AGGREGATE_ONLY,PIT_HISTORICAL_AGGREGATION_INPUT,PURE_AND_MARKET_ELIGIBLE,LAGGED_LAST;ROLLING_MEAN_COUNT;EWMA;LINEAR_TREND;RATE_PER_OPPORTUNITY;OPPONENT_ADJUSTED_RESIDUAL;MATCHUP_DIFFERENCE,EXPERIMENTAL,false,TARGET_SPECIFIC_EVALUATION_REQUIRED,W10 candidate seed only; no predictive usefulness or promotion is claimed.
FC-000204,RF-000271,SRC-001,SportsDataverse,play_by_play,adj_rush_yardage,rushing,HISTORICAL_AGGREGATE_ONLY,PIT_HISTORICAL_AGGREGATION_INPUT,PURE_AND_MARKET_ELIGIBLE,LAGGED_LAST;ROLLING_MEAN_COUNT;EWMA;LINEAR_TREND;RATE_PER_OPPORTUNITY;OPPONENT_ADJUSTED_RESIDUAL;MATCHUP_DIFFERENCE,EXPERIMENTAL,false,TARGET_SPECIFIC_EVALUATION_REQUIRED,W10 candidate seed only; no predictive usefulness or promotion is claimed.
FC-000205,RF-000272,SRC-001,SportsDataverse,play_by_play,line_yards,rushing,HISTORICAL_AGGREGATE_ONLY,PIT_HISTORICAL_AGGREGATION_INPUT,PURE_AND_MARKET_ELIGIBLE,LAGGED_LAST;ROLLING_MEAN_COUNT;EWMA;LINEAR_TREND;RATE_PER_OPPORTUNITY;OPPONENT_ADJUSTED_RESIDUAL;MATCHUP_DIFFERENCE,EXPERIMENTAL,false,TARGET_SPECIFIC_EVALUATION_REQUIRED,W10 candidate seed only; no predictive usefulness or promotion is claimed.
FC-000206,RF-000273,SRC-001,SportsDataverse,play_by_play,second_level_yards,situational_field_position,HISTORICAL_AGGREGATE_ONLY,PIT_HISTORICAL_AGGREGATION_INPUT,PURE_AND_MARKET_ELIGIBLE,LAGGED_LAST;ROLLING_MEAN_COUNT;EWMA;LINEAR_TREND;RATE_PER_OPPORTUNITY;OPPONENT_ADJUSTED_RESIDUAL;MATCHUP_DIFFERENCE,EXPERIMENTAL,false,TARGET_SPECIFIC_EVALUATION_REQUIRED,W10 candidate seed only; no predictive usefulness or promotion is claimed.
FC-000207,RF-000274,SRC-001,SportsDataverse,play_by_play,open_field_yards,penalties,HISTORICAL_AGGREGATE_ONLY,PIT_HISTORICAL_AGGREGATION_INPUT,PURE_AND_MARKET_ELIGIBLE,LAGGED_LAST;ROLLING_MEAN_COUNT;EWMA;LINEAR_TREND;RATE_PER_OPPORTUNITY;OPPONENT_ADJUSTED_RESIDUAL;MATCHUP_DIFFERENCE,EXPERIMENTAL,false,TARGET_SPECIFIC_EVALUATION_REQUIRED,W10 candidate seed only; no predictive usefulness or promotion is claimed.
FC-000208,RF-000275,SRC-001,SportsDataverse,play_by_play,highlight_yards,rushing,HISTORICAL_AGGREGATE_ONLY,PIT_HISTORICAL_AGGREGATION_INPUT,PURE_AND_MARKET_ELIGIBLE,LAGGED_LAST;ROLLING_MEAN_COUNT;EWMA;LINEAR_TREND;RATE_PER_OPPORTUNITY;OPPONENT_ADJUSTED_RESIDUAL;MATCHUP_DIFFERENCE,EXPERIMENTAL,false,TARGET_SPECIFIC_EVALUATION_REQUIRED,W10 candidate seed only; no predictive usefulness or promotion is claimed.
FC-000209,RF-000276,SRC-001,SportsDataverse,play_by_play,opp_highlight_yards,rushing,HISTORICAL_AGGREGATE_ONLY,PIT_HISTORICAL_AGGREGATION_INPUT,PURE_AND_MARKET_ELIGIBLE,LAGGED_LAST;ROLLING_MEAN_COUNT;EWMA;LINEAR_TREND;RATE_PER_OPPORTUNITY;OPPONENT_ADJUSTED_RESIDUAL;MATCHUP_DIFFERENCE,EXPERIMENTAL,false,TARGET_SPECIFIC_EVALUATION_REQUIRED,W10 candidate seed only; no predictive usefulness or promotion is claimed.
FC-000210,RF-000277,SRC-001,SportsDataverse,play_by_play,short_rush_success,rushing,HISTORICAL_AGGREGATE_ONLY,PIT_HISTORICAL_AGGREGATION_INPUT,PURE_AND_MARKET_ELIGIBLE,LAGGED_LAST;ROLLING_MEAN_COUNT;EWMA;LINEAR_TREND;RATE_PER_OPPORTUNITY;OPPONENT_ADJUSTED_RESIDUAL;MATCHUP_DIFFERENCE,EXPERIMENTAL,false,TARGET_SPECIFIC_EVALUATION_REQUIRED,W10 candidate seed only; no predictive usefulness or promotion is claimed.
FC-000211,RF-000278,SRC-001,SportsDataverse,play_by_play,short_rush_attempt,rushing,HISTORICAL_AGGREGATE_ONLY,PIT_HISTORICAL_AGGREGATION_INPUT,PURE_AND_MARKET_ELIGIBLE,LAGGED_LAST;ROLLING_MEAN_COUNT;EWMA;LINEAR_TREND;RATE_PER_OPPORTUNITY;OPPONENT_ADJUSTED_RESIDUAL;MATCHUP_DIFFERENCE,EXPERIMENTAL,false,TARGET_SPECIFIC_EVALUATION_REQUIRED,W10 candidate seed only; no predictive usefulness or promotion is claimed.
FC-000212,RF-000279,SRC-001,SportsDataverse,play_by_play,power_rush_success,rushing,HISTORICAL_AGGREGATE_ONLY,PIT_HISTORICAL_AGGREGATION_INPUT,PURE_AND_MARKET_ELIGIBLE,LAGGED_LAST;ROLLING_MEAN_COUNT;EWMA;LINEAR_TREND;RATE_PER_OPPORTUNITY;OPPONENT_ADJUSTED_RESIDUAL;MATCHUP_DIFFERENCE,EXPERIMENTAL,false,TARGET_SPECIFIC_EVALUATION_REQUIRED,W10 candidate seed only; no predictive usefulness or promotion is claimed.
FC-000213,RF-000280,SRC-001,SportsDataverse,play_by_play,power_rush_attempt,rushing,HISTORICAL_AGGREGATE_ONLY,PIT_HISTORICAL_AGGREGATION_INPUT,PURE_AND_MARKET_ELIGIBLE,LAGGED_LAST;ROLLING_MEAN_COUNT;EWMA;LINEAR_TREND;RATE_PER_OPPORTUNITY;OPPONENT_ADJUSTED_RESIDUAL;MATCHUP_DIFFERENCE,EXPERIMENTAL,false,TARGET_SPECIFIC_EVALUATION_REQUIRED,W10 candidate seed only; no predictive usefulness or promotion is claimed.
FC-000214,RF-000281,SRC-001,SportsDataverse,play_by_play,early_down,situational_field_position,HISTORICAL_AGGREGATE_ONLY,PIT_HISTORICAL_AGGREGATION_INPUT,PURE_AND_MARKET_ELIGIBLE,LAGGED_LAST;ROLLING_MEAN_COUNT;EWMA;LINEAR_TREND;RATE_PER_OPPORTUNITY;OPPONENT_ADJUSTED_RESIDUAL;MATCHUP_DIFFERENCE,EXPERIMENTAL,false,TARGET_SPECIFIC_EVALUATION_REQUIRED,W10 candidate seed only; no predictive usefulness or promotion is claimed.
FC-000215,RF-000282,SRC-001,SportsDataverse,play_by_play,late_down,situational_field_position,HISTORICAL_AGGREGATE_ONLY,PIT_HISTORICAL_AGGREGATION_INPUT,PURE_AND_MARKET_ELIGIBLE,LAGGED_LAST;ROLLING_MEAN_COUNT;EWMA;LINEAR_TREND;RATE_PER_OPPORTUNITY;OPPONENT_ADJUSTED_RESIDUAL;MATCHUP_DIFFERENCE,EXPERIMENTAL,false,TARGET_SPECIFIC_EVALUATION_REQUIRED,W10 candidate seed only; no predictive usefulness or promotion is claimed.
FC-000216,RF-000283,SRC-001,SportsDataverse,play_by_play,early_down_pass,passing_receiving,HISTORICAL_AGGREGATE_ONLY,PIT_HISTORICAL_AGGREGATION_INPUT,PURE_AND_MARKET_ELIGIBLE,LAGGED_LAST;ROLLING_MEAN_COUNT;EWMA;LINEAR_TREND;RATE_PER_OPPORTUNITY;OPPONENT_ADJUSTED_RESIDUAL;MATCHUP_DIFFERENCE,EXPERIMENTAL,false,TARGET_SPECIFIC_EVALUATION_REQUIRED,W10 candidate seed only; no predictive usefulness or promotion is claimed.
FC-000217,RF-000284,SRC-001,SportsDataverse,play_by_play,early_down_rush,rushing,HISTORICAL_AGGREGATE_ONLY,PIT_HISTORICAL_AGGREGATION_INPUT,PURE_AND_MARKET_ELIGIBLE,LAGGED_LAST;ROLLING_MEAN_COUNT;EWMA;LINEAR_TREND;RATE_PER_OPPORTUNITY;OPPONENT_ADJUSTED_RESIDUAL;MATCHUP_DIFFERENCE,EXPERIMENTAL,false,TARGET_SPECIFIC_EVALUATION_REQUIRED,W10 candidate seed only; no predictive usefulness or promotion is claimed.
FC-000218,RF-000285,SRC-001,SportsDataverse,play_by_play,late_down_pass,passing_receiving,HISTORICAL_AGGREGATE_ONLY,PIT_HISTORICAL_AGGREGATION_INPUT,PURE_AND_MARKET_ELIGIBLE,LAGGED_LAST;ROLLING_MEAN_COUNT;EWMA;LINEAR_TREND;RATE_PER_OPPORTUNITY;OPPONENT_ADJUSTED_RESIDUAL;MATCHUP_DIFFERENCE,EXPERIMENTAL,false,TARGET_SPECIFIC_EVALUATION_REQUIRED,W10 candidate seed only; no predictive usefulness or promotion is claimed.
FC-000219,RF-000286,SRC-001,SportsDataverse,play_by_play,late_down_rush,rushing,HISTORICAL_AGGREGATE_ONLY,PIT_HISTORICAL_AGGREGATION_INPUT,PURE_AND_MARKET_ELIGIBLE,LAGGED_LAST;ROLLING_MEAN_COUNT;EWMA;LINEAR_TREND;RATE_PER_OPPORTUNITY;OPPONENT_ADJUSTED_RESIDUAL;MATCHUP_DIFFERENCE,EXPERIMENTAL,false,TARGET_SPECIFIC_EVALUATION_REQUIRED,W10 candidate seed only; no predictive usefulness or promotion is claimed.
FC-000220,RF-000287,SRC-001,SportsDataverse,play_by_play,standard_down,situational_field_position,HISTORICAL_AGGREGATE_ONLY,PIT_HISTORICAL_AGGREGATION_INPUT,PURE_AND_MARKET_ELIGIBLE,LAGGED_LAST;ROLLING_MEAN_COUNT;EWMA;LINEAR_TREND;RATE_PER_OPPORTUNITY;OPPONENT_ADJUSTED_RESIDUAL;MATCHUP_DIFFERENCE,EXPERIMENTAL,false,TARGET_SPECIFIC_EVALUATION_REQUIRED,W10 candidate seed only; no predictive usefulness or promotion is claimed.
FC-000221,RF-000288,SRC-001,SportsDataverse,play_by_play,passing_down,passing_receiving,HISTORICAL_AGGREGATE_ONLY,PIT_HISTORICAL_AGGREGATION_INPUT,PURE_AND_MARKET_ELIGIBLE,LAGGED_LAST;ROLLING_MEAN_COUNT;EWMA;LINEAR_TREND;RATE_PER_OPPORTUNITY;OPPONENT_ADJUSTED_RESIDUAL;MATCHUP_DIFFERENCE,EXPERIMENTAL,false,TARGET_SPECIFIC_EVALUATION_REQUIRED,W10 candidate seed only; no predictive usefulness or promotion is claimed.
FC-000222,RF-000289,SRC-001,SportsDataverse,play_by_play,TFL,other,HISTORICAL_AGGREGATE_ONLY,PIT_HISTORICAL_AGGREGATION_INPUT,PURE_AND_MARKET_ELIGIBLE,LAGGED_LAST;ROLLING_MEAN_COUNT;EWMA;LINEAR_TREND,EXPERIMENTAL,false,TARGET_SPECIFIC_EVALUATION_REQUIRED,W10 candidate seed only; no predictive usefulness or promotion is claimed.
FC-000223,RF-000290,SRC-001,SportsDataverse,play_by_play,TFL_pass,passing_receiving,HISTORICAL_AGGREGATE_ONLY,PIT_HISTORICAL_AGGREGATION_INPUT,PURE_AND_MARKET_ELIGIBLE,LAGGED_LAST;ROLLING_MEAN_COUNT;EWMA;LINEAR_TREND;RATE_PER_OPPORTUNITY;OPPONENT_ADJUSTED_RESIDUAL;MATCHUP_DIFFERENCE,EXPERIMENTAL,false,TARGET_SPECIFIC_EVALUATION_REQUIRED,W10 candidate seed only; no predictive usefulness or promotion is claimed.
FC-000224,RF-000291,SRC-001,SportsDataverse,play_by_play,TFL_rush,rushing,HISTORICAL_AGGREGATE_ONLY,PIT_HISTORICAL_AGGREGATION_INPUT,PURE_AND_MARKET_ELIGIBLE,LAGGED_LAST;ROLLING_MEAN_COUNT;EWMA;LINEAR_TREND;RATE_PER_OPPORTUNITY;OPPONENT_ADJUSTED_RESIDUAL;MATCHUP_DIFFERENCE,EXPERIMENTAL,false,TARGET_SPECIFIC_EVALUATION_REQUIRED,W10 candidate seed only; no predictive usefulness or promotion is claimed.
FC-000225,RF-000292,SRC-001,SportsDataverse,play_by_play,havoc,advanced_efficiency_probability,HISTORICAL_AGGREGATE_ONLY,PIT_HISTORICAL_AGGREGATION_INPUT,PURE_AND_MARKET_ELIGIBLE,LAGGED_LAST;ROLLING_MEAN_COUNT;EWMA;LINEAR_TREND;RATE_PER_OPPORTUNITY;OPPONENT_ADJUSTED_RESIDUAL;MATCHUP_DIFFERENCE,EXPERIMENTAL,false,TARGET_SPECIFIC_EVALUATION_REQUIRED,W10 candidate seed only; no predictive usefulness or promotion is claimed.
FC-000226,RF-000293,SRC-001,SportsDataverse,play_by_play,start.pos_team_spread,market_betting,HISTORICAL_AGGREGATE_ONLY,PIT_HISTORICAL_AGGREGATION_INPUT,MARKET_AUGMENTED_ONLY,ASOF_VALUE;PRIOR_CHANGE,EXPERIMENTAL,false,TARGET_SPECIFIC_EVALUATION_REQUIRED,W10 candidate seed only; no predictive usefulness or promotion is claimed.
FC-000227,RF-000294,SRC-001,SportsDataverse,play_by_play,start.elapsed_share,other,HISTORICAL_AGGREGATE_ONLY,PIT_HISTORICAL_AGGREGATION_INPUT,PURE_AND_MARKET_ELIGIBLE,LAGGED_LAST;ROLLING_MEAN_COUNT;EWMA;LINEAR_TREND,EXPERIMENTAL,false,TARGET_SPECIFIC_EVALUATION_REQUIRED,W10 candidate seed only; no predictive usefulness or promotion is claimed.
FC-000228,RF-000295,SRC-001,SportsDataverse,play_by_play,start.spread_time,market_betting,HISTORICAL_AGGREGATE_ONLY,PIT_HISTORICAL_AGGREGATION_INPUT,MARKET_AUGMENTED_ONLY,ASOF_VALUE;PRIOR_CHANGE,EXPERIMENTAL,false,TARGET_SPECIFIC_EVALUATION_REQUIRED,W10 candidate seed only; no predictive usefulness or promotion is claimed.
FC-000229,RF-000299,SRC-001,SportsDataverse,play_by_play,down,situational_field_position,HISTORICAL_AGGREGATE_ONLY,PIT_HISTORICAL_AGGREGATION_INPUT,PURE_AND_MARKET_ELIGIBLE,LAGGED_LAST;ROLLING_MEAN_COUNT;EWMA;LINEAR_TREND;RATE_PER_OPPORTUNITY;OPPONENT_ADJUSTED_RESIDUAL;MATCHUP_DIFFERENCE,EXPERIMENTAL,false,TARGET_SPECIFIC_EVALUATION_REQUIRED,W10 candidate seed only; no predictive usefulness or promotion is claimed.
FC-000230,RF-000300,SRC-001,SportsDataverse,play_by_play,distance,situational_field_position,HISTORICAL_AGGREGATE_ONLY,PIT_HISTORICAL_AGGREGATION_INPUT,PURE_AND_MARKET_ELIGIBLE,LAGGED_LAST;ROLLING_MEAN_COUNT;EWMA;LINEAR_TREND;RATE_PER_OPPORTUNITY;OPPONENT_ADJUSTED_RESIDUAL;MATCHUP_DIFFERENCE,EXPERIMENTAL,false,TARGET_SPECIFIC_EVALUATION_REQUIRED,W10 candidate seed only; no predictive usefulness or promotion is claimed.
FC-000231,RF-000301,SRC-001,SportsDataverse,play_by_play,start.yardsToEndzone.touchback,situational_field_position,HISTORICAL_AGGREGATE_ONLY,PIT_HISTORICAL_AGGREGATION_INPUT,PURE_AND_MARKET_ELIGIBLE,LAGGED_LAST;ROLLING_MEAN_COUNT;EWMA;LINEAR_TREND;RATE_PER_OPPORTUNITY;OPPONENT_ADJUSTED_RESIDUAL;MATCHUP_DIFFERENCE,EXPERIMENTAL,false,TARGET_SPECIFIC_EVALUATION_REQUIRED,W10 candidate seed only; no predictive usefulness or promotion is claimed.
FC-000232,RF-000302,SRC-001,SportsDataverse,play_by_play,EP_start_touchback,other,HISTORICAL_AGGREGATE_ONLY,PIT_HISTORICAL_AGGREGATION_INPUT,PURE_AND_MARKET_ELIGIBLE,LAGGED_LAST;ROLLING_MEAN_COUNT;EWMA;LINEAR_TREND,EXPERIMENTAL,false,TARGET_SPECIFIC_EVALUATION_REQUIRED,W10 candidate seed only; no predictive usefulness or promotion is claimed.
FC-000233,RF-000303,SRC-001,SportsDataverse,play_by_play,EP_start,other,HISTORICAL_AGGREGATE_ONLY,PIT_HISTORICAL_AGGREGATION_INPUT,PURE_AND_MARKET_ELIGIBLE,LAGGED_LAST;ROLLING_MEAN_COUNT;EWMA;LINEAR_TREND,EXPERIMENTAL,false,TARGET_SPECIFIC_EVALUATION_REQUIRED,W10 candidate seed only; no predictive usefulness or promotion is claimed.
FC-000234,RF-000304,SRC-001,SportsDataverse,play_by_play,EP_end,other,HISTORICAL_AGGREGATE_ONLY,PIT_HISTORICAL_AGGREGATION_INPUT,PURE_AND_MARKET_ELIGIBLE,LAGGED_LAST;ROLLING_MEAN_COUNT;EWMA;LINEAR_TREND,EXPERIMENTAL,false,TARGET_SPECIFIC_EVALUATION_REQUIRED,W10 candidate seed only; no predictive usefulness or promotion is claimed.
FC-000235,RF-000305,SRC-001,SportsDataverse,play_by_play,lag_EP_end,other,HISTORICAL_AGGREGATE_ONLY,PIT_HISTORICAL_AGGREGATION_INPUT,PURE_AND_MARKET_ELIGIBLE,LAGGED_LAST;ROLLING_MEAN_COUNT;EWMA;LINEAR_TREND,EXPERIMENTAL,false,TARGET_SPECIFIC_EVALUATION_REQUIRED,W10 candidate seed only; no predictive usefulness or promotion is claimed.
FC-000236,RF-000307,SRC-001,SportsDataverse,play_by_play,EP_between,other,HISTORICAL_AGGREGATE_ONLY,PIT_HISTORICAL_AGGREGATION_INPUT,PURE_AND_MARKET_ELIGIBLE,LAGGED_LAST;ROLLING_MEAN_COUNT;EWMA;LINEAR_TREND,EXPERIMENTAL,false,TARGET_SPECIFIC_EVALUATION_REQUIRED,W10 candidate seed only; no predictive usefulness or promotion is claimed.
FC-000237,RF-000308,SRC-001,SportsDataverse,play_by_play,EPA,advanced_efficiency_probability,HISTORICAL_AGGREGATE_ONLY,PIT_HISTORICAL_AGGREGATION_INPUT,PURE_AND_MARKET_ELIGIBLE,LAGGED_LAST;ROLLING_MEAN_COUNT;EWMA;LINEAR_TREND;RATE_PER_OPPORTUNITY;OPPONENT_ADJUSTED_RESIDUAL;MATCHUP_DIFFERENCE,EXPERIMENTAL,false,TARGET_SPECIFIC_EVALUATION_REQUIRED,W10 candidate seed only; no predictive usefulness or promotion is claimed.
FC-000238,RF-000309,SRC-001,SportsDataverse,play_by_play,def_EPA,advanced_efficiency_probability,HISTORICAL_AGGREGATE_ONLY,PIT_HISTORICAL_AGGREGATION_INPUT,PURE_AND_MARKET_ELIGIBLE,LAGGED_LAST;ROLLING_MEAN_COUNT;EWMA;LINEAR_TREND;RATE_PER_OPPORTUNITY;OPPONENT_ADJUSTED_RESIDUAL;MATCHUP_DIFFERENCE,EXPERIMENTAL,false,TARGET_SPECIFIC_EVALUATION_REQUIRED,W10 candidate seed only; no predictive usefulness or promotion is claimed.
FC-000239,RF-000310,SRC-001,SportsDataverse,play_by_play,EPA_scrimmage,advanced_efficiency_probability,HISTORICAL_AGGREGATE_ONLY,PIT_HISTORICAL_AGGREGATION_INPUT,PURE_AND_MARKET_ELIGIBLE,LAGGED_LAST;ROLLING_MEAN_COUNT;EWMA;LINEAR_TREND;RATE_PER_OPPORTUNITY;OPPONENT_ADJUSTED_RESIDUAL;MATCHUP_DIFFERENCE,EXPERIMENTAL,false,TARGET_SPECIFIC_EVALUATION_REQUIRED,W10 candidate seed only; no predictive usefulness or promotion is claimed.
FC-000240,RF-000311,SRC-001,SportsDataverse,play_by_play,EPA_rush,rushing,HISTORICAL_AGGREGATE_ONLY,PIT_HISTORICAL_AGGREGATION_INPUT,PURE_AND_MARKET_ELIGIBLE,LAGGED_LAST;ROLLING_MEAN_COUNT;EWMA;LINEAR_TREND;RATE_PER_OPPORTUNITY;OPPONENT_ADJUSTED_RESIDUAL;MATCHUP_DIFFERENCE,EXPERIMENTAL,false,TARGET_SPECIFIC_EVALUATION_REQUIRED,W10 candidate seed only; no predictive usefulness or promotion is claimed.
FC-000241,RF-000312,SRC-001,SportsDataverse,play_by_play,EPA_pass,passing_receiving,HISTORICAL_AGGREGATE_ONLY,PIT_HISTORICAL_AGGREGATION_INPUT,PURE_AND_MARKET_ELIGIBLE,LAGGED_LAST;ROLLING_MEAN_COUNT;EWMA;LINEAR_TREND;RATE_PER_OPPORTUNITY;OPPONENT_ADJUSTED_RESIDUAL;MATCHUP_DIFFERENCE,EXPERIMENTAL,false,TARGET_SPECIFIC_EVALUATION_REQUIRED,W10 candidate seed only; no predictive usefulness or promotion is claimed.
FC-000242,RF-000313,SRC-001,SportsDataverse,play_by_play,EPA_explosive,advanced_efficiency_probability,HISTORICAL_AGGREGATE_ONLY,PIT_HISTORICAL_AGGREGATION_INPUT,PURE_AND_MARKET_ELIGIBLE,LAGGED_LAST;ROLLING_MEAN_COUNT;EWMA;LINEAR_TREND;RATE_PER_OPPORTUNITY;OPPONENT_ADJUSTED_RESIDUAL;MATCHUP_DIFFERENCE,EXPERIMENTAL,false,TARGET_SPECIFIC_EVALUATION_REQUIRED,W10 candidate seed only; no predictive usefulness or promotion is claimed.
FC-000243,RF-000314,SRC-001,SportsDataverse,play_by_play,EPA_non_explosive,advanced_efficiency_probability,HISTORICAL_AGGREGATE_ONLY,PIT_HISTORICAL_AGGREGATION_INPUT,PURE_AND_MARKET_ELIGIBLE,LAGGED_LAST;ROLLING_MEAN_COUNT;EWMA;LINEAR_TREND;RATE_PER_OPPORTUNITY;OPPONENT_ADJUSTED_RESIDUAL;MATCHUP_DIFFERENCE,EXPERIMENTAL,false,TARGET_SPECIFIC_EVALUATION_REQUIRED,W10 candidate seed only; no predictive usefulness or promotion is claimed.
FC-000244,RF-000315,SRC-001,SportsDataverse,play_by_play,EPA_explosive_pass,passing_receiving,HISTORICAL_AGGREGATE_ONLY,PIT_HISTORICAL_AGGREGATION_INPUT,PURE_AND_MARKET_ELIGIBLE,LAGGED_LAST;ROLLING_MEAN_COUNT;EWMA;LINEAR_TREND;RATE_PER_OPPORTUNITY;OPPONENT_ADJUSTED_RESIDUAL;MATCHUP_DIFFERENCE,EXPERIMENTAL,false,TARGET_SPECIFIC_EVALUATION_REQUIRED,W10 candidate seed only; no predictive usefulness or promotion is claimed.
FC-000245,RF-000316,SRC-001,SportsDataverse,play_by_play,EPA_explosive_rush,rushing,HISTORICAL_AGGREGATE_ONLY,PIT_HISTORICAL_AGGREGATION_INPUT,PURE_AND_MARKET_ELIGIBLE,LAGGED_LAST;ROLLING_MEAN_COUNT;EWMA;LINEAR_TREND;RATE_PER_OPPORTUNITY;OPPONENT_ADJUSTED_RESIDUAL;MATCHUP_DIFFERENCE,EXPERIMENTAL,false,TARGET_SPECIFIC_EVALUATION_REQUIRED,W10 candidate seed only; no predictive usefulness or promotion is claimed.
FC-000246,RF-000317,SRC-001,SportsDataverse,play_by_play,first_down_created,situational_field_position,HISTORICAL_AGGREGATE_ONLY,PIT_HISTORICAL_AGGREGATION_INPUT,PURE_AND_MARKET_ELIGIBLE,LAGGED_LAST;ROLLING_MEAN_COUNT;EWMA;LINEAR_TREND;RATE_PER_OPPORTUNITY;OPPONENT_ADJUSTED_RESIDUAL;MATCHUP_DIFFERENCE,EXPERIMENTAL,false,TARGET_SPECIFIC_EVALUATION_REQUIRED,W10 candidate seed only; no predictive usefulness or promotion is claimed.
FC-000247,RF-000318,SRC-001,SportsDataverse,play_by_play,EPA_success,advanced_efficiency_probability,HISTORICAL_AGGREGATE_ONLY,PIT_HISTORICAL_AGGREGATION_INPUT,PURE_AND_MARKET_ELIGIBLE,LAGGED_LAST;ROLLING_MEAN_COUNT;EWMA;LINEAR_TREND;RATE_PER_OPPORTUNITY;OPPONENT_ADJUSTED_RESIDUAL;MATCHUP_DIFFERENCE,EXPERIMENTAL,false,TARGET_SPECIFIC_EVALUATION_REQUIRED,W10 candidate seed only; no predictive usefulness or promotion is claimed.
FC-000248,RF-000319,SRC-001,SportsDataverse,play_by_play,EPA_success_early_down,advanced_efficiency_probability,HISTORICAL_AGGREGATE_ONLY,PIT_HISTORICAL_AGGREGATION_INPUT,PURE_AND_MARKET_ELIGIBLE,LAGGED_LAST;ROLLING_MEAN_COUNT;EWMA;LINEAR_TREND;RATE_PER_OPPORTUNITY;OPPONENT_ADJUSTED_RESIDUAL;MATCHUP_DIFFERENCE,EXPERIMENTAL,false,TARGET_SPECIFIC_EVALUATION_REQUIRED,W10 candidate seed only; no predictive usefulness or promotion is claimed.
FC-000249,RF-000320,SRC-001,SportsDataverse,play_by_play,EPA_success_early_down_pass,passing_receiving,HISTORICAL_AGGREGATE_ONLY,PIT_HISTORICAL_AGGREGATION_INPUT,PURE_AND_MARKET_ELIGIBLE,LAGGED_LAST;ROLLING_MEAN_COUNT;EWMA;LINEAR_TREND;RATE_PER_OPPORTUNITY;OPPONENT_ADJUSTED_RESIDUAL;MATCHUP_DIFFERENCE,EXPERIMENTAL,false,TARGET_SPECIFIC_EVALUATION_REQUIRED,W10 candidate seed only; no predictive usefulness or promotion is claimed.
FC-000250,RF-000321,SRC-001,SportsDataverse,play_by_play,EPA_success_early_down_rush,rushing,HISTORICAL_AGGREGATE_ONLY,PIT_HISTORICAL_AGGREGATION_INPUT,PURE_AND_MARKET_ELIGIBLE,LAGGED_LAST;ROLLING_MEAN_COUNT;EWMA;LINEAR_TREND;RATE_PER_OPPORTUNITY;OPPONENT_ADJUSTED_RESIDUAL;MATCHUP_DIFFERENCE,EXPERIMENTAL,false,TARGET_SPECIFIC_EVALUATION_REQUIRED,W10 candidate seed only; no predictive usefulness or promotion is claimed.
FC-000251,RF-000322,SRC-001,SportsDataverse,play_by_play,EPA_success_late_down,advanced_efficiency_probability,HISTORICAL_AGGREGATE_ONLY,PIT_HISTORICAL_AGGREGATION_INPUT,PURE_AND_MARKET_ELIGIBLE,LAGGED_LAST;ROLLING_MEAN_COUNT;EWMA;LINEAR_TREND;RATE_PER_OPPORTUNITY;OPPONENT_ADJUSTED_RESIDUAL;MATCHUP_DIFFERENCE,EXPERIMENTAL,false,TARGET_SPECIFIC_EVALUATION_REQUIRED,W10 candidate seed only; no predictive usefulness or promotion is claimed.
FC-000252,RF-000323,SRC-001,SportsDataverse,play_by_play,EPA_success_late_down_pass,passing_receiving,HISTORICAL_AGGREGATE_ONLY,PIT_HISTORICAL_AGGREGATION_INPUT,PURE_AND_MARKET_ELIGIBLE,LAGGED_LAST;ROLLING_MEAN_COUNT;EWMA;LINEAR_TREND;RATE_PER_OPPORTUNITY;OPPONENT_ADJUSTED_RESIDUAL;MATCHUP_DIFFERENCE,EXPERIMENTAL,false,TARGET_SPECIFIC_EVALUATION_REQUIRED,W10 candidate seed only; no predictive usefulness or promotion is claimed.
FC-000253,RF-000324,SRC-001,SportsDataverse,play_by_play,EPA_success_late_down_rush,rushing,HISTORICAL_AGGREGATE_ONLY,PIT_HISTORICAL_AGGREGATION_INPUT,PURE_AND_MARKET_ELIGIBLE,LAGGED_LAST;ROLLING_MEAN_COUNT;EWMA;LINEAR_TREND;RATE_PER_OPPORTUNITY;OPPONENT_ADJUSTED_RESIDUAL;MATCHUP_DIFFERENCE,EXPERIMENTAL,false,TARGET_SPECIFIC_EVALUATION_REQUIRED,W10 candidate seed only; no predictive usefulness or promotion is claimed.
FC-000254,RF-000325,SRC-001,SportsDataverse,play_by_play,EPA_success_standard_down,advanced_efficiency_probability,HISTORICAL_AGGREGATE_ONLY,PIT_HISTORICAL_AGGREGATION_INPUT,PURE_AND_MARKET_ELIGIBLE,LAGGED_LAST;ROLLING_MEAN_COUNT;EWMA;LINEAR_TREND;RATE_PER_OPPORTUNITY;OPPONENT_ADJUSTED_RESIDUAL;MATCHUP_DIFFERENCE,EXPERIMENTAL,false,TARGET_SPECIFIC_EVALUATION_REQUIRED,W10 candidate seed only; no predictive usefulness or promotion is claimed.
FC-000255,RF-000326,SRC-001,SportsDataverse,play_by_play,EPA_success_passing_down,passing_receiving,HISTORICAL_AGGREGATE_ONLY,PIT_HISTORICAL_AGGREGATION_INPUT,PURE_AND_MARKET_ELIGIBLE,LAGGED_LAST;ROLLING_MEAN_COUNT;EWMA;LINEAR_TREND;RATE_PER_OPPORTUNITY;OPPONENT_ADJUSTED_RESIDUAL;MATCHUP_DIFFERENCE,EXPERIMENTAL,false,TARGET_SPECIFIC_EVALUATION_REQUIRED,W10 candidate seed only; no predictive usefulness or promotion is claimed.
FC-000256,RF-000327,SRC-001,SportsDataverse,play_by_play,EPA_success_pass,passing_receiving,HISTORICAL_AGGREGATE_ONLY,PIT_HISTORICAL_AGGREGATION_INPUT,PURE_AND_MARKET_ELIGIBLE,LAGGED_LAST;ROLLING_MEAN_COUNT;EWMA;LINEAR_TREND;RATE_PER_OPPORTUNITY;OPPONENT_ADJUSTED_RESIDUAL;MATCHUP_DIFFERENCE,EXPERIMENTAL,false,TARGET_SPECIFIC_EVALUATION_REQUIRED,W10 candidate seed only; no predictive usefulness or promotion is claimed.
FC-000257,RF-000328,SRC-001,SportsDataverse,play_by_play,EPA_success_rush,rushing,HISTORICAL_AGGREGATE_ONLY,PIT_HISTORICAL_AGGREGATION_INPUT,PURE_AND_MARKET_ELIGIBLE,LAGGED_LAST;ROLLING_MEAN_COUNT;EWMA;LINEAR_TREND;RATE_PER_OPPORTUNITY;OPPONENT_ADJUSTED_RESIDUAL;MATCHUP_DIFFERENCE,EXPERIMENTAL,false,TARGET_SPECIFIC_EVALUATION_REQUIRED,W10 candidate seed only; no predictive usefulness or promotion is claimed.
FC-000258,RF-000329,SRC-001,SportsDataverse,play_by_play,EPA_success_EPA,advanced_efficiency_probability,HISTORICAL_AGGREGATE_ONLY,PIT_HISTORICAL_AGGREGATION_INPUT,PURE_AND_MARKET_ELIGIBLE,LAGGED_LAST;ROLLING_MEAN_COUNT;EWMA;LINEAR_TREND;RATE_PER_OPPORTUNITY;OPPONENT_ADJUSTED_RESIDUAL;MATCHUP_DIFFERENCE,EXPERIMENTAL,false,TARGET_SPECIFIC_EVALUATION_REQUIRED,W10 candidate seed only; no predictive usefulness or promotion is claimed.
FC-000259,RF-000330,SRC-001,SportsDataverse,play_by_play,EPA_success_standard_down_EPA,advanced_efficiency_probability,HISTORICAL_AGGREGATE_ONLY,PIT_HISTORICAL_AGGREGATION_INPUT,PURE_AND_MARKET_ELIGIBLE,LAGGED_LAST;ROLLING_MEAN_COUNT;EWMA;LINEAR_TREND;RATE_PER_OPPORTUNITY;OPPONENT_ADJUSTED_RESIDUAL;MATCHUP_DIFFERENCE,EXPERIMENTAL,false,TARGET_SPECIFIC_EVALUATION_REQUIRED,W10 candidate seed only; no predictive usefulness or promotion is claimed.
FC-000260,RF-000331,SRC-001,SportsDataverse,play_by_play,EPA_success_passing_down_EPA,passing_receiving,HISTORICAL_AGGREGATE_ONLY,PIT_HISTORICAL_AGGREGATION_INPUT,PURE_AND_MARKET_ELIGIBLE,LAGGED_LAST;ROLLING_MEAN_COUNT;EWMA;LINEAR_TREND;RATE_PER_OPPORTUNITY;OPPONENT_ADJUSTED_RESIDUAL;MATCHUP_DIFFERENCE,EXPERIMENTAL,false,TARGET_SPECIFIC_EVALUATION_REQUIRED,W10 candidate seed only; no predictive usefulness or promotion is claimed.
FC-000261,RF-000332,SRC-001,SportsDataverse,play_by_play,EPA_success_pass_EPA,passing_receiving,HISTORICAL_AGGREGATE_ONLY,PIT_HISTORICAL_AGGREGATION_INPUT,PURE_AND_MARKET_ELIGIBLE,LAGGED_LAST;ROLLING_MEAN_COUNT;EWMA;LINEAR_TREND;RATE_PER_OPPORTUNITY;OPPONENT_ADJUSTED_RESIDUAL;MATCHUP_DIFFERENCE,EXPERIMENTAL,false,TARGET_SPECIFIC_EVALUATION_REQUIRED,W10 candidate seed only; no predictive usefulness or promotion is claimed.
FC-000262,RF-000333,SRC-001,SportsDataverse,play_by_play,EPA_success_rush_EPA,rushing,HISTORICAL_AGGREGATE_ONLY,PIT_HISTORICAL_AGGREGATION_INPUT,PURE_AND_MARKET_ELIGIBLE,LAGGED_LAST;ROLLING_MEAN_COUNT;EWMA;LINEAR_TREND;RATE_PER_OPPORTUNITY;OPPONENT_ADJUSTED_RESIDUAL;MATCHUP_DIFFERENCE,EXPERIMENTAL,false,TARGET_SPECIFIC_EVALUATION_REQUIRED,W10 candidate seed only; no predictive usefulness or promotion is claimed.
FC-000263,RF-000334,SRC-001,SportsDataverse,play_by_play,EPA_middle_8_success,advanced_efficiency_probability,HISTORICAL_AGGREGATE_ONLY,PIT_HISTORICAL_AGGREGATION_INPUT,PURE_AND_MARKET_ELIGIBLE,LAGGED_LAST;ROLLING_MEAN_COUNT;EWMA;LINEAR_TREND;RATE_PER_OPPORTUNITY;OPPONENT_ADJUSTED_RESIDUAL;MATCHUP_DIFFERENCE,EXPERIMENTAL,false,TARGET_SPECIFIC_EVALUATION_REQUIRED,W10 candidate seed only; no predictive usefulness or promotion is claimed.
FC-000264,RF-000335,SRC-001,SportsDataverse,play_by_play,EPA_middle_8_success_pass,passing_receiving,HISTORICAL_AGGREGATE_ONLY,PIT_HISTORICAL_AGGREGATION_INPUT,PURE_AND_MARKET_ELIGIBLE,LAGGED_LAST;ROLLING_MEAN_COUNT;EWMA;LINEAR_TREND;RATE_PER_OPPORTUNITY;OPPONENT_ADJUSTED_RESIDUAL;MATCHUP_DIFFERENCE,EXPERIMENTAL,false,TARGET_SPECIFIC_EVALUATION_REQUIRED,W10 candidate seed only; no predictive usefulness or promotion is claimed.
FC-000265,RF-000336,SRC-001,SportsDataverse,play_by_play,EPA_middle_8_success_rush,rushing,HISTORICAL_AGGREGATE_ONLY,PIT_HISTORICAL_AGGREGATION_INPUT,PURE_AND_MARKET_ELIGIBLE,LAGGED_LAST;ROLLING_MEAN_COUNT;EWMA;LINEAR_TREND;RATE_PER_OPPORTUNITY;OPPONENT_ADJUSTED_RESIDUAL;MATCHUP_DIFFERENCE,EXPERIMENTAL,false,TARGET_SPECIFIC_EVALUATION_REQUIRED,W10 candidate seed only; no predictive usefulness or promotion is claimed.
FC-000266,RF-000337,SRC-001,SportsDataverse,play_by_play,EPA_penalty,penalties,HISTORICAL_AGGREGATE_ONLY,PIT_HISTORICAL_AGGREGATION_INPUT,PURE_AND_MARKET_ELIGIBLE,LAGGED_LAST;ROLLING_MEAN_COUNT;EWMA;LINEAR_TREND;RATE_PER_OPPORTUNITY;OPPONENT_ADJUSTED_RESIDUAL;MATCHUP_DIFFERENCE,EXPERIMENTAL,false,TARGET_SPECIFIC_EVALUATION_REQUIRED,W10 candidate seed only; no predictive usefulness or promotion is claimed.
FC-000267,RF-000338,SRC-001,SportsDataverse,play_by_play,EPA_sp,advanced_efficiency_probability,HISTORICAL_AGGREGATE_ONLY,PIT_HISTORICAL_AGGREGATION_INPUT,PURE_AND_MARKET_ELIGIBLE,LAGGED_LAST;ROLLING_MEAN_COUNT;EWMA;LINEAR_TREND;RATE_PER_OPPORTUNITY;OPPONENT_ADJUSTED_RESIDUAL;MATCHUP_DIFFERENCE,EXPERIMENTAL,false,TARGET_SPECIFIC_EVALUATION_REQUIRED,W10 candidate seed only; no predictive usefulness or promotion is claimed.
FC-000268,RF-000339,SRC-001,SportsDataverse,play_by_play,EPA_fg,advanced_efficiency_probability,HISTORICAL_AGGREGATE_ONLY,PIT_HISTORICAL_AGGREGATION_INPUT,PURE_AND_MARKET_ELIGIBLE,LAGGED_LAST;ROLLING_MEAN_COUNT;EWMA;LINEAR_TREND;RATE_PER_OPPORTUNITY;OPPONENT_ADJUSTED_RESIDUAL;MATCHUP_DIFFERENCE,EXPERIMENTAL,false,TARGET_SPECIFIC_EVALUATION_REQUIRED,W10 candidate seed only; no predictive usefulness or promotion is claimed.
FC-000269,RF-000340,SRC-001,SportsDataverse,play_by_play,EPA_punt,special_teams,HISTORICAL_AGGREGATE_ONLY,PIT_HISTORICAL_AGGREGATION_INPUT,PURE_AND_MARKET_ELIGIBLE,LAGGED_LAST;ROLLING_MEAN_COUNT;EWMA;LINEAR_TREND;RATE_PER_OPPORTUNITY;OPPONENT_ADJUSTED_RESIDUAL;MATCHUP_DIFFERENCE,EXPERIMENTAL,false,TARGET_SPECIFIC_EVALUATION_REQUIRED,W10 candidate seed only; no predictive usefulness or promotion is claimed.
FC-000270,RF-000341,SRC-001,SportsDataverse,play_by_play,EPA_kickoff,special_teams,HISTORICAL_AGGREGATE_ONLY,PIT_HISTORICAL_AGGREGATION_INPUT,PURE_AND_MARKET_ELIGIBLE,LAGGED_LAST;ROLLING_MEAN_COUNT;EWMA;LINEAR_TREND;RATE_PER_OPPORTUNITY;OPPONENT_ADJUSTED_RESIDUAL;MATCHUP_DIFFERENCE,EXPERIMENTAL,false,TARGET_SPECIFIC_EVALUATION_REQUIRED,W10 candidate seed only; no predictive usefulness or promotion is claimed.
FC-000271,RF-000342,SRC-001,SportsDataverse,play_by_play,start.ExpScoreDiff_touchback,other,HISTORICAL_AGGREGATE_ONLY,PIT_HISTORICAL_AGGREGATION_INPUT,PURE_AND_MARKET_ELIGIBLE,LAGGED_LAST;ROLLING_MEAN_COUNT;EWMA;LINEAR_TREND,EXPERIMENTAL,false,TARGET_SPECIFIC_EVALUATION_REQUIRED,W10 candidate seed only; no predictive usefulness or promotion is claimed.
FC-000272,RF-000343,SRC-001,SportsDataverse,play_by_play,start.ExpScoreDiff,other,HISTORICAL_AGGREGATE_ONLY,PIT_HISTORICAL_AGGREGATION_INPUT,PURE_AND_MARKET_ELIGIBLE,LAGGED_LAST;ROLLING_MEAN_COUNT;EWMA;LINEAR_TREND,EXPERIMENTAL,false,TARGET_SPECIFIC_EVALUATION_REQUIRED,W10 candidate seed only; no predictive usefulness or promotion is claimed.
FC-000273,RF-000344,SRC-001,SportsDataverse,play_by_play,start.ExpScoreDiff_Time_Ratio_touchback,game_state_tempo_clock,HISTORICAL_AGGREGATE_ONLY,PIT_HISTORICAL_AGGREGATION_INPUT,PURE_AND_MARKET_ELIGIBLE,LAGGED_LAST;ROLLING_MEAN_COUNT;EWMA;LINEAR_TREND;RATE_PER_OPPORTUNITY;OPPONENT_ADJUSTED_RESIDUAL;MATCHUP_DIFFERENCE,EXPERIMENTAL,false,TARGET_SPECIFIC_EVALUATION_REQUIRED,W10 candidate seed only; no predictive usefulness or promotion is claimed.
FC-000274,RF-000345,SRC-001,SportsDataverse,play_by_play,start.ExpScoreDiff_Time_Ratio,game_state_tempo_clock,HISTORICAL_AGGREGATE_ONLY,PIT_HISTORICAL_AGGREGATION_INPUT,PURE_AND_MARKET_ELIGIBLE,LAGGED_LAST;ROLLING_MEAN_COUNT;EWMA;LINEAR_TREND;RATE_PER_OPPORTUNITY;OPPONENT_ADJUSTED_RESIDUAL;MATCHUP_DIFFERENCE,EXPERIMENTAL,false,TARGET_SPECIFIC_EVALUATION_REQUIRED,W10 candidate seed only; no predictive usefulness or promotion is claimed.
FC-000275,RF-000348,SRC-001,SportsDataverse,play_by_play,wp_before,advanced_efficiency_probability,HISTORICAL_AGGREGATE_ONLY,PIT_HISTORICAL_AGGREGATION_INPUT,PURE_AND_MARKET_ELIGIBLE,LAGGED_LAST;ROLLING_MEAN_COUNT;EWMA;LINEAR_TREND;RATE_PER_OPPORTUNITY;OPPONENT_ADJUSTED_RESIDUAL;MATCHUP_DIFFERENCE,EXPERIMENTAL,false,TARGET_SPECIFIC_EVALUATION_REQUIRED,W10 candidate seed only; no predictive usefulness or promotion is claimed.
FC-000276,RF-000349,SRC-001,SportsDataverse,play_by_play,wp_touchback,advanced_efficiency_probability,HISTORICAL_AGGREGATE_ONLY,PIT_HISTORICAL_AGGREGATION_INPUT,PURE_AND_MARKET_ELIGIBLE,LAGGED_LAST;ROLLING_MEAN_COUNT;EWMA;LINEAR_TREND;RATE_PER_OPPORTUNITY;OPPONENT_ADJUSTED_RESIDUAL;MATCHUP_DIFFERENCE,EXPERIMENTAL,false,TARGET_SPECIFIC_EVALUATION_REQUIRED,W10 candidate seed only; no predictive usefulness or promotion is claimed.
FC-000277,RF-000351,SRC-001,SportsDataverse,play_by_play,def_wp_before,advanced_efficiency_probability,HISTORICAL_AGGREGATE_ONLY,PIT_HISTORICAL_AGGREGATION_INPUT,PURE_AND_MARKET_ELIGIBLE,LAGGED_LAST;ROLLING_MEAN_COUNT;EWMA;LINEAR_TREND;RATE_PER_OPPORTUNITY;OPPONENT_ADJUSTED_RESIDUAL;MATCHUP_DIFFERENCE,EXPERIMENTAL,false,TARGET_SPECIFIC_EVALUATION_REQUIRED,W10 candidate seed only; no predictive usefulness or promotion is claimed.
FC-000278,RF-000352,SRC-001,SportsDataverse,play_by_play,home_wp_before,advanced_efficiency_probability,HISTORICAL_AGGREGATE_ONLY,PIT_HISTORICAL_AGGREGATION_INPUT,PURE_AND_MARKET_ELIGIBLE,LAGGED_LAST;ROLLING_MEAN_COUNT;EWMA;LINEAR_TREND;RATE_PER_OPPORTUNITY;OPPONENT_ADJUSTED_RESIDUAL;MATCHUP_DIFFERENCE,EXPERIMENTAL,false,TARGET_SPECIFIC_EVALUATION_REQUIRED,W10 candidate seed only; no predictive usefulness or promotion is claimed.
FC-000279,RF-000353,SRC-001,SportsDataverse,play_by_play,away_wp_before,advanced_efficiency_probability,HISTORICAL_AGGREGATE_ONLY,PIT_HISTORICAL_AGGREGATION_INPUT,PURE_AND_MARKET_ELIGIBLE,LAGGED_LAST;ROLLING_MEAN_COUNT;EWMA;LINEAR_TREND;RATE_PER_OPPORTUNITY;OPPONENT_ADJUSTED_RESIDUAL;MATCHUP_DIFFERENCE,EXPERIMENTAL,false,TARGET_SPECIFIC_EVALUATION_REQUIRED,W10 candidate seed only; no predictive usefulness or promotion is claimed.
FC-000280,RF-000354,SRC-001,SportsDataverse,play_by_play,lead_wp_before,advanced_efficiency_probability,HISTORICAL_AGGREGATE_ONLY,PIT_HISTORICAL_AGGREGATION_INPUT,PURE_AND_MARKET_ELIGIBLE,LAGGED_LAST;ROLLING_MEAN_COUNT;EWMA;LINEAR_TREND;RATE_PER_OPPORTUNITY;OPPONENT_ADJUSTED_RESIDUAL;MATCHUP_DIFFERENCE,EXPERIMENTAL,false,TARGET_SPECIFIC_EVALUATION_REQUIRED,W10 candidate seed only; no predictive usefulness or promotion is claimed.
FC-000281,RF-000355,SRC-001,SportsDataverse,play_by_play,lead_wp_before2,advanced_efficiency_probability,HISTORICAL_AGGREGATE_ONLY,PIT_HISTORICAL_AGGREGATION_INPUT,PURE_AND_MARKET_ELIGIBLE,LAGGED_LAST;ROLLING_MEAN_COUNT;EWMA;LINEAR_TREND;RATE_PER_OPPORTUNITY;OPPONENT_ADJUSTED_RESIDUAL;MATCHUP_DIFFERENCE,EXPERIMENTAL,false,TARGET_SPECIFIC_EVALUATION_REQUIRED,W10 candidate seed only; no predictive usefulness or promotion is claimed.
FC-000282,RF-000359,SRC-001,SportsDataverse,play_by_play,wpa,advanced_efficiency_probability,HISTORICAL_AGGREGATE_ONLY,PIT_HISTORICAL_AGGREGATION_INPUT,PURE_AND_MARKET_ELIGIBLE,LAGGED_LAST;ROLLING_MEAN_COUNT;EWMA;LINEAR_TREND;RATE_PER_OPPORTUNITY;OPPONENT_ADJUSTED_RESIDUAL;MATCHUP_DIFFERENCE,EXPERIMENTAL,false,TARGET_SPECIFIC_EVALUATION_REQUIRED,W10 candidate seed only; no predictive usefulness or promotion is claimed.
FC-000283,RF-000360,SRC-001,SportsDataverse,play_by_play,drive_start,drives_field_position,HISTORICAL_AGGREGATE_ONLY,PIT_HISTORICAL_AGGREGATION_INPUT,PURE_AND_MARKET_ELIGIBLE,LAGGED_LAST;ROLLING_MEAN_COUNT;EWMA;LINEAR_TREND;RATE_PER_OPPORTUNITY;OPPONENT_ADJUSTED_RESIDUAL;MATCHUP_DIFFERENCE,EXPERIMENTAL,false,TARGET_SPECIFIC_EVALUATION_REQUIRED,W10 candidate seed only; no predictive usefulness or promotion is claimed.
FC-000284,RF-000361,SRC-001,SportsDataverse,play_by_play,drive_stopped,drives_field_position,HISTORICAL_AGGREGATE_ONLY,PIT_HISTORICAL_AGGREGATION_INPUT,PURE_AND_MARKET_ELIGIBLE,LAGGED_LAST;ROLLING_MEAN_COUNT;EWMA;LINEAR_TREND;RATE_PER_OPPORTUNITY;OPPONENT_ADJUSTED_RESIDUAL;MATCHUP_DIFFERENCE,EXPERIMENTAL,false,TARGET_SPECIFIC_EVALUATION_REQUIRED,W10 candidate seed only; no predictive usefulness or promotion is claimed.
FC-000285,RF-000362,SRC-001,SportsDataverse,play_by_play,drive_play_index,drives_field_position,HISTORICAL_AGGREGATE_ONLY,PIT_HISTORICAL_AGGREGATION_INPUT,PURE_AND_MARKET_ELIGIBLE,LAGGED_LAST;ROLLING_MEAN_COUNT;EWMA;LINEAR_TREND;RATE_PER_OPPORTUNITY;OPPONENT_ADJUSTED_RESIDUAL;MATCHUP_DIFFERENCE,EXPERIMENTAL,false,TARGET_SPECIFIC_EVALUATION_REQUIRED,W10 candidate seed only; no predictive usefulness or promotion is claimed.
FC-000286,RF-000363,SRC-001,SportsDataverse,play_by_play,drive_offense_plays,drives_field_position,HISTORICAL_AGGREGATE_ONLY,PIT_HISTORICAL_AGGREGATION_INPUT,PURE_AND_MARKET_ELIGIBLE,LAGGED_LAST;ROLLING_MEAN_COUNT;EWMA;LINEAR_TREND;RATE_PER_OPPORTUNITY;OPPONENT_ADJUSTED_RESIDUAL;MATCHUP_DIFFERENCE,EXPERIMENTAL,false,TARGET_SPECIFIC_EVALUATION_REQUIRED,W10 candidate seed only; no predictive usefulness or promotion is claimed.
FC-000287,RF-000364,SRC-001,SportsDataverse,play_by_play,prog_drive_EPA,drives_field_position,HISTORICAL_AGGREGATE_ONLY,PIT_HISTORICAL_AGGREGATION_INPUT,PURE_AND_MARKET_ELIGIBLE,LAGGED_LAST;ROLLING_MEAN_COUNT;EWMA;LINEAR_TREND;RATE_PER_OPPORTUNITY;OPPONENT_ADJUSTED_RESIDUAL;MATCHUP_DIFFERENCE,EXPERIMENTAL,false,TARGET_SPECIFIC_EVALUATION_REQUIRED,W10 candidate seed only; no predictive usefulness or promotion is claimed.
FC-000288,RF-000365,SRC-001,SportsDataverse,play_by_play,prog_drive_WPA,drives_field_position,HISTORICAL_AGGREGATE_ONLY,PIT_HISTORICAL_AGGREGATION_INPUT,PURE_AND_MARKET_ELIGIBLE,LAGGED_LAST;ROLLING_MEAN_COUNT;EWMA;LINEAR_TREND;RATE_PER_OPPORTUNITY;OPPONENT_ADJUSTED_RESIDUAL;MATCHUP_DIFFERENCE,EXPERIMENTAL,false,TARGET_SPECIFIC_EVALUATION_REQUIRED,W10 candidate seed only; no predictive usefulness or promotion is claimed.
FC-000289,RF-000366,SRC-001,SportsDataverse,play_by_play,drive_offense_yards,drives_field_position,HISTORICAL_AGGREGATE_ONLY,PIT_HISTORICAL_AGGREGATION_INPUT,PURE_AND_MARKET_ELIGIBLE,LAGGED_LAST;ROLLING_MEAN_COUNT;EWMA;LINEAR_TREND;RATE_PER_OPPORTUNITY;OPPONENT_ADJUSTED_RESIDUAL;MATCHUP_DIFFERENCE,EXPERIMENTAL,false,TARGET_SPECIFIC_EVALUATION_REQUIRED,W10 candidate seed only; no predictive usefulness or promotion is claimed.
FC-000290,RF-000367,SRC-001,SportsDataverse,play_by_play,drive_total_yards,drives_field_position,HISTORICAL_AGGREGATE_ONLY,PIT_HISTORICAL_AGGREGATION_INPUT,PURE_AND_MARKET_ELIGIBLE,LAGGED_LAST;ROLLING_MEAN_COUNT;EWMA;LINEAR_TREND;RATE_PER_OPPORTUNITY;OPPONENT_ADJUSTED_RESIDUAL;MATCHUP_DIFFERENCE,EXPERIMENTAL,false,TARGET_SPECIFIC_EVALUATION_REQUIRED,W10 candidate seed only; no predictive usefulness or promotion is claimed.
FC-000291,RF-000368,SRC-001,SportsDataverse,play_by_play,qbr_epa,passing_receiving,HISTORICAL_AGGREGATE_ONLY,PIT_HISTORICAL_AGGREGATION_INPUT,PURE_AND_MARKET_ELIGIBLE,LAGGED_LAST;ROLLING_MEAN_COUNT;EWMA;LINEAR_TREND;RATE_PER_OPPORTUNITY;OPPONENT_ADJUSTED_RESIDUAL;MATCHUP_DIFFERENCE,EXPERIMENTAL,false,TARGET_SPECIFIC_EVALUATION_REQUIRED,W10 candidate seed only; no predictive usefulness or promotion is claimed.
FC-000292,RF-000369,SRC-001,SportsDataverse,play_by_play,weight,other,HISTORICAL_AGGREGATE_ONLY,PIT_HISTORICAL_AGGREGATION_INPUT,PURE_AND_MARKET_ELIGIBLE,LAGGED_LAST;ROLLING_MEAN_COUNT;EWMA;LINEAR_TREND,EXPERIMENTAL,false,TARGET_SPECIFIC_EVALUATION_REQUIRED,W10 candidate seed only; no predictive usefulness or promotion is claimed.
FC-000293,RF-000370,SRC-001,SportsDataverse,play_by_play,non_fumble_sack,turnovers,HISTORICAL_AGGREGATE_ONLY,PIT_HISTORICAL_AGGREGATION_INPUT,PURE_AND_MARKET_ELIGIBLE,LAGGED_LAST;ROLLING_MEAN_COUNT;EWMA;LINEAR_TREND;RATE_PER_OPPORTUNITY;OPPONENT_ADJUSTED_RESIDUAL;MATCHUP_DIFFERENCE,EXPERIMENTAL,false,TARGET_SPECIFIC_EVALUATION_REQUIRED,W10 candidate seed only; no predictive usefulness or promotion is claimed.
FC-000294,RF-000371,SRC-001,SportsDataverse,play_by_play,sack_epa,advanced_efficiency_probability,HISTORICAL_AGGREGATE_ONLY,PIT_HISTORICAL_AGGREGATION_INPUT,PURE_AND_MARKET_ELIGIBLE,LAGGED_LAST;ROLLING_MEAN_COUNT;EWMA;LINEAR_TREND;RATE_PER_OPPORTUNITY;OPPONENT_ADJUSTED_RESIDUAL;MATCHUP_DIFFERENCE,EXPERIMENTAL,false,TARGET_SPECIFIC_EVALUATION_REQUIRED,W10 candidate seed only; no predictive usefulness or promotion is claimed.
FC-000295,RF-000372,SRC-001,SportsDataverse,play_by_play,pass_epa,passing_receiving,HISTORICAL_AGGREGATE_ONLY,PIT_HISTORICAL_AGGREGATION_INPUT,PURE_AND_MARKET_ELIGIBLE,LAGGED_LAST;ROLLING_MEAN_COUNT;EWMA;LINEAR_TREND;RATE_PER_OPPORTUNITY;OPPONENT_ADJUSTED_RESIDUAL;MATCHUP_DIFFERENCE,EXPERIMENTAL,false,TARGET_SPECIFIC_EVALUATION_REQUIRED,W10 candidate seed only; no predictive usefulness or promotion is claimed.
FC-000296,RF-000373,SRC-001,SportsDataverse,play_by_play,rush_epa,rushing,HISTORICAL_AGGREGATE_ONLY,PIT_HISTORICAL_AGGREGATION_INPUT,PURE_AND_MARKET_ELIGIBLE,LAGGED_LAST;ROLLING_MEAN_COUNT;EWMA;LINEAR_TREND;RATE_PER_OPPORTUNITY;OPPONENT_ADJUSTED_RESIDUAL;MATCHUP_DIFFERENCE,EXPERIMENTAL,false,TARGET_SPECIFIC_EVALUATION_REQUIRED,W10 candidate seed only; no predictive usefulness or promotion is claimed.
FC-000297,RF-000374,SRC-001,SportsDataverse,play_by_play,pen_epa,penalties,HISTORICAL_AGGREGATE_ONLY,PIT_HISTORICAL_AGGREGATION_INPUT,PURE_AND_MARKET_ELIGIBLE,LAGGED_LAST;ROLLING_MEAN_COUNT;EWMA;LINEAR_TREND;RATE_PER_OPPORTUNITY;OPPONENT_ADJUSTED_RESIDUAL;MATCHUP_DIFFERENCE,EXPERIMENTAL,false,TARGET_SPECIFIC_EVALUATION_REQUIRED,W10 candidate seed only; no predictive usefulness or promotion is claimed.
FC-000298,RF-000375,SRC-001,SportsDataverse,play_by_play,sack_weight,other,HISTORICAL_AGGREGATE_ONLY,PIT_HISTORICAL_AGGREGATION_INPUT,PURE_AND_MARKET_ELIGIBLE,LAGGED_LAST;ROLLING_MEAN_COUNT;EWMA;LINEAR_TREND,EXPERIMENTAL,false,TARGET_SPECIFIC_EVALUATION_REQUIRED,W10 candidate seed only; no predictive usefulness or promotion is claimed.
FC-000299,RF-000376,SRC-001,SportsDataverse,play_by_play,pass_weight,passing_receiving,HISTORICAL_AGGREGATE_ONLY,PIT_HISTORICAL_AGGREGATION_INPUT,PURE_AND_MARKET_ELIGIBLE,LAGGED_LAST;ROLLING_MEAN_COUNT;EWMA;LINEAR_TREND;RATE_PER_OPPORTUNITY;OPPONENT_ADJUSTED_RESIDUAL;MATCHUP_DIFFERENCE,EXPERIMENTAL,false,TARGET_SPECIFIC_EVALUATION_REQUIRED,W10 candidate seed only; no predictive usefulness or promotion is claimed.
FC-000300,RF-000377,SRC-001,SportsDataverse,play_by_play,rush_weight,rushing,HISTORICAL_AGGREGATE_ONLY,PIT_HISTORICAL_AGGREGATION_INPUT,PURE_AND_MARKET_ELIGIBLE,LAGGED_LAST;ROLLING_MEAN_COUNT;EWMA;LINEAR_TREND;RATE_PER_OPPORTUNITY;OPPONENT_ADJUSTED_RESIDUAL;MATCHUP_DIFFERENCE,EXPERIMENTAL,false,TARGET_SPECIFIC_EVALUATION_REQUIRED,W10 candidate seed only; no predictive usefulness or promotion is claimed.
FC-000301,RF-000378,SRC-001,SportsDataverse,play_by_play,pen_weight,penalties,HISTORICAL_AGGREGATE_ONLY,PIT_HISTORICAL_AGGREGATION_INPUT,PURE_AND_MARKET_ELIGIBLE,LAGGED_LAST;ROLLING_MEAN_COUNT;EWMA;LINEAR_TREND;RATE_PER_OPPORTUNITY;OPPONENT_ADJUSTED_RESIDUAL;MATCHUP_DIFFERENCE,EXPERIMENTAL,false,TARGET_SPECIFIC_EVALUATION_REQUIRED,W10 candidate seed only; no predictive usefulness or promotion is claimed.
FC-000302,RF-000379,SRC-001,SportsDataverse,play_by_play,action_play,other,HISTORICAL_AGGREGATE_ONLY,PIT_HISTORICAL_AGGREGATION_INPUT,PURE_AND_MARKET_ELIGIBLE,LAGGED_LAST;ROLLING_MEAN_COUNT;EWMA;LINEAR_TREND,EXPERIMENTAL,false,TARGET_SPECIFIC_EVALUATION_REQUIRED,W10 candidate seed only; no predictive usefulness or promotion is claimed.
FC-000303,RF-000382,SRC-001,SportsDataverse,team_box,season,other,HISTORICAL_AGGREGATE_ONLY,PIT_HISTORICAL_AGGREGATION_INPUT,PURE_AND_MARKET_ELIGIBLE,LAGGED_LAST;ROLLING_MEAN_COUNT;EWMA;LINEAR_TREND,EXPERIMENTAL,false,TARGET_SPECIFIC_EVALUATION_REQUIRED,W10 candidate seed only; no predictive usefulness or promotion is claimed.
FC-000304,RF-000383,SRC-001,SportsDataverse,team_box,week,other,HISTORICAL_AGGREGATE_ONLY,PIT_HISTORICAL_AGGREGATION_INPUT,PURE_AND_MARKET_ELIGIBLE,LAGGED_LAST;ROLLING_MEAN_COUNT;EWMA;LINEAR_TREND,EXPERIMENTAL,false,TARGET_SPECIFIC_EVALUATION_REQUIRED,W10 candidate seed only; no predictive usefulness or promotion is claimed.
FC-000305,RF-000386,SRC-001,SportsDataverse,team_box,home_away,other,HISTORICAL_AGGREGATE_ONLY,PIT_HISTORICAL_AGGREGATION_INPUT,PURE_AND_MARKET_ELIGIBLE,LAGGED_LAST;ROLLING_MEAN_COUNT;EWMA;LINEAR_TREND,EXPERIMENTAL,false,TARGET_SPECIFIC_EVALUATION_REQUIRED,W10 candidate seed only; no predictive usefulness or promotion is claimed.
FC-000306,RF-000387,SRC-001,SportsDataverse,team_box,first_downs,situational_field_position,HISTORICAL_AGGREGATE_ONLY,PIT_HISTORICAL_AGGREGATION_INPUT,PURE_AND_MARKET_ELIGIBLE,LAGGED_LAST;ROLLING_MEAN_COUNT;EWMA;LINEAR_TREND;RATE_PER_OPPORTUNITY;OPPONENT_ADJUSTED_RESIDUAL;MATCHUP_DIFFERENCE,EXPERIMENTAL,false,TARGET_SPECIFIC_EVALUATION_REQUIRED,W10 candidate seed only; no predictive usefulness or promotion is claimed.
FC-000307,RF-000388,SRC-001,SportsDataverse,team_box,third_down_eff,situational_field_position,HISTORICAL_AGGREGATE_ONLY,PIT_HISTORICAL_AGGREGATION_INPUT,PURE_AND_MARKET_ELIGIBLE,LAGGED_LAST;ROLLING_MEAN_COUNT;EWMA;LINEAR_TREND;RATE_PER_OPPORTUNITY;OPPONENT_ADJUSTED_RESIDUAL;MATCHUP_DIFFERENCE,EXPERIMENTAL,false,TARGET_SPECIFIC_EVALUATION_REQUIRED,W10 candidate seed only; no predictive usefulness or promotion is claimed.
FC-000308,RF-000389,SRC-001,SportsDataverse,team_box,fourth_down_eff,situational_field_position,HISTORICAL_AGGREGATE_ONLY,PIT_HISTORICAL_AGGREGATION_INPUT,PURE_AND_MARKET_ELIGIBLE,LAGGED_LAST;ROLLING_MEAN_COUNT;EWMA;LINEAR_TREND;RATE_PER_OPPORTUNITY;OPPONENT_ADJUSTED_RESIDUAL;MATCHUP_DIFFERENCE,EXPERIMENTAL,false,TARGET_SPECIFIC_EVALUATION_REQUIRED,W10 candidate seed only; no predictive usefulness or promotion is claimed.
FC-000309,RF-000390,SRC-001,SportsDataverse,team_box,total_yards,situational_field_position,HISTORICAL_AGGREGATE_ONLY,PIT_HISTORICAL_AGGREGATION_INPUT,PURE_AND_MARKET_ELIGIBLE,LAGGED_LAST;ROLLING_MEAN_COUNT;EWMA;LINEAR_TREND;RATE_PER_OPPORTUNITY;OPPONENT_ADJUSTED_RESIDUAL;MATCHUP_DIFFERENCE,EXPERIMENTAL,false,TARGET_SPECIFIC_EVALUATION_REQUIRED,W10 candidate seed only; no predictive usefulness or promotion is claimed.
FC-000310,RF-000391,SRC-001,SportsDataverse,team_box,net_passing_yards,passing_receiving,HISTORICAL_AGGREGATE_ONLY,PIT_HISTORICAL_AGGREGATION_INPUT,PURE_AND_MARKET_ELIGIBLE,LAGGED_LAST;ROLLING_MEAN_COUNT;EWMA;LINEAR_TREND;RATE_PER_OPPORTUNITY;OPPONENT_ADJUSTED_RESIDUAL;MATCHUP_DIFFERENCE,EXPERIMENTAL,false,TARGET_SPECIFIC_EVALUATION_REQUIRED,W10 candidate seed only; no predictive usefulness or promotion is claimed.
FC-000311,RF-000392,SRC-001,SportsDataverse,team_box,completion_attempts,passing_receiving,HISTORICAL_AGGREGATE_ONLY,PIT_HISTORICAL_AGGREGATION_INPUT,PURE_AND_MARKET_ELIGIBLE,LAGGED_LAST;ROLLING_MEAN_COUNT;EWMA;LINEAR_TREND;RATE_PER_OPPORTUNITY;OPPONENT_ADJUSTED_RESIDUAL;MATCHUP_DIFFERENCE,EXPERIMENTAL,false,TARGET_SPECIFIC_EVALUATION_REQUIRED,W10 candidate seed only; no predictive usefulness or promotion is claimed.
FC-000312,RF-000393,SRC-001,SportsDataverse,team_box,yards_per_pass,passing_receiving,HISTORICAL_AGGREGATE_ONLY,PIT_HISTORICAL_AGGREGATION_INPUT,PURE_AND_MARKET_ELIGIBLE,LAGGED_LAST;ROLLING_MEAN_COUNT;EWMA;LINEAR_TREND;RATE_PER_OPPORTUNITY;OPPONENT_ADJUSTED_RESIDUAL;MATCHUP_DIFFERENCE,EXPERIMENTAL,false,TARGET_SPECIFIC_EVALUATION_REQUIRED,W10 candidate seed only; no predictive usefulness or promotion is claimed.
FC-000313,RF-000394,SRC-001,SportsDataverse,team_box,rushing_yards,rushing,HISTORICAL_AGGREGATE_ONLY,PIT_HISTORICAL_AGGREGATION_INPUT,PURE_AND_MARKET_ELIGIBLE,LAGGED_LAST;ROLLING_MEAN_COUNT;EWMA;LINEAR_TREND;RATE_PER_OPPORTUNITY;OPPONENT_ADJUSTED_RESIDUAL;MATCHUP_DIFFERENCE,EXPERIMENTAL,false,TARGET_SPECIFIC_EVALUATION_REQUIRED,W10 candidate seed only; no predictive usefulness or promotion is claimed.
FC-000314,RF-000395,SRC-001,SportsDataverse,team_box,rushing_attempts,rushing,HISTORICAL_AGGREGATE_ONLY,PIT_HISTORICAL_AGGREGATION_INPUT,PURE_AND_MARKET_ELIGIBLE,LAGGED_LAST;ROLLING_MEAN_COUNT;EWMA;LINEAR_TREND;RATE_PER_OPPORTUNITY;OPPONENT_ADJUSTED_RESIDUAL;MATCHUP_DIFFERENCE,EXPERIMENTAL,false,TARGET_SPECIFIC_EVALUATION_REQUIRED,W10 candidate seed only; no predictive usefulness or promotion is claimed.
FC-000315,RF-000396,SRC-001,SportsDataverse,team_box,yards_per_rush_attempt,rushing,HISTORICAL_AGGREGATE_ONLY,PIT_HISTORICAL_AGGREGATION_INPUT,PURE_AND_MARKET_ELIGIBLE,LAGGED_LAST;ROLLING_MEAN_COUNT;EWMA;LINEAR_TREND;RATE_PER_OPPORTUNITY;OPPONENT_ADJUSTED_RESIDUAL;MATCHUP_DIFFERENCE,EXPERIMENTAL,false,TARGET_SPECIFIC_EVALUATION_REQUIRED,W10 candidate seed only; no predictive usefulness or promotion is claimed.
FC-000316,RF-000397,SRC-001,SportsDataverse,team_box,total_penalties_yards,penalties,HISTORICAL_AGGREGATE_ONLY,PIT_HISTORICAL_AGGREGATION_INPUT,PURE_AND_MARKET_ELIGIBLE,LAGGED_LAST;ROLLING_MEAN_COUNT;EWMA;LINEAR_TREND;RATE_PER_OPPORTUNITY;OPPONENT_ADJUSTED_RESIDUAL;MATCHUP_DIFFERENCE,EXPERIMENTAL,false,TARGET_SPECIFIC_EVALUATION_REQUIRED,W10 candidate seed only; no predictive usefulness or promotion is claimed.
FC-000317,RF-000398,SRC-001,SportsDataverse,team_box,turnovers,turnovers,HISTORICAL_AGGREGATE_ONLY,PIT_HISTORICAL_AGGREGATION_INPUT,PURE_AND_MARKET_ELIGIBLE,LAGGED_LAST;ROLLING_MEAN_COUNT;EWMA;LINEAR_TREND;RATE_PER_OPPORTUNITY;OPPONENT_ADJUSTED_RESIDUAL;MATCHUP_DIFFERENCE,EXPERIMENTAL,false,TARGET_SPECIFIC_EVALUATION_REQUIRED,W10 candidate seed only; no predictive usefulness or promotion is claimed.
FC-000318,RF-000399,SRC-001,SportsDataverse,team_box,fumbles_lost,turnovers,HISTORICAL_AGGREGATE_ONLY,PIT_HISTORICAL_AGGREGATION_INPUT,PURE_AND_MARKET_ELIGIBLE,LAGGED_LAST;ROLLING_MEAN_COUNT;EWMA;LINEAR_TREND;RATE_PER_OPPORTUNITY;OPPONENT_ADJUSTED_RESIDUAL;MATCHUP_DIFFERENCE,EXPERIMENTAL,false,TARGET_SPECIFIC_EVALUATION_REQUIRED,W10 candidate seed only; no predictive usefulness or promotion is claimed.
FC-000319,RF-000400,SRC-001,SportsDataverse,team_box,interceptions,turnovers,HISTORICAL_AGGREGATE_ONLY,PIT_HISTORICAL_AGGREGATION_INPUT,PURE_AND_MARKET_ELIGIBLE,LAGGED_LAST;ROLLING_MEAN_COUNT;EWMA;LINEAR_TREND;RATE_PER_OPPORTUNITY;OPPONENT_ADJUSTED_RESIDUAL;MATCHUP_DIFFERENCE,EXPERIMENTAL,false,TARGET_SPECIFIC_EVALUATION_REQUIRED,W10 candidate seed only; no predictive usefulness or promotion is claimed.
FC-000320,RF-000401,SRC-001,SportsDataverse,team_box,possession_time,game_state_tempo_clock,HISTORICAL_AGGREGATE_ONLY,PIT_HISTORICAL_AGGREGATION_INPUT,PURE_AND_MARKET_ELIGIBLE,LAGGED_LAST;ROLLING_MEAN_COUNT;EWMA;LINEAR_TREND;RATE_PER_OPPORTUNITY;OPPONENT_ADJUSTED_RESIDUAL;MATCHUP_DIFFERENCE,EXPERIMENTAL,false,TARGET_SPECIFIC_EVALUATION_REQUIRED,W10 candidate seed only; no predictive usefulness or promotion is claimed.
FC-000321,RF-000403,SRC-001,SportsDataverse,player_box,season,other,HISTORICAL_AGGREGATE_ONLY,PIT_HISTORICAL_AGGREGATION_INPUT,PURE_AND_MARKET_ELIGIBLE,LAGGED_LAST;ROLLING_MEAN_COUNT;EWMA;LINEAR_TREND,EXPERIMENTAL,false,TARGET_SPECIFIC_EVALUATION_REQUIRED,W10 candidate seed only; no predictive usefulness or promotion is claimed.
FC-000322,RF-000404,SRC-001,SportsDataverse,player_box,week,other,HISTORICAL_AGGREGATE_ONLY,PIT_HISTORICAL_AGGREGATION_INPUT,PURE_AND_MARKET_ELIGIBLE,LAGGED_LAST;ROLLING_MEAN_COUNT;EWMA;LINEAR_TREND,EXPERIMENTAL,false,TARGET_SPECIFIC_EVALUATION_REQUIRED,W10 candidate seed only; no predictive usefulness or promotion is claimed.
FC-000323,RF-000406,SRC-001,SportsDataverse,player_box,category,other,HISTORICAL_AGGREGATE_ONLY,PIT_HISTORICAL_AGGREGATION_INPUT,PURE_AND_MARKET_ELIGIBLE,LAGGED_LAST;ROLLING_MEAN_COUNT;EWMA;LINEAR_TREND,EXPERIMENTAL,false,TARGET_SPECIFIC_EVALUATION_REQUIRED,W10 candidate seed only; no predictive usefulness or promotion is claimed.
FC-000324,RF-000409,SRC-001,SportsDataverse,player_box,completions_passing_attempts,passing_receiving,HISTORICAL_AGGREGATE_ONLY,PIT_HISTORICAL_AGGREGATION_INPUT,PURE_AND_MARKET_ELIGIBLE,LAGGED_LAST;ROLLING_MEAN_COUNT;EWMA;LINEAR_TREND;RATE_PER_OPPORTUNITY;OPPONENT_ADJUSTED_RESIDUAL;MATCHUP_DIFFERENCE,EXPERIMENTAL,false,TARGET_SPECIFIC_EVALUATION_REQUIRED,W10 candidate seed only; no predictive usefulness or promotion is claimed.
FC-000325,RF-000410,SRC-001,SportsDataverse,player_box,passing_yards,passing_receiving,HISTORICAL_AGGREGATE_ONLY,PIT_HISTORICAL_AGGREGATION_INPUT,PURE_AND_MARKET_ELIGIBLE,LAGGED_LAST;ROLLING_MEAN_COUNT;EWMA;LINEAR_TREND;RATE_PER_OPPORTUNITY;OPPONENT_ADJUSTED_RESIDUAL;MATCHUP_DIFFERENCE,EXPERIMENTAL,false,TARGET_SPECIFIC_EVALUATION_REQUIRED,W10 candidate seed only; no predictive usefulness or promotion is claimed.
FC-000326,RF-000411,SRC-001,SportsDataverse,player_box,yards_per_pass_attempt,passing_receiving,HISTORICAL_AGGREGATE_ONLY,PIT_HISTORICAL_AGGREGATION_INPUT,PURE_AND_MARKET_ELIGIBLE,LAGGED_LAST;ROLLING_MEAN_COUNT;EWMA;LINEAR_TREND;RATE_PER_OPPORTUNITY;OPPONENT_ADJUSTED_RESIDUAL;MATCHUP_DIFFERENCE,EXPERIMENTAL,false,TARGET_SPECIFIC_EVALUATION_REQUIRED,W10 candidate seed only; no predictive usefulness or promotion is claimed.
FC-000327,RF-000412,SRC-001,SportsDataverse,player_box,passing_touchdowns,passing_receiving,HISTORICAL_AGGREGATE_ONLY,PIT_HISTORICAL_AGGREGATION_INPUT,PURE_AND_MARKET_ELIGIBLE,LAGGED_LAST;ROLLING_MEAN_COUNT;EWMA;LINEAR_TREND;RATE_PER_OPPORTUNITY;OPPONENT_ADJUSTED_RESIDUAL;MATCHUP_DIFFERENCE,EXPERIMENTAL,false,TARGET_SPECIFIC_EVALUATION_REQUIRED,W10 candidate seed only; no predictive usefulness or promotion is claimed.
FC-000328,RF-000413,SRC-001,SportsDataverse,player_box,interceptions,turnovers,HISTORICAL_AGGREGATE_ONLY,PIT_HISTORICAL_AGGREGATION_INPUT,PURE_AND_MARKET_ELIGIBLE,LAGGED_LAST;ROLLING_MEAN_COUNT;EWMA;LINEAR_TREND;RATE_PER_OPPORTUNITY;OPPONENT_ADJUSTED_RESIDUAL;MATCHUP_DIFFERENCE,EXPERIMENTAL,false,TARGET_SPECIFIC_EVALUATION_REQUIRED,W10 candidate seed only; no predictive usefulness or promotion is claimed.
FC-000329,RF-000414,SRC-001,SportsDataverse,player_box,adj_qbr,passing_receiving,HISTORICAL_AGGREGATE_ONLY,PIT_HISTORICAL_AGGREGATION_INPUT,PURE_AND_MARKET_ELIGIBLE,LAGGED_LAST;ROLLING_MEAN_COUNT;EWMA;LINEAR_TREND;RATE_PER_OPPORTUNITY;OPPONENT_ADJUSTED_RESIDUAL;MATCHUP_DIFFERENCE,EXPERIMENTAL,false,TARGET_SPECIFIC_EVALUATION_REQUIRED,W10 candidate seed only; no predictive usefulness or promotion is claimed.
FC-000330,RF-000415,SRC-001,SportsDataverse,player_box,rushing_attempts,rushing,HISTORICAL_AGGREGATE_ONLY,PIT_HISTORICAL_AGGREGATION_INPUT,PURE_AND_MARKET_ELIGIBLE,LAGGED_LAST;ROLLING_MEAN_COUNT;EWMA;LINEAR_TREND;RATE_PER_OPPORTUNITY;OPPONENT_ADJUSTED_RESIDUAL;MATCHUP_DIFFERENCE,EXPERIMENTAL,false,TARGET_SPECIFIC_EVALUATION_REQUIRED,W10 candidate seed only; no predictive usefulness or promotion is claimed.
FC-000331,RF-000416,SRC-001,SportsDataverse,player_box,rushing_yards,rushing,HISTORICAL_AGGREGATE_ONLY,PIT_HISTORICAL_AGGREGATION_INPUT,PURE_AND_MARKET_ELIGIBLE,LAGGED_LAST;ROLLING_MEAN_COUNT;EWMA;LINEAR_TREND;RATE_PER_OPPORTUNITY;OPPONENT_ADJUSTED_RESIDUAL;MATCHUP_DIFFERENCE,EXPERIMENTAL,false,TARGET_SPECIFIC_EVALUATION_REQUIRED,W10 candidate seed only; no predictive usefulness or promotion is claimed.
FC-000332,RF-000417,SRC-001,SportsDataverse,player_box,yards_per_rush_attempt,rushing,HISTORICAL_AGGREGATE_ONLY,PIT_HISTORICAL_AGGREGATION_INPUT,PURE_AND_MARKET_ELIGIBLE,LAGGED_LAST;ROLLING_MEAN_COUNT;EWMA;LINEAR_TREND;RATE_PER_OPPORTUNITY;OPPONENT_ADJUSTED_RESIDUAL;MATCHUP_DIFFERENCE,EXPERIMENTAL,false,TARGET_SPECIFIC_EVALUATION_REQUIRED,W10 candidate seed only; no predictive usefulness or promotion is claimed.
FC-000333,RF-000418,SRC-001,SportsDataverse,player_box,rushing_touchdowns,rushing,HISTORICAL_AGGREGATE_ONLY,PIT_HISTORICAL_AGGREGATION_INPUT,PURE_AND_MARKET_ELIGIBLE,LAGGED_LAST;ROLLING_MEAN_COUNT;EWMA;LINEAR_TREND;RATE_PER_OPPORTUNITY;OPPONENT_ADJUSTED_RESIDUAL;MATCHUP_DIFFERENCE,EXPERIMENTAL,false,TARGET_SPECIFIC_EVALUATION_REQUIRED,W10 candidate seed only; no predictive usefulness or promotion is claimed.
FC-000334,RF-000419,SRC-001,SportsDataverse,player_box,long_rushing,rushing,HISTORICAL_AGGREGATE_ONLY,PIT_HISTORICAL_AGGREGATION_INPUT,PURE_AND_MARKET_ELIGIBLE,LAGGED_LAST;ROLLING_MEAN_COUNT;EWMA;LINEAR_TREND;RATE_PER_OPPORTUNITY;OPPONENT_ADJUSTED_RESIDUAL;MATCHUP_DIFFERENCE,EXPERIMENTAL,false,TARGET_SPECIFIC_EVALUATION_REQUIRED,W10 candidate seed only; no predictive usefulness or promotion is claimed.
FC-000335,RF-000420,SRC-001,SportsDataverse,player_box,receptions,other,HISTORICAL_AGGREGATE_ONLY,PIT_HISTORICAL_AGGREGATION_INPUT,PURE_AND_MARKET_ELIGIBLE,LAGGED_LAST;ROLLING_MEAN_COUNT;EWMA;LINEAR_TREND,EXPERIMENTAL,false,TARGET_SPECIFIC_EVALUATION_REQUIRED,W10 candidate seed only; no predictive usefulness or promotion is claimed.
FC-000336,RF-000421,SRC-001,SportsDataverse,player_box,receiving_yards,situational_field_position,HISTORICAL_AGGREGATE_ONLY,PIT_HISTORICAL_AGGREGATION_INPUT,PURE_AND_MARKET_ELIGIBLE,LAGGED_LAST;ROLLING_MEAN_COUNT;EWMA;LINEAR_TREND;RATE_PER_OPPORTUNITY;OPPONENT_ADJUSTED_RESIDUAL;MATCHUP_DIFFERENCE,EXPERIMENTAL,false,TARGET_SPECIFIC_EVALUATION_REQUIRED,W10 candidate seed only; no predictive usefulness or promotion is claimed.
FC-000337,RF-000422,SRC-001,SportsDataverse,player_box,yards_per_reception,situational_field_position,HISTORICAL_AGGREGATE_ONLY,PIT_HISTORICAL_AGGREGATION_INPUT,PURE_AND_MARKET_ELIGIBLE,LAGGED_LAST;ROLLING_MEAN_COUNT;EWMA;LINEAR_TREND;RATE_PER_OPPORTUNITY;OPPONENT_ADJUSTED_RESIDUAL;MATCHUP_DIFFERENCE,EXPERIMENTAL,false,TARGET_SPECIFIC_EVALUATION_REQUIRED,W10 candidate seed only; no predictive usefulness or promotion is claimed.
FC-000338,RF-000423,SRC-001,SportsDataverse,player_box,receiving_touchdowns,situational_field_position,HISTORICAL_AGGREGATE_ONLY,PIT_HISTORICAL_AGGREGATION_INPUT,PURE_AND_MARKET_ELIGIBLE,LAGGED_LAST;ROLLING_MEAN_COUNT;EWMA;LINEAR_TREND;RATE_PER_OPPORTUNITY;OPPONENT_ADJUSTED_RESIDUAL;MATCHUP_DIFFERENCE,EXPERIMENTAL,false,TARGET_SPECIFIC_EVALUATION_REQUIRED,W10 candidate seed only; no predictive usefulness or promotion is claimed.
FC-000339,RF-000424,SRC-001,SportsDataverse,player_box,long_reception,other,HISTORICAL_AGGREGATE_ONLY,PIT_HISTORICAL_AGGREGATION_INPUT,PURE_AND_MARKET_ELIGIBLE,LAGGED_LAST;ROLLING_MEAN_COUNT;EWMA;LINEAR_TREND,EXPERIMENTAL,false,TARGET_SPECIFIC_EVALUATION_REQUIRED,W10 candidate seed only; no predictive usefulness or promotion is claimed.
FC-000340,RF-000425,SRC-001,SportsDataverse,player_box,fumbles,turnovers,HISTORICAL_AGGREGATE_ONLY,PIT_HISTORICAL_AGGREGATION_INPUT,PURE_AND_MARKET_ELIGIBLE,LAGGED_LAST;ROLLING_MEAN_COUNT;EWMA;LINEAR_TREND;RATE_PER_OPPORTUNITY;OPPONENT_ADJUSTED_RESIDUAL;MATCHUP_DIFFERENCE,EXPERIMENTAL,false,TARGET_SPECIFIC_EVALUATION_REQUIRED,W10 candidate seed only; no predictive usefulness or promotion is claimed.
FC-000341,RF-000426,SRC-001,SportsDataverse,player_box,fumbles_lost,turnovers,HISTORICAL_AGGREGATE_ONLY,PIT_HISTORICAL_AGGREGATION_INPUT,PURE_AND_MARKET_ELIGIBLE,LAGGED_LAST;ROLLING_MEAN_COUNT;EWMA;LINEAR_TREND;RATE_PER_OPPORTUNITY;OPPONENT_ADJUSTED_RESIDUAL;MATCHUP_DIFFERENCE,EXPERIMENTAL,false,TARGET_SPECIFIC_EVALUATION_REQUIRED,W10 candidate seed only; no predictive usefulness or promotion is claimed.
FC-000342,RF-000427,SRC-001,SportsDataverse,player_box,fumbles_recovered,turnovers,HISTORICAL_AGGREGATE_ONLY,PIT_HISTORICAL_AGGREGATION_INPUT,PURE_AND_MARKET_ELIGIBLE,LAGGED_LAST;ROLLING_MEAN_COUNT;EWMA;LINEAR_TREND;RATE_PER_OPPORTUNITY;OPPONENT_ADJUSTED_RESIDUAL;MATCHUP_DIFFERENCE,EXPERIMENTAL,false,TARGET_SPECIFIC_EVALUATION_REQUIRED,W10 candidate seed only; no predictive usefulness or promotion is claimed.
FC-000343,RF-000428,SRC-001,SportsDataverse,player_box,total_tackles,other,HISTORICAL_AGGREGATE_ONLY,PIT_HISTORICAL_AGGREGATION_INPUT,PURE_AND_MARKET_ELIGIBLE,LAGGED_LAST;ROLLING_MEAN_COUNT;EWMA;LINEAR_TREND,EXPERIMENTAL,false,TARGET_SPECIFIC_EVALUATION_REQUIRED,W10 candidate seed only; no predictive usefulness or promotion is claimed.
FC-000344,RF-000429,SRC-001,SportsDataverse,player_box,solo_tackles,other,HISTORICAL_AGGREGATE_ONLY,PIT_HISTORICAL_AGGREGATION_INPUT,PURE_AND_MARKET_ELIGIBLE,LAGGED_LAST;ROLLING_MEAN_COUNT;EWMA;LINEAR_TREND,EXPERIMENTAL,false,TARGET_SPECIFIC_EVALUATION_REQUIRED,W10 candidate seed only; no predictive usefulness or promotion is claimed.
FC-000345,RF-000430,SRC-001,SportsDataverse,player_box,sacks,other,HISTORICAL_AGGREGATE_ONLY,PIT_HISTORICAL_AGGREGATION_INPUT,PURE_AND_MARKET_ELIGIBLE,LAGGED_LAST;ROLLING_MEAN_COUNT;EWMA;LINEAR_TREND,EXPERIMENTAL,false,TARGET_SPECIFIC_EVALUATION_REQUIRED,W10 candidate seed only; no predictive usefulness or promotion is claimed.
FC-000346,RF-000431,SRC-001,SportsDataverse,player_box,tackles_for_loss,other,HISTORICAL_AGGREGATE_ONLY,PIT_HISTORICAL_AGGREGATION_INPUT,PURE_AND_MARKET_ELIGIBLE,LAGGED_LAST;ROLLING_MEAN_COUNT;EWMA;LINEAR_TREND,EXPERIMENTAL,false,TARGET_SPECIFIC_EVALUATION_REQUIRED,W10 candidate seed only; no predictive usefulness or promotion is claimed.
FC-000347,RF-000432,SRC-001,SportsDataverse,player_box,passes_defended,passing_receiving,HISTORICAL_AGGREGATE_ONLY,PIT_HISTORICAL_AGGREGATION_INPUT,PURE_AND_MARKET_ELIGIBLE,LAGGED_LAST;ROLLING_MEAN_COUNT;EWMA;LINEAR_TREND;RATE_PER_OPPORTUNITY;OPPONENT_ADJUSTED_RESIDUAL;MATCHUP_DIFFERENCE,EXPERIMENTAL,false,TARGET_SPECIFIC_EVALUATION_REQUIRED,W10 candidate seed only; no predictive usefulness or promotion is claimed.
FC-000348,RF-000433,SRC-001,SportsDataverse,player_box,hurries,other,HISTORICAL_AGGREGATE_ONLY,PIT_HISTORICAL_AGGREGATION_INPUT,PURE_AND_MARKET_ELIGIBLE,LAGGED_LAST;ROLLING_MEAN_COUNT;EWMA;LINEAR_TREND,EXPERIMENTAL,false,TARGET_SPECIFIC_EVALUATION_REQUIRED,W10 candidate seed only; no predictive usefulness or promotion is claimed.
FC-000349,RF-000434,SRC-001,SportsDataverse,player_box,defensive_touchdowns,situational_field_position,HISTORICAL_AGGREGATE_ONLY,PIT_HISTORICAL_AGGREGATION_INPUT,PURE_AND_MARKET_ELIGIBLE,LAGGED_LAST;ROLLING_MEAN_COUNT;EWMA;LINEAR_TREND;RATE_PER_OPPORTUNITY;OPPONENT_ADJUSTED_RESIDUAL;MATCHUP_DIFFERENCE,EXPERIMENTAL,false,TARGET_SPECIFIC_EVALUATION_REQUIRED,W10 candidate seed only; no predictive usefulness or promotion is claimed.
FC-000350,RF-000435,SRC-001,SportsDataverse,player_box,interception_yards,situational_field_position,HISTORICAL_AGGREGATE_ONLY,PIT_HISTORICAL_AGGREGATION_INPUT,PURE_AND_MARKET_ELIGIBLE,LAGGED_LAST;ROLLING_MEAN_COUNT;EWMA;LINEAR_TREND;RATE_PER_OPPORTUNITY;OPPONENT_ADJUSTED_RESIDUAL;MATCHUP_DIFFERENCE,EXPERIMENTAL,false,TARGET_SPECIFIC_EVALUATION_REQUIRED,W10 candidate seed only; no predictive usefulness or promotion is claimed.
FC-000351,RF-000436,SRC-001,SportsDataverse,player_box,interception_touchdowns,situational_field_position,HISTORICAL_AGGREGATE_ONLY,PIT_HISTORICAL_AGGREGATION_INPUT,PURE_AND_MARKET_ELIGIBLE,LAGGED_LAST;ROLLING_MEAN_COUNT;EWMA;LINEAR_TREND;RATE_PER_OPPORTUNITY;OPPONENT_ADJUSTED_RESIDUAL;MATCHUP_DIFFERENCE,EXPERIMENTAL,false,TARGET_SPECIFIC_EVALUATION_REQUIRED,W10 candidate seed only; no predictive usefulness or promotion is claimed.
FC-000352,RF-000437,SRC-001,SportsDataverse,player_box,kick_returns,special_teams,HISTORICAL_AGGREGATE_ONLY,PIT_HISTORICAL_AGGREGATION_INPUT,PURE_AND_MARKET_ELIGIBLE,LAGGED_LAST;ROLLING_MEAN_COUNT;EWMA;LINEAR_TREND;RATE_PER_OPPORTUNITY;OPPONENT_ADJUSTED_RESIDUAL;MATCHUP_DIFFERENCE,EXPERIMENTAL,false,TARGET_SPECIFIC_EVALUATION_REQUIRED,W10 candidate seed only; no predictive usefulness or promotion is claimed.
FC-000353,RF-000438,SRC-001,SportsDataverse,player_box,kick_return_yards,special_teams,HISTORICAL_AGGREGATE_ONLY,PIT_HISTORICAL_AGGREGATION_INPUT,PURE_AND_MARKET_ELIGIBLE,LAGGED_LAST;ROLLING_MEAN_COUNT;EWMA;LINEAR_TREND;RATE_PER_OPPORTUNITY;OPPONENT_ADJUSTED_RESIDUAL;MATCHUP_DIFFERENCE,EXPERIMENTAL,false,TARGET_SPECIFIC_EVALUATION_REQUIRED,W10 candidate seed only; no predictive usefulness or promotion is claimed.
FC-000354,RF-000439,SRC-001,SportsDataverse,player_box,yards_per_kick_return,special_teams,HISTORICAL_AGGREGATE_ONLY,PIT_HISTORICAL_AGGREGATION_INPUT,PURE_AND_MARKET_ELIGIBLE,LAGGED_LAST;ROLLING_MEAN_COUNT;EWMA;LINEAR_TREND;RATE_PER_OPPORTUNITY;OPPONENT_ADJUSTED_RESIDUAL;MATCHUP_DIFFERENCE,EXPERIMENTAL,false,TARGET_SPECIFIC_EVALUATION_REQUIRED,W10 candidate seed only; no predictive usefulness or promotion is claimed.
FC-000355,RF-000440,SRC-001,SportsDataverse,player_box,long_kick_return,special_teams,HISTORICAL_AGGREGATE_ONLY,PIT_HISTORICAL_AGGREGATION_INPUT,PURE_AND_MARKET_ELIGIBLE,LAGGED_LAST;ROLLING_MEAN_COUNT;EWMA;LINEAR_TREND;RATE_PER_OPPORTUNITY;OPPONENT_ADJUSTED_RESIDUAL;MATCHUP_DIFFERENCE,EXPERIMENTAL,false,TARGET_SPECIFIC_EVALUATION_REQUIRED,W10 candidate seed only; no predictive usefulness or promotion is claimed.
FC-000356,RF-000441,SRC-001,SportsDataverse,player_box,kick_return_touchdowns,special_teams,HISTORICAL_AGGREGATE_ONLY,PIT_HISTORICAL_AGGREGATION_INPUT,PURE_AND_MARKET_ELIGIBLE,LAGGED_LAST;ROLLING_MEAN_COUNT;EWMA;LINEAR_TREND;RATE_PER_OPPORTUNITY;OPPONENT_ADJUSTED_RESIDUAL;MATCHUP_DIFFERENCE,EXPERIMENTAL,false,TARGET_SPECIFIC_EVALUATION_REQUIRED,W10 candidate seed only; no predictive usefulness or promotion is claimed.
FC-000357,RF-000442,SRC-001,SportsDataverse,player_box,punt_returns,special_teams,HISTORICAL_AGGREGATE_ONLY,PIT_HISTORICAL_AGGREGATION_INPUT,PURE_AND_MARKET_ELIGIBLE,LAGGED_LAST;ROLLING_MEAN_COUNT;EWMA;LINEAR_TREND;RATE_PER_OPPORTUNITY;OPPONENT_ADJUSTED_RESIDUAL;MATCHUP_DIFFERENCE,EXPERIMENTAL,false,TARGET_SPECIFIC_EVALUATION_REQUIRED,W10 candidate seed only; no predictive usefulness or promotion is claimed.
FC-000358,RF-000443,SRC-001,SportsDataverse,player_box,punt_return_yards,special_teams,HISTORICAL_AGGREGATE_ONLY,PIT_HISTORICAL_AGGREGATION_INPUT,PURE_AND_MARKET_ELIGIBLE,LAGGED_LAST;ROLLING_MEAN_COUNT;EWMA;LINEAR_TREND;RATE_PER_OPPORTUNITY;OPPONENT_ADJUSTED_RESIDUAL;MATCHUP_DIFFERENCE,EXPERIMENTAL,false,TARGET_SPECIFIC_EVALUATION_REQUIRED,W10 candidate seed only; no predictive usefulness or promotion is claimed.
FC-000359,RF-000444,SRC-001,SportsDataverse,player_box,yards_per_punt_return,special_teams,HISTORICAL_AGGREGATE_ONLY,PIT_HISTORICAL_AGGREGATION_INPUT,PURE_AND_MARKET_ELIGIBLE,LAGGED_LAST;ROLLING_MEAN_COUNT;EWMA;LINEAR_TREND;RATE_PER_OPPORTUNITY;OPPONENT_ADJUSTED_RESIDUAL;MATCHUP_DIFFERENCE,EXPERIMENTAL,false,TARGET_SPECIFIC_EVALUATION_REQUIRED,W10 candidate seed only; no predictive usefulness or promotion is claimed.
FC-000360,RF-000445,SRC-001,SportsDataverse,player_box,long_punt_return,special_teams,HISTORICAL_AGGREGATE_ONLY,PIT_HISTORICAL_AGGREGATION_INPUT,PURE_AND_MARKET_ELIGIBLE,LAGGED_LAST;ROLLING_MEAN_COUNT;EWMA;LINEAR_TREND;RATE_PER_OPPORTUNITY;OPPONENT_ADJUSTED_RESIDUAL;MATCHUP_DIFFERENCE,EXPERIMENTAL,false,TARGET_SPECIFIC_EVALUATION_REQUIRED,W10 candidate seed only; no predictive usefulness or promotion is claimed.
FC-000361,RF-000446,SRC-001,SportsDataverse,player_box,punt_return_touchdowns,special_teams,HISTORICAL_AGGREGATE_ONLY,PIT_HISTORICAL_AGGREGATION_INPUT,PURE_AND_MARKET_ELIGIBLE,LAGGED_LAST;ROLLING_MEAN_COUNT;EWMA;LINEAR_TREND;RATE_PER_OPPORTUNITY;OPPONENT_ADJUSTED_RESIDUAL;MATCHUP_DIFFERENCE,EXPERIMENTAL,false,TARGET_SPECIFIC_EVALUATION_REQUIRED,W10 candidate seed only; no predictive usefulness or promotion is claimed.
FC-000362,RF-000447,SRC-001,SportsDataverse,player_box,field_goals_made_field_goal_attempts,special_teams,HISTORICAL_AGGREGATE_ONLY,PIT_HISTORICAL_AGGREGATION_INPUT,PURE_AND_MARKET_ELIGIBLE,LAGGED_LAST;ROLLING_MEAN_COUNT;EWMA;LINEAR_TREND;RATE_PER_OPPORTUNITY;OPPONENT_ADJUSTED_RESIDUAL;MATCHUP_DIFFERENCE,EXPERIMENTAL,false,TARGET_SPECIFIC_EVALUATION_REQUIRED,W10 candidate seed only; no predictive usefulness or promotion is claimed.
FC-000363,RF-000448,SRC-001,SportsDataverse,player_box,field_goal_pct,special_teams,HISTORICAL_AGGREGATE_ONLY,PIT_HISTORICAL_AGGREGATION_INPUT,PURE_AND_MARKET_ELIGIBLE,LAGGED_LAST;ROLLING_MEAN_COUNT;EWMA;LINEAR_TREND;RATE_PER_OPPORTUNITY;OPPONENT_ADJUSTED_RESIDUAL;MATCHUP_DIFFERENCE,EXPERIMENTAL,false,TARGET_SPECIFIC_EVALUATION_REQUIRED,W10 candidate seed only; no predictive usefulness or promotion is claimed.
FC-000364,RF-000449,SRC-001,SportsDataverse,player_box,long_field_goal_made,special_teams,HISTORICAL_AGGREGATE_ONLY,PIT_HISTORICAL_AGGREGATION_INPUT,PURE_AND_MARKET_ELIGIBLE,LAGGED_LAST;ROLLING_MEAN_COUNT;EWMA;LINEAR_TREND;RATE_PER_OPPORTUNITY;OPPONENT_ADJUSTED_RESIDUAL;MATCHUP_DIFFERENCE,EXPERIMENTAL,false,TARGET_SPECIFIC_EVALUATION_REQUIRED,W10 candidate seed only; no predictive usefulness or promotion is claimed.
FC-000365,RF-000450,SRC-001,SportsDataverse,player_box,extra_points_made_extra_point_attempts,other,HISTORICAL_AGGREGATE_ONLY,PIT_HISTORICAL_AGGREGATION_INPUT,PURE_AND_MARKET_ELIGIBLE,LAGGED_LAST;ROLLING_MEAN_COUNT;EWMA;LINEAR_TREND,EXPERIMENTAL,false,TARGET_SPECIFIC_EVALUATION_REQUIRED,W10 candidate seed only; no predictive usefulness or promotion is claimed.
FC-000366,RF-000451,SRC-001,SportsDataverse,player_box,total_kicking_points,special_teams,HISTORICAL_AGGREGATE_ONLY,PIT_HISTORICAL_AGGREGATION_INPUT,PURE_AND_MARKET_ELIGIBLE,LAGGED_LAST;ROLLING_MEAN_COUNT;EWMA;LINEAR_TREND;RATE_PER_OPPORTUNITY;OPPONENT_ADJUSTED_RESIDUAL;MATCHUP_DIFFERENCE,EXPERIMENTAL,false,TARGET_SPECIFIC_EVALUATION_REQUIRED,W10 candidate seed only; no predictive usefulness or promotion is claimed.
FC-000367,RF-000452,SRC-001,SportsDataverse,player_box,punts,special_teams,HISTORICAL_AGGREGATE_ONLY,PIT_HISTORICAL_AGGREGATION_INPUT,PURE_AND_MARKET_ELIGIBLE,LAGGED_LAST;ROLLING_MEAN_COUNT;EWMA;LINEAR_TREND;RATE_PER_OPPORTUNITY;OPPONENT_ADJUSTED_RESIDUAL;MATCHUP_DIFFERENCE,EXPERIMENTAL,false,TARGET_SPECIFIC_EVALUATION_REQUIRED,W10 candidate seed only; no predictive usefulness or promotion is claimed.
FC-000368,RF-000453,SRC-001,SportsDataverse,player_box,punt_yards,special_teams,HISTORICAL_AGGREGATE_ONLY,PIT_HISTORICAL_AGGREGATION_INPUT,PURE_AND_MARKET_ELIGIBLE,LAGGED_LAST;ROLLING_MEAN_COUNT;EWMA;LINEAR_TREND;RATE_PER_OPPORTUNITY;OPPONENT_ADJUSTED_RESIDUAL;MATCHUP_DIFFERENCE,EXPERIMENTAL,false,TARGET_SPECIFIC_EVALUATION_REQUIRED,W10 candidate seed only; no predictive usefulness or promotion is claimed.
FC-000369,RF-000454,SRC-001,SportsDataverse,player_box,gross_avg_punt_yards,special_teams,HISTORICAL_AGGREGATE_ONLY,PIT_HISTORICAL_AGGREGATION_INPUT,PURE_AND_MARKET_ELIGIBLE,LAGGED_LAST;ROLLING_MEAN_COUNT;EWMA;LINEAR_TREND;RATE_PER_OPPORTUNITY;OPPONENT_ADJUSTED_RESIDUAL;MATCHUP_DIFFERENCE,EXPERIMENTAL,false,TARGET_SPECIFIC_EVALUATION_REQUIRED,W10 candidate seed only; no predictive usefulness or promotion is claimed.
FC-000370,RF-000455,SRC-001,SportsDataverse,player_box,touchbacks,other,HISTORICAL_AGGREGATE_ONLY,PIT_HISTORICAL_AGGREGATION_INPUT,PURE_AND_MARKET_ELIGIBLE,LAGGED_LAST;ROLLING_MEAN_COUNT;EWMA;LINEAR_TREND,EXPERIMENTAL,false,TARGET_SPECIFIC_EVALUATION_REQUIRED,W10 candidate seed only; no predictive usefulness or promotion is claimed.
FC-000371,RF-000456,SRC-001,SportsDataverse,player_box,punts_inside20,special_teams,HISTORICAL_AGGREGATE_ONLY,PIT_HISTORICAL_AGGREGATION_INPUT,PURE_AND_MARKET_ELIGIBLE,LAGGED_LAST;ROLLING_MEAN_COUNT;EWMA;LINEAR_TREND;RATE_PER_OPPORTUNITY;OPPONENT_ADJUSTED_RESIDUAL;MATCHUP_DIFFERENCE,EXPERIMENTAL,false,TARGET_SPECIFIC_EVALUATION_REQUIRED,W10 candidate seed only; no predictive usefulness or promotion is claimed.
FC-000372,RF-000457,SRC-001,SportsDataverse,player_box,long_punt,special_teams,HISTORICAL_AGGREGATE_ONLY,PIT_HISTORICAL_AGGREGATION_INPUT,PURE_AND_MARKET_ELIGIBLE,LAGGED_LAST;ROLLING_MEAN_COUNT;EWMA;LINEAR_TREND;RATE_PER_OPPORTUNITY;OPPONENT_ADJUSTED_RESIDUAL;MATCHUP_DIFFERENCE,EXPERIMENTAL,false,TARGET_SPECIFIC_EVALUATION_REQUIRED,W10 candidate seed only; no predictive usefulness or promotion is claimed.
FC-000373,RF-000459,SRC-001,SportsDataverse,adv_team,season,other,HISTORICAL_AGGREGATE_ONLY,PIT_HISTORICAL_AGGREGATION_INPUT,PURE_AND_MARKET_ELIGIBLE,LAGGED_LAST;ROLLING_MEAN_COUNT;EWMA;LINEAR_TREND,EXPERIMENTAL,false,TARGET_SPECIFIC_EVALUATION_REQUIRED,W10 candidate seed only; no predictive usefulness or promotion is claimed.
FC-000374,RF-000460,SRC-001,SportsDataverse,adv_team,week,other,HISTORICAL_AGGREGATE_ONLY,PIT_HISTORICAL_AGGREGATION_INPUT,PURE_AND_MARKET_ELIGIBLE,LAGGED_LAST;ROLLING_MEAN_COUNT;EWMA;LINEAR_TREND,EXPERIMENTAL,false,TARGET_SPECIFIC_EVALUATION_REQUIRED,W10 candidate seed only; no predictive usefulness or promotion is claimed.
FC-000375,RF-000462,SRC-001,SportsDataverse,adv_team,rushing_highlight_yards_per_opp,rushing,HISTORICAL_AGGREGATE_ONLY,PIT_HISTORICAL_AGGREGATION_INPUT,PURE_AND_MARKET_ELIGIBLE,LAGGED_LAST;ROLLING_MEAN_COUNT;EWMA;LINEAR_TREND;RATE_PER_OPPORTUNITY;OPPONENT_ADJUSTED_RESIDUAL;MATCHUP_DIFFERENCE,EXPERIMENTAL,false,TARGET_SPECIFIC_EVALUATION_REQUIRED,W10 candidate seed only; no predictive usefulness or promotion is claimed.
FC-000376,RF-000463,SRC-001,SportsDataverse,adv_team,total_pen_yards,penalties,HISTORICAL_AGGREGATE_ONLY,PIT_HISTORICAL_AGGREGATION_INPUT,PURE_AND_MARKET_ELIGIBLE,LAGGED_LAST;ROLLING_MEAN_COUNT;EWMA;LINEAR_TREND;RATE_PER_OPPORTUNITY;OPPONENT_ADJUSTED_RESIDUAL;MATCHUP_DIFFERENCE,EXPERIMENTAL,false,TARGET_SPECIFIC_EVALUATION_REQUIRED,W10 candidate seed only; no predictive usefulness or promotion is claimed.
FC-000377,RF-000464,SRC-001,SportsDataverse,adv_team,EPA_penalty,penalties,HISTORICAL_AGGREGATE_ONLY,PIT_HISTORICAL_AGGREGATION_INPUT,PURE_AND_MARKET_ELIGIBLE,LAGGED_LAST;ROLLING_MEAN_COUNT;EWMA;LINEAR_TREND;RATE_PER_OPPORTUNITY;OPPONENT_ADJUSTED_RESIDUAL;MATCHUP_DIFFERENCE,EXPERIMENTAL,false,TARGET_SPECIFIC_EVALUATION_REQUIRED,W10 candidate seed only; no predictive usefulness or promotion is claimed.
FC-000378,RF-000465,SRC-001,SportsDataverse,adv_team,penalty_first_downs_created,penalties,HISTORICAL_AGGREGATE_ONLY,PIT_HISTORICAL_AGGREGATION_INPUT,PURE_AND_MARKET_ELIGIBLE,LAGGED_LAST;ROLLING_MEAN_COUNT;EWMA;LINEAR_TREND;RATE_PER_OPPORTUNITY;OPPONENT_ADJUSTED_RESIDUAL;MATCHUP_DIFFERENCE,EXPERIMENTAL,false,TARGET_SPECIFIC_EVALUATION_REQUIRED,W10 candidate seed only; no predictive usefulness or promotion is claimed.
FC-000379,RF-000466,SRC-001,SportsDataverse,adv_team,penalty_first_downs_created_rate,penalties,HISTORICAL_AGGREGATE_ONLY,PIT_HISTORICAL_AGGREGATION_INPUT,PURE_AND_MARKET_ELIGIBLE,LAGGED_LAST;ROLLING_MEAN_COUNT;EWMA;LINEAR_TREND;RATE_PER_OPPORTUNITY;OPPONENT_ADJUSTED_RESIDUAL;MATCHUP_DIFFERENCE,EXPERIMENTAL,false,TARGET_SPECIFIC_EVALUATION_REQUIRED,W10 candidate seed only; no predictive usefulness or promotion is claimed.
FC-000380,RF-000467,SRC-001,SportsDataverse,adv_team,special_teams_plays,special_teams,HISTORICAL_AGGREGATE_ONLY,PIT_HISTORICAL_AGGREGATION_INPUT,PURE_AND_MARKET_ELIGIBLE,LAGGED_LAST;ROLLING_MEAN_COUNT;EWMA;LINEAR_TREND;RATE_PER_OPPORTUNITY;OPPONENT_ADJUSTED_RESIDUAL;MATCHUP_DIFFERENCE,EXPERIMENTAL,false,TARGET_SPECIFIC_EVALUATION_REQUIRED,W10 candidate seed only; no predictive usefulness or promotion is claimed.
FC-000381,RF-000468,SRC-001,SportsDataverse,adv_team,EPA_sp,advanced_efficiency_probability,HISTORICAL_AGGREGATE_ONLY,PIT_HISTORICAL_AGGREGATION_INPUT,PURE_AND_MARKET_ELIGIBLE,LAGGED_LAST;ROLLING_MEAN_COUNT;EWMA;LINEAR_TREND;RATE_PER_OPPORTUNITY;OPPONENT_ADJUSTED_RESIDUAL;MATCHUP_DIFFERENCE,EXPERIMENTAL,false,TARGET_SPECIFIC_EVALUATION_REQUIRED,W10 candidate seed only; no predictive usefulness or promotion is claimed.
FC-000382,RF-000469,SRC-001,SportsDataverse,adv_team,EPA_special_teams,special_teams,HISTORICAL_AGGREGATE_ONLY,PIT_HISTORICAL_AGGREGATION_INPUT,PURE_AND_MARKET_ELIGIBLE,LAGGED_LAST;ROLLING_MEAN_COUNT;EWMA;LINEAR_TREND;RATE_PER_OPPORTUNITY;OPPONENT_ADJUSTED_RESIDUAL;MATCHUP_DIFFERENCE,EXPERIMENTAL,false,TARGET_SPECIFIC_EVALUATION_REQUIRED,W10 candidate seed only; no predictive usefulness or promotion is claimed.
FC-000383,RF-000470,SRC-001,SportsDataverse,adv_team,field_goals,special_teams,HISTORICAL_AGGREGATE_ONLY,PIT_HISTORICAL_AGGREGATION_INPUT,PURE_AND_MARKET_ELIGIBLE,LAGGED_LAST;ROLLING_MEAN_COUNT;EWMA;LINEAR_TREND;RATE_PER_OPPORTUNITY;OPPONENT_ADJUSTED_RESIDUAL;MATCHUP_DIFFERENCE,EXPERIMENTAL,false,TARGET_SPECIFIC_EVALUATION_REQUIRED,W10 candidate seed only; no predictive usefulness or promotion is claimed.
FC-000384,RF-000471,SRC-001,SportsDataverse,adv_team,EPA_fg,advanced_efficiency_probability,HISTORICAL_AGGREGATE_ONLY,PIT_HISTORICAL_AGGREGATION_INPUT,PURE_AND_MARKET_ELIGIBLE,LAGGED_LAST;ROLLING_MEAN_COUNT;EWMA;LINEAR_TREND;RATE_PER_OPPORTUNITY;OPPONENT_ADJUSTED_RESIDUAL;MATCHUP_DIFFERENCE,EXPERIMENTAL,false,TARGET_SPECIFIC_EVALUATION_REQUIRED,W10 candidate seed only; no predictive usefulness or promotion is claimed.
FC-000385,RF-000472,SRC-001,SportsDataverse,adv_team,punt_plays,special_teams,HISTORICAL_AGGREGATE_ONLY,PIT_HISTORICAL_AGGREGATION_INPUT,PURE_AND_MARKET_ELIGIBLE,LAGGED_LAST;ROLLING_MEAN_COUNT;EWMA;LINEAR_TREND;RATE_PER_OPPORTUNITY;OPPONENT_ADJUSTED_RESIDUAL;MATCHUP_DIFFERENCE,EXPERIMENTAL,false,TARGET_SPECIFIC_EVALUATION_REQUIRED,W10 candidate seed only; no predictive usefulness or promotion is claimed.
FC-000386,RF-000473,SRC-001,SportsDataverse,adv_team,EPA_punt,special_teams,HISTORICAL_AGGREGATE_ONLY,PIT_HISTORICAL_AGGREGATION_INPUT,PURE_AND_MARKET_ELIGIBLE,LAGGED_LAST;ROLLING_MEAN_COUNT;EWMA;LINEAR_TREND;RATE_PER_OPPORTUNITY;OPPONENT_ADJUSTED_RESIDUAL;MATCHUP_DIFFERENCE,EXPERIMENTAL,false,TARGET_SPECIFIC_EVALUATION_REQUIRED,W10 candidate seed only; no predictive usefulness or promotion is claimed.
FC-000387,RF-000474,SRC-001,SportsDataverse,adv_team,kickoff_plays,special_teams,HISTORICAL_AGGREGATE_ONLY,PIT_HISTORICAL_AGGREGATION_INPUT,PURE_AND_MARKET_ELIGIBLE,LAGGED_LAST;ROLLING_MEAN_COUNT;EWMA;LINEAR_TREND;RATE_PER_OPPORTUNITY;OPPONENT_ADJUSTED_RESIDUAL;MATCHUP_DIFFERENCE,EXPERIMENTAL,false,TARGET_SPECIFIC_EVALUATION_REQUIRED,W10 candidate seed only; no predictive usefulness or promotion is claimed.
FC-000388,RF-000475,SRC-001,SportsDataverse,adv_team,EPA_kickoff,special_teams,HISTORICAL_AGGREGATE_ONLY,PIT_HISTORICAL_AGGREGATION_INPUT,PURE_AND_MARKET_ELIGIBLE,LAGGED_LAST;ROLLING_MEAN_COUNT;EWMA;LINEAR_TREND;RATE_PER_OPPORTUNITY;OPPONENT_ADJUSTED_RESIDUAL;MATCHUP_DIFFERENCE,EXPERIMENTAL,false,TARGET_SPECIFIC_EVALUATION_REQUIRED,W10 candidate seed only; no predictive usefulness or promotion is claimed.
FC-000389,RF-000476,SRC-001,SportsDataverse,adv_team,rushes,rushing,HISTORICAL_AGGREGATE_ONLY,PIT_HISTORICAL_AGGREGATION_INPUT,PURE_AND_MARKET_ELIGIBLE,LAGGED_LAST;ROLLING_MEAN_COUNT;EWMA;LINEAR_TREND;RATE_PER_OPPORTUNITY;OPPONENT_ADJUSTED_RESIDUAL;MATCHUP_DIFFERENCE,EXPERIMENTAL,false,TARGET_SPECIFIC_EVALUATION_REQUIRED,W10 candidate seed only; no predictive usefulness or promotion is claimed.
FC-000390,RF-000477,SRC-001,SportsDataverse,adv_team,rush_yards,rushing,HISTORICAL_AGGREGATE_ONLY,PIT_HISTORICAL_AGGREGATION_INPUT,PURE_AND_MARKET_ELIGIBLE,LAGGED_LAST;ROLLING_MEAN_COUNT;EWMA;LINEAR_TREND;RATE_PER_OPPORTUNITY;OPPONENT_ADJUSTED_RESIDUAL;MATCHUP_DIFFERENCE,EXPERIMENTAL,false,TARGET_SPECIFIC_EVALUATION_REQUIRED,W10 candidate seed only; no predictive usefulness or promotion is claimed.
FC-000391,RF-000478,SRC-001,SportsDataverse,adv_team,yards_per_rush,rushing,HISTORICAL_AGGREGATE_ONLY,PIT_HISTORICAL_AGGREGATION_INPUT,PURE_AND_MARKET_ELIGIBLE,LAGGED_LAST;ROLLING_MEAN_COUNT;EWMA;LINEAR_TREND;RATE_PER_OPPORTUNITY;OPPONENT_ADJUSTED_RESIDUAL;MATCHUP_DIFFERENCE,EXPERIMENTAL,false,TARGET_SPECIFIC_EVALUATION_REQUIRED,W10 candidate seed only; no predictive usefulness or promotion is claimed.
FC-000392,RF-000479,SRC-001,SportsDataverse,adv_team,rushing_power_rate,rushing,HISTORICAL_AGGREGATE_ONLY,PIT_HISTORICAL_AGGREGATION_INPUT,PURE_AND_MARKET_ELIGIBLE,LAGGED_LAST;ROLLING_MEAN_COUNT;EWMA;LINEAR_TREND;RATE_PER_OPPORTUNITY;OPPONENT_ADJUSTED_RESIDUAL;MATCHUP_DIFFERENCE,EXPERIMENTAL,false,TARGET_SPECIFIC_EVALUATION_REQUIRED,W10 candidate seed only; no predictive usefulness or promotion is claimed.
FC-000393,RF-000480,SRC-001,SportsDataverse,adv_team,rushing_first_downs_created,rushing,HISTORICAL_AGGREGATE_ONLY,PIT_HISTORICAL_AGGREGATION_INPUT,PURE_AND_MARKET_ELIGIBLE,LAGGED_LAST;ROLLING_MEAN_COUNT;EWMA;LINEAR_TREND;RATE_PER_OPPORTUNITY;OPPONENT_ADJUSTED_RESIDUAL;MATCHUP_DIFFERENCE,EXPERIMENTAL,false,TARGET_SPECIFIC_EVALUATION_REQUIRED,W10 candidate seed only; no predictive usefulness or promotion is claimed.
FC-000394,RF-000481,SRC-001,SportsDataverse,adv_team,rushing_first_downs_created_rate,rushing,HISTORICAL_AGGREGATE_ONLY,PIT_HISTORICAL_AGGREGATION_INPUT,PURE_AND_MARKET_ELIGIBLE,LAGGED_LAST;ROLLING_MEAN_COUNT;EWMA;LINEAR_TREND;RATE_PER_OPPORTUNITY;OPPONENT_ADJUSTED_RESIDUAL;MATCHUP_DIFFERENCE,EXPERIMENTAL,false,TARGET_SPECIFIC_EVALUATION_REQUIRED,W10 candidate seed only; no predictive usefulness or promotion is claimed.
FC-000395,RF-000482,SRC-001,SportsDataverse,adv_team,EPA_rushing_overall,rushing,HISTORICAL_AGGREGATE_ONLY,PIT_HISTORICAL_AGGREGATION_INPUT,PURE_AND_MARKET_ELIGIBLE,LAGGED_LAST;ROLLING_MEAN_COUNT;EWMA;LINEAR_TREND;RATE_PER_OPPORTUNITY;OPPONENT_ADJUSTED_RESIDUAL;MATCHUP_DIFFERENCE,EXPERIMENTAL,false,TARGET_SPECIFIC_EVALUATION_REQUIRED,W10 candidate seed only; no predictive usefulness or promotion is claimed.
FC-000396,RF-000483,SRC-001,SportsDataverse,adv_team,EPA_rushing_per_play,rushing,HISTORICAL_AGGREGATE_ONLY,PIT_HISTORICAL_AGGREGATION_INPUT,PURE_AND_MARKET_ELIGIBLE,LAGGED_LAST;ROLLING_MEAN_COUNT;EWMA;LINEAR_TREND;RATE_PER_OPPORTUNITY;OPPONENT_ADJUSTED_RESIDUAL;MATCHUP_DIFFERENCE,EXPERIMENTAL,false,TARGET_SPECIFIC_EVALUATION_REQUIRED,W10 candidate seed only; no predictive usefulness or promotion is claimed.
FC-000397,RF-000484,SRC-001,SportsDataverse,adv_team,EPA_explosive_rushing,rushing,HISTORICAL_AGGREGATE_ONLY,PIT_HISTORICAL_AGGREGATION_INPUT,PURE_AND_MARKET_ELIGIBLE,LAGGED_LAST;ROLLING_MEAN_COUNT;EWMA;LINEAR_TREND;RATE_PER_OPPORTUNITY;OPPONENT_ADJUSTED_RESIDUAL;MATCHUP_DIFFERENCE,EXPERIMENTAL,false,TARGET_SPECIFIC_EVALUATION_REQUIRED,W10 candidate seed only; no predictive usefulness or promotion is claimed.
FC-000398,RF-000485,SRC-001,SportsDataverse,adv_team,EPA_explosive_rushing_rate,rushing,HISTORICAL_AGGREGATE_ONLY,PIT_HISTORICAL_AGGREGATION_INPUT,PURE_AND_MARKET_ELIGIBLE,LAGGED_LAST;ROLLING_MEAN_COUNT;EWMA;LINEAR_TREND;RATE_PER_OPPORTUNITY;OPPONENT_ADJUSTED_RESIDUAL;MATCHUP_DIFFERENCE,EXPERIMENTAL,false,TARGET_SPECIFIC_EVALUATION_REQUIRED,W10 candidate seed only; no predictive usefulness or promotion is claimed.
FC-000399,RF-000486,SRC-001,SportsDataverse,adv_team,EPA_non_explosive_rushing,rushing,HISTORICAL_AGGREGATE_ONLY,PIT_HISTORICAL_AGGREGATION_INPUT,PURE_AND_MARKET_ELIGIBLE,LAGGED_LAST;ROLLING_MEAN_COUNT;EWMA;LINEAR_TREND;RATE_PER_OPPORTUNITY;OPPONENT_ADJUSTED_RESIDUAL;MATCHUP_DIFFERENCE,EXPERIMENTAL,false,TARGET_SPECIFIC_EVALUATION_REQUIRED,W10 candidate seed only; no predictive usefulness or promotion is claimed.
FC-000400,RF-000487,SRC-001,SportsDataverse,adv_team,EPA_non_explosive_rushing_per_play,rushing,HISTORICAL_AGGREGATE_ONLY,PIT_HISTORICAL_AGGREGATION_INPUT,PURE_AND_MARKET_ELIGIBLE,LAGGED_LAST;ROLLING_MEAN_COUNT;EWMA;LINEAR_TREND;RATE_PER_OPPORTUNITY;OPPONENT_ADJUSTED_RESIDUAL;MATCHUP_DIFFERENCE,EXPERIMENTAL,false,TARGET_SPECIFIC_EVALUATION_REQUIRED,W10 candidate seed only; no predictive usefulness or promotion is claimed.
FC-000401,RF-000488,SRC-001,SportsDataverse,adv_team,passes,passing_receiving,HISTORICAL_AGGREGATE_ONLY,PIT_HISTORICAL_AGGREGATION_INPUT,PURE_AND_MARKET_ELIGIBLE,LAGGED_LAST;ROLLING_MEAN_COUNT;EWMA;LINEAR_TREND;RATE_PER_OPPORTUNITY;OPPONENT_ADJUSTED_RESIDUAL;MATCHUP_DIFFERENCE,EXPERIMENTAL,false,TARGET_SPECIFIC_EVALUATION_REQUIRED,W10 candidate seed only; no predictive usefulness or promotion is claimed.
FC-000402,RF-000489,SRC-001,SportsDataverse,adv_team,pass_yards,passing_receiving,HISTORICAL_AGGREGATE_ONLY,PIT_HISTORICAL_AGGREGATION_INPUT,PURE_AND_MARKET_ELIGIBLE,LAGGED_LAST;ROLLING_MEAN_COUNT;EWMA;LINEAR_TREND;RATE_PER_OPPORTUNITY;OPPONENT_ADJUSTED_RESIDUAL;MATCHUP_DIFFERENCE,EXPERIMENTAL,false,TARGET_SPECIFIC_EVALUATION_REQUIRED,W10 candidate seed only; no predictive usefulness or promotion is claimed.
FC-000403,RF-000490,SRC-001,SportsDataverse,adv_team,yards_per_pass,passing_receiving,HISTORICAL_AGGREGATE_ONLY,PIT_HISTORICAL_AGGREGATION_INPUT,PURE_AND_MARKET_ELIGIBLE,LAGGED_LAST;ROLLING_MEAN_COUNT;EWMA;LINEAR_TREND;RATE_PER_OPPORTUNITY;OPPONENT_ADJUSTED_RESIDUAL;MATCHUP_DIFFERENCE,EXPERIMENTAL,false,TARGET_SPECIFIC_EVALUATION_REQUIRED,W10 candidate seed only; no predictive usefulness or promotion is claimed.
FC-000404,RF-000491,SRC-001,SportsDataverse,adv_team,passing_first_downs_created,passing_receiving,HISTORICAL_AGGREGATE_ONLY,PIT_HISTORICAL_AGGREGATION_INPUT,PURE_AND_MARKET_ELIGIBLE,LAGGED_LAST;ROLLING_MEAN_COUNT;EWMA;LINEAR_TREND;RATE_PER_OPPORTUNITY;OPPONENT_ADJUSTED_RESIDUAL;MATCHUP_DIFFERENCE,EXPERIMENTAL,false,TARGET_SPECIFIC_EVALUATION_REQUIRED,W10 candidate seed only; no predictive usefulness or promotion is claimed.
FC-000405,RF-000492,SRC-001,SportsDataverse,adv_team,passing_first_downs_created_rate,passing_receiving,HISTORICAL_AGGREGATE_ONLY,PIT_HISTORICAL_AGGREGATION_INPUT,PURE_AND_MARKET_ELIGIBLE,LAGGED_LAST;ROLLING_MEAN_COUNT;EWMA;LINEAR_TREND;RATE_PER_OPPORTUNITY;OPPONENT_ADJUSTED_RESIDUAL;MATCHUP_DIFFERENCE,EXPERIMENTAL,false,TARGET_SPECIFIC_EVALUATION_REQUIRED,W10 candidate seed only; no predictive usefulness or promotion is claimed.
FC-000406,RF-000493,SRC-001,SportsDataverse,adv_team,EPA_passing_overall,passing_receiving,HISTORICAL_AGGREGATE_ONLY,PIT_HISTORICAL_AGGREGATION_INPUT,PURE_AND_MARKET_ELIGIBLE,LAGGED_LAST;ROLLING_MEAN_COUNT;EWMA;LINEAR_TREND;RATE_PER_OPPORTUNITY;OPPONENT_ADJUSTED_RESIDUAL;MATCHUP_DIFFERENCE,EXPERIMENTAL,false,TARGET_SPECIFIC_EVALUATION_REQUIRED,W10 candidate seed only; no predictive usefulness or promotion is claimed.
FC-000407,RF-000494,SRC-001,SportsDataverse,adv_team,EPA_passing_per_play,passing_receiving,HISTORICAL_AGGREGATE_ONLY,PIT_HISTORICAL_AGGREGATION_INPUT,PURE_AND_MARKET_ELIGIBLE,LAGGED_LAST;ROLLING_MEAN_COUNT;EWMA;LINEAR_TREND;RATE_PER_OPPORTUNITY;OPPONENT_ADJUSTED_RESIDUAL;MATCHUP_DIFFERENCE,EXPERIMENTAL,false,TARGET_SPECIFIC_EVALUATION_REQUIRED,W10 candidate seed only; no predictive usefulness or promotion is claimed.
FC-000408,RF-000495,SRC-001,SportsDataverse,adv_team,EPA_explosive_passing,passing_receiving,HISTORICAL_AGGREGATE_ONLY,PIT_HISTORICAL_AGGREGATION_INPUT,PURE_AND_MARKET_ELIGIBLE,LAGGED_LAST;ROLLING_MEAN_COUNT;EWMA;LINEAR_TREND;RATE_PER_OPPORTUNITY;OPPONENT_ADJUSTED_RESIDUAL;MATCHUP_DIFFERENCE,EXPERIMENTAL,false,TARGET_SPECIFIC_EVALUATION_REQUIRED,W10 candidate seed only; no predictive usefulness or promotion is claimed.
FC-000409,RF-000496,SRC-001,SportsDataverse,adv_team,EPA_explosive_passing_rate,passing_receiving,HISTORICAL_AGGREGATE_ONLY,PIT_HISTORICAL_AGGREGATION_INPUT,PURE_AND_MARKET_ELIGIBLE,LAGGED_LAST;ROLLING_MEAN_COUNT;EWMA;LINEAR_TREND;RATE_PER_OPPORTUNITY;OPPONENT_ADJUSTED_RESIDUAL;MATCHUP_DIFFERENCE,EXPERIMENTAL,false,TARGET_SPECIFIC_EVALUATION_REQUIRED,W10 candidate seed only; no predictive usefulness or promotion is claimed.
FC-000410,RF-000497,SRC-001,SportsDataverse,adv_team,EPA_non_explosive_passing,passing_receiving,HISTORICAL_AGGREGATE_ONLY,PIT_HISTORICAL_AGGREGATION_INPUT,PURE_AND_MARKET_ELIGIBLE,LAGGED_LAST;ROLLING_MEAN_COUNT;EWMA;LINEAR_TREND;RATE_PER_OPPORTUNITY;OPPONENT_ADJUSTED_RESIDUAL;MATCHUP_DIFFERENCE,EXPERIMENTAL,false,TARGET_SPECIFIC_EVALUATION_REQUIRED,W10 candidate seed only; no predictive usefulness or promotion is claimed.
FC-000411,RF-000498,SRC-001,SportsDataverse,adv_team,EPA_non_explosive_passing_per_play,passing_receiving,HISTORICAL_AGGREGATE_ONLY,PIT_HISTORICAL_AGGREGATION_INPUT,PURE_AND_MARKET_ELIGIBLE,LAGGED_LAST;ROLLING_MEAN_COUNT;EWMA;LINEAR_TREND;RATE_PER_OPPORTUNITY;OPPONENT_ADJUSTED_RESIDUAL;MATCHUP_DIFFERENCE,EXPERIMENTAL,false,TARGET_SPECIFIC_EVALUATION_REQUIRED,W10 candidate seed only; no predictive usefulness or promotion is claimed.
FC-000412,RF-000499,SRC-001,SportsDataverse,adv_team,scrimmage_plays,other,HISTORICAL_AGGREGATE_ONLY,PIT_HISTORICAL_AGGREGATION_INPUT,PURE_AND_MARKET_ELIGIBLE,LAGGED_LAST;ROLLING_MEAN_COUNT;EWMA;LINEAR_TREND,EXPERIMENTAL,false,TARGET_SPECIFIC_EVALUATION_REQUIRED,W10 candidate seed only; no predictive usefulness or promotion is claimed.
FC-000413,RF-000500,SRC-001,SportsDataverse,adv_team,EPA_overall_off,advanced_efficiency_probability,HISTORICAL_AGGREGATE_ONLY,PIT_HISTORICAL_AGGREGATION_INPUT,PURE_AND_MARKET_ELIGIBLE,LAGGED_LAST;ROLLING_MEAN_COUNT;EWMA;LINEAR_TREND;RATE_PER_OPPORTUNITY;OPPONENT_ADJUSTED_RESIDUAL;MATCHUP_DIFFERENCE,EXPERIMENTAL,false,TARGET_SPECIFIC_EVALUATION_REQUIRED,W10 candidate seed only; no predictive usefulness or promotion is claimed.
FC-000414,RF-000501,SRC-001,SportsDataverse,adv_team,EPA_overall_offense,advanced_efficiency_probability,HISTORICAL_AGGREGATE_ONLY,PIT_HISTORICAL_AGGREGATION_INPUT,PURE_AND_MARKET_ELIGIBLE,LAGGED_LAST;ROLLING_MEAN_COUNT;EWMA;LINEAR_TREND;RATE_PER_OPPORTUNITY;OPPONENT_ADJUSTED_RESIDUAL;MATCHUP_DIFFERENCE,EXPERIMENTAL,false,TARGET_SPECIFIC_EVALUATION_REQUIRED,W10 candidate seed only; no predictive usefulness or promotion is claimed.
FC-000415,RF-000502,SRC-001,SportsDataverse,adv_team,EPA_per_play,advanced_efficiency_probability,HISTORICAL_AGGREGATE_ONLY,PIT_HISTORICAL_AGGREGATION_INPUT,PURE_AND_MARKET_ELIGIBLE,LAGGED_LAST;ROLLING_MEAN_COUNT;EWMA;LINEAR_TREND;RATE_PER_OPPORTUNITY;OPPONENT_ADJUSTED_RESIDUAL;MATCHUP_DIFFERENCE,EXPERIMENTAL,false,TARGET_SPECIFIC_EVALUATION_REQUIRED,W10 candidate seed only; no predictive usefulness or promotion is claimed.
FC-000416,RF-000503,SRC-001,SportsDataverse,adv_team,EPA_non_explosive,advanced_efficiency_probability,HISTORICAL_AGGREGATE_ONLY,PIT_HISTORICAL_AGGREGATION_INPUT,PURE_AND_MARKET_ELIGIBLE,LAGGED_LAST;ROLLING_MEAN_COUNT;EWMA;LINEAR_TREND;RATE_PER_OPPORTUNITY;OPPONENT_ADJUSTED_RESIDUAL;MATCHUP_DIFFERENCE,EXPERIMENTAL,false,TARGET_SPECIFIC_EVALUATION_REQUIRED,W10 candidate seed only; no predictive usefulness or promotion is claimed.
FC-000417,RF-000504,SRC-001,SportsDataverse,adv_team,EPA_non_explosive_per_play,advanced_efficiency_probability,HISTORICAL_AGGREGATE_ONLY,PIT_HISTORICAL_AGGREGATION_INPUT,PURE_AND_MARKET_ELIGIBLE,LAGGED_LAST;ROLLING_MEAN_COUNT;EWMA;LINEAR_TREND;RATE_PER_OPPORTUNITY;OPPONENT_ADJUSTED_RESIDUAL;MATCHUP_DIFFERENCE,EXPERIMENTAL,false,TARGET_SPECIFIC_EVALUATION_REQUIRED,W10 candidate seed only; no predictive usefulness or promotion is claimed.
FC-000418,RF-000505,SRC-001,SportsDataverse,adv_team,EPA_explosive,advanced_efficiency_probability,HISTORICAL_AGGREGATE_ONLY,PIT_HISTORICAL_AGGREGATION_INPUT,PURE_AND_MARKET_ELIGIBLE,LAGGED_LAST;ROLLING_MEAN_COUNT;EWMA;LINEAR_TREND;RATE_PER_OPPORTUNITY;OPPONENT_ADJUSTED_RESIDUAL;MATCHUP_DIFFERENCE,EXPERIMENTAL,false,TARGET_SPECIFIC_EVALUATION_REQUIRED,W10 candidate seed only; no predictive usefulness or promotion is claimed.
FC-000419,RF-000506,SRC-001,SportsDataverse,adv_team,EPA_explosive_rate,advanced_efficiency_probability,HISTORICAL_AGGREGATE_ONLY,PIT_HISTORICAL_AGGREGATION_INPUT,PURE_AND_MARKET_ELIGIBLE,LAGGED_LAST;ROLLING_MEAN_COUNT;EWMA;LINEAR_TREND;RATE_PER_OPPORTUNITY;OPPONENT_ADJUSTED_RESIDUAL;MATCHUP_DIFFERENCE,EXPERIMENTAL,false,TARGET_SPECIFIC_EVALUATION_REQUIRED,W10 candidate seed only; no predictive usefulness or promotion is claimed.
FC-000420,RF-000507,SRC-001,SportsDataverse,adv_team,passes_rate,passing_receiving,HISTORICAL_AGGREGATE_ONLY,PIT_HISTORICAL_AGGREGATION_INPUT,PURE_AND_MARKET_ELIGIBLE,LAGGED_LAST;ROLLING_MEAN_COUNT;EWMA;LINEAR_TREND;RATE_PER_OPPORTUNITY;OPPONENT_ADJUSTED_RESIDUAL;MATCHUP_DIFFERENCE,EXPERIMENTAL,false,TARGET_SPECIFIC_EVALUATION_REQUIRED,W10 candidate seed only; no predictive usefulness or promotion is claimed.
FC-000421,RF-000508,SRC-001,SportsDataverse,adv_team,off_yards,situational_field_position,HISTORICAL_AGGREGATE_ONLY,PIT_HISTORICAL_AGGREGATION_INPUT,PURE_AND_MARKET_ELIGIBLE,LAGGED_LAST;ROLLING_MEAN_COUNT;EWMA;LINEAR_TREND;RATE_PER_OPPORTUNITY;OPPONENT_ADJUSTED_RESIDUAL;MATCHUP_DIFFERENCE,EXPERIMENTAL,false,TARGET_SPECIFIC_EVALUATION_REQUIRED,W10 candidate seed only; no predictive usefulness or promotion is claimed.
FC-000422,RF-000509,SRC-001,SportsDataverse,adv_team,total_off_yards,situational_field_position,HISTORICAL_AGGREGATE_ONLY,PIT_HISTORICAL_AGGREGATION_INPUT,PURE_AND_MARKET_ELIGIBLE,LAGGED_LAST;ROLLING_MEAN_COUNT;EWMA;LINEAR_TREND;RATE_PER_OPPORTUNITY;OPPONENT_ADJUSTED_RESIDUAL;MATCHUP_DIFFERENCE,EXPERIMENTAL,false,TARGET_SPECIFIC_EVALUATION_REQUIRED,W10 candidate seed only; no predictive usefulness or promotion is claimed.
FC-000423,RF-000510,SRC-001,SportsDataverse,adv_team,yards_per_play,situational_field_position,HISTORICAL_AGGREGATE_ONLY,PIT_HISTORICAL_AGGREGATION_INPUT,PURE_AND_MARKET_ELIGIBLE,LAGGED_LAST;ROLLING_MEAN_COUNT;EWMA;LINEAR_TREND;RATE_PER_OPPORTUNITY;OPPONENT_ADJUSTED_RESIDUAL;MATCHUP_DIFFERENCE,EXPERIMENTAL,false,TARGET_SPECIFIC_EVALUATION_REQUIRED,W10 candidate seed only; no predictive usefulness or promotion is claimed.
FC-000424,RF-000511,SRC-001,SportsDataverse,adv_team,EPA_plays,advanced_efficiency_probability,HISTORICAL_AGGREGATE_ONLY,PIT_HISTORICAL_AGGREGATION_INPUT,PURE_AND_MARKET_ELIGIBLE,LAGGED_LAST;ROLLING_MEAN_COUNT;EWMA;LINEAR_TREND;RATE_PER_OPPORTUNITY;OPPONENT_ADJUSTED_RESIDUAL;MATCHUP_DIFFERENCE,EXPERIMENTAL,false,TARGET_SPECIFIC_EVALUATION_REQUIRED,W10 candidate seed only; no predictive usefulness or promotion is claimed.
FC-000425,RF-000512,SRC-001,SportsDataverse,adv_team,total_yards,situational_field_position,HISTORICAL_AGGREGATE_ONLY,PIT_HISTORICAL_AGGREGATION_INPUT,PURE_AND_MARKET_ELIGIBLE,LAGGED_LAST;ROLLING_MEAN_COUNT;EWMA;LINEAR_TREND;RATE_PER_OPPORTUNITY;OPPONENT_ADJUSTED_RESIDUAL;MATCHUP_DIFFERENCE,EXPERIMENTAL,false,TARGET_SPECIFIC_EVALUATION_REQUIRED,W10 candidate seed only; no predictive usefulness or promotion is claimed.
FC-000426,RF-000513,SRC-001,SportsDataverse,adv_team,EPA_overall_total,advanced_efficiency_probability,HISTORICAL_AGGREGATE_ONLY,PIT_HISTORICAL_AGGREGATION_INPUT,PURE_AND_MARKET_ELIGIBLE,LAGGED_LAST;ROLLING_MEAN_COUNT;EWMA;LINEAR_TREND;RATE_PER_OPPORTUNITY;OPPONENT_ADJUSTED_RESIDUAL;MATCHUP_DIFFERENCE,EXPERIMENTAL,false,TARGET_SPECIFIC_EVALUATION_REQUIRED,W10 candidate seed only; no predictive usefulness or promotion is claimed.
FC-000427,RF-000514,SRC-001,SportsDataverse,adv_team,rushes_rate,rushing,HISTORICAL_AGGREGATE_ONLY,PIT_HISTORICAL_AGGREGATION_INPUT,PURE_AND_MARKET_ELIGIBLE,LAGGED_LAST;ROLLING_MEAN_COUNT;EWMA;LINEAR_TREND;RATE_PER_OPPORTUNITY;OPPONENT_ADJUSTED_RESIDUAL;MATCHUP_DIFFERENCE,EXPERIMENTAL,false,TARGET_SPECIFIC_EVALUATION_REQUIRED,W10 candidate seed only; no predictive usefulness or promotion is claimed.
FC-000428,RF-000515,SRC-001,SportsDataverse,adv_team,first_downs_created,situational_field_position,HISTORICAL_AGGREGATE_ONLY,PIT_HISTORICAL_AGGREGATION_INPUT,PURE_AND_MARKET_ELIGIBLE,LAGGED_LAST;ROLLING_MEAN_COUNT;EWMA;LINEAR_TREND;RATE_PER_OPPORTUNITY;OPPONENT_ADJUSTED_RESIDUAL;MATCHUP_DIFFERENCE,EXPERIMENTAL,false,TARGET_SPECIFIC_EVALUATION_REQUIRED,W10 candidate seed only; no predictive usefulness or promotion is claimed.
FC-000429,RF-000516,SRC-001,SportsDataverse,adv_team,first_downs_created_rate,situational_field_position,HISTORICAL_AGGREGATE_ONLY,PIT_HISTORICAL_AGGREGATION_INPUT,PURE_AND_MARKET_ELIGIBLE,LAGGED_LAST;ROLLING_MEAN_COUNT;EWMA;LINEAR_TREND;RATE_PER_OPPORTUNITY;OPPONENT_ADJUSTED_RESIDUAL;MATCHUP_DIFFERENCE,EXPERIMENTAL,false,TARGET_SPECIFIC_EVALUATION_REQUIRED,W10 candidate seed only; no predictive usefulness or promotion is claimed.
FC-000430,RF-000517,SRC-001,SportsDataverse,adv_team,EPA_rushing_power,rushing,HISTORICAL_AGGREGATE_ONLY,PIT_HISTORICAL_AGGREGATION_INPUT,PURE_AND_MARKET_ELIGIBLE,LAGGED_LAST;ROLLING_MEAN_COUNT;EWMA;LINEAR_TREND;RATE_PER_OPPORTUNITY;OPPONENT_ADJUSTED_RESIDUAL;MATCHUP_DIFFERENCE,EXPERIMENTAL,false,TARGET_SPECIFIC_EVALUATION_REQUIRED,W10 candidate seed only; no predictive usefulness or promotion is claimed.
FC-000431,RF-000518,SRC-001,SportsDataverse,adv_team,EPA_rushing_power_per_play,rushing,HISTORICAL_AGGREGATE_ONLY,PIT_HISTORICAL_AGGREGATION_INPUT,PURE_AND_MARKET_ELIGIBLE,LAGGED_LAST;ROLLING_MEAN_COUNT;EWMA;LINEAR_TREND;RATE_PER_OPPORTUNITY;OPPONENT_ADJUSTED_RESIDUAL;MATCHUP_DIFFERENCE,EXPERIMENTAL,false,TARGET_SPECIFIC_EVALUATION_REQUIRED,W10 candidate seed only; no predictive usefulness or promotion is claimed.
FC-000432,RF-000519,SRC-001,SportsDataverse,adv_team,rushing_power_success,rushing,HISTORICAL_AGGREGATE_ONLY,PIT_HISTORICAL_AGGREGATION_INPUT,PURE_AND_MARKET_ELIGIBLE,LAGGED_LAST;ROLLING_MEAN_COUNT;EWMA;LINEAR_TREND;RATE_PER_OPPORTUNITY;OPPONENT_ADJUSTED_RESIDUAL;MATCHUP_DIFFERENCE,EXPERIMENTAL,false,TARGET_SPECIFIC_EVALUATION_REQUIRED,W10 candidate seed only; no predictive usefulness or promotion is claimed.
FC-000433,RF-000520,SRC-001,SportsDataverse,adv_team,rushing_power_success_rate,rushing,HISTORICAL_AGGREGATE_ONLY,PIT_HISTORICAL_AGGREGATION_INPUT,PURE_AND_MARKET_ELIGIBLE,LAGGED_LAST;ROLLING_MEAN_COUNT;EWMA;LINEAR_TREND;RATE_PER_OPPORTUNITY;OPPONENT_ADJUSTED_RESIDUAL;MATCHUP_DIFFERENCE,EXPERIMENTAL,false,TARGET_SPECIFIC_EVALUATION_REQUIRED,W10 candidate seed only; no predictive usefulness or promotion is claimed.
FC-000434,RF-000521,SRC-001,SportsDataverse,adv_team,rushing_power,rushing,HISTORICAL_AGGREGATE_ONLY,PIT_HISTORICAL_AGGREGATION_INPUT,PURE_AND_MARKET_ELIGIBLE,LAGGED_LAST;ROLLING_MEAN_COUNT;EWMA;LINEAR_TREND;RATE_PER_OPPORTUNITY;OPPONENT_ADJUSTED_RESIDUAL;MATCHUP_DIFFERENCE,EXPERIMENTAL,false,TARGET_SPECIFIC_EVALUATION_REQUIRED,W10 candidate seed only; no predictive usefulness or promotion is claimed.
FC-000435,RF-000522,SRC-001,SportsDataverse,adv_team,rushing_stuff,rushing,HISTORICAL_AGGREGATE_ONLY,PIT_HISTORICAL_AGGREGATION_INPUT,PURE_AND_MARKET_ELIGIBLE,LAGGED_LAST;ROLLING_MEAN_COUNT;EWMA;LINEAR_TREND;RATE_PER_OPPORTUNITY;OPPONENT_ADJUSTED_RESIDUAL;MATCHUP_DIFFERENCE,EXPERIMENTAL,false,TARGET_SPECIFIC_EVALUATION_REQUIRED,W10 candidate seed only; no predictive usefulness or promotion is claimed.
FC-000436,RF-000523,SRC-001,SportsDataverse,adv_team,rushing_stuff_rate,rushing,HISTORICAL_AGGREGATE_ONLY,PIT_HISTORICAL_AGGREGATION_INPUT,PURE_AND_MARKET_ELIGIBLE,LAGGED_LAST;ROLLING_MEAN_COUNT;EWMA;LINEAR_TREND;RATE_PER_OPPORTUNITY;OPPONENT_ADJUSTED_RESIDUAL;MATCHUP_DIFFERENCE,EXPERIMENTAL,false,TARGET_SPECIFIC_EVALUATION_REQUIRED,W10 candidate seed only; no predictive usefulness or promotion is claimed.
FC-000437,RF-000524,SRC-001,SportsDataverse,adv_team,rushing_stopped,rushing,HISTORICAL_AGGREGATE_ONLY,PIT_HISTORICAL_AGGREGATION_INPUT,PURE_AND_MARKET_ELIGIBLE,LAGGED_LAST;ROLLING_MEAN_COUNT;EWMA;LINEAR_TREND;RATE_PER_OPPORTUNITY;OPPONENT_ADJUSTED_RESIDUAL;MATCHUP_DIFFERENCE,EXPERIMENTAL,false,TARGET_SPECIFIC_EVALUATION_REQUIRED,W10 candidate seed only; no predictive usefulness or promotion is claimed.
FC-000438,RF-000525,SRC-001,SportsDataverse,adv_team,rushing_stopped_rate,rushing,HISTORICAL_AGGREGATE_ONLY,PIT_HISTORICAL_AGGREGATION_INPUT,PURE_AND_MARKET_ELIGIBLE,LAGGED_LAST;ROLLING_MEAN_COUNT;EWMA;LINEAR_TREND;RATE_PER_OPPORTUNITY;OPPONENT_ADJUSTED_RESIDUAL;MATCHUP_DIFFERENCE,EXPERIMENTAL,false,TARGET_SPECIFIC_EVALUATION_REQUIRED,W10 candidate seed only; no predictive usefulness or promotion is claimed.
FC-000439,RF-000526,SRC-001,SportsDataverse,adv_team,rushing_opportunity,rushing,HISTORICAL_AGGREGATE_ONLY,PIT_HISTORICAL_AGGREGATION_INPUT,PURE_AND_MARKET_ELIGIBLE,LAGGED_LAST;ROLLING_MEAN_COUNT;EWMA;LINEAR_TREND;RATE_PER_OPPORTUNITY;OPPONENT_ADJUSTED_RESIDUAL;MATCHUP_DIFFERENCE,EXPERIMENTAL,false,TARGET_SPECIFIC_EVALUATION_REQUIRED,W10 candidate seed only; no predictive usefulness or promotion is claimed.
FC-000440,RF-000527,SRC-001,SportsDataverse,adv_team,rushing_opportunity_rate,rushing,HISTORICAL_AGGREGATE_ONLY,PIT_HISTORICAL_AGGREGATION_INPUT,PURE_AND_MARKET_ELIGIBLE,LAGGED_LAST;ROLLING_MEAN_COUNT;EWMA;LINEAR_TREND;RATE_PER_OPPORTUNITY;OPPONENT_ADJUSTED_RESIDUAL;MATCHUP_DIFFERENCE,EXPERIMENTAL,false,TARGET_SPECIFIC_EVALUATION_REQUIRED,W10 candidate seed only; no predictive usefulness or promotion is claimed.
FC-000441,RF-000528,SRC-001,SportsDataverse,adv_team,rushing_highlight,rushing,HISTORICAL_AGGREGATE_ONLY,PIT_HISTORICAL_AGGREGATION_INPUT,PURE_AND_MARKET_ELIGIBLE,LAGGED_LAST;ROLLING_MEAN_COUNT;EWMA;LINEAR_TREND;RATE_PER_OPPORTUNITY;OPPONENT_ADJUSTED_RESIDUAL;MATCHUP_DIFFERENCE,EXPERIMENTAL,false,TARGET_SPECIFIC_EVALUATION_REQUIRED,W10 candidate seed only; no predictive usefulness or promotion is claimed.
FC-000442,RF-000529,SRC-001,SportsDataverse,adv_team,rushing_highlight_rate,rushing,HISTORICAL_AGGREGATE_ONLY,PIT_HISTORICAL_AGGREGATION_INPUT,PURE_AND_MARKET_ELIGIBLE,LAGGED_LAST;ROLLING_MEAN_COUNT;EWMA;LINEAR_TREND;RATE_PER_OPPORTUNITY;OPPONENT_ADJUSTED_RESIDUAL;MATCHUP_DIFFERENCE,EXPERIMENTAL,false,TARGET_SPECIFIC_EVALUATION_REQUIRED,W10 candidate seed only; no predictive usefulness or promotion is claimed.
FC-000443,RF-000530,SRC-001,SportsDataverse,adv_team,rushing_highlight_yards,rushing,HISTORICAL_AGGREGATE_ONLY,PIT_HISTORICAL_AGGREGATION_INPUT,PURE_AND_MARKET_ELIGIBLE,LAGGED_LAST;ROLLING_MEAN_COUNT;EWMA;LINEAR_TREND;RATE_PER_OPPORTUNITY;OPPONENT_ADJUSTED_RESIDUAL;MATCHUP_DIFFERENCE,EXPERIMENTAL,false,TARGET_SPECIFIC_EVALUATION_REQUIRED,W10 candidate seed only; no predictive usefulness or promotion is claimed.
FC-000444,RF-000531,SRC-001,SportsDataverse,adv_team,line_yards,rushing,HISTORICAL_AGGREGATE_ONLY,PIT_HISTORICAL_AGGREGATION_INPUT,PURE_AND_MARKET_ELIGIBLE,LAGGED_LAST;ROLLING_MEAN_COUNT;EWMA;LINEAR_TREND;RATE_PER_OPPORTUNITY;OPPONENT_ADJUSTED_RESIDUAL;MATCHUP_DIFFERENCE,EXPERIMENTAL,false,TARGET_SPECIFIC_EVALUATION_REQUIRED,W10 candidate seed only; no predictive usefulness or promotion is claimed.
FC-000445,RF-000532,SRC-001,SportsDataverse,adv_team,line_yards_per_carry,rushing,HISTORICAL_AGGREGATE_ONLY,PIT_HISTORICAL_AGGREGATION_INPUT,PURE_AND_MARKET_ELIGIBLE,LAGGED_LAST;ROLLING_MEAN_COUNT;EWMA;LINEAR_TREND;RATE_PER_OPPORTUNITY;OPPONENT_ADJUSTED_RESIDUAL;MATCHUP_DIFFERENCE,EXPERIMENTAL,false,TARGET_SPECIFIC_EVALUATION_REQUIRED,W10 candidate seed only; no predictive usefulness or promotion is claimed.
FC-000446,RF-000533,SRC-001,SportsDataverse,adv_team,second_level_yards,situational_field_position,HISTORICAL_AGGREGATE_ONLY,PIT_HISTORICAL_AGGREGATION_INPUT,PURE_AND_MARKET_ELIGIBLE,LAGGED_LAST;ROLLING_MEAN_COUNT;EWMA;LINEAR_TREND;RATE_PER_OPPORTUNITY;OPPONENT_ADJUSTED_RESIDUAL;MATCHUP_DIFFERENCE,EXPERIMENTAL,false,TARGET_SPECIFIC_EVALUATION_REQUIRED,W10 candidate seed only; no predictive usefulness or promotion is claimed.
FC-000447,RF-000534,SRC-001,SportsDataverse,adv_team,open_field_yards,penalties,HISTORICAL_AGGREGATE_ONLY,PIT_HISTORICAL_AGGREGATION_INPUT,PURE_AND_MARKET_ELIGIBLE,LAGGED_LAST;ROLLING_MEAN_COUNT;EWMA;LINEAR_TREND;RATE_PER_OPPORTUNITY;OPPONENT_ADJUSTED_RESIDUAL;MATCHUP_DIFFERENCE,EXPERIMENTAL,false,TARGET_SPECIFIC_EVALUATION_REQUIRED,W10 candidate seed only; no predictive usefulness or promotion is claimed.
FC-000448,RF-000536,SRC-001,SportsDataverse,adv_passing,season,other,HISTORICAL_AGGREGATE_ONLY,PIT_HISTORICAL_AGGREGATION_INPUT,PURE_AND_MARKET_ELIGIBLE,LAGGED_LAST;ROLLING_MEAN_COUNT;EWMA;LINEAR_TREND,EXPERIMENTAL,false,TARGET_SPECIFIC_EVALUATION_REQUIRED,W10 candidate seed only; no predictive usefulness or promotion is claimed.
FC-000449,RF-000537,SRC-001,SportsDataverse,adv_passing,week,other,HISTORICAL_AGGREGATE_ONLY,PIT_HISTORICAL_AGGREGATION_INPUT,PURE_AND_MARKET_ELIGIBLE,LAGGED_LAST;ROLLING_MEAN_COUNT;EWMA;LINEAR_TREND,EXPERIMENTAL,false,TARGET_SPECIFIC_EVALUATION_REQUIRED,W10 candidate seed only; no predictive usefulness or promotion is claimed.
FC-000450,RF-000539,SRC-001,SportsDataverse,adv_passing,passer_player_name,passing_receiving,HISTORICAL_AGGREGATE_ONLY,PIT_HISTORICAL_AGGREGATION_INPUT,PURE_AND_MARKET_ELIGIBLE,LAGGED_LAST;ROLLING_MEAN_COUNT;EWMA;LINEAR_TREND;RATE_PER_OPPORTUNITY;OPPONENT_ADJUSTED_RESIDUAL;MATCHUP_DIFFERENCE,EXPERIMENTAL,false,TARGET_SPECIFIC_EVALUATION_REQUIRED,W10 candidate seed only; no predictive usefulness or promotion is claimed.
FC-000451,RF-000540,SRC-001,SportsDataverse,adv_passing,Comp,other,HISTORICAL_AGGREGATE_ONLY,PIT_HISTORICAL_AGGREGATION_INPUT,PURE_AND_MARKET_ELIGIBLE,LAGGED_LAST;ROLLING_MEAN_COUNT;EWMA;LINEAR_TREND,EXPERIMENTAL,false,TARGET_SPECIFIC_EVALUATION_REQUIRED,W10 candidate seed only; no predictive usefulness or promotion is claimed.
FC-000452,RF-000541,SRC-001,SportsDataverse,adv_passing,Att,other,HISTORICAL_AGGREGATE_ONLY,PIT_HISTORICAL_AGGREGATION_INPUT,PURE_AND_MARKET_ELIGIBLE,LAGGED_LAST;ROLLING_MEAN_COUNT;EWMA;LINEAR_TREND,EXPERIMENTAL,false,TARGET_SPECIFIC_EVALUATION_REQUIRED,W10 candidate seed only; no predictive usefulness or promotion is claimed.
FC-000453,RF-000542,SRC-001,SportsDataverse,adv_passing,Yds,other,HISTORICAL_AGGREGATE_ONLY,PIT_HISTORICAL_AGGREGATION_INPUT,PURE_AND_MARKET_ELIGIBLE,LAGGED_LAST;ROLLING_MEAN_COUNT;EWMA;LINEAR_TREND,EXPERIMENTAL,false,TARGET_SPECIFIC_EVALUATION_REQUIRED,W10 candidate seed only; no predictive usefulness or promotion is claimed.
FC-000454,RF-000543,SRC-001,SportsDataverse,adv_passing,Pass_TD,passing_receiving,HISTORICAL_AGGREGATE_ONLY,PIT_HISTORICAL_AGGREGATION_INPUT,PURE_AND_MARKET_ELIGIBLE,LAGGED_LAST;ROLLING_MEAN_COUNT;EWMA;LINEAR_TREND;RATE_PER_OPPORTUNITY;OPPONENT_ADJUSTED_RESIDUAL;MATCHUP_DIFFERENCE,EXPERIMENTAL,false,TARGET_SPECIFIC_EVALUATION_REQUIRED,W10 candidate seed only; no predictive usefulness or promotion is claimed.
FC-000455,RF-000544,SRC-001,SportsDataverse,adv_passing,Int,turnovers,HISTORICAL_AGGREGATE_ONLY,PIT_HISTORICAL_AGGREGATION_INPUT,PURE_AND_MARKET_ELIGIBLE,LAGGED_LAST;ROLLING_MEAN_COUNT;EWMA;LINEAR_TREND;RATE_PER_OPPORTUNITY;OPPONENT_ADJUSTED_RESIDUAL;MATCHUP_DIFFERENCE,EXPERIMENTAL,false,TARGET_SPECIFIC_EVALUATION_REQUIRED,W10 candidate seed only; no predictive usefulness or promotion is claimed.
FC-000456,RF-000545,SRC-001,SportsDataverse,adv_passing,YPA,other,HISTORICAL_AGGREGATE_ONLY,PIT_HISTORICAL_AGGREGATION_INPUT,PURE_AND_MARKET_ELIGIBLE,LAGGED_LAST;ROLLING_MEAN_COUNT;EWMA;LINEAR_TREND,EXPERIMENTAL,false,TARGET_SPECIFIC_EVALUATION_REQUIRED,W10 candidate seed only; no predictive usefulness or promotion is claimed.
FC-000457,RF-000546,SRC-001,SportsDataverse,adv_passing,EPA,advanced_efficiency_probability,HISTORICAL_AGGREGATE_ONLY,PIT_HISTORICAL_AGGREGATION_INPUT,PURE_AND_MARKET_ELIGIBLE,LAGGED_LAST;ROLLING_MEAN_COUNT;EWMA;LINEAR_TREND;RATE_PER_OPPORTUNITY;OPPONENT_ADJUSTED_RESIDUAL;MATCHUP_DIFFERENCE,EXPERIMENTAL,false,TARGET_SPECIFIC_EVALUATION_REQUIRED,W10 candidate seed only; no predictive usefulness or promotion is claimed.
FC-000458,RF-000547,SRC-001,SportsDataverse,adv_passing,EPA_per_Play,advanced_efficiency_probability,HISTORICAL_AGGREGATE_ONLY,PIT_HISTORICAL_AGGREGATION_INPUT,PURE_AND_MARKET_ELIGIBLE,LAGGED_LAST;ROLLING_MEAN_COUNT;EWMA;LINEAR_TREND;RATE_PER_OPPORTUNITY;OPPONENT_ADJUSTED_RESIDUAL;MATCHUP_DIFFERENCE,EXPERIMENTAL,false,TARGET_SPECIFIC_EVALUATION_REQUIRED,W10 candidate seed only; no predictive usefulness or promotion is claimed.
FC-000459,RF-000548,SRC-001,SportsDataverse,adv_passing,WPA,advanced_efficiency_probability,HISTORICAL_AGGREGATE_ONLY,PIT_HISTORICAL_AGGREGATION_INPUT,PURE_AND_MARKET_ELIGIBLE,LAGGED_LAST;ROLLING_MEAN_COUNT;EWMA;LINEAR_TREND;RATE_PER_OPPORTUNITY;OPPONENT_ADJUSTED_RESIDUAL;MATCHUP_DIFFERENCE,EXPERIMENTAL,false,TARGET_SPECIFIC_EVALUATION_REQUIRED,W10 candidate seed only; no predictive usefulness or promotion is claimed.
FC-000460,RF-000549,SRC-001,SportsDataverse,adv_passing,SR,other,HISTORICAL_AGGREGATE_ONLY,PIT_HISTORICAL_AGGREGATION_INPUT,PURE_AND_MARKET_ELIGIBLE,LAGGED_LAST;ROLLING_MEAN_COUNT;EWMA;LINEAR_TREND,EXPERIMENTAL,false,TARGET_SPECIFIC_EVALUATION_REQUIRED,W10 candidate seed only; no predictive usefulness or promotion is claimed.
FC-000461,RF-000550,SRC-001,SportsDataverse,adv_passing,Sck,other,HISTORICAL_AGGREGATE_ONLY,PIT_HISTORICAL_AGGREGATION_INPUT,PURE_AND_MARKET_ELIGIBLE,LAGGED_LAST;ROLLING_MEAN_COUNT;EWMA;LINEAR_TREND,EXPERIMENTAL,false,TARGET_SPECIFIC_EVALUATION_REQUIRED,W10 candidate seed only; no predictive usefulness or promotion is claimed.
FC-000462,RF-000551,SRC-001,SportsDataverse,adv_passing,qbr_epa,passing_receiving,HISTORICAL_AGGREGATE_ONLY,PIT_HISTORICAL_AGGREGATION_INPUT,PURE_AND_MARKET_ELIGIBLE,LAGGED_LAST;ROLLING_MEAN_COUNT;EWMA;LINEAR_TREND;RATE_PER_OPPORTUNITY;OPPONENT_ADJUSTED_RESIDUAL;MATCHUP_DIFFERENCE,EXPERIMENTAL,false,TARGET_SPECIFIC_EVALUATION_REQUIRED,W10 candidate seed only; no predictive usefulness or promotion is claimed.
FC-000463,RF-000552,SRC-001,SportsDataverse,adv_passing,sack_epa,advanced_efficiency_probability,HISTORICAL_AGGREGATE_ONLY,PIT_HISTORICAL_AGGREGATION_INPUT,PURE_AND_MARKET_ELIGIBLE,LAGGED_LAST;ROLLING_MEAN_COUNT;EWMA;LINEAR_TREND;RATE_PER_OPPORTUNITY;OPPONENT_ADJUSTED_RESIDUAL;MATCHUP_DIFFERENCE,EXPERIMENTAL,false,TARGET_SPECIFIC_EVALUATION_REQUIRED,W10 candidate seed only; no predictive usefulness or promotion is claimed.
FC-000464,RF-000553,SRC-001,SportsDataverse,adv_passing,pass_epa,passing_receiving,HISTORICAL_AGGREGATE_ONLY,PIT_HISTORICAL_AGGREGATION_INPUT,PURE_AND_MARKET_ELIGIBLE,LAGGED_LAST;ROLLING_MEAN_COUNT;EWMA;LINEAR_TREND;RATE_PER_OPPORTUNITY;OPPONENT_ADJUSTED_RESIDUAL;MATCHUP_DIFFERENCE,EXPERIMENTAL,false,TARGET_SPECIFIC_EVALUATION_REQUIRED,W10 candidate seed only; no predictive usefulness or promotion is claimed.
FC-000465,RF-000554,SRC-001,SportsDataverse,adv_passing,rush_epa,rushing,HISTORICAL_AGGREGATE_ONLY,PIT_HISTORICAL_AGGREGATION_INPUT,PURE_AND_MARKET_ELIGIBLE,LAGGED_LAST;ROLLING_MEAN_COUNT;EWMA;LINEAR_TREND;RATE_PER_OPPORTUNITY;OPPONENT_ADJUSTED_RESIDUAL;MATCHUP_DIFFERENCE,EXPERIMENTAL,false,TARGET_SPECIFIC_EVALUATION_REQUIRED,W10 candidate seed only; no predictive usefulness or promotion is claimed.
FC-000466,RF-000555,SRC-001,SportsDataverse,adv_passing,pen_epa,penalties,HISTORICAL_AGGREGATE_ONLY,PIT_HISTORICAL_AGGREGATION_INPUT,PURE_AND_MARKET_ELIGIBLE,LAGGED_LAST;ROLLING_MEAN_COUNT;EWMA;LINEAR_TREND;RATE_PER_OPPORTUNITY;OPPONENT_ADJUSTED_RESIDUAL;MATCHUP_DIFFERENCE,EXPERIMENTAL,false,TARGET_SPECIFIC_EVALUATION_REQUIRED,W10 candidate seed only; no predictive usefulness or promotion is claimed.
FC-000467,RF-000556,SRC-001,SportsDataverse,adv_passing,spread,market_betting,HISTORICAL_AGGREGATE_ONLY,PIT_HISTORICAL_AGGREGATION_INPUT,MARKET_AUGMENTED_ONLY,ASOF_VALUE;PRIOR_CHANGE,EXPERIMENTAL,false,TARGET_SPECIFIC_EVALUATION_REQUIRED,W10 candidate seed only; no predictive usefulness or promotion is claimed.
FC-000468,RF-000557,SRC-001,SportsDataverse,adv_passing,exp_qbr,passing_receiving,HISTORICAL_AGGREGATE_ONLY,PIT_HISTORICAL_AGGREGATION_INPUT,PURE_AND_MARKET_ELIGIBLE,LAGGED_LAST;ROLLING_MEAN_COUNT;EWMA;LINEAR_TREND;RATE_PER_OPPORTUNITY;OPPONENT_ADJUSTED_RESIDUAL;MATCHUP_DIFFERENCE,EXPERIMENTAL,false,TARGET_SPECIFIC_EVALUATION_REQUIRED,W10 candidate seed only; no predictive usefulness or promotion is claimed.
FC-000469,RF-000559,SRC-001,SportsDataverse,adv_rushing,season,other,HISTORICAL_AGGREGATE_ONLY,PIT_HISTORICAL_AGGREGATION_INPUT,PURE_AND_MARKET_ELIGIBLE,LAGGED_LAST;ROLLING_MEAN_COUNT;EWMA;LINEAR_TREND,EXPERIMENTAL,false,TARGET_SPECIFIC_EVALUATION_REQUIRED,W10 candidate seed only; no predictive usefulness or promotion is claimed.
FC-000470,RF-000560,SRC-001,SportsDataverse,adv_rushing,week,other,HISTORICAL_AGGREGATE_ONLY,PIT_HISTORICAL_AGGREGATION_INPUT,PURE_AND_MARKET_ELIGIBLE,LAGGED_LAST;ROLLING_MEAN_COUNT;EWMA;LINEAR_TREND,EXPERIMENTAL,false,TARGET_SPECIFIC_EVALUATION_REQUIRED,W10 candidate seed only; no predictive usefulness or promotion is claimed.
FC-000471,RF-000562,SRC-001,SportsDataverse,adv_rushing,rusher_player_name,rushing,HISTORICAL_AGGREGATE_ONLY,PIT_HISTORICAL_AGGREGATION_INPUT,PURE_AND_MARKET_ELIGIBLE,LAGGED_LAST;ROLLING_MEAN_COUNT;EWMA;LINEAR_TREND;RATE_PER_OPPORTUNITY;OPPONENT_ADJUSTED_RESIDUAL;MATCHUP_DIFFERENCE,EXPERIMENTAL,false,TARGET_SPECIFIC_EVALUATION_REQUIRED,W10 candidate seed only; no predictive usefulness or promotion is claimed.
FC-000472,RF-000563,SRC-001,SportsDataverse,adv_rushing,Car,other,HISTORICAL_AGGREGATE_ONLY,PIT_HISTORICAL_AGGREGATION_INPUT,PURE_AND_MARKET_ELIGIBLE,LAGGED_LAST;ROLLING_MEAN_COUNT;EWMA;LINEAR_TREND,EXPERIMENTAL,false,TARGET_SPECIFIC_EVALUATION_REQUIRED,W10 candidate seed only; no predictive usefulness or promotion is claimed.
FC-000473,RF-000564,SRC-001,SportsDataverse,adv_rushing,Yds,other,HISTORICAL_AGGREGATE_ONLY,PIT_HISTORICAL_AGGREGATION_INPUT,PURE_AND_MARKET_ELIGIBLE,LAGGED_LAST;ROLLING_MEAN_COUNT;EWMA;LINEAR_TREND,EXPERIMENTAL,false,TARGET_SPECIFIC_EVALUATION_REQUIRED,W10 candidate seed only; no predictive usefulness or promotion is claimed.
FC-000474,RF-000565,SRC-001,SportsDataverse,adv_rushing,Rush_TD,rushing,HISTORICAL_AGGREGATE_ONLY,PIT_HISTORICAL_AGGREGATION_INPUT,PURE_AND_MARKET_ELIGIBLE,LAGGED_LAST;ROLLING_MEAN_COUNT;EWMA;LINEAR_TREND;RATE_PER_OPPORTUNITY;OPPONENT_ADJUSTED_RESIDUAL;MATCHUP_DIFFERENCE,EXPERIMENTAL,false,TARGET_SPECIFIC_EVALUATION_REQUIRED,W10 candidate seed only; no predictive usefulness or promotion is claimed.
FC-000475,RF-000566,SRC-001,SportsDataverse,adv_rushing,YPC,other,HISTORICAL_AGGREGATE_ONLY,PIT_HISTORICAL_AGGREGATION_INPUT,PURE_AND_MARKET_ELIGIBLE,LAGGED_LAST;ROLLING_MEAN_COUNT;EWMA;LINEAR_TREND,EXPERIMENTAL,false,TARGET_SPECIFIC_EVALUATION_REQUIRED,W10 candidate seed only; no predictive usefulness or promotion is claimed.
FC-000476,RF-000567,SRC-001,SportsDataverse,adv_rushing,EPA,advanced_efficiency_probability,HISTORICAL_AGGREGATE_ONLY,PIT_HISTORICAL_AGGREGATION_INPUT,PURE_AND_MARKET_ELIGIBLE,LAGGED_LAST;ROLLING_MEAN_COUNT;EWMA;LINEAR_TREND;RATE_PER_OPPORTUNITY;OPPONENT_ADJUSTED_RESIDUAL;MATCHUP_DIFFERENCE,EXPERIMENTAL,false,TARGET_SPECIFIC_EVALUATION_REQUIRED,W10 candidate seed only; no predictive usefulness or promotion is claimed.
FC-000477,RF-000568,SRC-001,SportsDataverse,adv_rushing,EPA_per_Play,advanced_efficiency_probability,HISTORICAL_AGGREGATE_ONLY,PIT_HISTORICAL_AGGREGATION_INPUT,PURE_AND_MARKET_ELIGIBLE,LAGGED_LAST;ROLLING_MEAN_COUNT;EWMA;LINEAR_TREND;RATE_PER_OPPORTUNITY;OPPONENT_ADJUSTED_RESIDUAL;MATCHUP_DIFFERENCE,EXPERIMENTAL,false,TARGET_SPECIFIC_EVALUATION_REQUIRED,W10 candidate seed only; no predictive usefulness or promotion is claimed.
FC-000478,RF-000569,SRC-001,SportsDataverse,adv_rushing,WPA,advanced_efficiency_probability,HISTORICAL_AGGREGATE_ONLY,PIT_HISTORICAL_AGGREGATION_INPUT,PURE_AND_MARKET_ELIGIBLE,LAGGED_LAST;ROLLING_MEAN_COUNT;EWMA;LINEAR_TREND;RATE_PER_OPPORTUNITY;OPPONENT_ADJUSTED_RESIDUAL;MATCHUP_DIFFERENCE,EXPERIMENTAL,false,TARGET_SPECIFIC_EVALUATION_REQUIRED,W10 candidate seed only; no predictive usefulness or promotion is claimed.
FC-000479,RF-000570,SRC-001,SportsDataverse,adv_rushing,SR,other,HISTORICAL_AGGREGATE_ONLY,PIT_HISTORICAL_AGGREGATION_INPUT,PURE_AND_MARKET_ELIGIBLE,LAGGED_LAST;ROLLING_MEAN_COUNT;EWMA;LINEAR_TREND,EXPERIMENTAL,false,TARGET_SPECIFIC_EVALUATION_REQUIRED,W10 candidate seed only; no predictive usefulness or promotion is claimed.
FC-000480,RF-000571,SRC-001,SportsDataverse,adv_rushing,Fum,other,HISTORICAL_AGGREGATE_ONLY,PIT_HISTORICAL_AGGREGATION_INPUT,PURE_AND_MARKET_ELIGIBLE,LAGGED_LAST;ROLLING_MEAN_COUNT;EWMA;LINEAR_TREND,EXPERIMENTAL,false,TARGET_SPECIFIC_EVALUATION_REQUIRED,W10 candidate seed only; no predictive usefulness or promotion is claimed.
FC-000481,RF-000572,SRC-001,SportsDataverse,adv_rushing,Fum_Lost,other,HISTORICAL_AGGREGATE_ONLY,PIT_HISTORICAL_AGGREGATION_INPUT,PURE_AND_MARKET_ELIGIBLE,LAGGED_LAST;ROLLING_MEAN_COUNT;EWMA;LINEAR_TREND,EXPERIMENTAL,false,TARGET_SPECIFIC_EVALUATION_REQUIRED,W10 candidate seed only; no predictive usefulness or promotion is claimed.
FC-000482,RF-000574,SRC-001,SportsDataverse,adv_receiving,season,other,HISTORICAL_AGGREGATE_ONLY,PIT_HISTORICAL_AGGREGATION_INPUT,PURE_AND_MARKET_ELIGIBLE,LAGGED_LAST;ROLLING_MEAN_COUNT;EWMA;LINEAR_TREND,EXPERIMENTAL,false,TARGET_SPECIFIC_EVALUATION_REQUIRED,W10 candidate seed only; no predictive usefulness or promotion is claimed.
FC-000483,RF-000576,SRC-001,SportsDataverse,adv_receiving,receiver_player_name,passing_receiving,HISTORICAL_AGGREGATE_ONLY,PIT_HISTORICAL_AGGREGATION_INPUT,PURE_AND_MARKET_ELIGIBLE,LAGGED_LAST;ROLLING_MEAN_COUNT;EWMA;LINEAR_TREND;RATE_PER_OPPORTUNITY;OPPONENT_ADJUSTED_RESIDUAL;MATCHUP_DIFFERENCE,EXPERIMENTAL,false,TARGET_SPECIFIC_EVALUATION_REQUIRED,W10 candidate seed only; no predictive usefulness or promotion is claimed.
FC-000484,RF-000577,SRC-001,SportsDataverse,adv_receiving,Rec,other,HISTORICAL_AGGREGATE_ONLY,PIT_HISTORICAL_AGGREGATION_INPUT,PURE_AND_MARKET_ELIGIBLE,LAGGED_LAST;ROLLING_MEAN_COUNT;EWMA;LINEAR_TREND,EXPERIMENTAL,false,TARGET_SPECIFIC_EVALUATION_REQUIRED,W10 candidate seed only; no predictive usefulness or promotion is claimed.
FC-000485,RF-000578,SRC-001,SportsDataverse,adv_receiving,Tar,other,HISTORICAL_AGGREGATE_ONLY,PIT_HISTORICAL_AGGREGATION_INPUT,PURE_AND_MARKET_ELIGIBLE,LAGGED_LAST;ROLLING_MEAN_COUNT;EWMA;LINEAR_TREND,EXPERIMENTAL,false,TARGET_SPECIFIC_EVALUATION_REQUIRED,W10 candidate seed only; no predictive usefulness or promotion is claimed.
FC-000486,RF-000579,SRC-001,SportsDataverse,adv_receiving,Yds,other,HISTORICAL_AGGREGATE_ONLY,PIT_HISTORICAL_AGGREGATION_INPUT,PURE_AND_MARKET_ELIGIBLE,LAGGED_LAST;ROLLING_MEAN_COUNT;EWMA;LINEAR_TREND,EXPERIMENTAL,false,TARGET_SPECIFIC_EVALUATION_REQUIRED,W10 candidate seed only; no predictive usefulness or promotion is claimed.
FC-000487,RF-000580,SRC-001,SportsDataverse,adv_receiving,Rec_TD,other,HISTORICAL_AGGREGATE_ONLY,PIT_HISTORICAL_AGGREGATION_INPUT,PURE_AND_MARKET_ELIGIBLE,LAGGED_LAST;ROLLING_MEAN_COUNT;EWMA;LINEAR_TREND,EXPERIMENTAL,false,TARGET_SPECIFIC_EVALUATION_REQUIRED,W10 candidate seed only; no predictive usefulness or promotion is claimed.
FC-000488,RF-000581,SRC-001,SportsDataverse,adv_receiving,YPT,other,HISTORICAL_AGGREGATE_ONLY,PIT_HISTORICAL_AGGREGATION_INPUT,PURE_AND_MARKET_ELIGIBLE,LAGGED_LAST;ROLLING_MEAN_COUNT;EWMA;LINEAR_TREND,EXPERIMENTAL,false,TARGET_SPECIFIC_EVALUATION_REQUIRED,W10 candidate seed only; no predictive usefulness or promotion is claimed.
FC-000489,RF-000582,SRC-001,SportsDataverse,adv_receiving,EPA,advanced_efficiency_probability,HISTORICAL_AGGREGATE_ONLY,PIT_HISTORICAL_AGGREGATION_INPUT,PURE_AND_MARKET_ELIGIBLE,LAGGED_LAST;ROLLING_MEAN_COUNT;EWMA;LINEAR_TREND;RATE_PER_OPPORTUNITY;OPPONENT_ADJUSTED_RESIDUAL;MATCHUP_DIFFERENCE,EXPERIMENTAL,false,TARGET_SPECIFIC_EVALUATION_REQUIRED,W10 candidate seed only; no predictive usefulness or promotion is claimed.
FC-000490,RF-000583,SRC-001,SportsDataverse,adv_receiving,EPA_per_Play,advanced_efficiency_probability,HISTORICAL_AGGREGATE_ONLY,PIT_HISTORICAL_AGGREGATION_INPUT,PURE_AND_MARKET_ELIGIBLE,LAGGED_LAST;ROLLING_MEAN_COUNT;EWMA;LINEAR_TREND;RATE_PER_OPPORTUNITY;OPPONENT_ADJUSTED_RESIDUAL;MATCHUP_DIFFERENCE,EXPERIMENTAL,false,TARGET_SPECIFIC_EVALUATION_REQUIRED,W10 candidate seed only; no predictive usefulness or promotion is claimed.
FC-000491,RF-000584,SRC-001,SportsDataverse,adv_receiving,WPA,advanced_efficiency_probability,HISTORICAL_AGGREGATE_ONLY,PIT_HISTORICAL_AGGREGATION_INPUT,PURE_AND_MARKET_ELIGIBLE,LAGGED_LAST;ROLLING_MEAN_COUNT;EWMA;LINEAR_TREND;RATE_PER_OPPORTUNITY;OPPONENT_ADJUSTED_RESIDUAL;MATCHUP_DIFFERENCE,EXPERIMENTAL,false,TARGET_SPECIFIC_EVALUATION_REQUIRED,W10 candidate seed only; no predictive usefulness or promotion is claimed.
FC-000492,RF-000585,SRC-001,SportsDataverse,adv_receiving,SR,other,HISTORICAL_AGGREGATE_ONLY,PIT_HISTORICAL_AGGREGATION_INPUT,PURE_AND_MARKET_ELIGIBLE,LAGGED_LAST;ROLLING_MEAN_COUNT;EWMA;LINEAR_TREND,EXPERIMENTAL,false,TARGET_SPECIFIC_EVALUATION_REQUIRED,W10 candidate seed only; no predictive usefulness or promotion is claimed.
FC-000493,RF-000586,SRC-001,SportsDataverse,adv_receiving,Fum,other,HISTORICAL_AGGREGATE_ONLY,PIT_HISTORICAL_AGGREGATION_INPUT,PURE_AND_MARKET_ELIGIBLE,LAGGED_LAST;ROLLING_MEAN_COUNT;EWMA;LINEAR_TREND,EXPERIMENTAL,false,TARGET_SPECIFIC_EVALUATION_REQUIRED,W10 candidate seed only; no predictive usefulness or promotion is claimed.
FC-000494,RF-000587,SRC-001,SportsDataverse,adv_receiving,Fum_Lost,other,HISTORICAL_AGGREGATE_ONLY,PIT_HISTORICAL_AGGREGATION_INPUT,PURE_AND_MARKET_ELIGIBLE,LAGGED_LAST;ROLLING_MEAN_COUNT;EWMA;LINEAR_TREND,EXPERIMENTAL,false,TARGET_SPECIFIC_EVALUATION_REQUIRED,W10 candidate seed only; no predictive usefulness or promotion is claimed.
FC-000495,RF-000589,SRC-001,SportsDataverse,adv_defensive,season,other,HISTORICAL_AGGREGATE_ONLY,PIT_HISTORICAL_AGGREGATION_INPUT,PURE_AND_MARKET_ELIGIBLE,LAGGED_LAST;ROLLING_MEAN_COUNT;EWMA;LINEAR_TREND,EXPERIMENTAL,false,TARGET_SPECIFIC_EVALUATION_REQUIRED,W10 candidate seed only; no predictive usefulness or promotion is claimed.
FC-000496,RF-000590,SRC-001,SportsDataverse,adv_defensive,week,other,HISTORICAL_AGGREGATE_ONLY,PIT_HISTORICAL_AGGREGATION_INPUT,PURE_AND_MARKET_ELIGIBLE,LAGGED_LAST;ROLLING_MEAN_COUNT;EWMA;LINEAR_TREND,EXPERIMENTAL,false,TARGET_SPECIFIC_EVALUATION_REQUIRED,W10 candidate seed only; no predictive usefulness or promotion is claimed.
FC-000497,RF-000592,SRC-001,SportsDataverse,adv_defensive,scrimmage_plays,other,HISTORICAL_AGGREGATE_ONLY,PIT_HISTORICAL_AGGREGATION_INPUT,PURE_AND_MARKET_ELIGIBLE,LAGGED_LAST;ROLLING_MEAN_COUNT;EWMA;LINEAR_TREND,EXPERIMENTAL,false,TARGET_SPECIFIC_EVALUATION_REQUIRED,W10 candidate seed only; no predictive usefulness or promotion is claimed.
FC-000498,RF-000593,SRC-001,SportsDataverse,adv_defensive,TFL,other,HISTORICAL_AGGREGATE_ONLY,PIT_HISTORICAL_AGGREGATION_INPUT,PURE_AND_MARKET_ELIGIBLE,LAGGED_LAST;ROLLING_MEAN_COUNT;EWMA;LINEAR_TREND,EXPERIMENTAL,false,TARGET_SPECIFIC_EVALUATION_REQUIRED,W10 candidate seed only; no predictive usefulness or promotion is claimed.
FC-000499,RF-000594,SRC-001,SportsDataverse,adv_defensive,TFL_pass,passing_receiving,HISTORICAL_AGGREGATE_ONLY,PIT_HISTORICAL_AGGREGATION_INPUT,PURE_AND_MARKET_ELIGIBLE,LAGGED_LAST;ROLLING_MEAN_COUNT;EWMA;LINEAR_TREND;RATE_PER_OPPORTUNITY;OPPONENT_ADJUSTED_RESIDUAL;MATCHUP_DIFFERENCE,EXPERIMENTAL,false,TARGET_SPECIFIC_EVALUATION_REQUIRED,W10 candidate seed only; no predictive usefulness or promotion is claimed.
FC-000500,RF-000595,SRC-001,SportsDataverse,adv_defensive,TFL_rush,rushing,HISTORICAL_AGGREGATE_ONLY,PIT_HISTORICAL_AGGREGATION_INPUT,PURE_AND_MARKET_ELIGIBLE,LAGGED_LAST;ROLLING_MEAN_COUNT;EWMA;LINEAR_TREND;RATE_PER_OPPORTUNITY;OPPONENT_ADJUSTED_RESIDUAL;MATCHUP_DIFFERENCE,EXPERIMENTAL,false,TARGET_SPECIFIC_EVALUATION_REQUIRED,W10 candidate seed only; no predictive usefulness or promotion is claimed.
FC-000501,RF-000596,SRC-001,SportsDataverse,adv_defensive,havoc_total,advanced_efficiency_probability,HISTORICAL_AGGREGATE_ONLY,PIT_HISTORICAL_AGGREGATION_INPUT,PURE_AND_MARKET_ELIGIBLE,LAGGED_LAST;ROLLING_MEAN_COUNT;EWMA;LINEAR_TREND;RATE_PER_OPPORTUNITY;OPPONENT_ADJUSTED_RESIDUAL;MATCHUP_DIFFERENCE,EXPERIMENTAL,false,TARGET_SPECIFIC_EVALUATION_REQUIRED,W10 candidate seed only; no predictive usefulness or promotion is claimed.
FC-000502,RF-000597,SRC-001,SportsDataverse,adv_defensive,havoc_total_rate,advanced_efficiency_probability,HISTORICAL_AGGREGATE_ONLY,PIT_HISTORICAL_AGGREGATION_INPUT,PURE_AND_MARKET_ELIGIBLE,LAGGED_LAST;ROLLING_MEAN_COUNT;EWMA;LINEAR_TREND;RATE_PER_OPPORTUNITY;OPPONENT_ADJUSTED_RESIDUAL;MATCHUP_DIFFERENCE,EXPERIMENTAL,false,TARGET_SPECIFIC_EVALUATION_REQUIRED,W10 candidate seed only; no predictive usefulness or promotion is claimed.
FC-000503,RF-000598,SRC-001,SportsDataverse,adv_defensive,fumbles,turnovers,HISTORICAL_AGGREGATE_ONLY,PIT_HISTORICAL_AGGREGATION_INPUT,PURE_AND_MARKET_ELIGIBLE,LAGGED_LAST;ROLLING_MEAN_COUNT;EWMA;LINEAR_TREND;RATE_PER_OPPORTUNITY;OPPONENT_ADJUSTED_RESIDUAL;MATCHUP_DIFFERENCE,EXPERIMENTAL,false,TARGET_SPECIFIC_EVALUATION_REQUIRED,W10 candidate seed only; no predictive usefulness or promotion is claimed.
FC-000504,RF-000599,SRC-001,SportsDataverse,adv_defensive,def_int,other,HISTORICAL_AGGREGATE_ONLY,PIT_HISTORICAL_AGGREGATION_INPUT,PURE_AND_MARKET_ELIGIBLE,LAGGED_LAST;ROLLING_MEAN_COUNT;EWMA;LINEAR_TREND,EXPERIMENTAL,false,TARGET_SPECIFIC_EVALUATION_REQUIRED,W10 candidate seed only; no predictive usefulness or promotion is claimed.
FC-000505,RF-000600,SRC-001,SportsDataverse,adv_defensive,drive_stopped_rate,drives_field_position,HISTORICAL_AGGREGATE_ONLY,PIT_HISTORICAL_AGGREGATION_INPUT,PURE_AND_MARKET_ELIGIBLE,LAGGED_LAST;ROLLING_MEAN_COUNT;EWMA;LINEAR_TREND;RATE_PER_OPPORTUNITY;OPPONENT_ADJUSTED_RESIDUAL;MATCHUP_DIFFERENCE,EXPERIMENTAL,false,TARGET_SPECIFIC_EVALUATION_REQUIRED,W10 candidate seed only; no predictive usefulness or promotion is claimed.
FC-000506,RF-000601,SRC-001,SportsDataverse,adv_defensive,num_pass_plays,passing_receiving,HISTORICAL_AGGREGATE_ONLY,PIT_HISTORICAL_AGGREGATION_INPUT,PURE_AND_MARKET_ELIGIBLE,LAGGED_LAST;ROLLING_MEAN_COUNT;EWMA;LINEAR_TREND;RATE_PER_OPPORTUNITY;OPPONENT_ADJUSTED_RESIDUAL;MATCHUP_DIFFERENCE,EXPERIMENTAL,false,TARGET_SPECIFIC_EVALUATION_REQUIRED,W10 candidate seed only; no predictive usefulness or promotion is claimed.
FC-000507,RF-000602,SRC-001,SportsDataverse,adv_defensive,havoc_total_pass,passing_receiving,HISTORICAL_AGGREGATE_ONLY,PIT_HISTORICAL_AGGREGATION_INPUT,PURE_AND_MARKET_ELIGIBLE,LAGGED_LAST;ROLLING_MEAN_COUNT;EWMA;LINEAR_TREND;RATE_PER_OPPORTUNITY;OPPONENT_ADJUSTED_RESIDUAL;MATCHUP_DIFFERENCE,EXPERIMENTAL,false,TARGET_SPECIFIC_EVALUATION_REQUIRED,W10 candidate seed only; no predictive usefulness or promotion is claimed.
FC-000508,RF-000603,SRC-001,SportsDataverse,adv_defensive,havoc_total_pass_rate,passing_receiving,HISTORICAL_AGGREGATE_ONLY,PIT_HISTORICAL_AGGREGATION_INPUT,PURE_AND_MARKET_ELIGIBLE,LAGGED_LAST;ROLLING_MEAN_COUNT;EWMA;LINEAR_TREND;RATE_PER_OPPORTUNITY;OPPONENT_ADJUSTED_RESIDUAL;MATCHUP_DIFFERENCE,EXPERIMENTAL,false,TARGET_SPECIFIC_EVALUATION_REQUIRED,W10 candidate seed only; no predictive usefulness or promotion is claimed.
FC-000509,RF-000604,SRC-001,SportsDataverse,adv_defensive,sacks,other,HISTORICAL_AGGREGATE_ONLY,PIT_HISTORICAL_AGGREGATION_INPUT,PURE_AND_MARKET_ELIGIBLE,LAGGED_LAST;ROLLING_MEAN_COUNT;EWMA;LINEAR_TREND,EXPERIMENTAL,false,TARGET_SPECIFIC_EVALUATION_REQUIRED,W10 candidate seed only; no predictive usefulness or promotion is claimed.
FC-000510,RF-000605,SRC-001,SportsDataverse,adv_defensive,sacks_rate,other,HISTORICAL_AGGREGATE_ONLY,PIT_HISTORICAL_AGGREGATION_INPUT,PURE_AND_MARKET_ELIGIBLE,LAGGED_LAST;ROLLING_MEAN_COUNT;EWMA;LINEAR_TREND,EXPERIMENTAL,false,TARGET_SPECIFIC_EVALUATION_REQUIRED,W10 candidate seed only; no predictive usefulness or promotion is claimed.
FC-000511,RF-000606,SRC-001,SportsDataverse,adv_defensive,pass_breakups,passing_receiving,HISTORICAL_AGGREGATE_ONLY,PIT_HISTORICAL_AGGREGATION_INPUT,PURE_AND_MARKET_ELIGIBLE,LAGGED_LAST;ROLLING_MEAN_COUNT;EWMA;LINEAR_TREND;RATE_PER_OPPORTUNITY;OPPONENT_ADJUSTED_RESIDUAL;MATCHUP_DIFFERENCE,EXPERIMENTAL,false,TARGET_SPECIFIC_EVALUATION_REQUIRED,W10 candidate seed only; no predictive usefulness or promotion is claimed.
FC-000512,RF-000607,SRC-001,SportsDataverse,adv_defensive,havoc_total_rush,rushing,HISTORICAL_AGGREGATE_ONLY,PIT_HISTORICAL_AGGREGATION_INPUT,PURE_AND_MARKET_ELIGIBLE,LAGGED_LAST;ROLLING_MEAN_COUNT;EWMA;LINEAR_TREND;RATE_PER_OPPORTUNITY;OPPONENT_ADJUSTED_RESIDUAL;MATCHUP_DIFFERENCE,EXPERIMENTAL,false,TARGET_SPECIFIC_EVALUATION_REQUIRED,W10 candidate seed only; no predictive usefulness or promotion is claimed.
FC-000513,RF-000608,SRC-001,SportsDataverse,adv_defensive,havoc_total_rush_rate,rushing,HISTORICAL_AGGREGATE_ONLY,PIT_HISTORICAL_AGGREGATION_INPUT,PURE_AND_MARKET_ELIGIBLE,LAGGED_LAST;ROLLING_MEAN_COUNT;EWMA;LINEAR_TREND;RATE_PER_OPPORTUNITY;OPPONENT_ADJUSTED_RESIDUAL;MATCHUP_DIFFERENCE,EXPERIMENTAL,false,TARGET_SPECIFIC_EVALUATION_REQUIRED,W10 candidate seed only; no predictive usefulness or promotion is claimed.
FC-000514,RF-000610,SRC-001,SportsDataverse,adv_turnover,pass_breakups,passing_receiving,HISTORICAL_AGGREGATE_ONLY,PIT_HISTORICAL_AGGREGATION_INPUT,PURE_AND_MARKET_ELIGIBLE,LAGGED_LAST;ROLLING_MEAN_COUNT;EWMA;LINEAR_TREND;RATE_PER_OPPORTUNITY;OPPONENT_ADJUSTED_RESIDUAL;MATCHUP_DIFFERENCE,EXPERIMENTAL,false,TARGET_SPECIFIC_EVALUATION_REQUIRED,W10 candidate seed only; no predictive usefulness or promotion is claimed.
FC-000515,RF-000611,SRC-001,SportsDataverse,adv_turnover,fumbles_lost,turnovers,HISTORICAL_AGGREGATE_ONLY,PIT_HISTORICAL_AGGREGATION_INPUT,PURE_AND_MARKET_ELIGIBLE,LAGGED_LAST;ROLLING_MEAN_COUNT;EWMA;LINEAR_TREND;RATE_PER_OPPORTUNITY;OPPONENT_ADJUSTED_RESIDUAL;MATCHUP_DIFFERENCE,EXPERIMENTAL,false,TARGET_SPECIFIC_EVALUATION_REQUIRED,W10 candidate seed only; no predictive usefulness or promotion is claimed.
FC-000516,RF-000612,SRC-001,SportsDataverse,adv_turnover,fumbles_recovered,turnovers,HISTORICAL_AGGREGATE_ONLY,PIT_HISTORICAL_AGGREGATION_INPUT,PURE_AND_MARKET_ELIGIBLE,LAGGED_LAST;ROLLING_MEAN_COUNT;EWMA;LINEAR_TREND;RATE_PER_OPPORTUNITY;OPPONENT_ADJUSTED_RESIDUAL;MATCHUP_DIFFERENCE,EXPERIMENTAL,false,TARGET_SPECIFIC_EVALUATION_REQUIRED,W10 candidate seed only; no predictive usefulness or promotion is claimed.
FC-000517,RF-000613,SRC-001,SportsDataverse,adv_turnover,total_fumbles,turnovers,HISTORICAL_AGGREGATE_ONLY,PIT_HISTORICAL_AGGREGATION_INPUT,PURE_AND_MARKET_ELIGIBLE,LAGGED_LAST;ROLLING_MEAN_COUNT;EWMA;LINEAR_TREND;RATE_PER_OPPORTUNITY;OPPONENT_ADJUSTED_RESIDUAL;MATCHUP_DIFFERENCE,EXPERIMENTAL,false,TARGET_SPECIFIC_EVALUATION_REQUIRED,W10 candidate seed only; no predictive usefulness or promotion is claimed.
FC-000518,RF-000614,SRC-001,SportsDataverse,adv_turnover,Int,turnovers,HISTORICAL_AGGREGATE_ONLY,PIT_HISTORICAL_AGGREGATION_INPUT,PURE_AND_MARKET_ELIGIBLE,LAGGED_LAST;ROLLING_MEAN_COUNT;EWMA;LINEAR_TREND;RATE_PER_OPPORTUNITY;OPPONENT_ADJUSTED_RESIDUAL;MATCHUP_DIFFERENCE,EXPERIMENTAL,false,TARGET_SPECIFIC_EVALUATION_REQUIRED,W10 candidate seed only; no predictive usefulness or promotion is claimed.
FC-000519,RF-000615,SRC-001,SportsDataverse,adv_turnover,expected_turnovers,turnovers,HISTORICAL_AGGREGATE_ONLY,PIT_HISTORICAL_AGGREGATION_INPUT,PURE_AND_MARKET_ELIGIBLE,LAGGED_LAST;ROLLING_MEAN_COUNT;EWMA;LINEAR_TREND;RATE_PER_OPPORTUNITY;OPPONENT_ADJUSTED_RESIDUAL;MATCHUP_DIFFERENCE,EXPERIMENTAL,false,TARGET_SPECIFIC_EVALUATION_REQUIRED,W10 candidate seed only; no predictive usefulness or promotion is claimed.
FC-000520,RF-000616,SRC-001,SportsDataverse,adv_turnover,expected_turnover_margin,turnovers,HISTORICAL_AGGREGATE_ONLY,PIT_HISTORICAL_AGGREGATION_INPUT,PURE_AND_MARKET_ELIGIBLE,LAGGED_LAST;ROLLING_MEAN_COUNT;EWMA;LINEAR_TREND;RATE_PER_OPPORTUNITY;OPPONENT_ADJUSTED_RESIDUAL;MATCHUP_DIFFERENCE,EXPERIMENTAL,false,TARGET_SPECIFIC_EVALUATION_REQUIRED,W10 candidate seed only; no predictive usefulness or promotion is claimed.
FC-000521,RF-000617,SRC-001,SportsDataverse,adv_turnover,turnovers,turnovers,HISTORICAL_AGGREGATE_ONLY,PIT_HISTORICAL_AGGREGATION_INPUT,PURE_AND_MARKET_ELIGIBLE,LAGGED_LAST;ROLLING_MEAN_COUNT;EWMA;LINEAR_TREND;RATE_PER_OPPORTUNITY;OPPONENT_ADJUSTED_RESIDUAL;MATCHUP_DIFFERENCE,EXPERIMENTAL,false,TARGET_SPECIFIC_EVALUATION_REQUIRED,W10 candidate seed only; no predictive usefulness or promotion is claimed.
FC-000522,RF-000618,SRC-001,SportsDataverse,adv_turnover,turnover_margin,turnovers,HISTORICAL_AGGREGATE_ONLY,PIT_HISTORICAL_AGGREGATION_INPUT,PURE_AND_MARKET_ELIGIBLE,LAGGED_LAST;ROLLING_MEAN_COUNT;EWMA;LINEAR_TREND;RATE_PER_OPPORTUNITY;OPPONENT_ADJUSTED_RESIDUAL;MATCHUP_DIFFERENCE,EXPERIMENTAL,false,TARGET_SPECIFIC_EVALUATION_REQUIRED,W10 candidate seed only; no predictive usefulness or promotion is claimed.
FC-000523,RF-000619,SRC-001,SportsDataverse,adv_turnover,turnover_luck,turnovers,HISTORICAL_AGGREGATE_ONLY,PIT_HISTORICAL_AGGREGATION_INPUT,PURE_AND_MARKET_ELIGIBLE,LAGGED_LAST;ROLLING_MEAN_COUNT;EWMA;LINEAR_TREND;RATE_PER_OPPORTUNITY;OPPONENT_ADJUSTED_RESIDUAL;MATCHUP_DIFFERENCE,EXPERIMENTAL,false,TARGET_SPECIFIC_EVALUATION_REQUIRED,W10 candidate seed only; no predictive usefulness or promotion is claimed.
FC-000524,RF-000621,SRC-001,SportsDataverse,adv_turnover,season,other,HISTORICAL_AGGREGATE_ONLY,PIT_HISTORICAL_AGGREGATION_INPUT,PURE_AND_MARKET_ELIGIBLE,LAGGED_LAST;ROLLING_MEAN_COUNT;EWMA;LINEAR_TREND,EXPERIMENTAL,false,TARGET_SPECIFIC_EVALUATION_REQUIRED,W10 candidate seed only; no predictive usefulness or promotion is claimed.
FC-000525,RF-000622,SRC-001,SportsDataverse,adv_turnover,week,other,HISTORICAL_AGGREGATE_ONLY,PIT_HISTORICAL_AGGREGATION_INPUT,PURE_AND_MARKET_ELIGIBLE,LAGGED_LAST;ROLLING_MEAN_COUNT;EWMA;LINEAR_TREND,EXPERIMENTAL,false,TARGET_SPECIFIC_EVALUATION_REQUIRED,W10 candidate seed only; no predictive usefulness or promotion is claimed.
FC-000526,RF-000624,SRC-001,SportsDataverse,adv_drives,season,other,HISTORICAL_AGGREGATE_ONLY,PIT_HISTORICAL_AGGREGATION_INPUT,PURE_AND_MARKET_ELIGIBLE,LAGGED_LAST;ROLLING_MEAN_COUNT;EWMA;LINEAR_TREND,EXPERIMENTAL,false,TARGET_SPECIFIC_EVALUATION_REQUIRED,W10 candidate seed only; no predictive usefulness or promotion is claimed.
FC-000527,RF-000626,SRC-001,SportsDataverse,adv_drives,drive_total_available_yards,drives_field_position,HISTORICAL_AGGREGATE_ONLY,PIT_HISTORICAL_AGGREGATION_INPUT,PURE_AND_MARKET_ELIGIBLE,LAGGED_LAST;ROLLING_MEAN_COUNT;EWMA;LINEAR_TREND;RATE_PER_OPPORTUNITY;OPPONENT_ADJUSTED_RESIDUAL;MATCHUP_DIFFERENCE,EXPERIMENTAL,false,TARGET_SPECIFIC_EVALUATION_REQUIRED,W10 candidate seed only; no predictive usefulness or promotion is claimed.
FC-000528,RF-000627,SRC-001,SportsDataverse,adv_drives,drive_total_gained_yards,drives_field_position,HISTORICAL_AGGREGATE_ONLY,PIT_HISTORICAL_AGGREGATION_INPUT,PURE_AND_MARKET_ELIGIBLE,LAGGED_LAST;ROLLING_MEAN_COUNT;EWMA;LINEAR_TREND;RATE_PER_OPPORTUNITY;OPPONENT_ADJUSTED_RESIDUAL;MATCHUP_DIFFERENCE,EXPERIMENTAL,false,TARGET_SPECIFIC_EVALUATION_REQUIRED,W10 candidate seed only; no predictive usefulness or promotion is claimed.
FC-000529,RF-000628,SRC-001,SportsDataverse,adv_drives,avg_field_position,situational_field_position,HISTORICAL_AGGREGATE_ONLY,PIT_HISTORICAL_AGGREGATION_INPUT,PURE_AND_MARKET_ELIGIBLE,LAGGED_LAST;ROLLING_MEAN_COUNT;EWMA;LINEAR_TREND;RATE_PER_OPPORTUNITY;OPPONENT_ADJUSTED_RESIDUAL;MATCHUP_DIFFERENCE,EXPERIMENTAL,false,TARGET_SPECIFIC_EVALUATION_REQUIRED,W10 candidate seed only; no predictive usefulness or promotion is claimed.
FC-000530,RF-000629,SRC-001,SportsDataverse,adv_drives,plays_per_drive,drives_field_position,HISTORICAL_AGGREGATE_ONLY,PIT_HISTORICAL_AGGREGATION_INPUT,PURE_AND_MARKET_ELIGIBLE,LAGGED_LAST;ROLLING_MEAN_COUNT;EWMA;LINEAR_TREND;RATE_PER_OPPORTUNITY;OPPONENT_ADJUSTED_RESIDUAL;MATCHUP_DIFFERENCE,EXPERIMENTAL,false,TARGET_SPECIFIC_EVALUATION_REQUIRED,W10 candidate seed only; no predictive usefulness or promotion is claimed.
FC-000531,RF-000630,SRC-001,SportsDataverse,adv_drives,yards_per_drive,drives_field_position,HISTORICAL_AGGREGATE_ONLY,PIT_HISTORICAL_AGGREGATION_INPUT,PURE_AND_MARKET_ELIGIBLE,LAGGED_LAST;ROLLING_MEAN_COUNT;EWMA;LINEAR_TREND;RATE_PER_OPPORTUNITY;OPPONENT_ADJUSTED_RESIDUAL;MATCHUP_DIFFERENCE,EXPERIMENTAL,false,TARGET_SPECIFIC_EVALUATION_REQUIRED,W10 candidate seed only; no predictive usefulness or promotion is claimed.
FC-000532,RF-000631,SRC-001,SportsDataverse,adv_drives,drives,drives_field_position,HISTORICAL_AGGREGATE_ONLY,PIT_HISTORICAL_AGGREGATION_INPUT,PURE_AND_MARKET_ELIGIBLE,LAGGED_LAST;ROLLING_MEAN_COUNT;EWMA;LINEAR_TREND;RATE_PER_OPPORTUNITY;OPPONENT_ADJUSTED_RESIDUAL;MATCHUP_DIFFERENCE,EXPERIMENTAL,false,TARGET_SPECIFIC_EVALUATION_REQUIRED,W10 candidate seed only; no predictive usefulness or promotion is claimed.
FC-000533,RF-000632,SRC-001,SportsDataverse,adv_drives,drive_total_gained_yards_rate,drives_field_position,HISTORICAL_AGGREGATE_ONLY,PIT_HISTORICAL_AGGREGATION_INPUT,PURE_AND_MARKET_ELIGIBLE,LAGGED_LAST;ROLLING_MEAN_COUNT;EWMA;LINEAR_TREND;RATE_PER_OPPORTUNITY;OPPONENT_ADJUSTED_RESIDUAL;MATCHUP_DIFFERENCE,EXPERIMENTAL,false,TARGET_SPECIFIC_EVALUATION_REQUIRED,W10 candidate seed only; no predictive usefulness or promotion is claimed.
FC-000534,RF-000634,SRC-001,SportsDataverse,adv_situational,season,other,HISTORICAL_AGGREGATE_ONLY,PIT_HISTORICAL_AGGREGATION_INPUT,PURE_AND_MARKET_ELIGIBLE,LAGGED_LAST;ROLLING_MEAN_COUNT;EWMA;LINEAR_TREND,EXPERIMENTAL,false,TARGET_SPECIFIC_EVALUATION_REQUIRED,W10 candidate seed only; no predictive usefulness or promotion is claimed.
FC-000535,RF-000635,SRC-001,SportsDataverse,adv_situational,week,other,HISTORICAL_AGGREGATE_ONLY,PIT_HISTORICAL_AGGREGATION_INPUT,PURE_AND_MARKET_ELIGIBLE,LAGGED_LAST;ROLLING_MEAN_COUNT;EWMA;LINEAR_TREND,EXPERIMENTAL,false,TARGET_SPECIFIC_EVALUATION_REQUIRED,W10 candidate seed only; no predictive usefulness or promotion is claimed.
FC-000536,RF-000637,SRC-001,SportsDataverse,adv_situational,EPA_success,advanced_efficiency_probability,HISTORICAL_AGGREGATE_ONLY,PIT_HISTORICAL_AGGREGATION_INPUT,PURE_AND_MARKET_ELIGIBLE,LAGGED_LAST;ROLLING_MEAN_COUNT;EWMA;LINEAR_TREND;RATE_PER_OPPORTUNITY;OPPONENT_ADJUSTED_RESIDUAL;MATCHUP_DIFFERENCE,EXPERIMENTAL,false,TARGET_SPECIFIC_EVALUATION_REQUIRED,W10 candidate seed only; no predictive usefulness or promotion is claimed.
FC-000537,RF-000638,SRC-001,SportsDataverse,adv_situational,EPA_success_rate,advanced_efficiency_probability,HISTORICAL_AGGREGATE_ONLY,PIT_HISTORICAL_AGGREGATION_INPUT,PURE_AND_MARKET_ELIGIBLE,LAGGED_LAST;ROLLING_MEAN_COUNT;EWMA;LINEAR_TREND;RATE_PER_OPPORTUNITY;OPPONENT_ADJUSTED_RESIDUAL;MATCHUP_DIFFERENCE,EXPERIMENTAL,false,TARGET_SPECIFIC_EVALUATION_REQUIRED,W10 candidate seed only; no predictive usefulness or promotion is claimed.
FC-000538,RF-000639,SRC-001,SportsDataverse,adv_situational,EPA_success_pass,passing_receiving,HISTORICAL_AGGREGATE_ONLY,PIT_HISTORICAL_AGGREGATION_INPUT,PURE_AND_MARKET_ELIGIBLE,LAGGED_LAST;ROLLING_MEAN_COUNT;EWMA;LINEAR_TREND;RATE_PER_OPPORTUNITY;OPPONENT_ADJUSTED_RESIDUAL;MATCHUP_DIFFERENCE,EXPERIMENTAL,false,TARGET_SPECIFIC_EVALUATION_REQUIRED,W10 candidate seed only; no predictive usefulness or promotion is claimed.
FC-000539,RF-000640,SRC-001,SportsDataverse,adv_situational,EPA_success_pass_rate,passing_receiving,HISTORICAL_AGGREGATE_ONLY,PIT_HISTORICAL_AGGREGATION_INPUT,PURE_AND_MARKET_ELIGIBLE,LAGGED_LAST;ROLLING_MEAN_COUNT;EWMA;LINEAR_TREND;RATE_PER_OPPORTUNITY;OPPONENT_ADJUSTED_RESIDUAL;MATCHUP_DIFFERENCE,EXPERIMENTAL,false,TARGET_SPECIFIC_EVALUATION_REQUIRED,W10 candidate seed only; no predictive usefulness or promotion is claimed.
FC-000540,RF-000641,SRC-001,SportsDataverse,adv_situational,EPA_success_rush,rushing,HISTORICAL_AGGREGATE_ONLY,PIT_HISTORICAL_AGGREGATION_INPUT,PURE_AND_MARKET_ELIGIBLE,LAGGED_LAST;ROLLING_MEAN_COUNT;EWMA;LINEAR_TREND;RATE_PER_OPPORTUNITY;OPPONENT_ADJUSTED_RESIDUAL;MATCHUP_DIFFERENCE,EXPERIMENTAL,false,TARGET_SPECIFIC_EVALUATION_REQUIRED,W10 candidate seed only; no predictive usefulness or promotion is claimed.
FC-000541,RF-000642,SRC-001,SportsDataverse,adv_situational,EPA_success_rush_rate,rushing,HISTORICAL_AGGREGATE_ONLY,PIT_HISTORICAL_AGGREGATION_INPUT,PURE_AND_MARKET_ELIGIBLE,LAGGED_LAST;ROLLING_MEAN_COUNT;EWMA;LINEAR_TREND;RATE_PER_OPPORTUNITY;OPPONENT_ADJUSTED_RESIDUAL;MATCHUP_DIFFERENCE,EXPERIMENTAL,false,TARGET_SPECIFIC_EVALUATION_REQUIRED,W10 candidate seed only; no predictive usefulness or promotion is claimed.
FC-000542,RF-000643,SRC-001,SportsDataverse,adv_situational,EPA_success_rz,advanced_efficiency_probability,HISTORICAL_AGGREGATE_ONLY,PIT_HISTORICAL_AGGREGATION_INPUT,PURE_AND_MARKET_ELIGIBLE,LAGGED_LAST;ROLLING_MEAN_COUNT;EWMA;LINEAR_TREND;RATE_PER_OPPORTUNITY;OPPONENT_ADJUSTED_RESIDUAL;MATCHUP_DIFFERENCE,EXPERIMENTAL,false,TARGET_SPECIFIC_EVALUATION_REQUIRED,W10 candidate seed only; no predictive usefulness or promotion is claimed.
FC-000543,RF-000644,SRC-001,SportsDataverse,adv_situational,EPA_success_rate_rz,advanced_efficiency_probability,HISTORICAL_AGGREGATE_ONLY,PIT_HISTORICAL_AGGREGATION_INPUT,PURE_AND_MARKET_ELIGIBLE,LAGGED_LAST;ROLLING_MEAN_COUNT;EWMA;LINEAR_TREND;RATE_PER_OPPORTUNITY;OPPONENT_ADJUSTED_RESIDUAL;MATCHUP_DIFFERENCE,EXPERIMENTAL,false,TARGET_SPECIFIC_EVALUATION_REQUIRED,W10 candidate seed only; no predictive usefulness or promotion is claimed.
FC-000544,RF-000645,SRC-001,SportsDataverse,adv_situational,EPA_success_third,advanced_efficiency_probability,HISTORICAL_AGGREGATE_ONLY,PIT_HISTORICAL_AGGREGATION_INPUT,PURE_AND_MARKET_ELIGIBLE,LAGGED_LAST;ROLLING_MEAN_COUNT;EWMA;LINEAR_TREND;RATE_PER_OPPORTUNITY;OPPONENT_ADJUSTED_RESIDUAL;MATCHUP_DIFFERENCE,EXPERIMENTAL,false,TARGET_SPECIFIC_EVALUATION_REQUIRED,W10 candidate seed only; no predictive usefulness or promotion is claimed.
FC-000545,RF-000646,SRC-001,SportsDataverse,adv_situational,EPA_success_rate_third,advanced_efficiency_probability,HISTORICAL_AGGREGATE_ONLY,PIT_HISTORICAL_AGGREGATION_INPUT,PURE_AND_MARKET_ELIGIBLE,LAGGED_LAST;ROLLING_MEAN_COUNT;EWMA;LINEAR_TREND;RATE_PER_OPPORTUNITY;OPPONENT_ADJUSTED_RESIDUAL;MATCHUP_DIFFERENCE,EXPERIMENTAL,false,TARGET_SPECIFIC_EVALUATION_REQUIRED,W10 candidate seed only; no predictive usefulness or promotion is claimed.
FC-000546,RF-000647,SRC-001,SportsDataverse,adv_situational,EPA_success_early_down,advanced_efficiency_probability,HISTORICAL_AGGREGATE_ONLY,PIT_HISTORICAL_AGGREGATION_INPUT,PURE_AND_MARKET_ELIGIBLE,LAGGED_LAST;ROLLING_MEAN_COUNT;EWMA;LINEAR_TREND;RATE_PER_OPPORTUNITY;OPPONENT_ADJUSTED_RESIDUAL;MATCHUP_DIFFERENCE,EXPERIMENTAL,false,TARGET_SPECIFIC_EVALUATION_REQUIRED,W10 candidate seed only; no predictive usefulness or promotion is claimed.
FC-000547,RF-000648,SRC-001,SportsDataverse,adv_situational,EPA_success_early_down_rate,advanced_efficiency_probability,HISTORICAL_AGGREGATE_ONLY,PIT_HISTORICAL_AGGREGATION_INPUT,PURE_AND_MARKET_ELIGIBLE,LAGGED_LAST;ROLLING_MEAN_COUNT;EWMA;LINEAR_TREND;RATE_PER_OPPORTUNITY;OPPONENT_ADJUSTED_RESIDUAL;MATCHUP_DIFFERENCE,EXPERIMENTAL,false,TARGET_SPECIFIC_EVALUATION_REQUIRED,W10 candidate seed only; no predictive usefulness or promotion is claimed.
FC-000548,RF-000649,SRC-001,SportsDataverse,adv_situational,early_downs,situational_field_position,HISTORICAL_AGGREGATE_ONLY,PIT_HISTORICAL_AGGREGATION_INPUT,PURE_AND_MARKET_ELIGIBLE,LAGGED_LAST;ROLLING_MEAN_COUNT;EWMA;LINEAR_TREND;RATE_PER_OPPORTUNITY;OPPONENT_ADJUSTED_RESIDUAL;MATCHUP_DIFFERENCE,EXPERIMENTAL,false,TARGET_SPECIFIC_EVALUATION_REQUIRED,W10 candidate seed only; no predictive usefulness or promotion is claimed.
FC-000549,RF-000650,SRC-001,SportsDataverse,adv_situational,early_down_pass_rate,passing_receiving,HISTORICAL_AGGREGATE_ONLY,PIT_HISTORICAL_AGGREGATION_INPUT,PURE_AND_MARKET_ELIGIBLE,LAGGED_LAST;ROLLING_MEAN_COUNT;EWMA;LINEAR_TREND;RATE_PER_OPPORTUNITY;OPPONENT_ADJUSTED_RESIDUAL;MATCHUP_DIFFERENCE,EXPERIMENTAL,false,TARGET_SPECIFIC_EVALUATION_REQUIRED,W10 candidate seed only; no predictive usefulness or promotion is claimed.
FC-000550,RF-000651,SRC-001,SportsDataverse,adv_situational,early_down_rush_rate,rushing,HISTORICAL_AGGREGATE_ONLY,PIT_HISTORICAL_AGGREGATION_INPUT,PURE_AND_MARKET_ELIGIBLE,LAGGED_LAST;ROLLING_MEAN_COUNT;EWMA;LINEAR_TREND;RATE_PER_OPPORTUNITY;OPPONENT_ADJUSTED_RESIDUAL;MATCHUP_DIFFERENCE,EXPERIMENTAL,false,TARGET_SPECIFIC_EVALUATION_REQUIRED,W10 candidate seed only; no predictive usefulness or promotion is claimed.
FC-000551,RF-000652,SRC-001,SportsDataverse,adv_situational,EPA_early_down,advanced_efficiency_probability,HISTORICAL_AGGREGATE_ONLY,PIT_HISTORICAL_AGGREGATION_INPUT,PURE_AND_MARKET_ELIGIBLE,LAGGED_LAST;ROLLING_MEAN_COUNT;EWMA;LINEAR_TREND;RATE_PER_OPPORTUNITY;OPPONENT_ADJUSTED_RESIDUAL;MATCHUP_DIFFERENCE,EXPERIMENTAL,false,TARGET_SPECIFIC_EVALUATION_REQUIRED,W10 candidate seed only; no predictive usefulness or promotion is claimed.
FC-000552,RF-000653,SRC-001,SportsDataverse,adv_situational,EPA_early_down_per_play,advanced_efficiency_probability,HISTORICAL_AGGREGATE_ONLY,PIT_HISTORICAL_AGGREGATION_INPUT,PURE_AND_MARKET_ELIGIBLE,LAGGED_LAST;ROLLING_MEAN_COUNT;EWMA;LINEAR_TREND;RATE_PER_OPPORTUNITY;OPPONENT_ADJUSTED_RESIDUAL;MATCHUP_DIFFERENCE,EXPERIMENTAL,false,TARGET_SPECIFIC_EVALUATION_REQUIRED,W10 candidate seed only; no predictive usefulness or promotion is claimed.
FC-000553,RF-000654,SRC-001,SportsDataverse,adv_situational,early_down_first_down,situational_field_position,HISTORICAL_AGGREGATE_ONLY,PIT_HISTORICAL_AGGREGATION_INPUT,PURE_AND_MARKET_ELIGIBLE,LAGGED_LAST;ROLLING_MEAN_COUNT;EWMA;LINEAR_TREND;RATE_PER_OPPORTUNITY;OPPONENT_ADJUSTED_RESIDUAL;MATCHUP_DIFFERENCE,EXPERIMENTAL,false,TARGET_SPECIFIC_EVALUATION_REQUIRED,W10 candidate seed only; no predictive usefulness or promotion is claimed.
FC-000554,RF-000655,SRC-001,SportsDataverse,adv_situational,early_down_first_down_rate,situational_field_position,HISTORICAL_AGGREGATE_ONLY,PIT_HISTORICAL_AGGREGATION_INPUT,PURE_AND_MARKET_ELIGIBLE,LAGGED_LAST;ROLLING_MEAN_COUNT;EWMA;LINEAR_TREND;RATE_PER_OPPORTUNITY;OPPONENT_ADJUSTED_RESIDUAL;MATCHUP_DIFFERENCE,EXPERIMENTAL,false,TARGET_SPECIFIC_EVALUATION_REQUIRED,W10 candidate seed only; no predictive usefulness or promotion is claimed.
FC-000555,RF-000656,SRC-001,SportsDataverse,adv_situational,early_down_pass,passing_receiving,HISTORICAL_AGGREGATE_ONLY,PIT_HISTORICAL_AGGREGATION_INPUT,PURE_AND_MARKET_ELIGIBLE,LAGGED_LAST;ROLLING_MEAN_COUNT;EWMA;LINEAR_TREND;RATE_PER_OPPORTUNITY;OPPONENT_ADJUSTED_RESIDUAL;MATCHUP_DIFFERENCE,EXPERIMENTAL,false,TARGET_SPECIFIC_EVALUATION_REQUIRED,W10 candidate seed only; no predictive usefulness or promotion is claimed.
FC-000556,RF-000657,SRC-001,SportsDataverse,adv_situational,EPA_early_down_pass,passing_receiving,HISTORICAL_AGGREGATE_ONLY,PIT_HISTORICAL_AGGREGATION_INPUT,PURE_AND_MARKET_ELIGIBLE,LAGGED_LAST;ROLLING_MEAN_COUNT;EWMA;LINEAR_TREND;RATE_PER_OPPORTUNITY;OPPONENT_ADJUSTED_RESIDUAL;MATCHUP_DIFFERENCE,EXPERIMENTAL,false,TARGET_SPECIFIC_EVALUATION_REQUIRED,W10 candidate seed only; no predictive usefulness or promotion is claimed.
FC-000557,RF-000658,SRC-001,SportsDataverse,adv_situational,EPA_early_down_pass_per_play,passing_receiving,HISTORICAL_AGGREGATE_ONLY,PIT_HISTORICAL_AGGREGATION_INPUT,PURE_AND_MARKET_ELIGIBLE,LAGGED_LAST;ROLLING_MEAN_COUNT;EWMA;LINEAR_TREND;RATE_PER_OPPORTUNITY;OPPONENT_ADJUSTED_RESIDUAL;MATCHUP_DIFFERENCE,EXPERIMENTAL,false,TARGET_SPECIFIC_EVALUATION_REQUIRED,W10 candidate seed only; no predictive usefulness or promotion is claimed.
FC-000558,RF-000659,SRC-001,SportsDataverse,adv_situational,EPA_success_early_down_pass,passing_receiving,HISTORICAL_AGGREGATE_ONLY,PIT_HISTORICAL_AGGREGATION_INPUT,PURE_AND_MARKET_ELIGIBLE,LAGGED_LAST;ROLLING_MEAN_COUNT;EWMA;LINEAR_TREND;RATE_PER_OPPORTUNITY;OPPONENT_ADJUSTED_RESIDUAL;MATCHUP_DIFFERENCE,EXPERIMENTAL,false,TARGET_SPECIFIC_EVALUATION_REQUIRED,W10 candidate seed only; no predictive usefulness or promotion is claimed.
FC-000559,RF-000660,SRC-001,SportsDataverse,adv_situational,EPA_success_early_down_pass_rate,passing_receiving,HISTORICAL_AGGREGATE_ONLY,PIT_HISTORICAL_AGGREGATION_INPUT,PURE_AND_MARKET_ELIGIBLE,LAGGED_LAST;ROLLING_MEAN_COUNT;EWMA;LINEAR_TREND;RATE_PER_OPPORTUNITY;OPPONENT_ADJUSTED_RESIDUAL;MATCHUP_DIFFERENCE,EXPERIMENTAL,false,TARGET_SPECIFIC_EVALUATION_REQUIRED,W10 candidate seed only; no predictive usefulness or promotion is claimed.
FC-000560,RF-000661,SRC-001,SportsDataverse,adv_situational,early_down_rush,rushing,HISTORICAL_AGGREGATE_ONLY,PIT_HISTORICAL_AGGREGATION_INPUT,PURE_AND_MARKET_ELIGIBLE,LAGGED_LAST;ROLLING_MEAN_COUNT;EWMA;LINEAR_TREND;RATE_PER_OPPORTUNITY;OPPONENT_ADJUSTED_RESIDUAL;MATCHUP_DIFFERENCE,EXPERIMENTAL,false,TARGET_SPECIFIC_EVALUATION_REQUIRED,W10 candidate seed only; no predictive usefulness or promotion is claimed.
FC-000561,RF-000662,SRC-001,SportsDataverse,adv_situational,EPA_early_down_rush,rushing,HISTORICAL_AGGREGATE_ONLY,PIT_HISTORICAL_AGGREGATION_INPUT,PURE_AND_MARKET_ELIGIBLE,LAGGED_LAST;ROLLING_MEAN_COUNT;EWMA;LINEAR_TREND;RATE_PER_OPPORTUNITY;OPPONENT_ADJUSTED_RESIDUAL;MATCHUP_DIFFERENCE,EXPERIMENTAL,false,TARGET_SPECIFIC_EVALUATION_REQUIRED,W10 candidate seed only; no predictive usefulness or promotion is claimed.
FC-000562,RF-000663,SRC-001,SportsDataverse,adv_situational,EPA_early_down_rush_per_play,rushing,HISTORICAL_AGGREGATE_ONLY,PIT_HISTORICAL_AGGREGATION_INPUT,PURE_AND_MARKET_ELIGIBLE,LAGGED_LAST;ROLLING_MEAN_COUNT;EWMA;LINEAR_TREND;RATE_PER_OPPORTUNITY;OPPONENT_ADJUSTED_RESIDUAL;MATCHUP_DIFFERENCE,EXPERIMENTAL,false,TARGET_SPECIFIC_EVALUATION_REQUIRED,W10 candidate seed only; no predictive usefulness or promotion is claimed.
FC-000563,RF-000664,SRC-001,SportsDataverse,adv_situational,EPA_success_early_down_rush,rushing,HISTORICAL_AGGREGATE_ONLY,PIT_HISTORICAL_AGGREGATION_INPUT,PURE_AND_MARKET_ELIGIBLE,LAGGED_LAST;ROLLING_MEAN_COUNT;EWMA;LINEAR_TREND;RATE_PER_OPPORTUNITY;OPPONENT_ADJUSTED_RESIDUAL;MATCHUP_DIFFERENCE,EXPERIMENTAL,false,TARGET_SPECIFIC_EVALUATION_REQUIRED,W10 candidate seed only; no predictive usefulness or promotion is claimed.
FC-000564,RF-000665,SRC-001,SportsDataverse,adv_situational,EPA_success_early_down_rush_rate,rushing,HISTORICAL_AGGREGATE_ONLY,PIT_HISTORICAL_AGGREGATION_INPUT,PURE_AND_MARKET_ELIGIBLE,LAGGED_LAST;ROLLING_MEAN_COUNT;EWMA;LINEAR_TREND;RATE_PER_OPPORTUNITY;OPPONENT_ADJUSTED_RESIDUAL;MATCHUP_DIFFERENCE,EXPERIMENTAL,false,TARGET_SPECIFIC_EVALUATION_REQUIRED,W10 candidate seed only; no predictive usefulness or promotion is claimed.
FC-000565,RF-000666,SRC-001,SportsDataverse,adv_situational,middle_8,other,HISTORICAL_AGGREGATE_ONLY,PIT_HISTORICAL_AGGREGATION_INPUT,PURE_AND_MARKET_ELIGIBLE,LAGGED_LAST;ROLLING_MEAN_COUNT;EWMA;LINEAR_TREND,EXPERIMENTAL,false,TARGET_SPECIFIC_EVALUATION_REQUIRED,W10 candidate seed only; no predictive usefulness or promotion is claimed.
FC-000566,RF-000667,SRC-001,SportsDataverse,adv_situational,middle_8_pass_rate,passing_receiving,HISTORICAL_AGGREGATE_ONLY,PIT_HISTORICAL_AGGREGATION_INPUT,PURE_AND_MARKET_ELIGIBLE,LAGGED_LAST;ROLLING_MEAN_COUNT;EWMA;LINEAR_TREND;RATE_PER_OPPORTUNITY;OPPONENT_ADJUSTED_RESIDUAL;MATCHUP_DIFFERENCE,EXPERIMENTAL,false,TARGET_SPECIFIC_EVALUATION_REQUIRED,W10 candidate seed only; no predictive usefulness or promotion is claimed.
FC-000567,RF-000668,SRC-001,SportsDataverse,adv_situational,middle_8_rush_rate,rushing,HISTORICAL_AGGREGATE_ONLY,PIT_HISTORICAL_AGGREGATION_INPUT,PURE_AND_MARKET_ELIGIBLE,LAGGED_LAST;ROLLING_MEAN_COUNT;EWMA;LINEAR_TREND;RATE_PER_OPPORTUNITY;OPPONENT_ADJUSTED_RESIDUAL;MATCHUP_DIFFERENCE,EXPERIMENTAL,false,TARGET_SPECIFIC_EVALUATION_REQUIRED,W10 candidate seed only; no predictive usefulness or promotion is claimed.
FC-000568,RF-000669,SRC-001,SportsDataverse,adv_situational,EPA_middle_8,advanced_efficiency_probability,HISTORICAL_AGGREGATE_ONLY,PIT_HISTORICAL_AGGREGATION_INPUT,PURE_AND_MARKET_ELIGIBLE,LAGGED_LAST;ROLLING_MEAN_COUNT;EWMA;LINEAR_TREND;RATE_PER_OPPORTUNITY;OPPONENT_ADJUSTED_RESIDUAL;MATCHUP_DIFFERENCE,EXPERIMENTAL,false,TARGET_SPECIFIC_EVALUATION_REQUIRED,W10 candidate seed only; no predictive usefulness or promotion is claimed.
FC-000569,RF-000670,SRC-001,SportsDataverse,adv_situational,EPA_middle_8_per_play,advanced_efficiency_probability,HISTORICAL_AGGREGATE_ONLY,PIT_HISTORICAL_AGGREGATION_INPUT,PURE_AND_MARKET_ELIGIBLE,LAGGED_LAST;ROLLING_MEAN_COUNT;EWMA;LINEAR_TREND;RATE_PER_OPPORTUNITY;OPPONENT_ADJUSTED_RESIDUAL;MATCHUP_DIFFERENCE,EXPERIMENTAL,false,TARGET_SPECIFIC_EVALUATION_REQUIRED,W10 candidate seed only; no predictive usefulness or promotion is claimed.
FC-000570,RF-000671,SRC-001,SportsDataverse,adv_situational,EPA_middle_8_success,advanced_efficiency_probability,HISTORICAL_AGGREGATE_ONLY,PIT_HISTORICAL_AGGREGATION_INPUT,PURE_AND_MARKET_ELIGIBLE,LAGGED_LAST;ROLLING_MEAN_COUNT;EWMA;LINEAR_TREND;RATE_PER_OPPORTUNITY;OPPONENT_ADJUSTED_RESIDUAL;MATCHUP_DIFFERENCE,EXPERIMENTAL,false,TARGET_SPECIFIC_EVALUATION_REQUIRED,W10 candidate seed only; no predictive usefulness or promotion is claimed.
FC-000571,RF-000672,SRC-001,SportsDataverse,adv_situational,EPA_middle_8_success_rate,advanced_efficiency_probability,HISTORICAL_AGGREGATE_ONLY,PIT_HISTORICAL_AGGREGATION_INPUT,PURE_AND_MARKET_ELIGIBLE,LAGGED_LAST;ROLLING_MEAN_COUNT;EWMA;LINEAR_TREND;RATE_PER_OPPORTUNITY;OPPONENT_ADJUSTED_RESIDUAL;MATCHUP_DIFFERENCE,EXPERIMENTAL,false,TARGET_SPECIFIC_EVALUATION_REQUIRED,W10 candidate seed only; no predictive usefulness or promotion is claimed.
FC-000572,RF-000673,SRC-001,SportsDataverse,adv_situational,middle_8_pass,passing_receiving,HISTORICAL_AGGREGATE_ONLY,PIT_HISTORICAL_AGGREGATION_INPUT,PURE_AND_MARKET_ELIGIBLE,LAGGED_LAST;ROLLING_MEAN_COUNT;EWMA;LINEAR_TREND;RATE_PER_OPPORTUNITY;OPPONENT_ADJUSTED_RESIDUAL;MATCHUP_DIFFERENCE,EXPERIMENTAL,false,TARGET_SPECIFIC_EVALUATION_REQUIRED,W10 candidate seed only; no predictive usefulness or promotion is claimed.
FC-000573,RF-000674,SRC-001,SportsDataverse,adv_situational,EPA_middle_8_pass,passing_receiving,HISTORICAL_AGGREGATE_ONLY,PIT_HISTORICAL_AGGREGATION_INPUT,PURE_AND_MARKET_ELIGIBLE,LAGGED_LAST;ROLLING_MEAN_COUNT;EWMA;LINEAR_TREND;RATE_PER_OPPORTUNITY;OPPONENT_ADJUSTED_RESIDUAL;MATCHUP_DIFFERENCE,EXPERIMENTAL,false,TARGET_SPECIFIC_EVALUATION_REQUIRED,W10 candidate seed only; no predictive usefulness or promotion is claimed.
FC-000574,RF-000675,SRC-001,SportsDataverse,adv_situational,EPA_middle_8_pass_per_play,passing_receiving,HISTORICAL_AGGREGATE_ONLY,PIT_HISTORICAL_AGGREGATION_INPUT,PURE_AND_MARKET_ELIGIBLE,LAGGED_LAST;ROLLING_MEAN_COUNT;EWMA;LINEAR_TREND;RATE_PER_OPPORTUNITY;OPPONENT_ADJUSTED_RESIDUAL;MATCHUP_DIFFERENCE,EXPERIMENTAL,false,TARGET_SPECIFIC_EVALUATION_REQUIRED,W10 candidate seed only; no predictive usefulness or promotion is claimed.
FC-000575,RF-000676,SRC-001,SportsDataverse,adv_situational,EPA_middle_8_success_pass,passing_receiving,HISTORICAL_AGGREGATE_ONLY,PIT_HISTORICAL_AGGREGATION_INPUT,PURE_AND_MARKET_ELIGIBLE,LAGGED_LAST;ROLLING_MEAN_COUNT;EWMA;LINEAR_TREND;RATE_PER_OPPORTUNITY;OPPONENT_ADJUSTED_RESIDUAL;MATCHUP_DIFFERENCE,EXPERIMENTAL,false,TARGET_SPECIFIC_EVALUATION_REQUIRED,W10 candidate seed only; no predictive usefulness or promotion is claimed.
FC-000576,RF-000677,SRC-001,SportsDataverse,adv_situational,EPA_middle_8_success_pass_rate,passing_receiving,HISTORICAL_AGGREGATE_ONLY,PIT_HISTORICAL_AGGREGATION_INPUT,PURE_AND_MARKET_ELIGIBLE,LAGGED_LAST;ROLLING_MEAN_COUNT;EWMA;LINEAR_TREND;RATE_PER_OPPORTUNITY;OPPONENT_ADJUSTED_RESIDUAL;MATCHUP_DIFFERENCE,EXPERIMENTAL,false,TARGET_SPECIFIC_EVALUATION_REQUIRED,W10 candidate seed only; no predictive usefulness or promotion is claimed.
FC-000577,RF-000678,SRC-001,SportsDataverse,adv_situational,middle_8_rush,rushing,HISTORICAL_AGGREGATE_ONLY,PIT_HISTORICAL_AGGREGATION_INPUT,PURE_AND_MARKET_ELIGIBLE,LAGGED_LAST;ROLLING_MEAN_COUNT;EWMA;LINEAR_TREND;RATE_PER_OPPORTUNITY;OPPONENT_ADJUSTED_RESIDUAL;MATCHUP_DIFFERENCE,EXPERIMENTAL,false,TARGET_SPECIFIC_EVALUATION_REQUIRED,W10 candidate seed only; no predictive usefulness or promotion is claimed.
FC-000578,RF-000679,SRC-001,SportsDataverse,adv_situational,EPA_middle_8_rush,rushing,HISTORICAL_AGGREGATE_ONLY,PIT_HISTORICAL_AGGREGATION_INPUT,PURE_AND_MARKET_ELIGIBLE,LAGGED_LAST;ROLLING_MEAN_COUNT;EWMA;LINEAR_TREND;RATE_PER_OPPORTUNITY;OPPONENT_ADJUSTED_RESIDUAL;MATCHUP_DIFFERENCE,EXPERIMENTAL,false,TARGET_SPECIFIC_EVALUATION_REQUIRED,W10 candidate seed only; no predictive usefulness or promotion is claimed.
FC-000579,RF-000680,SRC-001,SportsDataverse,adv_situational,EPA_middle_8_rush_per_play,rushing,HISTORICAL_AGGREGATE_ONLY,PIT_HISTORICAL_AGGREGATION_INPUT,PURE_AND_MARKET_ELIGIBLE,LAGGED_LAST;ROLLING_MEAN_COUNT;EWMA;LINEAR_TREND;RATE_PER_OPPORTUNITY;OPPONENT_ADJUSTED_RESIDUAL;MATCHUP_DIFFERENCE,EXPERIMENTAL,false,TARGET_SPECIFIC_EVALUATION_REQUIRED,W10 candidate seed only; no predictive usefulness or promotion is claimed.
FC-000580,RF-000681,SRC-001,SportsDataverse,adv_situational,EPA_middle_8_success_rush,rushing,HISTORICAL_AGGREGATE_ONLY,PIT_HISTORICAL_AGGREGATION_INPUT,PURE_AND_MARKET_ELIGIBLE,LAGGED_LAST;ROLLING_MEAN_COUNT;EWMA;LINEAR_TREND;RATE_PER_OPPORTUNITY;OPPONENT_ADJUSTED_RESIDUAL;MATCHUP_DIFFERENCE,EXPERIMENTAL,false,TARGET_SPECIFIC_EVALUATION_REQUIRED,W10 candidate seed only; no predictive usefulness or promotion is claimed.
FC-000581,RF-000682,SRC-001,SportsDataverse,adv_situational,EPA_middle_8_success_rush_rate,rushing,HISTORICAL_AGGREGATE_ONLY,PIT_HISTORICAL_AGGREGATION_INPUT,PURE_AND_MARKET_ELIGIBLE,LAGGED_LAST;ROLLING_MEAN_COUNT;EWMA;LINEAR_TREND;RATE_PER_OPPORTUNITY;OPPONENT_ADJUSTED_RESIDUAL;MATCHUP_DIFFERENCE,EXPERIMENTAL,false,TARGET_SPECIFIC_EVALUATION_REQUIRED,W10 candidate seed only; no predictive usefulness or promotion is claimed.
FC-000582,RF-000683,SRC-001,SportsDataverse,adv_situational,EPA_success_late_down,advanced_efficiency_probability,HISTORICAL_AGGREGATE_ONLY,PIT_HISTORICAL_AGGREGATION_INPUT,PURE_AND_MARKET_ELIGIBLE,LAGGED_LAST;ROLLING_MEAN_COUNT;EWMA;LINEAR_TREND;RATE_PER_OPPORTUNITY;OPPONENT_ADJUSTED_RESIDUAL;MATCHUP_DIFFERENCE,EXPERIMENTAL,false,TARGET_SPECIFIC_EVALUATION_REQUIRED,W10 candidate seed only; no predictive usefulness or promotion is claimed.
FC-000583,RF-000684,SRC-001,SportsDataverse,adv_situational,EPA_success_late_down_pass,passing_receiving,HISTORICAL_AGGREGATE_ONLY,PIT_HISTORICAL_AGGREGATION_INPUT,PURE_AND_MARKET_ELIGIBLE,LAGGED_LAST;ROLLING_MEAN_COUNT;EWMA;LINEAR_TREND;RATE_PER_OPPORTUNITY;OPPONENT_ADJUSTED_RESIDUAL;MATCHUP_DIFFERENCE,EXPERIMENTAL,false,TARGET_SPECIFIC_EVALUATION_REQUIRED,W10 candidate seed only; no predictive usefulness or promotion is claimed.
FC-000584,RF-000685,SRC-001,SportsDataverse,adv_situational,EPA_success_late_down_rush,rushing,HISTORICAL_AGGREGATE_ONLY,PIT_HISTORICAL_AGGREGATION_INPUT,PURE_AND_MARKET_ELIGIBLE,LAGGED_LAST;ROLLING_MEAN_COUNT;EWMA;LINEAR_TREND;RATE_PER_OPPORTUNITY;OPPONENT_ADJUSTED_RESIDUAL;MATCHUP_DIFFERENCE,EXPERIMENTAL,false,TARGET_SPECIFIC_EVALUATION_REQUIRED,W10 candidate seed only; no predictive usefulness or promotion is claimed.
FC-000585,RF-000686,SRC-001,SportsDataverse,adv_situational,late_downs,situational_field_position,HISTORICAL_AGGREGATE_ONLY,PIT_HISTORICAL_AGGREGATION_INPUT,PURE_AND_MARKET_ELIGIBLE,LAGGED_LAST;ROLLING_MEAN_COUNT;EWMA;LINEAR_TREND;RATE_PER_OPPORTUNITY;OPPONENT_ADJUSTED_RESIDUAL;MATCHUP_DIFFERENCE,EXPERIMENTAL,false,TARGET_SPECIFIC_EVALUATION_REQUIRED,W10 candidate seed only; no predictive usefulness or promotion is claimed.
FC-000586,RF-000687,SRC-001,SportsDataverse,adv_situational,late_down_pass,passing_receiving,HISTORICAL_AGGREGATE_ONLY,PIT_HISTORICAL_AGGREGATION_INPUT,PURE_AND_MARKET_ELIGIBLE,LAGGED_LAST;ROLLING_MEAN_COUNT;EWMA;LINEAR_TREND;RATE_PER_OPPORTUNITY;OPPONENT_ADJUSTED_RESIDUAL;MATCHUP_DIFFERENCE,EXPERIMENTAL,false,TARGET_SPECIFIC_EVALUATION_REQUIRED,W10 candidate seed only; no predictive usefulness or promotion is claimed.
FC-000587,RF-000688,SRC-001,SportsDataverse,adv_situational,late_down_rush,rushing,HISTORICAL_AGGREGATE_ONLY,PIT_HISTORICAL_AGGREGATION_INPUT,PURE_AND_MARKET_ELIGIBLE,LAGGED_LAST;ROLLING_MEAN_COUNT;EWMA;LINEAR_TREND;RATE_PER_OPPORTUNITY;OPPONENT_ADJUSTED_RESIDUAL;MATCHUP_DIFFERENCE,EXPERIMENTAL,false,TARGET_SPECIFIC_EVALUATION_REQUIRED,W10 candidate seed only; no predictive usefulness or promotion is claimed.
FC-000588,RF-000689,SRC-001,SportsDataverse,adv_situational,EPA_late_down,advanced_efficiency_probability,HISTORICAL_AGGREGATE_ONLY,PIT_HISTORICAL_AGGREGATION_INPUT,PURE_AND_MARKET_ELIGIBLE,LAGGED_LAST;ROLLING_MEAN_COUNT;EWMA;LINEAR_TREND;RATE_PER_OPPORTUNITY;OPPONENT_ADJUSTED_RESIDUAL;MATCHUP_DIFFERENCE,EXPERIMENTAL,false,TARGET_SPECIFIC_EVALUATION_REQUIRED,W10 candidate seed only; no predictive usefulness or promotion is claimed.
FC-000589,RF-000690,SRC-001,SportsDataverse,adv_situational,EPA_late_down_per_play,advanced_efficiency_probability,HISTORICAL_AGGREGATE_ONLY,PIT_HISTORICAL_AGGREGATION_INPUT,PURE_AND_MARKET_ELIGIBLE,LAGGED_LAST;ROLLING_MEAN_COUNT;EWMA;LINEAR_TREND;RATE_PER_OPPORTUNITY;OPPONENT_ADJUSTED_RESIDUAL;MATCHUP_DIFFERENCE,EXPERIMENTAL,false,TARGET_SPECIFIC_EVALUATION_REQUIRED,W10 candidate seed only; no predictive usefulness or promotion is claimed.
FC-000590,RF-000691,SRC-001,SportsDataverse,adv_situational,EPA_success_late_down_rate,advanced_efficiency_probability,HISTORICAL_AGGREGATE_ONLY,PIT_HISTORICAL_AGGREGATION_INPUT,PURE_AND_MARKET_ELIGIBLE,LAGGED_LAST;ROLLING_MEAN_COUNT;EWMA;LINEAR_TREND;RATE_PER_OPPORTUNITY;OPPONENT_ADJUSTED_RESIDUAL;MATCHUP_DIFFERENCE,EXPERIMENTAL,false,TARGET_SPECIFIC_EVALUATION_REQUIRED,W10 candidate seed only; no predictive usefulness or promotion is claimed.
FC-000591,RF-000692,SRC-001,SportsDataverse,adv_situational,EPA_success_late_down_pass_rate,passing_receiving,HISTORICAL_AGGREGATE_ONLY,PIT_HISTORICAL_AGGREGATION_INPUT,PURE_AND_MARKET_ELIGIBLE,LAGGED_LAST;ROLLING_MEAN_COUNT;EWMA;LINEAR_TREND;RATE_PER_OPPORTUNITY;OPPONENT_ADJUSTED_RESIDUAL;MATCHUP_DIFFERENCE,EXPERIMENTAL,false,TARGET_SPECIFIC_EVALUATION_REQUIRED,W10 candidate seed only; no predictive usefulness or promotion is claimed.
FC-000592,RF-000693,SRC-001,SportsDataverse,adv_situational,EPA_success_late_down_rush_rate,rushing,HISTORICAL_AGGREGATE_ONLY,PIT_HISTORICAL_AGGREGATION_INPUT,PURE_AND_MARKET_ELIGIBLE,LAGGED_LAST;ROLLING_MEAN_COUNT;EWMA;LINEAR_TREND;RATE_PER_OPPORTUNITY;OPPONENT_ADJUSTED_RESIDUAL;MATCHUP_DIFFERENCE,EXPERIMENTAL,false,TARGET_SPECIFIC_EVALUATION_REQUIRED,W10 candidate seed only; no predictive usefulness or promotion is claimed.
FC-000593,RF-000694,SRC-001,SportsDataverse,adv_situational,late_down_pass_rate,passing_receiving,HISTORICAL_AGGREGATE_ONLY,PIT_HISTORICAL_AGGREGATION_INPUT,PURE_AND_MARKET_ELIGIBLE,LAGGED_LAST;ROLLING_MEAN_COUNT;EWMA;LINEAR_TREND;RATE_PER_OPPORTUNITY;OPPONENT_ADJUSTED_RESIDUAL;MATCHUP_DIFFERENCE,EXPERIMENTAL,false,TARGET_SPECIFIC_EVALUATION_REQUIRED,W10 candidate seed only; no predictive usefulness or promotion is claimed.
FC-000594,RF-000695,SRC-001,SportsDataverse,adv_situational,late_down_rush_rate,rushing,HISTORICAL_AGGREGATE_ONLY,PIT_HISTORICAL_AGGREGATION_INPUT,PURE_AND_MARKET_ELIGIBLE,LAGGED_LAST;ROLLING_MEAN_COUNT;EWMA;LINEAR_TREND;RATE_PER_OPPORTUNITY;OPPONENT_ADJUSTED_RESIDUAL;MATCHUP_DIFFERENCE,EXPERIMENTAL,false,TARGET_SPECIFIC_EVALUATION_REQUIRED,W10 candidate seed only; no predictive usefulness or promotion is claimed.
FC-000595,RF-000696,SRC-001,SportsDataverse,adv_situational,EPA_success_standard_down,advanced_efficiency_probability,HISTORICAL_AGGREGATE_ONLY,PIT_HISTORICAL_AGGREGATION_INPUT,PURE_AND_MARKET_ELIGIBLE,LAGGED_LAST;ROLLING_MEAN_COUNT;EWMA;LINEAR_TREND;RATE_PER_OPPORTUNITY;OPPONENT_ADJUSTED_RESIDUAL;MATCHUP_DIFFERENCE,EXPERIMENTAL,false,TARGET_SPECIFIC_EVALUATION_REQUIRED,W10 candidate seed only; no predictive usefulness or promotion is claimed.
FC-000596,RF-000697,SRC-001,SportsDataverse,adv_situational,EPA_success_standard_down_rate,advanced_efficiency_probability,HISTORICAL_AGGREGATE_ONLY,PIT_HISTORICAL_AGGREGATION_INPUT,PURE_AND_MARKET_ELIGIBLE,LAGGED_LAST;ROLLING_MEAN_COUNT;EWMA;LINEAR_TREND;RATE_PER_OPPORTUNITY;OPPONENT_ADJUSTED_RESIDUAL;MATCHUP_DIFFERENCE,EXPERIMENTAL,false,TARGET_SPECIFIC_EVALUATION_REQUIRED,W10 candidate seed only; no predictive usefulness or promotion is claimed.
FC-000597,RF-000698,SRC-001,SportsDataverse,adv_situational,EPA_standard_down,advanced_efficiency_probability,HISTORICAL_AGGREGATE_ONLY,PIT_HISTORICAL_AGGREGATION_INPUT,PURE_AND_MARKET_ELIGIBLE,LAGGED_LAST;ROLLING_MEAN_COUNT;EWMA;LINEAR_TREND;RATE_PER_OPPORTUNITY;OPPONENT_ADJUSTED_RESIDUAL;MATCHUP_DIFFERENCE,EXPERIMENTAL,false,TARGET_SPECIFIC_EVALUATION_REQUIRED,W10 candidate seed only; no predictive usefulness or promotion is claimed.
FC-000598,RF-000699,SRC-001,SportsDataverse,adv_situational,EPA_standard_down_per_play,advanced_efficiency_probability,HISTORICAL_AGGREGATE_ONLY,PIT_HISTORICAL_AGGREGATION_INPUT,PURE_AND_MARKET_ELIGIBLE,LAGGED_LAST;ROLLING_MEAN_COUNT;EWMA;LINEAR_TREND;RATE_PER_OPPORTUNITY;OPPONENT_ADJUSTED_RESIDUAL;MATCHUP_DIFFERENCE,EXPERIMENTAL,false,TARGET_SPECIFIC_EVALUATION_REQUIRED,W10 candidate seed only; no predictive usefulness or promotion is claimed.
FC-000599,RF-000700,SRC-001,SportsDataverse,adv_situational,standard_downs,situational_field_position,HISTORICAL_AGGREGATE_ONLY,PIT_HISTORICAL_AGGREGATION_INPUT,PURE_AND_MARKET_ELIGIBLE,LAGGED_LAST;ROLLING_MEAN_COUNT;EWMA;LINEAR_TREND;RATE_PER_OPPORTUNITY;OPPONENT_ADJUSTED_RESIDUAL;MATCHUP_DIFFERENCE,EXPERIMENTAL,false,TARGET_SPECIFIC_EVALUATION_REQUIRED,W10 candidate seed only; no predictive usefulness or promotion is claimed.
FC-000600,RF-000701,SRC-001,SportsDataverse,adv_situational,EPA_success_passing_down,passing_receiving,HISTORICAL_AGGREGATE_ONLY,PIT_HISTORICAL_AGGREGATION_INPUT,PURE_AND_MARKET_ELIGIBLE,LAGGED_LAST;ROLLING_MEAN_COUNT;EWMA;LINEAR_TREND;RATE_PER_OPPORTUNITY;OPPONENT_ADJUSTED_RESIDUAL;MATCHUP_DIFFERENCE,EXPERIMENTAL,false,TARGET_SPECIFIC_EVALUATION_REQUIRED,W10 candidate seed only; no predictive usefulness or promotion is claimed.
FC-000601,RF-000702,SRC-001,SportsDataverse,adv_situational,EPA_success_passing_down_rate,passing_receiving,HISTORICAL_AGGREGATE_ONLY,PIT_HISTORICAL_AGGREGATION_INPUT,PURE_AND_MARKET_ELIGIBLE,LAGGED_LAST;ROLLING_MEAN_COUNT;EWMA;LINEAR_TREND;RATE_PER_OPPORTUNITY;OPPONENT_ADJUSTED_RESIDUAL;MATCHUP_DIFFERENCE,EXPERIMENTAL,false,TARGET_SPECIFIC_EVALUATION_REQUIRED,W10 candidate seed only; no predictive usefulness or promotion is claimed.
FC-000602,RF-000703,SRC-001,SportsDataverse,adv_situational,EPA_passing_down,passing_receiving,HISTORICAL_AGGREGATE_ONLY,PIT_HISTORICAL_AGGREGATION_INPUT,PURE_AND_MARKET_ELIGIBLE,LAGGED_LAST;ROLLING_MEAN_COUNT;EWMA;LINEAR_TREND;RATE_PER_OPPORTUNITY;OPPONENT_ADJUSTED_RESIDUAL;MATCHUP_DIFFERENCE,EXPERIMENTAL,false,TARGET_SPECIFIC_EVALUATION_REQUIRED,W10 candidate seed only; no predictive usefulness or promotion is claimed.
FC-000603,RF-000704,SRC-001,SportsDataverse,adv_situational,EPA_passing_down_per_play,passing_receiving,HISTORICAL_AGGREGATE_ONLY,PIT_HISTORICAL_AGGREGATION_INPUT,PURE_AND_MARKET_ELIGIBLE,LAGGED_LAST;ROLLING_MEAN_COUNT;EWMA;LINEAR_TREND;RATE_PER_OPPORTUNITY;OPPONENT_ADJUSTED_RESIDUAL;MATCHUP_DIFFERENCE,EXPERIMENTAL,false,TARGET_SPECIFIC_EVALUATION_REQUIRED,W10 candidate seed only; no predictive usefulness or promotion is claimed.
FC-000604,RF-000705,SRC-001,SportsDataverse,adv_situational,passing_downs,passing_receiving,HISTORICAL_AGGREGATE_ONLY,PIT_HISTORICAL_AGGREGATION_INPUT,PURE_AND_MARKET_ELIGIBLE,LAGGED_LAST;ROLLING_MEAN_COUNT;EWMA;LINEAR_TREND;RATE_PER_OPPORTUNITY;OPPONENT_ADJUSTED_RESIDUAL;MATCHUP_DIFFERENCE,EXPERIMENTAL,false,TARGET_SPECIFIC_EVALUATION_REQUIRED,W10 candidate seed only; no predictive usefulness or promotion is claimed.
FC-000605,RF-000706,SRC-001,SportsDataverse,play_participants,game_id,play_participation,HISTORICAL_AGGREGATE_ONLY,PIT_HISTORICAL_AGGREGATION_INPUT,PURE_AND_MARKET_ELIGIBLE,LAGGED_LAST;ROLLING_MEAN_COUNT;EWMA;LINEAR_TREND,EXPERIMENTAL,false,TARGET_SPECIFIC_EVALUATION_REQUIRED,W10 candidate seed only; no predictive usefulness or promotion is claimed.
FC-000606,RF-000707,SRC-001,SportsDataverse,play_participants,season,play_participation,HISTORICAL_AGGREGATE_ONLY,PIT_HISTORICAL_AGGREGATION_INPUT,PURE_AND_MARKET_ELIGIBLE,LAGGED_LAST;ROLLING_MEAN_COUNT;EWMA;LINEAR_TREND,EXPERIMENTAL,false,TARGET_SPECIFIC_EVALUATION_REQUIRED,W10 candidate seed only; no predictive usefulness or promotion is claimed.
FC-000607,RF-000708,SRC-001,SportsDataverse,play_participants,week,play_participation,HISTORICAL_AGGREGATE_ONLY,PIT_HISTORICAL_AGGREGATION_INPUT,PURE_AND_MARKET_ELIGIBLE,LAGGED_LAST;ROLLING_MEAN_COUNT;EWMA;LINEAR_TREND,EXPERIMENTAL,false,TARGET_SPECIFIC_EVALUATION_REQUIRED,W10 candidate seed only; no predictive usefulness or promotion is claimed.
FC-000608,RF-000709,SRC-001,SportsDataverse,play_participants,play_id,play_participation,HISTORICAL_AGGREGATE_ONLY,PIT_HISTORICAL_AGGREGATION_INPUT,PURE_AND_MARKET_ELIGIBLE,LAGGED_LAST;ROLLING_MEAN_COUNT;EWMA;LINEAR_TREND,EXPERIMENTAL,false,TARGET_SPECIFIC_EVALUATION_REQUIRED,W10 candidate seed only; no predictive usefulness or promotion is claimed.
FC-000609,RF-000710,SRC-001,SportsDataverse,play_participants,passer_player_id,play_participation,HISTORICAL_AGGREGATE_ONLY,PIT_HISTORICAL_AGGREGATION_INPUT,PURE_AND_MARKET_ELIGIBLE,LAGGED_LAST;ROLLING_MEAN_COUNT;EWMA;LINEAR_TREND,EXPERIMENTAL,false,TARGET_SPECIFIC_EVALUATION_REQUIRED,W10 candidate seed only; no predictive usefulness or promotion is claimed.
FC-000610,RF-000711,SRC-001,SportsDataverse,play_participants,passer_player_name,play_participation,HISTORICAL_AGGREGATE_ONLY,PIT_HISTORICAL_AGGREGATION_INPUT,PURE_AND_MARKET_ELIGIBLE,LAGGED_LAST;ROLLING_MEAN_COUNT;EWMA;LINEAR_TREND,EXPERIMENTAL,false,TARGET_SPECIFIC_EVALUATION_REQUIRED,W10 candidate seed only; no predictive usefulness or promotion is claimed.
FC-000611,RF-000712,SRC-001,SportsDataverse,play_participants,passer_player_ids,play_participation,HISTORICAL_AGGREGATE_ONLY,PIT_HISTORICAL_AGGREGATION_INPUT,PURE_AND_MARKET_ELIGIBLE,LAGGED_LAST;ROLLING_MEAN_COUNT;EWMA;LINEAR_TREND,EXPERIMENTAL,false,TARGET_SPECIFIC_EVALUATION_REQUIRED,W10 candidate seed only; no predictive usefulness or promotion is claimed.
FC-000612,RF-000713,SRC-001,SportsDataverse,play_participants,passer_player_names,play_participation,HISTORICAL_AGGREGATE_ONLY,PIT_HISTORICAL_AGGREGATION_INPUT,PURE_AND_MARKET_ELIGIBLE,LAGGED_LAST;ROLLING_MEAN_COUNT;EWMA;LINEAR_TREND,EXPERIMENTAL,false,TARGET_SPECIFIC_EVALUATION_REQUIRED,W10 candidate seed only; no predictive usefulness or promotion is claimed.
FC-000613,RF-000714,SRC-001,SportsDataverse,play_participants,rusher_player_id,play_participation,HISTORICAL_AGGREGATE_ONLY,PIT_HISTORICAL_AGGREGATION_INPUT,PURE_AND_MARKET_ELIGIBLE,LAGGED_LAST;ROLLING_MEAN_COUNT;EWMA;LINEAR_TREND,EXPERIMENTAL,false,TARGET_SPECIFIC_EVALUATION_REQUIRED,W10 candidate seed only; no predictive usefulness or promotion is claimed.
FC-000614,RF-000715,SRC-001,SportsDataverse,play_participants,rusher_player_name,play_participation,HISTORICAL_AGGREGATE_ONLY,PIT_HISTORICAL_AGGREGATION_INPUT,PURE_AND_MARKET_ELIGIBLE,LAGGED_LAST;ROLLING_MEAN_COUNT;EWMA;LINEAR_TREND,EXPERIMENTAL,false,TARGET_SPECIFIC_EVALUATION_REQUIRED,W10 candidate seed only; no predictive usefulness or promotion is claimed.
FC-000615,RF-000716,SRC-001,SportsDataverse,play_participants,rusher_player_ids,play_participation,HISTORICAL_AGGREGATE_ONLY,PIT_HISTORICAL_AGGREGATION_INPUT,PURE_AND_MARKET_ELIGIBLE,LAGGED_LAST;ROLLING_MEAN_COUNT;EWMA;LINEAR_TREND,EXPERIMENTAL,false,TARGET_SPECIFIC_EVALUATION_REQUIRED,W10 candidate seed only; no predictive usefulness or promotion is claimed.
FC-000616,RF-000717,SRC-001,SportsDataverse,play_participants,rusher_player_names,play_participation,HISTORICAL_AGGREGATE_ONLY,PIT_HISTORICAL_AGGREGATION_INPUT,PURE_AND_MARKET_ELIGIBLE,LAGGED_LAST;ROLLING_MEAN_COUNT;EWMA;LINEAR_TREND,EXPERIMENTAL,false,TARGET_SPECIFIC_EVALUATION_REQUIRED,W10 candidate seed only; no predictive usefulness or promotion is claimed.
FC-000617,RF-000718,SRC-001,SportsDataverse,play_participants,receiver_player_id,play_participation,HISTORICAL_AGGREGATE_ONLY,PIT_HISTORICAL_AGGREGATION_INPUT,PURE_AND_MARKET_ELIGIBLE,LAGGED_LAST;ROLLING_MEAN_COUNT;EWMA;LINEAR_TREND,EXPERIMENTAL,false,TARGET_SPECIFIC_EVALUATION_REQUIRED,W10 candidate seed only; no predictive usefulness or promotion is claimed.
FC-000618,RF-000719,SRC-001,SportsDataverse,play_participants,receiver_player_name,play_participation,HISTORICAL_AGGREGATE_ONLY,PIT_HISTORICAL_AGGREGATION_INPUT,PURE_AND_MARKET_ELIGIBLE,LAGGED_LAST;ROLLING_MEAN_COUNT;EWMA;LINEAR_TREND,EXPERIMENTAL,false,TARGET_SPECIFIC_EVALUATION_REQUIRED,W10 candidate seed only; no predictive usefulness or promotion is claimed.
FC-000619,RF-000720,SRC-001,SportsDataverse,play_participants,receiver_player_ids,play_participation,HISTORICAL_AGGREGATE_ONLY,PIT_HISTORICAL_AGGREGATION_INPUT,PURE_AND_MARKET_ELIGIBLE,LAGGED_LAST;ROLLING_MEAN_COUNT;EWMA;LINEAR_TREND,EXPERIMENTAL,false,TARGET_SPECIFIC_EVALUATION_REQUIRED,W10 candidate seed only; no predictive usefulness or promotion is claimed.
FC-000620,RF-000721,SRC-001,SportsDataverse,play_participants,receiver_player_names,play_participation,HISTORICAL_AGGREGATE_ONLY,PIT_HISTORICAL_AGGREGATION_INPUT,PURE_AND_MARKET_ELIGIBLE,LAGGED_LAST;ROLLING_MEAN_COUNT;EWMA;LINEAR_TREND,EXPERIMENTAL,false,TARGET_SPECIFIC_EVALUATION_REQUIRED,W10 candidate seed only; no predictive usefulness or promotion is claimed.
FC-000621,RF-000722,SRC-001,SportsDataverse,play_participants,tackler_player_id,play_participation,HISTORICAL_AGGREGATE_ONLY,PIT_HISTORICAL_AGGREGATION_INPUT,PURE_AND_MARKET_ELIGIBLE,LAGGED_LAST;ROLLING_MEAN_COUNT;EWMA;LINEAR_TREND,EXPERIMENTAL,false,TARGET_SPECIFIC_EVALUATION_REQUIRED,W10 candidate seed only; no predictive usefulness or promotion is claimed.
FC-000622,RF-000723,SRC-001,SportsDataverse,play_participants,tackler_player_name,play_participation,HISTORICAL_AGGREGATE_ONLY,PIT_HISTORICAL_AGGREGATION_INPUT,PURE_AND_MARKET_ELIGIBLE,LAGGED_LAST;ROLLING_MEAN_COUNT;EWMA;LINEAR_TREND,EXPERIMENTAL,false,TARGET_SPECIFIC_EVALUATION_REQUIRED,W10 candidate seed only; no predictive usefulness or promotion is claimed.
FC-000623,RF-000724,SRC-001,SportsDataverse,play_participants,tackler_player_ids,play_participation,HISTORICAL_AGGREGATE_ONLY,PIT_HISTORICAL_AGGREGATION_INPUT,PURE_AND_MARKET_ELIGIBLE,LAGGED_LAST;ROLLING_MEAN_COUNT;EWMA;LINEAR_TREND,EXPERIMENTAL,false,TARGET_SPECIFIC_EVALUATION_REQUIRED,W10 candidate seed only; no predictive usefulness or promotion is claimed.
FC-000624,RF-000725,SRC-001,SportsDataverse,play_participants,tackler_player_names,play_participation,HISTORICAL_AGGREGATE_ONLY,PIT_HISTORICAL_AGGREGATION_INPUT,PURE_AND_MARKET_ELIGIBLE,LAGGED_LAST;ROLLING_MEAN_COUNT;EWMA;LINEAR_TREND,EXPERIMENTAL,false,TARGET_SPECIFIC_EVALUATION_REQUIRED,W10 candidate seed only; no predictive usefulness or promotion is claimed.
FC-000625,RF-000726,SRC-001,SportsDataverse,play_participants,sacked_by_player_id,play_participation,HISTORICAL_AGGREGATE_ONLY,PIT_HISTORICAL_AGGREGATION_INPUT,PURE_AND_MARKET_ELIGIBLE,LAGGED_LAST;ROLLING_MEAN_COUNT;EWMA;LINEAR_TREND,EXPERIMENTAL,false,TARGET_SPECIFIC_EVALUATION_REQUIRED,W10 candidate seed only; no predictive usefulness or promotion is claimed.
FC-000626,RF-000727,SRC-001,SportsDataverse,play_participants,sacked_by_player_name,play_participation,HISTORICAL_AGGREGATE_ONLY,PIT_HISTORICAL_AGGREGATION_INPUT,PURE_AND_MARKET_ELIGIBLE,LAGGED_LAST;ROLLING_MEAN_COUNT;EWMA;LINEAR_TREND,EXPERIMENTAL,false,TARGET_SPECIFIC_EVALUATION_REQUIRED,W10 candidate seed only; no predictive usefulness or promotion is claimed.
FC-000627,RF-000728,SRC-001,SportsDataverse,play_participants,sacked_by_player_ids,play_participation,HISTORICAL_AGGREGATE_ONLY,PIT_HISTORICAL_AGGREGATION_INPUT,PURE_AND_MARKET_ELIGIBLE,LAGGED_LAST;ROLLING_MEAN_COUNT;EWMA;LINEAR_TREND,EXPERIMENTAL,false,TARGET_SPECIFIC_EVALUATION_REQUIRED,W10 candidate seed only; no predictive usefulness or promotion is claimed.
FC-000628,RF-000729,SRC-001,SportsDataverse,play_participants,sacked_by_player_names,play_participation,HISTORICAL_AGGREGATE_ONLY,PIT_HISTORICAL_AGGREGATION_INPUT,PURE_AND_MARKET_ELIGIBLE,LAGGED_LAST;ROLLING_MEAN_COUNT;EWMA;LINEAR_TREND,EXPERIMENTAL,false,TARGET_SPECIFIC_EVALUATION_REQUIRED,W10 candidate seed only; no predictive usefulness or promotion is claimed.
FC-000629,RF-000730,SRC-001,SportsDataverse,play_participants,pass_defender_player_id,play_participation,HISTORICAL_AGGREGATE_ONLY,PIT_HISTORICAL_AGGREGATION_INPUT,PURE_AND_MARKET_ELIGIBLE,LAGGED_LAST;ROLLING_MEAN_COUNT;EWMA;LINEAR_TREND,EXPERIMENTAL,false,TARGET_SPECIFIC_EVALUATION_REQUIRED,W10 candidate seed only; no predictive usefulness or promotion is claimed.
FC-000630,RF-000731,SRC-001,SportsDataverse,play_participants,pass_defender_player_name,play_participation,HISTORICAL_AGGREGATE_ONLY,PIT_HISTORICAL_AGGREGATION_INPUT,PURE_AND_MARKET_ELIGIBLE,LAGGED_LAST;ROLLING_MEAN_COUNT;EWMA;LINEAR_TREND,EXPERIMENTAL,false,TARGET_SPECIFIC_EVALUATION_REQUIRED,W10 candidate seed only; no predictive usefulness or promotion is claimed.
FC-000631,RF-000732,SRC-001,SportsDataverse,play_participants,pass_defender_player_ids,play_participation,HISTORICAL_AGGREGATE_ONLY,PIT_HISTORICAL_AGGREGATION_INPUT,PURE_AND_MARKET_ELIGIBLE,LAGGED_LAST;ROLLING_MEAN_COUNT;EWMA;LINEAR_TREND,EXPERIMENTAL,false,TARGET_SPECIFIC_EVALUATION_REQUIRED,W10 candidate seed only; no predictive usefulness or promotion is claimed.
FC-000632,RF-000733,SRC-001,SportsDataverse,play_participants,pass_defender_player_names,play_participation,HISTORICAL_AGGREGATE_ONLY,PIT_HISTORICAL_AGGREGATION_INPUT,PURE_AND_MARKET_ELIGIBLE,LAGGED_LAST;ROLLING_MEAN_COUNT;EWMA;LINEAR_TREND,EXPERIMENTAL,false,TARGET_SPECIFIC_EVALUATION_REQUIRED,W10 candidate seed only; no predictive usefulness or promotion is claimed.
FC-000633,RF-000734,SRC-001,SportsDataverse,play_participants,kicker_player_id,play_participation,HISTORICAL_AGGREGATE_ONLY,PIT_HISTORICAL_AGGREGATION_INPUT,PURE_AND_MARKET_ELIGIBLE,LAGGED_LAST;ROLLING_MEAN_COUNT;EWMA;LINEAR_TREND,EXPERIMENTAL,false,TARGET_SPECIFIC_EVALUATION_REQUIRED,W10 candidate seed only; no predictive usefulness or promotion is claimed.
FC-000634,RF-000735,SRC-001,SportsDataverse,play_participants,kicker_player_name,play_participation,HISTORICAL_AGGREGATE_ONLY,PIT_HISTORICAL_AGGREGATION_INPUT,PURE_AND_MARKET_ELIGIBLE,LAGGED_LAST;ROLLING_MEAN_COUNT;EWMA;LINEAR_TREND,EXPERIMENTAL,false,TARGET_SPECIFIC_EVALUATION_REQUIRED,W10 candidate seed only; no predictive usefulness or promotion is claimed.
FC-000635,RF-000736,SRC-001,SportsDataverse,play_participants,kicker_player_ids,play_participation,HISTORICAL_AGGREGATE_ONLY,PIT_HISTORICAL_AGGREGATION_INPUT,PURE_AND_MARKET_ELIGIBLE,LAGGED_LAST;ROLLING_MEAN_COUNT;EWMA;LINEAR_TREND,EXPERIMENTAL,false,TARGET_SPECIFIC_EVALUATION_REQUIRED,W10 candidate seed only; no predictive usefulness or promotion is claimed.
FC-000636,RF-000737,SRC-001,SportsDataverse,play_participants,kicker_player_names,play_participation,HISTORICAL_AGGREGATE_ONLY,PIT_HISTORICAL_AGGREGATION_INPUT,PURE_AND_MARKET_ELIGIBLE,LAGGED_LAST;ROLLING_MEAN_COUNT;EWMA;LINEAR_TREND,EXPERIMENTAL,false,TARGET_SPECIFIC_EVALUATION_REQUIRED,W10 candidate seed only; no predictive usefulness or promotion is claimed.
FC-000637,RF-000738,SRC-001,SportsDataverse,play_participants,punter_player_id,play_participation,HISTORICAL_AGGREGATE_ONLY,PIT_HISTORICAL_AGGREGATION_INPUT,PURE_AND_MARKET_ELIGIBLE,LAGGED_LAST;ROLLING_MEAN_COUNT;EWMA;LINEAR_TREND,EXPERIMENTAL,false,TARGET_SPECIFIC_EVALUATION_REQUIRED,W10 candidate seed only; no predictive usefulness or promotion is claimed.
FC-000638,RF-000739,SRC-001,SportsDataverse,play_participants,punter_player_name,play_participation,HISTORICAL_AGGREGATE_ONLY,PIT_HISTORICAL_AGGREGATION_INPUT,PURE_AND_MARKET_ELIGIBLE,LAGGED_LAST;ROLLING_MEAN_COUNT;EWMA;LINEAR_TREND,EXPERIMENTAL,false,TARGET_SPECIFIC_EVALUATION_REQUIRED,W10 candidate seed only; no predictive usefulness or promotion is claimed.
FC-000639,RF-000740,SRC-001,SportsDataverse,play_participants,punter_player_ids,play_participation,HISTORICAL_AGGREGATE_ONLY,PIT_HISTORICAL_AGGREGATION_INPUT,PURE_AND_MARKET_ELIGIBLE,LAGGED_LAST;ROLLING_MEAN_COUNT;EWMA;LINEAR_TREND,EXPERIMENTAL,false,TARGET_SPECIFIC_EVALUATION_REQUIRED,W10 candidate seed only; no predictive usefulness or promotion is claimed.
FC-000640,RF-000741,SRC-001,SportsDataverse,play_participants,punter_player_names,play_participation,HISTORICAL_AGGREGATE_ONLY,PIT_HISTORICAL_AGGREGATION_INPUT,PURE_AND_MARKET_ELIGIBLE,LAGGED_LAST;ROLLING_MEAN_COUNT;EWMA;LINEAR_TREND,EXPERIMENTAL,false,TARGET_SPECIFIC_EVALUATION_REQUIRED,W10 candidate seed only; no predictive usefulness or promotion is claimed.
FC-000641,RF-000742,SRC-001,SportsDataverse,play_participants,returner_player_id,play_participation,HISTORICAL_AGGREGATE_ONLY,PIT_HISTORICAL_AGGREGATION_INPUT,PURE_AND_MARKET_ELIGIBLE,LAGGED_LAST;ROLLING_MEAN_COUNT;EWMA;LINEAR_TREND,EXPERIMENTAL,false,TARGET_SPECIFIC_EVALUATION_REQUIRED,W10 candidate seed only; no predictive usefulness or promotion is claimed.
FC-000642,RF-000743,SRC-001,SportsDataverse,play_participants,returner_player_name,play_participation,HISTORICAL_AGGREGATE_ONLY,PIT_HISTORICAL_AGGREGATION_INPUT,PURE_AND_MARKET_ELIGIBLE,LAGGED_LAST;ROLLING_MEAN_COUNT;EWMA;LINEAR_TREND,EXPERIMENTAL,false,TARGET_SPECIFIC_EVALUATION_REQUIRED,W10 candidate seed only; no predictive usefulness or promotion is claimed.
FC-000643,RF-000744,SRC-001,SportsDataverse,play_participants,returner_player_ids,play_participation,HISTORICAL_AGGREGATE_ONLY,PIT_HISTORICAL_AGGREGATION_INPUT,PURE_AND_MARKET_ELIGIBLE,LAGGED_LAST;ROLLING_MEAN_COUNT;EWMA;LINEAR_TREND,EXPERIMENTAL,false,TARGET_SPECIFIC_EVALUATION_REQUIRED,W10 candidate seed only; no predictive usefulness or promotion is claimed.
FC-000644,RF-000745,SRC-001,SportsDataverse,play_participants,returner_player_names,play_participation,HISTORICAL_AGGREGATE_ONLY,PIT_HISTORICAL_AGGREGATION_INPUT,PURE_AND_MARKET_ELIGIBLE,LAGGED_LAST;ROLLING_MEAN_COUNT;EWMA;LINEAR_TREND,EXPERIMENTAL,false,TARGET_SPECIFIC_EVALUATION_REQUIRED,W10 candidate seed only; no predictive usefulness or promotion is claimed.
FC-000645,RF-000746,SRC-001,SportsDataverse,play_participants,scorer_player_id,play_participation,HISTORICAL_AGGREGATE_ONLY,PIT_HISTORICAL_AGGREGATION_INPUT,PURE_AND_MARKET_ELIGIBLE,LAGGED_LAST;ROLLING_MEAN_COUNT;EWMA;LINEAR_TREND,EXPERIMENTAL,false,TARGET_SPECIFIC_EVALUATION_REQUIRED,W10 candidate seed only; no predictive usefulness or promotion is claimed.
FC-000646,RF-000747,SRC-001,SportsDataverse,play_participants,scorer_player_name,play_participation,HISTORICAL_AGGREGATE_ONLY,PIT_HISTORICAL_AGGREGATION_INPUT,PURE_AND_MARKET_ELIGIBLE,LAGGED_LAST;ROLLING_MEAN_COUNT;EWMA;LINEAR_TREND,EXPERIMENTAL,false,TARGET_SPECIFIC_EVALUATION_REQUIRED,W10 candidate seed only; no predictive usefulness or promotion is claimed.
FC-000647,RF-000748,SRC-001,SportsDataverse,play_participants,scorer_player_ids,play_participation,HISTORICAL_AGGREGATE_ONLY,PIT_HISTORICAL_AGGREGATION_INPUT,PURE_AND_MARKET_ELIGIBLE,LAGGED_LAST;ROLLING_MEAN_COUNT;EWMA;LINEAR_TREND,EXPERIMENTAL,false,TARGET_SPECIFIC_EVALUATION_REQUIRED,W10 candidate seed only; no predictive usefulness or promotion is claimed.
FC-000648,RF-000749,SRC-001,SportsDataverse,play_participants,scorer_player_names,play_participation,HISTORICAL_AGGREGATE_ONLY,PIT_HISTORICAL_AGGREGATION_INPUT,PURE_AND_MARKET_ELIGIBLE,LAGGED_LAST;ROLLING_MEAN_COUNT;EWMA;LINEAR_TREND,EXPERIMENTAL,false,TARGET_SPECIFIC_EVALUATION_REQUIRED,W10 candidate seed only; no predictive usefulness or promotion is claimed.
FC-000649,RF-000750,SRC-001,SportsDataverse,play_participants,pat_scorer_player_id,play_participation,HISTORICAL_AGGREGATE_ONLY,PIT_HISTORICAL_AGGREGATION_INPUT,PURE_AND_MARKET_ELIGIBLE,LAGGED_LAST;ROLLING_MEAN_COUNT;EWMA;LINEAR_TREND,EXPERIMENTAL,false,TARGET_SPECIFIC_EVALUATION_REQUIRED,W10 candidate seed only; no predictive usefulness or promotion is claimed.
FC-000650,RF-000751,SRC-001,SportsDataverse,play_participants,pat_scorer_player_name,play_participation,HISTORICAL_AGGREGATE_ONLY,PIT_HISTORICAL_AGGREGATION_INPUT,PURE_AND_MARKET_ELIGIBLE,LAGGED_LAST;ROLLING_MEAN_COUNT;EWMA;LINEAR_TREND,EXPERIMENTAL,false,TARGET_SPECIFIC_EVALUATION_REQUIRED,W10 candidate seed only; no predictive usefulness or promotion is claimed.
FC-000651,RF-000752,SRC-001,SportsDataverse,play_participants,pat_scorer_player_ids,play_participation,HISTORICAL_AGGREGATE_ONLY,PIT_HISTORICAL_AGGREGATION_INPUT,PURE_AND_MARKET_ELIGIBLE,LAGGED_LAST;ROLLING_MEAN_COUNT;EWMA;LINEAR_TREND,EXPERIMENTAL,false,TARGET_SPECIFIC_EVALUATION_REQUIRED,W10 candidate seed only; no predictive usefulness or promotion is claimed.
FC-000652,RF-000753,SRC-001,SportsDataverse,play_participants,pat_scorer_player_names,play_participation,HISTORICAL_AGGREGATE_ONLY,PIT_HISTORICAL_AGGREGATION_INPUT,PURE_AND_MARKET_ELIGIBLE,LAGGED_LAST;ROLLING_MEAN_COUNT;EWMA;LINEAR_TREND,EXPERIMENTAL,false,TARGET_SPECIFIC_EVALUATION_REQUIRED,W10 candidate seed only; no predictive usefulness or promotion is claimed.
FC-000653,RF-000754,SRC-001,SportsDataverse,play_participants,penalized_player_id,play_participation,HISTORICAL_AGGREGATE_ONLY,PIT_HISTORICAL_AGGREGATION_INPUT,PURE_AND_MARKET_ELIGIBLE,LAGGED_LAST;ROLLING_MEAN_COUNT;EWMA;LINEAR_TREND,EXPERIMENTAL,false,TARGET_SPECIFIC_EVALUATION_REQUIRED,W10 candidate seed only; no predictive usefulness or promotion is claimed.
FC-000654,RF-000755,SRC-001,SportsDataverse,play_participants,penalized_player_name,play_participation,HISTORICAL_AGGREGATE_ONLY,PIT_HISTORICAL_AGGREGATION_INPUT,PURE_AND_MARKET_ELIGIBLE,LAGGED_LAST;ROLLING_MEAN_COUNT;EWMA;LINEAR_TREND,EXPERIMENTAL,false,TARGET_SPECIFIC_EVALUATION_REQUIRED,W10 candidate seed only; no predictive usefulness or promotion is claimed.
FC-000655,RF-000756,SRC-001,SportsDataverse,play_participants,penalized_player_ids,play_participation,HISTORICAL_AGGREGATE_ONLY,PIT_HISTORICAL_AGGREGATION_INPUT,PURE_AND_MARKET_ELIGIBLE,LAGGED_LAST;ROLLING_MEAN_COUNT;EWMA;LINEAR_TREND,EXPERIMENTAL,false,TARGET_SPECIFIC_EVALUATION_REQUIRED,W10 candidate seed only; no predictive usefulness or promotion is claimed.
FC-000656,RF-000757,SRC-001,SportsDataverse,play_participants,penalized_player_names,play_participation,HISTORICAL_AGGREGATE_ONLY,PIT_HISTORICAL_AGGREGATION_INPUT,PURE_AND_MARKET_ELIGIBLE,LAGGED_LAST;ROLLING_MEAN_COUNT;EWMA;LINEAR_TREND,EXPERIMENTAL,false,TARGET_SPECIFIC_EVALUATION_REQUIRED,W10 candidate seed only; no predictive usefulness or promotion is claimed.
FC-000657,RF-000758,SRC-001,SportsDataverse,play_participants,assisted_by_player_id,play_participation,HISTORICAL_AGGREGATE_ONLY,PIT_HISTORICAL_AGGREGATION_INPUT,PURE_AND_MARKET_ELIGIBLE,LAGGED_LAST;ROLLING_MEAN_COUNT;EWMA;LINEAR_TREND,EXPERIMENTAL,false,TARGET_SPECIFIC_EVALUATION_REQUIRED,W10 candidate seed only; no predictive usefulness or promotion is claimed.
FC-000658,RF-000759,SRC-001,SportsDataverse,play_participants,assisted_by_player_name,play_participation,HISTORICAL_AGGREGATE_ONLY,PIT_HISTORICAL_AGGREGATION_INPUT,PURE_AND_MARKET_ELIGIBLE,LAGGED_LAST;ROLLING_MEAN_COUNT;EWMA;LINEAR_TREND,EXPERIMENTAL,false,TARGET_SPECIFIC_EVALUATION_REQUIRED,W10 candidate seed only; no predictive usefulness or promotion is claimed.
FC-000659,RF-000760,SRC-001,SportsDataverse,play_participants,assisted_by_player_ids,play_participation,HISTORICAL_AGGREGATE_ONLY,PIT_HISTORICAL_AGGREGATION_INPUT,PURE_AND_MARKET_ELIGIBLE,LAGGED_LAST;ROLLING_MEAN_COUNT;EWMA;LINEAR_TREND,EXPERIMENTAL,false,TARGET_SPECIFIC_EVALUATION_REQUIRED,W10 candidate seed only; no predictive usefulness or promotion is claimed.
FC-000660,RF-000761,SRC-001,SportsDataverse,play_participants,assisted_by_player_names,play_participation,HISTORICAL_AGGREGATE_ONLY,PIT_HISTORICAL_AGGREGATION_INPUT,PURE_AND_MARKET_ELIGIBLE,LAGGED_LAST;ROLLING_MEAN_COUNT;EWMA;LINEAR_TREND,EXPERIMENTAL,false,TARGET_SPECIFIC_EVALUATION_REQUIRED,W10 candidate seed only; no predictive usefulness or promotion is claimed.
FC-000661,RF-000762,SRC-001,SportsDataverse,drives,id,drives_field_position,HISTORICAL_AGGREGATE_ONLY,PIT_HISTORICAL_AGGREGATION_INPUT,PURE_AND_MARKET_ELIGIBLE,LAGGED_LAST;ROLLING_MEAN_COUNT;EWMA;LINEAR_TREND;RATE_PER_OPPORTUNITY;OPPONENT_ADJUSTED_RESIDUAL;MATCHUP_DIFFERENCE,EXPERIMENTAL,false,TARGET_SPECIFIC_EVALUATION_REQUIRED,W10 candidate seed only; no predictive usefulness or promotion is claimed.
FC-000662,RF-000763,SRC-001,SportsDataverse,drives,description,drives_field_position,HISTORICAL_AGGREGATE_ONLY,PIT_HISTORICAL_AGGREGATION_INPUT,PURE_AND_MARKET_ELIGIBLE,LAGGED_LAST;ROLLING_MEAN_COUNT;EWMA;LINEAR_TREND;RATE_PER_OPPORTUNITY;OPPONENT_ADJUSTED_RESIDUAL;MATCHUP_DIFFERENCE,EXPERIMENTAL,false,TARGET_SPECIFIC_EVALUATION_REQUIRED,W10 candidate seed only; no predictive usefulness or promotion is claimed.
FC-000663,RF-000764,SRC-001,SportsDataverse,drives,team,drives_field_position,HISTORICAL_AGGREGATE_ONLY,PIT_HISTORICAL_AGGREGATION_INPUT,PURE_AND_MARKET_ELIGIBLE,LAGGED_LAST;ROLLING_MEAN_COUNT;EWMA;LINEAR_TREND;RATE_PER_OPPORTUNITY;OPPONENT_ADJUSTED_RESIDUAL;MATCHUP_DIFFERENCE,EXPERIMENTAL,false,TARGET_SPECIFIC_EVALUATION_REQUIRED,W10 candidate seed only; no predictive usefulness or promotion is claimed.
FC-000664,RF-000765,SRC-001,SportsDataverse,drives,start,drives_field_position,HISTORICAL_AGGREGATE_ONLY,PIT_HISTORICAL_AGGREGATION_INPUT,PURE_AND_MARKET_ELIGIBLE,LAGGED_LAST;ROLLING_MEAN_COUNT;EWMA;LINEAR_TREND;RATE_PER_OPPORTUNITY;OPPONENT_ADJUSTED_RESIDUAL;MATCHUP_DIFFERENCE,EXPERIMENTAL,false,TARGET_SPECIFIC_EVALUATION_REQUIRED,W10 candidate seed only; no predictive usefulness or promotion is claimed.
FC-000665,RF-000766,SRC-001,SportsDataverse,drives,end,drives_field_position,HISTORICAL_AGGREGATE_ONLY,PIT_HISTORICAL_AGGREGATION_INPUT,PURE_AND_MARKET_ELIGIBLE,LAGGED_LAST;ROLLING_MEAN_COUNT;EWMA;LINEAR_TREND;RATE_PER_OPPORTUNITY;OPPONENT_ADJUSTED_RESIDUAL;MATCHUP_DIFFERENCE,EXPERIMENTAL,false,TARGET_SPECIFIC_EVALUATION_REQUIRED,W10 candidate seed only; no predictive usefulness or promotion is claimed.
FC-000666,RF-000767,SRC-001,SportsDataverse,drives,time_elapsed,drives_field_position,HISTORICAL_AGGREGATE_ONLY,PIT_HISTORICAL_AGGREGATION_INPUT,PURE_AND_MARKET_ELIGIBLE,LAGGED_LAST;ROLLING_MEAN_COUNT;EWMA;LINEAR_TREND;RATE_PER_OPPORTUNITY;OPPONENT_ADJUSTED_RESIDUAL;MATCHUP_DIFFERENCE,EXPERIMENTAL,false,TARGET_SPECIFIC_EVALUATION_REQUIRED,W10 candidate seed only; no predictive usefulness or promotion is claimed.
FC-000667,RF-000768,SRC-001,SportsDataverse,drives,yards,drives_field_position,HISTORICAL_AGGREGATE_ONLY,PIT_HISTORICAL_AGGREGATION_INPUT,PURE_AND_MARKET_ELIGIBLE,LAGGED_LAST;ROLLING_MEAN_COUNT;EWMA;LINEAR_TREND;RATE_PER_OPPORTUNITY;OPPONENT_ADJUSTED_RESIDUAL;MATCHUP_DIFFERENCE,EXPERIMENTAL,false,TARGET_SPECIFIC_EVALUATION_REQUIRED,W10 candidate seed only; no predictive usefulness or promotion is claimed.
FC-000668,RF-000769,SRC-001,SportsDataverse,drives,is_score,drives_field_position,HISTORICAL_AGGREGATE_ONLY,PIT_HISTORICAL_AGGREGATION_INPUT,PURE_AND_MARKET_ELIGIBLE,LAGGED_LAST;ROLLING_MEAN_COUNT;EWMA;LINEAR_TREND;RATE_PER_OPPORTUNITY;OPPONENT_ADJUSTED_RESIDUAL;MATCHUP_DIFFERENCE,EXPERIMENTAL,false,TARGET_SPECIFIC_EVALUATION_REQUIRED,W10 candidate seed only; no predictive usefulness or promotion is claimed.
FC-000669,RF-000770,SRC-001,SportsDataverse,drives,offensive_plays,drives_field_position,HISTORICAL_AGGREGATE_ONLY,PIT_HISTORICAL_AGGREGATION_INPUT,PURE_AND_MARKET_ELIGIBLE,LAGGED_LAST;ROLLING_MEAN_COUNT;EWMA;LINEAR_TREND;RATE_PER_OPPORTUNITY;OPPONENT_ADJUSTED_RESIDUAL;MATCHUP_DIFFERENCE,EXPERIMENTAL,false,TARGET_SPECIFIC_EVALUATION_REQUIRED,W10 candidate seed only; no predictive usefulness or promotion is claimed.
FC-000670,RF-000771,SRC-001,SportsDataverse,drives,result,drives_field_position,HISTORICAL_AGGREGATE_ONLY,PIT_HISTORICAL_AGGREGATION_INPUT,PURE_AND_MARKET_ELIGIBLE,LAGGED_LAST;ROLLING_MEAN_COUNT;EWMA;LINEAR_TREND;RATE_PER_OPPORTUNITY;OPPONENT_ADJUSTED_RESIDUAL;MATCHUP_DIFFERENCE,EXPERIMENTAL,false,TARGET_SPECIFIC_EVALUATION_REQUIRED,W10 candidate seed only; no predictive usefulness or promotion is claimed.
FC-000671,RF-000772,SRC-001,SportsDataverse,drives,short_display_result,drives_field_position,HISTORICAL_AGGREGATE_ONLY,PIT_HISTORICAL_AGGREGATION_INPUT,PURE_AND_MARKET_ELIGIBLE,LAGGED_LAST;ROLLING_MEAN_COUNT;EWMA;LINEAR_TREND;RATE_PER_OPPORTUNITY;OPPONENT_ADJUSTED_RESIDUAL;MATCHUP_DIFFERENCE,EXPERIMENTAL,false,TARGET_SPECIFIC_EVALUATION_REQUIRED,W10 candidate seed only; no predictive usefulness or promotion is claimed.
FC-000672,RF-000773,SRC-001,SportsDataverse,drives,display_result,drives_field_position,HISTORICAL_AGGREGATE_ONLY,PIT_HISTORICAL_AGGREGATION_INPUT,PURE_AND_MARKET_ELIGIBLE,LAGGED_LAST;ROLLING_MEAN_COUNT;EWMA;LINEAR_TREND;RATE_PER_OPPORTUNITY;OPPONENT_ADJUSTED_RESIDUAL;MATCHUP_DIFFERENCE,EXPERIMENTAL,false,TARGET_SPECIFIC_EVALUATION_REQUIRED,W10 candidate seed only; no predictive usefulness or promotion is claimed.
FC-000673,RF-000774,SRC-001,SportsDataverse,drives,game_id,drives_field_position,HISTORICAL_AGGREGATE_ONLY,PIT_HISTORICAL_AGGREGATION_INPUT,PURE_AND_MARKET_ELIGIBLE,LAGGED_LAST;ROLLING_MEAN_COUNT;EWMA;LINEAR_TREND;RATE_PER_OPPORTUNITY;OPPONENT_ADJUSTED_RESIDUAL;MATCHUP_DIFFERENCE,EXPERIMENTAL,false,TARGET_SPECIFIC_EVALUATION_REQUIRED,W10 candidate seed only; no predictive usefulness or promotion is claimed.
FC-000674,RF-000775,SRC-001,SportsDataverse,drives,season,drives_field_position,HISTORICAL_AGGREGATE_ONLY,PIT_HISTORICAL_AGGREGATION_INPUT,PURE_AND_MARKET_ELIGIBLE,LAGGED_LAST;ROLLING_MEAN_COUNT;EWMA;LINEAR_TREND;RATE_PER_OPPORTUNITY;OPPONENT_ADJUSTED_RESIDUAL;MATCHUP_DIFFERENCE,EXPERIMENTAL,false,TARGET_SPECIFIC_EVALUATION_REQUIRED,W10 candidate seed only; no predictive usefulness or promotion is claimed.
FC-000675,RF-000776,SRC-001,SportsDataverse,drives,week,drives_field_position,HISTORICAL_AGGREGATE_ONLY,PIT_HISTORICAL_AGGREGATION_INPUT,PURE_AND_MARKET_ELIGIBLE,LAGGED_LAST;ROLLING_MEAN_COUNT;EWMA;LINEAR_TREND;RATE_PER_OPPORTUNITY;OPPONENT_ADJUSTED_RESIDUAL;MATCHUP_DIFFERENCE,EXPERIMENTAL,false,TARGET_SPECIFIC_EVALUATION_REQUIRED,W10 candidate seed only; no predictive usefulness or promotion is claimed.
FC-000676,RF-000847,SRC-001,SportsDataverse,betting,game_id,market_betting,ASOF_RECONSTRUCTION_REQUIRED,ASOF_RECONSTRUCTION_REQUIRED,MARKET_AUGMENTED_ONLY,ASOF_VALUE;PRIOR_CHANGE,EXPERIMENTAL,false,TARGET_SPECIFIC_EVALUATION_REQUIRED,W10 candidate seed only; no predictive usefulness or promotion is claimed.
FC-000677,RF-000848,SRC-001,SportsDataverse,betting,season,market_betting,ASOF_RECONSTRUCTION_REQUIRED,ASOF_RECONSTRUCTION_REQUIRED,MARKET_AUGMENTED_ONLY,ASOF_VALUE;PRIOR_CHANGE,EXPERIMENTAL,false,TARGET_SPECIFIC_EVALUATION_REQUIRED,W10 candidate seed only; no predictive usefulness or promotion is claimed.
FC-000678,RF-000849,SRC-001,SportsDataverse,betting,week,market_betting,ASOF_RECONSTRUCTION_REQUIRED,ASOF_RECONSTRUCTION_REQUIRED,MARKET_AUGMENTED_ONLY,ASOF_VALUE;PRIOR_CHANGE,EXPERIMENTAL,false,TARGET_SPECIFIC_EVALUATION_REQUIRED,W10 candidate seed only; no predictive usefulness or promotion is claimed.
FC-000679,RF-000850,SRC-001,SportsDataverse,betting,game_spread,market_betting,ASOF_RECONSTRUCTION_REQUIRED,ASOF_RECONSTRUCTION_REQUIRED,MARKET_AUGMENTED_ONLY,ASOF_VALUE;PRIOR_CHANGE,EXPERIMENTAL,false,TARGET_SPECIFIC_EVALUATION_REQUIRED,W10 candidate seed only; no predictive usefulness or promotion is claimed.
FC-000680,RF-000851,SRC-001,SportsDataverse,betting,over_under,market_betting,ASOF_RECONSTRUCTION_REQUIRED,ASOF_RECONSTRUCTION_REQUIRED,MARKET_AUGMENTED_ONLY,ASOF_VALUE;PRIOR_CHANGE,EXPERIMENTAL,false,TARGET_SPECIFIC_EVALUATION_REQUIRED,W10 candidate seed only; no predictive usefulness or promotion is claimed.
FC-000681,RF-000852,SRC-001,SportsDataverse,betting,home_favorite,market_betting,ASOF_RECONSTRUCTION_REQUIRED,ASOF_RECONSTRUCTION_REQUIRED,MARKET_AUGMENTED_ONLY,ASOF_VALUE;PRIOR_CHANGE,EXPERIMENTAL,false,TARGET_SPECIFIC_EVALUATION_REQUIRED,W10 candidate seed only; no predictive usefulness or promotion is claimed.
FC-000682,RF-000853,SRC-001,SportsDataverse,betting,home_team_spread,market_betting,ASOF_RECONSTRUCTION_REQUIRED,ASOF_RECONSTRUCTION_REQUIRED,MARKET_AUGMENTED_ONLY,ASOF_VALUE;PRIOR_CHANGE,EXPERIMENTAL,false,TARGET_SPECIFIC_EVALUATION_REQUIRED,W10 candidate seed only; no predictive usefulness or promotion is claimed.
FC-000683,RF-000854,SRC-001,SportsDataverse,betting,game_spread_available,market_betting,ASOF_RECONSTRUCTION_REQUIRED,ASOF_RECONSTRUCTION_REQUIRED,MARKET_AUGMENTED_ONLY,ASOF_VALUE;PRIOR_CHANGE,EXPERIMENTAL,false,TARGET_SPECIFIC_EVALUATION_REQUIRED,W10 candidate seed only; no predictive usefulness or promotion is claimed.
FC-000684,RF-000855,SRC-001,SportsDataverse,betting,odds_source,market_betting,ASOF_RECONSTRUCTION_REQUIRED,ASOF_RECONSTRUCTION_REQUIRED,MARKET_AUGMENTED_ONLY,ASOF_VALUE;PRIOR_CHANGE,EXPERIMENTAL,false,TARGET_SPECIFIC_EVALUATION_REQUIRED,W10 candidate seed only; no predictive usefulness or promotion is claimed.
FC-000685,RF-000891,SRC-001,SportsDataverse,linescores,period,game_state_tempo_clock,HISTORICAL_AGGREGATE_ONLY,PIT_HISTORICAL_AGGREGATION_INPUT,PURE_AND_MARKET_ELIGIBLE,LAGGED_LAST;ROLLING_MEAN_COUNT;EWMA;LINEAR_TREND;RATE_PER_OPPORTUNITY;OPPONENT_ADJUSTED_RESIDUAL;MATCHUP_DIFFERENCE,EXPERIMENTAL,false,TARGET_SPECIFIC_EVALUATION_REQUIRED,W10 candidate seed only; no predictive usefulness or promotion is claimed.
FC-000686,RF-000892,SRC-001,SportsDataverse,linescores,value,other,HISTORICAL_AGGREGATE_ONLY,PIT_HISTORICAL_AGGREGATION_INPUT,PURE_AND_MARKET_ELIGIBLE,LAGGED_LAST;ROLLING_MEAN_COUNT;EWMA;LINEAR_TREND,EXPERIMENTAL,false,TARGET_SPECIFIC_EVALUATION_REQUIRED,W10 candidate seed only; no predictive usefulness or promotion is claimed.
FC-000687,RF-000894,SRC-001,SportsDataverse,linescores,season,other,HISTORICAL_AGGREGATE_ONLY,PIT_HISTORICAL_AGGREGATION_INPUT,PURE_AND_MARKET_ELIGIBLE,LAGGED_LAST;ROLLING_MEAN_COUNT;EWMA;LINEAR_TREND,EXPERIMENTAL,false,TARGET_SPECIFIC_EVALUATION_REQUIRED,W10 candidate seed only; no predictive usefulness or promotion is claimed.
FC-000688,RF-000895,SRC-001,SportsDataverse,power_index,game_id,ratings_power,ASOF_RECONSTRUCTION_REQUIRED,ASOF_RECONSTRUCTION_REQUIRED,PURE_AND_MARKET_ELIGIBLE,ASOF_VALUE;PRIOR_CHANGE,EXPERIMENTAL,false,TARGET_SPECIFIC_EVALUATION_REQUIRED,W10 candidate seed only; no predictive usefulness or promotion is claimed.
FC-000689,RF-000896,SRC-001,SportsDataverse,power_index,season,ratings_power,ASOF_RECONSTRUCTION_REQUIRED,ASOF_RECONSTRUCTION_REQUIRED,PURE_AND_MARKET_ELIGIBLE,ASOF_VALUE;PRIOR_CHANGE,EXPERIMENTAL,false,TARGET_SPECIFIC_EVALUATION_REQUIRED,W10 candidate seed only; no predictive usefulness or promotion is claimed.
FC-000690,RF-000897,SRC-001,SportsDataverse,power_index,team_id,ratings_power,ASOF_RECONSTRUCTION_REQUIRED,ASOF_RECONSTRUCTION_REQUIRED,PURE_AND_MARKET_ELIGIBLE,ASOF_VALUE;PRIOR_CHANGE,EXPERIMENTAL,false,TARGET_SPECIFIC_EVALUATION_REQUIRED,W10 candidate seed only; no predictive usefulness or promotion is claimed.
FC-000691,RF-000898,SRC-001,SportsDataverse,power_index,team_name,ratings_power,ASOF_RECONSTRUCTION_REQUIRED,ASOF_RECONSTRUCTION_REQUIRED,PURE_AND_MARKET_ELIGIBLE,ASOF_VALUE;PRIOR_CHANGE,EXPERIMENTAL,false,TARGET_SPECIFIC_EVALUATION_REQUIRED,W10 candidate seed only; no predictive usefulness or promotion is claimed.
FC-000692,RF-000899,SRC-001,SportsDataverse,power_index,team_abbreviation,ratings_power,ASOF_RECONSTRUCTION_REQUIRED,ASOF_RECONSTRUCTION_REQUIRED,PURE_AND_MARKET_ELIGIBLE,ASOF_VALUE;PRIOR_CHANGE,EXPERIMENTAL,false,TARGET_SPECIFIC_EVALUATION_REQUIRED,W10 candidate seed only; no predictive usefulness or promotion is claimed.
FC-000693,RF-000900,SRC-001,SportsDataverse,power_index,team_location,ratings_power,ASOF_RECONSTRUCTION_REQUIRED,ASOF_RECONSTRUCTION_REQUIRED,PURE_AND_MARKET_ELIGIBLE,ASOF_VALUE;PRIOR_CHANGE,EXPERIMENTAL,false,TARGET_SPECIFIC_EVALUATION_REQUIRED,W10 candidate seed only; no predictive usefulness or promotion is claimed.
FC-000694,RF-000901,SRC-001,SportsDataverse,power_index,team_display_name,ratings_power,ASOF_RECONSTRUCTION_REQUIRED,ASOF_RECONSTRUCTION_REQUIRED,PURE_AND_MARKET_ELIGIBLE,ASOF_VALUE;PRIOR_CHANGE,EXPERIMENTAL,false,TARGET_SPECIFIC_EVALUATION_REQUIRED,W10 candidate seed only; no predictive usefulness or promotion is claimed.
FC-000695,RF-000902,SRC-001,SportsDataverse,power_index,team_short_display_name,ratings_power,ASOF_RECONSTRUCTION_REQUIRED,ASOF_RECONSTRUCTION_REQUIRED,PURE_AND_MARKET_ELIGIBLE,ASOF_VALUE;PRIOR_CHANGE,EXPERIMENTAL,false,TARGET_SPECIFIC_EVALUATION_REQUIRED,W10 candidate seed only; no predictive usefulness or promotion is claimed.
FC-000696,RF-000903,SRC-001,SportsDataverse,power_index,team_nickname,ratings_power,ASOF_RECONSTRUCTION_REQUIRED,ASOF_RECONSTRUCTION_REQUIRED,PURE_AND_MARKET_ELIGIBLE,ASOF_VALUE;PRIOR_CHANGE,EXPERIMENTAL,false,TARGET_SPECIFIC_EVALUATION_REQUIRED,W10 candidate seed only; no predictive usefulness or promotion is claimed.
FC-000697,RF-000904,SRC-001,SportsDataverse,power_index,team_color,ratings_power,ASOF_RECONSTRUCTION_REQUIRED,ASOF_RECONSTRUCTION_REQUIRED,PURE_AND_MARKET_ELIGIBLE,ASOF_VALUE;PRIOR_CHANGE,EXPERIMENTAL,false,TARGET_SPECIFIC_EVALUATION_REQUIRED,W10 candidate seed only; no predictive usefulness or promotion is claimed.
FC-000698,RF-000905,SRC-001,SportsDataverse,power_index,team_alternate_color,ratings_power,ASOF_RECONSTRUCTION_REQUIRED,ASOF_RECONSTRUCTION_REQUIRED,PURE_AND_MARKET_ELIGIBLE,ASOF_VALUE;PRIOR_CHANGE,EXPERIMENTAL,false,TARGET_SPECIFIC_EVALUATION_REQUIRED,W10 candidate seed only; no predictive usefulness or promotion is claimed.
FC-000699,RF-000906,SRC-001,SportsDataverse,power_index,team_logo_href,ratings_power,ASOF_RECONSTRUCTION_REQUIRED,ASOF_RECONSTRUCTION_REQUIRED,PURE_AND_MARKET_ELIGIBLE,ASOF_VALUE;PRIOR_CHANGE,EXPERIMENTAL,false,TARGET_SPECIFIC_EVALUATION_REQUIRED,W10 candidate seed only; no predictive usefulness or promotion is claimed.
FC-000700,RF-000907,SRC-001,SportsDataverse,power_index,team_logo_dark_href,ratings_power,ASOF_RECONSTRUCTION_REQUIRED,ASOF_RECONSTRUCTION_REQUIRED,PURE_AND_MARKET_ELIGIBLE,ASOF_VALUE;PRIOR_CHANGE,EXPERIMENTAL,false,TARGET_SPECIFIC_EVALUATION_REQUIRED,W10 candidate seed only; no predictive usefulness or promotion is claimed.
FC-000701,RF-000908,SRC-001,SportsDataverse,power_index,stat_name,ratings_power,ASOF_RECONSTRUCTION_REQUIRED,ASOF_RECONSTRUCTION_REQUIRED,PURE_AND_MARKET_ELIGIBLE,ASOF_VALUE;PRIOR_CHANGE,EXPERIMENTAL,false,TARGET_SPECIFIC_EVALUATION_REQUIRED,W10 candidate seed only; no predictive usefulness or promotion is claimed.
FC-000702,RF-000909,SRC-001,SportsDataverse,power_index,abbreviation,ratings_power,ASOF_RECONSTRUCTION_REQUIRED,ASOF_RECONSTRUCTION_REQUIRED,PURE_AND_MARKET_ELIGIBLE,ASOF_VALUE;PRIOR_CHANGE,EXPERIMENTAL,false,TARGET_SPECIFIC_EVALUATION_REQUIRED,W10 candidate seed only; no predictive usefulness or promotion is claimed.
FC-000703,RF-000910,SRC-001,SportsDataverse,power_index,display_name,ratings_power,ASOF_RECONSTRUCTION_REQUIRED,ASOF_RECONSTRUCTION_REQUIRED,PURE_AND_MARKET_ELIGIBLE,ASOF_VALUE;PRIOR_CHANGE,EXPERIMENTAL,false,TARGET_SPECIFIC_EVALUATION_REQUIRED,W10 candidate seed only; no predictive usefulness or promotion is claimed.
FC-000704,RF-000911,SRC-001,SportsDataverse,power_index,short_display_name,ratings_power,ASOF_RECONSTRUCTION_REQUIRED,ASOF_RECONSTRUCTION_REQUIRED,PURE_AND_MARKET_ELIGIBLE,ASOF_VALUE;PRIOR_CHANGE,EXPERIMENTAL,false,TARGET_SPECIFIC_EVALUATION_REQUIRED,W10 candidate seed only; no predictive usefulness or promotion is claimed.
FC-000705,RF-000912,SRC-001,SportsDataverse,power_index,value,ratings_power,ASOF_RECONSTRUCTION_REQUIRED,ASOF_RECONSTRUCTION_REQUIRED,PURE_AND_MARKET_ELIGIBLE,ASOF_VALUE;PRIOR_CHANGE,EXPERIMENTAL,false,TARGET_SPECIFIC_EVALUATION_REQUIRED,W10 candidate seed only; no predictive usefulness or promotion is claimed.
FC-000706,RF-000913,SRC-001,SportsDataverse,power_index,display_value,ratings_power,ASOF_RECONSTRUCTION_REQUIRED,ASOF_RECONSTRUCTION_REQUIRED,PURE_AND_MARKET_ELIGIBLE,ASOF_VALUE;PRIOR_CHANGE,EXPERIMENTAL,false,TARGET_SPECIFIC_EVALUATION_REQUIRED,W10 candidate seed only; no predictive usefulness or promotion is claimed.
FC-000707,RF-000914,SRC-001,SportsDataverse,power_index,description,ratings_power,ASOF_RECONSTRUCTION_REQUIRED,ASOF_RECONSTRUCTION_REQUIRED,PURE_AND_MARKET_ELIGIBLE,ASOF_VALUE;PRIOR_CHANGE,EXPERIMENTAL,false,TARGET_SPECIFIC_EVALUATION_REQUIRED,W10 candidate seed only; no predictive usefulness or promotion is claimed.
FC-000708,RF-000915,SRC-001,SportsDataverse,power_index,powerindex_ref,ratings_power,ASOF_RECONSTRUCTION_REQUIRED,ASOF_RECONSTRUCTION_REQUIRED,PURE_AND_MARKET_ELIGIBLE,ASOF_VALUE;PRIOR_CHANGE,EXPERIMENTAL,false,TARGET_SPECIFIC_EVALUATION_REQUIRED,W10 candidate seed only; no predictive usefulness or promotion is claimed.
FC-000709,RF-000916,SRC-001,SportsDataverse,power_index,team_ref,ratings_power,ASOF_RECONSTRUCTION_REQUIRED,ASOF_RECONSTRUCTION_REQUIRED,PURE_AND_MARKET_ELIGIBLE,ASOF_VALUE;PRIOR_CHANGE,EXPERIMENTAL,false,TARGET_SPECIFIC_EVALUATION_REQUIRED,W10 candidate seed only; no predictive usefulness or promotion is claimed.
FC-000710,RF-000917,SRC-001,SportsDataverse,injuries,team_id,injuries_availability,ASOF_RECONSTRUCTION_REQUIRED,ASOF_RECONSTRUCTION_REQUIRED,PURE_AND_MARKET_ELIGIBLE,ASOF_VALUE;PRIOR_CHANGE;MISSINGNESS_INDICATOR,EXPERIMENTAL,false,TARGET_SPECIFIC_EVALUATION_REQUIRED,W10 candidate seed only; no predictive usefulness or promotion is claimed.
FC-000711,RF-000918,SRC-001,SportsDataverse,injuries,athlete_name,injuries_availability,ASOF_RECONSTRUCTION_REQUIRED,ASOF_RECONSTRUCTION_REQUIRED,PURE_AND_MARKET_ELIGIBLE,ASOF_VALUE;PRIOR_CHANGE;MISSINGNESS_INDICATOR,EXPERIMENTAL,false,TARGET_SPECIFIC_EVALUATION_REQUIRED,W10 candidate seed only; no predictive usefulness or promotion is claimed.
FC-000712,RF-000919,SRC-001,SportsDataverse,injuries,status,injuries_availability,ASOF_RECONSTRUCTION_REQUIRED,ASOF_RECONSTRUCTION_REQUIRED,PURE_AND_MARKET_ELIGIBLE,ASOF_VALUE;PRIOR_CHANGE;MISSINGNESS_INDICATOR,EXPERIMENTAL,false,TARGET_SPECIFIC_EVALUATION_REQUIRED,W10 candidate seed only; no predictive usefulness or promotion is claimed.
FC-000713,RF-000920,SRC-001,SportsDataverse,injuries,type,injuries_availability,ASOF_RECONSTRUCTION_REQUIRED,ASOF_RECONSTRUCTION_REQUIRED,PURE_AND_MARKET_ELIGIBLE,ASOF_VALUE;PRIOR_CHANGE;MISSINGNESS_INDICATOR,EXPERIMENTAL,false,TARGET_SPECIFIC_EVALUATION_REQUIRED,W10 candidate seed only; no predictive usefulness or promotion is claimed.
FC-000714,RF-000921,SRC-001,SportsDataverse,injuries,date,injuries_availability,ASOF_RECONSTRUCTION_REQUIRED,ASOF_RECONSTRUCTION_REQUIRED,PURE_AND_MARKET_ELIGIBLE,ASOF_VALUE;PRIOR_CHANGE;MISSINGNESS_INDICATOR,EXPERIMENTAL,false,TARGET_SPECIFIC_EVALUATION_REQUIRED,W10 candidate seed only; no predictive usefulness or promotion is claimed.
FC-000715,RF-000922,SRC-001,SportsDataverse,injuries,position,injuries_availability,ASOF_RECONSTRUCTION_REQUIRED,ASOF_RECONSTRUCTION_REQUIRED,PURE_AND_MARKET_ELIGIBLE,ASOF_VALUE;PRIOR_CHANGE;MISSINGNESS_INDICATOR,EXPERIMENTAL,false,TARGET_SPECIFIC_EVALUATION_REQUIRED,W10 candidate seed only; no predictive usefulness or promotion is claimed.
FC-000716,RF-000923,SRC-001,SportsDataverse,injuries,id,injuries_availability,ASOF_RECONSTRUCTION_REQUIRED,ASOF_RECONSTRUCTION_REQUIRED,PURE_AND_MARKET_ELIGIBLE,ASOF_VALUE;PRIOR_CHANGE;MISSINGNESS_INDICATOR,EXPERIMENTAL,false,TARGET_SPECIFIC_EVALUATION_REQUIRED,W10 candidate seed only; no predictive usefulness or promotion is claimed.
FC-000717,RF-000924,SRC-001,SportsDataverse,injuries,short_comment,injuries_availability,ASOF_RECONSTRUCTION_REQUIRED,ASOF_RECONSTRUCTION_REQUIRED,PURE_AND_MARKET_ELIGIBLE,ASOF_VALUE;PRIOR_CHANGE;MISSINGNESS_INDICATOR,EXPERIMENTAL,false,TARGET_SPECIFIC_EVALUATION_REQUIRED,W10 candidate seed only; no predictive usefulness or promotion is claimed.
FC-000718,RF-000925,SRC-001,SportsDataverse,injuries,long_comment,injuries_availability,ASOF_RECONSTRUCTION_REQUIRED,ASOF_RECONSTRUCTION_REQUIRED,PURE_AND_MARKET_ELIGIBLE,ASOF_VALUE;PRIOR_CHANGE;MISSINGNESS_INDICATOR,EXPERIMENTAL,false,TARGET_SPECIFIC_EVALUATION_REQUIRED,W10 candidate seed only; no predictive usefulness or promotion is claimed.
FC-000719,RF-000926,SRC-001,SportsDataverse,injuries,game_id,injuries_availability,ASOF_RECONSTRUCTION_REQUIRED,ASOF_RECONSTRUCTION_REQUIRED,PURE_AND_MARKET_ELIGIBLE,ASOF_VALUE;PRIOR_CHANGE;MISSINGNESS_INDICATOR,EXPERIMENTAL,false,TARGET_SPECIFIC_EVALUATION_REQUIRED,W10 candidate seed only; no predictive usefulness or promotion is claimed.
FC-000720,RF-000927,SRC-001,SportsDataverse,injuries,season,injuries_availability,ASOF_RECONSTRUCTION_REQUIRED,ASOF_RECONSTRUCTION_REQUIRED,PURE_AND_MARKET_ELIGIBLE,ASOF_VALUE;PRIOR_CHANGE;MISSINGNESS_INDICATOR,EXPERIMENTAL,false,TARGET_SPECIFIC_EVALUATION_REQUIRED,W10 candidate seed only; no predictive usefulness or promotion is claimed.
FC-000721,RF-000928,SRC-001,SportsDataverse,injuries,week,injuries_availability,ASOF_RECONSTRUCTION_REQUIRED,ASOF_RECONSTRUCTION_REQUIRED,PURE_AND_MARKET_ELIGIBLE,ASOF_VALUE;PRIOR_CHANGE;MISSINGNESS_INDICATOR,EXPERIMENTAL,false,TARGET_SPECIFIC_EVALUATION_REQUIRED,W10 candidate seed only; no predictive usefulness or promotion is claimed.
FC-000722,RF-001170,SRC-007/SRC-004,EADA,resource_feature_candidate,eada_football_expense_log,program_resources,ASOF_RECONSTRUCTION_REQUIRED,ASOF_RECONSTRUCTION_REQUIRED,PURE_AND_MARKET_ELIGIBLE,ASOF_VALUE;PRIOR_CHANGE;MISSINGNESS_INDICATOR,EXPERIMENTAL,false,TARGET_SPECIFIC_EVALUATION_REQUIRED,W10 candidate seed only; no predictive usefulness or promotion is claimed.
FC-000723,RF-001171,SRC-007/SRC-004,EADA,resource_feature_candidate,eada_football_expense_fbs_percentile,program_resources,ASOF_RECONSTRUCTION_REQUIRED,ASOF_RECONSTRUCTION_REQUIRED,PURE_AND_MARKET_ELIGIBLE,ASOF_VALUE;PRIOR_CHANGE;MISSINGNESS_INDICATOR,EXPERIMENTAL,false,TARGET_SPECIFIC_EVALUATION_REQUIRED,W10 candidate seed only; no predictive usefulness or promotion is claimed.
FC-000724,RF-001172,SRC-007/SRC-004,EADA,resource_feature_candidate,eada_football_expense_conference_percentile,program_resources,ASOF_RECONSTRUCTION_REQUIRED,ASOF_RECONSTRUCTION_REQUIRED,PURE_AND_MARKET_ELIGIBLE,ASOF_VALUE;PRIOR_CHANGE;MISSINGNESS_INDICATOR,EXPERIMENTAL,false,TARGET_SPECIFIC_EVALUATION_REQUIRED,W10 candidate seed only; no predictive usefulness or promotion is claimed.
FC-000725,RF-001173,SRC-007/SRC-004,EADA,resource_feature_candidate,eada_football_revenue_log,program_resources,ASOF_RECONSTRUCTION_REQUIRED,ASOF_RECONSTRUCTION_REQUIRED,PURE_AND_MARKET_ELIGIBLE,ASOF_VALUE;PRIOR_CHANGE;MISSINGNESS_INDICATOR,EXPERIMENTAL,false,TARGET_SPECIFIC_EVALUATION_REQUIRED,W10 candidate seed only; no predictive usefulness or promotion is claimed.
FC-000726,RF-001174,SRC-007/SRC-004,EADA,resource_feature_candidate,eada_football_rev_exp_ratio,program_resources,ASOF_RECONSTRUCTION_REQUIRED,ASOF_RECONSTRUCTION_REQUIRED,PURE_AND_MARKET_ELIGIBLE,ASOF_VALUE;PRIOR_CHANGE;MISSINGNESS_INDICATOR,EXPERIMENTAL,false,TARGET_SPECIFIC_EVALUATION_REQUIRED,W10 candidate seed only; no predictive usefulness or promotion is claimed.
FC-000727,RF-001175,SRC-007/SRC-004,EADA,resource_feature_candidate,eada_mens_recruiting_expense_log,program_resources,ASOF_RECONSTRUCTION_REQUIRED,ASOF_RECONSTRUCTION_REQUIRED,PURE_AND_MARKET_ELIGIBLE,ASOF_VALUE;PRIOR_CHANGE;MISSINGNESS_INDICATOR,EXPERIMENTAL,false,TARGET_SPECIFIC_EVALUATION_REQUIRED,W10 candidate seed only; no predictive usefulness or promotion is claimed.
FC-000728,RF-001176,SRC-007/SRC-004,EADA,resource_feature_candidate,eada_mens_head_coach_salary_avg_log,program_resources,ASOF_RECONSTRUCTION_REQUIRED,ASOF_RECONSTRUCTION_REQUIRED,PURE_AND_MARKET_ELIGIBLE,ASOF_VALUE;PRIOR_CHANGE;MISSINGNESS_INDICATOR,EXPERIMENTAL,false,TARGET_SPECIFIC_EVALUATION_REQUIRED,W10 candidate seed only; no predictive usefulness or promotion is claimed.
FC-000729,RF-001177,SRC-007/SRC-004,EADA,resource_feature_candidate,eada_mens_asst_coach_salary_avg_log,program_resources,ASOF_RECONSTRUCTION_REQUIRED,ASOF_RECONSTRUCTION_REQUIRED,PURE_AND_MARKET_ELIGIBLE,ASOF_VALUE;PRIOR_CHANGE;MISSINGNESS_INDICATOR,EXPERIMENTAL,false,TARGET_SPECIFIC_EVALUATION_REQUIRED,W10 candidate seed only; no predictive usefulness or promotion is claimed.
FC-000730,RF-001178,SRC-007/SRC-004,Knight/MFRS,resource_feature_candidate,mfrs_football_spending_log,program_resources,ASOF_RECONSTRUCTION_REQUIRED,ASOF_RECONSTRUCTION_REQUIRED,PURE_AND_MARKET_ELIGIBLE,ASOF_VALUE;PRIOR_CHANGE;MISSINGNESS_INDICATOR,EXPERIMENTAL,false,TARGET_SPECIFIC_EVALUATION_REQUIRED,W10 candidate seed only; no predictive usefulness or promotion is claimed.
FC-000731,RF-001179,SRC-007/SRC-004,Knight/MFRS,resource_feature_candidate,mfrs_football_spending_fbs_percentile,program_resources,ASOF_RECONSTRUCTION_REQUIRED,ASOF_RECONSTRUCTION_REQUIRED,PURE_AND_MARKET_ELIGIBLE,ASOF_VALUE;PRIOR_CHANGE;MISSINGNESS_INDICATOR,EXPERIMENTAL,false,TARGET_SPECIFIC_EVALUATION_REQUIRED,W10 candidate seed only; no predictive usefulness or promotion is claimed.
FC-000732,RF-001180,SRC-007/SRC-004,Knight/MFRS,resource_feature_candidate,mfrs_football_coaching_salary_log,program_resources,ASOF_RECONSTRUCTION_REQUIRED,ASOF_RECONSTRUCTION_REQUIRED,PURE_AND_MARKET_ELIGIBLE,ASOF_VALUE;PRIOR_CHANGE;MISSINGNESS_INDICATOR,EXPERIMENTAL,false,TARGET_SPECIFIC_EVALUATION_REQUIRED,W10 candidate seed only; no predictive usefulness or promotion is claimed.
FC-000733,RF-001181,SRC-007/SRC-004,Knight/MFRS,resource_feature_candidate,mfrs_facilities_debt_equipment_log,program_resources,ASOF_RECONSTRUCTION_REQUIRED,ASOF_RECONSTRUCTION_REQUIRED,PURE_AND_MARKET_ELIGIBLE,ASOF_VALUE;PRIOR_CHANGE;MISSINGNESS_INDICATOR,EXPERIMENTAL,false,TARGET_SPECIFIC_EVALUATION_REQUIRED,W10 candidate seed only; no predictive usefulness or promotion is claimed.
FC-000734,RF-001182,SRC-007/SRC-004,Knight/MFRS,resource_feature_candidate,mfrs_non_coaching_staff_comp_log,program_resources,ASOF_RECONSTRUCTION_REQUIRED,ASOF_RECONSTRUCTION_REQUIRED,PURE_AND_MARKET_ELIGIBLE,ASOF_VALUE;PRIOR_CHANGE;MISSINGNESS_INDICATOR,EXPERIMENTAL,false,TARGET_SPECIFIC_EVALUATION_REQUIRED,W10 candidate seed only; no predictive usefulness or promotion is claimed.
FC-000735,RF-001183,SRC-007/SRC-004,Knight/MFRS,resource_feature_candidate,mfrs_donor_contributions_log,program_resources,ASOF_RECONSTRUCTION_REQUIRED,ASOF_RECONSTRUCTION_REQUIRED,PURE_AND_MARKET_ELIGIBLE,ASOF_VALUE;PRIOR_CHANGE;MISSINGNESS_INDICATOR,EXPERIMENTAL,false,TARGET_SPECIFIC_EVALUATION_REQUIRED,W10 candidate seed only; no predictive usefulness or promotion is claimed.
FC-000736,RF-001184,SRC-007/SRC-004,learned,resource_feature_candidate,resource_capacity_latent,program_resources,ASOF_RECONSTRUCTION_REQUIRED,ASOF_RECONSTRUCTION_REQUIRED,PURE_AND_MARKET_ELIGIBLE,ASOF_VALUE;PRIOR_CHANGE;MISSINGNESS_INDICATOR,EXPERIMENTAL,false,TARGET_SPECIFIC_EVALUATION_REQUIRED,W10 candidate seed only; no predictive usefulness or promotion is claimed.
