raw_field_id,source_id,source,dataset_or_model,field_path,grain,documented_type,observed_type,description,feature_family,raw_temporal_class,normalized_temporal_class,usage_class,leakage_review,classification_origin,classification_preserved,population_missingness_status,sample_missingness_name_match_count,sample_missingness_caveat,join_role,handoff_state,w10_candidate_experiment_allowed,pit_gateway_required,source_access_priority,source_license_status,source_redistribution_status,notes
RF-000001,SRC-001,SportsDataverse,play_by_play,game_play_number,one row per play,integer,UNMATERIALIZED_OR_NOT_SCANNED,Sequential play index within the game (1..N).,other,HISTORICAL_GAME_OUTPUT_USE_VIA_PRIOR_GAME_AGGREGATION,HISTORICAL_AGGREGATE_ONLY,CANDIDATE_OR_DERIVED,REQUIRED,RECON_UNIFIED_TEMPORAL_FIELD_REGISTRY_v1.2,true,UNMEASURED_UNTIL_SOURCE_MATERIALIZATION,1,NAME_MATCH_ONLY_NOT_POPULATION_EVIDENCE,NON_JOIN_OR_REVIEW,PIT_HISTORICAL_AGGREGATION_INPUT,true,true,PRIMARY,PUBLIC_REPOSITORY_UPSTREAM_TERMS_REVIEW,DERIVED_PUBLIC_REPO_REVIEW,W09 raw-field metadata only; no production feature adoption.
RF-000002,SRC-001,SportsDataverse,play_by_play,id,one row per play,double,UNMATERIALIZED_OR_NOT_SCANNED,ESPN unique play id (e.g. 401628455102926001); exceeds 32-bit int range so it is a double.,identity_metadata,HISTORICAL_GAME_OUTPUT_USE_VIA_PRIOR_GAME_AGGREGATION,HISTORICAL_AGGREGATE_ONLY,JOIN_OR_METADATA,REQUIRED,RECON_UNIFIED_TEMPORAL_FIELD_REGISTRY_v1.2,true,UNMEASURED_UNTIL_SOURCE_MATERIALIZATION,1,NAME_MATCH_ONLY_NOT_POPULATION_EVIDENCE,JOIN_OR_METADATA,EVIDENCE_OR_METADATA_ONLY,false,true,PRIMARY,PUBLIC_REPOSITORY_UPSTREAM_TERMS_REVIEW,DERIVED_PUBLIC_REPO_REVIEW,W09 raw-field metadata only; no production feature adoption.
RF-000003,SRC-001,SportsDataverse,play_by_play,sequenceNumber,one row per play,integer,UNMATERIALIZED_OR_NOT_SCANNED,ESPN play sequence ordering value within the game.,other,HISTORICAL_GAME_OUTPUT_USE_VIA_PRIOR_GAME_AGGREGATION,HISTORICAL_AGGREGATE_ONLY,CANDIDATE_OR_DERIVED,REQUIRED,RECON_UNIFIED_TEMPORAL_FIELD_REGISTRY_v1.2,true,UNMEASURED_UNTIL_SOURCE_MATERIALIZATION,1,NAME_MATCH_ONLY_NOT_POPULATION_EVIDENCE,NON_JOIN_OR_REVIEW,PIT_HISTORICAL_AGGREGATION_INPUT,true,true,PRIMARY,PUBLIC_REPOSITORY_UPSTREAM_TERMS_REVIEW,DERIVED_PUBLIC_REPO_REVIEW,W09 raw-field metadata only; no production feature adoption.
RF-000004,SRC-001,SportsDataverse,play_by_play,text,one row per play,character,UNMATERIALIZED_OR_NOT_SCANNED,Full play description text.,other,HISTORICAL_GAME_OUTPUT_USE_VIA_PRIOR_GAME_AGGREGATION,HISTORICAL_AGGREGATE_ONLY,CANDIDATE_OR_DERIVED,REQUIRED,RECON_UNIFIED_TEMPORAL_FIELD_REGISTRY_v1.2,true,UNMEASURED_UNTIL_SOURCE_MATERIALIZATION,1,NAME_MATCH_ONLY_NOT_POPULATION_EVIDENCE,NON_JOIN_OR_REVIEW,PIT_HISTORICAL_AGGREGATION_INPUT,true,true,PRIMARY,PUBLIC_REPOSITORY_UPSTREAM_TERMS_REVIEW,DERIVED_PUBLIC_REPO_REVIEW,W09 raw-field metadata only; no production feature adoption.
RF-000005,SRC-001,SportsDataverse,play_by_play,awayScore,one row per play,integer,UNMATERIALIZED_OR_NOT_SCANNED,Away team score after this play.,other,CURRENT_GAME_POSTSTART_NOT_DIRECT_PREGAME,CURRENT_GAME_OR_POSTGAME_NOT_DIRECT_PREGAME,HISTORICAL_TRANSFORM_ONLY,REQUIRED,RECON_UNIFIED_TEMPORAL_FIELD_REGISTRY_v1.2,true,UNMEASURED_UNTIL_SOURCE_MATERIALIZATION,1,NAME_MATCH_ONLY_NOT_POPULATION_EVIDENCE,NON_JOIN_OR_REVIEW,HISTORICAL_OR_LIVE_DERIVATION_ONLY,false,true,PRIMARY,PUBLIC_REPOSITORY_UPSTREAM_TERMS_REVIEW,DERIVED_PUBLIC_REPO_REVIEW,W09 raw-field metadata only; no production feature adoption.
RF-000006,SRC-001,SportsDataverse,play_by_play,homeScore,one row per play,integer,UNMATERIALIZED_OR_NOT_SCANNED,Home team score after this play.,other,CURRENT_GAME_POSTSTART_NOT_DIRECT_PREGAME,CURRENT_GAME_OR_POSTGAME_NOT_DIRECT_PREGAME,HISTORICAL_TRANSFORM_ONLY,REQUIRED,RECON_UNIFIED_TEMPORAL_FIELD_REGISTRY_v1.2,true,UNMEASURED_UNTIL_SOURCE_MATERIALIZATION,1,NAME_MATCH_ONLY_NOT_POPULATION_EVIDENCE,NON_JOIN_OR_REVIEW,HISTORICAL_OR_LIVE_DERIVATION_ONLY,false,true,PRIMARY,PUBLIC_REPOSITORY_UPSTREAM_TERMS_REVIEW,DERIVED_PUBLIC_REPO_REVIEW,W09 raw-field metadata only; no production feature adoption.
RF-000007,SRC-001,SportsDataverse,play_by_play,scoringPlay,one row per play,logical,UNMATERIALIZED_OR_NOT_SCANNED,TRUE if the play resulted in a score (ESPN flag).,other,HISTORICAL_GAME_OUTPUT_USE_VIA_PRIOR_GAME_AGGREGATION,HISTORICAL_AGGREGATE_ONLY,CANDIDATE_OR_DERIVED,REQUIRED,RECON_UNIFIED_TEMPORAL_FIELD_REGISTRY_v1.2,true,UNMEASURED_UNTIL_SOURCE_MATERIALIZATION,1,NAME_MATCH_ONLY_NOT_POPULATION_EVIDENCE,NON_JOIN_OR_REVIEW,PIT_HISTORICAL_AGGREGATION_INPUT,true,true,PRIMARY,PUBLIC_REPOSITORY_UPSTREAM_TERMS_REVIEW,DERIVED_PUBLIC_REPO_REVIEW,W09 raw-field metadata only; no production feature adoption.
RF-000008,SRC-001,SportsDataverse,play_by_play,priority,one row per play,logical,UNMATERIALIZED_OR_NOT_SCANNED,ESPN priority/highlight flag for the play.,other,HISTORICAL_GAME_OUTPUT_USE_VIA_PRIOR_GAME_AGGREGATION,HISTORICAL_AGGREGATE_ONLY,CANDIDATE_OR_DERIVED,REQUIRED,RECON_UNIFIED_TEMPORAL_FIELD_REGISTRY_v1.2,true,UNMEASURED_UNTIL_SOURCE_MATERIALIZATION,0,NO_DIRECT_SAMPLE_EVIDENCE_LINKED,NON_JOIN_OR_REVIEW,PIT_HISTORICAL_AGGREGATION_INPUT,true,true,PRIMARY,PUBLIC_REPOSITORY_UPSTREAM_TERMS_REVIEW,DERIVED_PUBLIC_REPO_REVIEW,W09 raw-field metadata only; no production feature adoption.
RF-000009,SRC-001,SportsDataverse,play_by_play,modified,one row per play,character,UNMATERIALIZED_OR_NOT_SCANNED,ISO timestamp of when ESPN last modified the play record.,other,HISTORICAL_GAME_OUTPUT_USE_VIA_PRIOR_GAME_AGGREGATION,HISTORICAL_AGGREGATE_ONLY,CANDIDATE_OR_DERIVED,REQUIRED,RECON_UNIFIED_TEMPORAL_FIELD_REGISTRY_v1.2,true,UNMEASURED_UNTIL_SOURCE_MATERIALIZATION,0,NO_DIRECT_SAMPLE_EVIDENCE_LINKED,NON_JOIN_OR_REVIEW,PIT_HISTORICAL_AGGREGATION_INPUT,true,true,PRIMARY,PUBLIC_REPOSITORY_UPSTREAM_TERMS_REVIEW,DERIVED_PUBLIC_REPO_REVIEW,W09 raw-field metadata only; no production feature adoption.
RF-000010,SRC-001,SportsDataverse,play_by_play,wallclock,one row per play,character,UNMATERIALIZED_OR_NOT_SCANNED,ISO 8601 wall-clock timestamp the play occurred.,game_state_tempo_clock,HISTORICAL_GAME_OUTPUT_USE_VIA_PRIOR_GAME_AGGREGATION,HISTORICAL_AGGREGATE_ONLY,CANDIDATE_OR_DERIVED,REQUIRED,RECON_UNIFIED_TEMPORAL_FIELD_REGISTRY_v1.2,true,UNMEASURED_UNTIL_SOURCE_MATERIALIZATION,0,NO_DIRECT_SAMPLE_EVIDENCE_LINKED,NON_JOIN_OR_REVIEW,PIT_HISTORICAL_AGGREGATION_INPUT,true,true,PRIMARY,PUBLIC_REPOSITORY_UPSTREAM_TERMS_REVIEW,DERIVED_PUBLIC_REPO_REVIEW,W09 raw-field metadata only; no production feature adoption.
RF-000011,SRC-001,SportsDataverse,play_by_play,teamParticipants,one row per play,list,UNMATERIALIZED_OR_NOT_SCANNED,"List of participant objects ({team $ref, id, order, type=offense/defense}).",identity_metadata,HISTORICAL_GAME_OUTPUT_USE_VIA_PRIOR_GAME_AGGREGATION,HISTORICAL_AGGREGATE_ONLY,JOIN_OR_METADATA,REQUIRED,RECON_UNIFIED_TEMPORAL_FIELD_REGISTRY_v1.2,true,UNMEASURED_UNTIL_SOURCE_MATERIALIZATION,0,NO_DIRECT_SAMPLE_EVIDENCE_LINKED,JOIN_OR_METADATA,EVIDENCE_OR_METADATA_ONLY,false,true,PRIMARY,PUBLIC_REPOSITORY_UPSTREAM_TERMS_REVIEW,DERIVED_PUBLIC_REPO_REVIEW,W09 raw-field metadata only; no production feature adoption.
RF-000012,SRC-001,SportsDataverse,play_by_play,isPenalty,one row per play,logical,UNMATERIALIZED_OR_NOT_SCANNED,TRUE if ESPN classifies the play as a penalty.,penalties,HISTORICAL_GAME_OUTPUT_USE_VIA_PRIOR_GAME_AGGREGATION,HISTORICAL_AGGREGATE_ONLY,CANDIDATE_OR_DERIVED,REQUIRED,RECON_UNIFIED_TEMPORAL_FIELD_REGISTRY_v1.2,true,UNMEASURED_UNTIL_SOURCE_MATERIALIZATION,1,NAME_MATCH_ONLY_NOT_POPULATION_EVIDENCE,NON_JOIN_OR_REVIEW,PIT_HISTORICAL_AGGREGATION_INPUT,true,true,PRIMARY,PUBLIC_REPOSITORY_UPSTREAM_TERMS_REVIEW,DERIVED_PUBLIC_REPO_REVIEW,W09 raw-field metadata only; no production feature adoption.
RF-000013,SRC-001,SportsDataverse,play_by_play,statYardage,one row per play,integer,UNMATERIALIZED_OR_NOT_SCANNED,ESPN stat yardage for the play.,situational_field_position,HISTORICAL_GAME_OUTPUT_USE_VIA_PRIOR_GAME_AGGREGATION,HISTORICAL_AGGREGATE_ONLY,CANDIDATE_OR_DERIVED,REQUIRED,RECON_UNIFIED_TEMPORAL_FIELD_REGISTRY_v1.2,true,UNMEASURED_UNTIL_SOURCE_MATERIALIZATION,1,NAME_MATCH_ONLY_NOT_POPULATION_EVIDENCE,NON_JOIN_OR_REVIEW,PIT_HISTORICAL_AGGREGATION_INPUT,true,true,PRIMARY,PUBLIC_REPOSITORY_UPSTREAM_TERMS_REVIEW,DERIVED_PUBLIC_REPO_REVIEW,W09 raw-field metadata only; no production feature adoption.
RF-000014,SRC-001,SportsDataverse,play_by_play,isTurnover,one row per play,logical,UNMATERIALIZED_OR_NOT_SCANNED,TRUE if ESPN classifies the play as a turnover.,turnovers,HISTORICAL_GAME_OUTPUT_USE_VIA_PRIOR_GAME_AGGREGATION,HISTORICAL_AGGREGATE_ONLY,CANDIDATE_OR_DERIVED,REQUIRED,RECON_UNIFIED_TEMPORAL_FIELD_REGISTRY_v1.2,true,UNMEASURED_UNTIL_SOURCE_MATERIALIZATION,1,NAME_MATCH_ONLY_NOT_POPULATION_EVIDENCE,NON_JOIN_OR_REVIEW,PIT_HISTORICAL_AGGREGATION_INPUT,true,true,PRIMARY,PUBLIC_REPOSITORY_UPSTREAM_TERMS_REVIEW,DERIVED_PUBLIC_REPO_REVIEW,W09 raw-field metadata only; no production feature adoption.
RF-000015,SRC-001,SportsDataverse,play_by_play,type.id,one row per play,character,UNMATERIALIZED_OR_NOT_SCANNED,ESPN play-type id code.,other,HISTORICAL_GAME_OUTPUT_USE_VIA_PRIOR_GAME_AGGREGATION,HISTORICAL_AGGREGATE_ONLY,CANDIDATE_OR_DERIVED,REQUIRED,RECON_UNIFIED_TEMPORAL_FIELD_REGISTRY_v1.2,true,UNMEASURED_UNTIL_SOURCE_MATERIALIZATION,1,NAME_MATCH_ONLY_NOT_POPULATION_EVIDENCE,NON_JOIN_OR_REVIEW,PIT_HISTORICAL_AGGREGATION_INPUT,true,true,PRIMARY,PUBLIC_REPOSITORY_UPSTREAM_TERMS_REVIEW,DERIVED_PUBLIC_REPO_REVIEW,W09 raw-field metadata only; no production feature adoption.
RF-000016,SRC-001,SportsDataverse,play_by_play,type.text,one row per play,character,UNMATERIALIZED_OR_NOT_SCANNED,"ESPN play-type label (e.g. ""Rush"", ""Pass Reception"", ""Field Goal Good"").",other,HISTORICAL_GAME_OUTPUT_USE_VIA_PRIOR_GAME_AGGREGATION,HISTORICAL_AGGREGATE_ONLY,CANDIDATE_OR_DERIVED,REQUIRED,RECON_UNIFIED_TEMPORAL_FIELD_REGISTRY_v1.2,true,UNMEASURED_UNTIL_SOURCE_MATERIALIZATION,1,NAME_MATCH_ONLY_NOT_POPULATION_EVIDENCE,NON_JOIN_OR_REVIEW,PIT_HISTORICAL_AGGREGATION_INPUT,true,true,PRIMARY,PUBLIC_REPOSITORY_UPSTREAM_TERMS_REVIEW,DERIVED_PUBLIC_REPO_REVIEW,W09 raw-field metadata only; no production feature adoption.
RF-000017,SRC-001,SportsDataverse,play_by_play,type.abbreviation,one row per play,character,UNMATERIALIZED_OR_NOT_SCANNED,ESPN play-type abbreviation (sparse/null on many plays).,identity_metadata,HISTORICAL_GAME_OUTPUT_USE_VIA_PRIOR_GAME_AGGREGATION,HISTORICAL_AGGREGATE_ONLY,JOIN_OR_METADATA,REQUIRED,RECON_UNIFIED_TEMPORAL_FIELD_REGISTRY_v1.2,true,UNMEASURED_UNTIL_SOURCE_MATERIALIZATION,1,NAME_MATCH_ONLY_NOT_POPULATION_EVIDENCE,JOIN_OR_METADATA,EVIDENCE_OR_METADATA_ONLY,false,true,PRIMARY,PUBLIC_REPOSITORY_UPSTREAM_TERMS_REVIEW,DERIVED_PUBLIC_REPO_REVIEW,W09 raw-field metadata only; no production feature adoption.
RF-000018,SRC-001,SportsDataverse,play_by_play,period.number,one row per play,integer,UNMATERIALIZED_OR_NOT_SCANNED,Quarter/period number of the play.,game_state_tempo_clock,HISTORICAL_GAME_OUTPUT_USE_VIA_PRIOR_GAME_AGGREGATION,HISTORICAL_AGGREGATE_ONLY,CANDIDATE_OR_DERIVED,REQUIRED,RECON_UNIFIED_TEMPORAL_FIELD_REGISTRY_v1.2,true,UNMEASURED_UNTIL_SOURCE_MATERIALIZATION,1,NAME_MATCH_ONLY_NOT_POPULATION_EVIDENCE,NON_JOIN_OR_REVIEW,PIT_HISTORICAL_AGGREGATION_INPUT,true,true,PRIMARY,PUBLIC_REPOSITORY_UPSTREAM_TERMS_REVIEW,DERIVED_PUBLIC_REPO_REVIEW,W09 raw-field metadata only; no production feature adoption.
RF-000019,SRC-001,SportsDataverse,play_by_play,clock.displayValue,one row per play,character,UNMATERIALIZED_OR_NOT_SCANNED,"Game clock at play start, MM:SS display string.",game_state_tempo_clock,HISTORICAL_GAME_OUTPUT_USE_VIA_PRIOR_GAME_AGGREGATION,HISTORICAL_AGGREGATE_ONLY,CANDIDATE_OR_DERIVED,REQUIRED,RECON_UNIFIED_TEMPORAL_FIELD_REGISTRY_v1.2,true,UNMEASURED_UNTIL_SOURCE_MATERIALIZATION,1,NAME_MATCH_ONLY_NOT_POPULATION_EVIDENCE,NON_JOIN_OR_REVIEW,PIT_HISTORICAL_AGGREGATION_INPUT,true,true,PRIMARY,PUBLIC_REPOSITORY_UPSTREAM_TERMS_REVIEW,DERIVED_PUBLIC_REPO_REVIEW,W09 raw-field metadata only; no production feature adoption.
RF-000020,SRC-001,SportsDataverse,play_by_play,start.down,one row per play,integer,UNMATERIALIZED_OR_NOT_SCANNED,Down at the start of the play.,situational_field_position,HISTORICAL_GAME_OUTPUT_USE_VIA_PRIOR_GAME_AGGREGATION,HISTORICAL_AGGREGATE_ONLY,CANDIDATE_OR_DERIVED,REQUIRED,RECON_UNIFIED_TEMPORAL_FIELD_REGISTRY_v1.2,true,UNMEASURED_UNTIL_SOURCE_MATERIALIZATION,1,NAME_MATCH_ONLY_NOT_POPULATION_EVIDENCE,NON_JOIN_OR_REVIEW,PIT_HISTORICAL_AGGREGATION_INPUT,true,true,PRIMARY,PUBLIC_REPOSITORY_UPSTREAM_TERMS_REVIEW,DERIVED_PUBLIC_REPO_REVIEW,W09 raw-field metadata only; no production feature adoption.
RF-000021,SRC-001,SportsDataverse,play_by_play,start.distance,one row per play,integer,UNMATERIALIZED_OR_NOT_SCANNED,Yards to go for a first down at play start.,situational_field_position,HISTORICAL_GAME_OUTPUT_USE_VIA_PRIOR_GAME_AGGREGATION,HISTORICAL_AGGREGATE_ONLY,CANDIDATE_OR_DERIVED,REQUIRED,RECON_UNIFIED_TEMPORAL_FIELD_REGISTRY_v1.2,true,UNMEASURED_UNTIL_SOURCE_MATERIALIZATION,1,NAME_MATCH_ONLY_NOT_POPULATION_EVIDENCE,NON_JOIN_OR_REVIEW,PIT_HISTORICAL_AGGREGATION_INPUT,true,true,PRIMARY,PUBLIC_REPOSITORY_UPSTREAM_TERMS_REVIEW,DERIVED_PUBLIC_REPO_REVIEW,W09 raw-field metadata only; no production feature adoption.
RF-000022,SRC-001,SportsDataverse,play_by_play,start.yardLine,one row per play,integer,UNMATERIALIZED_OR_NOT_SCANNED,Yard line (ESPN 0-100 field) at play start.,situational_field_position,HISTORICAL_GAME_OUTPUT_USE_VIA_PRIOR_GAME_AGGREGATION,HISTORICAL_AGGREGATE_ONLY,CANDIDATE_OR_DERIVED,REQUIRED,RECON_UNIFIED_TEMPORAL_FIELD_REGISTRY_v1.2,true,UNMEASURED_UNTIL_SOURCE_MATERIALIZATION,1,NAME_MATCH_ONLY_NOT_POPULATION_EVIDENCE,NON_JOIN_OR_REVIEW,PIT_HISTORICAL_AGGREGATION_INPUT,true,true,PRIMARY,PUBLIC_REPOSITORY_UPSTREAM_TERMS_REVIEW,DERIVED_PUBLIC_REPO_REVIEW,W09 raw-field metadata only; no production feature adoption.
RF-000023,SRC-001,SportsDataverse,play_by_play,start.yardsToEndzone,one row per play,integer,UNMATERIALIZED_OR_NOT_SCANNED,Yards to the opponent end zone at play start.,situational_field_position,HISTORICAL_GAME_OUTPUT_USE_VIA_PRIOR_GAME_AGGREGATION,HISTORICAL_AGGREGATE_ONLY,CANDIDATE_OR_DERIVED,REQUIRED,RECON_UNIFIED_TEMPORAL_FIELD_REGISTRY_v1.2,true,UNMEASURED_UNTIL_SOURCE_MATERIALIZATION,1,NAME_MATCH_ONLY_NOT_POPULATION_EVIDENCE,NON_JOIN_OR_REVIEW,PIT_HISTORICAL_AGGREGATION_INPUT,true,true,PRIMARY,PUBLIC_REPOSITORY_UPSTREAM_TERMS_REVIEW,DERIVED_PUBLIC_REPO_REVIEW,W09 raw-field metadata only; no production feature adoption.
RF-000024,SRC-001,SportsDataverse,play_by_play,start.downDistanceText,one row per play,character,UNMATERIALIZED_OR_NOT_SCANNED,"Down-and-distance text at play start (e.g. ""1st & 10""); null on non-scrimmage plays.",situational_field_position,HISTORICAL_GAME_OUTPUT_USE_VIA_PRIOR_GAME_AGGREGATION,HISTORICAL_AGGREGATE_ONLY,CANDIDATE_OR_DERIVED,REQUIRED,RECON_UNIFIED_TEMPORAL_FIELD_REGISTRY_v1.2,true,UNMEASURED_UNTIL_SOURCE_MATERIALIZATION,0,NO_DIRECT_SAMPLE_EVIDENCE_LINKED,NON_JOIN_OR_REVIEW,PIT_HISTORICAL_AGGREGATION_INPUT,true,true,PRIMARY,PUBLIC_REPOSITORY_UPSTREAM_TERMS_REVIEW,DERIVED_PUBLIC_REPO_REVIEW,W09 raw-field metadata only; no production feature adoption.
RF-000025,SRC-001,SportsDataverse,play_by_play,start.shortDownDistanceText,one row per play,character,UNMATERIALIZED_OR_NOT_SCANNED,Abbreviated down-and-distance text at play start; null on non-scrimmage plays.,situational_field_position,HISTORICAL_GAME_OUTPUT_USE_VIA_PRIOR_GAME_AGGREGATION,HISTORICAL_AGGREGATE_ONLY,CANDIDATE_OR_DERIVED,REQUIRED,RECON_UNIFIED_TEMPORAL_FIELD_REGISTRY_v1.2,true,UNMEASURED_UNTIL_SOURCE_MATERIALIZATION,0,NO_DIRECT_SAMPLE_EVIDENCE_LINKED,NON_JOIN_OR_REVIEW,PIT_HISTORICAL_AGGREGATION_INPUT,true,true,PRIMARY,PUBLIC_REPOSITORY_UPSTREAM_TERMS_REVIEW,DERIVED_PUBLIC_REPO_REVIEW,W09 raw-field metadata only; no production feature adoption.
RF-000026,SRC-001,SportsDataverse,play_by_play,start.possessionText,one row per play,character,UNMATERIALIZED_OR_NOT_SCANNED,Field-position possession text at play start; null on non-scrimmage plays.,other,HISTORICAL_GAME_OUTPUT_USE_VIA_PRIOR_GAME_AGGREGATION,HISTORICAL_AGGREGATE_ONLY,CANDIDATE_OR_DERIVED,REQUIRED,RECON_UNIFIED_TEMPORAL_FIELD_REGISTRY_v1.2,true,UNMEASURED_UNTIL_SOURCE_MATERIALIZATION,0,NO_DIRECT_SAMPLE_EVIDENCE_LINKED,NON_JOIN_OR_REVIEW,PIT_HISTORICAL_AGGREGATION_INPUT,true,true,PRIMARY,PUBLIC_REPOSITORY_UPSTREAM_TERMS_REVIEW,DERIVED_PUBLIC_REPO_REVIEW,W09 raw-field metadata only; no production feature adoption.
RF-000027,SRC-001,SportsDataverse,play_by_play,start.team.id,one row per play,integer,UNMATERIALIZED_OR_NOT_SCANNED,ESPN team id in possession reported at play start.,identity_metadata,HISTORICAL_GAME_OUTPUT_USE_VIA_PRIOR_GAME_AGGREGATION,HISTORICAL_AGGREGATE_ONLY,JOIN_OR_METADATA,REQUIRED,RECON_UNIFIED_TEMPORAL_FIELD_REGISTRY_v1.2,true,UNMEASURED_UNTIL_SOURCE_MATERIALIZATION,1,NAME_MATCH_ONLY_NOT_POPULATION_EVIDENCE,JOIN_OR_METADATA,EVIDENCE_OR_METADATA_ONLY,false,true,PRIMARY,PUBLIC_REPOSITORY_UPSTREAM_TERMS_REVIEW,DERIVED_PUBLIC_REPO_REVIEW,W09 raw-field metadata only; no production feature adoption.
RF-000028,SRC-001,SportsDataverse,play_by_play,end.down,one row per play,integer,UNMATERIALIZED_OR_NOT_SCANNED,Down at the end of the play.,situational_field_position,HISTORICAL_GAME_OUTPUT_USE_VIA_PRIOR_GAME_AGGREGATION,HISTORICAL_AGGREGATE_ONLY,CANDIDATE_OR_DERIVED,REQUIRED,RECON_UNIFIED_TEMPORAL_FIELD_REGISTRY_v1.2,true,UNMEASURED_UNTIL_SOURCE_MATERIALIZATION,1,NAME_MATCH_ONLY_NOT_POPULATION_EVIDENCE,NON_JOIN_OR_REVIEW,PIT_HISTORICAL_AGGREGATION_INPUT,true,true,PRIMARY,PUBLIC_REPOSITORY_UPSTREAM_TERMS_REVIEW,DERIVED_PUBLIC_REPO_REVIEW,W09 raw-field metadata only; no production feature adoption.
RF-000029,SRC-001,SportsDataverse,play_by_play,end.distance,one row per play,integer,UNMATERIALIZED_OR_NOT_SCANNED,Yards to go for a first down at play end.,situational_field_position,CURRENT_GAME_POSTSTART_NOT_DIRECT_PREGAME,CURRENT_GAME_OR_POSTGAME_NOT_DIRECT_PREGAME,HISTORICAL_TRANSFORM_ONLY,REQUIRED,RECON_UNIFIED_TEMPORAL_FIELD_REGISTRY_v1.2,true,UNMEASURED_UNTIL_SOURCE_MATERIALIZATION,1,NAME_MATCH_ONLY_NOT_POPULATION_EVIDENCE,NON_JOIN_OR_REVIEW,HISTORICAL_OR_LIVE_DERIVATION_ONLY,false,true,PRIMARY,PUBLIC_REPOSITORY_UPSTREAM_TERMS_REVIEW,DERIVED_PUBLIC_REPO_REVIEW,W09 raw-field metadata only; no production feature adoption.
RF-000030,SRC-001,SportsDataverse,play_by_play,end.yardLine,one row per play,integer,UNMATERIALIZED_OR_NOT_SCANNED,Yard line at play end.,situational_field_position,CURRENT_GAME_POSTSTART_NOT_DIRECT_PREGAME,CURRENT_GAME_OR_POSTGAME_NOT_DIRECT_PREGAME,HISTORICAL_TRANSFORM_ONLY,REQUIRED,RECON_UNIFIED_TEMPORAL_FIELD_REGISTRY_v1.2,true,UNMEASURED_UNTIL_SOURCE_MATERIALIZATION,1,NAME_MATCH_ONLY_NOT_POPULATION_EVIDENCE,NON_JOIN_OR_REVIEW,HISTORICAL_OR_LIVE_DERIVATION_ONLY,false,true,PRIMARY,PUBLIC_REPOSITORY_UPSTREAM_TERMS_REVIEW,DERIVED_PUBLIC_REPO_REVIEW,W09 raw-field metadata only; no production feature adoption.
RF-000031,SRC-001,SportsDataverse,play_by_play,end.yardsToEndzone,one row per play,integer,UNMATERIALIZED_OR_NOT_SCANNED,Yards to the opponent end zone at play end.,situational_field_position,CURRENT_GAME_POSTSTART_NOT_DIRECT_PREGAME,CURRENT_GAME_OR_POSTGAME_NOT_DIRECT_PREGAME,HISTORICAL_TRANSFORM_ONLY,REQUIRED,RECON_UNIFIED_TEMPORAL_FIELD_REGISTRY_v1.2,true,UNMEASURED_UNTIL_SOURCE_MATERIALIZATION,1,NAME_MATCH_ONLY_NOT_POPULATION_EVIDENCE,NON_JOIN_OR_REVIEW,HISTORICAL_OR_LIVE_DERIVATION_ONLY,false,true,PRIMARY,PUBLIC_REPOSITORY_UPSTREAM_TERMS_REVIEW,DERIVED_PUBLIC_REPO_REVIEW,W09 raw-field metadata only; no production feature adoption.
RF-000032,SRC-001,SportsDataverse,play_by_play,end.downDistanceText,one row per play,character,UNMATERIALIZED_OR_NOT_SCANNED,Down-and-distance text at play end; null on non-scrimmage plays.,situational_field_position,CURRENT_GAME_POSTSTART_NOT_DIRECT_PREGAME,CURRENT_GAME_OR_POSTGAME_NOT_DIRECT_PREGAME,HISTORICAL_TRANSFORM_ONLY,REQUIRED,RECON_UNIFIED_TEMPORAL_FIELD_REGISTRY_v1.2,true,UNMEASURED_UNTIL_SOURCE_MATERIALIZATION,0,NO_DIRECT_SAMPLE_EVIDENCE_LINKED,NON_JOIN_OR_REVIEW,HISTORICAL_OR_LIVE_DERIVATION_ONLY,false,true,PRIMARY,PUBLIC_REPOSITORY_UPSTREAM_TERMS_REVIEW,DERIVED_PUBLIC_REPO_REVIEW,W09 raw-field metadata only; no production feature adoption.
RF-000033,SRC-001,SportsDataverse,play_by_play,end.shortDownDistanceText,one row per play,character,UNMATERIALIZED_OR_NOT_SCANNED,Abbreviated down-and-distance text at play end; null on non-scrimmage plays.,situational_field_position,CURRENT_GAME_POSTSTART_NOT_DIRECT_PREGAME,CURRENT_GAME_OR_POSTGAME_NOT_DIRECT_PREGAME,HISTORICAL_TRANSFORM_ONLY,REQUIRED,RECON_UNIFIED_TEMPORAL_FIELD_REGISTRY_v1.2,true,UNMEASURED_UNTIL_SOURCE_MATERIALIZATION,0,NO_DIRECT_SAMPLE_EVIDENCE_LINKED,NON_JOIN_OR_REVIEW,HISTORICAL_OR_LIVE_DERIVATION_ONLY,false,true,PRIMARY,PUBLIC_REPOSITORY_UPSTREAM_TERMS_REVIEW,DERIVED_PUBLIC_REPO_REVIEW,W09 raw-field metadata only; no production feature adoption.
RF-000034,SRC-001,SportsDataverse,play_by_play,end.possessionText,one row per play,character,UNMATERIALIZED_OR_NOT_SCANNED,Field-position possession text at play end; null on non-scrimmage plays.,other,CURRENT_GAME_POSTSTART_NOT_DIRECT_PREGAME,CURRENT_GAME_OR_POSTGAME_NOT_DIRECT_PREGAME,HISTORICAL_TRANSFORM_ONLY,REQUIRED,RECON_UNIFIED_TEMPORAL_FIELD_REGISTRY_v1.2,true,UNMEASURED_UNTIL_SOURCE_MATERIALIZATION,0,NO_DIRECT_SAMPLE_EVIDENCE_LINKED,NON_JOIN_OR_REVIEW,HISTORICAL_OR_LIVE_DERIVATION_ONLY,false,true,PRIMARY,PUBLIC_REPOSITORY_UPSTREAM_TERMS_REVIEW,DERIVED_PUBLIC_REPO_REVIEW,W09 raw-field metadata only; no production feature adoption.
RF-000035,SRC-001,SportsDataverse,play_by_play,end.team.id,one row per play,integer,UNMATERIALIZED_OR_NOT_SCANNED,ESPN team id in possession reported at play end.,identity_metadata,CURRENT_GAME_POSTSTART_NOT_DIRECT_PREGAME,CURRENT_GAME_OR_POSTGAME_NOT_DIRECT_PREGAME,JOIN_OR_METADATA,REQUIRED,RECON_UNIFIED_TEMPORAL_FIELD_REGISTRY_v1.2,true,UNMEASURED_UNTIL_SOURCE_MATERIALIZATION,1,NAME_MATCH_ONLY_NOT_POPULATION_EVIDENCE,JOIN_OR_METADATA,EVIDENCE_OR_METADATA_ONLY,false,true,PRIMARY,PUBLIC_REPOSITORY_UPSTREAM_TERMS_REVIEW,DERIVED_PUBLIC_REPO_REVIEW,W09 raw-field metadata only; no production feature adoption.
RF-000036,SRC-001,SportsDataverse,play_by_play,scoringType.name,one row per play,character,UNMATERIALIZED_OR_NOT_SCANNED,"Scoring type machine name (e.g. ""touchdown"",""field-goal""); null on non-scoring plays.",identity_metadata,HISTORICAL_GAME_OUTPUT_USE_VIA_PRIOR_GAME_AGGREGATION,HISTORICAL_AGGREGATE_ONLY,JOIN_OR_METADATA,REQUIRED,RECON_UNIFIED_TEMPORAL_FIELD_REGISTRY_v1.2,true,UNMEASURED_UNTIL_SOURCE_MATERIALIZATION,0,NO_DIRECT_SAMPLE_EVIDENCE_LINKED,JOIN_OR_METADATA,EVIDENCE_OR_METADATA_ONLY,false,true,PRIMARY,PUBLIC_REPOSITORY_UPSTREAM_TERMS_REVIEW,DERIVED_PUBLIC_REPO_REVIEW,W09 raw-field metadata only; no production feature adoption.
RF-000037,SRC-001,SportsDataverse,play_by_play,scoringType.displayName,one row per play,character,UNMATERIALIZED_OR_NOT_SCANNED,Scoring type display name; null on non-scoring plays.,identity_metadata,HISTORICAL_GAME_OUTPUT_USE_VIA_PRIOR_GAME_AGGREGATION,HISTORICAL_AGGREGATE_ONLY,JOIN_OR_METADATA,REQUIRED,RECON_UNIFIED_TEMPORAL_FIELD_REGISTRY_v1.2,true,UNMEASURED_UNTIL_SOURCE_MATERIALIZATION,0,NO_DIRECT_SAMPLE_EVIDENCE_LINKED,JOIN_OR_METADATA,EVIDENCE_OR_METADATA_ONLY,false,true,PRIMARY,PUBLIC_REPOSITORY_UPSTREAM_TERMS_REVIEW,DERIVED_PUBLIC_REPO_REVIEW,W09 raw-field metadata only; no production feature adoption.
RF-000038,SRC-001,SportsDataverse,play_by_play,scoringType.abbreviation,one row per play,character,UNMATERIALIZED_OR_NOT_SCANNED,"Scoring type abbreviation (TD, FG, etc.); null on non-scoring plays.",identity_metadata,HISTORICAL_GAME_OUTPUT_USE_VIA_PRIOR_GAME_AGGREGATION,HISTORICAL_AGGREGATE_ONLY,JOIN_OR_METADATA,REQUIRED,RECON_UNIFIED_TEMPORAL_FIELD_REGISTRY_v1.2,true,UNMEASURED_UNTIL_SOURCE_MATERIALIZATION,0,NO_DIRECT_SAMPLE_EVIDENCE_LINKED,JOIN_OR_METADATA,EVIDENCE_OR_METADATA_ONLY,false,true,PRIMARY,PUBLIC_REPOSITORY_UPSTREAM_TERMS_REVIEW,DERIVED_PUBLIC_REPO_REVIEW,W09 raw-field metadata only; no production feature adoption.
RF-000039,SRC-001,SportsDataverse,play_by_play,pointAfterAttempt.id,one row per play,double,UNMATERIALIZED_OR_NOT_SCANNED,PAT attempt id; null unless the play was a try.,other,HISTORICAL_GAME_OUTPUT_USE_VIA_PRIOR_GAME_AGGREGATION,HISTORICAL_AGGREGATE_ONLY,CANDIDATE_OR_DERIVED,REQUIRED,RECON_UNIFIED_TEMPORAL_FIELD_REGISTRY_v1.2,true,UNMEASURED_UNTIL_SOURCE_MATERIALIZATION,0,NO_DIRECT_SAMPLE_EVIDENCE_LINKED,NON_JOIN_OR_REVIEW,PIT_HISTORICAL_AGGREGATION_INPUT,true,true,PRIMARY,PUBLIC_REPOSITORY_UPSTREAM_TERMS_REVIEW,DERIVED_PUBLIC_REPO_REVIEW,W09 raw-field metadata only; no production feature adoption.
RF-000040,SRC-001,SportsDataverse,play_by_play,pointAfterAttempt.text,one row per play,character,UNMATERIALIZED_OR_NOT_SCANNED,PAT attempt description; null unless a try.,other,HISTORICAL_GAME_OUTPUT_USE_VIA_PRIOR_GAME_AGGREGATION,HISTORICAL_AGGREGATE_ONLY,CANDIDATE_OR_DERIVED,REQUIRED,RECON_UNIFIED_TEMPORAL_FIELD_REGISTRY_v1.2,true,UNMEASURED_UNTIL_SOURCE_MATERIALIZATION,0,NO_DIRECT_SAMPLE_EVIDENCE_LINKED,NON_JOIN_OR_REVIEW,PIT_HISTORICAL_AGGREGATION_INPUT,true,true,PRIMARY,PUBLIC_REPOSITORY_UPSTREAM_TERMS_REVIEW,DERIVED_PUBLIC_REPO_REVIEW,W09 raw-field metadata only; no production feature adoption.
RF-000041,SRC-001,SportsDataverse,play_by_play,pointAfterAttempt.abbreviation,one row per play,character,UNMATERIALIZED_OR_NOT_SCANNED,PAT attempt abbreviation; null unless a try.,identity_metadata,HISTORICAL_GAME_OUTPUT_USE_VIA_PRIOR_GAME_AGGREGATION,HISTORICAL_AGGREGATE_ONLY,JOIN_OR_METADATA,REQUIRED,RECON_UNIFIED_TEMPORAL_FIELD_REGISTRY_v1.2,true,UNMEASURED_UNTIL_SOURCE_MATERIALIZATION,0,NO_DIRECT_SAMPLE_EVIDENCE_LINKED,JOIN_OR_METADATA,EVIDENCE_OR_METADATA_ONLY,false,true,PRIMARY,PUBLIC_REPOSITORY_UPSTREAM_TERMS_REVIEW,DERIVED_PUBLIC_REPO_REVIEW,W09 raw-field metadata only; no production feature adoption.
RF-000042,SRC-001,SportsDataverse,play_by_play,pointAfterAttempt.value,one row per play,double,UNMATERIALIZED_OR_NOT_SCANNED,PAT point value (1/2); null unless a try.,other,HISTORICAL_GAME_OUTPUT_USE_VIA_PRIOR_GAME_AGGREGATION,HISTORICAL_AGGREGATE_ONLY,CANDIDATE_OR_DERIVED,REQUIRED,RECON_UNIFIED_TEMPORAL_FIELD_REGISTRY_v1.2,true,UNMEASURED_UNTIL_SOURCE_MATERIALIZATION,0,NO_DIRECT_SAMPLE_EVIDENCE_LINKED,NON_JOIN_OR_REVIEW,PIT_HISTORICAL_AGGREGATION_INPUT,true,true,PRIMARY,PUBLIC_REPOSITORY_UPSTREAM_TERMS_REVIEW,DERIVED_PUBLIC_REPO_REVIEW,W09 raw-field metadata only; no production feature adoption.
RF-000043,SRC-001,SportsDataverse,play_by_play,drive.id,one row per play,character,UNMATERIALIZED_OR_NOT_SCANNED,ESPN drive id this play belongs to.,drives_field_position,HISTORICAL_GAME_OUTPUT_USE_VIA_PRIOR_GAME_AGGREGATION,HISTORICAL_AGGREGATE_ONLY,CANDIDATE_OR_DERIVED,REQUIRED,RECON_UNIFIED_TEMPORAL_FIELD_REGISTRY_v1.2,true,UNMEASURED_UNTIL_SOURCE_MATERIALIZATION,0,NO_DIRECT_SAMPLE_EVIDENCE_LINKED,NON_JOIN_OR_REVIEW,PIT_HISTORICAL_AGGREGATION_INPUT,true,true,PRIMARY,PUBLIC_REPOSITORY_UPSTREAM_TERMS_REVIEW,DERIVED_PUBLIC_REPO_REVIEW,W09 raw-field metadata only; no production feature adoption.
RF-000044,SRC-001,SportsDataverse,play_by_play,drive.displayResult,one row per play,character,UNMATERIALIZED_OR_NOT_SCANNED,"Human-readable drive result (e.g. ""Touchdown"",""Punt"").",drives_field_position,HISTORICAL_GAME_OUTPUT_USE_VIA_PRIOR_GAME_AGGREGATION,HISTORICAL_AGGREGATE_ONLY,CANDIDATE_OR_DERIVED,REQUIRED,RECON_UNIFIED_TEMPORAL_FIELD_REGISTRY_v1.2,true,UNMEASURED_UNTIL_SOURCE_MATERIALIZATION,0,NO_DIRECT_SAMPLE_EVIDENCE_LINKED,NON_JOIN_OR_REVIEW,PIT_HISTORICAL_AGGREGATION_INPUT,true,true,PRIMARY,PUBLIC_REPOSITORY_UPSTREAM_TERMS_REVIEW,DERIVED_PUBLIC_REPO_REVIEW,W09 raw-field metadata only; no production feature adoption.
RF-000045,SRC-001,SportsDataverse,play_by_play,drive.isScore,one row per play,logical,UNMATERIALIZED_OR_NOT_SCANNED,TRUE if the drive ended in a score.,drives_field_position,HISTORICAL_GAME_OUTPUT_USE_VIA_PRIOR_GAME_AGGREGATION,HISTORICAL_AGGREGATE_ONLY,CANDIDATE_OR_DERIVED,REQUIRED,RECON_UNIFIED_TEMPORAL_FIELD_REGISTRY_v1.2,true,UNMEASURED_UNTIL_SOURCE_MATERIALIZATION,0,NO_DIRECT_SAMPLE_EVIDENCE_LINKED,NON_JOIN_OR_REVIEW,PIT_HISTORICAL_AGGREGATION_INPUT,true,true,PRIMARY,PUBLIC_REPOSITORY_UPSTREAM_TERMS_REVIEW,DERIVED_PUBLIC_REPO_REVIEW,W09 raw-field metadata only; no production feature adoption.
RF-000046,SRC-001,SportsDataverse,play_by_play,drive.team.shortDisplayName,one row per play,character,UNMATERIALIZED_OR_NOT_SCANNED,Offensive team short display name for the drive.,drives_field_position,HISTORICAL_GAME_OUTPUT_USE_VIA_PRIOR_GAME_AGGREGATION,HISTORICAL_AGGREGATE_ONLY,CANDIDATE_OR_DERIVED,REQUIRED,RECON_UNIFIED_TEMPORAL_FIELD_REGISTRY_v1.2,true,UNMEASURED_UNTIL_SOURCE_MATERIALIZATION,0,NO_DIRECT_SAMPLE_EVIDENCE_LINKED,NON_JOIN_OR_REVIEW,PIT_HISTORICAL_AGGREGATION_INPUT,true,true,PRIMARY,PUBLIC_REPOSITORY_UPSTREAM_TERMS_REVIEW,DERIVED_PUBLIC_REPO_REVIEW,W09 raw-field metadata only; no production feature adoption.
RF-000047,SRC-001,SportsDataverse,play_by_play,drive.team.displayName,one row per play,character,UNMATERIALIZED_OR_NOT_SCANNED,Offensive team full display name for the drive.,drives_field_position,HISTORICAL_GAME_OUTPUT_USE_VIA_PRIOR_GAME_AGGREGATION,HISTORICAL_AGGREGATE_ONLY,CANDIDATE_OR_DERIVED,REQUIRED,RECON_UNIFIED_TEMPORAL_FIELD_REGISTRY_v1.2,true,UNMEASURED_UNTIL_SOURCE_MATERIALIZATION,0,NO_DIRECT_SAMPLE_EVIDENCE_LINKED,NON_JOIN_OR_REVIEW,PIT_HISTORICAL_AGGREGATION_INPUT,true,true,PRIMARY,PUBLIC_REPOSITORY_UPSTREAM_TERMS_REVIEW,DERIVED_PUBLIC_REPO_REVIEW,W09 raw-field metadata only; no production feature adoption.
RF-000048,SRC-001,SportsDataverse,play_by_play,drive.team.name,one row per play,character,UNMATERIALIZED_OR_NOT_SCANNED,Offensive team nickname for the drive.,drives_field_position,HISTORICAL_GAME_OUTPUT_USE_VIA_PRIOR_GAME_AGGREGATION,HISTORICAL_AGGREGATE_ONLY,CANDIDATE_OR_DERIVED,REQUIRED,RECON_UNIFIED_TEMPORAL_FIELD_REGISTRY_v1.2,true,UNMEASURED_UNTIL_SOURCE_MATERIALIZATION,0,NO_DIRECT_SAMPLE_EVIDENCE_LINKED,NON_JOIN_OR_REVIEW,PIT_HISTORICAL_AGGREGATION_INPUT,true,true,PRIMARY,PUBLIC_REPOSITORY_UPSTREAM_TERMS_REVIEW,DERIVED_PUBLIC_REPO_REVIEW,W09 raw-field metadata only; no production feature adoption.
RF-000049,SRC-001,SportsDataverse,play_by_play,drive.team.abbreviation,one row per play,character,UNMATERIALIZED_OR_NOT_SCANNED,Offensive team abbreviation for the drive.,drives_field_position,HISTORICAL_GAME_OUTPUT_USE_VIA_PRIOR_GAME_AGGREGATION,HISTORICAL_AGGREGATE_ONLY,CANDIDATE_OR_DERIVED,REQUIRED,RECON_UNIFIED_TEMPORAL_FIELD_REGISTRY_v1.2,true,UNMEASURED_UNTIL_SOURCE_MATERIALIZATION,0,NO_DIRECT_SAMPLE_EVIDENCE_LINKED,NON_JOIN_OR_REVIEW,PIT_HISTORICAL_AGGREGATION_INPUT,true,true,PRIMARY,PUBLIC_REPOSITORY_UPSTREAM_TERMS_REVIEW,DERIVED_PUBLIC_REPO_REVIEW,W09 raw-field metadata only; no production feature adoption.
RF-000050,SRC-001,SportsDataverse,play_by_play,drive.yards,one row per play,integer,UNMATERIALIZED_OR_NOT_SCANNED,Net yards gained on the drive.,drives_field_position,HISTORICAL_GAME_OUTPUT_USE_VIA_PRIOR_GAME_AGGREGATION,HISTORICAL_AGGREGATE_ONLY,CANDIDATE_OR_DERIVED,REQUIRED,RECON_UNIFIED_TEMPORAL_FIELD_REGISTRY_v1.2,true,UNMEASURED_UNTIL_SOURCE_MATERIALIZATION,0,NO_DIRECT_SAMPLE_EVIDENCE_LINKED,NON_JOIN_OR_REVIEW,PIT_HISTORICAL_AGGREGATION_INPUT,true,true,PRIMARY,PUBLIC_REPOSITORY_UPSTREAM_TERMS_REVIEW,DERIVED_PUBLIC_REPO_REVIEW,W09 raw-field metadata only; no production feature adoption.
RF-000051,SRC-001,SportsDataverse,play_by_play,drive.offensivePlays,one row per play,integer,UNMATERIALIZED_OR_NOT_SCANNED,Number of offensive plays in the drive.,drives_field_position,HISTORICAL_GAME_OUTPUT_USE_VIA_PRIOR_GAME_AGGREGATION,HISTORICAL_AGGREGATE_ONLY,CANDIDATE_OR_DERIVED,REQUIRED,RECON_UNIFIED_TEMPORAL_FIELD_REGISTRY_v1.2,true,UNMEASURED_UNTIL_SOURCE_MATERIALIZATION,0,NO_DIRECT_SAMPLE_EVIDENCE_LINKED,NON_JOIN_OR_REVIEW,PIT_HISTORICAL_AGGREGATION_INPUT,true,true,PRIMARY,PUBLIC_REPOSITORY_UPSTREAM_TERMS_REVIEW,DERIVED_PUBLIC_REPO_REVIEW,W09 raw-field metadata only; no production feature adoption.
RF-000052,SRC-001,SportsDataverse,play_by_play,drive.result,one row per play,character,UNMATERIALIZED_OR_NOT_SCANNED,Drive result code/label.,drives_field_position,HISTORICAL_GAME_OUTPUT_USE_VIA_PRIOR_GAME_AGGREGATION,HISTORICAL_AGGREGATE_ONLY,CANDIDATE_OR_DERIVED,REQUIRED,RECON_UNIFIED_TEMPORAL_FIELD_REGISTRY_v1.2,true,UNMEASURED_UNTIL_SOURCE_MATERIALIZATION,0,NO_DIRECT_SAMPLE_EVIDENCE_LINKED,NON_JOIN_OR_REVIEW,PIT_HISTORICAL_AGGREGATION_INPUT,true,true,PRIMARY,PUBLIC_REPOSITORY_UPSTREAM_TERMS_REVIEW,DERIVED_PUBLIC_REPO_REVIEW,W09 raw-field metadata only; no production feature adoption.
RF-000053,SRC-001,SportsDataverse,play_by_play,drive.description,one row per play,character,UNMATERIALIZED_OR_NOT_SCANNED,"Drive summary description (plays, yards, time).",drives_field_position,HISTORICAL_GAME_OUTPUT_USE_VIA_PRIOR_GAME_AGGREGATION,HISTORICAL_AGGREGATE_ONLY,CANDIDATE_OR_DERIVED,REQUIRED,RECON_UNIFIED_TEMPORAL_FIELD_REGISTRY_v1.2,true,UNMEASURED_UNTIL_SOURCE_MATERIALIZATION,0,NO_DIRECT_SAMPLE_EVIDENCE_LINKED,NON_JOIN_OR_REVIEW,PIT_HISTORICAL_AGGREGATION_INPUT,true,true,PRIMARY,PUBLIC_REPOSITORY_UPSTREAM_TERMS_REVIEW,DERIVED_PUBLIC_REPO_REVIEW,W09 raw-field metadata only; no production feature adoption.
RF-000054,SRC-001,SportsDataverse,play_by_play,drive.shortDisplayResult,one row per play,character,UNMATERIALIZED_OR_NOT_SCANNED,Abbreviated drive result.,drives_field_position,HISTORICAL_GAME_OUTPUT_USE_VIA_PRIOR_GAME_AGGREGATION,HISTORICAL_AGGREGATE_ONLY,CANDIDATE_OR_DERIVED,REQUIRED,RECON_UNIFIED_TEMPORAL_FIELD_REGISTRY_v1.2,true,UNMEASURED_UNTIL_SOURCE_MATERIALIZATION,0,NO_DIRECT_SAMPLE_EVIDENCE_LINKED,NON_JOIN_OR_REVIEW,PIT_HISTORICAL_AGGREGATION_INPUT,true,true,PRIMARY,PUBLIC_REPOSITORY_UPSTREAM_TERMS_REVIEW,DERIVED_PUBLIC_REPO_REVIEW,W09 raw-field metadata only; no production feature adoption.
RF-000055,SRC-001,SportsDataverse,play_by_play,drive.timeElapsed.displayValue,one row per play,character,UNMATERIALIZED_OR_NOT_SCANNED,Time elapsed during the drive (MM:SS).,drives_field_position,HISTORICAL_GAME_OUTPUT_USE_VIA_PRIOR_GAME_AGGREGATION,HISTORICAL_AGGREGATE_ONLY,CANDIDATE_OR_DERIVED,REQUIRED,RECON_UNIFIED_TEMPORAL_FIELD_REGISTRY_v1.2,true,UNMEASURED_UNTIL_SOURCE_MATERIALIZATION,0,NO_DIRECT_SAMPLE_EVIDENCE_LINKED,NON_JOIN_OR_REVIEW,PIT_HISTORICAL_AGGREGATION_INPUT,true,true,PRIMARY,PUBLIC_REPOSITORY_UPSTREAM_TERMS_REVIEW,DERIVED_PUBLIC_REPO_REVIEW,W09 raw-field metadata only; no production feature adoption.
RF-000056,SRC-001,SportsDataverse,play_by_play,drive.start.period.number,one row per play,integer,UNMATERIALIZED_OR_NOT_SCANNED,Period the drive started.,drives_field_position,HISTORICAL_GAME_OUTPUT_USE_VIA_PRIOR_GAME_AGGREGATION,HISTORICAL_AGGREGATE_ONLY,CANDIDATE_OR_DERIVED,REQUIRED,RECON_UNIFIED_TEMPORAL_FIELD_REGISTRY_v1.2,true,UNMEASURED_UNTIL_SOURCE_MATERIALIZATION,0,NO_DIRECT_SAMPLE_EVIDENCE_LINKED,NON_JOIN_OR_REVIEW,PIT_HISTORICAL_AGGREGATION_INPUT,true,true,PRIMARY,PUBLIC_REPOSITORY_UPSTREAM_TERMS_REVIEW,DERIVED_PUBLIC_REPO_REVIEW,W09 raw-field metadata only; no production feature adoption.
RF-000057,SRC-001,SportsDataverse,play_by_play,drive.start.period.type,one row per play,character,UNMATERIALIZED_OR_NOT_SCANNED,"Period type at drive start (e.g. ""quarter"").",drives_field_position,HISTORICAL_GAME_OUTPUT_USE_VIA_PRIOR_GAME_AGGREGATION,HISTORICAL_AGGREGATE_ONLY,CANDIDATE_OR_DERIVED,REQUIRED,RECON_UNIFIED_TEMPORAL_FIELD_REGISTRY_v1.2,true,UNMEASURED_UNTIL_SOURCE_MATERIALIZATION,0,NO_DIRECT_SAMPLE_EVIDENCE_LINKED,NON_JOIN_OR_REVIEW,PIT_HISTORICAL_AGGREGATION_INPUT,true,true,PRIMARY,PUBLIC_REPOSITORY_UPSTREAM_TERMS_REVIEW,DERIVED_PUBLIC_REPO_REVIEW,W09 raw-field metadata only; no production feature adoption.
RF-000058,SRC-001,SportsDataverse,play_by_play,drive.start.yardLine,one row per play,integer,UNMATERIALIZED_OR_NOT_SCANNED,Yard line where the drive started.,drives_field_position,HISTORICAL_GAME_OUTPUT_USE_VIA_PRIOR_GAME_AGGREGATION,HISTORICAL_AGGREGATE_ONLY,CANDIDATE_OR_DERIVED,REQUIRED,RECON_UNIFIED_TEMPORAL_FIELD_REGISTRY_v1.2,true,UNMEASURED_UNTIL_SOURCE_MATERIALIZATION,0,NO_DIRECT_SAMPLE_EVIDENCE_LINKED,NON_JOIN_OR_REVIEW,PIT_HISTORICAL_AGGREGATION_INPUT,true,true,PRIMARY,PUBLIC_REPOSITORY_UPSTREAM_TERMS_REVIEW,DERIVED_PUBLIC_REPO_REVIEW,W09 raw-field metadata only; no production feature adoption.
RF-000059,SRC-001,SportsDataverse,play_by_play,drive.start.clock.displayValue,one row per play,character,UNMATERIALIZED_OR_NOT_SCANNED,Clock when the drive started (MM:SS).,drives_field_position,HISTORICAL_GAME_OUTPUT_USE_VIA_PRIOR_GAME_AGGREGATION,HISTORICAL_AGGREGATE_ONLY,CANDIDATE_OR_DERIVED,REQUIRED,RECON_UNIFIED_TEMPORAL_FIELD_REGISTRY_v1.2,true,UNMEASURED_UNTIL_SOURCE_MATERIALIZATION,0,NO_DIRECT_SAMPLE_EVIDENCE_LINKED,NON_JOIN_OR_REVIEW,PIT_HISTORICAL_AGGREGATION_INPUT,true,true,PRIMARY,PUBLIC_REPOSITORY_UPSTREAM_TERMS_REVIEW,DERIVED_PUBLIC_REPO_REVIEW,W09 raw-field metadata only; no production feature adoption.
RF-000060,SRC-001,SportsDataverse,play_by_play,drive.start.text,one row per play,character,UNMATERIALIZED_OR_NOT_SCANNED,Drive-start field-position text.,drives_field_position,HISTORICAL_GAME_OUTPUT_USE_VIA_PRIOR_GAME_AGGREGATION,HISTORICAL_AGGREGATE_ONLY,CANDIDATE_OR_DERIVED,REQUIRED,RECON_UNIFIED_TEMPORAL_FIELD_REGISTRY_v1.2,true,UNMEASURED_UNTIL_SOURCE_MATERIALIZATION,0,NO_DIRECT_SAMPLE_EVIDENCE_LINKED,NON_JOIN_OR_REVIEW,PIT_HISTORICAL_AGGREGATION_INPUT,true,true,PRIMARY,PUBLIC_REPOSITORY_UPSTREAM_TERMS_REVIEW,DERIVED_PUBLIC_REPO_REVIEW,W09 raw-field metadata only; no production feature adoption.
RF-000061,SRC-001,SportsDataverse,play_by_play,drive.end.period.number,one row per play,integer,UNMATERIALIZED_OR_NOT_SCANNED,Period the drive ended.,drives_field_position,HISTORICAL_GAME_OUTPUT_USE_VIA_PRIOR_GAME_AGGREGATION,HISTORICAL_AGGREGATE_ONLY,CANDIDATE_OR_DERIVED,REQUIRED,RECON_UNIFIED_TEMPORAL_FIELD_REGISTRY_v1.2,true,UNMEASURED_UNTIL_SOURCE_MATERIALIZATION,0,NO_DIRECT_SAMPLE_EVIDENCE_LINKED,NON_JOIN_OR_REVIEW,PIT_HISTORICAL_AGGREGATION_INPUT,true,true,PRIMARY,PUBLIC_REPOSITORY_UPSTREAM_TERMS_REVIEW,DERIVED_PUBLIC_REPO_REVIEW,W09 raw-field metadata only; no production feature adoption.
RF-000062,SRC-001,SportsDataverse,play_by_play,drive.end.period.type,one row per play,character,UNMATERIALIZED_OR_NOT_SCANNED,Period type at drive end.,drives_field_position,HISTORICAL_GAME_OUTPUT_USE_VIA_PRIOR_GAME_AGGREGATION,HISTORICAL_AGGREGATE_ONLY,CANDIDATE_OR_DERIVED,REQUIRED,RECON_UNIFIED_TEMPORAL_FIELD_REGISTRY_v1.2,true,UNMEASURED_UNTIL_SOURCE_MATERIALIZATION,0,NO_DIRECT_SAMPLE_EVIDENCE_LINKED,NON_JOIN_OR_REVIEW,PIT_HISTORICAL_AGGREGATION_INPUT,true,true,PRIMARY,PUBLIC_REPOSITORY_UPSTREAM_TERMS_REVIEW,DERIVED_PUBLIC_REPO_REVIEW,W09 raw-field metadata only; no production feature adoption.
RF-000063,SRC-001,SportsDataverse,play_by_play,drive.end.yardLine,one row per play,integer,UNMATERIALIZED_OR_NOT_SCANNED,Yard line where the drive ended.,drives_field_position,HISTORICAL_GAME_OUTPUT_USE_VIA_PRIOR_GAME_AGGREGATION,HISTORICAL_AGGREGATE_ONLY,CANDIDATE_OR_DERIVED,REQUIRED,RECON_UNIFIED_TEMPORAL_FIELD_REGISTRY_v1.2,true,UNMEASURED_UNTIL_SOURCE_MATERIALIZATION,0,NO_DIRECT_SAMPLE_EVIDENCE_LINKED,NON_JOIN_OR_REVIEW,PIT_HISTORICAL_AGGREGATION_INPUT,true,true,PRIMARY,PUBLIC_REPOSITORY_UPSTREAM_TERMS_REVIEW,DERIVED_PUBLIC_REPO_REVIEW,W09 raw-field metadata only; no production feature adoption.
RF-000064,SRC-001,SportsDataverse,play_by_play,drive.end.clock.displayValue,one row per play,character,UNMATERIALIZED_OR_NOT_SCANNED,Clock when the drive ended (MM:SS); may be null.,drives_field_position,HISTORICAL_GAME_OUTPUT_USE_VIA_PRIOR_GAME_AGGREGATION,HISTORICAL_AGGREGATE_ONLY,CANDIDATE_OR_DERIVED,REQUIRED,RECON_UNIFIED_TEMPORAL_FIELD_REGISTRY_v1.2,true,UNMEASURED_UNTIL_SOURCE_MATERIALIZATION,0,NO_DIRECT_SAMPLE_EVIDENCE_LINKED,NON_JOIN_OR_REVIEW,PIT_HISTORICAL_AGGREGATION_INPUT,true,true,PRIMARY,PUBLIC_REPOSITORY_UPSTREAM_TERMS_REVIEW,DERIVED_PUBLIC_REPO_REVIEW,W09 raw-field metadata only; no production feature adoption.
RF-000065,SRC-001,SportsDataverse,play_by_play,game_id,one row per play,integer,UNMATERIALIZED_OR_NOT_SCANNED,ESPN game id (stamped identity; embedded in every play).,identity_metadata,HISTORICAL_GAME_OUTPUT_USE_VIA_PRIOR_GAME_AGGREGATION,HISTORICAL_AGGREGATE_ONLY,JOIN_OR_METADATA,REQUIRED,RECON_UNIFIED_TEMPORAL_FIELD_REGISTRY_v1.2,true,UNMEASURED_UNTIL_SOURCE_MATERIALIZATION,8,NAME_MATCH_ONLY_NOT_POPULATION_EVIDENCE,JOIN_OR_METADATA,EVIDENCE_OR_METADATA_ONLY,false,true,PRIMARY,PUBLIC_REPOSITORY_UPSTREAM_TERMS_REVIEW,DERIVED_PUBLIC_REPO_REVIEW,W09 raw-field metadata only; no production feature adoption.
RF-000066,SRC-001,SportsDataverse,play_by_play,season,one row per play,integer,UNMATERIALIZED_OR_NOT_SCANNED,Season year (stamped identity).,other,HISTORICAL_GAME_OUTPUT_USE_VIA_PRIOR_GAME_AGGREGATION,HISTORICAL_AGGREGATE_ONLY,CANDIDATE_OR_DERIVED,REQUIRED,RECON_UNIFIED_TEMPORAL_FIELD_REGISTRY_v1.2,true,UNMEASURED_UNTIL_SOURCE_MATERIALIZATION,10,NAME_MATCH_ONLY_NOT_POPULATION_EVIDENCE,NON_JOIN_OR_REVIEW,PIT_HISTORICAL_AGGREGATION_INPUT,true,true,PRIMARY,PUBLIC_REPOSITORY_UPSTREAM_TERMS_REVIEW,DERIVED_PUBLIC_REPO_REVIEW,W09 raw-field metadata only; no production feature adoption.
RF-000067,SRC-001,SportsDataverse,play_by_play,seasonType,one row per play,integer,UNMATERIALIZED_OR_NOT_SCANNED,"ESPN season-type code (1=pre, 2=regular, 3=post).",other,HISTORICAL_GAME_OUTPUT_USE_VIA_PRIOR_GAME_AGGREGATION,HISTORICAL_AGGREGATE_ONLY,CANDIDATE_OR_DERIVED,REQUIRED,RECON_UNIFIED_TEMPORAL_FIELD_REGISTRY_v1.2,true,UNMEASURED_UNTIL_SOURCE_MATERIALIZATION,1,NAME_MATCH_ONLY_NOT_POPULATION_EVIDENCE,NON_JOIN_OR_REVIEW,PIT_HISTORICAL_AGGREGATION_INPUT,true,true,PRIMARY,PUBLIC_REPOSITORY_UPSTREAM_TERMS_REVIEW,DERIVED_PUBLIC_REPO_REVIEW,W09 raw-field metadata only; no production feature adoption.
RF-000068,SRC-001,SportsDataverse,play_by_play,week,one row per play,integer,UNMATERIALIZED_OR_NOT_SCANNED,Season week number (stamped identity).,other,HISTORICAL_GAME_OUTPUT_USE_VIA_PRIOR_GAME_AGGREGATION,HISTORICAL_AGGREGATE_ONLY,CANDIDATE_OR_DERIVED,REQUIRED,RECON_UNIFIED_TEMPORAL_FIELD_REGISTRY_v1.2,true,UNMEASURED_UNTIL_SOURCE_MATERIALIZATION,5,NAME_MATCH_ONLY_NOT_POPULATION_EVIDENCE,NON_JOIN_OR_REVIEW,PIT_HISTORICAL_AGGREGATION_INPUT,true,true,PRIMARY,PUBLIC_REPOSITORY_UPSTREAM_TERMS_REVIEW,DERIVED_PUBLIC_REPO_REVIEW,W09 raw-field metadata only; no production feature adoption.
RF-000069,SRC-001,SportsDataverse,play_by_play,status_type_completed,one row per play,logical,UNMATERIALIZED_OR_NOT_SCANNED,TRUE if the game status is completed.,other,HISTORICAL_GAME_OUTPUT_USE_VIA_PRIOR_GAME_AGGREGATION,HISTORICAL_AGGREGATE_ONLY,CANDIDATE_OR_DERIVED,REQUIRED,RECON_UNIFIED_TEMPORAL_FIELD_REGISTRY_v1.2,true,UNMEASURED_UNTIL_SOURCE_MATERIALIZATION,2,NAME_MATCH_ONLY_NOT_POPULATION_EVIDENCE,NON_JOIN_OR_REVIEW,PIT_HISTORICAL_AGGREGATION_INPUT,true,true,PRIMARY,PUBLIC_REPOSITORY_UPSTREAM_TERMS_REVIEW,DERIVED_PUBLIC_REPO_REVIEW,W09 raw-field metadata only; no production feature adoption.
RF-000070,SRC-001,SportsDataverse,play_by_play,homeTeamId,one row per play,integer,UNMATERIALIZED_OR_NOT_SCANNED,ESPN home team id.,identity_metadata,HISTORICAL_GAME_OUTPUT_USE_VIA_PRIOR_GAME_AGGREGATION,HISTORICAL_AGGREGATE_ONLY,JOIN_OR_METADATA,REQUIRED,RECON_UNIFIED_TEMPORAL_FIELD_REGISTRY_v1.2,true,UNMEASURED_UNTIL_SOURCE_MATERIALIZATION,1,NAME_MATCH_ONLY_NOT_POPULATION_EVIDENCE,JOIN_OR_METADATA,EVIDENCE_OR_METADATA_ONLY,false,true,PRIMARY,PUBLIC_REPOSITORY_UPSTREAM_TERMS_REVIEW,DERIVED_PUBLIC_REPO_REVIEW,W09 raw-field metadata only; no production feature adoption.
RF-000071,SRC-001,SportsDataverse,play_by_play,awayTeamId,one row per play,integer,UNMATERIALIZED_OR_NOT_SCANNED,ESPN away team id.,identity_metadata,HISTORICAL_GAME_OUTPUT_USE_VIA_PRIOR_GAME_AGGREGATION,HISTORICAL_AGGREGATE_ONLY,JOIN_OR_METADATA,REQUIRED,RECON_UNIFIED_TEMPORAL_FIELD_REGISTRY_v1.2,true,UNMEASURED_UNTIL_SOURCE_MATERIALIZATION,1,NAME_MATCH_ONLY_NOT_POPULATION_EVIDENCE,JOIN_OR_METADATA,EVIDENCE_OR_METADATA_ONLY,false,true,PRIMARY,PUBLIC_REPOSITORY_UPSTREAM_TERMS_REVIEW,DERIVED_PUBLIC_REPO_REVIEW,W09 raw-field metadata only; no production feature adoption.
RF-000072,SRC-001,SportsDataverse,play_by_play,homeTeamName,one row per play,character,UNMATERIALIZED_OR_NOT_SCANNED,Home team location/name.,identity_metadata,HISTORICAL_GAME_OUTPUT_USE_VIA_PRIOR_GAME_AGGREGATION,HISTORICAL_AGGREGATE_ONLY,JOIN_OR_METADATA,REQUIRED,RECON_UNIFIED_TEMPORAL_FIELD_REGISTRY_v1.2,true,UNMEASURED_UNTIL_SOURCE_MATERIALIZATION,1,NAME_MATCH_ONLY_NOT_POPULATION_EVIDENCE,JOIN_OR_METADATA,EVIDENCE_OR_METADATA_ONLY,false,true,PRIMARY,PUBLIC_REPOSITORY_UPSTREAM_TERMS_REVIEW,DERIVED_PUBLIC_REPO_REVIEW,W09 raw-field metadata only; no production feature adoption.
RF-000073,SRC-001,SportsDataverse,play_by_play,awayTeamName,one row per play,character,UNMATERIALIZED_OR_NOT_SCANNED,Away team location/name.,identity_metadata,HISTORICAL_GAME_OUTPUT_USE_VIA_PRIOR_GAME_AGGREGATION,HISTORICAL_AGGREGATE_ONLY,JOIN_OR_METADATA,REQUIRED,RECON_UNIFIED_TEMPORAL_FIELD_REGISTRY_v1.2,true,UNMEASURED_UNTIL_SOURCE_MATERIALIZATION,1,NAME_MATCH_ONLY_NOT_POPULATION_EVIDENCE,JOIN_OR_METADATA,EVIDENCE_OR_METADATA_ONLY,false,true,PRIMARY,PUBLIC_REPOSITORY_UPSTREAM_TERMS_REVIEW,DERIVED_PUBLIC_REPO_REVIEW,W09 raw-field metadata only; no production feature adoption.
RF-000074,SRC-001,SportsDataverse,play_by_play,homeTeamMascot,one row per play,character,UNMATERIALIZED_OR_NOT_SCANNED,Home team mascot/nickname.,identity_metadata,HISTORICAL_GAME_OUTPUT_USE_VIA_PRIOR_GAME_AGGREGATION,HISTORICAL_AGGREGATE_ONLY,JOIN_OR_METADATA,REQUIRED,RECON_UNIFIED_TEMPORAL_FIELD_REGISTRY_v1.2,true,UNMEASURED_UNTIL_SOURCE_MATERIALIZATION,1,NAME_MATCH_ONLY_NOT_POPULATION_EVIDENCE,JOIN_OR_METADATA,EVIDENCE_OR_METADATA_ONLY,false,true,PRIMARY,PUBLIC_REPOSITORY_UPSTREAM_TERMS_REVIEW,DERIVED_PUBLIC_REPO_REVIEW,W09 raw-field metadata only; no production feature adoption.
RF-000075,SRC-001,SportsDataverse,play_by_play,awayTeamMascot,one row per play,character,UNMATERIALIZED_OR_NOT_SCANNED,Away team mascot/nickname.,identity_metadata,HISTORICAL_GAME_OUTPUT_USE_VIA_PRIOR_GAME_AGGREGATION,HISTORICAL_AGGREGATE_ONLY,JOIN_OR_METADATA,REQUIRED,RECON_UNIFIED_TEMPORAL_FIELD_REGISTRY_v1.2,true,UNMEASURED_UNTIL_SOURCE_MATERIALIZATION,1,NAME_MATCH_ONLY_NOT_POPULATION_EVIDENCE,JOIN_OR_METADATA,EVIDENCE_OR_METADATA_ONLY,false,true,PRIMARY,PUBLIC_REPOSITORY_UPSTREAM_TERMS_REVIEW,DERIVED_PUBLIC_REPO_REVIEW,W09 raw-field metadata only; no production feature adoption.
RF-000076,SRC-001,SportsDataverse,play_by_play,homeTeamAbbrev,one row per play,character,UNMATERIALIZED_OR_NOT_SCANNED,Home team abbreviation.,identity_metadata,HISTORICAL_GAME_OUTPUT_USE_VIA_PRIOR_GAME_AGGREGATION,HISTORICAL_AGGREGATE_ONLY,JOIN_OR_METADATA,REQUIRED,RECON_UNIFIED_TEMPORAL_FIELD_REGISTRY_v1.2,true,UNMEASURED_UNTIL_SOURCE_MATERIALIZATION,1,NAME_MATCH_ONLY_NOT_POPULATION_EVIDENCE,JOIN_OR_METADATA,EVIDENCE_OR_METADATA_ONLY,false,true,PRIMARY,PUBLIC_REPOSITORY_UPSTREAM_TERMS_REVIEW,DERIVED_PUBLIC_REPO_REVIEW,W09 raw-field metadata only; no production feature adoption.
RF-000077,SRC-001,SportsDataverse,play_by_play,awayTeamAbbrev,one row per play,character,UNMATERIALIZED_OR_NOT_SCANNED,Away team abbreviation.,identity_metadata,HISTORICAL_GAME_OUTPUT_USE_VIA_PRIOR_GAME_AGGREGATION,HISTORICAL_AGGREGATE_ONLY,JOIN_OR_METADATA,REQUIRED,RECON_UNIFIED_TEMPORAL_FIELD_REGISTRY_v1.2,true,UNMEASURED_UNTIL_SOURCE_MATERIALIZATION,1,NAME_MATCH_ONLY_NOT_POPULATION_EVIDENCE,JOIN_OR_METADATA,EVIDENCE_OR_METADATA_ONLY,false,true,PRIMARY,PUBLIC_REPOSITORY_UPSTREAM_TERMS_REVIEW,DERIVED_PUBLIC_REPO_REVIEW,W09 raw-field metadata only; no production feature adoption.
RF-000078,SRC-001,SportsDataverse,play_by_play,homeTeamNameAlt,one row per play,character,UNMATERIALIZED_OR_NOT_SCANNED,Alternate home team name.,identity_metadata,HISTORICAL_GAME_OUTPUT_USE_VIA_PRIOR_GAME_AGGREGATION,HISTORICAL_AGGREGATE_ONLY,JOIN_OR_METADATA,REQUIRED,RECON_UNIFIED_TEMPORAL_FIELD_REGISTRY_v1.2,true,UNMEASURED_UNTIL_SOURCE_MATERIALIZATION,0,NO_DIRECT_SAMPLE_EVIDENCE_LINKED,JOIN_OR_METADATA,EVIDENCE_OR_METADATA_ONLY,false,true,PRIMARY,PUBLIC_REPOSITORY_UPSTREAM_TERMS_REVIEW,DERIVED_PUBLIC_REPO_REVIEW,W09 raw-field metadata only; no production feature adoption.
RF-000079,SRC-001,SportsDataverse,play_by_play,awayTeamNameAlt,one row per play,character,UNMATERIALIZED_OR_NOT_SCANNED,Alternate away team name.,identity_metadata,HISTORICAL_GAME_OUTPUT_USE_VIA_PRIOR_GAME_AGGREGATION,HISTORICAL_AGGREGATE_ONLY,JOIN_OR_METADATA,REQUIRED,RECON_UNIFIED_TEMPORAL_FIELD_REGISTRY_v1.2,true,UNMEASURED_UNTIL_SOURCE_MATERIALIZATION,0,NO_DIRECT_SAMPLE_EVIDENCE_LINKED,JOIN_OR_METADATA,EVIDENCE_OR_METADATA_ONLY,false,true,PRIMARY,PUBLIC_REPOSITORY_UPSTREAM_TERMS_REVIEW,DERIVED_PUBLIC_REPO_REVIEW,W09 raw-field metadata only; no production feature adoption.
RF-000080,SRC-001,SportsDataverse,play_by_play,gameSpread,one row per play,double,UNMATERIALIZED_OR_NOT_SCANNED,Pregame point spread for the game.,market_betting,HISTORICAL_GAME_OUTPUT_USE_VIA_PRIOR_GAME_AGGREGATION,HISTORICAL_AGGREGATE_ONLY,CANDIDATE_OR_DERIVED,REQUIRED,RECON_UNIFIED_TEMPORAL_FIELD_REGISTRY_v1.2,true,UNMEASURED_UNTIL_SOURCE_MATERIALIZATION,1,NAME_MATCH_ONLY_NOT_POPULATION_EVIDENCE,NON_JOIN_OR_REVIEW,PIT_HISTORICAL_AGGREGATION_INPUT,true,true,PRIMARY,PUBLIC_REPOSITORY_UPSTREAM_TERMS_REVIEW,DERIVED_PUBLIC_REPO_REVIEW,W09 raw-field metadata only; no production feature adoption.
RF-000081,SRC-001,SportsDataverse,play_by_play,homeFavorite,one row per play,logical,UNMATERIALIZED_OR_NOT_SCANNED,TRUE if the home team is the betting favorite.,other,HISTORICAL_GAME_OUTPUT_USE_VIA_PRIOR_GAME_AGGREGATION,HISTORICAL_AGGREGATE_ONLY,CANDIDATE_OR_DERIVED,REQUIRED,RECON_UNIFIED_TEMPORAL_FIELD_REGISTRY_v1.2,true,UNMEASURED_UNTIL_SOURCE_MATERIALIZATION,1,NAME_MATCH_ONLY_NOT_POPULATION_EVIDENCE,NON_JOIN_OR_REVIEW,PIT_HISTORICAL_AGGREGATION_INPUT,true,true,PRIMARY,PUBLIC_REPOSITORY_UPSTREAM_TERMS_REVIEW,DERIVED_PUBLIC_REPO_REVIEW,W09 raw-field metadata only; no production feature adoption.
RF-000082,SRC-001,SportsDataverse,play_by_play,gameSpreadAvailable,one row per play,logical,UNMATERIALIZED_OR_NOT_SCANNED,TRUE if a spread was available for the game.,market_betting,HISTORICAL_GAME_OUTPUT_USE_VIA_PRIOR_GAME_AGGREGATION,HISTORICAL_AGGREGATE_ONLY,CANDIDATE_OR_DERIVED,REQUIRED,RECON_UNIFIED_TEMPORAL_FIELD_REGISTRY_v1.2,true,UNMEASURED_UNTIL_SOURCE_MATERIALIZATION,1,NAME_MATCH_ONLY_NOT_POPULATION_EVIDENCE,NON_JOIN_OR_REVIEW,PIT_HISTORICAL_AGGREGATION_INPUT,true,true,PRIMARY,PUBLIC_REPOSITORY_UPSTREAM_TERMS_REVIEW,DERIVED_PUBLIC_REPO_REVIEW,W09 raw-field metadata only; no production feature adoption.
RF-000083,SRC-001,SportsDataverse,play_by_play,overUnder,one row per play,double,UNMATERIALIZED_OR_NOT_SCANNED,Pregame over/under total.,market_betting,HISTORICAL_GAME_OUTPUT_USE_VIA_PRIOR_GAME_AGGREGATION,HISTORICAL_AGGREGATE_ONLY,CANDIDATE_OR_DERIVED,REQUIRED,RECON_UNIFIED_TEMPORAL_FIELD_REGISTRY_v1.2,true,UNMEASURED_UNTIL_SOURCE_MATERIALIZATION,1,NAME_MATCH_ONLY_NOT_POPULATION_EVIDENCE,NON_JOIN_OR_REVIEW,PIT_HISTORICAL_AGGREGATION_INPUT,true,true,PRIMARY,PUBLIC_REPOSITORY_UPSTREAM_TERMS_REVIEW,DERIVED_PUBLIC_REPO_REVIEW,W09 raw-field metadata only; no production feature adoption.
RF-000084,SRC-001,SportsDataverse,play_by_play,homeTeamSpread,one row per play,double,UNMATERIALIZED_OR_NOT_SCANNED,Spread expressed from the home team's perspective.,market_betting,HISTORICAL_GAME_OUTPUT_USE_VIA_PRIOR_GAME_AGGREGATION,HISTORICAL_AGGREGATE_ONLY,CANDIDATE_OR_DERIVED,REQUIRED,RECON_UNIFIED_TEMPORAL_FIELD_REGISTRY_v1.2,true,UNMEASURED_UNTIL_SOURCE_MATERIALIZATION,1,NAME_MATCH_ONLY_NOT_POPULATION_EVIDENCE,NON_JOIN_OR_REVIEW,PIT_HISTORICAL_AGGREGATION_INPUT,true,true,PRIMARY,PUBLIC_REPOSITORY_UPSTREAM_TERMS_REVIEW,DERIVED_PUBLIC_REPO_REVIEW,W09 raw-field metadata only; no production feature adoption.
RF-000085,SRC-001,SportsDataverse,play_by_play,clock.minutes,one row per play,integer,UNMATERIALIZED_OR_NOT_SCANNED,Minutes component of the game clock at play start.,game_state_tempo_clock,HISTORICAL_GAME_OUTPUT_USE_VIA_PRIOR_GAME_AGGREGATION,HISTORICAL_AGGREGATE_ONLY,CANDIDATE_OR_DERIVED,REQUIRED,RECON_UNIFIED_TEMPORAL_FIELD_REGISTRY_v1.2,true,UNMEASURED_UNTIL_SOURCE_MATERIALIZATION,0,NO_DIRECT_SAMPLE_EVIDENCE_LINKED,NON_JOIN_OR_REVIEW,PIT_HISTORICAL_AGGREGATION_INPUT,true,true,PRIMARY,PUBLIC_REPOSITORY_UPSTREAM_TERMS_REVIEW,DERIVED_PUBLIC_REPO_REVIEW,W09 raw-field metadata only; no production feature adoption.
RF-000086,SRC-001,SportsDataverse,play_by_play,clock.seconds,one row per play,integer,UNMATERIALIZED_OR_NOT_SCANNED,Seconds component of the game clock at play start.,game_state_tempo_clock,HISTORICAL_GAME_OUTPUT_USE_VIA_PRIOR_GAME_AGGREGATION,HISTORICAL_AGGREGATE_ONLY,CANDIDATE_OR_DERIVED,REQUIRED,RECON_UNIFIED_TEMPORAL_FIELD_REGISTRY_v1.2,true,UNMEASURED_UNTIL_SOURCE_MATERIALIZATION,0,NO_DIRECT_SAMPLE_EVIDENCE_LINKED,NON_JOIN_OR_REVIEW,PIT_HISTORICAL_AGGREGATION_INPUT,true,true,PRIMARY,PUBLIC_REPOSITORY_UPSTREAM_TERMS_REVIEW,DERIVED_PUBLIC_REPO_REVIEW,W09 raw-field metadata only; no production feature adoption.
RF-000087,SRC-001,SportsDataverse,play_by_play,half,one row per play,integer,UNMATERIALIZED_OR_NOT_SCANNED,Half of play (1 or 2; OT continues numbering).,game_state_tempo_clock,HISTORICAL_GAME_OUTPUT_USE_VIA_PRIOR_GAME_AGGREGATION,HISTORICAL_AGGREGATE_ONLY,CANDIDATE_OR_DERIVED,REQUIRED,RECON_UNIFIED_TEMPORAL_FIELD_REGISTRY_v1.2,true,UNMEASURED_UNTIL_SOURCE_MATERIALIZATION,0,NO_DIRECT_SAMPLE_EVIDENCE_LINKED,NON_JOIN_OR_REVIEW,PIT_HISTORICAL_AGGREGATION_INPUT,true,true,PRIMARY,PUBLIC_REPOSITORY_UPSTREAM_TERMS_REVIEW,DERIVED_PUBLIC_REPO_REVIEW,W09 raw-field metadata only; no production feature adoption.
RF-000088,SRC-001,SportsDataverse,play_by_play,lag_half,one row per play,integer,UNMATERIALIZED_OR_NOT_SCANNED,Half value of the previous play; null on first play.,game_state_tempo_clock,HISTORICAL_GAME_OUTPUT_USE_VIA_PRIOR_GAME_AGGREGATION,HISTORICAL_AGGREGATE_ONLY,CANDIDATE_OR_DERIVED,REQUIRED,RECON_UNIFIED_TEMPORAL_FIELD_REGISTRY_v1.2,true,UNMEASURED_UNTIL_SOURCE_MATERIALIZATION,0,NO_DIRECT_SAMPLE_EVIDENCE_LINKED,NON_JOIN_OR_REVIEW,PIT_HISTORICAL_AGGREGATION_INPUT,true,true,PRIMARY,PUBLIC_REPOSITORY_UPSTREAM_TERMS_REVIEW,DERIVED_PUBLIC_REPO_REVIEW,W09 raw-field metadata only; no production feature adoption.
RF-000089,SRC-001,SportsDataverse,play_by_play,lead_half,one row per play,integer,UNMATERIALIZED_OR_NOT_SCANNED,Half value of the next play.,game_state_tempo_clock,HISTORICAL_GAME_OUTPUT_USE_VIA_PRIOR_GAME_AGGREGATION,HISTORICAL_AGGREGATE_ONLY,CANDIDATE_OR_DERIVED,REQUIRED,RECON_UNIFIED_TEMPORAL_FIELD_REGISTRY_v1.2,true,UNMEASURED_UNTIL_SOURCE_MATERIALIZATION,0,NO_DIRECT_SAMPLE_EVIDENCE_LINKED,NON_JOIN_OR_REVIEW,PIT_HISTORICAL_AGGREGATION_INPUT,true,true,PRIMARY,PUBLIC_REPOSITORY_UPSTREAM_TERMS_REVIEW,DERIVED_PUBLIC_REPO_REVIEW,W09 raw-field metadata only; no production feature adoption.
RF-000090,SRC-001,SportsDataverse,play_by_play,start.TimeSecsRem,one row per play,integer,UNMATERIALIZED_OR_NOT_SCANNED,Seconds remaining in the half at play start.,game_state_tempo_clock,HISTORICAL_GAME_OUTPUT_USE_VIA_PRIOR_GAME_AGGREGATION,HISTORICAL_AGGREGATE_ONLY,CANDIDATE_OR_DERIVED,REQUIRED,RECON_UNIFIED_TEMPORAL_FIELD_REGISTRY_v1.2,true,UNMEASURED_UNTIL_SOURCE_MATERIALIZATION,0,NO_DIRECT_SAMPLE_EVIDENCE_LINKED,NON_JOIN_OR_REVIEW,PIT_HISTORICAL_AGGREGATION_INPUT,true,true,PRIMARY,PUBLIC_REPOSITORY_UPSTREAM_TERMS_REVIEW,DERIVED_PUBLIC_REPO_REVIEW,W09 raw-field metadata only; no production feature adoption.
RF-000091,SRC-001,SportsDataverse,play_by_play,start.adj_TimeSecsRem,one row per play,integer,UNMATERIALIZED_OR_NOT_SCANNED,Adjusted seconds remaining in game at play start (EPA model input).,game_state_tempo_clock,HISTORICAL_GAME_OUTPUT_USE_VIA_PRIOR_GAME_AGGREGATION,HISTORICAL_AGGREGATE_ONLY,CANDIDATE_OR_DERIVED,REQUIRED,RECON_UNIFIED_TEMPORAL_FIELD_REGISTRY_v1.2,true,UNMEASURED_UNTIL_SOURCE_MATERIALIZATION,0,NO_DIRECT_SAMPLE_EVIDENCE_LINKED,NON_JOIN_OR_REVIEW,PIT_HISTORICAL_AGGREGATION_INPUT,true,true,PRIMARY,PUBLIC_REPOSITORY_UPSTREAM_TERMS_REVIEW,DERIVED_PUBLIC_REPO_REVIEW,W09 raw-field metadata only; no production feature adoption.
RF-000092,SRC-001,SportsDataverse,play_by_play,orig_play_type,one row per play,character,UNMATERIALIZED_OR_NOT_SCANNED,Original ESPN play-type label before any mid-pipeline reclassification.,other,HISTORICAL_GAME_OUTPUT_USE_VIA_PRIOR_GAME_AGGREGATION,HISTORICAL_AGGREGATE_ONLY,CANDIDATE_OR_DERIVED,REQUIRED,RECON_UNIFIED_TEMPORAL_FIELD_REGISTRY_v1.2,true,UNMEASURED_UNTIL_SOURCE_MATERIALIZATION,0,NO_DIRECT_SAMPLE_EVIDENCE_LINKED,NON_JOIN_OR_REVIEW,PIT_HISTORICAL_AGGREGATION_INPUT,true,true,PRIMARY,PUBLIC_REPOSITORY_UPSTREAM_TERMS_REVIEW,DERIVED_PUBLIC_REPO_REVIEW,W09 raw-field metadata only; no production feature adoption.
RF-000093,SRC-001,SportsDataverse,play_by_play,lead_text,one row per play,character,UNMATERIALIZED_OR_NOT_SCANNED,Description text of the next play.,other,HISTORICAL_GAME_OUTPUT_USE_VIA_PRIOR_GAME_AGGREGATION,HISTORICAL_AGGREGATE_ONLY,CANDIDATE_OR_DERIVED,REQUIRED,RECON_UNIFIED_TEMPORAL_FIELD_REGISTRY_v1.2,true,UNMEASURED_UNTIL_SOURCE_MATERIALIZATION,0,NO_DIRECT_SAMPLE_EVIDENCE_LINKED,NON_JOIN_OR_REVIEW,PIT_HISTORICAL_AGGREGATION_INPUT,true,true,PRIMARY,PUBLIC_REPOSITORY_UPSTREAM_TERMS_REVIEW,DERIVED_PUBLIC_REPO_REVIEW,W09 raw-field metadata only; no production feature adoption.
RF-000094,SRC-001,SportsDataverse,play_by_play,lead_start_team,one row per play,character,UNMATERIALIZED_OR_NOT_SCANNED,Possessing team text on the next play.,identity_metadata,HISTORICAL_GAME_OUTPUT_USE_VIA_PRIOR_GAME_AGGREGATION,HISTORICAL_AGGREGATE_ONLY,JOIN_OR_METADATA,REQUIRED,RECON_UNIFIED_TEMPORAL_FIELD_REGISTRY_v1.2,true,UNMEASURED_UNTIL_SOURCE_MATERIALIZATION,0,NO_DIRECT_SAMPLE_EVIDENCE_LINKED,JOIN_OR_METADATA,EVIDENCE_OR_METADATA_ONLY,false,true,PRIMARY,PUBLIC_REPOSITORY_UPSTREAM_TERMS_REVIEW,DERIVED_PUBLIC_REPO_REVIEW,W09 raw-field metadata only; no production feature adoption.
RF-000095,SRC-001,SportsDataverse,play_by_play,lead_start_yardsToEndzone,one row per play,integer,UNMATERIALIZED_OR_NOT_SCANNED,Yards to end zone at the start of the next play.,situational_field_position,HISTORICAL_GAME_OUTPUT_USE_VIA_PRIOR_GAME_AGGREGATION,HISTORICAL_AGGREGATE_ONLY,CANDIDATE_OR_DERIVED,REQUIRED,RECON_UNIFIED_TEMPORAL_FIELD_REGISTRY_v1.2,true,UNMEASURED_UNTIL_SOURCE_MATERIALIZATION,0,NO_DIRECT_SAMPLE_EVIDENCE_LINKED,NON_JOIN_OR_REVIEW,PIT_HISTORICAL_AGGREGATION_INPUT,true,true,PRIMARY,PUBLIC_REPOSITORY_UPSTREAM_TERMS_REVIEW,DERIVED_PUBLIC_REPO_REVIEW,W09 raw-field metadata only; no production feature adoption.
RF-000096,SRC-001,SportsDataverse,play_by_play,lead_start_down,one row per play,integer,UNMATERIALIZED_OR_NOT_SCANNED,Down at the start of the next play.,situational_field_position,HISTORICAL_GAME_OUTPUT_USE_VIA_PRIOR_GAME_AGGREGATION,HISTORICAL_AGGREGATE_ONLY,CANDIDATE_OR_DERIVED,REQUIRED,RECON_UNIFIED_TEMPORAL_FIELD_REGISTRY_v1.2,true,UNMEASURED_UNTIL_SOURCE_MATERIALIZATION,0,NO_DIRECT_SAMPLE_EVIDENCE_LINKED,NON_JOIN_OR_REVIEW,PIT_HISTORICAL_AGGREGATION_INPUT,true,true,PRIMARY,PUBLIC_REPOSITORY_UPSTREAM_TERMS_REVIEW,DERIVED_PUBLIC_REPO_REVIEW,W09 raw-field metadata only; no production feature adoption.
RF-000097,SRC-001,SportsDataverse,play_by_play,lead_start_distance,one row per play,integer,UNMATERIALIZED_OR_NOT_SCANNED,Distance to go at the start of the next play.,situational_field_position,HISTORICAL_GAME_OUTPUT_USE_VIA_PRIOR_GAME_AGGREGATION,HISTORICAL_AGGREGATE_ONLY,CANDIDATE_OR_DERIVED,REQUIRED,RECON_UNIFIED_TEMPORAL_FIELD_REGISTRY_v1.2,true,UNMEASURED_UNTIL_SOURCE_MATERIALIZATION,0,NO_DIRECT_SAMPLE_EVIDENCE_LINKED,NON_JOIN_OR_REVIEW,PIT_HISTORICAL_AGGREGATION_INPUT,true,true,PRIMARY,PUBLIC_REPOSITORY_UPSTREAM_TERMS_REVIEW,DERIVED_PUBLIC_REPO_REVIEW,W09 raw-field metadata only; no production feature adoption.
RF-000098,SRC-001,SportsDataverse,play_by_play,lead_scoringPlay,one row per play,logical,UNMATERIALIZED_OR_NOT_SCANNED,Whether the next play is a scoring play.,other,HISTORICAL_GAME_OUTPUT_USE_VIA_PRIOR_GAME_AGGREGATION,HISTORICAL_AGGREGATE_ONLY,CANDIDATE_OR_DERIVED,REQUIRED,RECON_UNIFIED_TEMPORAL_FIELD_REGISTRY_v1.2,true,UNMEASURED_UNTIL_SOURCE_MATERIALIZATION,0,NO_DIRECT_SAMPLE_EVIDENCE_LINKED,NON_JOIN_OR_REVIEW,PIT_HISTORICAL_AGGREGATION_INPUT,true,true,PRIMARY,PUBLIC_REPOSITORY_UPSTREAM_TERMS_REVIEW,DERIVED_PUBLIC_REPO_REVIEW,W09 raw-field metadata only; no production feature adoption.
RF-000099,SRC-001,SportsDataverse,play_by_play,text_dupe,one row per play,logical,UNMATERIALIZED_OR_NOT_SCANNED,TRUE if the play text duplicates an adjacent play (dedupe flag).,other,HISTORICAL_GAME_OUTPUT_USE_VIA_PRIOR_GAME_AGGREGATION,HISTORICAL_AGGREGATE_ONLY,CANDIDATE_OR_DERIVED,REQUIRED,RECON_UNIFIED_TEMPORAL_FIELD_REGISTRY_v1.2,true,UNMEASURED_UNTIL_SOURCE_MATERIALIZATION,0,NO_DIRECT_SAMPLE_EVIDENCE_LINKED,NON_JOIN_OR_REVIEW,PIT_HISTORICAL_AGGREGATION_INPUT,true,true,PRIMARY,PUBLIC_REPOSITORY_UPSTREAM_TERMS_REVIEW,DERIVED_PUBLIC_REPO_REVIEW,W09 raw-field metadata only; no production feature adoption.
RF-000100,SRC-001,SportsDataverse,play_by_play,start.pos_team.id,one row per play,integer,UNMATERIALIZED_OR_NOT_SCANNED,Offensive (possession) team id at play start.,identity_metadata,HISTORICAL_GAME_OUTPUT_USE_VIA_PRIOR_GAME_AGGREGATION,HISTORICAL_AGGREGATE_ONLY,JOIN_OR_METADATA,REQUIRED,RECON_UNIFIED_TEMPORAL_FIELD_REGISTRY_v1.2,true,UNMEASURED_UNTIL_SOURCE_MATERIALIZATION,0,NO_DIRECT_SAMPLE_EVIDENCE_LINKED,JOIN_OR_METADATA,EVIDENCE_OR_METADATA_ONLY,false,true,PRIMARY,PUBLIC_REPOSITORY_UPSTREAM_TERMS_REVIEW,DERIVED_PUBLIC_REPO_REVIEW,W09 raw-field metadata only; no production feature adoption.
RF-000101,SRC-001,SportsDataverse,play_by_play,start.def_pos_team.id,one row per play,integer,UNMATERIALIZED_OR_NOT_SCANNED,Defensive team id at play start.,identity_metadata,HISTORICAL_GAME_OUTPUT_USE_VIA_PRIOR_GAME_AGGREGATION,HISTORICAL_AGGREGATE_ONLY,JOIN_OR_METADATA,REQUIRED,RECON_UNIFIED_TEMPORAL_FIELD_REGISTRY_v1.2,true,UNMEASURED_UNTIL_SOURCE_MATERIALIZATION,0,NO_DIRECT_SAMPLE_EVIDENCE_LINKED,JOIN_OR_METADATA,EVIDENCE_OR_METADATA_ONLY,false,true,PRIMARY,PUBLIC_REPOSITORY_UPSTREAM_TERMS_REVIEW,DERIVED_PUBLIC_REPO_REVIEW,W09 raw-field metadata only; no production feature adoption.
RF-000102,SRC-001,SportsDataverse,play_by_play,end.def_pos_team.id,one row per play,integer,UNMATERIALIZED_OR_NOT_SCANNED,Defensive team id at play end.,identity_metadata,CURRENT_GAME_POSTSTART_NOT_DIRECT_PREGAME,CURRENT_GAME_OR_POSTGAME_NOT_DIRECT_PREGAME,JOIN_OR_METADATA,REQUIRED,RECON_UNIFIED_TEMPORAL_FIELD_REGISTRY_v1.2,true,UNMEASURED_UNTIL_SOURCE_MATERIALIZATION,0,NO_DIRECT_SAMPLE_EVIDENCE_LINKED,JOIN_OR_METADATA,EVIDENCE_OR_METADATA_ONLY,false,true,PRIMARY,PUBLIC_REPOSITORY_UPSTREAM_TERMS_REVIEW,DERIVED_PUBLIC_REPO_REVIEW,W09 raw-field metadata only; no production feature adoption.
RF-000103,SRC-001,SportsDataverse,play_by_play,end.pos_team.id,one row per play,integer,UNMATERIALIZED_OR_NOT_SCANNED,Offensive (possession) team id at play end.,identity_metadata,CURRENT_GAME_POSTSTART_NOT_DIRECT_PREGAME,CURRENT_GAME_OR_POSTGAME_NOT_DIRECT_PREGAME,JOIN_OR_METADATA,REQUIRED,RECON_UNIFIED_TEMPORAL_FIELD_REGISTRY_v1.2,true,UNMEASURED_UNTIL_SOURCE_MATERIALIZATION,0,NO_DIRECT_SAMPLE_EVIDENCE_LINKED,JOIN_OR_METADATA,EVIDENCE_OR_METADATA_ONLY,false,true,PRIMARY,PUBLIC_REPOSITORY_UPSTREAM_TERMS_REVIEW,DERIVED_PUBLIC_REPO_REVIEW,W09 raw-field metadata only; no production feature adoption.
RF-000104,SRC-001,SportsDataverse,play_by_play,start.pos_team.name,one row per play,character,UNMATERIALIZED_OR_NOT_SCANNED,Offensive team name at play start.,identity_metadata,HISTORICAL_GAME_OUTPUT_USE_VIA_PRIOR_GAME_AGGREGATION,HISTORICAL_AGGREGATE_ONLY,JOIN_OR_METADATA,REQUIRED,RECON_UNIFIED_TEMPORAL_FIELD_REGISTRY_v1.2,true,UNMEASURED_UNTIL_SOURCE_MATERIALIZATION,0,NO_DIRECT_SAMPLE_EVIDENCE_LINKED,JOIN_OR_METADATA,EVIDENCE_OR_METADATA_ONLY,false,true,PRIMARY,PUBLIC_REPOSITORY_UPSTREAM_TERMS_REVIEW,DERIVED_PUBLIC_REPO_REVIEW,W09 raw-field metadata only; no production feature adoption.
RF-000105,SRC-001,SportsDataverse,play_by_play,start.def_pos_team.name,one row per play,character,UNMATERIALIZED_OR_NOT_SCANNED,Defensive team name at play start.,identity_metadata,HISTORICAL_GAME_OUTPUT_USE_VIA_PRIOR_GAME_AGGREGATION,HISTORICAL_AGGREGATE_ONLY,JOIN_OR_METADATA,REQUIRED,RECON_UNIFIED_TEMPORAL_FIELD_REGISTRY_v1.2,true,UNMEASURED_UNTIL_SOURCE_MATERIALIZATION,0,NO_DIRECT_SAMPLE_EVIDENCE_LINKED,JOIN_OR_METADATA,EVIDENCE_OR_METADATA_ONLY,false,true,PRIMARY,PUBLIC_REPOSITORY_UPSTREAM_TERMS_REVIEW,DERIVED_PUBLIC_REPO_REVIEW,W09 raw-field metadata only; no production feature adoption.
RF-000106,SRC-001,SportsDataverse,play_by_play,end.pos_team.name,one row per play,character,UNMATERIALIZED_OR_NOT_SCANNED,Offensive team name at play end.,identity_metadata,CURRENT_GAME_POSTSTART_NOT_DIRECT_PREGAME,CURRENT_GAME_OR_POSTGAME_NOT_DIRECT_PREGAME,JOIN_OR_METADATA,REQUIRED,RECON_UNIFIED_TEMPORAL_FIELD_REGISTRY_v1.2,true,UNMEASURED_UNTIL_SOURCE_MATERIALIZATION,0,NO_DIRECT_SAMPLE_EVIDENCE_LINKED,JOIN_OR_METADATA,EVIDENCE_OR_METADATA_ONLY,false,true,PRIMARY,PUBLIC_REPOSITORY_UPSTREAM_TERMS_REVIEW,DERIVED_PUBLIC_REPO_REVIEW,W09 raw-field metadata only; no production feature adoption.
RF-000107,SRC-001,SportsDataverse,play_by_play,end.def_pos_team.name,one row per play,character,UNMATERIALIZED_OR_NOT_SCANNED,Defensive team name at play end.,identity_metadata,CURRENT_GAME_POSTSTART_NOT_DIRECT_PREGAME,CURRENT_GAME_OR_POSTGAME_NOT_DIRECT_PREGAME,JOIN_OR_METADATA,REQUIRED,RECON_UNIFIED_TEMPORAL_FIELD_REGISTRY_v1.2,true,UNMEASURED_UNTIL_SOURCE_MATERIALIZATION,0,NO_DIRECT_SAMPLE_EVIDENCE_LINKED,JOIN_OR_METADATA,EVIDENCE_OR_METADATA_ONLY,false,true,PRIMARY,PUBLIC_REPOSITORY_UPSTREAM_TERMS_REVIEW,DERIVED_PUBLIC_REPO_REVIEW,W09 raw-field metadata only; no production feature adoption.
RF-000108,SRC-001,SportsDataverse,play_by_play,start.is_home,one row per play,logical,UNMATERIALIZED_OR_NOT_SCANNED,TRUE if the possession team at play start is the home team.,other,HISTORICAL_GAME_OUTPUT_USE_VIA_PRIOR_GAME_AGGREGATION,HISTORICAL_AGGREGATE_ONLY,CANDIDATE_OR_DERIVED,REQUIRED,RECON_UNIFIED_TEMPORAL_FIELD_REGISTRY_v1.2,true,UNMEASURED_UNTIL_SOURCE_MATERIALIZATION,0,NO_DIRECT_SAMPLE_EVIDENCE_LINKED,NON_JOIN_OR_REVIEW,PIT_HISTORICAL_AGGREGATION_INPUT,true,true,PRIMARY,PUBLIC_REPOSITORY_UPSTREAM_TERMS_REVIEW,DERIVED_PUBLIC_REPO_REVIEW,W09 raw-field metadata only; no production feature adoption.
RF-000109,SRC-001,SportsDataverse,play_by_play,end.is_home,one row per play,logical,UNMATERIALIZED_OR_NOT_SCANNED,TRUE if the possession team at play end is the home team.,other,CURRENT_GAME_POSTSTART_NOT_DIRECT_PREGAME,CURRENT_GAME_OR_POSTGAME_NOT_DIRECT_PREGAME,HISTORICAL_TRANSFORM_ONLY,REQUIRED,RECON_UNIFIED_TEMPORAL_FIELD_REGISTRY_v1.2,true,UNMEASURED_UNTIL_SOURCE_MATERIALIZATION,0,NO_DIRECT_SAMPLE_EVIDENCE_LINKED,NON_JOIN_OR_REVIEW,HISTORICAL_OR_LIVE_DERIVATION_ONLY,false,true,PRIMARY,PUBLIC_REPOSITORY_UPSTREAM_TERMS_REVIEW,DERIVED_PUBLIC_REPO_REVIEW,W09 raw-field metadata only; no production feature adoption.
RF-000110,SRC-001,SportsDataverse,play_by_play,homeTimeoutCalled,one row per play,logical,UNMATERIALIZED_OR_NOT_SCANNED,TRUE if the home team called a timeout on this play.,game_state_tempo_clock,HISTORICAL_GAME_OUTPUT_USE_VIA_PRIOR_GAME_AGGREGATION,HISTORICAL_AGGREGATE_ONLY,CANDIDATE_OR_DERIVED,REQUIRED,RECON_UNIFIED_TEMPORAL_FIELD_REGISTRY_v1.2,true,UNMEASURED_UNTIL_SOURCE_MATERIALIZATION,0,NO_DIRECT_SAMPLE_EVIDENCE_LINKED,NON_JOIN_OR_REVIEW,PIT_HISTORICAL_AGGREGATION_INPUT,true,true,PRIMARY,PUBLIC_REPOSITORY_UPSTREAM_TERMS_REVIEW,DERIVED_PUBLIC_REPO_REVIEW,W09 raw-field metadata only; no production feature adoption.
RF-000111,SRC-001,SportsDataverse,play_by_play,awayTimeoutCalled,one row per play,logical,UNMATERIALIZED_OR_NOT_SCANNED,TRUE if the away team called a timeout on this play.,game_state_tempo_clock,HISTORICAL_GAME_OUTPUT_USE_VIA_PRIOR_GAME_AGGREGATION,HISTORICAL_AGGREGATE_ONLY,CANDIDATE_OR_DERIVED,REQUIRED,RECON_UNIFIED_TEMPORAL_FIELD_REGISTRY_v1.2,true,UNMEASURED_UNTIL_SOURCE_MATERIALIZATION,0,NO_DIRECT_SAMPLE_EVIDENCE_LINKED,NON_JOIN_OR_REVIEW,PIT_HISTORICAL_AGGREGATION_INPUT,true,true,PRIMARY,PUBLIC_REPOSITORY_UPSTREAM_TERMS_REVIEW,DERIVED_PUBLIC_REPO_REVIEW,W09 raw-field metadata only; no production feature adoption.
RF-000112,SRC-001,SportsDataverse,play_by_play,end.homeTeamTimeouts,one row per play,integer,UNMATERIALIZED_OR_NOT_SCANNED,Home timeouts remaining at play end.,game_state_tempo_clock,CURRENT_GAME_POSTSTART_NOT_DIRECT_PREGAME,CURRENT_GAME_OR_POSTGAME_NOT_DIRECT_PREGAME,HISTORICAL_TRANSFORM_ONLY,REQUIRED,RECON_UNIFIED_TEMPORAL_FIELD_REGISTRY_v1.2,true,UNMEASURED_UNTIL_SOURCE_MATERIALIZATION,0,NO_DIRECT_SAMPLE_EVIDENCE_LINKED,NON_JOIN_OR_REVIEW,HISTORICAL_OR_LIVE_DERIVATION_ONLY,false,true,PRIMARY,PUBLIC_REPOSITORY_UPSTREAM_TERMS_REVIEW,DERIVED_PUBLIC_REPO_REVIEW,W09 raw-field metadata only; no production feature adoption.
RF-000113,SRC-001,SportsDataverse,play_by_play,end.awayTeamTimeouts,one row per play,integer,UNMATERIALIZED_OR_NOT_SCANNED,Away timeouts remaining at play end.,game_state_tempo_clock,CURRENT_GAME_POSTSTART_NOT_DIRECT_PREGAME,CURRENT_GAME_OR_POSTGAME_NOT_DIRECT_PREGAME,HISTORICAL_TRANSFORM_ONLY,REQUIRED,RECON_UNIFIED_TEMPORAL_FIELD_REGISTRY_v1.2,true,UNMEASURED_UNTIL_SOURCE_MATERIALIZATION,0,NO_DIRECT_SAMPLE_EVIDENCE_LINKED,NON_JOIN_OR_REVIEW,HISTORICAL_OR_LIVE_DERIVATION_ONLY,false,true,PRIMARY,PUBLIC_REPOSITORY_UPSTREAM_TERMS_REVIEW,DERIVED_PUBLIC_REPO_REVIEW,W09 raw-field metadata only; no production feature adoption.
RF-000114,SRC-001,SportsDataverse,play_by_play,start.homeTeamTimeouts,one row per play,integer,UNMATERIALIZED_OR_NOT_SCANNED,Home timeouts remaining at play start.,game_state_tempo_clock,HISTORICAL_GAME_OUTPUT_USE_VIA_PRIOR_GAME_AGGREGATION,HISTORICAL_AGGREGATE_ONLY,CANDIDATE_OR_DERIVED,REQUIRED,RECON_UNIFIED_TEMPORAL_FIELD_REGISTRY_v1.2,true,UNMEASURED_UNTIL_SOURCE_MATERIALIZATION,0,NO_DIRECT_SAMPLE_EVIDENCE_LINKED,NON_JOIN_OR_REVIEW,PIT_HISTORICAL_AGGREGATION_INPUT,true,true,PRIMARY,PUBLIC_REPOSITORY_UPSTREAM_TERMS_REVIEW,DERIVED_PUBLIC_REPO_REVIEW,W09 raw-field metadata only; no production feature adoption.
RF-000115,SRC-001,SportsDataverse,play_by_play,start.awayTeamTimeouts,one row per play,integer,UNMATERIALIZED_OR_NOT_SCANNED,Away timeouts remaining at play start.,game_state_tempo_clock,HISTORICAL_GAME_OUTPUT_USE_VIA_PRIOR_GAME_AGGREGATION,HISTORICAL_AGGREGATE_ONLY,CANDIDATE_OR_DERIVED,REQUIRED,RECON_UNIFIED_TEMPORAL_FIELD_REGISTRY_v1.2,true,UNMEASURED_UNTIL_SOURCE_MATERIALIZATION,0,NO_DIRECT_SAMPLE_EVIDENCE_LINKED,NON_JOIN_OR_REVIEW,PIT_HISTORICAL_AGGREGATION_INPUT,true,true,PRIMARY,PUBLIC_REPOSITORY_UPSTREAM_TERMS_REVIEW,DERIVED_PUBLIC_REPO_REVIEW,W09 raw-field metadata only; no production feature adoption.
RF-000116,SRC-001,SportsDataverse,play_by_play,end.TimeSecsRem,one row per play,integer,UNMATERIALIZED_OR_NOT_SCANNED,Seconds remaining in the half at play end.,game_state_tempo_clock,CURRENT_GAME_POSTSTART_NOT_DIRECT_PREGAME,CURRENT_GAME_OR_POSTGAME_NOT_DIRECT_PREGAME,HISTORICAL_TRANSFORM_ONLY,REQUIRED,RECON_UNIFIED_TEMPORAL_FIELD_REGISTRY_v1.2,true,UNMEASURED_UNTIL_SOURCE_MATERIALIZATION,0,NO_DIRECT_SAMPLE_EVIDENCE_LINKED,NON_JOIN_OR_REVIEW,HISTORICAL_OR_LIVE_DERIVATION_ONLY,false,true,PRIMARY,PUBLIC_REPOSITORY_UPSTREAM_TERMS_REVIEW,DERIVED_PUBLIC_REPO_REVIEW,W09 raw-field metadata only; no production feature adoption.
RF-000117,SRC-001,SportsDataverse,play_by_play,end.adj_TimeSecsRem,one row per play,integer,UNMATERIALIZED_OR_NOT_SCANNED,Adjusted seconds remaining in game at play end.,game_state_tempo_clock,CURRENT_GAME_POSTSTART_NOT_DIRECT_PREGAME,CURRENT_GAME_OR_POSTGAME_NOT_DIRECT_PREGAME,HISTORICAL_TRANSFORM_ONLY,REQUIRED,RECON_UNIFIED_TEMPORAL_FIELD_REGISTRY_v1.2,true,UNMEASURED_UNTIL_SOURCE_MATERIALIZATION,0,NO_DIRECT_SAMPLE_EVIDENCE_LINKED,NON_JOIN_OR_REVIEW,HISTORICAL_OR_LIVE_DERIVATION_ONLY,false,true,PRIMARY,PUBLIC_REPOSITORY_UPSTREAM_TERMS_REVIEW,DERIVED_PUBLIC_REPO_REVIEW,W09 raw-field metadata only; no production feature adoption.
RF-000118,SRC-001,SportsDataverse,play_by_play,start.posTeamTimeouts,one row per play,integer,UNMATERIALIZED_OR_NOT_SCANNED,Offensive team timeouts remaining at play start.,game_state_tempo_clock,HISTORICAL_GAME_OUTPUT_USE_VIA_PRIOR_GAME_AGGREGATION,HISTORICAL_AGGREGATE_ONLY,CANDIDATE_OR_DERIVED,REQUIRED,RECON_UNIFIED_TEMPORAL_FIELD_REGISTRY_v1.2,true,UNMEASURED_UNTIL_SOURCE_MATERIALIZATION,0,NO_DIRECT_SAMPLE_EVIDENCE_LINKED,NON_JOIN_OR_REVIEW,PIT_HISTORICAL_AGGREGATION_INPUT,true,true,PRIMARY,PUBLIC_REPOSITORY_UPSTREAM_TERMS_REVIEW,DERIVED_PUBLIC_REPO_REVIEW,W09 raw-field metadata only; no production feature adoption.
RF-000119,SRC-001,SportsDataverse,play_by_play,start.defPosTeamTimeouts,one row per play,integer,UNMATERIALIZED_OR_NOT_SCANNED,Defensive team timeouts remaining at play start.,game_state_tempo_clock,HISTORICAL_GAME_OUTPUT_USE_VIA_PRIOR_GAME_AGGREGATION,HISTORICAL_AGGREGATE_ONLY,CANDIDATE_OR_DERIVED,REQUIRED,RECON_UNIFIED_TEMPORAL_FIELD_REGISTRY_v1.2,true,UNMEASURED_UNTIL_SOURCE_MATERIALIZATION,0,NO_DIRECT_SAMPLE_EVIDENCE_LINKED,NON_JOIN_OR_REVIEW,PIT_HISTORICAL_AGGREGATION_INPUT,true,true,PRIMARY,PUBLIC_REPOSITORY_UPSTREAM_TERMS_REVIEW,DERIVED_PUBLIC_REPO_REVIEW,W09 raw-field metadata only; no production feature adoption.
RF-000120,SRC-001,SportsDataverse,play_by_play,end.posTeamTimeouts,one row per play,integer,UNMATERIALIZED_OR_NOT_SCANNED,Offensive team timeouts remaining at play end.,game_state_tempo_clock,CURRENT_GAME_POSTSTART_NOT_DIRECT_PREGAME,CURRENT_GAME_OR_POSTGAME_NOT_DIRECT_PREGAME,HISTORICAL_TRANSFORM_ONLY,REQUIRED,RECON_UNIFIED_TEMPORAL_FIELD_REGISTRY_v1.2,true,UNMEASURED_UNTIL_SOURCE_MATERIALIZATION,0,NO_DIRECT_SAMPLE_EVIDENCE_LINKED,NON_JOIN_OR_REVIEW,HISTORICAL_OR_LIVE_DERIVATION_ONLY,false,true,PRIMARY,PUBLIC_REPOSITORY_UPSTREAM_TERMS_REVIEW,DERIVED_PUBLIC_REPO_REVIEW,W09 raw-field metadata only; no production feature adoption.
RF-000121,SRC-001,SportsDataverse,play_by_play,end.defPosTeamTimeouts,one row per play,integer,UNMATERIALIZED_OR_NOT_SCANNED,Defensive team timeouts remaining at play end.,game_state_tempo_clock,CURRENT_GAME_POSTSTART_NOT_DIRECT_PREGAME,CURRENT_GAME_OR_POSTGAME_NOT_DIRECT_PREGAME,HISTORICAL_TRANSFORM_ONLY,REQUIRED,RECON_UNIFIED_TEMPORAL_FIELD_REGISTRY_v1.2,true,UNMEASURED_UNTIL_SOURCE_MATERIALIZATION,0,NO_DIRECT_SAMPLE_EVIDENCE_LINKED,NON_JOIN_OR_REVIEW,HISTORICAL_OR_LIVE_DERIVATION_ONLY,false,true,PRIMARY,PUBLIC_REPOSITORY_UPSTREAM_TERMS_REVIEW,DERIVED_PUBLIC_REPO_REVIEW,W09 raw-field metadata only; no production feature adoption.
RF-000122,SRC-001,SportsDataverse,play_by_play,firstHalfKickoffTeamId,one row per play,integer,UNMATERIALIZED_OR_NOT_SCANNED,Team id that received/kicked the opening kickoff (used for 2H possession logic).,special_teams,HISTORICAL_GAME_OUTPUT_USE_VIA_PRIOR_GAME_AGGREGATION,HISTORICAL_AGGREGATE_ONLY,CANDIDATE_OR_DERIVED,REQUIRED,RECON_UNIFIED_TEMPORAL_FIELD_REGISTRY_v1.2,true,UNMEASURED_UNTIL_SOURCE_MATERIALIZATION,0,NO_DIRECT_SAMPLE_EVIDENCE_LINKED,NON_JOIN_OR_REVIEW,PIT_HISTORICAL_AGGREGATION_INPUT,true,true,PRIMARY,PUBLIC_REPOSITORY_UPSTREAM_TERMS_REVIEW,DERIVED_PUBLIC_REPO_REVIEW,W09 raw-field metadata only; no production feature adoption.
RF-000123,SRC-001,SportsDataverse,play_by_play,period,one row per play,integer,UNMATERIALIZED_OR_NOT_SCANNED,"Quarter/period number (duplicate of period.number, flattened).",game_state_tempo_clock,HISTORICAL_GAME_OUTPUT_USE_VIA_PRIOR_GAME_AGGREGATION,HISTORICAL_AGGREGATE_ONLY,CANDIDATE_OR_DERIVED,REQUIRED,RECON_UNIFIED_TEMPORAL_FIELD_REGISTRY_v1.2,true,UNMEASURED_UNTIL_SOURCE_MATERIALIZATION,1,NAME_MATCH_ONLY_NOT_POPULATION_EVIDENCE,NON_JOIN_OR_REVIEW,PIT_HISTORICAL_AGGREGATION_INPUT,true,true,PRIMARY,PUBLIC_REPOSITORY_UPSTREAM_TERMS_REVIEW,DERIVED_PUBLIC_REPO_REVIEW,W09 raw-field metadata only; no production feature adoption.
RF-000124,SRC-001,SportsDataverse,play_by_play,start.yard,one row per play,integer,UNMATERIALIZED_OR_NOT_SCANNED,Absolute yard (0-100) at play start.,situational_field_position,HISTORICAL_GAME_OUTPUT_USE_VIA_PRIOR_GAME_AGGREGATION,HISTORICAL_AGGREGATE_ONLY,CANDIDATE_OR_DERIVED,REQUIRED,RECON_UNIFIED_TEMPORAL_FIELD_REGISTRY_v1.2,true,UNMEASURED_UNTIL_SOURCE_MATERIALIZATION,0,NO_DIRECT_SAMPLE_EVIDENCE_LINKED,NON_JOIN_OR_REVIEW,PIT_HISTORICAL_AGGREGATION_INPUT,true,true,PRIMARY,PUBLIC_REPOSITORY_UPSTREAM_TERMS_REVIEW,DERIVED_PUBLIC_REPO_REVIEW,W09 raw-field metadata only; no production feature adoption.
RF-000125,SRC-001,SportsDataverse,play_by_play,end.yard,one row per play,integer,UNMATERIALIZED_OR_NOT_SCANNED,Absolute yard (0-100) at play end.,situational_field_position,CURRENT_GAME_POSTSTART_NOT_DIRECT_PREGAME,CURRENT_GAME_OR_POSTGAME_NOT_DIRECT_PREGAME,HISTORICAL_TRANSFORM_ONLY,REQUIRED,RECON_UNIFIED_TEMPORAL_FIELD_REGISTRY_v1.2,true,UNMEASURED_UNTIL_SOURCE_MATERIALIZATION,0,NO_DIRECT_SAMPLE_EVIDENCE_LINKED,NON_JOIN_OR_REVIEW,HISTORICAL_OR_LIVE_DERIVATION_ONLY,false,true,PRIMARY,PUBLIC_REPOSITORY_UPSTREAM_TERMS_REVIEW,DERIVED_PUBLIC_REPO_REVIEW,W09 raw-field metadata only; no production feature adoption.
RF-000126,SRC-001,SportsDataverse,play_by_play,lag_scoringPlay,one row per play,logical,UNMATERIALIZED_OR_NOT_SCANNED,Whether the previous play was a scoring play; null on first play.,other,HISTORICAL_GAME_OUTPUT_USE_VIA_PRIOR_GAME_AGGREGATION,HISTORICAL_AGGREGATE_ONLY,CANDIDATE_OR_DERIVED,REQUIRED,RECON_UNIFIED_TEMPORAL_FIELD_REGISTRY_v1.2,true,UNMEASURED_UNTIL_SOURCE_MATERIALIZATION,0,NO_DIRECT_SAMPLE_EVIDENCE_LINKED,NON_JOIN_OR_REVIEW,PIT_HISTORICAL_AGGREGATION_INPUT,true,true,PRIMARY,PUBLIC_REPOSITORY_UPSTREAM_TERMS_REVIEW,DERIVED_PUBLIC_REPO_REVIEW,W09 raw-field metadata only; no production feature adoption.
RF-000127,SRC-001,SportsDataverse,play_by_play,end_of_half,one row per play,logical,UNMATERIALIZED_OR_NOT_SCANNED,TRUE if the play ends the half; null where undefined.,game_state_tempo_clock,HISTORICAL_GAME_OUTPUT_USE_VIA_PRIOR_GAME_AGGREGATION,HISTORICAL_AGGREGATE_ONLY,CANDIDATE_OR_DERIVED,REQUIRED,RECON_UNIFIED_TEMPORAL_FIELD_REGISTRY_v1.2,true,UNMEASURED_UNTIL_SOURCE_MATERIALIZATION,0,NO_DIRECT_SAMPLE_EVIDENCE_LINKED,NON_JOIN_OR_REVIEW,PIT_HISTORICAL_AGGREGATION_INPUT,true,true,PRIMARY,PUBLIC_REPOSITORY_UPSTREAM_TERMS_REVIEW,DERIVED_PUBLIC_REPO_REVIEW,W09 raw-field metadata only; no production feature adoption.
RF-000128,SRC-001,SportsDataverse,play_by_play,down_1,one row per play,logical,UNMATERIALIZED_OR_NOT_SCANNED,TRUE if the play started on 1st down.,situational_field_position,HISTORICAL_GAME_OUTPUT_USE_VIA_PRIOR_GAME_AGGREGATION,HISTORICAL_AGGREGATE_ONLY,CANDIDATE_OR_DERIVED,REQUIRED,RECON_UNIFIED_TEMPORAL_FIELD_REGISTRY_v1.2,true,UNMEASURED_UNTIL_SOURCE_MATERIALIZATION,0,NO_DIRECT_SAMPLE_EVIDENCE_LINKED,NON_JOIN_OR_REVIEW,PIT_HISTORICAL_AGGREGATION_INPUT,true,true,PRIMARY,PUBLIC_REPOSITORY_UPSTREAM_TERMS_REVIEW,DERIVED_PUBLIC_REPO_REVIEW,W09 raw-field metadata only; no production feature adoption.
RF-000129,SRC-001,SportsDataverse,play_by_play,down_2,one row per play,logical,UNMATERIALIZED_OR_NOT_SCANNED,TRUE if the play started on 2nd down.,situational_field_position,HISTORICAL_GAME_OUTPUT_USE_VIA_PRIOR_GAME_AGGREGATION,HISTORICAL_AGGREGATE_ONLY,CANDIDATE_OR_DERIVED,REQUIRED,RECON_UNIFIED_TEMPORAL_FIELD_REGISTRY_v1.2,true,UNMEASURED_UNTIL_SOURCE_MATERIALIZATION,0,NO_DIRECT_SAMPLE_EVIDENCE_LINKED,NON_JOIN_OR_REVIEW,PIT_HISTORICAL_AGGREGATION_INPUT,true,true,PRIMARY,PUBLIC_REPOSITORY_UPSTREAM_TERMS_REVIEW,DERIVED_PUBLIC_REPO_REVIEW,W09 raw-field metadata only; no production feature adoption.
RF-000130,SRC-001,SportsDataverse,play_by_play,down_3,one row per play,logical,UNMATERIALIZED_OR_NOT_SCANNED,TRUE if the play started on 3rd down.,situational_field_position,HISTORICAL_GAME_OUTPUT_USE_VIA_PRIOR_GAME_AGGREGATION,HISTORICAL_AGGREGATE_ONLY,CANDIDATE_OR_DERIVED,REQUIRED,RECON_UNIFIED_TEMPORAL_FIELD_REGISTRY_v1.2,true,UNMEASURED_UNTIL_SOURCE_MATERIALIZATION,0,NO_DIRECT_SAMPLE_EVIDENCE_LINKED,NON_JOIN_OR_REVIEW,PIT_HISTORICAL_AGGREGATION_INPUT,true,true,PRIMARY,PUBLIC_REPOSITORY_UPSTREAM_TERMS_REVIEW,DERIVED_PUBLIC_REPO_REVIEW,W09 raw-field metadata only; no production feature adoption.
RF-000131,SRC-001,SportsDataverse,play_by_play,down_4,one row per play,logical,UNMATERIALIZED_OR_NOT_SCANNED,TRUE if the play started on 4th down.,situational_field_position,HISTORICAL_GAME_OUTPUT_USE_VIA_PRIOR_GAME_AGGREGATION,HISTORICAL_AGGREGATE_ONLY,CANDIDATE_OR_DERIVED,REQUIRED,RECON_UNIFIED_TEMPORAL_FIELD_REGISTRY_v1.2,true,UNMEASURED_UNTIL_SOURCE_MATERIALIZATION,0,NO_DIRECT_SAMPLE_EVIDENCE_LINKED,NON_JOIN_OR_REVIEW,PIT_HISTORICAL_AGGREGATION_INPUT,true,true,PRIMARY,PUBLIC_REPOSITORY_UPSTREAM_TERMS_REVIEW,DERIVED_PUBLIC_REPO_REVIEW,W09 raw-field metadata only; no production feature adoption.
RF-000132,SRC-001,SportsDataverse,play_by_play,down_1_end,one row per play,logical,UNMATERIALIZED_OR_NOT_SCANNED,TRUE if the play ended on 1st down.,situational_field_position,HISTORICAL_GAME_OUTPUT_USE_VIA_PRIOR_GAME_AGGREGATION,HISTORICAL_AGGREGATE_ONLY,CANDIDATE_OR_DERIVED,REQUIRED,RECON_UNIFIED_TEMPORAL_FIELD_REGISTRY_v1.2,true,UNMEASURED_UNTIL_SOURCE_MATERIALIZATION,0,NO_DIRECT_SAMPLE_EVIDENCE_LINKED,NON_JOIN_OR_REVIEW,PIT_HISTORICAL_AGGREGATION_INPUT,true,true,PRIMARY,PUBLIC_REPOSITORY_UPSTREAM_TERMS_REVIEW,DERIVED_PUBLIC_REPO_REVIEW,W09 raw-field metadata only; no production feature adoption.
RF-000133,SRC-001,SportsDataverse,play_by_play,down_2_end,one row per play,logical,UNMATERIALIZED_OR_NOT_SCANNED,TRUE if the play ended on 2nd down.,situational_field_position,HISTORICAL_GAME_OUTPUT_USE_VIA_PRIOR_GAME_AGGREGATION,HISTORICAL_AGGREGATE_ONLY,CANDIDATE_OR_DERIVED,REQUIRED,RECON_UNIFIED_TEMPORAL_FIELD_REGISTRY_v1.2,true,UNMEASURED_UNTIL_SOURCE_MATERIALIZATION,0,NO_DIRECT_SAMPLE_EVIDENCE_LINKED,NON_JOIN_OR_REVIEW,PIT_HISTORICAL_AGGREGATION_INPUT,true,true,PRIMARY,PUBLIC_REPOSITORY_UPSTREAM_TERMS_REVIEW,DERIVED_PUBLIC_REPO_REVIEW,W09 raw-field metadata only; no production feature adoption.
RF-000134,SRC-001,SportsDataverse,play_by_play,down_3_end,one row per play,logical,UNMATERIALIZED_OR_NOT_SCANNED,TRUE if the play ended on 3rd down.,situational_field_position,HISTORICAL_GAME_OUTPUT_USE_VIA_PRIOR_GAME_AGGREGATION,HISTORICAL_AGGREGATE_ONLY,CANDIDATE_OR_DERIVED,REQUIRED,RECON_UNIFIED_TEMPORAL_FIELD_REGISTRY_v1.2,true,UNMEASURED_UNTIL_SOURCE_MATERIALIZATION,0,NO_DIRECT_SAMPLE_EVIDENCE_LINKED,NON_JOIN_OR_REVIEW,PIT_HISTORICAL_AGGREGATION_INPUT,true,true,PRIMARY,PUBLIC_REPOSITORY_UPSTREAM_TERMS_REVIEW,DERIVED_PUBLIC_REPO_REVIEW,W09 raw-field metadata only; no production feature adoption.
RF-000135,SRC-001,SportsDataverse,play_by_play,down_4_end,one row per play,logical,UNMATERIALIZED_OR_NOT_SCANNED,TRUE if the play ended on 4th down.,situational_field_position,HISTORICAL_GAME_OUTPUT_USE_VIA_PRIOR_GAME_AGGREGATION,HISTORICAL_AGGREGATE_ONLY,CANDIDATE_OR_DERIVED,REQUIRED,RECON_UNIFIED_TEMPORAL_FIELD_REGISTRY_v1.2,true,UNMEASURED_UNTIL_SOURCE_MATERIALIZATION,0,NO_DIRECT_SAMPLE_EVIDENCE_LINKED,NON_JOIN_OR_REVIEW,PIT_HISTORICAL_AGGREGATION_INPUT,true,true,PRIMARY,PUBLIC_REPOSITORY_UPSTREAM_TERMS_REVIEW,DERIVED_PUBLIC_REPO_REVIEW,W09 raw-field metadata only; no production feature adoption.
RF-000136,SRC-001,SportsDataverse,play_by_play,scoring_play,one row per play,logical,UNMATERIALIZED_OR_NOT_SCANNED,Derived scoring-play flag.,other,HISTORICAL_GAME_OUTPUT_USE_VIA_PRIOR_GAME_AGGREGATION,HISTORICAL_AGGREGATE_ONLY,CANDIDATE_OR_DERIVED,REQUIRED,RECON_UNIFIED_TEMPORAL_FIELD_REGISTRY_v1.2,true,UNMEASURED_UNTIL_SOURCE_MATERIALIZATION,0,NO_DIRECT_SAMPLE_EVIDENCE_LINKED,NON_JOIN_OR_REVIEW,PIT_HISTORICAL_AGGREGATION_INPUT,true,true,PRIMARY,PUBLIC_REPOSITORY_UPSTREAM_TERMS_REVIEW,DERIVED_PUBLIC_REPO_REVIEW,W09 raw-field metadata only; no production feature adoption.
RF-000137,SRC-001,SportsDataverse,play_by_play,td_play,one row per play,logical,UNMATERIALIZED_OR_NOT_SCANNED,TRUE if the play involved a touchdown.,other,HISTORICAL_GAME_OUTPUT_USE_VIA_PRIOR_GAME_AGGREGATION,HISTORICAL_AGGREGATE_ONLY,CANDIDATE_OR_DERIVED,REQUIRED,RECON_UNIFIED_TEMPORAL_FIELD_REGISTRY_v1.2,true,UNMEASURED_UNTIL_SOURCE_MATERIALIZATION,0,NO_DIRECT_SAMPLE_EVIDENCE_LINKED,NON_JOIN_OR_REVIEW,PIT_HISTORICAL_AGGREGATION_INPUT,true,true,PRIMARY,PUBLIC_REPOSITORY_UPSTREAM_TERMS_REVIEW,DERIVED_PUBLIC_REPO_REVIEW,W09 raw-field metadata only; no production feature adoption.
RF-000138,SRC-001,SportsDataverse,play_by_play,touchdown,one row per play,logical,UNMATERIALIZED_OR_NOT_SCANNED,TRUE if a touchdown was scored on the play.,situational_field_position,HISTORICAL_GAME_OUTPUT_USE_VIA_PRIOR_GAME_AGGREGATION,HISTORICAL_AGGREGATE_ONLY,CANDIDATE_OR_DERIVED,REQUIRED,RECON_UNIFIED_TEMPORAL_FIELD_REGISTRY_v1.2,true,UNMEASURED_UNTIL_SOURCE_MATERIALIZATION,0,NO_DIRECT_SAMPLE_EVIDENCE_LINKED,NON_JOIN_OR_REVIEW,PIT_HISTORICAL_AGGREGATION_INPUT,true,true,PRIMARY,PUBLIC_REPOSITORY_UPSTREAM_TERMS_REVIEW,DERIVED_PUBLIC_REPO_REVIEW,W09 raw-field metadata only; no production feature adoption.
RF-000139,SRC-001,SportsDataverse,play_by_play,td_check,one row per play,logical,UNMATERIALIZED_OR_NOT_SCANNED,Internal touchdown-detection helper flag.,other,HISTORICAL_GAME_OUTPUT_USE_VIA_PRIOR_GAME_AGGREGATION,HISTORICAL_AGGREGATE_ONLY,CANDIDATE_OR_DERIVED,REQUIRED,RECON_UNIFIED_TEMPORAL_FIELD_REGISTRY_v1.2,true,UNMEASURED_UNTIL_SOURCE_MATERIALIZATION,0,NO_DIRECT_SAMPLE_EVIDENCE_LINKED,NON_JOIN_OR_REVIEW,PIT_HISTORICAL_AGGREGATION_INPUT,true,true,PRIMARY,PUBLIC_REPOSITORY_UPSTREAM_TERMS_REVIEW,DERIVED_PUBLIC_REPO_REVIEW,W09 raw-field metadata only; no production feature adoption.
RF-000140,SRC-001,SportsDataverse,play_by_play,safety,one row per play,logical,UNMATERIALIZED_OR_NOT_SCANNED,TRUE if a safety occurred.,other,HISTORICAL_GAME_OUTPUT_USE_VIA_PRIOR_GAME_AGGREGATION,HISTORICAL_AGGREGATE_ONLY,CANDIDATE_OR_DERIVED,REQUIRED,RECON_UNIFIED_TEMPORAL_FIELD_REGISTRY_v1.2,true,UNMEASURED_UNTIL_SOURCE_MATERIALIZATION,0,NO_DIRECT_SAMPLE_EVIDENCE_LINKED,NON_JOIN_OR_REVIEW,PIT_HISTORICAL_AGGREGATION_INPUT,true,true,PRIMARY,PUBLIC_REPOSITORY_UPSTREAM_TERMS_REVIEW,DERIVED_PUBLIC_REPO_REVIEW,W09 raw-field metadata only; no production feature adoption.
RF-000141,SRC-001,SportsDataverse,play_by_play,fumble_vec,one row per play,logical,UNMATERIALIZED_OR_NOT_SCANNED,TRUE if a fumble occurred on the play.,turnovers,HISTORICAL_GAME_OUTPUT_USE_VIA_PRIOR_GAME_AGGREGATION,HISTORICAL_AGGREGATE_ONLY,CANDIDATE_OR_DERIVED,REQUIRED,RECON_UNIFIED_TEMPORAL_FIELD_REGISTRY_v1.2,true,UNMEASURED_UNTIL_SOURCE_MATERIALIZATION,0,NO_DIRECT_SAMPLE_EVIDENCE_LINKED,NON_JOIN_OR_REVIEW,PIT_HISTORICAL_AGGREGATION_INPUT,true,true,PRIMARY,PUBLIC_REPOSITORY_UPSTREAM_TERMS_REVIEW,DERIVED_PUBLIC_REPO_REVIEW,W09 raw-field metadata only; no production feature adoption.
RF-000142,SRC-001,SportsDataverse,play_by_play,forced_fumble,one row per play,logical,UNMATERIALIZED_OR_NOT_SCANNED,TRUE if the fumble was forced.,turnovers,HISTORICAL_GAME_OUTPUT_USE_VIA_PRIOR_GAME_AGGREGATION,HISTORICAL_AGGREGATE_ONLY,CANDIDATE_OR_DERIVED,REQUIRED,RECON_UNIFIED_TEMPORAL_FIELD_REGISTRY_v1.2,true,UNMEASURED_UNTIL_SOURCE_MATERIALIZATION,0,NO_DIRECT_SAMPLE_EVIDENCE_LINKED,NON_JOIN_OR_REVIEW,PIT_HISTORICAL_AGGREGATION_INPUT,true,true,PRIMARY,PUBLIC_REPOSITORY_UPSTREAM_TERMS_REVIEW,DERIVED_PUBLIC_REPO_REVIEW,W09 raw-field metadata only; no production feature adoption.
RF-000143,SRC-001,SportsDataverse,play_by_play,kickoff_play,one row per play,logical,UNMATERIALIZED_OR_NOT_SCANNED,TRUE if the play is a kickoff.,special_teams,HISTORICAL_GAME_OUTPUT_USE_VIA_PRIOR_GAME_AGGREGATION,HISTORICAL_AGGREGATE_ONLY,CANDIDATE_OR_DERIVED,REQUIRED,RECON_UNIFIED_TEMPORAL_FIELD_REGISTRY_v1.2,true,UNMEASURED_UNTIL_SOURCE_MATERIALIZATION,0,NO_DIRECT_SAMPLE_EVIDENCE_LINKED,NON_JOIN_OR_REVIEW,PIT_HISTORICAL_AGGREGATION_INPUT,true,true,PRIMARY,PUBLIC_REPOSITORY_UPSTREAM_TERMS_REVIEW,DERIVED_PUBLIC_REPO_REVIEW,W09 raw-field metadata only; no production feature adoption.
RF-000144,SRC-001,SportsDataverse,play_by_play,kickoff_tb,one row per play,logical,UNMATERIALIZED_OR_NOT_SCANNED,TRUE if the kickoff resulted in a touchback.,special_teams,HISTORICAL_GAME_OUTPUT_USE_VIA_PRIOR_GAME_AGGREGATION,HISTORICAL_AGGREGATE_ONLY,CANDIDATE_OR_DERIVED,REQUIRED,RECON_UNIFIED_TEMPORAL_FIELD_REGISTRY_v1.2,true,UNMEASURED_UNTIL_SOURCE_MATERIALIZATION,0,NO_DIRECT_SAMPLE_EVIDENCE_LINKED,NON_JOIN_OR_REVIEW,PIT_HISTORICAL_AGGREGATION_INPUT,true,true,PRIMARY,PUBLIC_REPOSITORY_UPSTREAM_TERMS_REVIEW,DERIVED_PUBLIC_REPO_REVIEW,W09 raw-field metadata only; no production feature adoption.
RF-000145,SRC-001,SportsDataverse,play_by_play,kickoff_onside,one row per play,logical,UNMATERIALIZED_OR_NOT_SCANNED,TRUE if the kickoff was an onside attempt.,special_teams,HISTORICAL_GAME_OUTPUT_USE_VIA_PRIOR_GAME_AGGREGATION,HISTORICAL_AGGREGATE_ONLY,CANDIDATE_OR_DERIVED,REQUIRED,RECON_UNIFIED_TEMPORAL_FIELD_REGISTRY_v1.2,true,UNMEASURED_UNTIL_SOURCE_MATERIALIZATION,0,NO_DIRECT_SAMPLE_EVIDENCE_LINKED,NON_JOIN_OR_REVIEW,PIT_HISTORICAL_AGGREGATION_INPUT,true,true,PRIMARY,PUBLIC_REPOSITORY_UPSTREAM_TERMS_REVIEW,DERIVED_PUBLIC_REPO_REVIEW,W09 raw-field metadata only; no production feature adoption.
RF-000146,SRC-001,SportsDataverse,play_by_play,kickoff_oob,one row per play,logical,UNMATERIALIZED_OR_NOT_SCANNED,TRUE if the kickoff went out of bounds.,special_teams,HISTORICAL_GAME_OUTPUT_USE_VIA_PRIOR_GAME_AGGREGATION,HISTORICAL_AGGREGATE_ONLY,CANDIDATE_OR_DERIVED,REQUIRED,RECON_UNIFIED_TEMPORAL_FIELD_REGISTRY_v1.2,true,UNMEASURED_UNTIL_SOURCE_MATERIALIZATION,0,NO_DIRECT_SAMPLE_EVIDENCE_LINKED,NON_JOIN_OR_REVIEW,PIT_HISTORICAL_AGGREGATION_INPUT,true,true,PRIMARY,PUBLIC_REPOSITORY_UPSTREAM_TERMS_REVIEW,DERIVED_PUBLIC_REPO_REVIEW,W09 raw-field metadata only; no production feature adoption.
RF-000147,SRC-001,SportsDataverse,play_by_play,kickoff_fair_catch,one row per play,logical,UNMATERIALIZED_OR_NOT_SCANNED,TRUE if the kickoff was fair-caught.,special_teams,HISTORICAL_GAME_OUTPUT_USE_VIA_PRIOR_GAME_AGGREGATION,HISTORICAL_AGGREGATE_ONLY,CANDIDATE_OR_DERIVED,REQUIRED,RECON_UNIFIED_TEMPORAL_FIELD_REGISTRY_v1.2,true,UNMEASURED_UNTIL_SOURCE_MATERIALIZATION,0,NO_DIRECT_SAMPLE_EVIDENCE_LINKED,NON_JOIN_OR_REVIEW,PIT_HISTORICAL_AGGREGATION_INPUT,true,true,PRIMARY,PUBLIC_REPOSITORY_UPSTREAM_TERMS_REVIEW,DERIVED_PUBLIC_REPO_REVIEW,W09 raw-field metadata only; no production feature adoption.
RF-000148,SRC-001,SportsDataverse,play_by_play,kickoff_downed,one row per play,logical,UNMATERIALIZED_OR_NOT_SCANNED,TRUE if the kickoff was downed.,special_teams,HISTORICAL_GAME_OUTPUT_USE_VIA_PRIOR_GAME_AGGREGATION,HISTORICAL_AGGREGATE_ONLY,CANDIDATE_OR_DERIVED,REQUIRED,RECON_UNIFIED_TEMPORAL_FIELD_REGISTRY_v1.2,true,UNMEASURED_UNTIL_SOURCE_MATERIALIZATION,0,NO_DIRECT_SAMPLE_EVIDENCE_LINKED,NON_JOIN_OR_REVIEW,PIT_HISTORICAL_AGGREGATION_INPUT,true,true,PRIMARY,PUBLIC_REPOSITORY_UPSTREAM_TERMS_REVIEW,DERIVED_PUBLIC_REPO_REVIEW,W09 raw-field metadata only; no production feature adoption.
RF-000149,SRC-001,SportsDataverse,play_by_play,kick_play,one row per play,logical,UNMATERIALIZED_OR_NOT_SCANNED,TRUE if the play is a kick (kickoff or punt) play.,special_teams,HISTORICAL_GAME_OUTPUT_USE_VIA_PRIOR_GAME_AGGREGATION,HISTORICAL_AGGREGATE_ONLY,CANDIDATE_OR_DERIVED,REQUIRED,RECON_UNIFIED_TEMPORAL_FIELD_REGISTRY_v1.2,true,UNMEASURED_UNTIL_SOURCE_MATERIALIZATION,0,NO_DIRECT_SAMPLE_EVIDENCE_LINKED,NON_JOIN_OR_REVIEW,PIT_HISTORICAL_AGGREGATION_INPUT,true,true,PRIMARY,PUBLIC_REPOSITORY_UPSTREAM_TERMS_REVIEW,DERIVED_PUBLIC_REPO_REVIEW,W09 raw-field metadata only; no production feature adoption.
RF-000150,SRC-001,SportsDataverse,play_by_play,kickoff_safety,one row per play,logical,UNMATERIALIZED_OR_NOT_SCANNED,TRUE if the kickoff resulted in a safety.,special_teams,HISTORICAL_GAME_OUTPUT_USE_VIA_PRIOR_GAME_AGGREGATION,HISTORICAL_AGGREGATE_ONLY,CANDIDATE_OR_DERIVED,REQUIRED,RECON_UNIFIED_TEMPORAL_FIELD_REGISTRY_v1.2,true,UNMEASURED_UNTIL_SOURCE_MATERIALIZATION,0,NO_DIRECT_SAMPLE_EVIDENCE_LINKED,NON_JOIN_OR_REVIEW,PIT_HISTORICAL_AGGREGATION_INPUT,true,true,PRIMARY,PUBLIC_REPOSITORY_UPSTREAM_TERMS_REVIEW,DERIVED_PUBLIC_REPO_REVIEW,W09 raw-field metadata only; no production feature adoption.
RF-000151,SRC-001,SportsDataverse,play_by_play,punt,one row per play,logical,UNMATERIALIZED_OR_NOT_SCANNED,TRUE if the play is a punt.,special_teams,HISTORICAL_GAME_OUTPUT_USE_VIA_PRIOR_GAME_AGGREGATION,HISTORICAL_AGGREGATE_ONLY,CANDIDATE_OR_DERIVED,REQUIRED,RECON_UNIFIED_TEMPORAL_FIELD_REGISTRY_v1.2,true,UNMEASURED_UNTIL_SOURCE_MATERIALIZATION,0,NO_DIRECT_SAMPLE_EVIDENCE_LINKED,NON_JOIN_OR_REVIEW,PIT_HISTORICAL_AGGREGATION_INPUT,true,true,PRIMARY,PUBLIC_REPOSITORY_UPSTREAM_TERMS_REVIEW,DERIVED_PUBLIC_REPO_REVIEW,W09 raw-field metadata only; no production feature adoption.
RF-000152,SRC-001,SportsDataverse,play_by_play,punt_play,one row per play,logical,UNMATERIALIZED_OR_NOT_SCANNED,TRUE if the play is a punt play.,special_teams,HISTORICAL_GAME_OUTPUT_USE_VIA_PRIOR_GAME_AGGREGATION,HISTORICAL_AGGREGATE_ONLY,CANDIDATE_OR_DERIVED,REQUIRED,RECON_UNIFIED_TEMPORAL_FIELD_REGISTRY_v1.2,true,UNMEASURED_UNTIL_SOURCE_MATERIALIZATION,0,NO_DIRECT_SAMPLE_EVIDENCE_LINKED,NON_JOIN_OR_REVIEW,PIT_HISTORICAL_AGGREGATION_INPUT,true,true,PRIMARY,PUBLIC_REPOSITORY_UPSTREAM_TERMS_REVIEW,DERIVED_PUBLIC_REPO_REVIEW,W09 raw-field metadata only; no production feature adoption.
RF-000153,SRC-001,SportsDataverse,play_by_play,punt_tb,one row per play,logical,UNMATERIALIZED_OR_NOT_SCANNED,TRUE if the punt resulted in a touchback.,special_teams,HISTORICAL_GAME_OUTPUT_USE_VIA_PRIOR_GAME_AGGREGATION,HISTORICAL_AGGREGATE_ONLY,CANDIDATE_OR_DERIVED,REQUIRED,RECON_UNIFIED_TEMPORAL_FIELD_REGISTRY_v1.2,true,UNMEASURED_UNTIL_SOURCE_MATERIALIZATION,0,NO_DIRECT_SAMPLE_EVIDENCE_LINKED,NON_JOIN_OR_REVIEW,PIT_HISTORICAL_AGGREGATION_INPUT,true,true,PRIMARY,PUBLIC_REPOSITORY_UPSTREAM_TERMS_REVIEW,DERIVED_PUBLIC_REPO_REVIEW,W09 raw-field metadata only; no production feature adoption.
RF-000154,SRC-001,SportsDataverse,play_by_play,punt_oob,one row per play,logical,UNMATERIALIZED_OR_NOT_SCANNED,TRUE if the punt went out of bounds.,special_teams,HISTORICAL_GAME_OUTPUT_USE_VIA_PRIOR_GAME_AGGREGATION,HISTORICAL_AGGREGATE_ONLY,CANDIDATE_OR_DERIVED,REQUIRED,RECON_UNIFIED_TEMPORAL_FIELD_REGISTRY_v1.2,true,UNMEASURED_UNTIL_SOURCE_MATERIALIZATION,0,NO_DIRECT_SAMPLE_EVIDENCE_LINKED,NON_JOIN_OR_REVIEW,PIT_HISTORICAL_AGGREGATION_INPUT,true,true,PRIMARY,PUBLIC_REPOSITORY_UPSTREAM_TERMS_REVIEW,DERIVED_PUBLIC_REPO_REVIEW,W09 raw-field metadata only; no production feature adoption.
RF-000155,SRC-001,SportsDataverse,play_by_play,punt_fair_catch,one row per play,logical,UNMATERIALIZED_OR_NOT_SCANNED,TRUE if the punt was fair-caught.,special_teams,HISTORICAL_GAME_OUTPUT_USE_VIA_PRIOR_GAME_AGGREGATION,HISTORICAL_AGGREGATE_ONLY,CANDIDATE_OR_DERIVED,REQUIRED,RECON_UNIFIED_TEMPORAL_FIELD_REGISTRY_v1.2,true,UNMEASURED_UNTIL_SOURCE_MATERIALIZATION,0,NO_DIRECT_SAMPLE_EVIDENCE_LINKED,NON_JOIN_OR_REVIEW,PIT_HISTORICAL_AGGREGATION_INPUT,true,true,PRIMARY,PUBLIC_REPOSITORY_UPSTREAM_TERMS_REVIEW,DERIVED_PUBLIC_REPO_REVIEW,W09 raw-field metadata only; no production feature adoption.
RF-000156,SRC-001,SportsDataverse,play_by_play,punt_downed,one row per play,logical,UNMATERIALIZED_OR_NOT_SCANNED,TRUE if the punt was downed.,special_teams,HISTORICAL_GAME_OUTPUT_USE_VIA_PRIOR_GAME_AGGREGATION,HISTORICAL_AGGREGATE_ONLY,CANDIDATE_OR_DERIVED,REQUIRED,RECON_UNIFIED_TEMPORAL_FIELD_REGISTRY_v1.2,true,UNMEASURED_UNTIL_SOURCE_MATERIALIZATION,0,NO_DIRECT_SAMPLE_EVIDENCE_LINKED,NON_JOIN_OR_REVIEW,PIT_HISTORICAL_AGGREGATION_INPUT,true,true,PRIMARY,PUBLIC_REPOSITORY_UPSTREAM_TERMS_REVIEW,DERIVED_PUBLIC_REPO_REVIEW,W09 raw-field metadata only; no production feature adoption.
RF-000157,SRC-001,SportsDataverse,play_by_play,punt_safety,one row per play,logical,UNMATERIALIZED_OR_NOT_SCANNED,TRUE if the punt resulted in a safety.,special_teams,HISTORICAL_GAME_OUTPUT_USE_VIA_PRIOR_GAME_AGGREGATION,HISTORICAL_AGGREGATE_ONLY,CANDIDATE_OR_DERIVED,REQUIRED,RECON_UNIFIED_TEMPORAL_FIELD_REGISTRY_v1.2,true,UNMEASURED_UNTIL_SOURCE_MATERIALIZATION,0,NO_DIRECT_SAMPLE_EVIDENCE_LINKED,NON_JOIN_OR_REVIEW,PIT_HISTORICAL_AGGREGATION_INPUT,true,true,PRIMARY,PUBLIC_REPOSITORY_UPSTREAM_TERMS_REVIEW,DERIVED_PUBLIC_REPO_REVIEW,W09 raw-field metadata only; no production feature adoption.
RF-000158,SRC-001,SportsDataverse,play_by_play,punt_blocked,one row per play,logical,UNMATERIALIZED_OR_NOT_SCANNED,TRUE if the punt was blocked.,special_teams,HISTORICAL_GAME_OUTPUT_USE_VIA_PRIOR_GAME_AGGREGATION,HISTORICAL_AGGREGATE_ONLY,CANDIDATE_OR_DERIVED,REQUIRED,RECON_UNIFIED_TEMPORAL_FIELD_REGISTRY_v1.2,true,UNMEASURED_UNTIL_SOURCE_MATERIALIZATION,0,NO_DIRECT_SAMPLE_EVIDENCE_LINKED,NON_JOIN_OR_REVIEW,PIT_HISTORICAL_AGGREGATION_INPUT,true,true,PRIMARY,PUBLIC_REPOSITORY_UPSTREAM_TERMS_REVIEW,DERIVED_PUBLIC_REPO_REVIEW,W09 raw-field metadata only; no production feature adoption.
RF-000159,SRC-001,SportsDataverse,play_by_play,penalty_safety,one row per play,logical,UNMATERIALIZED_OR_NOT_SCANNED,TRUE if a penalty resulted in a safety.,penalties,HISTORICAL_GAME_OUTPUT_USE_VIA_PRIOR_GAME_AGGREGATION,HISTORICAL_AGGREGATE_ONLY,CANDIDATE_OR_DERIVED,REQUIRED,RECON_UNIFIED_TEMPORAL_FIELD_REGISTRY_v1.2,true,UNMEASURED_UNTIL_SOURCE_MATERIALIZATION,0,NO_DIRECT_SAMPLE_EVIDENCE_LINKED,NON_JOIN_OR_REVIEW,PIT_HISTORICAL_AGGREGATION_INPUT,true,true,PRIMARY,PUBLIC_REPOSITORY_UPSTREAM_TERMS_REVIEW,DERIVED_PUBLIC_REPO_REVIEW,W09 raw-field metadata only; no production feature adoption.
RF-000160,SRC-001,SportsDataverse,play_by_play,rush,one row per play,logical,UNMATERIALIZED_OR_NOT_SCANNED,TRUE if the play is a rush.,rushing,HISTORICAL_GAME_OUTPUT_USE_VIA_PRIOR_GAME_AGGREGATION,HISTORICAL_AGGREGATE_ONLY,CANDIDATE_OR_DERIVED,REQUIRED,RECON_UNIFIED_TEMPORAL_FIELD_REGISTRY_v1.2,true,UNMEASURED_UNTIL_SOURCE_MATERIALIZATION,1,NAME_MATCH_ONLY_NOT_POPULATION_EVIDENCE,NON_JOIN_OR_REVIEW,PIT_HISTORICAL_AGGREGATION_INPUT,true,true,PRIMARY,PUBLIC_REPOSITORY_UPSTREAM_TERMS_REVIEW,DERIVED_PUBLIC_REPO_REVIEW,W09 raw-field metadata only; no production feature adoption.
RF-000161,SRC-001,SportsDataverse,play_by_play,pass,one row per play,logical,UNMATERIALIZED_OR_NOT_SCANNED,TRUE if the play is a pass.,passing_receiving,HISTORICAL_GAME_OUTPUT_USE_VIA_PRIOR_GAME_AGGREGATION,HISTORICAL_AGGREGATE_ONLY,CANDIDATE_OR_DERIVED,REQUIRED,RECON_UNIFIED_TEMPORAL_FIELD_REGISTRY_v1.2,true,UNMEASURED_UNTIL_SOURCE_MATERIALIZATION,1,NAME_MATCH_ONLY_NOT_POPULATION_EVIDENCE,NON_JOIN_OR_REVIEW,PIT_HISTORICAL_AGGREGATION_INPUT,true,true,PRIMARY,PUBLIC_REPOSITORY_UPSTREAM_TERMS_REVIEW,DERIVED_PUBLIC_REPO_REVIEW,W09 raw-field metadata only; no production feature adoption.
RF-000162,SRC-001,SportsDataverse,play_by_play,sack_vec,one row per play,logical,UNMATERIALIZED_OR_NOT_SCANNED,TRUE if a sack occurred (vector form; canonical column is `sack`).,other,HISTORICAL_GAME_OUTPUT_USE_VIA_PRIOR_GAME_AGGREGATION,HISTORICAL_AGGREGATE_ONLY,CANDIDATE_OR_DERIVED,REQUIRED,RECON_UNIFIED_TEMPORAL_FIELD_REGISTRY_v1.2,true,UNMEASURED_UNTIL_SOURCE_MATERIALIZATION,0,NO_DIRECT_SAMPLE_EVIDENCE_LINKED,NON_JOIN_OR_REVIEW,PIT_HISTORICAL_AGGREGATION_INPUT,true,true,PRIMARY,PUBLIC_REPOSITORY_UPSTREAM_TERMS_REVIEW,DERIVED_PUBLIC_REPO_REVIEW,W09 raw-field metadata only; no production feature adoption.
RF-000163,SRC-001,SportsDataverse,play_by_play,pos_team,one row per play,integer,UNMATERIALIZED_OR_NOT_SCANNED,Offensive (possession) team id for the play.,identity_metadata,HISTORICAL_GAME_OUTPUT_USE_VIA_PRIOR_GAME_AGGREGATION,HISTORICAL_AGGREGATE_ONLY,JOIN_OR_METADATA,REQUIRED,RECON_UNIFIED_TEMPORAL_FIELD_REGISTRY_v1.2,true,UNMEASURED_UNTIL_SOURCE_MATERIALIZATION,0,NO_DIRECT_SAMPLE_EVIDENCE_LINKED,JOIN_OR_METADATA,EVIDENCE_OR_METADATA_ONLY,false,true,PRIMARY,PUBLIC_REPOSITORY_UPSTREAM_TERMS_REVIEW,DERIVED_PUBLIC_REPO_REVIEW,W09 raw-field metadata only; no production feature adoption.
RF-000164,SRC-001,SportsDataverse,play_by_play,def_pos_team,one row per play,integer,UNMATERIALIZED_OR_NOT_SCANNED,Defensive team id for the play.,identity_metadata,HISTORICAL_GAME_OUTPUT_USE_VIA_PRIOR_GAME_AGGREGATION,HISTORICAL_AGGREGATE_ONLY,JOIN_OR_METADATA,REQUIRED,RECON_UNIFIED_TEMPORAL_FIELD_REGISTRY_v1.2,true,UNMEASURED_UNTIL_SOURCE_MATERIALIZATION,0,NO_DIRECT_SAMPLE_EVIDENCE_LINKED,JOIN_OR_METADATA,EVIDENCE_OR_METADATA_ONLY,false,true,PRIMARY,PUBLIC_REPOSITORY_UPSTREAM_TERMS_REVIEW,DERIVED_PUBLIC_REPO_REVIEW,W09 raw-field metadata only; no production feature adoption.
RF-000165,SRC-001,SportsDataverse,play_by_play,is_home,one row per play,logical,UNMATERIALIZED_OR_NOT_SCANNED,TRUE if the possession team is the home team.,other,HISTORICAL_GAME_OUTPUT_USE_VIA_PRIOR_GAME_AGGREGATION,HISTORICAL_AGGREGATE_ONLY,CANDIDATE_OR_DERIVED,REQUIRED,RECON_UNIFIED_TEMPORAL_FIELD_REGISTRY_v1.2,true,UNMEASURED_UNTIL_SOURCE_MATERIALIZATION,0,NO_DIRECT_SAMPLE_EVIDENCE_LINKED,NON_JOIN_OR_REVIEW,PIT_HISTORICAL_AGGREGATION_INPUT,true,true,PRIMARY,PUBLIC_REPOSITORY_UPSTREAM_TERMS_REVIEW,DERIVED_PUBLIC_REPO_REVIEW,W09 raw-field metadata only; no production feature adoption.
RF-000166,SRC-001,SportsDataverse,play_by_play,lag_HA_score_diff,one row per play,integer,UNMATERIALIZED_OR_NOT_SCANNED,Home-minus-away score differential on the previous play; null on first.,other,HISTORICAL_GAME_OUTPUT_USE_VIA_PRIOR_GAME_AGGREGATION,HISTORICAL_AGGREGATE_ONLY,CANDIDATE_OR_DERIVED,REQUIRED,RECON_UNIFIED_TEMPORAL_FIELD_REGISTRY_v1.2,true,UNMEASURED_UNTIL_SOURCE_MATERIALIZATION,0,NO_DIRECT_SAMPLE_EVIDENCE_LINKED,NON_JOIN_OR_REVIEW,PIT_HISTORICAL_AGGREGATION_INPUT,true,true,PRIMARY,PUBLIC_REPOSITORY_UPSTREAM_TERMS_REVIEW,DERIVED_PUBLIC_REPO_REVIEW,W09 raw-field metadata only; no production feature adoption.
RF-000167,SRC-001,SportsDataverse,play_by_play,HA_score_diff,one row per play,integer,UNMATERIALIZED_OR_NOT_SCANNED,Home-minus-away score differential after this play.,other,CURRENT_GAME_POSTSTART_NOT_DIRECT_PREGAME,CURRENT_GAME_OR_POSTGAME_NOT_DIRECT_PREGAME,HISTORICAL_TRANSFORM_ONLY,REQUIRED,RECON_UNIFIED_TEMPORAL_FIELD_REGISTRY_v1.2,true,UNMEASURED_UNTIL_SOURCE_MATERIALIZATION,0,NO_DIRECT_SAMPLE_EVIDENCE_LINKED,NON_JOIN_OR_REVIEW,HISTORICAL_OR_LIVE_DERIVATION_ONLY,false,true,PRIMARY,PUBLIC_REPOSITORY_UPSTREAM_TERMS_REVIEW,DERIVED_PUBLIC_REPO_REVIEW,W09 raw-field metadata only; no production feature adoption.
RF-000168,SRC-001,SportsDataverse,play_by_play,net_HA_score_pts,one row per play,integer,UNMATERIALIZED_OR_NOT_SCANNED,Net change in home-minus-away points on this play; null where undefined.,other,HISTORICAL_GAME_OUTPUT_USE_VIA_PRIOR_GAME_AGGREGATION,HISTORICAL_AGGREGATE_ONLY,CANDIDATE_OR_DERIVED,REQUIRED,RECON_UNIFIED_TEMPORAL_FIELD_REGISTRY_v1.2,true,UNMEASURED_UNTIL_SOURCE_MATERIALIZATION,0,NO_DIRECT_SAMPLE_EVIDENCE_LINKED,NON_JOIN_OR_REVIEW,PIT_HISTORICAL_AGGREGATION_INPUT,true,true,PRIMARY,PUBLIC_REPOSITORY_UPSTREAM_TERMS_REVIEW,DERIVED_PUBLIC_REPO_REVIEW,W09 raw-field metadata only; no production feature adoption.
RF-000169,SRC-001,SportsDataverse,play_by_play,H_score_diff,one row per play,integer,UNMATERIALIZED_OR_NOT_SCANNED,Home score differential; null where undefined.,other,HISTORICAL_GAME_OUTPUT_USE_VIA_PRIOR_GAME_AGGREGATION,HISTORICAL_AGGREGATE_ONLY,CANDIDATE_OR_DERIVED,REQUIRED,RECON_UNIFIED_TEMPORAL_FIELD_REGISTRY_v1.2,true,UNMEASURED_UNTIL_SOURCE_MATERIALIZATION,0,NO_DIRECT_SAMPLE_EVIDENCE_LINKED,NON_JOIN_OR_REVIEW,PIT_HISTORICAL_AGGREGATION_INPUT,true,true,PRIMARY,PUBLIC_REPOSITORY_UPSTREAM_TERMS_REVIEW,DERIVED_PUBLIC_REPO_REVIEW,W09 raw-field metadata only; no production feature adoption.
RF-000170,SRC-001,SportsDataverse,play_by_play,A_score_diff,one row per play,integer,UNMATERIALIZED_OR_NOT_SCANNED,Away score differential; null where undefined.,other,HISTORICAL_GAME_OUTPUT_USE_VIA_PRIOR_GAME_AGGREGATION,HISTORICAL_AGGREGATE_ONLY,CANDIDATE_OR_DERIVED,REQUIRED,RECON_UNIFIED_TEMPORAL_FIELD_REGISTRY_v1.2,true,UNMEASURED_UNTIL_SOURCE_MATERIALIZATION,0,NO_DIRECT_SAMPLE_EVIDENCE_LINKED,NON_JOIN_OR_REVIEW,PIT_HISTORICAL_AGGREGATION_INPUT,true,true,PRIMARY,PUBLIC_REPOSITORY_UPSTREAM_TERMS_REVIEW,DERIVED_PUBLIC_REPO_REVIEW,W09 raw-field metadata only; no production feature adoption.
RF-000171,SRC-001,SportsDataverse,play_by_play,lag_homeScore,one row per play,integer,UNMATERIALIZED_OR_NOT_SCANNED,Home score on the previous play.,other,HISTORICAL_GAME_OUTPUT_USE_VIA_PRIOR_GAME_AGGREGATION,HISTORICAL_AGGREGATE_ONLY,CANDIDATE_OR_DERIVED,REQUIRED,RECON_UNIFIED_TEMPORAL_FIELD_REGISTRY_v1.2,true,UNMEASURED_UNTIL_SOURCE_MATERIALIZATION,0,NO_DIRECT_SAMPLE_EVIDENCE_LINKED,NON_JOIN_OR_REVIEW,PIT_HISTORICAL_AGGREGATION_INPUT,true,true,PRIMARY,PUBLIC_REPOSITORY_UPSTREAM_TERMS_REVIEW,DERIVED_PUBLIC_REPO_REVIEW,W09 raw-field metadata only; no production feature adoption.
RF-000172,SRC-001,SportsDataverse,play_by_play,lag_awayScore,one row per play,integer,UNMATERIALIZED_OR_NOT_SCANNED,Away score on the previous play.,other,HISTORICAL_GAME_OUTPUT_USE_VIA_PRIOR_GAME_AGGREGATION,HISTORICAL_AGGREGATE_ONLY,CANDIDATE_OR_DERIVED,REQUIRED,RECON_UNIFIED_TEMPORAL_FIELD_REGISTRY_v1.2,true,UNMEASURED_UNTIL_SOURCE_MATERIALIZATION,0,NO_DIRECT_SAMPLE_EVIDENCE_LINKED,NON_JOIN_OR_REVIEW,PIT_HISTORICAL_AGGREGATION_INPUT,true,true,PRIMARY,PUBLIC_REPOSITORY_UPSTREAM_TERMS_REVIEW,DERIVED_PUBLIC_REPO_REVIEW,W09 raw-field metadata only; no production feature adoption.
RF-000173,SRC-001,SportsDataverse,play_by_play,start.homeScore,one row per play,integer,UNMATERIALIZED_OR_NOT_SCANNED,Home score at play start.,other,HISTORICAL_GAME_OUTPUT_USE_VIA_PRIOR_GAME_AGGREGATION,HISTORICAL_AGGREGATE_ONLY,CANDIDATE_OR_DERIVED,REQUIRED,RECON_UNIFIED_TEMPORAL_FIELD_REGISTRY_v1.2,true,UNMEASURED_UNTIL_SOURCE_MATERIALIZATION,0,NO_DIRECT_SAMPLE_EVIDENCE_LINKED,NON_JOIN_OR_REVIEW,PIT_HISTORICAL_AGGREGATION_INPUT,true,true,PRIMARY,PUBLIC_REPOSITORY_UPSTREAM_TERMS_REVIEW,DERIVED_PUBLIC_REPO_REVIEW,W09 raw-field metadata only; no production feature adoption.
RF-000174,SRC-001,SportsDataverse,play_by_play,start.awayScore,one row per play,integer,UNMATERIALIZED_OR_NOT_SCANNED,Away score at play start.,other,HISTORICAL_GAME_OUTPUT_USE_VIA_PRIOR_GAME_AGGREGATION,HISTORICAL_AGGREGATE_ONLY,CANDIDATE_OR_DERIVED,REQUIRED,RECON_UNIFIED_TEMPORAL_FIELD_REGISTRY_v1.2,true,UNMEASURED_UNTIL_SOURCE_MATERIALIZATION,0,NO_DIRECT_SAMPLE_EVIDENCE_LINKED,NON_JOIN_OR_REVIEW,PIT_HISTORICAL_AGGREGATION_INPUT,true,true,PRIMARY,PUBLIC_REPOSITORY_UPSTREAM_TERMS_REVIEW,DERIVED_PUBLIC_REPO_REVIEW,W09 raw-field metadata only; no production feature adoption.
RF-000175,SRC-001,SportsDataverse,play_by_play,end.homeScore,one row per play,integer,UNMATERIALIZED_OR_NOT_SCANNED,Home score at play end.,other,CURRENT_GAME_POSTSTART_NOT_DIRECT_PREGAME,CURRENT_GAME_OR_POSTGAME_NOT_DIRECT_PREGAME,HISTORICAL_TRANSFORM_ONLY,REQUIRED,RECON_UNIFIED_TEMPORAL_FIELD_REGISTRY_v1.2,true,UNMEASURED_UNTIL_SOURCE_MATERIALIZATION,0,NO_DIRECT_SAMPLE_EVIDENCE_LINKED,NON_JOIN_OR_REVIEW,HISTORICAL_OR_LIVE_DERIVATION_ONLY,false,true,PRIMARY,PUBLIC_REPOSITORY_UPSTREAM_TERMS_REVIEW,DERIVED_PUBLIC_REPO_REVIEW,W09 raw-field metadata only; no production feature adoption.
RF-000176,SRC-001,SportsDataverse,play_by_play,end.awayScore,one row per play,integer,UNMATERIALIZED_OR_NOT_SCANNED,Away score at play end.,other,CURRENT_GAME_POSTSTART_NOT_DIRECT_PREGAME,CURRENT_GAME_OR_POSTGAME_NOT_DIRECT_PREGAME,HISTORICAL_TRANSFORM_ONLY,REQUIRED,RECON_UNIFIED_TEMPORAL_FIELD_REGISTRY_v1.2,true,UNMEASURED_UNTIL_SOURCE_MATERIALIZATION,0,NO_DIRECT_SAMPLE_EVIDENCE_LINKED,NON_JOIN_OR_REVIEW,HISTORICAL_OR_LIVE_DERIVATION_ONLY,false,true,PRIMARY,PUBLIC_REPOSITORY_UPSTREAM_TERMS_REVIEW,DERIVED_PUBLIC_REPO_REVIEW,W09 raw-field metadata only; no production feature adoption.
RF-000177,SRC-001,SportsDataverse,play_by_play,pos_team_score,one row per play,integer,UNMATERIALIZED_OR_NOT_SCANNED,Offensive team score for the play.,identity_metadata,HISTORICAL_GAME_OUTPUT_USE_VIA_PRIOR_GAME_AGGREGATION,HISTORICAL_AGGREGATE_ONLY,JOIN_OR_METADATA,REQUIRED,RECON_UNIFIED_TEMPORAL_FIELD_REGISTRY_v1.2,true,UNMEASURED_UNTIL_SOURCE_MATERIALIZATION,0,NO_DIRECT_SAMPLE_EVIDENCE_LINKED,JOIN_OR_METADATA,EVIDENCE_OR_METADATA_ONLY,false,true,PRIMARY,PUBLIC_REPOSITORY_UPSTREAM_TERMS_REVIEW,DERIVED_PUBLIC_REPO_REVIEW,W09 raw-field metadata only; no production feature adoption.
RF-000178,SRC-001,SportsDataverse,play_by_play,def_pos_team_score,one row per play,integer,UNMATERIALIZED_OR_NOT_SCANNED,Defensive team score for the play.,identity_metadata,HISTORICAL_GAME_OUTPUT_USE_VIA_PRIOR_GAME_AGGREGATION,HISTORICAL_AGGREGATE_ONLY,JOIN_OR_METADATA,REQUIRED,RECON_UNIFIED_TEMPORAL_FIELD_REGISTRY_v1.2,true,UNMEASURED_UNTIL_SOURCE_MATERIALIZATION,0,NO_DIRECT_SAMPLE_EVIDENCE_LINKED,JOIN_OR_METADATA,EVIDENCE_OR_METADATA_ONLY,false,true,PRIMARY,PUBLIC_REPOSITORY_UPSTREAM_TERMS_REVIEW,DERIVED_PUBLIC_REPO_REVIEW,W09 raw-field metadata only; no production feature adoption.
RF-000179,SRC-001,SportsDataverse,play_by_play,start.pos_team_score,one row per play,integer,UNMATERIALIZED_OR_NOT_SCANNED,Offensive team score at play start.,identity_metadata,HISTORICAL_GAME_OUTPUT_USE_VIA_PRIOR_GAME_AGGREGATION,HISTORICAL_AGGREGATE_ONLY,JOIN_OR_METADATA,REQUIRED,RECON_UNIFIED_TEMPORAL_FIELD_REGISTRY_v1.2,true,UNMEASURED_UNTIL_SOURCE_MATERIALIZATION,0,NO_DIRECT_SAMPLE_EVIDENCE_LINKED,JOIN_OR_METADATA,EVIDENCE_OR_METADATA_ONLY,false,true,PRIMARY,PUBLIC_REPOSITORY_UPSTREAM_TERMS_REVIEW,DERIVED_PUBLIC_REPO_REVIEW,W09 raw-field metadata only; no production feature adoption.
RF-000180,SRC-001,SportsDataverse,play_by_play,start.def_pos_team_score,one row per play,integer,UNMATERIALIZED_OR_NOT_SCANNED,Defensive team score at play start.,identity_metadata,HISTORICAL_GAME_OUTPUT_USE_VIA_PRIOR_GAME_AGGREGATION,HISTORICAL_AGGREGATE_ONLY,JOIN_OR_METADATA,REQUIRED,RECON_UNIFIED_TEMPORAL_FIELD_REGISTRY_v1.2,true,UNMEASURED_UNTIL_SOURCE_MATERIALIZATION,0,NO_DIRECT_SAMPLE_EVIDENCE_LINKED,JOIN_OR_METADATA,EVIDENCE_OR_METADATA_ONLY,false,true,PRIMARY,PUBLIC_REPOSITORY_UPSTREAM_TERMS_REVIEW,DERIVED_PUBLIC_REPO_REVIEW,W09 raw-field metadata only; no production feature adoption.
RF-000181,SRC-001,SportsDataverse,play_by_play,start.pos_score_diff,one row per play,integer,UNMATERIALIZED_OR_NOT_SCANNED,Offense-minus-defense score differential at play start.,other,HISTORICAL_GAME_OUTPUT_USE_VIA_PRIOR_GAME_AGGREGATION,HISTORICAL_AGGREGATE_ONLY,CANDIDATE_OR_DERIVED,REQUIRED,RECON_UNIFIED_TEMPORAL_FIELD_REGISTRY_v1.2,true,UNMEASURED_UNTIL_SOURCE_MATERIALIZATION,0,NO_DIRECT_SAMPLE_EVIDENCE_LINKED,NON_JOIN_OR_REVIEW,PIT_HISTORICAL_AGGREGATION_INPUT,true,true,PRIMARY,PUBLIC_REPOSITORY_UPSTREAM_TERMS_REVIEW,DERIVED_PUBLIC_REPO_REVIEW,W09 raw-field metadata only; no production feature adoption.
RF-000182,SRC-001,SportsDataverse,play_by_play,end.pos_team_score,one row per play,integer,UNMATERIALIZED_OR_NOT_SCANNED,Offensive team score at play end.,identity_metadata,CURRENT_GAME_POSTSTART_NOT_DIRECT_PREGAME,CURRENT_GAME_OR_POSTGAME_NOT_DIRECT_PREGAME,JOIN_OR_METADATA,REQUIRED,RECON_UNIFIED_TEMPORAL_FIELD_REGISTRY_v1.2,true,UNMEASURED_UNTIL_SOURCE_MATERIALIZATION,0,NO_DIRECT_SAMPLE_EVIDENCE_LINKED,JOIN_OR_METADATA,EVIDENCE_OR_METADATA_ONLY,false,true,PRIMARY,PUBLIC_REPOSITORY_UPSTREAM_TERMS_REVIEW,DERIVED_PUBLIC_REPO_REVIEW,W09 raw-field metadata only; no production feature adoption.
RF-000183,SRC-001,SportsDataverse,play_by_play,end.def_pos_team_score,one row per play,integer,UNMATERIALIZED_OR_NOT_SCANNED,Defensive team score at play end.,identity_metadata,CURRENT_GAME_POSTSTART_NOT_DIRECT_PREGAME,CURRENT_GAME_OR_POSTGAME_NOT_DIRECT_PREGAME,JOIN_OR_METADATA,REQUIRED,RECON_UNIFIED_TEMPORAL_FIELD_REGISTRY_v1.2,true,UNMEASURED_UNTIL_SOURCE_MATERIALIZATION,0,NO_DIRECT_SAMPLE_EVIDENCE_LINKED,JOIN_OR_METADATA,EVIDENCE_OR_METADATA_ONLY,false,true,PRIMARY,PUBLIC_REPOSITORY_UPSTREAM_TERMS_REVIEW,DERIVED_PUBLIC_REPO_REVIEW,W09 raw-field metadata only; no production feature adoption.
RF-000184,SRC-001,SportsDataverse,play_by_play,end.pos_score_diff,one row per play,integer,UNMATERIALIZED_OR_NOT_SCANNED,Offense-minus-defense score differential at play end.,other,CURRENT_GAME_POSTSTART_NOT_DIRECT_PREGAME,CURRENT_GAME_OR_POSTGAME_NOT_DIRECT_PREGAME,HISTORICAL_TRANSFORM_ONLY,REQUIRED,RECON_UNIFIED_TEMPORAL_FIELD_REGISTRY_v1.2,true,UNMEASURED_UNTIL_SOURCE_MATERIALIZATION,0,NO_DIRECT_SAMPLE_EVIDENCE_LINKED,NON_JOIN_OR_REVIEW,HISTORICAL_OR_LIVE_DERIVATION_ONLY,false,true,PRIMARY,PUBLIC_REPOSITORY_UPSTREAM_TERMS_REVIEW,DERIVED_PUBLIC_REPO_REVIEW,W09 raw-field metadata only; no production feature adoption.
RF-000185,SRC-001,SportsDataverse,play_by_play,lag_pos_team,one row per play,integer,UNMATERIALIZED_OR_NOT_SCANNED,Possession team id on the previous play.,identity_metadata,HISTORICAL_GAME_OUTPUT_USE_VIA_PRIOR_GAME_AGGREGATION,HISTORICAL_AGGREGATE_ONLY,JOIN_OR_METADATA,REQUIRED,RECON_UNIFIED_TEMPORAL_FIELD_REGISTRY_v1.2,true,UNMEASURED_UNTIL_SOURCE_MATERIALIZATION,0,NO_DIRECT_SAMPLE_EVIDENCE_LINKED,JOIN_OR_METADATA,EVIDENCE_OR_METADATA_ONLY,false,true,PRIMARY,PUBLIC_REPOSITORY_UPSTREAM_TERMS_REVIEW,DERIVED_PUBLIC_REPO_REVIEW,W09 raw-field metadata only; no production feature adoption.
RF-000186,SRC-001,SportsDataverse,play_by_play,lead_pos_team,one row per play,integer,UNMATERIALIZED_OR_NOT_SCANNED,Possession team id on the next play; null at game end.,identity_metadata,HISTORICAL_GAME_OUTPUT_USE_VIA_PRIOR_GAME_AGGREGATION,HISTORICAL_AGGREGATE_ONLY,JOIN_OR_METADATA,REQUIRED,RECON_UNIFIED_TEMPORAL_FIELD_REGISTRY_v1.2,true,UNMEASURED_UNTIL_SOURCE_MATERIALIZATION,0,NO_DIRECT_SAMPLE_EVIDENCE_LINKED,JOIN_OR_METADATA,EVIDENCE_OR_METADATA_ONLY,false,true,PRIMARY,PUBLIC_REPOSITORY_UPSTREAM_TERMS_REVIEW,DERIVED_PUBLIC_REPO_REVIEW,W09 raw-field metadata only; no production feature adoption.
RF-000187,SRC-001,SportsDataverse,play_by_play,lead_pos_team2,one row per play,integer,UNMATERIALIZED_OR_NOT_SCANNED,Possession team id two plays ahead; null near game end.,identity_metadata,HISTORICAL_GAME_OUTPUT_USE_VIA_PRIOR_GAME_AGGREGATION,HISTORICAL_AGGREGATE_ONLY,JOIN_OR_METADATA,REQUIRED,RECON_UNIFIED_TEMPORAL_FIELD_REGISTRY_v1.2,true,UNMEASURED_UNTIL_SOURCE_MATERIALIZATION,0,NO_DIRECT_SAMPLE_EVIDENCE_LINKED,JOIN_OR_METADATA,EVIDENCE_OR_METADATA_ONLY,false,true,PRIMARY,PUBLIC_REPOSITORY_UPSTREAM_TERMS_REVIEW,DERIVED_PUBLIC_REPO_REVIEW,W09 raw-field metadata only; no production feature adoption.
RF-000188,SRC-001,SportsDataverse,play_by_play,pos_score_diff,one row per play,integer,UNMATERIALIZED_OR_NOT_SCANNED,Offense-minus-defense score differential for the play.,other,HISTORICAL_GAME_OUTPUT_USE_VIA_PRIOR_GAME_AGGREGATION,HISTORICAL_AGGREGATE_ONLY,CANDIDATE_OR_DERIVED,REQUIRED,RECON_UNIFIED_TEMPORAL_FIELD_REGISTRY_v1.2,true,UNMEASURED_UNTIL_SOURCE_MATERIALIZATION,0,NO_DIRECT_SAMPLE_EVIDENCE_LINKED,NON_JOIN_OR_REVIEW,PIT_HISTORICAL_AGGREGATION_INPUT,true,true,PRIMARY,PUBLIC_REPOSITORY_UPSTREAM_TERMS_REVIEW,DERIVED_PUBLIC_REPO_REVIEW,W09 raw-field metadata only; no production feature adoption.
RF-000189,SRC-001,SportsDataverse,play_by_play,lag_pos_score_diff,one row per play,integer,UNMATERIALIZED_OR_NOT_SCANNED,Possession score differential on the previous play.,other,HISTORICAL_GAME_OUTPUT_USE_VIA_PRIOR_GAME_AGGREGATION,HISTORICAL_AGGREGATE_ONLY,CANDIDATE_OR_DERIVED,REQUIRED,RECON_UNIFIED_TEMPORAL_FIELD_REGISTRY_v1.2,true,UNMEASURED_UNTIL_SOURCE_MATERIALIZATION,0,NO_DIRECT_SAMPLE_EVIDENCE_LINKED,NON_JOIN_OR_REVIEW,PIT_HISTORICAL_AGGREGATION_INPUT,true,true,PRIMARY,PUBLIC_REPOSITORY_UPSTREAM_TERMS_REVIEW,DERIVED_PUBLIC_REPO_REVIEW,W09 raw-field metadata only; no production feature adoption.
RF-000190,SRC-001,SportsDataverse,play_by_play,pos_score_pts,one row per play,integer,UNMATERIALIZED_OR_NOT_SCANNED,"Points scored on the play from the possession team's perspective (e.g. -7,+3,+7).",other,HISTORICAL_GAME_OUTPUT_USE_VIA_PRIOR_GAME_AGGREGATION,HISTORICAL_AGGREGATE_ONLY,CANDIDATE_OR_DERIVED,REQUIRED,RECON_UNIFIED_TEMPORAL_FIELD_REGISTRY_v1.2,true,UNMEASURED_UNTIL_SOURCE_MATERIALIZATION,0,NO_DIRECT_SAMPLE_EVIDENCE_LINKED,NON_JOIN_OR_REVIEW,PIT_HISTORICAL_AGGREGATION_INPUT,true,true,PRIMARY,PUBLIC_REPOSITORY_UPSTREAM_TERMS_REVIEW,DERIVED_PUBLIC_REPO_REVIEW,W09 raw-field metadata only; no production feature adoption.
RF-000191,SRC-001,SportsDataverse,play_by_play,pos_score_diff_start,one row per play,integer,UNMATERIALIZED_OR_NOT_SCANNED,Possession score differential at play start.,other,HISTORICAL_GAME_OUTPUT_USE_VIA_PRIOR_GAME_AGGREGATION,HISTORICAL_AGGREGATE_ONLY,CANDIDATE_OR_DERIVED,REQUIRED,RECON_UNIFIED_TEMPORAL_FIELD_REGISTRY_v1.2,true,UNMEASURED_UNTIL_SOURCE_MATERIALIZATION,0,NO_DIRECT_SAMPLE_EVIDENCE_LINKED,NON_JOIN_OR_REVIEW,PIT_HISTORICAL_AGGREGATION_INPUT,true,true,PRIMARY,PUBLIC_REPOSITORY_UPSTREAM_TERMS_REVIEW,DERIVED_PUBLIC_REPO_REVIEW,W09 raw-field metadata only; no production feature adoption.
RF-000192,SRC-001,SportsDataverse,play_by_play,start.pos_team_receives_2H_kickoff,one row per play,logical,UNMATERIALIZED_OR_NOT_SCANNED,TRUE if the possession team receives the second-half kickoff (at play start).,special_teams,HISTORICAL_GAME_OUTPUT_USE_VIA_PRIOR_GAME_AGGREGATION,HISTORICAL_AGGREGATE_ONLY,CANDIDATE_OR_DERIVED,REQUIRED,RECON_UNIFIED_TEMPORAL_FIELD_REGISTRY_v1.2,true,UNMEASURED_UNTIL_SOURCE_MATERIALIZATION,0,NO_DIRECT_SAMPLE_EVIDENCE_LINKED,NON_JOIN_OR_REVIEW,PIT_HISTORICAL_AGGREGATION_INPUT,true,true,PRIMARY,PUBLIC_REPOSITORY_UPSTREAM_TERMS_REVIEW,DERIVED_PUBLIC_REPO_REVIEW,W09 raw-field metadata only; no production feature adoption.
RF-000193,SRC-001,SportsDataverse,play_by_play,end.pos_team_receives_2H_kickoff,one row per play,logical,UNMATERIALIZED_OR_NOT_SCANNED,TRUE if the possession team receives the second-half kickoff (at play end).,special_teams,CURRENT_GAME_POSTSTART_NOT_DIRECT_PREGAME,CURRENT_GAME_OR_POSTGAME_NOT_DIRECT_PREGAME,HISTORICAL_TRANSFORM_ONLY,REQUIRED,RECON_UNIFIED_TEMPORAL_FIELD_REGISTRY_v1.2,true,UNMEASURED_UNTIL_SOURCE_MATERIALIZATION,0,NO_DIRECT_SAMPLE_EVIDENCE_LINKED,NON_JOIN_OR_REVIEW,HISTORICAL_OR_LIVE_DERIVATION_ONLY,false,true,PRIMARY,PUBLIC_REPOSITORY_UPSTREAM_TERMS_REVIEW,DERIVED_PUBLIC_REPO_REVIEW,W09 raw-field metadata only; no production feature adoption.
RF-000194,SRC-001,SportsDataverse,play_by_play,change_of_poss,one row per play,logical,UNMATERIALIZED_OR_NOT_SCANNED,TRUE if possession changed on the play.,other,HISTORICAL_GAME_OUTPUT_USE_VIA_PRIOR_GAME_AGGREGATION,HISTORICAL_AGGREGATE_ONLY,CANDIDATE_OR_DERIVED,REQUIRED,RECON_UNIFIED_TEMPORAL_FIELD_REGISTRY_v1.2,true,UNMEASURED_UNTIL_SOURCE_MATERIALIZATION,0,NO_DIRECT_SAMPLE_EVIDENCE_LINKED,NON_JOIN_OR_REVIEW,PIT_HISTORICAL_AGGREGATION_INPUT,true,true,PRIMARY,PUBLIC_REPOSITORY_UPSTREAM_TERMS_REVIEW,DERIVED_PUBLIC_REPO_REVIEW,W09 raw-field metadata only; no production feature adoption.
RF-000195,SRC-001,SportsDataverse,play_by_play,penalty_flag,one row per play,logical,UNMATERIALIZED_OR_NOT_SCANNED,TRUE if a penalty was flagged.,penalties,HISTORICAL_GAME_OUTPUT_USE_VIA_PRIOR_GAME_AGGREGATION,HISTORICAL_AGGREGATE_ONLY,CANDIDATE_OR_DERIVED,REQUIRED,RECON_UNIFIED_TEMPORAL_FIELD_REGISTRY_v1.2,true,UNMEASURED_UNTIL_SOURCE_MATERIALIZATION,0,NO_DIRECT_SAMPLE_EVIDENCE_LINKED,NON_JOIN_OR_REVIEW,PIT_HISTORICAL_AGGREGATION_INPUT,true,true,PRIMARY,PUBLIC_REPOSITORY_UPSTREAM_TERMS_REVIEW,DERIVED_PUBLIC_REPO_REVIEW,W09 raw-field metadata only; no production feature adoption.
RF-000196,SRC-001,SportsDataverse,play_by_play,penalty_declined,one row per play,logical,UNMATERIALIZED_OR_NOT_SCANNED,TRUE if the penalty was declined.,penalties,HISTORICAL_GAME_OUTPUT_USE_VIA_PRIOR_GAME_AGGREGATION,HISTORICAL_AGGREGATE_ONLY,CANDIDATE_OR_DERIVED,REQUIRED,RECON_UNIFIED_TEMPORAL_FIELD_REGISTRY_v1.2,true,UNMEASURED_UNTIL_SOURCE_MATERIALIZATION,0,NO_DIRECT_SAMPLE_EVIDENCE_LINKED,NON_JOIN_OR_REVIEW,PIT_HISTORICAL_AGGREGATION_INPUT,true,true,PRIMARY,PUBLIC_REPOSITORY_UPSTREAM_TERMS_REVIEW,DERIVED_PUBLIC_REPO_REVIEW,W09 raw-field metadata only; no production feature adoption.
RF-000197,SRC-001,SportsDataverse,play_by_play,penalty_no_play,one row per play,logical,UNMATERIALIZED_OR_NOT_SCANNED,TRUE if the penalty negated the play.,penalties,HISTORICAL_GAME_OUTPUT_USE_VIA_PRIOR_GAME_AGGREGATION,HISTORICAL_AGGREGATE_ONLY,CANDIDATE_OR_DERIVED,REQUIRED,RECON_UNIFIED_TEMPORAL_FIELD_REGISTRY_v1.2,true,UNMEASURED_UNTIL_SOURCE_MATERIALIZATION,0,NO_DIRECT_SAMPLE_EVIDENCE_LINKED,NON_JOIN_OR_REVIEW,PIT_HISTORICAL_AGGREGATION_INPUT,true,true,PRIMARY,PUBLIC_REPOSITORY_UPSTREAM_TERMS_REVIEW,DERIVED_PUBLIC_REPO_REVIEW,W09 raw-field metadata only; no production feature adoption.
RF-000198,SRC-001,SportsDataverse,play_by_play,penalty_offset,one row per play,logical,UNMATERIALIZED_OR_NOT_SCANNED,TRUE if offsetting penalties occurred.,penalties,HISTORICAL_GAME_OUTPUT_USE_VIA_PRIOR_GAME_AGGREGATION,HISTORICAL_AGGREGATE_ONLY,CANDIDATE_OR_DERIVED,REQUIRED,RECON_UNIFIED_TEMPORAL_FIELD_REGISTRY_v1.2,true,UNMEASURED_UNTIL_SOURCE_MATERIALIZATION,0,NO_DIRECT_SAMPLE_EVIDENCE_LINKED,NON_JOIN_OR_REVIEW,PIT_HISTORICAL_AGGREGATION_INPUT,true,true,PRIMARY,PUBLIC_REPOSITORY_UPSTREAM_TERMS_REVIEW,DERIVED_PUBLIC_REPO_REVIEW,W09 raw-field metadata only; no production feature adoption.
RF-000199,SRC-001,SportsDataverse,play_by_play,penalty_1st_conv,one row per play,logical,UNMATERIALIZED_OR_NOT_SCANNED,TRUE if the penalty produced a first down.,penalties,HISTORICAL_GAME_OUTPUT_USE_VIA_PRIOR_GAME_AGGREGATION,HISTORICAL_AGGREGATE_ONLY,CANDIDATE_OR_DERIVED,REQUIRED,RECON_UNIFIED_TEMPORAL_FIELD_REGISTRY_v1.2,true,UNMEASURED_UNTIL_SOURCE_MATERIALIZATION,0,NO_DIRECT_SAMPLE_EVIDENCE_LINKED,NON_JOIN_OR_REVIEW,PIT_HISTORICAL_AGGREGATION_INPUT,true,true,PRIMARY,PUBLIC_REPOSITORY_UPSTREAM_TERMS_REVIEW,DERIVED_PUBLIC_REPO_REVIEW,W09 raw-field metadata only; no production feature adoption.
RF-000200,SRC-001,SportsDataverse,play_by_play,penalty_in_text,one row per play,logical,UNMATERIALIZED_OR_NOT_SCANNED,TRUE if a penalty is mentioned in the play text.,penalties,HISTORICAL_GAME_OUTPUT_USE_VIA_PRIOR_GAME_AGGREGATION,HISTORICAL_AGGREGATE_ONLY,CANDIDATE_OR_DERIVED,REQUIRED,RECON_UNIFIED_TEMPORAL_FIELD_REGISTRY_v1.2,true,UNMEASURED_UNTIL_SOURCE_MATERIALIZATION,0,NO_DIRECT_SAMPLE_EVIDENCE_LINKED,NON_JOIN_OR_REVIEW,PIT_HISTORICAL_AGGREGATION_INPUT,true,true,PRIMARY,PUBLIC_REPOSITORY_UPSTREAM_TERMS_REVIEW,DERIVED_PUBLIC_REPO_REVIEW,W09 raw-field metadata only; no production feature adoption.
RF-000201,SRC-001,SportsDataverse,play_by_play,penalty_detail,one row per play,character,UNMATERIALIZED_OR_NOT_SCANNED,Parsed penalty detail; null when no penalty.,penalties,HISTORICAL_GAME_OUTPUT_USE_VIA_PRIOR_GAME_AGGREGATION,HISTORICAL_AGGREGATE_ONLY,CANDIDATE_OR_DERIVED,REQUIRED,RECON_UNIFIED_TEMPORAL_FIELD_REGISTRY_v1.2,true,UNMEASURED_UNTIL_SOURCE_MATERIALIZATION,0,NO_DIRECT_SAMPLE_EVIDENCE_LINKED,NON_JOIN_OR_REVIEW,PIT_HISTORICAL_AGGREGATION_INPUT,true,true,PRIMARY,PUBLIC_REPOSITORY_UPSTREAM_TERMS_REVIEW,DERIVED_PUBLIC_REPO_REVIEW,W09 raw-field metadata only; no production feature adoption.
RF-000202,SRC-001,SportsDataverse,play_by_play,penalty_text,one row per play,character,UNMATERIALIZED_OR_NOT_SCANNED,Penalty text extracted from the play description; null when none.,penalties,HISTORICAL_GAME_OUTPUT_USE_VIA_PRIOR_GAME_AGGREGATION,HISTORICAL_AGGREGATE_ONLY,CANDIDATE_OR_DERIVED,REQUIRED,RECON_UNIFIED_TEMPORAL_FIELD_REGISTRY_v1.2,true,UNMEASURED_UNTIL_SOURCE_MATERIALIZATION,0,NO_DIRECT_SAMPLE_EVIDENCE_LINKED,NON_JOIN_OR_REVIEW,PIT_HISTORICAL_AGGREGATION_INPUT,true,true,PRIMARY,PUBLIC_REPOSITORY_UPSTREAM_TERMS_REVIEW,DERIVED_PUBLIC_REPO_REVIEW,W09 raw-field metadata only; no production feature adoption.
RF-000203,SRC-001,SportsDataverse,play_by_play,yds_penalty,one row per play,character,UNMATERIALIZED_OR_NOT_SCANNED,Penalty yardage (string as enriched; null when none).,penalties,HISTORICAL_GAME_OUTPUT_USE_VIA_PRIOR_GAME_AGGREGATION,HISTORICAL_AGGREGATE_ONLY,CANDIDATE_OR_DERIVED,REQUIRED,RECON_UNIFIED_TEMPORAL_FIELD_REGISTRY_v1.2,true,UNMEASURED_UNTIL_SOURCE_MATERIALIZATION,0,NO_DIRECT_SAMPLE_EVIDENCE_LINKED,NON_JOIN_OR_REVIEW,PIT_HISTORICAL_AGGREGATION_INPUT,true,true,PRIMARY,PUBLIC_REPOSITORY_UPSTREAM_TERMS_REVIEW,DERIVED_PUBLIC_REPO_REVIEW,W09 raw-field metadata only; no production feature adoption.
RF-000204,SRC-001,SportsDataverse,play_by_play,sack,one row per play,logical,UNMATERIALIZED_OR_NOT_SCANNED,TRUE if the play was a sack.,other,HISTORICAL_GAME_OUTPUT_USE_VIA_PRIOR_GAME_AGGREGATION,HISTORICAL_AGGREGATE_ONLY,CANDIDATE_OR_DERIVED,REQUIRED,RECON_UNIFIED_TEMPORAL_FIELD_REGISTRY_v1.2,true,UNMEASURED_UNTIL_SOURCE_MATERIALIZATION,1,NAME_MATCH_ONLY_NOT_POPULATION_EVIDENCE,NON_JOIN_OR_REVIEW,PIT_HISTORICAL_AGGREGATION_INPUT,true,true,PRIMARY,PUBLIC_REPOSITORY_UPSTREAM_TERMS_REVIEW,DERIVED_PUBLIC_REPO_REVIEW,W09 raw-field metadata only; no production feature adoption.
RF-000205,SRC-001,SportsDataverse,play_by_play,int,one row per play,logical,UNMATERIALIZED_OR_NOT_SCANNED,TRUE if the play was an interception.,turnovers,HISTORICAL_GAME_OUTPUT_USE_VIA_PRIOR_GAME_AGGREGATION,HISTORICAL_AGGREGATE_ONLY,CANDIDATE_OR_DERIVED,REQUIRED,RECON_UNIFIED_TEMPORAL_FIELD_REGISTRY_v1.2,true,UNMEASURED_UNTIL_SOURCE_MATERIALIZATION,1,NAME_MATCH_ONLY_NOT_POPULATION_EVIDENCE,NON_JOIN_OR_REVIEW,PIT_HISTORICAL_AGGREGATION_INPUT,true,true,PRIMARY,PUBLIC_REPOSITORY_UPSTREAM_TERMS_REVIEW,DERIVED_PUBLIC_REPO_REVIEW,W09 raw-field metadata only; no production feature adoption.
RF-000206,SRC-001,SportsDataverse,play_by_play,int_td,one row per play,logical,UNMATERIALIZED_OR_NOT_SCANNED,TRUE if the interception was returned for a touchdown.,other,HISTORICAL_GAME_OUTPUT_USE_VIA_PRIOR_GAME_AGGREGATION,HISTORICAL_AGGREGATE_ONLY,CANDIDATE_OR_DERIVED,REQUIRED,RECON_UNIFIED_TEMPORAL_FIELD_REGISTRY_v1.2,true,UNMEASURED_UNTIL_SOURCE_MATERIALIZATION,0,NO_DIRECT_SAMPLE_EVIDENCE_LINKED,NON_JOIN_OR_REVIEW,PIT_HISTORICAL_AGGREGATION_INPUT,true,true,PRIMARY,PUBLIC_REPOSITORY_UPSTREAM_TERMS_REVIEW,DERIVED_PUBLIC_REPO_REVIEW,W09 raw-field metadata only; no production feature adoption.
RF-000207,SRC-001,SportsDataverse,play_by_play,completion,one row per play,logical,UNMATERIALIZED_OR_NOT_SCANNED,TRUE if the pass was completed.,passing_receiving,HISTORICAL_GAME_OUTPUT_USE_VIA_PRIOR_GAME_AGGREGATION,HISTORICAL_AGGREGATE_ONLY,CANDIDATE_OR_DERIVED,REQUIRED,RECON_UNIFIED_TEMPORAL_FIELD_REGISTRY_v1.2,true,UNMEASURED_UNTIL_SOURCE_MATERIALIZATION,1,NAME_MATCH_ONLY_NOT_POPULATION_EVIDENCE,NON_JOIN_OR_REVIEW,PIT_HISTORICAL_AGGREGATION_INPUT,true,true,PRIMARY,PUBLIC_REPOSITORY_UPSTREAM_TERMS_REVIEW,DERIVED_PUBLIC_REPO_REVIEW,W09 raw-field metadata only; no production feature adoption.
RF-000208,SRC-001,SportsDataverse,play_by_play,pass_attempt,one row per play,logical,UNMATERIALIZED_OR_NOT_SCANNED,TRUE if the play was a pass attempt.,passing_receiving,HISTORICAL_GAME_OUTPUT_USE_VIA_PRIOR_GAME_AGGREGATION,HISTORICAL_AGGREGATE_ONLY,CANDIDATE_OR_DERIVED,REQUIRED,RECON_UNIFIED_TEMPORAL_FIELD_REGISTRY_v1.2,true,UNMEASURED_UNTIL_SOURCE_MATERIALIZATION,1,NAME_MATCH_ONLY_NOT_POPULATION_EVIDENCE,NON_JOIN_OR_REVIEW,PIT_HISTORICAL_AGGREGATION_INPUT,true,true,PRIMARY,PUBLIC_REPOSITORY_UPSTREAM_TERMS_REVIEW,DERIVED_PUBLIC_REPO_REVIEW,W09 raw-field metadata only; no production feature adoption.
RF-000209,SRC-001,SportsDataverse,play_by_play,target,one row per play,logical,UNMATERIALIZED_OR_NOT_SCANNED,TRUE if a receiver was targeted.,passing_receiving,HISTORICAL_GAME_OUTPUT_USE_VIA_PRIOR_GAME_AGGREGATION,HISTORICAL_AGGREGATE_ONLY,CANDIDATE_OR_DERIVED,REQUIRED,RECON_UNIFIED_TEMPORAL_FIELD_REGISTRY_v1.2,true,UNMEASURED_UNTIL_SOURCE_MATERIALIZATION,0,NO_DIRECT_SAMPLE_EVIDENCE_LINKED,NON_JOIN_OR_REVIEW,PIT_HISTORICAL_AGGREGATION_INPUT,true,true,PRIMARY,PUBLIC_REPOSITORY_UPSTREAM_TERMS_REVIEW,DERIVED_PUBLIC_REPO_REVIEW,W09 raw-field metadata only; no production feature adoption.
RF-000210,SRC-001,SportsDataverse,play_by_play,pass_breakup,one row per play,logical,UNMATERIALIZED_OR_NOT_SCANNED,TRUE if a pass breakup occurred.,passing_receiving,HISTORICAL_GAME_OUTPUT_USE_VIA_PRIOR_GAME_AGGREGATION,HISTORICAL_AGGREGATE_ONLY,CANDIDATE_OR_DERIVED,REQUIRED,RECON_UNIFIED_TEMPORAL_FIELD_REGISTRY_v1.2,true,UNMEASURED_UNTIL_SOURCE_MATERIALIZATION,0,NO_DIRECT_SAMPLE_EVIDENCE_LINKED,NON_JOIN_OR_REVIEW,PIT_HISTORICAL_AGGREGATION_INPUT,true,true,PRIMARY,PUBLIC_REPOSITORY_UPSTREAM_TERMS_REVIEW,DERIVED_PUBLIC_REPO_REVIEW,W09 raw-field metadata only; no production feature adoption.
RF-000211,SRC-001,SportsDataverse,play_by_play,pass_td,one row per play,logical,UNMATERIALIZED_OR_NOT_SCANNED,TRUE if the play was a passing touchdown.,passing_receiving,HISTORICAL_GAME_OUTPUT_USE_VIA_PRIOR_GAME_AGGREGATION,HISTORICAL_AGGREGATE_ONLY,CANDIDATE_OR_DERIVED,REQUIRED,RECON_UNIFIED_TEMPORAL_FIELD_REGISTRY_v1.2,true,UNMEASURED_UNTIL_SOURCE_MATERIALIZATION,0,NO_DIRECT_SAMPLE_EVIDENCE_LINKED,NON_JOIN_OR_REVIEW,PIT_HISTORICAL_AGGREGATION_INPUT,true,true,PRIMARY,PUBLIC_REPOSITORY_UPSTREAM_TERMS_REVIEW,DERIVED_PUBLIC_REPO_REVIEW,W09 raw-field metadata only; no production feature adoption.
RF-000212,SRC-001,SportsDataverse,play_by_play,rush_td,one row per play,logical,UNMATERIALIZED_OR_NOT_SCANNED,TRUE if the play was a rushing touchdown.,rushing,HISTORICAL_GAME_OUTPUT_USE_VIA_PRIOR_GAME_AGGREGATION,HISTORICAL_AGGREGATE_ONLY,CANDIDATE_OR_DERIVED,REQUIRED,RECON_UNIFIED_TEMPORAL_FIELD_REGISTRY_v1.2,true,UNMEASURED_UNTIL_SOURCE_MATERIALIZATION,0,NO_DIRECT_SAMPLE_EVIDENCE_LINKED,NON_JOIN_OR_REVIEW,PIT_HISTORICAL_AGGREGATION_INPUT,true,true,PRIMARY,PUBLIC_REPOSITORY_UPSTREAM_TERMS_REVIEW,DERIVED_PUBLIC_REPO_REVIEW,W09 raw-field metadata only; no production feature adoption.
RF-000213,SRC-001,SportsDataverse,play_by_play,turnover_vec,one row per play,logical,UNMATERIALIZED_OR_NOT_SCANNED,TRUE if a turnover occurred (vector form).,turnovers,HISTORICAL_GAME_OUTPUT_USE_VIA_PRIOR_GAME_AGGREGATION,HISTORICAL_AGGREGATE_ONLY,CANDIDATE_OR_DERIVED,REQUIRED,RECON_UNIFIED_TEMPORAL_FIELD_REGISTRY_v1.2,true,UNMEASURED_UNTIL_SOURCE_MATERIALIZATION,0,NO_DIRECT_SAMPLE_EVIDENCE_LINKED,NON_JOIN_OR_REVIEW,PIT_HISTORICAL_AGGREGATION_INPUT,true,true,PRIMARY,PUBLIC_REPOSITORY_UPSTREAM_TERMS_REVIEW,DERIVED_PUBLIC_REPO_REVIEW,W09 raw-field metadata only; no production feature adoption.
RF-000214,SRC-001,SportsDataverse,play_by_play,offense_score_play,one row per play,logical,UNMATERIALIZED_OR_NOT_SCANNED,TRUE if the offense scored on the play.,other,HISTORICAL_GAME_OUTPUT_USE_VIA_PRIOR_GAME_AGGREGATION,HISTORICAL_AGGREGATE_ONLY,CANDIDATE_OR_DERIVED,REQUIRED,RECON_UNIFIED_TEMPORAL_FIELD_REGISTRY_v1.2,true,UNMEASURED_UNTIL_SOURCE_MATERIALIZATION,0,NO_DIRECT_SAMPLE_EVIDENCE_LINKED,NON_JOIN_OR_REVIEW,PIT_HISTORICAL_AGGREGATION_INPUT,true,true,PRIMARY,PUBLIC_REPOSITORY_UPSTREAM_TERMS_REVIEW,DERIVED_PUBLIC_REPO_REVIEW,W09 raw-field metadata only; no production feature adoption.
RF-000215,SRC-001,SportsDataverse,play_by_play,defense_score_play,one row per play,logical,UNMATERIALIZED_OR_NOT_SCANNED,TRUE if the defense scored on the play.,other,HISTORICAL_GAME_OUTPUT_USE_VIA_PRIOR_GAME_AGGREGATION,HISTORICAL_AGGREGATE_ONLY,CANDIDATE_OR_DERIVED,REQUIRED,RECON_UNIFIED_TEMPORAL_FIELD_REGISTRY_v1.2,true,UNMEASURED_UNTIL_SOURCE_MATERIALIZATION,0,NO_DIRECT_SAMPLE_EVIDENCE_LINKED,NON_JOIN_OR_REVIEW,PIT_HISTORICAL_AGGREGATION_INPUT,true,true,PRIMARY,PUBLIC_REPOSITORY_UPSTREAM_TERMS_REVIEW,DERIVED_PUBLIC_REPO_REVIEW,W09 raw-field metadata only; no production feature adoption.
RF-000216,SRC-001,SportsDataverse,play_by_play,downs_turnover,one row per play,logical,UNMATERIALIZED_OR_NOT_SCANNED,TRUE if possession changed on downs.,turnovers,HISTORICAL_GAME_OUTPUT_USE_VIA_PRIOR_GAME_AGGREGATION,HISTORICAL_AGGREGATE_ONLY,CANDIDATE_OR_DERIVED,REQUIRED,RECON_UNIFIED_TEMPORAL_FIELD_REGISTRY_v1.2,true,UNMEASURED_UNTIL_SOURCE_MATERIALIZATION,0,NO_DIRECT_SAMPLE_EVIDENCE_LINKED,NON_JOIN_OR_REVIEW,PIT_HISTORICAL_AGGREGATION_INPUT,true,true,PRIMARY,PUBLIC_REPOSITORY_UPSTREAM_TERMS_REVIEW,DERIVED_PUBLIC_REPO_REVIEW,W09 raw-field metadata only; no production feature adoption.
RF-000217,SRC-001,SportsDataverse,play_by_play,yds_punted,one row per play,integer,UNMATERIALIZED_OR_NOT_SCANNED,Yards the ball was punted; null when not a punt.,special_teams,HISTORICAL_GAME_OUTPUT_USE_VIA_PRIOR_GAME_AGGREGATION,HISTORICAL_AGGREGATE_ONLY,CANDIDATE_OR_DERIVED,REQUIRED,RECON_UNIFIED_TEMPORAL_FIELD_REGISTRY_v1.2,true,UNMEASURED_UNTIL_SOURCE_MATERIALIZATION,0,NO_DIRECT_SAMPLE_EVIDENCE_LINKED,NON_JOIN_OR_REVIEW,PIT_HISTORICAL_AGGREGATION_INPUT,true,true,PRIMARY,PUBLIC_REPOSITORY_UPSTREAM_TERMS_REVIEW,DERIVED_PUBLIC_REPO_REVIEW,W09 raw-field metadata only; no production feature adoption.
RF-000218,SRC-001,SportsDataverse,play_by_play,yds_punt_gained,one row per play,integer,UNMATERIALIZED_OR_NOT_SCANNED,Net punt yards gained; null when not a punt.,special_teams,HISTORICAL_GAME_OUTPUT_USE_VIA_PRIOR_GAME_AGGREGATION,HISTORICAL_AGGREGATE_ONLY,CANDIDATE_OR_DERIVED,REQUIRED,RECON_UNIFIED_TEMPORAL_FIELD_REGISTRY_v1.2,true,UNMEASURED_UNTIL_SOURCE_MATERIALIZATION,0,NO_DIRECT_SAMPLE_EVIDENCE_LINKED,NON_JOIN_OR_REVIEW,PIT_HISTORICAL_AGGREGATION_INPUT,true,true,PRIMARY,PUBLIC_REPOSITORY_UPSTREAM_TERMS_REVIEW,DERIVED_PUBLIC_REPO_REVIEW,W09 raw-field metadata only; no production feature adoption.
RF-000219,SRC-001,SportsDataverse,play_by_play,fg_attempt,one row per play,logical,UNMATERIALIZED_OR_NOT_SCANNED,TRUE if the play was a field-goal attempt.,special_teams,HISTORICAL_GAME_OUTPUT_USE_VIA_PRIOR_GAME_AGGREGATION,HISTORICAL_AGGREGATE_ONLY,CANDIDATE_OR_DERIVED,REQUIRED,RECON_UNIFIED_TEMPORAL_FIELD_REGISTRY_v1.2,true,UNMEASURED_UNTIL_SOURCE_MATERIALIZATION,0,NO_DIRECT_SAMPLE_EVIDENCE_LINKED,NON_JOIN_OR_REVIEW,PIT_HISTORICAL_AGGREGATION_INPUT,true,true,PRIMARY,PUBLIC_REPOSITORY_UPSTREAM_TERMS_REVIEW,DERIVED_PUBLIC_REPO_REVIEW,W09 raw-field metadata only; no production feature adoption.
RF-000220,SRC-001,SportsDataverse,play_by_play,fg_made,one row per play,logical,UNMATERIALIZED_OR_NOT_SCANNED,TRUE if the field goal was made.,special_teams,HISTORICAL_GAME_OUTPUT_USE_VIA_PRIOR_GAME_AGGREGATION,HISTORICAL_AGGREGATE_ONLY,CANDIDATE_OR_DERIVED,REQUIRED,RECON_UNIFIED_TEMPORAL_FIELD_REGISTRY_v1.2,true,UNMEASURED_UNTIL_SOURCE_MATERIALIZATION,0,NO_DIRECT_SAMPLE_EVIDENCE_LINKED,NON_JOIN_OR_REVIEW,PIT_HISTORICAL_AGGREGATION_INPUT,true,true,PRIMARY,PUBLIC_REPOSITORY_UPSTREAM_TERMS_REVIEW,DERIVED_PUBLIC_REPO_REVIEW,W09 raw-field metadata only; no production feature adoption.
RF-000221,SRC-001,SportsDataverse,play_by_play,yds_fg,one row per play,integer,UNMATERIALIZED_OR_NOT_SCANNED,Field-goal distance in yards; null when not a FG.,other,HISTORICAL_GAME_OUTPUT_USE_VIA_PRIOR_GAME_AGGREGATION,HISTORICAL_AGGREGATE_ONLY,CANDIDATE_OR_DERIVED,REQUIRED,RECON_UNIFIED_TEMPORAL_FIELD_REGISTRY_v1.2,true,UNMEASURED_UNTIL_SOURCE_MATERIALIZATION,0,NO_DIRECT_SAMPLE_EVIDENCE_LINKED,NON_JOIN_OR_REVIEW,PIT_HISTORICAL_AGGREGATION_INPUT,true,true,PRIMARY,PUBLIC_REPOSITORY_UPSTREAM_TERMS_REVIEW,DERIVED_PUBLIC_REPO_REVIEW,W09 raw-field metadata only; no production feature adoption.
RF-000222,SRC-001,SportsDataverse,play_by_play,pos_unit,one row per play,character,UNMATERIALIZED_OR_NOT_SCANNED,Offensive unit label (e.g. offense/special teams).,other,HISTORICAL_GAME_OUTPUT_USE_VIA_PRIOR_GAME_AGGREGATION,HISTORICAL_AGGREGATE_ONLY,CANDIDATE_OR_DERIVED,REQUIRED,RECON_UNIFIED_TEMPORAL_FIELD_REGISTRY_v1.2,true,UNMEASURED_UNTIL_SOURCE_MATERIALIZATION,0,NO_DIRECT_SAMPLE_EVIDENCE_LINKED,NON_JOIN_OR_REVIEW,PIT_HISTORICAL_AGGREGATION_INPUT,true,true,PRIMARY,PUBLIC_REPOSITORY_UPSTREAM_TERMS_REVIEW,DERIVED_PUBLIC_REPO_REVIEW,W09 raw-field metadata only; no production feature adoption.
RF-000223,SRC-001,SportsDataverse,play_by_play,def_pos_unit,one row per play,character,UNMATERIALIZED_OR_NOT_SCANNED,Defensive unit label.,other,HISTORICAL_GAME_OUTPUT_USE_VIA_PRIOR_GAME_AGGREGATION,HISTORICAL_AGGREGATE_ONLY,CANDIDATE_OR_DERIVED,REQUIRED,RECON_UNIFIED_TEMPORAL_FIELD_REGISTRY_v1.2,true,UNMEASURED_UNTIL_SOURCE_MATERIALIZATION,0,NO_DIRECT_SAMPLE_EVIDENCE_LINKED,NON_JOIN_OR_REVIEW,PIT_HISTORICAL_AGGREGATION_INPUT,true,true,PRIMARY,PUBLIC_REPOSITORY_UPSTREAM_TERMS_REVIEW,DERIVED_PUBLIC_REPO_REVIEW,W09 raw-field metadata only; no production feature adoption.
RF-000224,SRC-001,SportsDataverse,play_by_play,lead_play_type,one row per play,character,UNMATERIALIZED_OR_NOT_SCANNED,Play type of the next play; null at game end.,other,HISTORICAL_GAME_OUTPUT_USE_VIA_PRIOR_GAME_AGGREGATION,HISTORICAL_AGGREGATE_ONLY,CANDIDATE_OR_DERIVED,REQUIRED,RECON_UNIFIED_TEMPORAL_FIELD_REGISTRY_v1.2,true,UNMEASURED_UNTIL_SOURCE_MATERIALIZATION,0,NO_DIRECT_SAMPLE_EVIDENCE_LINKED,NON_JOIN_OR_REVIEW,PIT_HISTORICAL_AGGREGATION_INPUT,true,true,PRIMARY,PUBLIC_REPOSITORY_UPSTREAM_TERMS_REVIEW,DERIVED_PUBLIC_REPO_REVIEW,W09 raw-field metadata only; no production feature adoption.
RF-000225,SRC-001,SportsDataverse,play_by_play,sp,one row per play,logical,UNMATERIALIZED_OR_NOT_SCANNED,TRUE if the play is a special-teams play.,special_teams,HISTORICAL_GAME_OUTPUT_USE_VIA_PRIOR_GAME_AGGREGATION,HISTORICAL_AGGREGATE_ONLY,CANDIDATE_OR_DERIVED,REQUIRED,RECON_UNIFIED_TEMPORAL_FIELD_REGISTRY_v1.2,true,UNMEASURED_UNTIL_SOURCE_MATERIALIZATION,0,NO_DIRECT_SAMPLE_EVIDENCE_LINKED,NON_JOIN_OR_REVIEW,PIT_HISTORICAL_AGGREGATION_INPUT,true,true,PRIMARY,PUBLIC_REPOSITORY_UPSTREAM_TERMS_REVIEW,DERIVED_PUBLIC_REPO_REVIEW,W09 raw-field metadata only; no production feature adoption.
RF-000226,SRC-001,SportsDataverse,play_by_play,play,one row per play,logical,UNMATERIALIZED_OR_NOT_SCANNED,TRUE if the row is an actual play (vs administrative).,other,HISTORICAL_GAME_OUTPUT_USE_VIA_PRIOR_GAME_AGGREGATION,HISTORICAL_AGGREGATE_ONLY,CANDIDATE_OR_DERIVED,REQUIRED,RECON_UNIFIED_TEMPORAL_FIELD_REGISTRY_v1.2,true,UNMEASURED_UNTIL_SOURCE_MATERIALIZATION,0,NO_DIRECT_SAMPLE_EVIDENCE_LINKED,NON_JOIN_OR_REVIEW,PIT_HISTORICAL_AGGREGATION_INPUT,true,true,PRIMARY,PUBLIC_REPOSITORY_UPSTREAM_TERMS_REVIEW,DERIVED_PUBLIC_REPO_REVIEW,W09 raw-field metadata only; no production feature adoption.
RF-000227,SRC-001,SportsDataverse,play_by_play,scrimmage_play,one row per play,logical,UNMATERIALIZED_OR_NOT_SCANNED,TRUE if the play is a scrimmage (offensive) play.,other,HISTORICAL_GAME_OUTPUT_USE_VIA_PRIOR_GAME_AGGREGATION,HISTORICAL_AGGREGATE_ONLY,CANDIDATE_OR_DERIVED,REQUIRED,RECON_UNIFIED_TEMPORAL_FIELD_REGISTRY_v1.2,true,UNMEASURED_UNTIL_SOURCE_MATERIALIZATION,0,NO_DIRECT_SAMPLE_EVIDENCE_LINKED,NON_JOIN_OR_REVIEW,PIT_HISTORICAL_AGGREGATION_INPUT,true,true,PRIMARY,PUBLIC_REPOSITORY_UPSTREAM_TERMS_REVIEW,DERIVED_PUBLIC_REPO_REVIEW,W09 raw-field metadata only; no production feature adoption.
RF-000228,SRC-001,SportsDataverse,play_by_play,change_of_pos_team,one row per play,logical,UNMATERIALIZED_OR_NOT_SCANNED,TRUE if the possession team changed on the play.,identity_metadata,HISTORICAL_GAME_OUTPUT_USE_VIA_PRIOR_GAME_AGGREGATION,HISTORICAL_AGGREGATE_ONLY,JOIN_OR_METADATA,REQUIRED,RECON_UNIFIED_TEMPORAL_FIELD_REGISTRY_v1.2,true,UNMEASURED_UNTIL_SOURCE_MATERIALIZATION,0,NO_DIRECT_SAMPLE_EVIDENCE_LINKED,JOIN_OR_METADATA,EVIDENCE_OR_METADATA_ONLY,false,true,PRIMARY,PUBLIC_REPOSITORY_UPSTREAM_TERMS_REVIEW,DERIVED_PUBLIC_REPO_REVIEW,W09 raw-field metadata only; no production feature adoption.
RF-000229,SRC-001,SportsDataverse,play_by_play,pos_score_diff_end,one row per play,integer,UNMATERIALIZED_OR_NOT_SCANNED,Possession score differential at play end.,other,CURRENT_GAME_POSTSTART_NOT_DIRECT_PREGAME,CURRENT_GAME_OR_POSTGAME_NOT_DIRECT_PREGAME,HISTORICAL_TRANSFORM_ONLY,REQUIRED,RECON_UNIFIED_TEMPORAL_FIELD_REGISTRY_v1.2,true,UNMEASURED_UNTIL_SOURCE_MATERIALIZATION,0,NO_DIRECT_SAMPLE_EVIDENCE_LINKED,NON_JOIN_OR_REVIEW,HISTORICAL_OR_LIVE_DERIVATION_ONLY,false,true,PRIMARY,PUBLIC_REPOSITORY_UPSTREAM_TERMS_REVIEW,DERIVED_PUBLIC_REPO_REVIEW,W09 raw-field metadata only; no production feature adoption.
RF-000230,SRC-001,SportsDataverse,play_by_play,fumble_lost,one row per play,logical,UNMATERIALIZED_OR_NOT_SCANNED,TRUE if a fumble was lost.,turnovers,HISTORICAL_GAME_OUTPUT_USE_VIA_PRIOR_GAME_AGGREGATION,HISTORICAL_AGGREGATE_ONLY,CANDIDATE_OR_DERIVED,REQUIRED,RECON_UNIFIED_TEMPORAL_FIELD_REGISTRY_v1.2,true,UNMEASURED_UNTIL_SOURCE_MATERIALIZATION,0,NO_DIRECT_SAMPLE_EVIDENCE_LINKED,NON_JOIN_OR_REVIEW,PIT_HISTORICAL_AGGREGATION_INPUT,true,true,PRIMARY,PUBLIC_REPOSITORY_UPSTREAM_TERMS_REVIEW,DERIVED_PUBLIC_REPO_REVIEW,W09 raw-field metadata only; no production feature adoption.
RF-000231,SRC-001,SportsDataverse,play_by_play,fumble_recovered,one row per play,logical,UNMATERIALIZED_OR_NOT_SCANNED,TRUE if a fumble was recovered.,turnovers,HISTORICAL_GAME_OUTPUT_USE_VIA_PRIOR_GAME_AGGREGATION,HISTORICAL_AGGREGATE_ONLY,CANDIDATE_OR_DERIVED,REQUIRED,RECON_UNIFIED_TEMPORAL_FIELD_REGISTRY_v1.2,true,UNMEASURED_UNTIL_SOURCE_MATERIALIZATION,0,NO_DIRECT_SAMPLE_EVIDENCE_LINKED,NON_JOIN_OR_REVIEW,PIT_HISTORICAL_AGGREGATION_INPUT,true,true,PRIMARY,PUBLIC_REPOSITORY_UPSTREAM_TERMS_REVIEW,DERIVED_PUBLIC_REPO_REVIEW,W09 raw-field metadata only; no production feature adoption.
RF-000232,SRC-001,SportsDataverse,play_by_play,yds_rushed,one row per play,integer,UNMATERIALIZED_OR_NOT_SCANNED,Rushing yards on the play; null when not a rush.,rushing,HISTORICAL_GAME_OUTPUT_USE_VIA_PRIOR_GAME_AGGREGATION,HISTORICAL_AGGREGATE_ONLY,CANDIDATE_OR_DERIVED,REQUIRED,RECON_UNIFIED_TEMPORAL_FIELD_REGISTRY_v1.2,true,UNMEASURED_UNTIL_SOURCE_MATERIALIZATION,1,NAME_MATCH_ONLY_NOT_POPULATION_EVIDENCE,NON_JOIN_OR_REVIEW,PIT_HISTORICAL_AGGREGATION_INPUT,true,true,PRIMARY,PUBLIC_REPOSITORY_UPSTREAM_TERMS_REVIEW,DERIVED_PUBLIC_REPO_REVIEW,W09 raw-field metadata only; no production feature adoption.
RF-000233,SRC-001,SportsDataverse,play_by_play,yds_receiving,one row per play,integer,UNMATERIALIZED_OR_NOT_SCANNED,Receiving yards on the play; null when not a reception.,other,HISTORICAL_GAME_OUTPUT_USE_VIA_PRIOR_GAME_AGGREGATION,HISTORICAL_AGGREGATE_ONLY,CANDIDATE_OR_DERIVED,REQUIRED,RECON_UNIFIED_TEMPORAL_FIELD_REGISTRY_v1.2,true,UNMEASURED_UNTIL_SOURCE_MATERIALIZATION,0,NO_DIRECT_SAMPLE_EVIDENCE_LINKED,NON_JOIN_OR_REVIEW,PIT_HISTORICAL_AGGREGATION_INPUT,true,true,PRIMARY,PUBLIC_REPOSITORY_UPSTREAM_TERMS_REVIEW,DERIVED_PUBLIC_REPO_REVIEW,W09 raw-field metadata only; no production feature adoption.
RF-000234,SRC-001,SportsDataverse,play_by_play,yds_int_return,one row per play,integer,UNMATERIALIZED_OR_NOT_SCANNED,Interception return yards; null when no INT.,other,HISTORICAL_GAME_OUTPUT_USE_VIA_PRIOR_GAME_AGGREGATION,HISTORICAL_AGGREGATE_ONLY,CANDIDATE_OR_DERIVED,REQUIRED,RECON_UNIFIED_TEMPORAL_FIELD_REGISTRY_v1.2,true,UNMEASURED_UNTIL_SOURCE_MATERIALIZATION,0,NO_DIRECT_SAMPLE_EVIDENCE_LINKED,NON_JOIN_OR_REVIEW,PIT_HISTORICAL_AGGREGATION_INPUT,true,true,PRIMARY,PUBLIC_REPOSITORY_UPSTREAM_TERMS_REVIEW,DERIVED_PUBLIC_REPO_REVIEW,W09 raw-field metadata only; no production feature adoption.
RF-000235,SRC-001,SportsDataverse,play_by_play,yds_kickoff,one row per play,integer,UNMATERIALIZED_OR_NOT_SCANNED,Kickoff distance in yards; null when not a kickoff.,special_teams,HISTORICAL_GAME_OUTPUT_USE_VIA_PRIOR_GAME_AGGREGATION,HISTORICAL_AGGREGATE_ONLY,CANDIDATE_OR_DERIVED,REQUIRED,RECON_UNIFIED_TEMPORAL_FIELD_REGISTRY_v1.2,true,UNMEASURED_UNTIL_SOURCE_MATERIALIZATION,0,NO_DIRECT_SAMPLE_EVIDENCE_LINKED,NON_JOIN_OR_REVIEW,PIT_HISTORICAL_AGGREGATION_INPUT,true,true,PRIMARY,PUBLIC_REPOSITORY_UPSTREAM_TERMS_REVIEW,DERIVED_PUBLIC_REPO_REVIEW,W09 raw-field metadata only; no production feature adoption.
RF-000236,SRC-001,SportsDataverse,play_by_play,yds_kickoff_return,one row per play,integer,UNMATERIALIZED_OR_NOT_SCANNED,Kickoff return yards; null when no return.,special_teams,HISTORICAL_GAME_OUTPUT_USE_VIA_PRIOR_GAME_AGGREGATION,HISTORICAL_AGGREGATE_ONLY,CANDIDATE_OR_DERIVED,REQUIRED,RECON_UNIFIED_TEMPORAL_FIELD_REGISTRY_v1.2,true,UNMEASURED_UNTIL_SOURCE_MATERIALIZATION,0,NO_DIRECT_SAMPLE_EVIDENCE_LINKED,NON_JOIN_OR_REVIEW,PIT_HISTORICAL_AGGREGATION_INPUT,true,true,PRIMARY,PUBLIC_REPOSITORY_UPSTREAM_TERMS_REVIEW,DERIVED_PUBLIC_REPO_REVIEW,W09 raw-field metadata only; no production feature adoption.
RF-000237,SRC-001,SportsDataverse,play_by_play,yds_punt_return,one row per play,integer,UNMATERIALIZED_OR_NOT_SCANNED,Punt return yards; null when no return.,special_teams,HISTORICAL_GAME_OUTPUT_USE_VIA_PRIOR_GAME_AGGREGATION,HISTORICAL_AGGREGATE_ONLY,CANDIDATE_OR_DERIVED,REQUIRED,RECON_UNIFIED_TEMPORAL_FIELD_REGISTRY_v1.2,true,UNMEASURED_UNTIL_SOURCE_MATERIALIZATION,0,NO_DIRECT_SAMPLE_EVIDENCE_LINKED,NON_JOIN_OR_REVIEW,PIT_HISTORICAL_AGGREGATION_INPUT,true,true,PRIMARY,PUBLIC_REPOSITORY_UPSTREAM_TERMS_REVIEW,DERIVED_PUBLIC_REPO_REVIEW,W09 raw-field metadata only; no production feature adoption.
RF-000238,SRC-001,SportsDataverse,play_by_play,yds_fumble_return,one row per play,character,UNMATERIALIZED_OR_NOT_SCANNED,Fumble return yards; null in this fixture (no fumble return).,turnovers,HISTORICAL_GAME_OUTPUT_USE_VIA_PRIOR_GAME_AGGREGATION,HISTORICAL_AGGREGATE_ONLY,CANDIDATE_OR_DERIVED,REQUIRED,RECON_UNIFIED_TEMPORAL_FIELD_REGISTRY_v1.2,true,UNMEASURED_UNTIL_SOURCE_MATERIALIZATION,0,NO_DIRECT_SAMPLE_EVIDENCE_LINKED,NON_JOIN_OR_REVIEW,PIT_HISTORICAL_AGGREGATION_INPUT,true,true,PRIMARY,PUBLIC_REPOSITORY_UPSTREAM_TERMS_REVIEW,DERIVED_PUBLIC_REPO_REVIEW,W09 raw-field metadata only; no production feature adoption.
RF-000239,SRC-001,SportsDataverse,play_by_play,yds_sacked,one row per play,integer,UNMATERIALIZED_OR_NOT_SCANNED,Yards lost on a sack; null when not a sack.,other,HISTORICAL_GAME_OUTPUT_USE_VIA_PRIOR_GAME_AGGREGATION,HISTORICAL_AGGREGATE_ONLY,CANDIDATE_OR_DERIVED,REQUIRED,RECON_UNIFIED_TEMPORAL_FIELD_REGISTRY_v1.2,true,UNMEASURED_UNTIL_SOURCE_MATERIALIZATION,0,NO_DIRECT_SAMPLE_EVIDENCE_LINKED,NON_JOIN_OR_REVIEW,PIT_HISTORICAL_AGGREGATION_INPUT,true,true,PRIMARY,PUBLIC_REPOSITORY_UPSTREAM_TERMS_REVIEW,DERIVED_PUBLIC_REPO_REVIEW,W09 raw-field metadata only; no production feature adoption.
RF-000240,SRC-001,SportsDataverse,play_by_play,sack_players,one row per play,character,UNMATERIALIZED_OR_NOT_SCANNED,Names of players credited with the sack; null when not a sack.,identity_metadata,HISTORICAL_GAME_OUTPUT_USE_VIA_PRIOR_GAME_AGGREGATION,HISTORICAL_AGGREGATE_ONLY,JOIN_OR_METADATA,REQUIRED,RECON_UNIFIED_TEMPORAL_FIELD_REGISTRY_v1.2,true,UNMEASURED_UNTIL_SOURCE_MATERIALIZATION,0,NO_DIRECT_SAMPLE_EVIDENCE_LINKED,JOIN_OR_METADATA,EVIDENCE_OR_METADATA_ONLY,false,true,PRIMARY,PUBLIC_REPOSITORY_UPSTREAM_TERMS_REVIEW,DERIVED_PUBLIC_REPO_REVIEW,W09 raw-field metadata only; no production feature adoption.
RF-000241,SRC-001,SportsDataverse,play_by_play,passer_player_name,one row per play,character,UNMATERIALIZED_OR_NOT_SCANNED,Passer name; null when not a pass.,passing_receiving,HISTORICAL_GAME_OUTPUT_USE_VIA_PRIOR_GAME_AGGREGATION,HISTORICAL_AGGREGATE_ONLY,CANDIDATE_OR_DERIVED,REQUIRED,RECON_UNIFIED_TEMPORAL_FIELD_REGISTRY_v1.2,true,UNMEASURED_UNTIL_SOURCE_MATERIALIZATION,0,NO_DIRECT_SAMPLE_EVIDENCE_LINKED,NON_JOIN_OR_REVIEW,PIT_HISTORICAL_AGGREGATION_INPUT,true,true,PRIMARY,PUBLIC_REPOSITORY_UPSTREAM_TERMS_REVIEW,DERIVED_PUBLIC_REPO_REVIEW,W09 raw-field metadata only; no production feature adoption.
RF-000242,SRC-001,SportsDataverse,play_by_play,rusher_player_name,one row per play,character,UNMATERIALIZED_OR_NOT_SCANNED,Rusher name; null when not a rush.,rushing,HISTORICAL_GAME_OUTPUT_USE_VIA_PRIOR_GAME_AGGREGATION,HISTORICAL_AGGREGATE_ONLY,CANDIDATE_OR_DERIVED,REQUIRED,RECON_UNIFIED_TEMPORAL_FIELD_REGISTRY_v1.2,true,UNMEASURED_UNTIL_SOURCE_MATERIALIZATION,1,NAME_MATCH_ONLY_NOT_POPULATION_EVIDENCE,NON_JOIN_OR_REVIEW,PIT_HISTORICAL_AGGREGATION_INPUT,true,true,PRIMARY,PUBLIC_REPOSITORY_UPSTREAM_TERMS_REVIEW,DERIVED_PUBLIC_REPO_REVIEW,W09 raw-field metadata only; no production feature adoption.
RF-000243,SRC-001,SportsDataverse,play_by_play,receiver_player_name,one row per play,character,UNMATERIALIZED_OR_NOT_SCANNED,Targeted receiver name; null when not a reception.,passing_receiving,HISTORICAL_GAME_OUTPUT_USE_VIA_PRIOR_GAME_AGGREGATION,HISTORICAL_AGGREGATE_ONLY,CANDIDATE_OR_DERIVED,REQUIRED,RECON_UNIFIED_TEMPORAL_FIELD_REGISTRY_v1.2,true,UNMEASURED_UNTIL_SOURCE_MATERIALIZATION,0,NO_DIRECT_SAMPLE_EVIDENCE_LINKED,NON_JOIN_OR_REVIEW,PIT_HISTORICAL_AGGREGATION_INPUT,true,true,PRIMARY,PUBLIC_REPOSITORY_UPSTREAM_TERMS_REVIEW,DERIVED_PUBLIC_REPO_REVIEW,W09 raw-field metadata only; no production feature adoption.
RF-000244,SRC-001,SportsDataverse,play_by_play,sack_player_name,one row per play,character,UNMATERIALIZED_OR_NOT_SCANNED,Primary sacking player name; null when not a sack.,identity_metadata,HISTORICAL_GAME_OUTPUT_USE_VIA_PRIOR_GAME_AGGREGATION,HISTORICAL_AGGREGATE_ONLY,JOIN_OR_METADATA,REQUIRED,RECON_UNIFIED_TEMPORAL_FIELD_REGISTRY_v1.2,true,UNMEASURED_UNTIL_SOURCE_MATERIALIZATION,0,NO_DIRECT_SAMPLE_EVIDENCE_LINKED,JOIN_OR_METADATA,EVIDENCE_OR_METADATA_ONLY,false,true,PRIMARY,PUBLIC_REPOSITORY_UPSTREAM_TERMS_REVIEW,DERIVED_PUBLIC_REPO_REVIEW,W09 raw-field metadata only; no production feature adoption.
RF-000245,SRC-001,SportsDataverse,play_by_play,sack_player_name2,one row per play,character,UNMATERIALIZED_OR_NOT_SCANNED,Second sacking player name; null in this fixture.,identity_metadata,HISTORICAL_GAME_OUTPUT_USE_VIA_PRIOR_GAME_AGGREGATION,HISTORICAL_AGGREGATE_ONLY,JOIN_OR_METADATA,REQUIRED,RECON_UNIFIED_TEMPORAL_FIELD_REGISTRY_v1.2,true,UNMEASURED_UNTIL_SOURCE_MATERIALIZATION,0,NO_DIRECT_SAMPLE_EVIDENCE_LINKED,JOIN_OR_METADATA,EVIDENCE_OR_METADATA_ONLY,false,true,PRIMARY,PUBLIC_REPOSITORY_UPSTREAM_TERMS_REVIEW,DERIVED_PUBLIC_REPO_REVIEW,W09 raw-field metadata only; no production feature adoption.
RF-000246,SRC-001,SportsDataverse,play_by_play,pass_breakup_player_name,one row per play,character,UNMATERIALIZED_OR_NOT_SCANNED,Player credited with the pass breakup; null in this fixture.,passing_receiving,HISTORICAL_GAME_OUTPUT_USE_VIA_PRIOR_GAME_AGGREGATION,HISTORICAL_AGGREGATE_ONLY,CANDIDATE_OR_DERIVED,REQUIRED,RECON_UNIFIED_TEMPORAL_FIELD_REGISTRY_v1.2,true,UNMEASURED_UNTIL_SOURCE_MATERIALIZATION,0,NO_DIRECT_SAMPLE_EVIDENCE_LINKED,NON_JOIN_OR_REVIEW,PIT_HISTORICAL_AGGREGATION_INPUT,true,true,PRIMARY,PUBLIC_REPOSITORY_UPSTREAM_TERMS_REVIEW,DERIVED_PUBLIC_REPO_REVIEW,W09 raw-field metadata only; no production feature adoption.
RF-000247,SRC-001,SportsDataverse,play_by_play,interception_player_name,one row per play,character,UNMATERIALIZED_OR_NOT_SCANNED,Intercepting player name; null in this fixture (no INT).,identity_metadata,HISTORICAL_GAME_OUTPUT_USE_VIA_PRIOR_GAME_AGGREGATION,HISTORICAL_AGGREGATE_ONLY,JOIN_OR_METADATA,REQUIRED,RECON_UNIFIED_TEMPORAL_FIELD_REGISTRY_v1.2,true,UNMEASURED_UNTIL_SOURCE_MATERIALIZATION,0,NO_DIRECT_SAMPLE_EVIDENCE_LINKED,JOIN_OR_METADATA,EVIDENCE_OR_METADATA_ONLY,false,true,PRIMARY,PUBLIC_REPOSITORY_UPSTREAM_TERMS_REVIEW,DERIVED_PUBLIC_REPO_REVIEW,W09 raw-field metadata only; no production feature adoption.
RF-000248,SRC-001,SportsDataverse,play_by_play,fg_kicker_player_name,one row per play,character,UNMATERIALIZED_OR_NOT_SCANNED,Field-goal kicker name; null in this fixture.,special_teams,HISTORICAL_GAME_OUTPUT_USE_VIA_PRIOR_GAME_AGGREGATION,HISTORICAL_AGGREGATE_ONLY,CANDIDATE_OR_DERIVED,REQUIRED,RECON_UNIFIED_TEMPORAL_FIELD_REGISTRY_v1.2,true,UNMEASURED_UNTIL_SOURCE_MATERIALIZATION,0,NO_DIRECT_SAMPLE_EVIDENCE_LINKED,NON_JOIN_OR_REVIEW,PIT_HISTORICAL_AGGREGATION_INPUT,true,true,PRIMARY,PUBLIC_REPOSITORY_UPSTREAM_TERMS_REVIEW,DERIVED_PUBLIC_REPO_REVIEW,W09 raw-field metadata only; no production feature adoption.
RF-000249,SRC-001,SportsDataverse,play_by_play,fg_block_player_name,one row per play,character,UNMATERIALIZED_OR_NOT_SCANNED,Player who blocked the field goal; null in this fixture.,special_teams,HISTORICAL_GAME_OUTPUT_USE_VIA_PRIOR_GAME_AGGREGATION,HISTORICAL_AGGREGATE_ONLY,CANDIDATE_OR_DERIVED,REQUIRED,RECON_UNIFIED_TEMPORAL_FIELD_REGISTRY_v1.2,true,UNMEASURED_UNTIL_SOURCE_MATERIALIZATION,0,NO_DIRECT_SAMPLE_EVIDENCE_LINKED,NON_JOIN_OR_REVIEW,PIT_HISTORICAL_AGGREGATION_INPUT,true,true,PRIMARY,PUBLIC_REPOSITORY_UPSTREAM_TERMS_REVIEW,DERIVED_PUBLIC_REPO_REVIEW,W09 raw-field metadata only; no production feature adoption.
RF-000250,SRC-001,SportsDataverse,play_by_play,fg_return_player_name,one row per play,character,UNMATERIALIZED_OR_NOT_SCANNED,Player returning a blocked/missed field goal; null in this fixture.,special_teams,HISTORICAL_GAME_OUTPUT_USE_VIA_PRIOR_GAME_AGGREGATION,HISTORICAL_AGGREGATE_ONLY,CANDIDATE_OR_DERIVED,REQUIRED,RECON_UNIFIED_TEMPORAL_FIELD_REGISTRY_v1.2,true,UNMEASURED_UNTIL_SOURCE_MATERIALIZATION,0,NO_DIRECT_SAMPLE_EVIDENCE_LINKED,NON_JOIN_OR_REVIEW,PIT_HISTORICAL_AGGREGATION_INPUT,true,true,PRIMARY,PUBLIC_REPOSITORY_UPSTREAM_TERMS_REVIEW,DERIVED_PUBLIC_REPO_REVIEW,W09 raw-field metadata only; no production feature adoption.
RF-000251,SRC-001,SportsDataverse,play_by_play,kickoff_player_name,one row per play,character,UNMATERIALIZED_OR_NOT_SCANNED,Kicker name on the kickoff; null when not a kickoff.,special_teams,HISTORICAL_GAME_OUTPUT_USE_VIA_PRIOR_GAME_AGGREGATION,HISTORICAL_AGGREGATE_ONLY,CANDIDATE_OR_DERIVED,REQUIRED,RECON_UNIFIED_TEMPORAL_FIELD_REGISTRY_v1.2,true,UNMEASURED_UNTIL_SOURCE_MATERIALIZATION,0,NO_DIRECT_SAMPLE_EVIDENCE_LINKED,NON_JOIN_OR_REVIEW,PIT_HISTORICAL_AGGREGATION_INPUT,true,true,PRIMARY,PUBLIC_REPOSITORY_UPSTREAM_TERMS_REVIEW,DERIVED_PUBLIC_REPO_REVIEW,W09 raw-field metadata only; no production feature adoption.
RF-000252,SRC-001,SportsDataverse,play_by_play,kickoff_return_player_name,one row per play,character,UNMATERIALIZED_OR_NOT_SCANNED,Kickoff returner name; null in this fixture.,special_teams,HISTORICAL_GAME_OUTPUT_USE_VIA_PRIOR_GAME_AGGREGATION,HISTORICAL_AGGREGATE_ONLY,CANDIDATE_OR_DERIVED,REQUIRED,RECON_UNIFIED_TEMPORAL_FIELD_REGISTRY_v1.2,true,UNMEASURED_UNTIL_SOURCE_MATERIALIZATION,0,NO_DIRECT_SAMPLE_EVIDENCE_LINKED,NON_JOIN_OR_REVIEW,PIT_HISTORICAL_AGGREGATION_INPUT,true,true,PRIMARY,PUBLIC_REPOSITORY_UPSTREAM_TERMS_REVIEW,DERIVED_PUBLIC_REPO_REVIEW,W09 raw-field metadata only; no production feature adoption.
RF-000253,SRC-001,SportsDataverse,play_by_play,punter_player_name,one row per play,character,UNMATERIALIZED_OR_NOT_SCANNED,Punter name; null when not a punt.,special_teams,HISTORICAL_GAME_OUTPUT_USE_VIA_PRIOR_GAME_AGGREGATION,HISTORICAL_AGGREGATE_ONLY,CANDIDATE_OR_DERIVED,REQUIRED,RECON_UNIFIED_TEMPORAL_FIELD_REGISTRY_v1.2,true,UNMEASURED_UNTIL_SOURCE_MATERIALIZATION,0,NO_DIRECT_SAMPLE_EVIDENCE_LINKED,NON_JOIN_OR_REVIEW,PIT_HISTORICAL_AGGREGATION_INPUT,true,true,PRIMARY,PUBLIC_REPOSITORY_UPSTREAM_TERMS_REVIEW,DERIVED_PUBLIC_REPO_REVIEW,W09 raw-field metadata only; no production feature adoption.
RF-000254,SRC-001,SportsDataverse,play_by_play,punt_block_player_name,one row per play,character,UNMATERIALIZED_OR_NOT_SCANNED,Player who blocked the punt; null in this fixture.,special_teams,HISTORICAL_GAME_OUTPUT_USE_VIA_PRIOR_GAME_AGGREGATION,HISTORICAL_AGGREGATE_ONLY,CANDIDATE_OR_DERIVED,REQUIRED,RECON_UNIFIED_TEMPORAL_FIELD_REGISTRY_v1.2,true,UNMEASURED_UNTIL_SOURCE_MATERIALIZATION,0,NO_DIRECT_SAMPLE_EVIDENCE_LINKED,NON_JOIN_OR_REVIEW,PIT_HISTORICAL_AGGREGATION_INPUT,true,true,PRIMARY,PUBLIC_REPOSITORY_UPSTREAM_TERMS_REVIEW,DERIVED_PUBLIC_REPO_REVIEW,W09 raw-field metadata only; no production feature adoption.
RF-000255,SRC-001,SportsDataverse,play_by_play,punt_return_player_name,one row per play,character,UNMATERIALIZED_OR_NOT_SCANNED,Punt returner name; null when not a return.,special_teams,HISTORICAL_GAME_OUTPUT_USE_VIA_PRIOR_GAME_AGGREGATION,HISTORICAL_AGGREGATE_ONLY,CANDIDATE_OR_DERIVED,REQUIRED,RECON_UNIFIED_TEMPORAL_FIELD_REGISTRY_v1.2,true,UNMEASURED_UNTIL_SOURCE_MATERIALIZATION,0,NO_DIRECT_SAMPLE_EVIDENCE_LINKED,NON_JOIN_OR_REVIEW,PIT_HISTORICAL_AGGREGATION_INPUT,true,true,PRIMARY,PUBLIC_REPOSITORY_UPSTREAM_TERMS_REVIEW,DERIVED_PUBLIC_REPO_REVIEW,W09 raw-field metadata only; no production feature adoption.
RF-000256,SRC-001,SportsDataverse,play_by_play,punt_block_return_player_name,one row per play,character,UNMATERIALIZED_OR_NOT_SCANNED,Player returning a blocked punt; null in this fixture.,special_teams,HISTORICAL_GAME_OUTPUT_USE_VIA_PRIOR_GAME_AGGREGATION,HISTORICAL_AGGREGATE_ONLY,CANDIDATE_OR_DERIVED,REQUIRED,RECON_UNIFIED_TEMPORAL_FIELD_REGISTRY_v1.2,true,UNMEASURED_UNTIL_SOURCE_MATERIALIZATION,0,NO_DIRECT_SAMPLE_EVIDENCE_LINKED,NON_JOIN_OR_REVIEW,PIT_HISTORICAL_AGGREGATION_INPUT,true,true,PRIMARY,PUBLIC_REPOSITORY_UPSTREAM_TERMS_REVIEW,DERIVED_PUBLIC_REPO_REVIEW,W09 raw-field metadata only; no production feature adoption.
RF-000257,SRC-001,SportsDataverse,play_by_play,fumble_player_name,one row per play,character,UNMATERIALIZED_OR_NOT_SCANNED,Player who fumbled; null when no fumble.,turnovers,HISTORICAL_GAME_OUTPUT_USE_VIA_PRIOR_GAME_AGGREGATION,HISTORICAL_AGGREGATE_ONLY,CANDIDATE_OR_DERIVED,REQUIRED,RECON_UNIFIED_TEMPORAL_FIELD_REGISTRY_v1.2,true,UNMEASURED_UNTIL_SOURCE_MATERIALIZATION,0,NO_DIRECT_SAMPLE_EVIDENCE_LINKED,NON_JOIN_OR_REVIEW,PIT_HISTORICAL_AGGREGATION_INPUT,true,true,PRIMARY,PUBLIC_REPOSITORY_UPSTREAM_TERMS_REVIEW,DERIVED_PUBLIC_REPO_REVIEW,W09 raw-field metadata only; no production feature adoption.
RF-000258,SRC-001,SportsDataverse,play_by_play,fumble_forced_player_name,one row per play,character,UNMATERIALIZED_OR_NOT_SCANNED,Player who forced the fumble; null in this fixture.,turnovers,HISTORICAL_GAME_OUTPUT_USE_VIA_PRIOR_GAME_AGGREGATION,HISTORICAL_AGGREGATE_ONLY,CANDIDATE_OR_DERIVED,REQUIRED,RECON_UNIFIED_TEMPORAL_FIELD_REGISTRY_v1.2,true,UNMEASURED_UNTIL_SOURCE_MATERIALIZATION,0,NO_DIRECT_SAMPLE_EVIDENCE_LINKED,NON_JOIN_OR_REVIEW,PIT_HISTORICAL_AGGREGATION_INPUT,true,true,PRIMARY,PUBLIC_REPOSITORY_UPSTREAM_TERMS_REVIEW,DERIVED_PUBLIC_REPO_REVIEW,W09 raw-field metadata only; no production feature adoption.
RF-000259,SRC-001,SportsDataverse,play_by_play,fumble_recovered_player_name,one row per play,character,UNMATERIALIZED_OR_NOT_SCANNED,Player who recovered the fumble; null when no fumble.,turnovers,HISTORICAL_GAME_OUTPUT_USE_VIA_PRIOR_GAME_AGGREGATION,HISTORICAL_AGGREGATE_ONLY,CANDIDATE_OR_DERIVED,REQUIRED,RECON_UNIFIED_TEMPORAL_FIELD_REGISTRY_v1.2,true,UNMEASURED_UNTIL_SOURCE_MATERIALIZATION,0,NO_DIRECT_SAMPLE_EVIDENCE_LINKED,NON_JOIN_OR_REVIEW,PIT_HISTORICAL_AGGREGATION_INPUT,true,true,PRIMARY,PUBLIC_REPOSITORY_UPSTREAM_TERMS_REVIEW,DERIVED_PUBLIC_REPO_REVIEW,W09 raw-field metadata only; no production feature adoption.
RF-000260,SRC-001,SportsDataverse,play_by_play,new_down,one row per play,integer,UNMATERIALIZED_OR_NOT_SCANNED,Resulting down after the play.,situational_field_position,HISTORICAL_GAME_OUTPUT_USE_VIA_PRIOR_GAME_AGGREGATION,HISTORICAL_AGGREGATE_ONLY,CANDIDATE_OR_DERIVED,REQUIRED,RECON_UNIFIED_TEMPORAL_FIELD_REGISTRY_v1.2,true,UNMEASURED_UNTIL_SOURCE_MATERIALIZATION,0,NO_DIRECT_SAMPLE_EVIDENCE_LINKED,NON_JOIN_OR_REVIEW,PIT_HISTORICAL_AGGREGATION_INPUT,true,true,PRIMARY,PUBLIC_REPOSITORY_UPSTREAM_TERMS_REVIEW,DERIVED_PUBLIC_REPO_REVIEW,W09 raw-field metadata only; no production feature adoption.
RF-000261,SRC-001,SportsDataverse,play_by_play,new_distance,one row per play,integer,UNMATERIALIZED_OR_NOT_SCANNED,Resulting distance to go after the play.,situational_field_position,HISTORICAL_GAME_OUTPUT_USE_VIA_PRIOR_GAME_AGGREGATION,HISTORICAL_AGGREGATE_ONLY,CANDIDATE_OR_DERIVED,REQUIRED,RECON_UNIFIED_TEMPORAL_FIELD_REGISTRY_v1.2,true,UNMEASURED_UNTIL_SOURCE_MATERIALIZATION,0,NO_DIRECT_SAMPLE_EVIDENCE_LINKED,NON_JOIN_OR_REVIEW,PIT_HISTORICAL_AGGREGATION_INPUT,true,true,PRIMARY,PUBLIC_REPOSITORY_UPSTREAM_TERMS_REVIEW,DERIVED_PUBLIC_REPO_REVIEW,W09 raw-field metadata only; no production feature adoption.
RF-000262,SRC-001,SportsDataverse,play_by_play,middle_8,one row per play,logical,UNMATERIALIZED_OR_NOT_SCANNED,"TRUE if the play falls in the ""middle 8"" (last 4 min H1 / first 4 min H2).",other,HISTORICAL_GAME_OUTPUT_USE_VIA_PRIOR_GAME_AGGREGATION,HISTORICAL_AGGREGATE_ONLY,CANDIDATE_OR_DERIVED,REQUIRED,RECON_UNIFIED_TEMPORAL_FIELD_REGISTRY_v1.2,true,UNMEASURED_UNTIL_SOURCE_MATERIALIZATION,1,NAME_MATCH_ONLY_NOT_POPULATION_EVIDENCE,NON_JOIN_OR_REVIEW,PIT_HISTORICAL_AGGREGATION_INPUT,true,true,PRIMARY,PUBLIC_REPOSITORY_UPSTREAM_TERMS_REVIEW,DERIVED_PUBLIC_REPO_REVIEW,W09 raw-field metadata only; no production feature adoption.
RF-000263,SRC-001,SportsDataverse,play_by_play,rz_play,one row per play,logical,UNMATERIALIZED_OR_NOT_SCANNED,TRUE if the play is in the red zone.,situational_field_position,HISTORICAL_GAME_OUTPUT_USE_VIA_PRIOR_GAME_AGGREGATION,HISTORICAL_AGGREGATE_ONLY,CANDIDATE_OR_DERIVED,REQUIRED,RECON_UNIFIED_TEMPORAL_FIELD_REGISTRY_v1.2,true,UNMEASURED_UNTIL_SOURCE_MATERIALIZATION,1,NAME_MATCH_ONLY_NOT_POPULATION_EVIDENCE,NON_JOIN_OR_REVIEW,PIT_HISTORICAL_AGGREGATION_INPUT,true,true,PRIMARY,PUBLIC_REPOSITORY_UPSTREAM_TERMS_REVIEW,DERIVED_PUBLIC_REPO_REVIEW,W09 raw-field metadata only; no production feature adoption.
RF-000264,SRC-001,SportsDataverse,play_by_play,under_2,one row per play,logical,UNMATERIALIZED_OR_NOT_SCANNED,TRUE if under two minutes remain in the half.,other,HISTORICAL_GAME_OUTPUT_USE_VIA_PRIOR_GAME_AGGREGATION,HISTORICAL_AGGREGATE_ONLY,CANDIDATE_OR_DERIVED,REQUIRED,RECON_UNIFIED_TEMPORAL_FIELD_REGISTRY_v1.2,true,UNMEASURED_UNTIL_SOURCE_MATERIALIZATION,0,NO_DIRECT_SAMPLE_EVIDENCE_LINKED,NON_JOIN_OR_REVIEW,PIT_HISTORICAL_AGGREGATION_INPUT,true,true,PRIMARY,PUBLIC_REPOSITORY_UPSTREAM_TERMS_REVIEW,DERIVED_PUBLIC_REPO_REVIEW,W09 raw-field metadata only; no production feature adoption.
RF-000265,SRC-001,SportsDataverse,play_by_play,goal_to_go,one row per play,logical,UNMATERIALIZED_OR_NOT_SCANNED,TRUE if it is a goal-to-go situation.,other,HISTORICAL_GAME_OUTPUT_USE_VIA_PRIOR_GAME_AGGREGATION,HISTORICAL_AGGREGATE_ONLY,CANDIDATE_OR_DERIVED,REQUIRED,RECON_UNIFIED_TEMPORAL_FIELD_REGISTRY_v1.2,true,UNMEASURED_UNTIL_SOURCE_MATERIALIZATION,1,NAME_MATCH_ONLY_NOT_POPULATION_EVIDENCE,NON_JOIN_OR_REVIEW,PIT_HISTORICAL_AGGREGATION_INPUT,true,true,PRIMARY,PUBLIC_REPOSITORY_UPSTREAM_TERMS_REVIEW,DERIVED_PUBLIC_REPO_REVIEW,W09 raw-field metadata only; no production feature adoption.
RF-000266,SRC-001,SportsDataverse,play_by_play,scoring_opp,one row per play,logical,UNMATERIALIZED_OR_NOT_SCANNED,TRUE if the play is in a scoring-opportunity area.,other,HISTORICAL_GAME_OUTPUT_USE_VIA_PRIOR_GAME_AGGREGATION,HISTORICAL_AGGREGATE_ONLY,CANDIDATE_OR_DERIVED,REQUIRED,RECON_UNIFIED_TEMPORAL_FIELD_REGISTRY_v1.2,true,UNMEASURED_UNTIL_SOURCE_MATERIALIZATION,0,NO_DIRECT_SAMPLE_EVIDENCE_LINKED,NON_JOIN_OR_REVIEW,PIT_HISTORICAL_AGGREGATION_INPUT,true,true,PRIMARY,PUBLIC_REPOSITORY_UPSTREAM_TERMS_REVIEW,DERIVED_PUBLIC_REPO_REVIEW,W09 raw-field metadata only; no production feature adoption.
RF-000267,SRC-001,SportsDataverse,play_by_play,stuffed_run,one row per play,logical,UNMATERIALIZED_OR_NOT_SCANNED,TRUE if a rush gained <= 0 yards.,rushing,HISTORICAL_GAME_OUTPUT_USE_VIA_PRIOR_GAME_AGGREGATION,HISTORICAL_AGGREGATE_ONLY,CANDIDATE_OR_DERIVED,REQUIRED,RECON_UNIFIED_TEMPORAL_FIELD_REGISTRY_v1.2,true,UNMEASURED_UNTIL_SOURCE_MATERIALIZATION,1,NAME_MATCH_ONLY_NOT_POPULATION_EVIDENCE,NON_JOIN_OR_REVIEW,PIT_HISTORICAL_AGGREGATION_INPUT,true,true,PRIMARY,PUBLIC_REPOSITORY_UPSTREAM_TERMS_REVIEW,DERIVED_PUBLIC_REPO_REVIEW,W09 raw-field metadata only; no production feature adoption.
RF-000268,SRC-001,SportsDataverse,play_by_play,stopped_run,one row per play,logical,UNMATERIALIZED_OR_NOT_SCANNED,TRUE if a rush was stopped short (stuffed/limited).,other,HISTORICAL_GAME_OUTPUT_USE_VIA_PRIOR_GAME_AGGREGATION,HISTORICAL_AGGREGATE_ONLY,CANDIDATE_OR_DERIVED,REQUIRED,RECON_UNIFIED_TEMPORAL_FIELD_REGISTRY_v1.2,true,UNMEASURED_UNTIL_SOURCE_MATERIALIZATION,0,NO_DIRECT_SAMPLE_EVIDENCE_LINKED,NON_JOIN_OR_REVIEW,PIT_HISTORICAL_AGGREGATION_INPUT,true,true,PRIMARY,PUBLIC_REPOSITORY_UPSTREAM_TERMS_REVIEW,DERIVED_PUBLIC_REPO_REVIEW,W09 raw-field metadata only; no production feature adoption.
RF-000269,SRC-001,SportsDataverse,play_by_play,opportunity_run,one row per play,logical,UNMATERIALIZED_OR_NOT_SCANNED,TRUE if a rush reached the line of scrimmage cleanly (opportunity-rate metric).,rushing,HISTORICAL_GAME_OUTPUT_USE_VIA_PRIOR_GAME_AGGREGATION,HISTORICAL_AGGREGATE_ONLY,CANDIDATE_OR_DERIVED,REQUIRED,RECON_UNIFIED_TEMPORAL_FIELD_REGISTRY_v1.2,true,UNMEASURED_UNTIL_SOURCE_MATERIALIZATION,1,NAME_MATCH_ONLY_NOT_POPULATION_EVIDENCE,NON_JOIN_OR_REVIEW,PIT_HISTORICAL_AGGREGATION_INPUT,true,true,PRIMARY,PUBLIC_REPOSITORY_UPSTREAM_TERMS_REVIEW,DERIVED_PUBLIC_REPO_REVIEW,W09 raw-field metadata only; no production feature adoption.
RF-000270,SRC-001,SportsDataverse,play_by_play,highlight_run,one row per play,logical,UNMATERIALIZED_OR_NOT_SCANNED,TRUE if the rush qualifies as a highlight (breakaway) run.,rushing,HISTORICAL_GAME_OUTPUT_USE_VIA_PRIOR_GAME_AGGREGATION,HISTORICAL_AGGREGATE_ONLY,CANDIDATE_OR_DERIVED,REQUIRED,RECON_UNIFIED_TEMPORAL_FIELD_REGISTRY_v1.2,true,UNMEASURED_UNTIL_SOURCE_MATERIALIZATION,1,NAME_MATCH_ONLY_NOT_POPULATION_EVIDENCE,NON_JOIN_OR_REVIEW,PIT_HISTORICAL_AGGREGATION_INPUT,true,true,PRIMARY,PUBLIC_REPOSITORY_UPSTREAM_TERMS_REVIEW,DERIVED_PUBLIC_REPO_REVIEW,W09 raw-field metadata only; no production feature adoption.
RF-000271,SRC-001,SportsDataverse,play_by_play,adj_rush_yardage,one row per play,integer,UNMATERIALIZED_OR_NOT_SCANNED,Adjusted/capped rush yardage used in line-yard decomposition; null when not a rush.,rushing,HISTORICAL_GAME_OUTPUT_USE_VIA_PRIOR_GAME_AGGREGATION,HISTORICAL_AGGREGATE_ONLY,CANDIDATE_OR_DERIVED,REQUIRED,RECON_UNIFIED_TEMPORAL_FIELD_REGISTRY_v1.2,true,UNMEASURED_UNTIL_SOURCE_MATERIALIZATION,1,NAME_MATCH_ONLY_NOT_POPULATION_EVIDENCE,NON_JOIN_OR_REVIEW,PIT_HISTORICAL_AGGREGATION_INPUT,true,true,PRIMARY,PUBLIC_REPOSITORY_UPSTREAM_TERMS_REVIEW,DERIVED_PUBLIC_REPO_REVIEW,W09 raw-field metadata only; no production feature adoption.
RF-000272,SRC-001,SportsDataverse,play_by_play,line_yards,one row per play,double,UNMATERIALIZED_OR_NOT_SCANNED,Offensive-line-credited rushing yards (line yards); null when not a rush.,rushing,HISTORICAL_GAME_OUTPUT_USE_VIA_PRIOR_GAME_AGGREGATION,HISTORICAL_AGGREGATE_ONLY,CANDIDATE_OR_DERIVED,REQUIRED,RECON_UNIFIED_TEMPORAL_FIELD_REGISTRY_v1.2,true,UNMEASURED_UNTIL_SOURCE_MATERIALIZATION,1,NAME_MATCH_ONLY_NOT_POPULATION_EVIDENCE,NON_JOIN_OR_REVIEW,PIT_HISTORICAL_AGGREGATION_INPUT,true,true,PRIMARY,PUBLIC_REPOSITORY_UPSTREAM_TERMS_REVIEW,DERIVED_PUBLIC_REPO_REVIEW,W09 raw-field metadata only; no production feature adoption.
RF-000273,SRC-001,SportsDataverse,play_by_play,second_level_yards,one row per play,double,UNMATERIALIZED_OR_NOT_SCANNED,Rushing yards gained 5-10 yards past the line; null when not a rush.,situational_field_position,HISTORICAL_GAME_OUTPUT_USE_VIA_PRIOR_GAME_AGGREGATION,HISTORICAL_AGGREGATE_ONLY,CANDIDATE_OR_DERIVED,REQUIRED,RECON_UNIFIED_TEMPORAL_FIELD_REGISTRY_v1.2,true,UNMEASURED_UNTIL_SOURCE_MATERIALIZATION,1,NAME_MATCH_ONLY_NOT_POPULATION_EVIDENCE,NON_JOIN_OR_REVIEW,PIT_HISTORICAL_AGGREGATION_INPUT,true,true,PRIMARY,PUBLIC_REPOSITORY_UPSTREAM_TERMS_REVIEW,DERIVED_PUBLIC_REPO_REVIEW,W09 raw-field metadata only; no production feature adoption.
RF-000274,SRC-001,SportsDataverse,play_by_play,open_field_yards,one row per play,integer,UNMATERIALIZED_OR_NOT_SCANNED,Rushing yards gained 10+ yards past the line; null when not a rush.,penalties,HISTORICAL_GAME_OUTPUT_USE_VIA_PRIOR_GAME_AGGREGATION,HISTORICAL_AGGREGATE_ONLY,CANDIDATE_OR_DERIVED,REQUIRED,RECON_UNIFIED_TEMPORAL_FIELD_REGISTRY_v1.2,true,UNMEASURED_UNTIL_SOURCE_MATERIALIZATION,1,NAME_MATCH_ONLY_NOT_POPULATION_EVIDENCE,NON_JOIN_OR_REVIEW,PIT_HISTORICAL_AGGREGATION_INPUT,true,true,PRIMARY,PUBLIC_REPOSITORY_UPSTREAM_TERMS_REVIEW,DERIVED_PUBLIC_REPO_REVIEW,W09 raw-field metadata only; no production feature adoption.
RF-000275,SRC-001,SportsDataverse,play_by_play,highlight_yards,one row per play,double,UNMATERIALIZED_OR_NOT_SCANNED,Highlight (breakaway) rushing yards credited to the back; null when not a rush.,rushing,HISTORICAL_GAME_OUTPUT_USE_VIA_PRIOR_GAME_AGGREGATION,HISTORICAL_AGGREGATE_ONLY,CANDIDATE_OR_DERIVED,REQUIRED,RECON_UNIFIED_TEMPORAL_FIELD_REGISTRY_v1.2,true,UNMEASURED_UNTIL_SOURCE_MATERIALIZATION,1,NAME_MATCH_ONLY_NOT_POPULATION_EVIDENCE,NON_JOIN_OR_REVIEW,PIT_HISTORICAL_AGGREGATION_INPUT,true,true,PRIMARY,PUBLIC_REPOSITORY_UPSTREAM_TERMS_REVIEW,DERIVED_PUBLIC_REPO_REVIEW,W09 raw-field metadata only; no production feature adoption.
RF-000276,SRC-001,SportsDataverse,play_by_play,opp_highlight_yards,one row per play,double,UNMATERIALIZED_OR_NOT_SCANNED,Opponent-perspective highlight rushing yards; null when not applicable.,rushing,HISTORICAL_GAME_OUTPUT_USE_VIA_PRIOR_GAME_AGGREGATION,HISTORICAL_AGGREGATE_ONLY,CANDIDATE_OR_DERIVED,REQUIRED,RECON_UNIFIED_TEMPORAL_FIELD_REGISTRY_v1.2,true,UNMEASURED_UNTIL_SOURCE_MATERIALIZATION,0,NO_DIRECT_SAMPLE_EVIDENCE_LINKED,NON_JOIN_OR_REVIEW,PIT_HISTORICAL_AGGREGATION_INPUT,true,true,PRIMARY,PUBLIC_REPOSITORY_UPSTREAM_TERMS_REVIEW,DERIVED_PUBLIC_REPO_REVIEW,W09 raw-field metadata only; no production feature adoption.
RF-000277,SRC-001,SportsDataverse,play_by_play,short_rush_success,one row per play,logical,UNMATERIALIZED_OR_NOT_SCANNED,TRUE if a short-yardage rush succeeded; null when not applicable.,rushing,HISTORICAL_GAME_OUTPUT_USE_VIA_PRIOR_GAME_AGGREGATION,HISTORICAL_AGGREGATE_ONLY,CANDIDATE_OR_DERIVED,REQUIRED,RECON_UNIFIED_TEMPORAL_FIELD_REGISTRY_v1.2,true,UNMEASURED_UNTIL_SOURCE_MATERIALIZATION,0,NO_DIRECT_SAMPLE_EVIDENCE_LINKED,NON_JOIN_OR_REVIEW,PIT_HISTORICAL_AGGREGATION_INPUT,true,true,PRIMARY,PUBLIC_REPOSITORY_UPSTREAM_TERMS_REVIEW,DERIVED_PUBLIC_REPO_REVIEW,W09 raw-field metadata only; no production feature adoption.
RF-000278,SRC-001,SportsDataverse,play_by_play,short_rush_attempt,one row per play,logical,UNMATERIALIZED_OR_NOT_SCANNED,TRUE if the play was a short-yardage rush attempt; null when not applicable.,rushing,HISTORICAL_GAME_OUTPUT_USE_VIA_PRIOR_GAME_AGGREGATION,HISTORICAL_AGGREGATE_ONLY,CANDIDATE_OR_DERIVED,REQUIRED,RECON_UNIFIED_TEMPORAL_FIELD_REGISTRY_v1.2,true,UNMEASURED_UNTIL_SOURCE_MATERIALIZATION,0,NO_DIRECT_SAMPLE_EVIDENCE_LINKED,NON_JOIN_OR_REVIEW,PIT_HISTORICAL_AGGREGATION_INPUT,true,true,PRIMARY,PUBLIC_REPOSITORY_UPSTREAM_TERMS_REVIEW,DERIVED_PUBLIC_REPO_REVIEW,W09 raw-field metadata only; no production feature adoption.
RF-000279,SRC-001,SportsDataverse,play_by_play,power_rush_success,one row per play,logical,UNMATERIALIZED_OR_NOT_SCANNED,TRUE if a power-situation rush converted; null when not applicable.,rushing,HISTORICAL_GAME_OUTPUT_USE_VIA_PRIOR_GAME_AGGREGATION,HISTORICAL_AGGREGATE_ONLY,CANDIDATE_OR_DERIVED,REQUIRED,RECON_UNIFIED_TEMPORAL_FIELD_REGISTRY_v1.2,true,UNMEASURED_UNTIL_SOURCE_MATERIALIZATION,0,NO_DIRECT_SAMPLE_EVIDENCE_LINKED,NON_JOIN_OR_REVIEW,PIT_HISTORICAL_AGGREGATION_INPUT,true,true,PRIMARY,PUBLIC_REPOSITORY_UPSTREAM_TERMS_REVIEW,DERIVED_PUBLIC_REPO_REVIEW,W09 raw-field metadata only; no production feature adoption.
RF-000280,SRC-001,SportsDataverse,play_by_play,power_rush_attempt,one row per play,logical,UNMATERIALIZED_OR_NOT_SCANNED,TRUE if the play was a power-situation rush attempt; null when not applicable.,rushing,HISTORICAL_GAME_OUTPUT_USE_VIA_PRIOR_GAME_AGGREGATION,HISTORICAL_AGGREGATE_ONLY,CANDIDATE_OR_DERIVED,REQUIRED,RECON_UNIFIED_TEMPORAL_FIELD_REGISTRY_v1.2,true,UNMEASURED_UNTIL_SOURCE_MATERIALIZATION,0,NO_DIRECT_SAMPLE_EVIDENCE_LINKED,NON_JOIN_OR_REVIEW,PIT_HISTORICAL_AGGREGATION_INPUT,true,true,PRIMARY,PUBLIC_REPOSITORY_UPSTREAM_TERMS_REVIEW,DERIVED_PUBLIC_REPO_REVIEW,W09 raw-field metadata only; no production feature adoption.
RF-000281,SRC-001,SportsDataverse,play_by_play,early_down,one row per play,logical,UNMATERIALIZED_OR_NOT_SCANNED,TRUE if the play occurred on an early down (1st/2nd).,situational_field_position,HISTORICAL_GAME_OUTPUT_USE_VIA_PRIOR_GAME_AGGREGATION,HISTORICAL_AGGREGATE_ONLY,CANDIDATE_OR_DERIVED,REQUIRED,RECON_UNIFIED_TEMPORAL_FIELD_REGISTRY_v1.2,true,UNMEASURED_UNTIL_SOURCE_MATERIALIZATION,1,NAME_MATCH_ONLY_NOT_POPULATION_EVIDENCE,NON_JOIN_OR_REVIEW,PIT_HISTORICAL_AGGREGATION_INPUT,true,true,PRIMARY,PUBLIC_REPOSITORY_UPSTREAM_TERMS_REVIEW,DERIVED_PUBLIC_REPO_REVIEW,W09 raw-field metadata only; no production feature adoption.
RF-000282,SRC-001,SportsDataverse,play_by_play,late_down,one row per play,logical,UNMATERIALIZED_OR_NOT_SCANNED,TRUE if the play occurred on a late down (3rd/4th).,situational_field_position,HISTORICAL_GAME_OUTPUT_USE_VIA_PRIOR_GAME_AGGREGATION,HISTORICAL_AGGREGATE_ONLY,CANDIDATE_OR_DERIVED,REQUIRED,RECON_UNIFIED_TEMPORAL_FIELD_REGISTRY_v1.2,true,UNMEASURED_UNTIL_SOURCE_MATERIALIZATION,1,NAME_MATCH_ONLY_NOT_POPULATION_EVIDENCE,NON_JOIN_OR_REVIEW,PIT_HISTORICAL_AGGREGATION_INPUT,true,true,PRIMARY,PUBLIC_REPOSITORY_UPSTREAM_TERMS_REVIEW,DERIVED_PUBLIC_REPO_REVIEW,W09 raw-field metadata only; no production feature adoption.
RF-000283,SRC-001,SportsDataverse,play_by_play,early_down_pass,one row per play,logical,UNMATERIALIZED_OR_NOT_SCANNED,TRUE if an early-down pass.,passing_receiving,HISTORICAL_GAME_OUTPUT_USE_VIA_PRIOR_GAME_AGGREGATION,HISTORICAL_AGGREGATE_ONLY,CANDIDATE_OR_DERIVED,REQUIRED,RECON_UNIFIED_TEMPORAL_FIELD_REGISTRY_v1.2,true,UNMEASURED_UNTIL_SOURCE_MATERIALIZATION,0,NO_DIRECT_SAMPLE_EVIDENCE_LINKED,NON_JOIN_OR_REVIEW,PIT_HISTORICAL_AGGREGATION_INPUT,true,true,PRIMARY,PUBLIC_REPOSITORY_UPSTREAM_TERMS_REVIEW,DERIVED_PUBLIC_REPO_REVIEW,W09 raw-field metadata only; no production feature adoption.
RF-000284,SRC-001,SportsDataverse,play_by_play,early_down_rush,one row per play,logical,UNMATERIALIZED_OR_NOT_SCANNED,TRUE if an early-down rush.,rushing,HISTORICAL_GAME_OUTPUT_USE_VIA_PRIOR_GAME_AGGREGATION,HISTORICAL_AGGREGATE_ONLY,CANDIDATE_OR_DERIVED,REQUIRED,RECON_UNIFIED_TEMPORAL_FIELD_REGISTRY_v1.2,true,UNMEASURED_UNTIL_SOURCE_MATERIALIZATION,0,NO_DIRECT_SAMPLE_EVIDENCE_LINKED,NON_JOIN_OR_REVIEW,PIT_HISTORICAL_AGGREGATION_INPUT,true,true,PRIMARY,PUBLIC_REPOSITORY_UPSTREAM_TERMS_REVIEW,DERIVED_PUBLIC_REPO_REVIEW,W09 raw-field metadata only; no production feature adoption.
RF-000285,SRC-001,SportsDataverse,play_by_play,late_down_pass,one row per play,logical,UNMATERIALIZED_OR_NOT_SCANNED,TRUE if a late-down pass.,passing_receiving,HISTORICAL_GAME_OUTPUT_USE_VIA_PRIOR_GAME_AGGREGATION,HISTORICAL_AGGREGATE_ONLY,CANDIDATE_OR_DERIVED,REQUIRED,RECON_UNIFIED_TEMPORAL_FIELD_REGISTRY_v1.2,true,UNMEASURED_UNTIL_SOURCE_MATERIALIZATION,0,NO_DIRECT_SAMPLE_EVIDENCE_LINKED,NON_JOIN_OR_REVIEW,PIT_HISTORICAL_AGGREGATION_INPUT,true,true,PRIMARY,PUBLIC_REPOSITORY_UPSTREAM_TERMS_REVIEW,DERIVED_PUBLIC_REPO_REVIEW,W09 raw-field metadata only; no production feature adoption.
RF-000286,SRC-001,SportsDataverse,play_by_play,late_down_rush,one row per play,logical,UNMATERIALIZED_OR_NOT_SCANNED,TRUE if a late-down rush.,rushing,HISTORICAL_GAME_OUTPUT_USE_VIA_PRIOR_GAME_AGGREGATION,HISTORICAL_AGGREGATE_ONLY,CANDIDATE_OR_DERIVED,REQUIRED,RECON_UNIFIED_TEMPORAL_FIELD_REGISTRY_v1.2,true,UNMEASURED_UNTIL_SOURCE_MATERIALIZATION,0,NO_DIRECT_SAMPLE_EVIDENCE_LINKED,NON_JOIN_OR_REVIEW,PIT_HISTORICAL_AGGREGATION_INPUT,true,true,PRIMARY,PUBLIC_REPOSITORY_UPSTREAM_TERMS_REVIEW,DERIVED_PUBLIC_REPO_REVIEW,W09 raw-field metadata only; no production feature adoption.
RF-000287,SRC-001,SportsDataverse,play_by_play,standard_down,one row per play,logical,UNMATERIALIZED_OR_NOT_SCANNED,TRUE if the play is a standard down.,situational_field_position,HISTORICAL_GAME_OUTPUT_USE_VIA_PRIOR_GAME_AGGREGATION,HISTORICAL_AGGREGATE_ONLY,CANDIDATE_OR_DERIVED,REQUIRED,RECON_UNIFIED_TEMPORAL_FIELD_REGISTRY_v1.2,true,UNMEASURED_UNTIL_SOURCE_MATERIALIZATION,1,NAME_MATCH_ONLY_NOT_POPULATION_EVIDENCE,NON_JOIN_OR_REVIEW,PIT_HISTORICAL_AGGREGATION_INPUT,true,true,PRIMARY,PUBLIC_REPOSITORY_UPSTREAM_TERMS_REVIEW,DERIVED_PUBLIC_REPO_REVIEW,W09 raw-field metadata only; no production feature adoption.
RF-000288,SRC-001,SportsDataverse,play_by_play,passing_down,one row per play,logical,UNMATERIALIZED_OR_NOT_SCANNED,TRUE if the play is a passing down.,passing_receiving,HISTORICAL_GAME_OUTPUT_USE_VIA_PRIOR_GAME_AGGREGATION,HISTORICAL_AGGREGATE_ONLY,CANDIDATE_OR_DERIVED,REQUIRED,RECON_UNIFIED_TEMPORAL_FIELD_REGISTRY_v1.2,true,UNMEASURED_UNTIL_SOURCE_MATERIALIZATION,1,NAME_MATCH_ONLY_NOT_POPULATION_EVIDENCE,NON_JOIN_OR_REVIEW,PIT_HISTORICAL_AGGREGATION_INPUT,true,true,PRIMARY,PUBLIC_REPOSITORY_UPSTREAM_TERMS_REVIEW,DERIVED_PUBLIC_REPO_REVIEW,W09 raw-field metadata only; no production feature adoption.
RF-000289,SRC-001,SportsDataverse,play_by_play,TFL,one row per play,logical,UNMATERIALIZED_OR_NOT_SCANNED,TRUE if the play was a tackle for loss.,other,HISTORICAL_GAME_OUTPUT_USE_VIA_PRIOR_GAME_AGGREGATION,HISTORICAL_AGGREGATE_ONLY,CANDIDATE_OR_DERIVED,REQUIRED,RECON_UNIFIED_TEMPORAL_FIELD_REGISTRY_v1.2,true,UNMEASURED_UNTIL_SOURCE_MATERIALIZATION,0,NO_DIRECT_SAMPLE_EVIDENCE_LINKED,NON_JOIN_OR_REVIEW,PIT_HISTORICAL_AGGREGATION_INPUT,true,true,PRIMARY,PUBLIC_REPOSITORY_UPSTREAM_TERMS_REVIEW,DERIVED_PUBLIC_REPO_REVIEW,W09 raw-field metadata only; no production feature adoption.
RF-000290,SRC-001,SportsDataverse,play_by_play,TFL_pass,one row per play,logical,UNMATERIALIZED_OR_NOT_SCANNED,TRUE if a TFL on a pass play (e.g. sack).,passing_receiving,HISTORICAL_GAME_OUTPUT_USE_VIA_PRIOR_GAME_AGGREGATION,HISTORICAL_AGGREGATE_ONLY,CANDIDATE_OR_DERIVED,REQUIRED,RECON_UNIFIED_TEMPORAL_FIELD_REGISTRY_v1.2,true,UNMEASURED_UNTIL_SOURCE_MATERIALIZATION,0,NO_DIRECT_SAMPLE_EVIDENCE_LINKED,NON_JOIN_OR_REVIEW,PIT_HISTORICAL_AGGREGATION_INPUT,true,true,PRIMARY,PUBLIC_REPOSITORY_UPSTREAM_TERMS_REVIEW,DERIVED_PUBLIC_REPO_REVIEW,W09 raw-field metadata only; no production feature adoption.
RF-000291,SRC-001,SportsDataverse,play_by_play,TFL_rush,one row per play,logical,UNMATERIALIZED_OR_NOT_SCANNED,TRUE if a TFL on a rush play.,rushing,HISTORICAL_GAME_OUTPUT_USE_VIA_PRIOR_GAME_AGGREGATION,HISTORICAL_AGGREGATE_ONLY,CANDIDATE_OR_DERIVED,REQUIRED,RECON_UNIFIED_TEMPORAL_FIELD_REGISTRY_v1.2,true,UNMEASURED_UNTIL_SOURCE_MATERIALIZATION,0,NO_DIRECT_SAMPLE_EVIDENCE_LINKED,NON_JOIN_OR_REVIEW,PIT_HISTORICAL_AGGREGATION_INPUT,true,true,PRIMARY,PUBLIC_REPOSITORY_UPSTREAM_TERMS_REVIEW,DERIVED_PUBLIC_REPO_REVIEW,W09 raw-field metadata only; no production feature adoption.
RF-000292,SRC-001,SportsDataverse,play_by_play,havoc,one row per play,logical,UNMATERIALIZED_OR_NOT_SCANNED,"TRUE if the play was a havoc event (TFL, PBU, forced fumble, INT).",advanced_efficiency_probability,HISTORICAL_GAME_OUTPUT_USE_VIA_PRIOR_GAME_AGGREGATION,HISTORICAL_AGGREGATE_ONLY,CANDIDATE_OR_DERIVED,REQUIRED,RECON_UNIFIED_TEMPORAL_FIELD_REGISTRY_v1.2,true,UNMEASURED_UNTIL_SOURCE_MATERIALIZATION,0,NO_DIRECT_SAMPLE_EVIDENCE_LINKED,NON_JOIN_OR_REVIEW,PIT_HISTORICAL_AGGREGATION_INPUT,true,true,PRIMARY,PUBLIC_REPOSITORY_UPSTREAM_TERMS_REVIEW,DERIVED_PUBLIC_REPO_REVIEW,W09 raw-field metadata only; no production feature adoption.
RF-000293,SRC-001,SportsDataverse,play_by_play,start.pos_team_spread,one row per play,double,UNMATERIALIZED_OR_NOT_SCANNED,Possession-team spread at play start.,market_betting,HISTORICAL_GAME_OUTPUT_USE_VIA_PRIOR_GAME_AGGREGATION,HISTORICAL_AGGREGATE_ONLY,CANDIDATE_OR_DERIVED,REQUIRED,RECON_UNIFIED_TEMPORAL_FIELD_REGISTRY_v1.2,true,UNMEASURED_UNTIL_SOURCE_MATERIALIZATION,1,NAME_MATCH_ONLY_NOT_POPULATION_EVIDENCE,NON_JOIN_OR_REVIEW,PIT_HISTORICAL_AGGREGATION_INPUT,true,true,PRIMARY,PUBLIC_REPOSITORY_UPSTREAM_TERMS_REVIEW,DERIVED_PUBLIC_REPO_REVIEW,W09 raw-field metadata only; no production feature adoption.
RF-000294,SRC-001,SportsDataverse,play_by_play,start.elapsed_share,one row per play,double,UNMATERIALIZED_OR_NOT_SCANNED,Share of game time elapsed at play start (0-1).,other,HISTORICAL_GAME_OUTPUT_USE_VIA_PRIOR_GAME_AGGREGATION,HISTORICAL_AGGREGATE_ONLY,CANDIDATE_OR_DERIVED,REQUIRED,RECON_UNIFIED_TEMPORAL_FIELD_REGISTRY_v1.2,true,UNMEASURED_UNTIL_SOURCE_MATERIALIZATION,0,NO_DIRECT_SAMPLE_EVIDENCE_LINKED,NON_JOIN_OR_REVIEW,PIT_HISTORICAL_AGGREGATION_INPUT,true,true,PRIMARY,PUBLIC_REPOSITORY_UPSTREAM_TERMS_REVIEW,DERIVED_PUBLIC_REPO_REVIEW,W09 raw-field metadata only; no production feature adoption.
RF-000295,SRC-001,SportsDataverse,play_by_play,start.spread_time,one row per play,double,UNMATERIALIZED_OR_NOT_SCANNED,Spread x time-remaining interaction term at play start (WP model input).,market_betting,HISTORICAL_GAME_OUTPUT_USE_VIA_PRIOR_GAME_AGGREGATION,HISTORICAL_AGGREGATE_ONLY,CANDIDATE_OR_DERIVED,REQUIRED,RECON_UNIFIED_TEMPORAL_FIELD_REGISTRY_v1.2,true,UNMEASURED_UNTIL_SOURCE_MATERIALIZATION,0,NO_DIRECT_SAMPLE_EVIDENCE_LINKED,NON_JOIN_OR_REVIEW,PIT_HISTORICAL_AGGREGATION_INPUT,true,true,PRIMARY,PUBLIC_REPOSITORY_UPSTREAM_TERMS_REVIEW,DERIVED_PUBLIC_REPO_REVIEW,W09 raw-field metadata only; no production feature adoption.
RF-000296,SRC-001,SportsDataverse,play_by_play,end.pos_team_spread,one row per play,double,UNMATERIALIZED_OR_NOT_SCANNED,Possession-team spread at play end.,market_betting,CURRENT_GAME_POSTSTART_NOT_DIRECT_PREGAME,CURRENT_GAME_OR_POSTGAME_NOT_DIRECT_PREGAME,HISTORICAL_TRANSFORM_ONLY,REQUIRED,RECON_UNIFIED_TEMPORAL_FIELD_REGISTRY_v1.2,true,UNMEASURED_UNTIL_SOURCE_MATERIALIZATION,0,NO_DIRECT_SAMPLE_EVIDENCE_LINKED,NON_JOIN_OR_REVIEW,HISTORICAL_OR_LIVE_DERIVATION_ONLY,false,true,PRIMARY,PUBLIC_REPOSITORY_UPSTREAM_TERMS_REVIEW,DERIVED_PUBLIC_REPO_REVIEW,W09 raw-field metadata only; no production feature adoption.
RF-000297,SRC-001,SportsDataverse,play_by_play,end.elapsed_share,one row per play,double,UNMATERIALIZED_OR_NOT_SCANNED,Share of game time elapsed at play end (0-1).,other,CURRENT_GAME_POSTSTART_NOT_DIRECT_PREGAME,CURRENT_GAME_OR_POSTGAME_NOT_DIRECT_PREGAME,HISTORICAL_TRANSFORM_ONLY,REQUIRED,RECON_UNIFIED_TEMPORAL_FIELD_REGISTRY_v1.2,true,UNMEASURED_UNTIL_SOURCE_MATERIALIZATION,0,NO_DIRECT_SAMPLE_EVIDENCE_LINKED,NON_JOIN_OR_REVIEW,HISTORICAL_OR_LIVE_DERIVATION_ONLY,false,true,PRIMARY,PUBLIC_REPOSITORY_UPSTREAM_TERMS_REVIEW,DERIVED_PUBLIC_REPO_REVIEW,W09 raw-field metadata only; no production feature adoption.
RF-000298,SRC-001,SportsDataverse,play_by_play,end.spread_time,one row per play,double,UNMATERIALIZED_OR_NOT_SCANNED,Spread x time-remaining interaction term at play end.,market_betting,CURRENT_GAME_POSTSTART_NOT_DIRECT_PREGAME,CURRENT_GAME_OR_POSTGAME_NOT_DIRECT_PREGAME,HISTORICAL_TRANSFORM_ONLY,REQUIRED,RECON_UNIFIED_TEMPORAL_FIELD_REGISTRY_v1.2,true,UNMEASURED_UNTIL_SOURCE_MATERIALIZATION,0,NO_DIRECT_SAMPLE_EVIDENCE_LINKED,NON_JOIN_OR_REVIEW,HISTORICAL_OR_LIVE_DERIVATION_ONLY,false,true,PRIMARY,PUBLIC_REPOSITORY_UPSTREAM_TERMS_REVIEW,DERIVED_PUBLIC_REPO_REVIEW,W09 raw-field metadata only; no production feature adoption.
RF-000299,SRC-001,SportsDataverse,play_by_play,down,one row per play,integer,UNMATERIALIZED_OR_NOT_SCANNED,Down for the play (canonical).,situational_field_position,HISTORICAL_GAME_OUTPUT_USE_VIA_PRIOR_GAME_AGGREGATION,HISTORICAL_AGGREGATE_ONLY,CANDIDATE_OR_DERIVED,REQUIRED,RECON_UNIFIED_TEMPORAL_FIELD_REGISTRY_v1.2,true,UNMEASURED_UNTIL_SOURCE_MATERIALIZATION,0,NO_DIRECT_SAMPLE_EVIDENCE_LINKED,NON_JOIN_OR_REVIEW,PIT_HISTORICAL_AGGREGATION_INPUT,true,true,PRIMARY,PUBLIC_REPOSITORY_UPSTREAM_TERMS_REVIEW,DERIVED_PUBLIC_REPO_REVIEW,W09 raw-field metadata only; no production feature adoption.
RF-000300,SRC-001,SportsDataverse,play_by_play,distance,one row per play,integer,UNMATERIALIZED_OR_NOT_SCANNED,Distance to go for the play (canonical).,situational_field_position,HISTORICAL_GAME_OUTPUT_USE_VIA_PRIOR_GAME_AGGREGATION,HISTORICAL_AGGREGATE_ONLY,CANDIDATE_OR_DERIVED,REQUIRED,RECON_UNIFIED_TEMPORAL_FIELD_REGISTRY_v1.2,true,UNMEASURED_UNTIL_SOURCE_MATERIALIZATION,0,NO_DIRECT_SAMPLE_EVIDENCE_LINKED,NON_JOIN_OR_REVIEW,PIT_HISTORICAL_AGGREGATION_INPUT,true,true,PRIMARY,PUBLIC_REPOSITORY_UPSTREAM_TERMS_REVIEW,DERIVED_PUBLIC_REPO_REVIEW,W09 raw-field metadata only; no production feature adoption.
RF-000301,SRC-001,SportsDataverse,play_by_play,start.yardsToEndzone.touchback,one row per play,integer,UNMATERIALIZED_OR_NOT_SCANNED,Yards to end zone assuming a touchback at play start.,situational_field_position,HISTORICAL_GAME_OUTPUT_USE_VIA_PRIOR_GAME_AGGREGATION,HISTORICAL_AGGREGATE_ONLY,CANDIDATE_OR_DERIVED,REQUIRED,RECON_UNIFIED_TEMPORAL_FIELD_REGISTRY_v1.2,true,UNMEASURED_UNTIL_SOURCE_MATERIALIZATION,0,NO_DIRECT_SAMPLE_EVIDENCE_LINKED,NON_JOIN_OR_REVIEW,PIT_HISTORICAL_AGGREGATION_INPUT,true,true,PRIMARY,PUBLIC_REPOSITORY_UPSTREAM_TERMS_REVIEW,DERIVED_PUBLIC_REPO_REVIEW,W09 raw-field metadata only; no production feature adoption.
RF-000302,SRC-001,SportsDataverse,play_by_play,EP_start_touchback,one row per play,double,UNMATERIALIZED_OR_NOT_SCANNED,Expected points at the start assuming a touchback.,other,HISTORICAL_GAME_OUTPUT_USE_VIA_PRIOR_GAME_AGGREGATION,HISTORICAL_AGGREGATE_ONLY,CANDIDATE_OR_DERIVED,REQUIRED,RECON_UNIFIED_TEMPORAL_FIELD_REGISTRY_v1.2,true,UNMEASURED_UNTIL_SOURCE_MATERIALIZATION,0,NO_DIRECT_SAMPLE_EVIDENCE_LINKED,NON_JOIN_OR_REVIEW,PIT_HISTORICAL_AGGREGATION_INPUT,true,true,PRIMARY,PUBLIC_REPOSITORY_UPSTREAM_TERMS_REVIEW,DERIVED_PUBLIC_REPO_REVIEW,W09 raw-field metadata only; no production feature adoption.
RF-000303,SRC-001,SportsDataverse,play_by_play,EP_start,one row per play,double,UNMATERIALIZED_OR_NOT_SCANNED,Expected points at the start of the play.,other,HISTORICAL_GAME_OUTPUT_USE_VIA_PRIOR_GAME_AGGREGATION,HISTORICAL_AGGREGATE_ONLY,CANDIDATE_OR_DERIVED,REQUIRED,RECON_UNIFIED_TEMPORAL_FIELD_REGISTRY_v1.2,true,UNMEASURED_UNTIL_SOURCE_MATERIALIZATION,0,NO_DIRECT_SAMPLE_EVIDENCE_LINKED,NON_JOIN_OR_REVIEW,PIT_HISTORICAL_AGGREGATION_INPUT,true,true,PRIMARY,PUBLIC_REPOSITORY_UPSTREAM_TERMS_REVIEW,DERIVED_PUBLIC_REPO_REVIEW,W09 raw-field metadata only; no production feature adoption.
RF-000304,SRC-001,SportsDataverse,play_by_play,EP_end,one row per play,double,UNMATERIALIZED_OR_NOT_SCANNED,Expected points at the end of the play.,other,HISTORICAL_GAME_OUTPUT_USE_VIA_PRIOR_GAME_AGGREGATION,HISTORICAL_AGGREGATE_ONLY,CANDIDATE_OR_DERIVED,REQUIRED,RECON_UNIFIED_TEMPORAL_FIELD_REGISTRY_v1.2,true,UNMEASURED_UNTIL_SOURCE_MATERIALIZATION,0,NO_DIRECT_SAMPLE_EVIDENCE_LINKED,NON_JOIN_OR_REVIEW,PIT_HISTORICAL_AGGREGATION_INPUT,true,true,PRIMARY,PUBLIC_REPOSITORY_UPSTREAM_TERMS_REVIEW,DERIVED_PUBLIC_REPO_REVIEW,W09 raw-field metadata only; no production feature adoption.
RF-000305,SRC-001,SportsDataverse,play_by_play,lag_EP_end,one row per play,double,UNMATERIALIZED_OR_NOT_SCANNED,Expected points at the end of the previous play; null on first.,other,HISTORICAL_GAME_OUTPUT_USE_VIA_PRIOR_GAME_AGGREGATION,HISTORICAL_AGGREGATE_ONLY,CANDIDATE_OR_DERIVED,REQUIRED,RECON_UNIFIED_TEMPORAL_FIELD_REGISTRY_v1.2,true,UNMEASURED_UNTIL_SOURCE_MATERIALIZATION,0,NO_DIRECT_SAMPLE_EVIDENCE_LINKED,NON_JOIN_OR_REVIEW,PIT_HISTORICAL_AGGREGATION_INPUT,true,true,PRIMARY,PUBLIC_REPOSITORY_UPSTREAM_TERMS_REVIEW,DERIVED_PUBLIC_REPO_REVIEW,W09 raw-field metadata only; no production feature adoption.
RF-000306,SRC-001,SportsDataverse,play_by_play,lag_change_of_pos_team,one row per play,logical,UNMATERIALIZED_OR_NOT_SCANNED,Whether possession changed on the previous play.,identity_metadata,HISTORICAL_GAME_OUTPUT_USE_VIA_PRIOR_GAME_AGGREGATION,HISTORICAL_AGGREGATE_ONLY,JOIN_OR_METADATA,REQUIRED,RECON_UNIFIED_TEMPORAL_FIELD_REGISTRY_v1.2,true,UNMEASURED_UNTIL_SOURCE_MATERIALIZATION,0,NO_DIRECT_SAMPLE_EVIDENCE_LINKED,JOIN_OR_METADATA,EVIDENCE_OR_METADATA_ONLY,false,true,PRIMARY,PUBLIC_REPOSITORY_UPSTREAM_TERMS_REVIEW,DERIVED_PUBLIC_REPO_REVIEW,W09 raw-field metadata only; no production feature adoption.
RF-000307,SRC-001,SportsDataverse,play_by_play,EP_between,one row per play,double,UNMATERIALIZED_OR_NOT_SCANNED,Expected-points adjustment between plays; null where undefined.,other,HISTORICAL_GAME_OUTPUT_USE_VIA_PRIOR_GAME_AGGREGATION,HISTORICAL_AGGREGATE_ONLY,CANDIDATE_OR_DERIVED,REQUIRED,RECON_UNIFIED_TEMPORAL_FIELD_REGISTRY_v1.2,true,UNMEASURED_UNTIL_SOURCE_MATERIALIZATION,0,NO_DIRECT_SAMPLE_EVIDENCE_LINKED,NON_JOIN_OR_REVIEW,PIT_HISTORICAL_AGGREGATION_INPUT,true,true,PRIMARY,PUBLIC_REPOSITORY_UPSTREAM_TERMS_REVIEW,DERIVED_PUBLIC_REPO_REVIEW,W09 raw-field metadata only; no production feature adoption.
RF-000308,SRC-001,SportsDataverse,play_by_play,EPA,one row per play,double,UNMATERIALIZED_OR_NOT_SCANNED,Expected points added on the play.,advanced_efficiency_probability,HISTORICAL_GAME_OUTPUT_USE_VIA_PRIOR_GAME_AGGREGATION,HISTORICAL_AGGREGATE_ONLY,CANDIDATE_OR_DERIVED,REQUIRED,RECON_UNIFIED_TEMPORAL_FIELD_REGISTRY_v1.2,true,UNMEASURED_UNTIL_SOURCE_MATERIALIZATION,1,NAME_MATCH_ONLY_NOT_POPULATION_EVIDENCE,NON_JOIN_OR_REVIEW,PIT_HISTORICAL_AGGREGATION_INPUT,true,true,PRIMARY,PUBLIC_REPOSITORY_UPSTREAM_TERMS_REVIEW,DERIVED_PUBLIC_REPO_REVIEW,W09 raw-field metadata only; no production feature adoption.
RF-000309,SRC-001,SportsDataverse,play_by_play,def_EPA,one row per play,double,UNMATERIALIZED_OR_NOT_SCANNED,Defensive EPA (negated offensive EPA).,advanced_efficiency_probability,HISTORICAL_GAME_OUTPUT_USE_VIA_PRIOR_GAME_AGGREGATION,HISTORICAL_AGGREGATE_ONLY,CANDIDATE_OR_DERIVED,REQUIRED,RECON_UNIFIED_TEMPORAL_FIELD_REGISTRY_v1.2,true,UNMEASURED_UNTIL_SOURCE_MATERIALIZATION,1,NAME_MATCH_ONLY_NOT_POPULATION_EVIDENCE,NON_JOIN_OR_REVIEW,PIT_HISTORICAL_AGGREGATION_INPUT,true,true,PRIMARY,PUBLIC_REPOSITORY_UPSTREAM_TERMS_REVIEW,DERIVED_PUBLIC_REPO_REVIEW,W09 raw-field metadata only; no production feature adoption.
RF-000310,SRC-001,SportsDataverse,play_by_play,EPA_scrimmage,one row per play,double,UNMATERIALIZED_OR_NOT_SCANNED,EPA restricted to scrimmage plays; null otherwise.,advanced_efficiency_probability,HISTORICAL_GAME_OUTPUT_USE_VIA_PRIOR_GAME_AGGREGATION,HISTORICAL_AGGREGATE_ONLY,CANDIDATE_OR_DERIVED,REQUIRED,RECON_UNIFIED_TEMPORAL_FIELD_REGISTRY_v1.2,true,UNMEASURED_UNTIL_SOURCE_MATERIALIZATION,1,NAME_MATCH_ONLY_NOT_POPULATION_EVIDENCE,NON_JOIN_OR_REVIEW,PIT_HISTORICAL_AGGREGATION_INPUT,true,true,PRIMARY,PUBLIC_REPOSITORY_UPSTREAM_TERMS_REVIEW,DERIVED_PUBLIC_REPO_REVIEW,W09 raw-field metadata only; no production feature adoption.
RF-000311,SRC-001,SportsDataverse,play_by_play,EPA_rush,one row per play,double,UNMATERIALIZED_OR_NOT_SCANNED,EPA on rush plays; null otherwise.,rushing,HISTORICAL_GAME_OUTPUT_USE_VIA_PRIOR_GAME_AGGREGATION,HISTORICAL_AGGREGATE_ONLY,CANDIDATE_OR_DERIVED,REQUIRED,RECON_UNIFIED_TEMPORAL_FIELD_REGISTRY_v1.2,true,UNMEASURED_UNTIL_SOURCE_MATERIALIZATION,1,NAME_MATCH_ONLY_NOT_POPULATION_EVIDENCE,NON_JOIN_OR_REVIEW,PIT_HISTORICAL_AGGREGATION_INPUT,true,true,PRIMARY,PUBLIC_REPOSITORY_UPSTREAM_TERMS_REVIEW,DERIVED_PUBLIC_REPO_REVIEW,W09 raw-field metadata only; no production feature adoption.
RF-000312,SRC-001,SportsDataverse,play_by_play,EPA_pass,one row per play,double,UNMATERIALIZED_OR_NOT_SCANNED,EPA on pass plays; null otherwise.,passing_receiving,HISTORICAL_GAME_OUTPUT_USE_VIA_PRIOR_GAME_AGGREGATION,HISTORICAL_AGGREGATE_ONLY,CANDIDATE_OR_DERIVED,REQUIRED,RECON_UNIFIED_TEMPORAL_FIELD_REGISTRY_v1.2,true,UNMEASURED_UNTIL_SOURCE_MATERIALIZATION,0,NO_DIRECT_SAMPLE_EVIDENCE_LINKED,NON_JOIN_OR_REVIEW,PIT_HISTORICAL_AGGREGATION_INPUT,true,true,PRIMARY,PUBLIC_REPOSITORY_UPSTREAM_TERMS_REVIEW,DERIVED_PUBLIC_REPO_REVIEW,W09 raw-field metadata only; no production feature adoption.
RF-000313,SRC-001,SportsDataverse,play_by_play,EPA_explosive,one row per play,logical,UNMATERIALIZED_OR_NOT_SCANNED,TRUE if the play was an explosive play by EPA.,advanced_efficiency_probability,HISTORICAL_GAME_OUTPUT_USE_VIA_PRIOR_GAME_AGGREGATION,HISTORICAL_AGGREGATE_ONLY,CANDIDATE_OR_DERIVED,REQUIRED,RECON_UNIFIED_TEMPORAL_FIELD_REGISTRY_v1.2,true,UNMEASURED_UNTIL_SOURCE_MATERIALIZATION,0,NO_DIRECT_SAMPLE_EVIDENCE_LINKED,NON_JOIN_OR_REVIEW,PIT_HISTORICAL_AGGREGATION_INPUT,true,true,PRIMARY,PUBLIC_REPOSITORY_UPSTREAM_TERMS_REVIEW,DERIVED_PUBLIC_REPO_REVIEW,W09 raw-field metadata only; no production feature adoption.
RF-000314,SRC-001,SportsDataverse,play_by_play,EPA_non_explosive,one row per play,double,UNMATERIALIZED_OR_NOT_SCANNED,EPA on non-explosive plays; null otherwise.,advanced_efficiency_probability,HISTORICAL_GAME_OUTPUT_USE_VIA_PRIOR_GAME_AGGREGATION,HISTORICAL_AGGREGATE_ONLY,CANDIDATE_OR_DERIVED,REQUIRED,RECON_UNIFIED_TEMPORAL_FIELD_REGISTRY_v1.2,true,UNMEASURED_UNTIL_SOURCE_MATERIALIZATION,0,NO_DIRECT_SAMPLE_EVIDENCE_LINKED,NON_JOIN_OR_REVIEW,PIT_HISTORICAL_AGGREGATION_INPUT,true,true,PRIMARY,PUBLIC_REPOSITORY_UPSTREAM_TERMS_REVIEW,DERIVED_PUBLIC_REPO_REVIEW,W09 raw-field metadata only; no production feature adoption.
RF-000315,SRC-001,SportsDataverse,play_by_play,EPA_explosive_pass,one row per play,logical,UNMATERIALIZED_OR_NOT_SCANNED,TRUE if an explosive pass by EPA.,passing_receiving,HISTORICAL_GAME_OUTPUT_USE_VIA_PRIOR_GAME_AGGREGATION,HISTORICAL_AGGREGATE_ONLY,CANDIDATE_OR_DERIVED,REQUIRED,RECON_UNIFIED_TEMPORAL_FIELD_REGISTRY_v1.2,true,UNMEASURED_UNTIL_SOURCE_MATERIALIZATION,0,NO_DIRECT_SAMPLE_EVIDENCE_LINKED,NON_JOIN_OR_REVIEW,PIT_HISTORICAL_AGGREGATION_INPUT,true,true,PRIMARY,PUBLIC_REPOSITORY_UPSTREAM_TERMS_REVIEW,DERIVED_PUBLIC_REPO_REVIEW,W09 raw-field metadata only; no production feature adoption.
RF-000316,SRC-001,SportsDataverse,play_by_play,EPA_explosive_rush,one row per play,logical,UNMATERIALIZED_OR_NOT_SCANNED,TRUE if an explosive rush by EPA.,rushing,HISTORICAL_GAME_OUTPUT_USE_VIA_PRIOR_GAME_AGGREGATION,HISTORICAL_AGGREGATE_ONLY,CANDIDATE_OR_DERIVED,REQUIRED,RECON_UNIFIED_TEMPORAL_FIELD_REGISTRY_v1.2,true,UNMEASURED_UNTIL_SOURCE_MATERIALIZATION,0,NO_DIRECT_SAMPLE_EVIDENCE_LINKED,NON_JOIN_OR_REVIEW,PIT_HISTORICAL_AGGREGATION_INPUT,true,true,PRIMARY,PUBLIC_REPOSITORY_UPSTREAM_TERMS_REVIEW,DERIVED_PUBLIC_REPO_REVIEW,W09 raw-field metadata only; no production feature adoption.
RF-000317,SRC-001,SportsDataverse,play_by_play,first_down_created,one row per play,logical,UNMATERIALIZED_OR_NOT_SCANNED,TRUE if the play created a first down.,situational_field_position,HISTORICAL_GAME_OUTPUT_USE_VIA_PRIOR_GAME_AGGREGATION,HISTORICAL_AGGREGATE_ONLY,CANDIDATE_OR_DERIVED,REQUIRED,RECON_UNIFIED_TEMPORAL_FIELD_REGISTRY_v1.2,true,UNMEASURED_UNTIL_SOURCE_MATERIALIZATION,0,NO_DIRECT_SAMPLE_EVIDENCE_LINKED,NON_JOIN_OR_REVIEW,PIT_HISTORICAL_AGGREGATION_INPUT,true,true,PRIMARY,PUBLIC_REPOSITORY_UPSTREAM_TERMS_REVIEW,DERIVED_PUBLIC_REPO_REVIEW,W09 raw-field metadata only; no production feature adoption.
RF-000318,SRC-001,SportsDataverse,play_by_play,EPA_success,one row per play,logical,UNMATERIALIZED_OR_NOT_SCANNED,TRUE if the play was successful by EPA (>0).,advanced_efficiency_probability,HISTORICAL_GAME_OUTPUT_USE_VIA_PRIOR_GAME_AGGREGATION,HISTORICAL_AGGREGATE_ONLY,CANDIDATE_OR_DERIVED,REQUIRED,RECON_UNIFIED_TEMPORAL_FIELD_REGISTRY_v1.2,true,UNMEASURED_UNTIL_SOURCE_MATERIALIZATION,1,NAME_MATCH_ONLY_NOT_POPULATION_EVIDENCE,NON_JOIN_OR_REVIEW,PIT_HISTORICAL_AGGREGATION_INPUT,true,true,PRIMARY,PUBLIC_REPOSITORY_UPSTREAM_TERMS_REVIEW,DERIVED_PUBLIC_REPO_REVIEW,W09 raw-field metadata only; no production feature adoption.
RF-000319,SRC-001,SportsDataverse,play_by_play,EPA_success_early_down,one row per play,logical,UNMATERIALIZED_OR_NOT_SCANNED,TRUE if a successful early-down play by EPA.,advanced_efficiency_probability,HISTORICAL_GAME_OUTPUT_USE_VIA_PRIOR_GAME_AGGREGATION,HISTORICAL_AGGREGATE_ONLY,CANDIDATE_OR_DERIVED,REQUIRED,RECON_UNIFIED_TEMPORAL_FIELD_REGISTRY_v1.2,true,UNMEASURED_UNTIL_SOURCE_MATERIALIZATION,0,NO_DIRECT_SAMPLE_EVIDENCE_LINKED,NON_JOIN_OR_REVIEW,PIT_HISTORICAL_AGGREGATION_INPUT,true,true,PRIMARY,PUBLIC_REPOSITORY_UPSTREAM_TERMS_REVIEW,DERIVED_PUBLIC_REPO_REVIEW,W09 raw-field metadata only; no production feature adoption.
RF-000320,SRC-001,SportsDataverse,play_by_play,EPA_success_early_down_pass,one row per play,logical,UNMATERIALIZED_OR_NOT_SCANNED,TRUE if a successful early-down pass by EPA.,passing_receiving,HISTORICAL_GAME_OUTPUT_USE_VIA_PRIOR_GAME_AGGREGATION,HISTORICAL_AGGREGATE_ONLY,CANDIDATE_OR_DERIVED,REQUIRED,RECON_UNIFIED_TEMPORAL_FIELD_REGISTRY_v1.2,true,UNMEASURED_UNTIL_SOURCE_MATERIALIZATION,0,NO_DIRECT_SAMPLE_EVIDENCE_LINKED,NON_JOIN_OR_REVIEW,PIT_HISTORICAL_AGGREGATION_INPUT,true,true,PRIMARY,PUBLIC_REPOSITORY_UPSTREAM_TERMS_REVIEW,DERIVED_PUBLIC_REPO_REVIEW,W09 raw-field metadata only; no production feature adoption.
RF-000321,SRC-001,SportsDataverse,play_by_play,EPA_success_early_down_rush,one row per play,logical,UNMATERIALIZED_OR_NOT_SCANNED,TRUE if a successful early-down rush by EPA.,rushing,HISTORICAL_GAME_OUTPUT_USE_VIA_PRIOR_GAME_AGGREGATION,HISTORICAL_AGGREGATE_ONLY,CANDIDATE_OR_DERIVED,REQUIRED,RECON_UNIFIED_TEMPORAL_FIELD_REGISTRY_v1.2,true,UNMEASURED_UNTIL_SOURCE_MATERIALIZATION,0,NO_DIRECT_SAMPLE_EVIDENCE_LINKED,NON_JOIN_OR_REVIEW,PIT_HISTORICAL_AGGREGATION_INPUT,true,true,PRIMARY,PUBLIC_REPOSITORY_UPSTREAM_TERMS_REVIEW,DERIVED_PUBLIC_REPO_REVIEW,W09 raw-field metadata only; no production feature adoption.
RF-000322,SRC-001,SportsDataverse,play_by_play,EPA_success_late_down,one row per play,logical,UNMATERIALIZED_OR_NOT_SCANNED,TRUE if a successful late-down play by EPA.,advanced_efficiency_probability,HISTORICAL_GAME_OUTPUT_USE_VIA_PRIOR_GAME_AGGREGATION,HISTORICAL_AGGREGATE_ONLY,CANDIDATE_OR_DERIVED,REQUIRED,RECON_UNIFIED_TEMPORAL_FIELD_REGISTRY_v1.2,true,UNMEASURED_UNTIL_SOURCE_MATERIALIZATION,0,NO_DIRECT_SAMPLE_EVIDENCE_LINKED,NON_JOIN_OR_REVIEW,PIT_HISTORICAL_AGGREGATION_INPUT,true,true,PRIMARY,PUBLIC_REPOSITORY_UPSTREAM_TERMS_REVIEW,DERIVED_PUBLIC_REPO_REVIEW,W09 raw-field metadata only; no production feature adoption.
RF-000323,SRC-001,SportsDataverse,play_by_play,EPA_success_late_down_pass,one row per play,logical,UNMATERIALIZED_OR_NOT_SCANNED,TRUE if a successful late-down pass by EPA.,passing_receiving,HISTORICAL_GAME_OUTPUT_USE_VIA_PRIOR_GAME_AGGREGATION,HISTORICAL_AGGREGATE_ONLY,CANDIDATE_OR_DERIVED,REQUIRED,RECON_UNIFIED_TEMPORAL_FIELD_REGISTRY_v1.2,true,UNMEASURED_UNTIL_SOURCE_MATERIALIZATION,0,NO_DIRECT_SAMPLE_EVIDENCE_LINKED,NON_JOIN_OR_REVIEW,PIT_HISTORICAL_AGGREGATION_INPUT,true,true,PRIMARY,PUBLIC_REPOSITORY_UPSTREAM_TERMS_REVIEW,DERIVED_PUBLIC_REPO_REVIEW,W09 raw-field metadata only; no production feature adoption.
RF-000324,SRC-001,SportsDataverse,play_by_play,EPA_success_late_down_rush,one row per play,logical,UNMATERIALIZED_OR_NOT_SCANNED,TRUE if a successful late-down rush by EPA.,rushing,HISTORICAL_GAME_OUTPUT_USE_VIA_PRIOR_GAME_AGGREGATION,HISTORICAL_AGGREGATE_ONLY,CANDIDATE_OR_DERIVED,REQUIRED,RECON_UNIFIED_TEMPORAL_FIELD_REGISTRY_v1.2,true,UNMEASURED_UNTIL_SOURCE_MATERIALIZATION,0,NO_DIRECT_SAMPLE_EVIDENCE_LINKED,NON_JOIN_OR_REVIEW,PIT_HISTORICAL_AGGREGATION_INPUT,true,true,PRIMARY,PUBLIC_REPOSITORY_UPSTREAM_TERMS_REVIEW,DERIVED_PUBLIC_REPO_REVIEW,W09 raw-field metadata only; no production feature adoption.
RF-000325,SRC-001,SportsDataverse,play_by_play,EPA_success_standard_down,one row per play,logical,UNMATERIALIZED_OR_NOT_SCANNED,TRUE if a successful standard-down play by EPA.,advanced_efficiency_probability,HISTORICAL_GAME_OUTPUT_USE_VIA_PRIOR_GAME_AGGREGATION,HISTORICAL_AGGREGATE_ONLY,CANDIDATE_OR_DERIVED,REQUIRED,RECON_UNIFIED_TEMPORAL_FIELD_REGISTRY_v1.2,true,UNMEASURED_UNTIL_SOURCE_MATERIALIZATION,0,NO_DIRECT_SAMPLE_EVIDENCE_LINKED,NON_JOIN_OR_REVIEW,PIT_HISTORICAL_AGGREGATION_INPUT,true,true,PRIMARY,PUBLIC_REPOSITORY_UPSTREAM_TERMS_REVIEW,DERIVED_PUBLIC_REPO_REVIEW,W09 raw-field metadata only; no production feature adoption.
RF-000326,SRC-001,SportsDataverse,play_by_play,EPA_success_passing_down,one row per play,logical,UNMATERIALIZED_OR_NOT_SCANNED,TRUE if a successful passing-down play by EPA.,passing_receiving,HISTORICAL_GAME_OUTPUT_USE_VIA_PRIOR_GAME_AGGREGATION,HISTORICAL_AGGREGATE_ONLY,CANDIDATE_OR_DERIVED,REQUIRED,RECON_UNIFIED_TEMPORAL_FIELD_REGISTRY_v1.2,true,UNMEASURED_UNTIL_SOURCE_MATERIALIZATION,0,NO_DIRECT_SAMPLE_EVIDENCE_LINKED,NON_JOIN_OR_REVIEW,PIT_HISTORICAL_AGGREGATION_INPUT,true,true,PRIMARY,PUBLIC_REPOSITORY_UPSTREAM_TERMS_REVIEW,DERIVED_PUBLIC_REPO_REVIEW,W09 raw-field metadata only; no production feature adoption.
RF-000327,SRC-001,SportsDataverse,play_by_play,EPA_success_pass,one row per play,logical,UNMATERIALIZED_OR_NOT_SCANNED,TRUE if a successful pass by EPA.,passing_receiving,HISTORICAL_GAME_OUTPUT_USE_VIA_PRIOR_GAME_AGGREGATION,HISTORICAL_AGGREGATE_ONLY,CANDIDATE_OR_DERIVED,REQUIRED,RECON_UNIFIED_TEMPORAL_FIELD_REGISTRY_v1.2,true,UNMEASURED_UNTIL_SOURCE_MATERIALIZATION,0,NO_DIRECT_SAMPLE_EVIDENCE_LINKED,NON_JOIN_OR_REVIEW,PIT_HISTORICAL_AGGREGATION_INPUT,true,true,PRIMARY,PUBLIC_REPOSITORY_UPSTREAM_TERMS_REVIEW,DERIVED_PUBLIC_REPO_REVIEW,W09 raw-field metadata only; no production feature adoption.
RF-000328,SRC-001,SportsDataverse,play_by_play,EPA_success_rush,one row per play,logical,UNMATERIALIZED_OR_NOT_SCANNED,TRUE if a successful rush by EPA.,rushing,HISTORICAL_GAME_OUTPUT_USE_VIA_PRIOR_GAME_AGGREGATION,HISTORICAL_AGGREGATE_ONLY,CANDIDATE_OR_DERIVED,REQUIRED,RECON_UNIFIED_TEMPORAL_FIELD_REGISTRY_v1.2,true,UNMEASURED_UNTIL_SOURCE_MATERIALIZATION,0,NO_DIRECT_SAMPLE_EVIDENCE_LINKED,NON_JOIN_OR_REVIEW,PIT_HISTORICAL_AGGREGATION_INPUT,true,true,PRIMARY,PUBLIC_REPOSITORY_UPSTREAM_TERMS_REVIEW,DERIVED_PUBLIC_REPO_REVIEW,W09 raw-field metadata only; no production feature adoption.
RF-000329,SRC-001,SportsDataverse,play_by_play,EPA_success_EPA,one row per play,double,UNMATERIALIZED_OR_NOT_SCANNED,EPA value on successful plays; null otherwise.,advanced_efficiency_probability,HISTORICAL_GAME_OUTPUT_USE_VIA_PRIOR_GAME_AGGREGATION,HISTORICAL_AGGREGATE_ONLY,CANDIDATE_OR_DERIVED,REQUIRED,RECON_UNIFIED_TEMPORAL_FIELD_REGISTRY_v1.2,true,UNMEASURED_UNTIL_SOURCE_MATERIALIZATION,0,NO_DIRECT_SAMPLE_EVIDENCE_LINKED,NON_JOIN_OR_REVIEW,PIT_HISTORICAL_AGGREGATION_INPUT,true,true,PRIMARY,PUBLIC_REPOSITORY_UPSTREAM_TERMS_REVIEW,DERIVED_PUBLIC_REPO_REVIEW,W09 raw-field metadata only; no production feature adoption.
RF-000330,SRC-001,SportsDataverse,play_by_play,EPA_success_standard_down_EPA,one row per play,double,UNMATERIALIZED_OR_NOT_SCANNED,EPA value on successful standard-down plays; null otherwise.,advanced_efficiency_probability,HISTORICAL_GAME_OUTPUT_USE_VIA_PRIOR_GAME_AGGREGATION,HISTORICAL_AGGREGATE_ONLY,CANDIDATE_OR_DERIVED,REQUIRED,RECON_UNIFIED_TEMPORAL_FIELD_REGISTRY_v1.2,true,UNMEASURED_UNTIL_SOURCE_MATERIALIZATION,0,NO_DIRECT_SAMPLE_EVIDENCE_LINKED,NON_JOIN_OR_REVIEW,PIT_HISTORICAL_AGGREGATION_INPUT,true,true,PRIMARY,PUBLIC_REPOSITORY_UPSTREAM_TERMS_REVIEW,DERIVED_PUBLIC_REPO_REVIEW,W09 raw-field metadata only; no production feature adoption.
RF-000331,SRC-001,SportsDataverse,play_by_play,EPA_success_passing_down_EPA,one row per play,double,UNMATERIALIZED_OR_NOT_SCANNED,EPA value on successful passing-down plays; null otherwise.,passing_receiving,HISTORICAL_GAME_OUTPUT_USE_VIA_PRIOR_GAME_AGGREGATION,HISTORICAL_AGGREGATE_ONLY,CANDIDATE_OR_DERIVED,REQUIRED,RECON_UNIFIED_TEMPORAL_FIELD_REGISTRY_v1.2,true,UNMEASURED_UNTIL_SOURCE_MATERIALIZATION,0,NO_DIRECT_SAMPLE_EVIDENCE_LINKED,NON_JOIN_OR_REVIEW,PIT_HISTORICAL_AGGREGATION_INPUT,true,true,PRIMARY,PUBLIC_REPOSITORY_UPSTREAM_TERMS_REVIEW,DERIVED_PUBLIC_REPO_REVIEW,W09 raw-field metadata only; no production feature adoption.
RF-000332,SRC-001,SportsDataverse,play_by_play,EPA_success_pass_EPA,one row per play,double,UNMATERIALIZED_OR_NOT_SCANNED,EPA value on successful passes; null otherwise.,passing_receiving,HISTORICAL_GAME_OUTPUT_USE_VIA_PRIOR_GAME_AGGREGATION,HISTORICAL_AGGREGATE_ONLY,CANDIDATE_OR_DERIVED,REQUIRED,RECON_UNIFIED_TEMPORAL_FIELD_REGISTRY_v1.2,true,UNMEASURED_UNTIL_SOURCE_MATERIALIZATION,0,NO_DIRECT_SAMPLE_EVIDENCE_LINKED,NON_JOIN_OR_REVIEW,PIT_HISTORICAL_AGGREGATION_INPUT,true,true,PRIMARY,PUBLIC_REPOSITORY_UPSTREAM_TERMS_REVIEW,DERIVED_PUBLIC_REPO_REVIEW,W09 raw-field metadata only; no production feature adoption.
RF-000333,SRC-001,SportsDataverse,play_by_play,EPA_success_rush_EPA,one row per play,double,UNMATERIALIZED_OR_NOT_SCANNED,EPA value on successful rushes; null otherwise.,rushing,HISTORICAL_GAME_OUTPUT_USE_VIA_PRIOR_GAME_AGGREGATION,HISTORICAL_AGGREGATE_ONLY,CANDIDATE_OR_DERIVED,REQUIRED,RECON_UNIFIED_TEMPORAL_FIELD_REGISTRY_v1.2,true,UNMEASURED_UNTIL_SOURCE_MATERIALIZATION,0,NO_DIRECT_SAMPLE_EVIDENCE_LINKED,NON_JOIN_OR_REVIEW,PIT_HISTORICAL_AGGREGATION_INPUT,true,true,PRIMARY,PUBLIC_REPOSITORY_UPSTREAM_TERMS_REVIEW,DERIVED_PUBLIC_REPO_REVIEW,W09 raw-field metadata only; no production feature adoption.
RF-000334,SRC-001,SportsDataverse,play_by_play,EPA_middle_8_success,one row per play,logical,UNMATERIALIZED_OR_NOT_SCANNED,TRUE if a successful middle-8 play by EPA.,advanced_efficiency_probability,HISTORICAL_GAME_OUTPUT_USE_VIA_PRIOR_GAME_AGGREGATION,HISTORICAL_AGGREGATE_ONLY,CANDIDATE_OR_DERIVED,REQUIRED,RECON_UNIFIED_TEMPORAL_FIELD_REGISTRY_v1.2,true,UNMEASURED_UNTIL_SOURCE_MATERIALIZATION,0,NO_DIRECT_SAMPLE_EVIDENCE_LINKED,NON_JOIN_OR_REVIEW,PIT_HISTORICAL_AGGREGATION_INPUT,true,true,PRIMARY,PUBLIC_REPOSITORY_UPSTREAM_TERMS_REVIEW,DERIVED_PUBLIC_REPO_REVIEW,W09 raw-field metadata only; no production feature adoption.
RF-000335,SRC-001,SportsDataverse,play_by_play,EPA_middle_8_success_pass,one row per play,logical,UNMATERIALIZED_OR_NOT_SCANNED,TRUE if a successful middle-8 pass by EPA.,passing_receiving,HISTORICAL_GAME_OUTPUT_USE_VIA_PRIOR_GAME_AGGREGATION,HISTORICAL_AGGREGATE_ONLY,CANDIDATE_OR_DERIVED,REQUIRED,RECON_UNIFIED_TEMPORAL_FIELD_REGISTRY_v1.2,true,UNMEASURED_UNTIL_SOURCE_MATERIALIZATION,0,NO_DIRECT_SAMPLE_EVIDENCE_LINKED,NON_JOIN_OR_REVIEW,PIT_HISTORICAL_AGGREGATION_INPUT,true,true,PRIMARY,PUBLIC_REPOSITORY_UPSTREAM_TERMS_REVIEW,DERIVED_PUBLIC_REPO_REVIEW,W09 raw-field metadata only; no production feature adoption.
RF-000336,SRC-001,SportsDataverse,play_by_play,EPA_middle_8_success_rush,one row per play,logical,UNMATERIALIZED_OR_NOT_SCANNED,TRUE if a successful middle-8 rush by EPA.,rushing,HISTORICAL_GAME_OUTPUT_USE_VIA_PRIOR_GAME_AGGREGATION,HISTORICAL_AGGREGATE_ONLY,CANDIDATE_OR_DERIVED,REQUIRED,RECON_UNIFIED_TEMPORAL_FIELD_REGISTRY_v1.2,true,UNMEASURED_UNTIL_SOURCE_MATERIALIZATION,0,NO_DIRECT_SAMPLE_EVIDENCE_LINKED,NON_JOIN_OR_REVIEW,PIT_HISTORICAL_AGGREGATION_INPUT,true,true,PRIMARY,PUBLIC_REPOSITORY_UPSTREAM_TERMS_REVIEW,DERIVED_PUBLIC_REPO_REVIEW,W09 raw-field metadata only; no production feature adoption.
RF-000337,SRC-001,SportsDataverse,play_by_play,EPA_penalty,one row per play,double,UNMATERIALIZED_OR_NOT_SCANNED,EPA attributed to penalty plays; null otherwise.,penalties,HISTORICAL_GAME_OUTPUT_USE_VIA_PRIOR_GAME_AGGREGATION,HISTORICAL_AGGREGATE_ONLY,CANDIDATE_OR_DERIVED,REQUIRED,RECON_UNIFIED_TEMPORAL_FIELD_REGISTRY_v1.2,true,UNMEASURED_UNTIL_SOURCE_MATERIALIZATION,0,NO_DIRECT_SAMPLE_EVIDENCE_LINKED,NON_JOIN_OR_REVIEW,PIT_HISTORICAL_AGGREGATION_INPUT,true,true,PRIMARY,PUBLIC_REPOSITORY_UPSTREAM_TERMS_REVIEW,DERIVED_PUBLIC_REPO_REVIEW,W09 raw-field metadata only; no production feature adoption.
RF-000338,SRC-001,SportsDataverse,play_by_play,EPA_sp,one row per play,double,UNMATERIALIZED_OR_NOT_SCANNED,EPA on special-teams plays.,advanced_efficiency_probability,HISTORICAL_GAME_OUTPUT_USE_VIA_PRIOR_GAME_AGGREGATION,HISTORICAL_AGGREGATE_ONLY,CANDIDATE_OR_DERIVED,REQUIRED,RECON_UNIFIED_TEMPORAL_FIELD_REGISTRY_v1.2,true,UNMEASURED_UNTIL_SOURCE_MATERIALIZATION,0,NO_DIRECT_SAMPLE_EVIDENCE_LINKED,NON_JOIN_OR_REVIEW,PIT_HISTORICAL_AGGREGATION_INPUT,true,true,PRIMARY,PUBLIC_REPOSITORY_UPSTREAM_TERMS_REVIEW,DERIVED_PUBLIC_REPO_REVIEW,W09 raw-field metadata only; no production feature adoption.
RF-000339,SRC-001,SportsDataverse,play_by_play,EPA_fg,one row per play,double,UNMATERIALIZED_OR_NOT_SCANNED,EPA on field-goal plays; null otherwise.,advanced_efficiency_probability,HISTORICAL_GAME_OUTPUT_USE_VIA_PRIOR_GAME_AGGREGATION,HISTORICAL_AGGREGATE_ONLY,CANDIDATE_OR_DERIVED,REQUIRED,RECON_UNIFIED_TEMPORAL_FIELD_REGISTRY_v1.2,true,UNMEASURED_UNTIL_SOURCE_MATERIALIZATION,0,NO_DIRECT_SAMPLE_EVIDENCE_LINKED,NON_JOIN_OR_REVIEW,PIT_HISTORICAL_AGGREGATION_INPUT,true,true,PRIMARY,PUBLIC_REPOSITORY_UPSTREAM_TERMS_REVIEW,DERIVED_PUBLIC_REPO_REVIEW,W09 raw-field metadata only; no production feature adoption.
RF-000340,SRC-001,SportsDataverse,play_by_play,EPA_punt,one row per play,double,UNMATERIALIZED_OR_NOT_SCANNED,EPA on punt plays; null otherwise.,special_teams,HISTORICAL_GAME_OUTPUT_USE_VIA_PRIOR_GAME_AGGREGATION,HISTORICAL_AGGREGATE_ONLY,CANDIDATE_OR_DERIVED,REQUIRED,RECON_UNIFIED_TEMPORAL_FIELD_REGISTRY_v1.2,true,UNMEASURED_UNTIL_SOURCE_MATERIALIZATION,0,NO_DIRECT_SAMPLE_EVIDENCE_LINKED,NON_JOIN_OR_REVIEW,PIT_HISTORICAL_AGGREGATION_INPUT,true,true,PRIMARY,PUBLIC_REPOSITORY_UPSTREAM_TERMS_REVIEW,DERIVED_PUBLIC_REPO_REVIEW,W09 raw-field metadata only; no production feature adoption.
RF-000341,SRC-001,SportsDataverse,play_by_play,EPA_kickoff,one row per play,double,UNMATERIALIZED_OR_NOT_SCANNED,EPA on kickoff plays; null otherwise.,special_teams,HISTORICAL_GAME_OUTPUT_USE_VIA_PRIOR_GAME_AGGREGATION,HISTORICAL_AGGREGATE_ONLY,CANDIDATE_OR_DERIVED,REQUIRED,RECON_UNIFIED_TEMPORAL_FIELD_REGISTRY_v1.2,true,UNMEASURED_UNTIL_SOURCE_MATERIALIZATION,0,NO_DIRECT_SAMPLE_EVIDENCE_LINKED,NON_JOIN_OR_REVIEW,PIT_HISTORICAL_AGGREGATION_INPUT,true,true,PRIMARY,PUBLIC_REPOSITORY_UPSTREAM_TERMS_REVIEW,DERIVED_PUBLIC_REPO_REVIEW,W09 raw-field metadata only; no production feature adoption.
RF-000342,SRC-001,SportsDataverse,play_by_play,start.ExpScoreDiff_touchback,one row per play,double,UNMATERIALIZED_OR_NOT_SCANNED,Expected score differential at play start assuming a touchback.,other,HISTORICAL_GAME_OUTPUT_USE_VIA_PRIOR_GAME_AGGREGATION,HISTORICAL_AGGREGATE_ONLY,CANDIDATE_OR_DERIVED,REQUIRED,RECON_UNIFIED_TEMPORAL_FIELD_REGISTRY_v1.2,true,UNMEASURED_UNTIL_SOURCE_MATERIALIZATION,0,NO_DIRECT_SAMPLE_EVIDENCE_LINKED,NON_JOIN_OR_REVIEW,PIT_HISTORICAL_AGGREGATION_INPUT,true,true,PRIMARY,PUBLIC_REPOSITORY_UPSTREAM_TERMS_REVIEW,DERIVED_PUBLIC_REPO_REVIEW,W09 raw-field metadata only; no production feature adoption.
RF-000343,SRC-001,SportsDataverse,play_by_play,start.ExpScoreDiff,one row per play,double,UNMATERIALIZED_OR_NOT_SCANNED,Expected score differential at play start (WP model input).,other,HISTORICAL_GAME_OUTPUT_USE_VIA_PRIOR_GAME_AGGREGATION,HISTORICAL_AGGREGATE_ONLY,CANDIDATE_OR_DERIVED,REQUIRED,RECON_UNIFIED_TEMPORAL_FIELD_REGISTRY_v1.2,true,UNMEASURED_UNTIL_SOURCE_MATERIALIZATION,0,NO_DIRECT_SAMPLE_EVIDENCE_LINKED,NON_JOIN_OR_REVIEW,PIT_HISTORICAL_AGGREGATION_INPUT,true,true,PRIMARY,PUBLIC_REPOSITORY_UPSTREAM_TERMS_REVIEW,DERIVED_PUBLIC_REPO_REVIEW,W09 raw-field metadata only; no production feature adoption.
RF-000344,SRC-001,SportsDataverse,play_by_play,start.ExpScoreDiff_Time_Ratio_touchback,one row per play,double,UNMATERIALIZED_OR_NOT_SCANNED,ExpScoreDiff/time ratio at play start assuming a touchback.,game_state_tempo_clock,HISTORICAL_GAME_OUTPUT_USE_VIA_PRIOR_GAME_AGGREGATION,HISTORICAL_AGGREGATE_ONLY,CANDIDATE_OR_DERIVED,REQUIRED,RECON_UNIFIED_TEMPORAL_FIELD_REGISTRY_v1.2,true,UNMEASURED_UNTIL_SOURCE_MATERIALIZATION,0,NO_DIRECT_SAMPLE_EVIDENCE_LINKED,NON_JOIN_OR_REVIEW,PIT_HISTORICAL_AGGREGATION_INPUT,true,true,PRIMARY,PUBLIC_REPOSITORY_UPSTREAM_TERMS_REVIEW,DERIVED_PUBLIC_REPO_REVIEW,W09 raw-field metadata only; no production feature adoption.
RF-000345,SRC-001,SportsDataverse,play_by_play,start.ExpScoreDiff_Time_Ratio,one row per play,double,UNMATERIALIZED_OR_NOT_SCANNED,ExpScoreDiff/time ratio at play start.,game_state_tempo_clock,HISTORICAL_GAME_OUTPUT_USE_VIA_PRIOR_GAME_AGGREGATION,HISTORICAL_AGGREGATE_ONLY,CANDIDATE_OR_DERIVED,REQUIRED,RECON_UNIFIED_TEMPORAL_FIELD_REGISTRY_v1.2,true,UNMEASURED_UNTIL_SOURCE_MATERIALIZATION,0,NO_DIRECT_SAMPLE_EVIDENCE_LINKED,NON_JOIN_OR_REVIEW,PIT_HISTORICAL_AGGREGATION_INPUT,true,true,PRIMARY,PUBLIC_REPOSITORY_UPSTREAM_TERMS_REVIEW,DERIVED_PUBLIC_REPO_REVIEW,W09 raw-field metadata only; no production feature adoption.
RF-000346,SRC-001,SportsDataverse,play_by_play,end.ExpScoreDiff,one row per play,double,UNMATERIALIZED_OR_NOT_SCANNED,Expected score differential at play end.,other,CURRENT_GAME_POSTSTART_NOT_DIRECT_PREGAME,CURRENT_GAME_OR_POSTGAME_NOT_DIRECT_PREGAME,HISTORICAL_TRANSFORM_ONLY,REQUIRED,RECON_UNIFIED_TEMPORAL_FIELD_REGISTRY_v1.2,true,UNMEASURED_UNTIL_SOURCE_MATERIALIZATION,0,NO_DIRECT_SAMPLE_EVIDENCE_LINKED,NON_JOIN_OR_REVIEW,HISTORICAL_OR_LIVE_DERIVATION_ONLY,false,true,PRIMARY,PUBLIC_REPOSITORY_UPSTREAM_TERMS_REVIEW,DERIVED_PUBLIC_REPO_REVIEW,W09 raw-field metadata only; no production feature adoption.
RF-000347,SRC-001,SportsDataverse,play_by_play,end.ExpScoreDiff_Time_Ratio,one row per play,double,UNMATERIALIZED_OR_NOT_SCANNED,ExpScoreDiff/time ratio at play end.,game_state_tempo_clock,CURRENT_GAME_POSTSTART_NOT_DIRECT_PREGAME,CURRENT_GAME_OR_POSTGAME_NOT_DIRECT_PREGAME,HISTORICAL_TRANSFORM_ONLY,REQUIRED,RECON_UNIFIED_TEMPORAL_FIELD_REGISTRY_v1.2,true,UNMEASURED_UNTIL_SOURCE_MATERIALIZATION,0,NO_DIRECT_SAMPLE_EVIDENCE_LINKED,NON_JOIN_OR_REVIEW,HISTORICAL_OR_LIVE_DERIVATION_ONLY,false,true,PRIMARY,PUBLIC_REPOSITORY_UPSTREAM_TERMS_REVIEW,DERIVED_PUBLIC_REPO_REVIEW,W09 raw-field metadata only; no production feature adoption.
RF-000348,SRC-001,SportsDataverse,play_by_play,wp_before,one row per play,double,UNMATERIALIZED_OR_NOT_SCANNED,Win probability for the possession team before the play.,advanced_efficiency_probability,HISTORICAL_GAME_OUTPUT_USE_VIA_PRIOR_GAME_AGGREGATION,HISTORICAL_AGGREGATE_ONLY,CANDIDATE_OR_DERIVED,REQUIRED,RECON_UNIFIED_TEMPORAL_FIELD_REGISTRY_v1.2,true,UNMEASURED_UNTIL_SOURCE_MATERIALIZATION,1,NAME_MATCH_ONLY_NOT_POPULATION_EVIDENCE,NON_JOIN_OR_REVIEW,PIT_HISTORICAL_AGGREGATION_INPUT,true,true,PRIMARY,PUBLIC_REPOSITORY_UPSTREAM_TERMS_REVIEW,DERIVED_PUBLIC_REPO_REVIEW,W09 raw-field metadata only; no production feature adoption.
RF-000349,SRC-001,SportsDataverse,play_by_play,wp_touchback,one row per play,double,UNMATERIALIZED_OR_NOT_SCANNED,Win probability assuming a touchback.,advanced_efficiency_probability,HISTORICAL_GAME_OUTPUT_USE_VIA_PRIOR_GAME_AGGREGATION,HISTORICAL_AGGREGATE_ONLY,CANDIDATE_OR_DERIVED,REQUIRED,RECON_UNIFIED_TEMPORAL_FIELD_REGISTRY_v1.2,true,UNMEASURED_UNTIL_SOURCE_MATERIALIZATION,0,NO_DIRECT_SAMPLE_EVIDENCE_LINKED,NON_JOIN_OR_REVIEW,PIT_HISTORICAL_AGGREGATION_INPUT,true,true,PRIMARY,PUBLIC_REPOSITORY_UPSTREAM_TERMS_REVIEW,DERIVED_PUBLIC_REPO_REVIEW,W09 raw-field metadata only; no production feature adoption.
RF-000350,SRC-001,SportsDataverse,play_by_play,wp_after,one row per play,double,UNMATERIALIZED_OR_NOT_SCANNED,Win probability for the possession team after the play.,advanced_efficiency_probability,CURRENT_GAME_POSTSTART_NOT_DIRECT_PREGAME,CURRENT_GAME_OR_POSTGAME_NOT_DIRECT_PREGAME,HISTORICAL_TRANSFORM_ONLY,REQUIRED,RECON_UNIFIED_TEMPORAL_FIELD_REGISTRY_v1.2,true,UNMEASURED_UNTIL_SOURCE_MATERIALIZATION,1,NAME_MATCH_ONLY_NOT_POPULATION_EVIDENCE,NON_JOIN_OR_REVIEW,HISTORICAL_OR_LIVE_DERIVATION_ONLY,false,true,PRIMARY,PUBLIC_REPOSITORY_UPSTREAM_TERMS_REVIEW,DERIVED_PUBLIC_REPO_REVIEW,W09 raw-field metadata only; no production feature adoption.
RF-000351,SRC-001,SportsDataverse,play_by_play,def_wp_before,one row per play,double,UNMATERIALIZED_OR_NOT_SCANNED,Defensive team win probability before the play.,advanced_efficiency_probability,HISTORICAL_GAME_OUTPUT_USE_VIA_PRIOR_GAME_AGGREGATION,HISTORICAL_AGGREGATE_ONLY,CANDIDATE_OR_DERIVED,REQUIRED,RECON_UNIFIED_TEMPORAL_FIELD_REGISTRY_v1.2,true,UNMEASURED_UNTIL_SOURCE_MATERIALIZATION,0,NO_DIRECT_SAMPLE_EVIDENCE_LINKED,NON_JOIN_OR_REVIEW,PIT_HISTORICAL_AGGREGATION_INPUT,true,true,PRIMARY,PUBLIC_REPOSITORY_UPSTREAM_TERMS_REVIEW,DERIVED_PUBLIC_REPO_REVIEW,W09 raw-field metadata only; no production feature adoption.
RF-000352,SRC-001,SportsDataverse,play_by_play,home_wp_before,one row per play,double,UNMATERIALIZED_OR_NOT_SCANNED,Home team win probability before the play.,advanced_efficiency_probability,HISTORICAL_GAME_OUTPUT_USE_VIA_PRIOR_GAME_AGGREGATION,HISTORICAL_AGGREGATE_ONLY,CANDIDATE_OR_DERIVED,REQUIRED,RECON_UNIFIED_TEMPORAL_FIELD_REGISTRY_v1.2,true,UNMEASURED_UNTIL_SOURCE_MATERIALIZATION,0,NO_DIRECT_SAMPLE_EVIDENCE_LINKED,NON_JOIN_OR_REVIEW,PIT_HISTORICAL_AGGREGATION_INPUT,true,true,PRIMARY,PUBLIC_REPOSITORY_UPSTREAM_TERMS_REVIEW,DERIVED_PUBLIC_REPO_REVIEW,W09 raw-field metadata only; no production feature adoption.
RF-000353,SRC-001,SportsDataverse,play_by_play,away_wp_before,one row per play,double,UNMATERIALIZED_OR_NOT_SCANNED,Away team win probability before the play.,advanced_efficiency_probability,HISTORICAL_GAME_OUTPUT_USE_VIA_PRIOR_GAME_AGGREGATION,HISTORICAL_AGGREGATE_ONLY,CANDIDATE_OR_DERIVED,REQUIRED,RECON_UNIFIED_TEMPORAL_FIELD_REGISTRY_v1.2,true,UNMEASURED_UNTIL_SOURCE_MATERIALIZATION,0,NO_DIRECT_SAMPLE_EVIDENCE_LINKED,NON_JOIN_OR_REVIEW,PIT_HISTORICAL_AGGREGATION_INPUT,true,true,PRIMARY,PUBLIC_REPOSITORY_UPSTREAM_TERMS_REVIEW,DERIVED_PUBLIC_REPO_REVIEW,W09 raw-field metadata only; no production feature adoption.
RF-000354,SRC-001,SportsDataverse,play_by_play,lead_wp_before,one row per play,double,UNMATERIALIZED_OR_NOT_SCANNED,Win probability before the next play; null at game end.,advanced_efficiency_probability,HISTORICAL_GAME_OUTPUT_USE_VIA_PRIOR_GAME_AGGREGATION,HISTORICAL_AGGREGATE_ONLY,CANDIDATE_OR_DERIVED,REQUIRED,RECON_UNIFIED_TEMPORAL_FIELD_REGISTRY_v1.2,true,UNMEASURED_UNTIL_SOURCE_MATERIALIZATION,0,NO_DIRECT_SAMPLE_EVIDENCE_LINKED,NON_JOIN_OR_REVIEW,PIT_HISTORICAL_AGGREGATION_INPUT,true,true,PRIMARY,PUBLIC_REPOSITORY_UPSTREAM_TERMS_REVIEW,DERIVED_PUBLIC_REPO_REVIEW,W09 raw-field metadata only; no production feature adoption.
RF-000355,SRC-001,SportsDataverse,play_by_play,lead_wp_before2,one row per play,double,UNMATERIALIZED_OR_NOT_SCANNED,Win probability before two plays ahead; null near game end.,advanced_efficiency_probability,HISTORICAL_GAME_OUTPUT_USE_VIA_PRIOR_GAME_AGGREGATION,HISTORICAL_AGGREGATE_ONLY,CANDIDATE_OR_DERIVED,REQUIRED,RECON_UNIFIED_TEMPORAL_FIELD_REGISTRY_v1.2,true,UNMEASURED_UNTIL_SOURCE_MATERIALIZATION,0,NO_DIRECT_SAMPLE_EVIDENCE_LINKED,NON_JOIN_OR_REVIEW,PIT_HISTORICAL_AGGREGATION_INPUT,true,true,PRIMARY,PUBLIC_REPOSITORY_UPSTREAM_TERMS_REVIEW,DERIVED_PUBLIC_REPO_REVIEW,W09 raw-field metadata only; no production feature adoption.
RF-000356,SRC-001,SportsDataverse,play_by_play,def_wp_after,one row per play,double,UNMATERIALIZED_OR_NOT_SCANNED,Defensive team win probability after the play.,advanced_efficiency_probability,CURRENT_GAME_POSTSTART_NOT_DIRECT_PREGAME,CURRENT_GAME_OR_POSTGAME_NOT_DIRECT_PREGAME,HISTORICAL_TRANSFORM_ONLY,REQUIRED,RECON_UNIFIED_TEMPORAL_FIELD_REGISTRY_v1.2,true,UNMEASURED_UNTIL_SOURCE_MATERIALIZATION,0,NO_DIRECT_SAMPLE_EVIDENCE_LINKED,NON_JOIN_OR_REVIEW,HISTORICAL_OR_LIVE_DERIVATION_ONLY,false,true,PRIMARY,PUBLIC_REPOSITORY_UPSTREAM_TERMS_REVIEW,DERIVED_PUBLIC_REPO_REVIEW,W09 raw-field metadata only; no production feature adoption.
RF-000357,SRC-001,SportsDataverse,play_by_play,home_wp_after,one row per play,double,UNMATERIALIZED_OR_NOT_SCANNED,Home team win probability after the play.,advanced_efficiency_probability,CURRENT_GAME_POSTSTART_NOT_DIRECT_PREGAME,CURRENT_GAME_OR_POSTGAME_NOT_DIRECT_PREGAME,HISTORICAL_TRANSFORM_ONLY,REQUIRED,RECON_UNIFIED_TEMPORAL_FIELD_REGISTRY_v1.2,true,UNMEASURED_UNTIL_SOURCE_MATERIALIZATION,0,NO_DIRECT_SAMPLE_EVIDENCE_LINKED,NON_JOIN_OR_REVIEW,HISTORICAL_OR_LIVE_DERIVATION_ONLY,false,true,PRIMARY,PUBLIC_REPOSITORY_UPSTREAM_TERMS_REVIEW,DERIVED_PUBLIC_REPO_REVIEW,W09 raw-field metadata only; no production feature adoption.
RF-000358,SRC-001,SportsDataverse,play_by_play,away_wp_after,one row per play,double,UNMATERIALIZED_OR_NOT_SCANNED,Away team win probability after the play.,advanced_efficiency_probability,CURRENT_GAME_POSTSTART_NOT_DIRECT_PREGAME,CURRENT_GAME_OR_POSTGAME_NOT_DIRECT_PREGAME,HISTORICAL_TRANSFORM_ONLY,REQUIRED,RECON_UNIFIED_TEMPORAL_FIELD_REGISTRY_v1.2,true,UNMEASURED_UNTIL_SOURCE_MATERIALIZATION,0,NO_DIRECT_SAMPLE_EVIDENCE_LINKED,NON_JOIN_OR_REVIEW,HISTORICAL_OR_LIVE_DERIVATION_ONLY,false,true,PRIMARY,PUBLIC_REPOSITORY_UPSTREAM_TERMS_REVIEW,DERIVED_PUBLIC_REPO_REVIEW,W09 raw-field metadata only; no production feature adoption.
RF-000359,SRC-001,SportsDataverse,play_by_play,wpa,one row per play,double,UNMATERIALIZED_OR_NOT_SCANNED,Win probability added on the play.,advanced_efficiency_probability,HISTORICAL_GAME_OUTPUT_USE_VIA_PRIOR_GAME_AGGREGATION,HISTORICAL_AGGREGATE_ONLY,CANDIDATE_OR_DERIVED,REQUIRED,RECON_UNIFIED_TEMPORAL_FIELD_REGISTRY_v1.2,true,UNMEASURED_UNTIL_SOURCE_MATERIALIZATION,1,NAME_MATCH_ONLY_NOT_POPULATION_EVIDENCE,NON_JOIN_OR_REVIEW,PIT_HISTORICAL_AGGREGATION_INPUT,true,true,PRIMARY,PUBLIC_REPOSITORY_UPSTREAM_TERMS_REVIEW,DERIVED_PUBLIC_REPO_REVIEW,W09 raw-field metadata only; no production feature adoption.
RF-000360,SRC-001,SportsDataverse,play_by_play,drive_start,one row per play,double,UNMATERIALIZED_OR_NOT_SCANNED,Drive-start field-position / time marker.,drives_field_position,HISTORICAL_GAME_OUTPUT_USE_VIA_PRIOR_GAME_AGGREGATION,HISTORICAL_AGGREGATE_ONLY,CANDIDATE_OR_DERIVED,REQUIRED,RECON_UNIFIED_TEMPORAL_FIELD_REGISTRY_v1.2,true,UNMEASURED_UNTIL_SOURCE_MATERIALIZATION,0,NO_DIRECT_SAMPLE_EVIDENCE_LINKED,NON_JOIN_OR_REVIEW,PIT_HISTORICAL_AGGREGATION_INPUT,true,true,PRIMARY,PUBLIC_REPOSITORY_UPSTREAM_TERMS_REVIEW,DERIVED_PUBLIC_REPO_REVIEW,W09 raw-field metadata only; no production feature adoption.
RF-000361,SRC-001,SportsDataverse,play_by_play,drive_stopped,one row per play,logical,UNMATERIALIZED_OR_NOT_SCANNED,TRUE if the drive was stopped (no score).,drives_field_position,HISTORICAL_GAME_OUTPUT_USE_VIA_PRIOR_GAME_AGGREGATION,HISTORICAL_AGGREGATE_ONLY,CANDIDATE_OR_DERIVED,REQUIRED,RECON_UNIFIED_TEMPORAL_FIELD_REGISTRY_v1.2,true,UNMEASURED_UNTIL_SOURCE_MATERIALIZATION,0,NO_DIRECT_SAMPLE_EVIDENCE_LINKED,NON_JOIN_OR_REVIEW,PIT_HISTORICAL_AGGREGATION_INPUT,true,true,PRIMARY,PUBLIC_REPOSITORY_UPSTREAM_TERMS_REVIEW,DERIVED_PUBLIC_REPO_REVIEW,W09 raw-field metadata only; no production feature adoption.
RF-000362,SRC-001,SportsDataverse,play_by_play,drive_play_index,one row per play,integer,UNMATERIALIZED_OR_NOT_SCANNED,Index of this play within its drive.,drives_field_position,HISTORICAL_GAME_OUTPUT_USE_VIA_PRIOR_GAME_AGGREGATION,HISTORICAL_AGGREGATE_ONLY,CANDIDATE_OR_DERIVED,REQUIRED,RECON_UNIFIED_TEMPORAL_FIELD_REGISTRY_v1.2,true,UNMEASURED_UNTIL_SOURCE_MATERIALIZATION,0,NO_DIRECT_SAMPLE_EVIDENCE_LINKED,NON_JOIN_OR_REVIEW,PIT_HISTORICAL_AGGREGATION_INPUT,true,true,PRIMARY,PUBLIC_REPOSITORY_UPSTREAM_TERMS_REVIEW,DERIVED_PUBLIC_REPO_REVIEW,W09 raw-field metadata only; no production feature adoption.
RF-000363,SRC-001,SportsDataverse,play_by_play,drive_offense_plays,one row per play,integer,UNMATERIALIZED_OR_NOT_SCANNED,Number of offensive plays in the drive.,drives_field_position,HISTORICAL_GAME_OUTPUT_USE_VIA_PRIOR_GAME_AGGREGATION,HISTORICAL_AGGREGATE_ONLY,CANDIDATE_OR_DERIVED,REQUIRED,RECON_UNIFIED_TEMPORAL_FIELD_REGISTRY_v1.2,true,UNMEASURED_UNTIL_SOURCE_MATERIALIZATION,0,NO_DIRECT_SAMPLE_EVIDENCE_LINKED,NON_JOIN_OR_REVIEW,PIT_HISTORICAL_AGGREGATION_INPUT,true,true,PRIMARY,PUBLIC_REPOSITORY_UPSTREAM_TERMS_REVIEW,DERIVED_PUBLIC_REPO_REVIEW,W09 raw-field metadata only; no production feature adoption.
RF-000364,SRC-001,SportsDataverse,play_by_play,prog_drive_EPA,one row per play,double,UNMATERIALIZED_OR_NOT_SCANNED,Cumulative (progressive) EPA over the drive up to this play; null early.,drives_field_position,HISTORICAL_GAME_OUTPUT_USE_VIA_PRIOR_GAME_AGGREGATION,HISTORICAL_AGGREGATE_ONLY,CANDIDATE_OR_DERIVED,REQUIRED,RECON_UNIFIED_TEMPORAL_FIELD_REGISTRY_v1.2,true,UNMEASURED_UNTIL_SOURCE_MATERIALIZATION,0,NO_DIRECT_SAMPLE_EVIDENCE_LINKED,NON_JOIN_OR_REVIEW,PIT_HISTORICAL_AGGREGATION_INPUT,true,true,PRIMARY,PUBLIC_REPOSITORY_UPSTREAM_TERMS_REVIEW,DERIVED_PUBLIC_REPO_REVIEW,W09 raw-field metadata only; no production feature adoption.
RF-000365,SRC-001,SportsDataverse,play_by_play,prog_drive_WPA,one row per play,double,UNMATERIALIZED_OR_NOT_SCANNED,Cumulative (progressive) WPA over the drive up to this play.,drives_field_position,HISTORICAL_GAME_OUTPUT_USE_VIA_PRIOR_GAME_AGGREGATION,HISTORICAL_AGGREGATE_ONLY,CANDIDATE_OR_DERIVED,REQUIRED,RECON_UNIFIED_TEMPORAL_FIELD_REGISTRY_v1.2,true,UNMEASURED_UNTIL_SOURCE_MATERIALIZATION,0,NO_DIRECT_SAMPLE_EVIDENCE_LINKED,NON_JOIN_OR_REVIEW,PIT_HISTORICAL_AGGREGATION_INPUT,true,true,PRIMARY,PUBLIC_REPOSITORY_UPSTREAM_TERMS_REVIEW,DERIVED_PUBLIC_REPO_REVIEW,W09 raw-field metadata only; no production feature adoption.
RF-000366,SRC-001,SportsDataverse,play_by_play,drive_offense_yards,one row per play,integer,UNMATERIALIZED_OR_NOT_SCANNED,Cumulative offensive yards in the drive.,drives_field_position,HISTORICAL_GAME_OUTPUT_USE_VIA_PRIOR_GAME_AGGREGATION,HISTORICAL_AGGREGATE_ONLY,CANDIDATE_OR_DERIVED,REQUIRED,RECON_UNIFIED_TEMPORAL_FIELD_REGISTRY_v1.2,true,UNMEASURED_UNTIL_SOURCE_MATERIALIZATION,0,NO_DIRECT_SAMPLE_EVIDENCE_LINKED,NON_JOIN_OR_REVIEW,PIT_HISTORICAL_AGGREGATION_INPUT,true,true,PRIMARY,PUBLIC_REPOSITORY_UPSTREAM_TERMS_REVIEW,DERIVED_PUBLIC_REPO_REVIEW,W09 raw-field metadata only; no production feature adoption.
RF-000367,SRC-001,SportsDataverse,play_by_play,drive_total_yards,one row per play,integer,UNMATERIALIZED_OR_NOT_SCANNED,Total drive yardage.,drives_field_position,HISTORICAL_GAME_OUTPUT_USE_VIA_PRIOR_GAME_AGGREGATION,HISTORICAL_AGGREGATE_ONLY,CANDIDATE_OR_DERIVED,REQUIRED,RECON_UNIFIED_TEMPORAL_FIELD_REGISTRY_v1.2,true,UNMEASURED_UNTIL_SOURCE_MATERIALIZATION,0,NO_DIRECT_SAMPLE_EVIDENCE_LINKED,NON_JOIN_OR_REVIEW,PIT_HISTORICAL_AGGREGATION_INPUT,true,true,PRIMARY,PUBLIC_REPOSITORY_UPSTREAM_TERMS_REVIEW,DERIVED_PUBLIC_REPO_REVIEW,W09 raw-field metadata only; no production feature adoption.
RF-000368,SRC-001,SportsDataverse,play_by_play,qbr_epa,one row per play,double,UNMATERIALIZED_OR_NOT_SCANNED,QBR-style EPA contribution for the play.,passing_receiving,HISTORICAL_GAME_OUTPUT_USE_VIA_PRIOR_GAME_AGGREGATION,HISTORICAL_AGGREGATE_ONLY,CANDIDATE_OR_DERIVED,REQUIRED,RECON_UNIFIED_TEMPORAL_FIELD_REGISTRY_v1.2,true,UNMEASURED_UNTIL_SOURCE_MATERIALIZATION,1,NAME_MATCH_ONLY_NOT_POPULATION_EVIDENCE,NON_JOIN_OR_REVIEW,PIT_HISTORICAL_AGGREGATION_INPUT,true,true,PRIMARY,PUBLIC_REPOSITORY_UPSTREAM_TERMS_REVIEW,DERIVED_PUBLIC_REPO_REVIEW,W09 raw-field metadata only; no production feature adoption.
RF-000369,SRC-001,SportsDataverse,play_by_play,weight,one row per play,double,UNMATERIALIZED_OR_NOT_SCANNED,Play weight used in QBR/EPA aggregation.,other,HISTORICAL_GAME_OUTPUT_USE_VIA_PRIOR_GAME_AGGREGATION,HISTORICAL_AGGREGATE_ONLY,CANDIDATE_OR_DERIVED,REQUIRED,RECON_UNIFIED_TEMPORAL_FIELD_REGISTRY_v1.2,true,UNMEASURED_UNTIL_SOURCE_MATERIALIZATION,1,NAME_MATCH_ONLY_NOT_POPULATION_EVIDENCE,NON_JOIN_OR_REVIEW,PIT_HISTORICAL_AGGREGATION_INPUT,true,true,PRIMARY,PUBLIC_REPOSITORY_UPSTREAM_TERMS_REVIEW,DERIVED_PUBLIC_REPO_REVIEW,W09 raw-field metadata only; no production feature adoption.
RF-000370,SRC-001,SportsDataverse,play_by_play,non_fumble_sack,one row per play,logical,UNMATERIALIZED_OR_NOT_SCANNED,TRUE if a sack occurred without a fumble.,turnovers,HISTORICAL_GAME_OUTPUT_USE_VIA_PRIOR_GAME_AGGREGATION,HISTORICAL_AGGREGATE_ONLY,CANDIDATE_OR_DERIVED,REQUIRED,RECON_UNIFIED_TEMPORAL_FIELD_REGISTRY_v1.2,true,UNMEASURED_UNTIL_SOURCE_MATERIALIZATION,0,NO_DIRECT_SAMPLE_EVIDENCE_LINKED,NON_JOIN_OR_REVIEW,PIT_HISTORICAL_AGGREGATION_INPUT,true,true,PRIMARY,PUBLIC_REPOSITORY_UPSTREAM_TERMS_REVIEW,DERIVED_PUBLIC_REPO_REVIEW,W09 raw-field metadata only; no production feature adoption.
RF-000371,SRC-001,SportsDataverse,play_by_play,sack_epa,one row per play,double,UNMATERIALIZED_OR_NOT_SCANNED,EPA attributed to sacks; null otherwise.,advanced_efficiency_probability,HISTORICAL_GAME_OUTPUT_USE_VIA_PRIOR_GAME_AGGREGATION,HISTORICAL_AGGREGATE_ONLY,CANDIDATE_OR_DERIVED,REQUIRED,RECON_UNIFIED_TEMPORAL_FIELD_REGISTRY_v1.2,true,UNMEASURED_UNTIL_SOURCE_MATERIALIZATION,0,NO_DIRECT_SAMPLE_EVIDENCE_LINKED,NON_JOIN_OR_REVIEW,PIT_HISTORICAL_AGGREGATION_INPUT,true,true,PRIMARY,PUBLIC_REPOSITORY_UPSTREAM_TERMS_REVIEW,DERIVED_PUBLIC_REPO_REVIEW,W09 raw-field metadata only; no production feature adoption.
RF-000372,SRC-001,SportsDataverse,play_by_play,pass_epa,one row per play,double,UNMATERIALIZED_OR_NOT_SCANNED,EPA attributed to passes (QBR split); null otherwise.,passing_receiving,HISTORICAL_GAME_OUTPUT_USE_VIA_PRIOR_GAME_AGGREGATION,HISTORICAL_AGGREGATE_ONLY,CANDIDATE_OR_DERIVED,REQUIRED,RECON_UNIFIED_TEMPORAL_FIELD_REGISTRY_v1.2,true,UNMEASURED_UNTIL_SOURCE_MATERIALIZATION,0,NO_DIRECT_SAMPLE_EVIDENCE_LINKED,NON_JOIN_OR_REVIEW,PIT_HISTORICAL_AGGREGATION_INPUT,true,true,PRIMARY,PUBLIC_REPOSITORY_UPSTREAM_TERMS_REVIEW,DERIVED_PUBLIC_REPO_REVIEW,W09 raw-field metadata only; no production feature adoption.
RF-000373,SRC-001,SportsDataverse,play_by_play,rush_epa,one row per play,double,UNMATERIALIZED_OR_NOT_SCANNED,EPA attributed to rushes (QBR split); null otherwise.,rushing,HISTORICAL_GAME_OUTPUT_USE_VIA_PRIOR_GAME_AGGREGATION,HISTORICAL_AGGREGATE_ONLY,CANDIDATE_OR_DERIVED,REQUIRED,RECON_UNIFIED_TEMPORAL_FIELD_REGISTRY_v1.2,true,UNMEASURED_UNTIL_SOURCE_MATERIALIZATION,1,NAME_MATCH_ONLY_NOT_POPULATION_EVIDENCE,NON_JOIN_OR_REVIEW,PIT_HISTORICAL_AGGREGATION_INPUT,true,true,PRIMARY,PUBLIC_REPOSITORY_UPSTREAM_TERMS_REVIEW,DERIVED_PUBLIC_REPO_REVIEW,W09 raw-field metadata only; no production feature adoption.
RF-000374,SRC-001,SportsDataverse,play_by_play,pen_epa,one row per play,double,UNMATERIALIZED_OR_NOT_SCANNED,EPA attributed to penalties (QBR split); null otherwise.,penalties,HISTORICAL_GAME_OUTPUT_USE_VIA_PRIOR_GAME_AGGREGATION,HISTORICAL_AGGREGATE_ONLY,CANDIDATE_OR_DERIVED,REQUIRED,RECON_UNIFIED_TEMPORAL_FIELD_REGISTRY_v1.2,true,UNMEASURED_UNTIL_SOURCE_MATERIALIZATION,0,NO_DIRECT_SAMPLE_EVIDENCE_LINKED,NON_JOIN_OR_REVIEW,PIT_HISTORICAL_AGGREGATION_INPUT,true,true,PRIMARY,PUBLIC_REPOSITORY_UPSTREAM_TERMS_REVIEW,DERIVED_PUBLIC_REPO_REVIEW,W09 raw-field metadata only; no production feature adoption.
RF-000375,SRC-001,SportsDataverse,play_by_play,sack_weight,one row per play,double,UNMATERIALIZED_OR_NOT_SCANNED,QBR weight for sack component; null otherwise.,other,HISTORICAL_GAME_OUTPUT_USE_VIA_PRIOR_GAME_AGGREGATION,HISTORICAL_AGGREGATE_ONLY,CANDIDATE_OR_DERIVED,REQUIRED,RECON_UNIFIED_TEMPORAL_FIELD_REGISTRY_v1.2,true,UNMEASURED_UNTIL_SOURCE_MATERIALIZATION,0,NO_DIRECT_SAMPLE_EVIDENCE_LINKED,NON_JOIN_OR_REVIEW,PIT_HISTORICAL_AGGREGATION_INPUT,true,true,PRIMARY,PUBLIC_REPOSITORY_UPSTREAM_TERMS_REVIEW,DERIVED_PUBLIC_REPO_REVIEW,W09 raw-field metadata only; no production feature adoption.
RF-000376,SRC-001,SportsDataverse,play_by_play,pass_weight,one row per play,double,UNMATERIALIZED_OR_NOT_SCANNED,QBR weight for pass component; null otherwise.,passing_receiving,HISTORICAL_GAME_OUTPUT_USE_VIA_PRIOR_GAME_AGGREGATION,HISTORICAL_AGGREGATE_ONLY,CANDIDATE_OR_DERIVED,REQUIRED,RECON_UNIFIED_TEMPORAL_FIELD_REGISTRY_v1.2,true,UNMEASURED_UNTIL_SOURCE_MATERIALIZATION,0,NO_DIRECT_SAMPLE_EVIDENCE_LINKED,NON_JOIN_OR_REVIEW,PIT_HISTORICAL_AGGREGATION_INPUT,true,true,PRIMARY,PUBLIC_REPOSITORY_UPSTREAM_TERMS_REVIEW,DERIVED_PUBLIC_REPO_REVIEW,W09 raw-field metadata only; no production feature adoption.
RF-000377,SRC-001,SportsDataverse,play_by_play,rush_weight,one row per play,double,UNMATERIALIZED_OR_NOT_SCANNED,QBR weight for rush component; null otherwise.,rushing,HISTORICAL_GAME_OUTPUT_USE_VIA_PRIOR_GAME_AGGREGATION,HISTORICAL_AGGREGATE_ONLY,CANDIDATE_OR_DERIVED,REQUIRED,RECON_UNIFIED_TEMPORAL_FIELD_REGISTRY_v1.2,true,UNMEASURED_UNTIL_SOURCE_MATERIALIZATION,0,NO_DIRECT_SAMPLE_EVIDENCE_LINKED,NON_JOIN_OR_REVIEW,PIT_HISTORICAL_AGGREGATION_INPUT,true,true,PRIMARY,PUBLIC_REPOSITORY_UPSTREAM_TERMS_REVIEW,DERIVED_PUBLIC_REPO_REVIEW,W09 raw-field metadata only; no production feature adoption.
RF-000378,SRC-001,SportsDataverse,play_by_play,pen_weight,one row per play,double,UNMATERIALIZED_OR_NOT_SCANNED,QBR weight for penalty component; null otherwise.,penalties,HISTORICAL_GAME_OUTPUT_USE_VIA_PRIOR_GAME_AGGREGATION,HISTORICAL_AGGREGATE_ONLY,CANDIDATE_OR_DERIVED,REQUIRED,RECON_UNIFIED_TEMPORAL_FIELD_REGISTRY_v1.2,true,UNMEASURED_UNTIL_SOURCE_MATERIALIZATION,0,NO_DIRECT_SAMPLE_EVIDENCE_LINKED,NON_JOIN_OR_REVIEW,PIT_HISTORICAL_AGGREGATION_INPUT,true,true,PRIMARY,PUBLIC_REPOSITORY_UPSTREAM_TERMS_REVIEW,DERIVED_PUBLIC_REPO_REVIEW,W09 raw-field metadata only; no production feature adoption.
RF-000379,SRC-001,SportsDataverse,play_by_play,action_play,one row per play,logical,UNMATERIALIZED_OR_NOT_SCANNED,TRUE if the row is an action (non-administrative) play.,other,HISTORICAL_GAME_OUTPUT_USE_VIA_PRIOR_GAME_AGGREGATION,HISTORICAL_AGGREGATE_ONLY,CANDIDATE_OR_DERIVED,REQUIRED,RECON_UNIFIED_TEMPORAL_FIELD_REGISTRY_v1.2,true,UNMEASURED_UNTIL_SOURCE_MATERIALIZATION,1,NAME_MATCH_ONLY_NOT_POPULATION_EVIDENCE,NON_JOIN_OR_REVIEW,PIT_HISTORICAL_AGGREGATION_INPUT,true,true,PRIMARY,PUBLIC_REPOSITORY_UPSTREAM_TERMS_REVIEW,DERIVED_PUBLIC_REPO_REVIEW,W09 raw-field metadata only; no production feature adoption.
RF-000380,SRC-001,SportsDataverse,play_by_play,athlete_name,one row per play,character,UNMATERIALIZED_OR_NOT_SCANNED,Primary athlete name associated with the play; null when none.,identity_metadata,HISTORICAL_GAME_OUTPUT_USE_VIA_PRIOR_GAME_AGGREGATION,HISTORICAL_AGGREGATE_ONLY,JOIN_OR_METADATA,REQUIRED,RECON_UNIFIED_TEMPORAL_FIELD_REGISTRY_v1.2,true,UNMEASURED_UNTIL_SOURCE_MATERIALIZATION,2,NAME_MATCH_ONLY_NOT_POPULATION_EVIDENCE,JOIN_OR_METADATA,EVIDENCE_OR_METADATA_ONLY,false,true,PRIMARY,PUBLIC_REPOSITORY_UPSTREAM_TERMS_REVIEW,DERIVED_PUBLIC_REPO_REVIEW,W09 raw-field metadata only; no production feature adoption.
RF-000381,SRC-001,SportsDataverse,team_box,game_id,one row per team (2 per game),integer,UNMATERIALIZED_OR_NOT_SCANNED,"ESPN game identifier, stamped from the source JSON (`gameId`/`header.id`); identical for both team rows of a game.",identity_metadata,HISTORICAL_GAME_OUTPUT_USE_VIA_PRIOR_GAME_AGGREGATION,HISTORICAL_AGGREGATE_ONLY,JOIN_OR_METADATA,REQUIRED,RECON_UNIFIED_TEMPORAL_FIELD_REGISTRY_v1.2,true,UNMEASURED_UNTIL_SOURCE_MATERIALIZATION,8,NAME_MATCH_ONLY_NOT_POPULATION_EVIDENCE,JOIN_OR_METADATA,EVIDENCE_OR_METADATA_ONLY,false,true,PRIMARY,PUBLIC_REPOSITORY_UPSTREAM_TERMS_REVIEW,DERIVED_PUBLIC_REPO_REVIEW,W09 raw-field metadata only; no production feature adoption.
RF-000382,SRC-001,SportsDataverse,team_box,season,one row per team (2 per game),integer,UNMATERIALIZED_OR_NOT_SCANNED,"Season year, stamped from `season.year` / `header.season.year` (e.g. 2024).",other,HISTORICAL_GAME_OUTPUT_USE_VIA_PRIOR_GAME_AGGREGATION,HISTORICAL_AGGREGATE_ONLY,CANDIDATE_OR_DERIVED,REQUIRED,RECON_UNIFIED_TEMPORAL_FIELD_REGISTRY_v1.2,true,UNMEASURED_UNTIL_SOURCE_MATERIALIZATION,10,NAME_MATCH_ONLY_NOT_POPULATION_EVIDENCE,NON_JOIN_OR_REVIEW,PIT_HISTORICAL_AGGREGATION_INPUT,true,true,PRIMARY,PUBLIC_REPOSITORY_UPSTREAM_TERMS_REVIEW,DERIVED_PUBLIC_REPO_REVIEW,W09 raw-field metadata only; no production feature adoption.
RF-000383,SRC-001,SportsDataverse,team_box,week,one row per team (2 per game),integer,UNMATERIALIZED_OR_NOT_SCANNED,"Season week number, stamped from the game's `week` (e.g. 1).",other,HISTORICAL_GAME_OUTPUT_USE_VIA_PRIOR_GAME_AGGREGATION,HISTORICAL_AGGREGATE_ONLY,CANDIDATE_OR_DERIVED,REQUIRED,RECON_UNIFIED_TEMPORAL_FIELD_REGISTRY_v1.2,true,UNMEASURED_UNTIL_SOURCE_MATERIALIZATION,5,NAME_MATCH_ONLY_NOT_POPULATION_EVIDENCE,NON_JOIN_OR_REVIEW,PIT_HISTORICAL_AGGREGATION_INPUT,true,true,PRIMARY,PUBLIC_REPOSITORY_UPSTREAM_TERMS_REVIEW,DERIVED_PUBLIC_REPO_REVIEW,W09 raw-field metadata only; no production feature adoption.
RF-000384,SRC-001,SportsDataverse,team_box,team_id,one row per team (2 per game),integer,UNMATERIALIZED_OR_NOT_SCANNED,"ESPN team id from `team.id` (integer-valued string in JSON, e.g. 2006, 194).",identity_metadata,HISTORICAL_GAME_OUTPUT_USE_VIA_PRIOR_GAME_AGGREGATION,HISTORICAL_AGGREGATE_ONLY,JOIN_OR_METADATA,REQUIRED,RECON_UNIFIED_TEMPORAL_FIELD_REGISTRY_v1.2,true,UNMEASURED_UNTIL_SOURCE_MATERIALIZATION,3,NAME_MATCH_ONLY_NOT_POPULATION_EVIDENCE,JOIN_OR_METADATA,EVIDENCE_OR_METADATA_ONLY,false,true,PRIMARY,PUBLIC_REPOSITORY_UPSTREAM_TERMS_REVIEW,DERIVED_PUBLIC_REPO_REVIEW,W09 raw-field metadata only; no production feature adoption.
RF-000385,SRC-001,SportsDataverse,team_box,team_display_name,one row per team (2 per game),character,UNMATERIALIZED_OR_NOT_SCANNED,"Team display name from `team.displayName` (e.g. ""Akron Zips"", ""Ohio State Buckeyes"").",identity_metadata,HISTORICAL_GAME_OUTPUT_USE_VIA_PRIOR_GAME_AGGREGATION,HISTORICAL_AGGREGATE_ONLY,JOIN_OR_METADATA,REQUIRED,RECON_UNIFIED_TEMPORAL_FIELD_REGISTRY_v1.2,true,UNMEASURED_UNTIL_SOURCE_MATERIALIZATION,1,NAME_MATCH_ONLY_NOT_POPULATION_EVIDENCE,JOIN_OR_METADATA,EVIDENCE_OR_METADATA_ONLY,false,true,PRIMARY,PUBLIC_REPOSITORY_UPSTREAM_TERMS_REVIEW,DERIVED_PUBLIC_REPO_REVIEW,W09 raw-field metadata only; no production feature adoption.
RF-000386,SRC-001,SportsDataverse,team_box,home_away,one row per team (2 per game),character,UNMATERIALIZED_OR_NOT_SCANNED,"Whether this team is ""home"" or ""away"" for the game, from `homeAway`.",other,HISTORICAL_GAME_OUTPUT_USE_VIA_PRIOR_GAME_AGGREGATION,HISTORICAL_AGGREGATE_ONLY,CANDIDATE_OR_DERIVED,REQUIRED,RECON_UNIFIED_TEMPORAL_FIELD_REGISTRY_v1.2,true,UNMEASURED_UNTIL_SOURCE_MATERIALIZATION,1,NAME_MATCH_ONLY_NOT_POPULATION_EVIDENCE,NON_JOIN_OR_REVIEW,PIT_HISTORICAL_AGGREGATION_INPUT,true,true,PRIMARY,PUBLIC_REPOSITORY_UPSTREAM_TERMS_REVIEW,DERIVED_PUBLIC_REPO_REVIEW,W09 raw-field metadata only; no production feature adoption.
RF-000387,SRC-001,SportsDataverse,team_box,first_downs,one row per team (2 per game),character,UNMATERIALIZED_OR_NOT_SCANNED,"Total first downs (stat `firstDowns`, label ""1st Downs""); displayValue is an integer-as-string.",situational_field_position,HISTORICAL_GAME_OUTPUT_USE_VIA_PRIOR_GAME_AGGREGATION,HISTORICAL_AGGREGATE_ONLY,CANDIDATE_OR_DERIVED,REQUIRED,RECON_UNIFIED_TEMPORAL_FIELD_REGISTRY_v1.2,true,UNMEASURED_UNTIL_SOURCE_MATERIALIZATION,1,NAME_MATCH_ONLY_NOT_POPULATION_EVIDENCE,NON_JOIN_OR_REVIEW,PIT_HISTORICAL_AGGREGATION_INPUT,true,true,PRIMARY,PUBLIC_REPOSITORY_UPSTREAM_TERMS_REVIEW,DERIVED_PUBLIC_REPO_REVIEW,W09 raw-field metadata only; no production feature adoption.
RF-000388,SRC-001,SportsDataverse,team_box,third_down_eff,one row per team (2 per game),character,UNMATERIALIZED_OR_NOT_SCANNED,"Third-down conversion efficiency (stat `thirdDownEff`, label ""3rd down efficiency"") as a ""made-attempts"" string, e.g. ""4-16"".",situational_field_position,HISTORICAL_GAME_OUTPUT_USE_VIA_PRIOR_GAME_AGGREGATION,HISTORICAL_AGGREGATE_ONLY,CANDIDATE_OR_DERIVED,REQUIRED,RECON_UNIFIED_TEMPORAL_FIELD_REGISTRY_v1.2,true,UNMEASURED_UNTIL_SOURCE_MATERIALIZATION,1,NAME_MATCH_ONLY_NOT_POPULATION_EVIDENCE,NON_JOIN_OR_REVIEW,PIT_HISTORICAL_AGGREGATION_INPUT,true,true,PRIMARY,PUBLIC_REPOSITORY_UPSTREAM_TERMS_REVIEW,DERIVED_PUBLIC_REPO_REVIEW,W09 raw-field metadata only; no production feature adoption.
RF-000389,SRC-001,SportsDataverse,team_box,fourth_down_eff,one row per team (2 per game),character,UNMATERIALIZED_OR_NOT_SCANNED,"Fourth-down conversion efficiency (stat `fourthDownEff`, label ""4th down efficiency"") as a ""made-attempts"" string, e.g. ""2-3"".",situational_field_position,HISTORICAL_GAME_OUTPUT_USE_VIA_PRIOR_GAME_AGGREGATION,HISTORICAL_AGGREGATE_ONLY,CANDIDATE_OR_DERIVED,REQUIRED,RECON_UNIFIED_TEMPORAL_FIELD_REGISTRY_v1.2,true,UNMEASURED_UNTIL_SOURCE_MATERIALIZATION,1,NAME_MATCH_ONLY_NOT_POPULATION_EVIDENCE,NON_JOIN_OR_REVIEW,PIT_HISTORICAL_AGGREGATION_INPUT,true,true,PRIMARY,PUBLIC_REPOSITORY_UPSTREAM_TERMS_REVIEW,DERIVED_PUBLIC_REPO_REVIEW,W09 raw-field metadata only; no production feature adoption.
RF-000390,SRC-001,SportsDataverse,team_box,total_yards,one row per team (2 per game),character,UNMATERIALIZED_OR_NOT_SCANNED,"Total offensive yards (stat `totalYards`, label ""Total Yards""); integer-as-string.",situational_field_position,HISTORICAL_GAME_OUTPUT_USE_VIA_PRIOR_GAME_AGGREGATION,HISTORICAL_AGGREGATE_ONLY,CANDIDATE_OR_DERIVED,REQUIRED,RECON_UNIFIED_TEMPORAL_FIELD_REGISTRY_v1.2,true,UNMEASURED_UNTIL_SOURCE_MATERIALIZATION,1,NAME_MATCH_ONLY_NOT_POPULATION_EVIDENCE,NON_JOIN_OR_REVIEW,PIT_HISTORICAL_AGGREGATION_INPUT,true,true,PRIMARY,PUBLIC_REPOSITORY_UPSTREAM_TERMS_REVIEW,DERIVED_PUBLIC_REPO_REVIEW,W09 raw-field metadata only; no production feature adoption.
RF-000391,SRC-001,SportsDataverse,team_box,net_passing_yards,one row per team (2 per game),character,UNMATERIALIZED_OR_NOT_SCANNED,"Net passing yards (stat `netPassingYards`, label ""Passing""); integer-as-string.",passing_receiving,HISTORICAL_GAME_OUTPUT_USE_VIA_PRIOR_GAME_AGGREGATION,HISTORICAL_AGGREGATE_ONLY,CANDIDATE_OR_DERIVED,REQUIRED,RECON_UNIFIED_TEMPORAL_FIELD_REGISTRY_v1.2,true,UNMEASURED_UNTIL_SOURCE_MATERIALIZATION,1,NAME_MATCH_ONLY_NOT_POPULATION_EVIDENCE,NON_JOIN_OR_REVIEW,PIT_HISTORICAL_AGGREGATION_INPUT,true,true,PRIMARY,PUBLIC_REPOSITORY_UPSTREAM_TERMS_REVIEW,DERIVED_PUBLIC_REPO_REVIEW,W09 raw-field metadata only; no production feature adoption.
RF-000392,SRC-001,SportsDataverse,team_box,completion_attempts,one row per team (2 per game),character,UNMATERIALIZED_OR_NOT_SCANNED,"Pass completions over attempts (stat `completionAttempts`, label ""Comp/Att"") as a ""comp/att"" string, e.g. ""18/29"".",passing_receiving,HISTORICAL_GAME_OUTPUT_USE_VIA_PRIOR_GAME_AGGREGATION,HISTORICAL_AGGREGATE_ONLY,CANDIDATE_OR_DERIVED,REQUIRED,RECON_UNIFIED_TEMPORAL_FIELD_REGISTRY_v1.2,true,UNMEASURED_UNTIL_SOURCE_MATERIALIZATION,1,NAME_MATCH_ONLY_NOT_POPULATION_EVIDENCE,NON_JOIN_OR_REVIEW,PIT_HISTORICAL_AGGREGATION_INPUT,true,true,PRIMARY,PUBLIC_REPOSITORY_UPSTREAM_TERMS_REVIEW,DERIVED_PUBLIC_REPO_REVIEW,W09 raw-field metadata only; no production feature adoption.
RF-000393,SRC-001,SportsDataverse,team_box,yards_per_pass,one row per team (2 per game),character,UNMATERIALIZED_OR_NOT_SCANNED,"Yards gained per pass attempt (stat `yardsPerPass`, label ""Yards per pass"") as a decimal string, e.g. ""4.5"".",passing_receiving,HISTORICAL_GAME_OUTPUT_USE_VIA_PRIOR_GAME_AGGREGATION,HISTORICAL_AGGREGATE_ONLY,CANDIDATE_OR_DERIVED,REQUIRED,RECON_UNIFIED_TEMPORAL_FIELD_REGISTRY_v1.2,true,UNMEASURED_UNTIL_SOURCE_MATERIALIZATION,1,NAME_MATCH_ONLY_NOT_POPULATION_EVIDENCE,NON_JOIN_OR_REVIEW,PIT_HISTORICAL_AGGREGATION_INPUT,true,true,PRIMARY,PUBLIC_REPOSITORY_UPSTREAM_TERMS_REVIEW,DERIVED_PUBLIC_REPO_REVIEW,W09 raw-field metadata only; no production feature adoption.
RF-000394,SRC-001,SportsDataverse,team_box,rushing_yards,one row per team (2 per game),character,UNMATERIALIZED_OR_NOT_SCANNED,"Total rushing yards (stat `rushingYards`, label ""Rushing""); integer-as-string.",rushing,HISTORICAL_GAME_OUTPUT_USE_VIA_PRIOR_GAME_AGGREGATION,HISTORICAL_AGGREGATE_ONLY,CANDIDATE_OR_DERIVED,REQUIRED,RECON_UNIFIED_TEMPORAL_FIELD_REGISTRY_v1.2,true,UNMEASURED_UNTIL_SOURCE_MATERIALIZATION,1,NAME_MATCH_ONLY_NOT_POPULATION_EVIDENCE,NON_JOIN_OR_REVIEW,PIT_HISTORICAL_AGGREGATION_INPUT,true,true,PRIMARY,PUBLIC_REPOSITORY_UPSTREAM_TERMS_REVIEW,DERIVED_PUBLIC_REPO_REVIEW,W09 raw-field metadata only; no production feature adoption.
RF-000395,SRC-001,SportsDataverse,team_box,rushing_attempts,one row per team (2 per game),character,UNMATERIALIZED_OR_NOT_SCANNED,"Total rushing attempts (stat `rushingAttempts`, label ""Rushing Attempts""); integer-as-string.",rushing,HISTORICAL_GAME_OUTPUT_USE_VIA_PRIOR_GAME_AGGREGATION,HISTORICAL_AGGREGATE_ONLY,CANDIDATE_OR_DERIVED,REQUIRED,RECON_UNIFIED_TEMPORAL_FIELD_REGISTRY_v1.2,true,UNMEASURED_UNTIL_SOURCE_MATERIALIZATION,1,NAME_MATCH_ONLY_NOT_POPULATION_EVIDENCE,NON_JOIN_OR_REVIEW,PIT_HISTORICAL_AGGREGATION_INPUT,true,true,PRIMARY,PUBLIC_REPOSITORY_UPSTREAM_TERMS_REVIEW,DERIVED_PUBLIC_REPO_REVIEW,W09 raw-field metadata only; no production feature adoption.
RF-000396,SRC-001,SportsDataverse,team_box,yards_per_rush_attempt,one row per team (2 per game),character,UNMATERIALIZED_OR_NOT_SCANNED,"Yards gained per rush attempt (stat `yardsPerRushAttempt`, label ""Yards per rush"") as a decimal string, e.g. ""1.3"".",rushing,HISTORICAL_GAME_OUTPUT_USE_VIA_PRIOR_GAME_AGGREGATION,HISTORICAL_AGGREGATE_ONLY,CANDIDATE_OR_DERIVED,REQUIRED,RECON_UNIFIED_TEMPORAL_FIELD_REGISTRY_v1.2,true,UNMEASURED_UNTIL_SOURCE_MATERIALIZATION,1,NAME_MATCH_ONLY_NOT_POPULATION_EVIDENCE,NON_JOIN_OR_REVIEW,PIT_HISTORICAL_AGGREGATION_INPUT,true,true,PRIMARY,PUBLIC_REPOSITORY_UPSTREAM_TERMS_REVIEW,DERIVED_PUBLIC_REPO_REVIEW,W09 raw-field metadata only; no production feature adoption.
RF-000397,SRC-001,SportsDataverse,team_box,total_penalties_yards,one row per team (2 per game),character,UNMATERIALIZED_OR_NOT_SCANNED,"Penalties committed and penalty yards (stat `totalPenaltiesYards`, label ""Penalties"") as a ""count-yards"" string, e.g. ""5-35"".",penalties,HISTORICAL_GAME_OUTPUT_USE_VIA_PRIOR_GAME_AGGREGATION,HISTORICAL_AGGREGATE_ONLY,CANDIDATE_OR_DERIVED,REQUIRED,RECON_UNIFIED_TEMPORAL_FIELD_REGISTRY_v1.2,true,UNMEASURED_UNTIL_SOURCE_MATERIALIZATION,1,NAME_MATCH_ONLY_NOT_POPULATION_EVIDENCE,NON_JOIN_OR_REVIEW,PIT_HISTORICAL_AGGREGATION_INPUT,true,true,PRIMARY,PUBLIC_REPOSITORY_UPSTREAM_TERMS_REVIEW,DERIVED_PUBLIC_REPO_REVIEW,W09 raw-field metadata only; no production feature adoption.
RF-000398,SRC-001,SportsDataverse,team_box,turnovers,one row per team (2 per game),character,UNMATERIALIZED_OR_NOT_SCANNED,"Total turnovers committed (stat `turnovers`, label ""Turnovers""); integer-as-string.",turnovers,HISTORICAL_GAME_OUTPUT_USE_VIA_PRIOR_GAME_AGGREGATION,HISTORICAL_AGGREGATE_ONLY,CANDIDATE_OR_DERIVED,REQUIRED,RECON_UNIFIED_TEMPORAL_FIELD_REGISTRY_v1.2,true,UNMEASURED_UNTIL_SOURCE_MATERIALIZATION,1,NAME_MATCH_ONLY_NOT_POPULATION_EVIDENCE,NON_JOIN_OR_REVIEW,PIT_HISTORICAL_AGGREGATION_INPUT,true,true,PRIMARY,PUBLIC_REPOSITORY_UPSTREAM_TERMS_REVIEW,DERIVED_PUBLIC_REPO_REVIEW,W09 raw-field metadata only; no production feature adoption.
RF-000399,SRC-001,SportsDataverse,team_box,fumbles_lost,one row per team (2 per game),character,UNMATERIALIZED_OR_NOT_SCANNED,"Fumbles lost (stat `fumblesLost`, label ""Fumbles lost""); integer-as-string.",turnovers,HISTORICAL_GAME_OUTPUT_USE_VIA_PRIOR_GAME_AGGREGATION,HISTORICAL_AGGREGATE_ONLY,CANDIDATE_OR_DERIVED,REQUIRED,RECON_UNIFIED_TEMPORAL_FIELD_REGISTRY_v1.2,true,UNMEASURED_UNTIL_SOURCE_MATERIALIZATION,1,NAME_MATCH_ONLY_NOT_POPULATION_EVIDENCE,NON_JOIN_OR_REVIEW,PIT_HISTORICAL_AGGREGATION_INPUT,true,true,PRIMARY,PUBLIC_REPOSITORY_UPSTREAM_TERMS_REVIEW,DERIVED_PUBLIC_REPO_REVIEW,W09 raw-field metadata only; no production feature adoption.
RF-000400,SRC-001,SportsDataverse,team_box,interceptions,one row per team (2 per game),character,UNMATERIALIZED_OR_NOT_SCANNED,"Interceptions thrown (stat `interceptions`, label ""Interceptions thrown""); integer-as-string.",turnovers,HISTORICAL_GAME_OUTPUT_USE_VIA_PRIOR_GAME_AGGREGATION,HISTORICAL_AGGREGATE_ONLY,CANDIDATE_OR_DERIVED,REQUIRED,RECON_UNIFIED_TEMPORAL_FIELD_REGISTRY_v1.2,true,UNMEASURED_UNTIL_SOURCE_MATERIALIZATION,2,NAME_MATCH_ONLY_NOT_POPULATION_EVIDENCE,NON_JOIN_OR_REVIEW,PIT_HISTORICAL_AGGREGATION_INPUT,true,true,PRIMARY,PUBLIC_REPOSITORY_UPSTREAM_TERMS_REVIEW,DERIVED_PUBLIC_REPO_REVIEW,W09 raw-field metadata only; no production feature adoption.
RF-000401,SRC-001,SportsDataverse,team_box,possession_time,one row per team (2 per game),character,UNMATERIALIZED_OR_NOT_SCANNED,"Time of possession (stat `possessionTime`, label ""Possession"") as an ""MM:SS"" string, e.g. ""34:03"".",game_state_tempo_clock,HISTORICAL_GAME_OUTPUT_USE_VIA_PRIOR_GAME_AGGREGATION,HISTORICAL_AGGREGATE_ONLY,CANDIDATE_OR_DERIVED,REQUIRED,RECON_UNIFIED_TEMPORAL_FIELD_REGISTRY_v1.2,true,UNMEASURED_UNTIL_SOURCE_MATERIALIZATION,1,NAME_MATCH_ONLY_NOT_POPULATION_EVIDENCE,NON_JOIN_OR_REVIEW,PIT_HISTORICAL_AGGREGATION_INPUT,true,true,PRIMARY,PUBLIC_REPOSITORY_UPSTREAM_TERMS_REVIEW,DERIVED_PUBLIC_REPO_REVIEW,W09 raw-field metadata only; no production feature adoption.
RF-000402,SRC-001,SportsDataverse,player_box,game_id,one row per player per stat category,integer,UNMATERIALIZED_OR_NOT_SCANNED,"ESPN game id, stamped from `g$header$id` (e.g. 401628455). Same for every row of one game.",identity_metadata,HISTORICAL_GAME_OUTPUT_USE_VIA_PRIOR_GAME_AGGREGATION,HISTORICAL_AGGREGATE_ONLY,JOIN_OR_METADATA,REQUIRED,RECON_UNIFIED_TEMPORAL_FIELD_REGISTRY_v1.2,true,UNMEASURED_UNTIL_SOURCE_MATERIALIZATION,8,NAME_MATCH_ONLY_NOT_POPULATION_EVIDENCE,JOIN_OR_METADATA,EVIDENCE_OR_METADATA_ONLY,false,true,PRIMARY,PUBLIC_REPOSITORY_UPSTREAM_TERMS_REVIEW,DERIVED_PUBLIC_REPO_REVIEW,W09 raw-field metadata only; no production feature adoption.
RF-000403,SRC-001,SportsDataverse,player_box,season,one row per player per stat category,integer,UNMATERIALIZED_OR_NOT_SCANNED,"Season year, stamped from `g$header$season$year` (e.g. 2024).",other,HISTORICAL_GAME_OUTPUT_USE_VIA_PRIOR_GAME_AGGREGATION,HISTORICAL_AGGREGATE_ONLY,CANDIDATE_OR_DERIVED,REQUIRED,RECON_UNIFIED_TEMPORAL_FIELD_REGISTRY_v1.2,true,UNMEASURED_UNTIL_SOURCE_MATERIALIZATION,10,NAME_MATCH_ONLY_NOT_POPULATION_EVIDENCE,NON_JOIN_OR_REVIEW,PIT_HISTORICAL_AGGREGATION_INPUT,true,true,PRIMARY,PUBLIC_REPOSITORY_UPSTREAM_TERMS_REVIEW,DERIVED_PUBLIC_REPO_REVIEW,W09 raw-field metadata only; no production feature adoption.
RF-000404,SRC-001,SportsDataverse,player_box,week,one row per player per stat category,integer,UNMATERIALIZED_OR_NOT_SCANNED,"Season week, stamped from `g$header$week` (e.g. 1). Added by season-compile loaders; expected per endpoint shape.",other,HISTORICAL_GAME_OUTPUT_USE_VIA_PRIOR_GAME_AGGREGATION,HISTORICAL_AGGREGATE_ONLY,CANDIDATE_OR_DERIVED,REQUIRED,RECON_UNIFIED_TEMPORAL_FIELD_REGISTRY_v1.2,true,UNMEASURED_UNTIL_SOURCE_MATERIALIZATION,5,NAME_MATCH_ONLY_NOT_POPULATION_EVIDENCE,NON_JOIN_OR_REVIEW,PIT_HISTORICAL_AGGREGATION_INPUT,true,true,PRIMARY,PUBLIC_REPOSITORY_UPSTREAM_TERMS_REVIEW,DERIVED_PUBLIC_REPO_REVIEW,W09 raw-field metadata only; no production feature adoption.
RF-000405,SRC-001,SportsDataverse,player_box,team_id,one row per player per stat category,integer,UNMATERIALIZED_OR_NOT_SCANNED,"ESPN team id of the team the player belongs to, from `players[].team$id` (e.g. 2006).",identity_metadata,HISTORICAL_GAME_OUTPUT_USE_VIA_PRIOR_GAME_AGGREGATION,HISTORICAL_AGGREGATE_ONLY,JOIN_OR_METADATA,REQUIRED,RECON_UNIFIED_TEMPORAL_FIELD_REGISTRY_v1.2,true,UNMEASURED_UNTIL_SOURCE_MATERIALIZATION,3,NAME_MATCH_ONLY_NOT_POPULATION_EVIDENCE,JOIN_OR_METADATA,EVIDENCE_OR_METADATA_ONLY,false,true,PRIMARY,PUBLIC_REPOSITORY_UPSTREAM_TERMS_REVIEW,DERIVED_PUBLIC_REPO_REVIEW,W09 raw-field metadata only; no production feature adoption.
RF-000406,SRC-001,SportsDataverse,player_box,category,one row per player per stat category,character,UNMATERIALIZED_OR_NOT_SCANNED,"Stat group name from `statistics[]$name`: one of passing, rushing, receiving, fumbles, defensive, interceptions, kickReturns, puntReturns, kicking, punting. Identifies which key block this row populates.",other,HISTORICAL_GAME_OUTPUT_USE_VIA_PRIOR_GAME_AGGREGATION,HISTORICAL_AGGREGATE_ONLY,CANDIDATE_OR_DERIVED,REQUIRED,RECON_UNIFIED_TEMPORAL_FIELD_REGISTRY_v1.2,true,UNMEASURED_UNTIL_SOURCE_MATERIALIZATION,1,NAME_MATCH_ONLY_NOT_POPULATION_EVIDENCE,NON_JOIN_OR_REVIEW,PIT_HISTORICAL_AGGREGATION_INPUT,true,true,PRIMARY,PUBLIC_REPOSITORY_UPSTREAM_TERMS_REVIEW,DERIVED_PUBLIC_REPO_REVIEW,W09 raw-field metadata only; no production feature adoption.
RF-000407,SRC-001,SportsDataverse,player_box,athlete_id,one row per player per stat category,integer,UNMATERIALIZED_OR_NOT_SCANNED,ESPN athlete id from `$athlete$id`. Integer-valued though delivered as a string upstream.,identity_metadata,HISTORICAL_GAME_OUTPUT_USE_VIA_PRIOR_GAME_AGGREGATION,HISTORICAL_AGGREGATE_ONLY,JOIN_OR_METADATA,REQUIRED,RECON_UNIFIED_TEMPORAL_FIELD_REGISTRY_v1.2,true,UNMEASURED_UNTIL_SOURCE_MATERIALIZATION,1,NAME_MATCH_ONLY_NOT_POPULATION_EVIDENCE,JOIN_OR_METADATA,EVIDENCE_OR_METADATA_ONLY,false,true,PRIMARY,PUBLIC_REPOSITORY_UPSTREAM_TERMS_REVIEW,DERIVED_PUBLIC_REPO_REVIEW,W09 raw-field metadata only; no production feature adoption.
RF-000408,SRC-001,SportsDataverse,player_box,athlete_name,one row per player per stat category,character,UNMATERIALIZED_OR_NOT_SCANNED,Athlete display name from `$athlete$displayName`.,identity_metadata,HISTORICAL_GAME_OUTPUT_USE_VIA_PRIOR_GAME_AGGREGATION,HISTORICAL_AGGREGATE_ONLY,JOIN_OR_METADATA,REQUIRED,RECON_UNIFIED_TEMPORAL_FIELD_REGISTRY_v1.2,true,UNMEASURED_UNTIL_SOURCE_MATERIALIZATION,2,NAME_MATCH_ONLY_NOT_POPULATION_EVIDENCE,JOIN_OR_METADATA,EVIDENCE_OR_METADATA_ONLY,false,true,PRIMARY,PUBLIC_REPOSITORY_UPSTREAM_TERMS_REVIEW,DERIVED_PUBLIC_REPO_REVIEW,W09 raw-field metadata only; no production feature adoption.
RF-000409,SRC-001,SportsDataverse,player_box,completions_passing_attempts,one row per player per stat category,character,UNMATERIALIZED_OR_NOT_SCANNED,"passing C/ATT — completions/attempts as a single slash-joined string (e.g. ""9/13"").",passing_receiving,HISTORICAL_GAME_OUTPUT_USE_VIA_PRIOR_GAME_AGGREGATION,HISTORICAL_AGGREGATE_ONLY,CANDIDATE_OR_DERIVED,REQUIRED,RECON_UNIFIED_TEMPORAL_FIELD_REGISTRY_v1.2,true,UNMEASURED_UNTIL_SOURCE_MATERIALIZATION,1,NAME_MATCH_ONLY_NOT_POPULATION_EVIDENCE,NON_JOIN_OR_REVIEW,PIT_HISTORICAL_AGGREGATION_INPUT,true,true,PRIMARY,PUBLIC_REPOSITORY_UPSTREAM_TERMS_REVIEW,DERIVED_PUBLIC_REPO_REVIEW,W09 raw-field metadata only; no production feature adoption.
RF-000410,SRC-001,SportsDataverse,player_box,passing_yards,one row per player per stat category,character,UNMATERIALIZED_OR_NOT_SCANNED,"passing YDS — passing yards (e.g. ""68"").",passing_receiving,HISTORICAL_GAME_OUTPUT_USE_VIA_PRIOR_GAME_AGGREGATION,HISTORICAL_AGGREGATE_ONLY,CANDIDATE_OR_DERIVED,REQUIRED,RECON_UNIFIED_TEMPORAL_FIELD_REGISTRY_v1.2,true,UNMEASURED_UNTIL_SOURCE_MATERIALIZATION,1,NAME_MATCH_ONLY_NOT_POPULATION_EVIDENCE,NON_JOIN_OR_REVIEW,PIT_HISTORICAL_AGGREGATION_INPUT,true,true,PRIMARY,PUBLIC_REPOSITORY_UPSTREAM_TERMS_REVIEW,DERIVED_PUBLIC_REPO_REVIEW,W09 raw-field metadata only; no production feature adoption.
RF-000411,SRC-001,SportsDataverse,player_box,yards_per_pass_attempt,one row per player per stat category,character,UNMATERIALIZED_OR_NOT_SCANNED,"passing AVG — yards per pass attempt (e.g. ""5.2"").",passing_receiving,HISTORICAL_GAME_OUTPUT_USE_VIA_PRIOR_GAME_AGGREGATION,HISTORICAL_AGGREGATE_ONLY,CANDIDATE_OR_DERIVED,REQUIRED,RECON_UNIFIED_TEMPORAL_FIELD_REGISTRY_v1.2,true,UNMEASURED_UNTIL_SOURCE_MATERIALIZATION,1,NAME_MATCH_ONLY_NOT_POPULATION_EVIDENCE,NON_JOIN_OR_REVIEW,PIT_HISTORICAL_AGGREGATION_INPUT,true,true,PRIMARY,PUBLIC_REPOSITORY_UPSTREAM_TERMS_REVIEW,DERIVED_PUBLIC_REPO_REVIEW,W09 raw-field metadata only; no production feature adoption.
RF-000412,SRC-001,SportsDataverse,player_box,passing_touchdowns,one row per player per stat category,character,UNMATERIALIZED_OR_NOT_SCANNED,passing TD — passing touchdowns.,passing_receiving,HISTORICAL_GAME_OUTPUT_USE_VIA_PRIOR_GAME_AGGREGATION,HISTORICAL_AGGREGATE_ONLY,CANDIDATE_OR_DERIVED,REQUIRED,RECON_UNIFIED_TEMPORAL_FIELD_REGISTRY_v1.2,true,UNMEASURED_UNTIL_SOURCE_MATERIALIZATION,1,NAME_MATCH_ONLY_NOT_POPULATION_EVIDENCE,NON_JOIN_OR_REVIEW,PIT_HISTORICAL_AGGREGATION_INPUT,true,true,PRIMARY,PUBLIC_REPOSITORY_UPSTREAM_TERMS_REVIEW,DERIVED_PUBLIC_REPO_REVIEW,W09 raw-field metadata only; no production feature adoption.
RF-000413,SRC-001,SportsDataverse,player_box,interceptions,one row per player per stat category,character,UNMATERIALIZED_OR_NOT_SCANNED,"Shared key: passing INT (interceptions thrown by passer) OR interceptions category INT (interceptions made on defense), depending on the row's category.",turnovers,HISTORICAL_GAME_OUTPUT_USE_VIA_PRIOR_GAME_AGGREGATION,HISTORICAL_AGGREGATE_ONLY,CANDIDATE_OR_DERIVED,REQUIRED,RECON_UNIFIED_TEMPORAL_FIELD_REGISTRY_v1.2,true,UNMEASURED_UNTIL_SOURCE_MATERIALIZATION,2,NAME_MATCH_ONLY_NOT_POPULATION_EVIDENCE,NON_JOIN_OR_REVIEW,PIT_HISTORICAL_AGGREGATION_INPUT,true,true,PRIMARY,PUBLIC_REPOSITORY_UPSTREAM_TERMS_REVIEW,DERIVED_PUBLIC_REPO_REVIEW,W09 raw-field metadata only; no production feature adoption.
RF-000414,SRC-001,SportsDataverse,player_box,adj_qbr,one row per player per stat category,character,UNMATERIALIZED_OR_NOT_SCANNED,"passing QBR — ESPN Adjusted Total QBR for the passer (e.g. ""74.0"").",passing_receiving,HISTORICAL_GAME_OUTPUT_USE_VIA_PRIOR_GAME_AGGREGATION,HISTORICAL_AGGREGATE_ONLY,CANDIDATE_OR_DERIVED,REQUIRED,RECON_UNIFIED_TEMPORAL_FIELD_REGISTRY_v1.2,true,UNMEASURED_UNTIL_SOURCE_MATERIALIZATION,1,NAME_MATCH_ONLY_NOT_POPULATION_EVIDENCE,NON_JOIN_OR_REVIEW,PIT_HISTORICAL_AGGREGATION_INPUT,true,true,PRIMARY,PUBLIC_REPOSITORY_UPSTREAM_TERMS_REVIEW,DERIVED_PUBLIC_REPO_REVIEW,W09 raw-field metadata only; no production feature adoption.
RF-000415,SRC-001,SportsDataverse,player_box,rushing_attempts,one row per player per stat category,character,UNMATERIALIZED_OR_NOT_SCANNED,rushing CAR — rushing attempts (carries).,rushing,HISTORICAL_GAME_OUTPUT_USE_VIA_PRIOR_GAME_AGGREGATION,HISTORICAL_AGGREGATE_ONLY,CANDIDATE_OR_DERIVED,REQUIRED,RECON_UNIFIED_TEMPORAL_FIELD_REGISTRY_v1.2,true,UNMEASURED_UNTIL_SOURCE_MATERIALIZATION,1,NAME_MATCH_ONLY_NOT_POPULATION_EVIDENCE,NON_JOIN_OR_REVIEW,PIT_HISTORICAL_AGGREGATION_INPUT,true,true,PRIMARY,PUBLIC_REPOSITORY_UPSTREAM_TERMS_REVIEW,DERIVED_PUBLIC_REPO_REVIEW,W09 raw-field metadata only; no production feature adoption.
RF-000416,SRC-001,SportsDataverse,player_box,rushing_yards,one row per player per stat category,character,UNMATERIALIZED_OR_NOT_SCANNED,rushing YDS — rushing yards.,rushing,HISTORICAL_GAME_OUTPUT_USE_VIA_PRIOR_GAME_AGGREGATION,HISTORICAL_AGGREGATE_ONLY,CANDIDATE_OR_DERIVED,REQUIRED,RECON_UNIFIED_TEMPORAL_FIELD_REGISTRY_v1.2,true,UNMEASURED_UNTIL_SOURCE_MATERIALIZATION,1,NAME_MATCH_ONLY_NOT_POPULATION_EVIDENCE,NON_JOIN_OR_REVIEW,PIT_HISTORICAL_AGGREGATION_INPUT,true,true,PRIMARY,PUBLIC_REPOSITORY_UPSTREAM_TERMS_REVIEW,DERIVED_PUBLIC_REPO_REVIEW,W09 raw-field metadata only; no production feature adoption.
RF-000417,SRC-001,SportsDataverse,player_box,yards_per_rush_attempt,one row per player per stat category,character,UNMATERIALIZED_OR_NOT_SCANNED,rushing AVG — yards per rush attempt.,rushing,HISTORICAL_GAME_OUTPUT_USE_VIA_PRIOR_GAME_AGGREGATION,HISTORICAL_AGGREGATE_ONLY,CANDIDATE_OR_DERIVED,REQUIRED,RECON_UNIFIED_TEMPORAL_FIELD_REGISTRY_v1.2,true,UNMEASURED_UNTIL_SOURCE_MATERIALIZATION,1,NAME_MATCH_ONLY_NOT_POPULATION_EVIDENCE,NON_JOIN_OR_REVIEW,PIT_HISTORICAL_AGGREGATION_INPUT,true,true,PRIMARY,PUBLIC_REPOSITORY_UPSTREAM_TERMS_REVIEW,DERIVED_PUBLIC_REPO_REVIEW,W09 raw-field metadata only; no production feature adoption.
RF-000418,SRC-001,SportsDataverse,player_box,rushing_touchdowns,one row per player per stat category,character,UNMATERIALIZED_OR_NOT_SCANNED,rushing TD — rushing touchdowns.,rushing,HISTORICAL_GAME_OUTPUT_USE_VIA_PRIOR_GAME_AGGREGATION,HISTORICAL_AGGREGATE_ONLY,CANDIDATE_OR_DERIVED,REQUIRED,RECON_UNIFIED_TEMPORAL_FIELD_REGISTRY_v1.2,true,UNMEASURED_UNTIL_SOURCE_MATERIALIZATION,0,NO_DIRECT_SAMPLE_EVIDENCE_LINKED,NON_JOIN_OR_REVIEW,PIT_HISTORICAL_AGGREGATION_INPUT,true,true,PRIMARY,PUBLIC_REPOSITORY_UPSTREAM_TERMS_REVIEW,DERIVED_PUBLIC_REPO_REVIEW,W09 raw-field metadata only; no production feature adoption.
RF-000419,SRC-001,SportsDataverse,player_box,long_rushing,one row per player per stat category,character,UNMATERIALIZED_OR_NOT_SCANNED,"rushing LONG — longest run, in yards.",rushing,HISTORICAL_GAME_OUTPUT_USE_VIA_PRIOR_GAME_AGGREGATION,HISTORICAL_AGGREGATE_ONLY,CANDIDATE_OR_DERIVED,REQUIRED,RECON_UNIFIED_TEMPORAL_FIELD_REGISTRY_v1.2,true,UNMEASURED_UNTIL_SOURCE_MATERIALIZATION,0,NO_DIRECT_SAMPLE_EVIDENCE_LINKED,NON_JOIN_OR_REVIEW,PIT_HISTORICAL_AGGREGATION_INPUT,true,true,PRIMARY,PUBLIC_REPOSITORY_UPSTREAM_TERMS_REVIEW,DERIVED_PUBLIC_REPO_REVIEW,W09 raw-field metadata only; no production feature adoption.
RF-000420,SRC-001,SportsDataverse,player_box,receptions,one row per player per stat category,character,UNMATERIALIZED_OR_NOT_SCANNED,receiving REC — receptions.,other,HISTORICAL_GAME_OUTPUT_USE_VIA_PRIOR_GAME_AGGREGATION,HISTORICAL_AGGREGATE_ONLY,CANDIDATE_OR_DERIVED,REQUIRED,RECON_UNIFIED_TEMPORAL_FIELD_REGISTRY_v1.2,true,UNMEASURED_UNTIL_SOURCE_MATERIALIZATION,0,NO_DIRECT_SAMPLE_EVIDENCE_LINKED,NON_JOIN_OR_REVIEW,PIT_HISTORICAL_AGGREGATION_INPUT,true,true,PRIMARY,PUBLIC_REPOSITORY_UPSTREAM_TERMS_REVIEW,DERIVED_PUBLIC_REPO_REVIEW,W09 raw-field metadata only; no production feature adoption.
RF-000421,SRC-001,SportsDataverse,player_box,receiving_yards,one row per player per stat category,character,UNMATERIALIZED_OR_NOT_SCANNED,receiving YDS — receiving yards.,situational_field_position,HISTORICAL_GAME_OUTPUT_USE_VIA_PRIOR_GAME_AGGREGATION,HISTORICAL_AGGREGATE_ONLY,CANDIDATE_OR_DERIVED,REQUIRED,RECON_UNIFIED_TEMPORAL_FIELD_REGISTRY_v1.2,true,UNMEASURED_UNTIL_SOURCE_MATERIALIZATION,0,NO_DIRECT_SAMPLE_EVIDENCE_LINKED,NON_JOIN_OR_REVIEW,PIT_HISTORICAL_AGGREGATION_INPUT,true,true,PRIMARY,PUBLIC_REPOSITORY_UPSTREAM_TERMS_REVIEW,DERIVED_PUBLIC_REPO_REVIEW,W09 raw-field metadata only; no production feature adoption.
RF-000422,SRC-001,SportsDataverse,player_box,yards_per_reception,one row per player per stat category,character,UNMATERIALIZED_OR_NOT_SCANNED,receiving AVG — yards per reception.,situational_field_position,HISTORICAL_GAME_OUTPUT_USE_VIA_PRIOR_GAME_AGGREGATION,HISTORICAL_AGGREGATE_ONLY,CANDIDATE_OR_DERIVED,REQUIRED,RECON_UNIFIED_TEMPORAL_FIELD_REGISTRY_v1.2,true,UNMEASURED_UNTIL_SOURCE_MATERIALIZATION,0,NO_DIRECT_SAMPLE_EVIDENCE_LINKED,NON_JOIN_OR_REVIEW,PIT_HISTORICAL_AGGREGATION_INPUT,true,true,PRIMARY,PUBLIC_REPOSITORY_UPSTREAM_TERMS_REVIEW,DERIVED_PUBLIC_REPO_REVIEW,W09 raw-field metadata only; no production feature adoption.
RF-000423,SRC-001,SportsDataverse,player_box,receiving_touchdowns,one row per player per stat category,character,UNMATERIALIZED_OR_NOT_SCANNED,receiving TD — receiving touchdowns.,situational_field_position,HISTORICAL_GAME_OUTPUT_USE_VIA_PRIOR_GAME_AGGREGATION,HISTORICAL_AGGREGATE_ONLY,CANDIDATE_OR_DERIVED,REQUIRED,RECON_UNIFIED_TEMPORAL_FIELD_REGISTRY_v1.2,true,UNMEASURED_UNTIL_SOURCE_MATERIALIZATION,0,NO_DIRECT_SAMPLE_EVIDENCE_LINKED,NON_JOIN_OR_REVIEW,PIT_HISTORICAL_AGGREGATION_INPUT,true,true,PRIMARY,PUBLIC_REPOSITORY_UPSTREAM_TERMS_REVIEW,DERIVED_PUBLIC_REPO_REVIEW,W09 raw-field metadata only; no production feature adoption.
RF-000424,SRC-001,SportsDataverse,player_box,long_reception,one row per player per stat category,character,UNMATERIALIZED_OR_NOT_SCANNED,"receiving LONG — longest reception, in yards.",other,HISTORICAL_GAME_OUTPUT_USE_VIA_PRIOR_GAME_AGGREGATION,HISTORICAL_AGGREGATE_ONLY,CANDIDATE_OR_DERIVED,REQUIRED,RECON_UNIFIED_TEMPORAL_FIELD_REGISTRY_v1.2,true,UNMEASURED_UNTIL_SOURCE_MATERIALIZATION,0,NO_DIRECT_SAMPLE_EVIDENCE_LINKED,NON_JOIN_OR_REVIEW,PIT_HISTORICAL_AGGREGATION_INPUT,true,true,PRIMARY,PUBLIC_REPOSITORY_UPSTREAM_TERMS_REVIEW,DERIVED_PUBLIC_REPO_REVIEW,W09 raw-field metadata only; no production feature adoption.
RF-000425,SRC-001,SportsDataverse,player_box,fumbles,one row per player per stat category,character,UNMATERIALIZED_OR_NOT_SCANNED,fumbles FUM — total fumbles.,turnovers,HISTORICAL_GAME_OUTPUT_USE_VIA_PRIOR_GAME_AGGREGATION,HISTORICAL_AGGREGATE_ONLY,CANDIDATE_OR_DERIVED,REQUIRED,RECON_UNIFIED_TEMPORAL_FIELD_REGISTRY_v1.2,true,UNMEASURED_UNTIL_SOURCE_MATERIALIZATION,0,NO_DIRECT_SAMPLE_EVIDENCE_LINKED,NON_JOIN_OR_REVIEW,PIT_HISTORICAL_AGGREGATION_INPUT,true,true,PRIMARY,PUBLIC_REPOSITORY_UPSTREAM_TERMS_REVIEW,DERIVED_PUBLIC_REPO_REVIEW,W09 raw-field metadata only; no production feature adoption.
RF-000426,SRC-001,SportsDataverse,player_box,fumbles_lost,one row per player per stat category,character,UNMATERIALIZED_OR_NOT_SCANNED,fumbles LOST — fumbles lost to the opponent.,turnovers,HISTORICAL_GAME_OUTPUT_USE_VIA_PRIOR_GAME_AGGREGATION,HISTORICAL_AGGREGATE_ONLY,CANDIDATE_OR_DERIVED,REQUIRED,RECON_UNIFIED_TEMPORAL_FIELD_REGISTRY_v1.2,true,UNMEASURED_UNTIL_SOURCE_MATERIALIZATION,1,NAME_MATCH_ONLY_NOT_POPULATION_EVIDENCE,NON_JOIN_OR_REVIEW,PIT_HISTORICAL_AGGREGATION_INPUT,true,true,PRIMARY,PUBLIC_REPOSITORY_UPSTREAM_TERMS_REVIEW,DERIVED_PUBLIC_REPO_REVIEW,W09 raw-field metadata only; no production feature adoption.
RF-000427,SRC-001,SportsDataverse,player_box,fumbles_recovered,one row per player per stat category,character,UNMATERIALIZED_OR_NOT_SCANNED,fumbles REC — fumbles recovered.,turnovers,HISTORICAL_GAME_OUTPUT_USE_VIA_PRIOR_GAME_AGGREGATION,HISTORICAL_AGGREGATE_ONLY,CANDIDATE_OR_DERIVED,REQUIRED,RECON_UNIFIED_TEMPORAL_FIELD_REGISTRY_v1.2,true,UNMEASURED_UNTIL_SOURCE_MATERIALIZATION,0,NO_DIRECT_SAMPLE_EVIDENCE_LINKED,NON_JOIN_OR_REVIEW,PIT_HISTORICAL_AGGREGATION_INPUT,true,true,PRIMARY,PUBLIC_REPOSITORY_UPSTREAM_TERMS_REVIEW,DERIVED_PUBLIC_REPO_REVIEW,W09 raw-field metadata only; no production feature adoption.
RF-000428,SRC-001,SportsDataverse,player_box,total_tackles,one row per player per stat category,character,UNMATERIALIZED_OR_NOT_SCANNED,defensive TOT — total tackles.,other,HISTORICAL_GAME_OUTPUT_USE_VIA_PRIOR_GAME_AGGREGATION,HISTORICAL_AGGREGATE_ONLY,CANDIDATE_OR_DERIVED,REQUIRED,RECON_UNIFIED_TEMPORAL_FIELD_REGISTRY_v1.2,true,UNMEASURED_UNTIL_SOURCE_MATERIALIZATION,0,NO_DIRECT_SAMPLE_EVIDENCE_LINKED,NON_JOIN_OR_REVIEW,PIT_HISTORICAL_AGGREGATION_INPUT,true,true,PRIMARY,PUBLIC_REPOSITORY_UPSTREAM_TERMS_REVIEW,DERIVED_PUBLIC_REPO_REVIEW,W09 raw-field metadata only; no production feature adoption.
RF-000429,SRC-001,SportsDataverse,player_box,solo_tackles,one row per player per stat category,character,UNMATERIALIZED_OR_NOT_SCANNED,defensive SOLO — solo (unassisted) tackles.,other,HISTORICAL_GAME_OUTPUT_USE_VIA_PRIOR_GAME_AGGREGATION,HISTORICAL_AGGREGATE_ONLY,CANDIDATE_OR_DERIVED,REQUIRED,RECON_UNIFIED_TEMPORAL_FIELD_REGISTRY_v1.2,true,UNMEASURED_UNTIL_SOURCE_MATERIALIZATION,0,NO_DIRECT_SAMPLE_EVIDENCE_LINKED,NON_JOIN_OR_REVIEW,PIT_HISTORICAL_AGGREGATION_INPUT,true,true,PRIMARY,PUBLIC_REPOSITORY_UPSTREAM_TERMS_REVIEW,DERIVED_PUBLIC_REPO_REVIEW,W09 raw-field metadata only; no production feature adoption.
RF-000430,SRC-001,SportsDataverse,player_box,sacks,one row per player per stat category,character,UNMATERIALIZED_OR_NOT_SCANNED,"defensive SACKS — sacks (may be fractional, e.g. ""1.5"").",other,HISTORICAL_GAME_OUTPUT_USE_VIA_PRIOR_GAME_AGGREGATION,HISTORICAL_AGGREGATE_ONLY,CANDIDATE_OR_DERIVED,REQUIRED,RECON_UNIFIED_TEMPORAL_FIELD_REGISTRY_v1.2,true,UNMEASURED_UNTIL_SOURCE_MATERIALIZATION,0,NO_DIRECT_SAMPLE_EVIDENCE_LINKED,NON_JOIN_OR_REVIEW,PIT_HISTORICAL_AGGREGATION_INPUT,true,true,PRIMARY,PUBLIC_REPOSITORY_UPSTREAM_TERMS_REVIEW,DERIVED_PUBLIC_REPO_REVIEW,W09 raw-field metadata only; no production feature adoption.
RF-000431,SRC-001,SportsDataverse,player_box,tackles_for_loss,one row per player per stat category,character,UNMATERIALIZED_OR_NOT_SCANNED,defensive TFL — tackles for loss.,other,HISTORICAL_GAME_OUTPUT_USE_VIA_PRIOR_GAME_AGGREGATION,HISTORICAL_AGGREGATE_ONLY,CANDIDATE_OR_DERIVED,REQUIRED,RECON_UNIFIED_TEMPORAL_FIELD_REGISTRY_v1.2,true,UNMEASURED_UNTIL_SOURCE_MATERIALIZATION,0,NO_DIRECT_SAMPLE_EVIDENCE_LINKED,NON_JOIN_OR_REVIEW,PIT_HISTORICAL_AGGREGATION_INPUT,true,true,PRIMARY,PUBLIC_REPOSITORY_UPSTREAM_TERMS_REVIEW,DERIVED_PUBLIC_REPO_REVIEW,W09 raw-field metadata only; no production feature adoption.
RF-000432,SRC-001,SportsDataverse,player_box,passes_defended,one row per player per stat category,character,UNMATERIALIZED_OR_NOT_SCANNED,defensive PD — passes defended/broken up.,passing_receiving,HISTORICAL_GAME_OUTPUT_USE_VIA_PRIOR_GAME_AGGREGATION,HISTORICAL_AGGREGATE_ONLY,CANDIDATE_OR_DERIVED,REQUIRED,RECON_UNIFIED_TEMPORAL_FIELD_REGISTRY_v1.2,true,UNMEASURED_UNTIL_SOURCE_MATERIALIZATION,0,NO_DIRECT_SAMPLE_EVIDENCE_LINKED,NON_JOIN_OR_REVIEW,PIT_HISTORICAL_AGGREGATION_INPUT,true,true,PRIMARY,PUBLIC_REPOSITORY_UPSTREAM_TERMS_REVIEW,DERIVED_PUBLIC_REPO_REVIEW,W09 raw-field metadata only; no production feature adoption.
RF-000433,SRC-001,SportsDataverse,player_box,hurries,one row per player per stat category,character,UNMATERIALIZED_OR_NOT_SCANNED,defensive QB HUR — quarterback hurries.,other,HISTORICAL_GAME_OUTPUT_USE_VIA_PRIOR_GAME_AGGREGATION,HISTORICAL_AGGREGATE_ONLY,CANDIDATE_OR_DERIVED,REQUIRED,RECON_UNIFIED_TEMPORAL_FIELD_REGISTRY_v1.2,true,UNMEASURED_UNTIL_SOURCE_MATERIALIZATION,0,NO_DIRECT_SAMPLE_EVIDENCE_LINKED,NON_JOIN_OR_REVIEW,PIT_HISTORICAL_AGGREGATION_INPUT,true,true,PRIMARY,PUBLIC_REPOSITORY_UPSTREAM_TERMS_REVIEW,DERIVED_PUBLIC_REPO_REVIEW,W09 raw-field metadata only; no production feature adoption.
RF-000434,SRC-001,SportsDataverse,player_box,defensive_touchdowns,one row per player per stat category,character,UNMATERIALIZED_OR_NOT_SCANNED,defensive TD — defensive touchdowns scored.,situational_field_position,HISTORICAL_GAME_OUTPUT_USE_VIA_PRIOR_GAME_AGGREGATION,HISTORICAL_AGGREGATE_ONLY,CANDIDATE_OR_DERIVED,REQUIRED,RECON_UNIFIED_TEMPORAL_FIELD_REGISTRY_v1.2,true,UNMEASURED_UNTIL_SOURCE_MATERIALIZATION,0,NO_DIRECT_SAMPLE_EVIDENCE_LINKED,NON_JOIN_OR_REVIEW,PIT_HISTORICAL_AGGREGATION_INPUT,true,true,PRIMARY,PUBLIC_REPOSITORY_UPSTREAM_TERMS_REVIEW,DERIVED_PUBLIC_REPO_REVIEW,W09 raw-field metadata only; no production feature adoption.
RF-000435,SRC-001,SportsDataverse,player_box,interception_yards,one row per player per stat category,character,UNMATERIALIZED_OR_NOT_SCANNED,interceptions YDS — return yards on interceptions. Empty in this fixture (0 athletes in the interceptions category); expected per endpoint shape.,situational_field_position,HISTORICAL_GAME_OUTPUT_USE_VIA_PRIOR_GAME_AGGREGATION,HISTORICAL_AGGREGATE_ONLY,CANDIDATE_OR_DERIVED,REQUIRED,RECON_UNIFIED_TEMPORAL_FIELD_REGISTRY_v1.2,true,UNMEASURED_UNTIL_SOURCE_MATERIALIZATION,0,NO_DIRECT_SAMPLE_EVIDENCE_LINKED,NON_JOIN_OR_REVIEW,PIT_HISTORICAL_AGGREGATION_INPUT,true,true,PRIMARY,PUBLIC_REPOSITORY_UPSTREAM_TERMS_REVIEW,DERIVED_PUBLIC_REPO_REVIEW,W09 raw-field metadata only; no production feature adoption.
RF-000436,SRC-001,SportsDataverse,player_box,interception_touchdowns,one row per player per stat category,character,UNMATERIALIZED_OR_NOT_SCANNED,interceptions TD — touchdowns scored on interception returns. Empty in this fixture; expected per endpoint shape.,situational_field_position,HISTORICAL_GAME_OUTPUT_USE_VIA_PRIOR_GAME_AGGREGATION,HISTORICAL_AGGREGATE_ONLY,CANDIDATE_OR_DERIVED,REQUIRED,RECON_UNIFIED_TEMPORAL_FIELD_REGISTRY_v1.2,true,UNMEASURED_UNTIL_SOURCE_MATERIALIZATION,0,NO_DIRECT_SAMPLE_EVIDENCE_LINKED,NON_JOIN_OR_REVIEW,PIT_HISTORICAL_AGGREGATION_INPUT,true,true,PRIMARY,PUBLIC_REPOSITORY_UPSTREAM_TERMS_REVIEW,DERIVED_PUBLIC_REPO_REVIEW,W09 raw-field metadata only; no production feature adoption.
RF-000437,SRC-001,SportsDataverse,player_box,kick_returns,one row per player per stat category,character,UNMATERIALIZED_OR_NOT_SCANNED,kickReturns NO — number of kick returns. Empty in this fixture (0 athletes); expected per endpoint shape.,special_teams,HISTORICAL_GAME_OUTPUT_USE_VIA_PRIOR_GAME_AGGREGATION,HISTORICAL_AGGREGATE_ONLY,CANDIDATE_OR_DERIVED,REQUIRED,RECON_UNIFIED_TEMPORAL_FIELD_REGISTRY_v1.2,true,UNMEASURED_UNTIL_SOURCE_MATERIALIZATION,0,NO_DIRECT_SAMPLE_EVIDENCE_LINKED,NON_JOIN_OR_REVIEW,PIT_HISTORICAL_AGGREGATION_INPUT,true,true,PRIMARY,PUBLIC_REPOSITORY_UPSTREAM_TERMS_REVIEW,DERIVED_PUBLIC_REPO_REVIEW,W09 raw-field metadata only; no production feature adoption.
RF-000438,SRC-001,SportsDataverse,player_box,kick_return_yards,one row per player per stat category,character,UNMATERIALIZED_OR_NOT_SCANNED,kickReturns YDS — kick return yards. Empty in this fixture; expected.,special_teams,HISTORICAL_GAME_OUTPUT_USE_VIA_PRIOR_GAME_AGGREGATION,HISTORICAL_AGGREGATE_ONLY,CANDIDATE_OR_DERIVED,REQUIRED,RECON_UNIFIED_TEMPORAL_FIELD_REGISTRY_v1.2,true,UNMEASURED_UNTIL_SOURCE_MATERIALIZATION,0,NO_DIRECT_SAMPLE_EVIDENCE_LINKED,NON_JOIN_OR_REVIEW,PIT_HISTORICAL_AGGREGATION_INPUT,true,true,PRIMARY,PUBLIC_REPOSITORY_UPSTREAM_TERMS_REVIEW,DERIVED_PUBLIC_REPO_REVIEW,W09 raw-field metadata only; no production feature adoption.
RF-000439,SRC-001,SportsDataverse,player_box,yards_per_kick_return,one row per player per stat category,character,UNMATERIALIZED_OR_NOT_SCANNED,kickReturns AVG — yards per kick return. Empty in this fixture; expected.,special_teams,HISTORICAL_GAME_OUTPUT_USE_VIA_PRIOR_GAME_AGGREGATION,HISTORICAL_AGGREGATE_ONLY,CANDIDATE_OR_DERIVED,REQUIRED,RECON_UNIFIED_TEMPORAL_FIELD_REGISTRY_v1.2,true,UNMEASURED_UNTIL_SOURCE_MATERIALIZATION,0,NO_DIRECT_SAMPLE_EVIDENCE_LINKED,NON_JOIN_OR_REVIEW,PIT_HISTORICAL_AGGREGATION_INPUT,true,true,PRIMARY,PUBLIC_REPOSITORY_UPSTREAM_TERMS_REVIEW,DERIVED_PUBLIC_REPO_REVIEW,W09 raw-field metadata only; no production feature adoption.
RF-000440,SRC-001,SportsDataverse,player_box,long_kick_return,one row per player per stat category,character,UNMATERIALIZED_OR_NOT_SCANNED,kickReturns LONG — longest kick return. Empty in this fixture; expected.,special_teams,HISTORICAL_GAME_OUTPUT_USE_VIA_PRIOR_GAME_AGGREGATION,HISTORICAL_AGGREGATE_ONLY,CANDIDATE_OR_DERIVED,REQUIRED,RECON_UNIFIED_TEMPORAL_FIELD_REGISTRY_v1.2,true,UNMEASURED_UNTIL_SOURCE_MATERIALIZATION,0,NO_DIRECT_SAMPLE_EVIDENCE_LINKED,NON_JOIN_OR_REVIEW,PIT_HISTORICAL_AGGREGATION_INPUT,true,true,PRIMARY,PUBLIC_REPOSITORY_UPSTREAM_TERMS_REVIEW,DERIVED_PUBLIC_REPO_REVIEW,W09 raw-field metadata only; no production feature adoption.
RF-000441,SRC-001,SportsDataverse,player_box,kick_return_touchdowns,one row per player per stat category,character,UNMATERIALIZED_OR_NOT_SCANNED,kickReturns TD — kick return touchdowns. Empty in this fixture; expected.,special_teams,HISTORICAL_GAME_OUTPUT_USE_VIA_PRIOR_GAME_AGGREGATION,HISTORICAL_AGGREGATE_ONLY,CANDIDATE_OR_DERIVED,REQUIRED,RECON_UNIFIED_TEMPORAL_FIELD_REGISTRY_v1.2,true,UNMEASURED_UNTIL_SOURCE_MATERIALIZATION,0,NO_DIRECT_SAMPLE_EVIDENCE_LINKED,NON_JOIN_OR_REVIEW,PIT_HISTORICAL_AGGREGATION_INPUT,true,true,PRIMARY,PUBLIC_REPOSITORY_UPSTREAM_TERMS_REVIEW,DERIVED_PUBLIC_REPO_REVIEW,W09 raw-field metadata only; no production feature adoption.
RF-000442,SRC-001,SportsDataverse,player_box,punt_returns,one row per player per stat category,character,UNMATERIALIZED_OR_NOT_SCANNED,puntReturns NO — number of punt returns. Empty in this fixture (0 athletes); expected per endpoint shape.,special_teams,HISTORICAL_GAME_OUTPUT_USE_VIA_PRIOR_GAME_AGGREGATION,HISTORICAL_AGGREGATE_ONLY,CANDIDATE_OR_DERIVED,REQUIRED,RECON_UNIFIED_TEMPORAL_FIELD_REGISTRY_v1.2,true,UNMEASURED_UNTIL_SOURCE_MATERIALIZATION,0,NO_DIRECT_SAMPLE_EVIDENCE_LINKED,NON_JOIN_OR_REVIEW,PIT_HISTORICAL_AGGREGATION_INPUT,true,true,PRIMARY,PUBLIC_REPOSITORY_UPSTREAM_TERMS_REVIEW,DERIVED_PUBLIC_REPO_REVIEW,W09 raw-field metadata only; no production feature adoption.
RF-000443,SRC-001,SportsDataverse,player_box,punt_return_yards,one row per player per stat category,character,UNMATERIALIZED_OR_NOT_SCANNED,puntReturns YDS — punt return yards. Empty in this fixture; expected.,special_teams,HISTORICAL_GAME_OUTPUT_USE_VIA_PRIOR_GAME_AGGREGATION,HISTORICAL_AGGREGATE_ONLY,CANDIDATE_OR_DERIVED,REQUIRED,RECON_UNIFIED_TEMPORAL_FIELD_REGISTRY_v1.2,true,UNMEASURED_UNTIL_SOURCE_MATERIALIZATION,0,NO_DIRECT_SAMPLE_EVIDENCE_LINKED,NON_JOIN_OR_REVIEW,PIT_HISTORICAL_AGGREGATION_INPUT,true,true,PRIMARY,PUBLIC_REPOSITORY_UPSTREAM_TERMS_REVIEW,DERIVED_PUBLIC_REPO_REVIEW,W09 raw-field metadata only; no production feature adoption.
RF-000444,SRC-001,SportsDataverse,player_box,yards_per_punt_return,one row per player per stat category,character,UNMATERIALIZED_OR_NOT_SCANNED,puntReturns AVG — yards per punt return. Empty in this fixture; expected.,special_teams,HISTORICAL_GAME_OUTPUT_USE_VIA_PRIOR_GAME_AGGREGATION,HISTORICAL_AGGREGATE_ONLY,CANDIDATE_OR_DERIVED,REQUIRED,RECON_UNIFIED_TEMPORAL_FIELD_REGISTRY_v1.2,true,UNMEASURED_UNTIL_SOURCE_MATERIALIZATION,0,NO_DIRECT_SAMPLE_EVIDENCE_LINKED,NON_JOIN_OR_REVIEW,PIT_HISTORICAL_AGGREGATION_INPUT,true,true,PRIMARY,PUBLIC_REPOSITORY_UPSTREAM_TERMS_REVIEW,DERIVED_PUBLIC_REPO_REVIEW,W09 raw-field metadata only; no production feature adoption.
RF-000445,SRC-001,SportsDataverse,player_box,long_punt_return,one row per player per stat category,character,UNMATERIALIZED_OR_NOT_SCANNED,puntReturns LONG — longest punt return. Empty in this fixture; expected.,special_teams,HISTORICAL_GAME_OUTPUT_USE_VIA_PRIOR_GAME_AGGREGATION,HISTORICAL_AGGREGATE_ONLY,CANDIDATE_OR_DERIVED,REQUIRED,RECON_UNIFIED_TEMPORAL_FIELD_REGISTRY_v1.2,true,UNMEASURED_UNTIL_SOURCE_MATERIALIZATION,0,NO_DIRECT_SAMPLE_EVIDENCE_LINKED,NON_JOIN_OR_REVIEW,PIT_HISTORICAL_AGGREGATION_INPUT,true,true,PRIMARY,PUBLIC_REPOSITORY_UPSTREAM_TERMS_REVIEW,DERIVED_PUBLIC_REPO_REVIEW,W09 raw-field metadata only; no production feature adoption.
RF-000446,SRC-001,SportsDataverse,player_box,punt_return_touchdowns,one row per player per stat category,character,UNMATERIALIZED_OR_NOT_SCANNED,puntReturns TD — punt return touchdowns. Empty in this fixture; expected.,special_teams,HISTORICAL_GAME_OUTPUT_USE_VIA_PRIOR_GAME_AGGREGATION,HISTORICAL_AGGREGATE_ONLY,CANDIDATE_OR_DERIVED,REQUIRED,RECON_UNIFIED_TEMPORAL_FIELD_REGISTRY_v1.2,true,UNMEASURED_UNTIL_SOURCE_MATERIALIZATION,0,NO_DIRECT_SAMPLE_EVIDENCE_LINKED,NON_JOIN_OR_REVIEW,PIT_HISTORICAL_AGGREGATION_INPUT,true,true,PRIMARY,PUBLIC_REPOSITORY_UPSTREAM_TERMS_REVIEW,DERIVED_PUBLIC_REPO_REVIEW,W09 raw-field metadata only; no production feature adoption.
RF-000447,SRC-001,SportsDataverse,player_box,field_goals_made_field_goal_attempts,one row per player per stat category,character,UNMATERIALIZED_OR_NOT_SCANNED,"kicking FG — field goals made/attempts as a slash-joined string (e.g. ""2/2"").",special_teams,HISTORICAL_GAME_OUTPUT_USE_VIA_PRIOR_GAME_AGGREGATION,HISTORICAL_AGGREGATE_ONLY,CANDIDATE_OR_DERIVED,REQUIRED,RECON_UNIFIED_TEMPORAL_FIELD_REGISTRY_v1.2,true,UNMEASURED_UNTIL_SOURCE_MATERIALIZATION,0,NO_DIRECT_SAMPLE_EVIDENCE_LINKED,NON_JOIN_OR_REVIEW,PIT_HISTORICAL_AGGREGATION_INPUT,true,true,PRIMARY,PUBLIC_REPOSITORY_UPSTREAM_TERMS_REVIEW,DERIVED_PUBLIC_REPO_REVIEW,W09 raw-field metadata only; no production feature adoption.
RF-000448,SRC-001,SportsDataverse,player_box,field_goal_pct,one row per player per stat category,character,UNMATERIALIZED_OR_NOT_SCANNED,"kicking PCT — field goal percentage (e.g. ""100.0"").",special_teams,HISTORICAL_GAME_OUTPUT_USE_VIA_PRIOR_GAME_AGGREGATION,HISTORICAL_AGGREGATE_ONLY,CANDIDATE_OR_DERIVED,REQUIRED,RECON_UNIFIED_TEMPORAL_FIELD_REGISTRY_v1.2,true,UNMEASURED_UNTIL_SOURCE_MATERIALIZATION,0,NO_DIRECT_SAMPLE_EVIDENCE_LINKED,NON_JOIN_OR_REVIEW,PIT_HISTORICAL_AGGREGATION_INPUT,true,true,PRIMARY,PUBLIC_REPOSITORY_UPSTREAM_TERMS_REVIEW,DERIVED_PUBLIC_REPO_REVIEW,W09 raw-field metadata only; no production feature adoption.
RF-000449,SRC-001,SportsDataverse,player_box,long_field_goal_made,one row per player per stat category,character,UNMATERIALIZED_OR_NOT_SCANNED,"kicking LONG — longest field goal made, in yards.",special_teams,HISTORICAL_GAME_OUTPUT_USE_VIA_PRIOR_GAME_AGGREGATION,HISTORICAL_AGGREGATE_ONLY,CANDIDATE_OR_DERIVED,REQUIRED,RECON_UNIFIED_TEMPORAL_FIELD_REGISTRY_v1.2,true,UNMEASURED_UNTIL_SOURCE_MATERIALIZATION,0,NO_DIRECT_SAMPLE_EVIDENCE_LINKED,NON_JOIN_OR_REVIEW,PIT_HISTORICAL_AGGREGATION_INPUT,true,true,PRIMARY,PUBLIC_REPOSITORY_UPSTREAM_TERMS_REVIEW,DERIVED_PUBLIC_REPO_REVIEW,W09 raw-field metadata only; no production feature adoption.
RF-000450,SRC-001,SportsDataverse,player_box,extra_points_made_extra_point_attempts,one row per player per stat category,character,UNMATERIALIZED_OR_NOT_SCANNED,"kicking XP — extra points made/attempts as a slash-joined string (e.g. ""0/0"").",other,HISTORICAL_GAME_OUTPUT_USE_VIA_PRIOR_GAME_AGGREGATION,HISTORICAL_AGGREGATE_ONLY,CANDIDATE_OR_DERIVED,REQUIRED,RECON_UNIFIED_TEMPORAL_FIELD_REGISTRY_v1.2,true,UNMEASURED_UNTIL_SOURCE_MATERIALIZATION,0,NO_DIRECT_SAMPLE_EVIDENCE_LINKED,NON_JOIN_OR_REVIEW,PIT_HISTORICAL_AGGREGATION_INPUT,true,true,PRIMARY,PUBLIC_REPOSITORY_UPSTREAM_TERMS_REVIEW,DERIVED_PUBLIC_REPO_REVIEW,W09 raw-field metadata only; no production feature adoption.
RF-000451,SRC-001,SportsDataverse,player_box,total_kicking_points,one row per player per stat category,character,UNMATERIALIZED_OR_NOT_SCANNED,kicking PTS — total kicking points scored.,special_teams,HISTORICAL_GAME_OUTPUT_USE_VIA_PRIOR_GAME_AGGREGATION,HISTORICAL_AGGREGATE_ONLY,CANDIDATE_OR_DERIVED,REQUIRED,RECON_UNIFIED_TEMPORAL_FIELD_REGISTRY_v1.2,true,UNMEASURED_UNTIL_SOURCE_MATERIALIZATION,0,NO_DIRECT_SAMPLE_EVIDENCE_LINKED,NON_JOIN_OR_REVIEW,PIT_HISTORICAL_AGGREGATION_INPUT,true,true,PRIMARY,PUBLIC_REPOSITORY_UPSTREAM_TERMS_REVIEW,DERIVED_PUBLIC_REPO_REVIEW,W09 raw-field metadata only; no production feature adoption.
RF-000452,SRC-001,SportsDataverse,player_box,punts,one row per player per stat category,character,UNMATERIALIZED_OR_NOT_SCANNED,punting NO — number of punts.,special_teams,HISTORICAL_GAME_OUTPUT_USE_VIA_PRIOR_GAME_AGGREGATION,HISTORICAL_AGGREGATE_ONLY,CANDIDATE_OR_DERIVED,REQUIRED,RECON_UNIFIED_TEMPORAL_FIELD_REGISTRY_v1.2,true,UNMEASURED_UNTIL_SOURCE_MATERIALIZATION,0,NO_DIRECT_SAMPLE_EVIDENCE_LINKED,NON_JOIN_OR_REVIEW,PIT_HISTORICAL_AGGREGATION_INPUT,true,true,PRIMARY,PUBLIC_REPOSITORY_UPSTREAM_TERMS_REVIEW,DERIVED_PUBLIC_REPO_REVIEW,W09 raw-field metadata only; no production feature adoption.
RF-000453,SRC-001,SportsDataverse,player_box,punt_yards,one row per player per stat category,character,UNMATERIALIZED_OR_NOT_SCANNED,punting YDS — total punt yards.,special_teams,HISTORICAL_GAME_OUTPUT_USE_VIA_PRIOR_GAME_AGGREGATION,HISTORICAL_AGGREGATE_ONLY,CANDIDATE_OR_DERIVED,REQUIRED,RECON_UNIFIED_TEMPORAL_FIELD_REGISTRY_v1.2,true,UNMEASURED_UNTIL_SOURCE_MATERIALIZATION,0,NO_DIRECT_SAMPLE_EVIDENCE_LINKED,NON_JOIN_OR_REVIEW,PIT_HISTORICAL_AGGREGATION_INPUT,true,true,PRIMARY,PUBLIC_REPOSITORY_UPSTREAM_TERMS_REVIEW,DERIVED_PUBLIC_REPO_REVIEW,W09 raw-field metadata only; no production feature adoption.
RF-000454,SRC-001,SportsDataverse,player_box,gross_avg_punt_yards,one row per player per stat category,character,UNMATERIALIZED_OR_NOT_SCANNED,"punting AVG — gross average yards per punt (e.g. ""48.2"").",special_teams,HISTORICAL_GAME_OUTPUT_USE_VIA_PRIOR_GAME_AGGREGATION,HISTORICAL_AGGREGATE_ONLY,CANDIDATE_OR_DERIVED,REQUIRED,RECON_UNIFIED_TEMPORAL_FIELD_REGISTRY_v1.2,true,UNMEASURED_UNTIL_SOURCE_MATERIALIZATION,0,NO_DIRECT_SAMPLE_EVIDENCE_LINKED,NON_JOIN_OR_REVIEW,PIT_HISTORICAL_AGGREGATION_INPUT,true,true,PRIMARY,PUBLIC_REPOSITORY_UPSTREAM_TERMS_REVIEW,DERIVED_PUBLIC_REPO_REVIEW,W09 raw-field metadata only; no production feature adoption.
RF-000455,SRC-001,SportsDataverse,player_box,touchbacks,one row per player per stat category,character,UNMATERIALIZED_OR_NOT_SCANNED,punting TB — punts resulting in touchbacks.,other,HISTORICAL_GAME_OUTPUT_USE_VIA_PRIOR_GAME_AGGREGATION,HISTORICAL_AGGREGATE_ONLY,CANDIDATE_OR_DERIVED,REQUIRED,RECON_UNIFIED_TEMPORAL_FIELD_REGISTRY_v1.2,true,UNMEASURED_UNTIL_SOURCE_MATERIALIZATION,0,NO_DIRECT_SAMPLE_EVIDENCE_LINKED,NON_JOIN_OR_REVIEW,PIT_HISTORICAL_AGGREGATION_INPUT,true,true,PRIMARY,PUBLIC_REPOSITORY_UPSTREAM_TERMS_REVIEW,DERIVED_PUBLIC_REPO_REVIEW,W09 raw-field metadata only; no production feature adoption.
RF-000456,SRC-001,SportsDataverse,player_box,punts_inside20,one row per player per stat category,character,UNMATERIALIZED_OR_NOT_SCANNED,punting In 20 — punts downed inside the opponent 20-yard line.,special_teams,HISTORICAL_GAME_OUTPUT_USE_VIA_PRIOR_GAME_AGGREGATION,HISTORICAL_AGGREGATE_ONLY,CANDIDATE_OR_DERIVED,REQUIRED,RECON_UNIFIED_TEMPORAL_FIELD_REGISTRY_v1.2,true,UNMEASURED_UNTIL_SOURCE_MATERIALIZATION,0,NO_DIRECT_SAMPLE_EVIDENCE_LINKED,NON_JOIN_OR_REVIEW,PIT_HISTORICAL_AGGREGATION_INPUT,true,true,PRIMARY,PUBLIC_REPOSITORY_UPSTREAM_TERMS_REVIEW,DERIVED_PUBLIC_REPO_REVIEW,W09 raw-field metadata only; no production feature adoption.
RF-000457,SRC-001,SportsDataverse,player_box,long_punt,one row per player per stat category,character,UNMATERIALIZED_OR_NOT_SCANNED,"punting LONG — longest punt, in yards.",special_teams,HISTORICAL_GAME_OUTPUT_USE_VIA_PRIOR_GAME_AGGREGATION,HISTORICAL_AGGREGATE_ONLY,CANDIDATE_OR_DERIVED,REQUIRED,RECON_UNIFIED_TEMPORAL_FIELD_REGISTRY_v1.2,true,UNMEASURED_UNTIL_SOURCE_MATERIALIZATION,0,NO_DIRECT_SAMPLE_EVIDENCE_LINKED,NON_JOIN_OR_REVIEW,PIT_HISTORICAL_AGGREGATION_INPUT,true,true,PRIMARY,PUBLIC_REPOSITORY_UPSTREAM_TERMS_REVIEW,DERIVED_PUBLIC_REPO_REVIEW,W09 raw-field metadata only; no production feature adoption.
RF-000458,SRC-001,SportsDataverse,adv_team,game_id,one row per team,integer,UNMATERIALIZED_OR_NOT_SCANNED,"ESPN game id, stamped onto every row during the season-wide bind (from top-level `id`/`gameId`).",identity_metadata,HISTORICAL_GAME_OUTPUT_USE_VIA_PRIOR_GAME_AGGREGATION,HISTORICAL_AGGREGATE_ONLY,JOIN_OR_METADATA,REQUIRED,RECON_UNIFIED_TEMPORAL_FIELD_REGISTRY_v1.2,true,UNMEASURED_UNTIL_SOURCE_MATERIALIZATION,8,NAME_MATCH_ONLY_NOT_POPULATION_EVIDENCE,JOIN_OR_METADATA,EVIDENCE_OR_METADATA_ONLY,false,true,PRIMARY,PUBLIC_REPOSITORY_UPSTREAM_TERMS_REVIEW,DERIVED_PUBLIC_REPO_REVIEW,W09 raw-field metadata only; no production feature adoption.
RF-000459,SRC-001,SportsDataverse,adv_team,season,one row per team,integer,UNMATERIALIZED_OR_NOT_SCANNED,"Season year, stamped during the bind (from top-level `season`).",other,HISTORICAL_GAME_OUTPUT_USE_VIA_PRIOR_GAME_AGGREGATION,HISTORICAL_AGGREGATE_ONLY,CANDIDATE_OR_DERIVED,REQUIRED,RECON_UNIFIED_TEMPORAL_FIELD_REGISTRY_v1.2,true,UNMEASURED_UNTIL_SOURCE_MATERIALIZATION,10,NAME_MATCH_ONLY_NOT_POPULATION_EVIDENCE,NON_JOIN_OR_REVIEW,PIT_HISTORICAL_AGGREGATION_INPUT,true,true,PRIMARY,PUBLIC_REPOSITORY_UPSTREAM_TERMS_REVIEW,DERIVED_PUBLIC_REPO_REVIEW,W09 raw-field metadata only; no production feature adoption.
RF-000460,SRC-001,SportsDataverse,adv_team,week,one row per team,integer,UNMATERIALIZED_OR_NOT_SCANNED,"Week number, stamped during the bind (from `header.week`/top-level `week`).",other,HISTORICAL_GAME_OUTPUT_USE_VIA_PRIOR_GAME_AGGREGATION,HISTORICAL_AGGREGATE_ONLY,CANDIDATE_OR_DERIVED,REQUIRED,RECON_UNIFIED_TEMPORAL_FIELD_REGISTRY_v1.2,true,UNMEASURED_UNTIL_SOURCE_MATERIALIZATION,5,NAME_MATCH_ONLY_NOT_POPULATION_EVIDENCE,NON_JOIN_OR_REVIEW,PIT_HISTORICAL_AGGREGATION_INPUT,true,true,PRIMARY,PUBLIC_REPOSITORY_UPSTREAM_TERMS_REVIEW,DERIVED_PUBLIC_REPO_REVIEW,W09 raw-field metadata only; no production feature adoption.
RF-000461,SRC-001,SportsDataverse,adv_team,pos_team,one row per team,integer,UNMATERIALIZED_OR_NOT_SCANNED,ESPN team id of the possessing/offensive team this row summarizes (the group-by key; cast to Int32 upstream).,identity_metadata,HISTORICAL_GAME_OUTPUT_USE_VIA_PRIOR_GAME_AGGREGATION,HISTORICAL_AGGREGATE_ONLY,JOIN_OR_METADATA,REQUIRED,RECON_UNIFIED_TEMPORAL_FIELD_REGISTRY_v1.2,true,UNMEASURED_UNTIL_SOURCE_MATERIALIZATION,0,NO_DIRECT_SAMPLE_EVIDENCE_LINKED,JOIN_OR_METADATA,EVIDENCE_OR_METADATA_ONLY,false,true,PRIMARY,PUBLIC_REPOSITORY_UPSTREAM_TERMS_REVIEW,DERIVED_PUBLIC_REPO_REVIEW,W09 raw-field metadata only; no production feature adoption.
RF-000462,SRC-001,SportsDataverse,adv_team,rushing_highlight_yards_per_opp,one row per team,double,UNMATERIALIZED_OR_NOT_SCANNED,Mean opportunity-adjusted highlight yards per opportunity rush (over rushes that were opportunity runs).,rushing,HISTORICAL_GAME_OUTPUT_USE_VIA_PRIOR_GAME_AGGREGATION,HISTORICAL_AGGREGATE_ONLY,CANDIDATE_OR_DERIVED,REQUIRED,RECON_UNIFIED_TEMPORAL_FIELD_REGISTRY_v1.2,true,UNMEASURED_UNTIL_SOURCE_MATERIALIZATION,0,NO_DIRECT_SAMPLE_EVIDENCE_LINKED,NON_JOIN_OR_REVIEW,PIT_HISTORICAL_AGGREGATION_INPUT,true,true,PRIMARY,PUBLIC_REPOSITORY_UPSTREAM_TERMS_REVIEW,DERIVED_PUBLIC_REPO_REVIEW,W09 raw-field metadata only; no production feature adoption.
RF-000463,SRC-001,SportsDataverse,adv_team,total_pen_yards,one row per team,integer,UNMATERIALIZED_OR_NOT_SCANNED,Total penalty yardage (sum of statYardage on penalty-flagged plays).,penalties,HISTORICAL_GAME_OUTPUT_USE_VIA_PRIOR_GAME_AGGREGATION,HISTORICAL_AGGREGATE_ONLY,CANDIDATE_OR_DERIVED,REQUIRED,RECON_UNIFIED_TEMPORAL_FIELD_REGISTRY_v1.2,true,UNMEASURED_UNTIL_SOURCE_MATERIALIZATION,0,NO_DIRECT_SAMPLE_EVIDENCE_LINKED,NON_JOIN_OR_REVIEW,PIT_HISTORICAL_AGGREGATION_INPUT,true,true,PRIMARY,PUBLIC_REPOSITORY_UPSTREAM_TERMS_REVIEW,DERIVED_PUBLIC_REPO_REVIEW,W09 raw-field metadata only; no production feature adoption.
RF-000464,SRC-001,SportsDataverse,adv_team,EPA_penalty,one row per team,double,UNMATERIALIZED_OR_NOT_SCANNED,Sum of EPA attributable to penalties.,penalties,HISTORICAL_GAME_OUTPUT_USE_VIA_PRIOR_GAME_AGGREGATION,HISTORICAL_AGGREGATE_ONLY,CANDIDATE_OR_DERIVED,REQUIRED,RECON_UNIFIED_TEMPORAL_FIELD_REGISTRY_v1.2,true,UNMEASURED_UNTIL_SOURCE_MATERIALIZATION,0,NO_DIRECT_SAMPLE_EVIDENCE_LINKED,NON_JOIN_OR_REVIEW,PIT_HISTORICAL_AGGREGATION_INPUT,true,true,PRIMARY,PUBLIC_REPOSITORY_UPSTREAM_TERMS_REVIEW,DERIVED_PUBLIC_REPO_REVIEW,W09 raw-field metadata only; no production feature adoption.
RF-000465,SRC-001,SportsDataverse,adv_team,penalty_first_downs_created,one row per team,integer,UNMATERIALIZED_OR_NOT_SCANNED,Count of penalty-induced first-down conversions.,penalties,HISTORICAL_GAME_OUTPUT_USE_VIA_PRIOR_GAME_AGGREGATION,HISTORICAL_AGGREGATE_ONLY,CANDIDATE_OR_DERIVED,REQUIRED,RECON_UNIFIED_TEMPORAL_FIELD_REGISTRY_v1.2,true,UNMEASURED_UNTIL_SOURCE_MATERIALIZATION,0,NO_DIRECT_SAMPLE_EVIDENCE_LINKED,NON_JOIN_OR_REVIEW,PIT_HISTORICAL_AGGREGATION_INPUT,true,true,PRIMARY,PUBLIC_REPOSITORY_UPSTREAM_TERMS_REVIEW,DERIVED_PUBLIC_REPO_REVIEW,W09 raw-field metadata only; no production feature adoption.
RF-000466,SRC-001,SportsDataverse,adv_team,penalty_first_downs_created_rate,one row per team,double,UNMATERIALIZED_OR_NOT_SCANNED,Mean (rate) of penalty-induced first-down conversions over penalty plays.,penalties,HISTORICAL_GAME_OUTPUT_USE_VIA_PRIOR_GAME_AGGREGATION,HISTORICAL_AGGREGATE_ONLY,CANDIDATE_OR_DERIVED,REQUIRED,RECON_UNIFIED_TEMPORAL_FIELD_REGISTRY_v1.2,true,UNMEASURED_UNTIL_SOURCE_MATERIALIZATION,0,NO_DIRECT_SAMPLE_EVIDENCE_LINKED,NON_JOIN_OR_REVIEW,PIT_HISTORICAL_AGGREGATION_INPUT,true,true,PRIMARY,PUBLIC_REPOSITORY_UPSTREAM_TERMS_REVIEW,DERIVED_PUBLIC_REPO_REVIEW,W09 raw-field metadata only; no production feature adoption.
RF-000467,SRC-001,SportsDataverse,adv_team,special_teams_plays,one row per team,integer,UNMATERIALIZED_OR_NOT_SCANNED,Count of special-teams plays.,special_teams,HISTORICAL_GAME_OUTPUT_USE_VIA_PRIOR_GAME_AGGREGATION,HISTORICAL_AGGREGATE_ONLY,CANDIDATE_OR_DERIVED,REQUIRED,RECON_UNIFIED_TEMPORAL_FIELD_REGISTRY_v1.2,true,UNMEASURED_UNTIL_SOURCE_MATERIALIZATION,0,NO_DIRECT_SAMPLE_EVIDENCE_LINKED,NON_JOIN_OR_REVIEW,PIT_HISTORICAL_AGGREGATION_INPUT,true,true,PRIMARY,PUBLIC_REPOSITORY_UPSTREAM_TERMS_REVIEW,DERIVED_PUBLIC_REPO_REVIEW,W09 raw-field metadata only; no production feature adoption.
RF-000468,SRC-001,SportsDataverse,adv_team,EPA_sp,one row per team,double,UNMATERIALIZED_OR_NOT_SCANNED,Total special-teams EPA.,advanced_efficiency_probability,HISTORICAL_GAME_OUTPUT_USE_VIA_PRIOR_GAME_AGGREGATION,HISTORICAL_AGGREGATE_ONLY,CANDIDATE_OR_DERIVED,REQUIRED,RECON_UNIFIED_TEMPORAL_FIELD_REGISTRY_v1.2,true,UNMEASURED_UNTIL_SOURCE_MATERIALIZATION,0,NO_DIRECT_SAMPLE_EVIDENCE_LINKED,NON_JOIN_OR_REVIEW,PIT_HISTORICAL_AGGREGATION_INPUT,true,true,PRIMARY,PUBLIC_REPOSITORY_UPSTREAM_TERMS_REVIEW,DERIVED_PUBLIC_REPO_REVIEW,W09 raw-field metadata only; no production feature adoption.
RF-000469,SRC-001,SportsDataverse,adv_team,EPA_special_teams,one row per team,double,UNMATERIALIZED_OR_NOT_SCANNED,Total special-teams EPA (alias of EPA_sp).,special_teams,HISTORICAL_GAME_OUTPUT_USE_VIA_PRIOR_GAME_AGGREGATION,HISTORICAL_AGGREGATE_ONLY,CANDIDATE_OR_DERIVED,REQUIRED,RECON_UNIFIED_TEMPORAL_FIELD_REGISTRY_v1.2,true,UNMEASURED_UNTIL_SOURCE_MATERIALIZATION,0,NO_DIRECT_SAMPLE_EVIDENCE_LINKED,NON_JOIN_OR_REVIEW,PIT_HISTORICAL_AGGREGATION_INPUT,true,true,PRIMARY,PUBLIC_REPOSITORY_UPSTREAM_TERMS_REVIEW,DERIVED_PUBLIC_REPO_REVIEW,W09 raw-field metadata only; no production feature adoption.
RF-000470,SRC-001,SportsDataverse,adv_team,field_goals,one row per team,integer,UNMATERIALIZED_OR_NOT_SCANNED,Count of field-goal attempts.,special_teams,HISTORICAL_GAME_OUTPUT_USE_VIA_PRIOR_GAME_AGGREGATION,HISTORICAL_AGGREGATE_ONLY,CANDIDATE_OR_DERIVED,REQUIRED,RECON_UNIFIED_TEMPORAL_FIELD_REGISTRY_v1.2,true,UNMEASURED_UNTIL_SOURCE_MATERIALIZATION,0,NO_DIRECT_SAMPLE_EVIDENCE_LINKED,NON_JOIN_OR_REVIEW,PIT_HISTORICAL_AGGREGATION_INPUT,true,true,PRIMARY,PUBLIC_REPOSITORY_UPSTREAM_TERMS_REVIEW,DERIVED_PUBLIC_REPO_REVIEW,W09 raw-field metadata only; no production feature adoption.
RF-000471,SRC-001,SportsDataverse,adv_team,EPA_fg,one row per team,double,UNMATERIALIZED_OR_NOT_SCANNED,Total EPA from field-goal attempts.,advanced_efficiency_probability,HISTORICAL_GAME_OUTPUT_USE_VIA_PRIOR_GAME_AGGREGATION,HISTORICAL_AGGREGATE_ONLY,CANDIDATE_OR_DERIVED,REQUIRED,RECON_UNIFIED_TEMPORAL_FIELD_REGISTRY_v1.2,true,UNMEASURED_UNTIL_SOURCE_MATERIALIZATION,0,NO_DIRECT_SAMPLE_EVIDENCE_LINKED,NON_JOIN_OR_REVIEW,PIT_HISTORICAL_AGGREGATION_INPUT,true,true,PRIMARY,PUBLIC_REPOSITORY_UPSTREAM_TERMS_REVIEW,DERIVED_PUBLIC_REPO_REVIEW,W09 raw-field metadata only; no production feature adoption.
RF-000472,SRC-001,SportsDataverse,adv_team,punt_plays,one row per team,integer,UNMATERIALIZED_OR_NOT_SCANNED,Count of punt plays.,special_teams,HISTORICAL_GAME_OUTPUT_USE_VIA_PRIOR_GAME_AGGREGATION,HISTORICAL_AGGREGATE_ONLY,CANDIDATE_OR_DERIVED,REQUIRED,RECON_UNIFIED_TEMPORAL_FIELD_REGISTRY_v1.2,true,UNMEASURED_UNTIL_SOURCE_MATERIALIZATION,0,NO_DIRECT_SAMPLE_EVIDENCE_LINKED,NON_JOIN_OR_REVIEW,PIT_HISTORICAL_AGGREGATION_INPUT,true,true,PRIMARY,PUBLIC_REPOSITORY_UPSTREAM_TERMS_REVIEW,DERIVED_PUBLIC_REPO_REVIEW,W09 raw-field metadata only; no production feature adoption.
RF-000473,SRC-001,SportsDataverse,adv_team,EPA_punt,one row per team,double,UNMATERIALIZED_OR_NOT_SCANNED,Total EPA from punt plays.,special_teams,HISTORICAL_GAME_OUTPUT_USE_VIA_PRIOR_GAME_AGGREGATION,HISTORICAL_AGGREGATE_ONLY,CANDIDATE_OR_DERIVED,REQUIRED,RECON_UNIFIED_TEMPORAL_FIELD_REGISTRY_v1.2,true,UNMEASURED_UNTIL_SOURCE_MATERIALIZATION,0,NO_DIRECT_SAMPLE_EVIDENCE_LINKED,NON_JOIN_OR_REVIEW,PIT_HISTORICAL_AGGREGATION_INPUT,true,true,PRIMARY,PUBLIC_REPOSITORY_UPSTREAM_TERMS_REVIEW,DERIVED_PUBLIC_REPO_REVIEW,W09 raw-field metadata only; no production feature adoption.
RF-000474,SRC-001,SportsDataverse,adv_team,kickoff_plays,one row per team,integer,UNMATERIALIZED_OR_NOT_SCANNED,Count of kickoff plays.,special_teams,HISTORICAL_GAME_OUTPUT_USE_VIA_PRIOR_GAME_AGGREGATION,HISTORICAL_AGGREGATE_ONLY,CANDIDATE_OR_DERIVED,REQUIRED,RECON_UNIFIED_TEMPORAL_FIELD_REGISTRY_v1.2,true,UNMEASURED_UNTIL_SOURCE_MATERIALIZATION,0,NO_DIRECT_SAMPLE_EVIDENCE_LINKED,NON_JOIN_OR_REVIEW,PIT_HISTORICAL_AGGREGATION_INPUT,true,true,PRIMARY,PUBLIC_REPOSITORY_UPSTREAM_TERMS_REVIEW,DERIVED_PUBLIC_REPO_REVIEW,W09 raw-field metadata only; no production feature adoption.
RF-000475,SRC-001,SportsDataverse,adv_team,EPA_kickoff,one row per team,double,UNMATERIALIZED_OR_NOT_SCANNED,Total EPA from kickoff plays.,special_teams,HISTORICAL_GAME_OUTPUT_USE_VIA_PRIOR_GAME_AGGREGATION,HISTORICAL_AGGREGATE_ONLY,CANDIDATE_OR_DERIVED,REQUIRED,RECON_UNIFIED_TEMPORAL_FIELD_REGISTRY_v1.2,true,UNMEASURED_UNTIL_SOURCE_MATERIALIZATION,0,NO_DIRECT_SAMPLE_EVIDENCE_LINKED,NON_JOIN_OR_REVIEW,PIT_HISTORICAL_AGGREGATION_INPUT,true,true,PRIMARY,PUBLIC_REPOSITORY_UPSTREAM_TERMS_REVIEW,DERIVED_PUBLIC_REPO_REVIEW,W09 raw-field metadata only; no production feature adoption.
RF-000476,SRC-001,SportsDataverse,adv_team,rushes,one row per team,integer,UNMATERIALIZED_OR_NOT_SCANNED,Count of rushing scrimmage plays.,rushing,HISTORICAL_GAME_OUTPUT_USE_VIA_PRIOR_GAME_AGGREGATION,HISTORICAL_AGGREGATE_ONLY,CANDIDATE_OR_DERIVED,REQUIRED,RECON_UNIFIED_TEMPORAL_FIELD_REGISTRY_v1.2,true,UNMEASURED_UNTIL_SOURCE_MATERIALIZATION,0,NO_DIRECT_SAMPLE_EVIDENCE_LINKED,NON_JOIN_OR_REVIEW,PIT_HISTORICAL_AGGREGATION_INPUT,true,true,PRIMARY,PUBLIC_REPOSITORY_UPSTREAM_TERMS_REVIEW,DERIVED_PUBLIC_REPO_REVIEW,W09 raw-field metadata only; no production feature adoption.
RF-000477,SRC-001,SportsDataverse,adv_team,rush_yards,one row per team,double,UNMATERIALIZED_OR_NOT_SCANNED,Total rushing yards (sum of yds_rushed).,rushing,HISTORICAL_GAME_OUTPUT_USE_VIA_PRIOR_GAME_AGGREGATION,HISTORICAL_AGGREGATE_ONLY,CANDIDATE_OR_DERIVED,REQUIRED,RECON_UNIFIED_TEMPORAL_FIELD_REGISTRY_v1.2,true,UNMEASURED_UNTIL_SOURCE_MATERIALIZATION,0,NO_DIRECT_SAMPLE_EVIDENCE_LINKED,NON_JOIN_OR_REVIEW,PIT_HISTORICAL_AGGREGATION_INPUT,true,true,PRIMARY,PUBLIC_REPOSITORY_UPSTREAM_TERMS_REVIEW,DERIVED_PUBLIC_REPO_REVIEW,W09 raw-field metadata only; no production feature adoption.
RF-000478,SRC-001,SportsDataverse,adv_team,yards_per_rush,one row per team,double,UNMATERIALIZED_OR_NOT_SCANNED,Mean rushing yards per rush attempt.,rushing,HISTORICAL_GAME_OUTPUT_USE_VIA_PRIOR_GAME_AGGREGATION,HISTORICAL_AGGREGATE_ONLY,CANDIDATE_OR_DERIVED,REQUIRED,RECON_UNIFIED_TEMPORAL_FIELD_REGISTRY_v1.2,true,UNMEASURED_UNTIL_SOURCE_MATERIALIZATION,0,NO_DIRECT_SAMPLE_EVIDENCE_LINKED,NON_JOIN_OR_REVIEW,PIT_HISTORICAL_AGGREGATION_INPUT,true,true,PRIMARY,PUBLIC_REPOSITORY_UPSTREAM_TERMS_REVIEW,DERIVED_PUBLIC_REPO_REVIEW,W09 raw-field metadata only; no production feature adoption.
RF-000479,SRC-001,SportsDataverse,adv_team,rushing_power_rate,one row per team,double,UNMATERIALIZED_OR_NOT_SCANNED,Rate of rushes that were power-run attempts.,rushing,HISTORICAL_GAME_OUTPUT_USE_VIA_PRIOR_GAME_AGGREGATION,HISTORICAL_AGGREGATE_ONLY,CANDIDATE_OR_DERIVED,REQUIRED,RECON_UNIFIED_TEMPORAL_FIELD_REGISTRY_v1.2,true,UNMEASURED_UNTIL_SOURCE_MATERIALIZATION,0,NO_DIRECT_SAMPLE_EVIDENCE_LINKED,NON_JOIN_OR_REVIEW,PIT_HISTORICAL_AGGREGATION_INPUT,true,true,PRIMARY,PUBLIC_REPOSITORY_UPSTREAM_TERMS_REVIEW,DERIVED_PUBLIC_REPO_REVIEW,W09 raw-field metadata only; no production feature adoption.
RF-000480,SRC-001,SportsDataverse,adv_team,rushing_first_downs_created,one row per team,integer,UNMATERIALIZED_OR_NOT_SCANNED,First downs created on rushing scrimmage plays.,rushing,HISTORICAL_GAME_OUTPUT_USE_VIA_PRIOR_GAME_AGGREGATION,HISTORICAL_AGGREGATE_ONLY,CANDIDATE_OR_DERIVED,REQUIRED,RECON_UNIFIED_TEMPORAL_FIELD_REGISTRY_v1.2,true,UNMEASURED_UNTIL_SOURCE_MATERIALIZATION,0,NO_DIRECT_SAMPLE_EVIDENCE_LINKED,NON_JOIN_OR_REVIEW,PIT_HISTORICAL_AGGREGATION_INPUT,true,true,PRIMARY,PUBLIC_REPOSITORY_UPSTREAM_TERMS_REVIEW,DERIVED_PUBLIC_REPO_REVIEW,W09 raw-field metadata only; no production feature adoption.
RF-000481,SRC-001,SportsDataverse,adv_team,rushing_first_downs_created_rate,one row per team,double,UNMATERIALIZED_OR_NOT_SCANNED,Mean (rate) of first downs created per rush.,rushing,HISTORICAL_GAME_OUTPUT_USE_VIA_PRIOR_GAME_AGGREGATION,HISTORICAL_AGGREGATE_ONLY,CANDIDATE_OR_DERIVED,REQUIRED,RECON_UNIFIED_TEMPORAL_FIELD_REGISTRY_v1.2,true,UNMEASURED_UNTIL_SOURCE_MATERIALIZATION,0,NO_DIRECT_SAMPLE_EVIDENCE_LINKED,NON_JOIN_OR_REVIEW,PIT_HISTORICAL_AGGREGATION_INPUT,true,true,PRIMARY,PUBLIC_REPOSITORY_UPSTREAM_TERMS_REVIEW,DERIVED_PUBLIC_REPO_REVIEW,W09 raw-field metadata only; no production feature adoption.
RF-000482,SRC-001,SportsDataverse,adv_team,EPA_rushing_overall,one row per team,double,UNMATERIALIZED_OR_NOT_SCANNED,Total EPA on rushing scrimmage plays.,rushing,HISTORICAL_GAME_OUTPUT_USE_VIA_PRIOR_GAME_AGGREGATION,HISTORICAL_AGGREGATE_ONLY,CANDIDATE_OR_DERIVED,REQUIRED,RECON_UNIFIED_TEMPORAL_FIELD_REGISTRY_v1.2,true,UNMEASURED_UNTIL_SOURCE_MATERIALIZATION,0,NO_DIRECT_SAMPLE_EVIDENCE_LINKED,NON_JOIN_OR_REVIEW,PIT_HISTORICAL_AGGREGATION_INPUT,true,true,PRIMARY,PUBLIC_REPOSITORY_UPSTREAM_TERMS_REVIEW,DERIVED_PUBLIC_REPO_REVIEW,W09 raw-field metadata only; no production feature adoption.
RF-000483,SRC-001,SportsDataverse,adv_team,EPA_rushing_per_play,one row per team,double,UNMATERIALIZED_OR_NOT_SCANNED,Mean EPA per rush.,rushing,HISTORICAL_GAME_OUTPUT_USE_VIA_PRIOR_GAME_AGGREGATION,HISTORICAL_AGGREGATE_ONLY,CANDIDATE_OR_DERIVED,REQUIRED,RECON_UNIFIED_TEMPORAL_FIELD_REGISTRY_v1.2,true,UNMEASURED_UNTIL_SOURCE_MATERIALIZATION,0,NO_DIRECT_SAMPLE_EVIDENCE_LINKED,NON_JOIN_OR_REVIEW,PIT_HISTORICAL_AGGREGATION_INPUT,true,true,PRIMARY,PUBLIC_REPOSITORY_UPSTREAM_TERMS_REVIEW,DERIVED_PUBLIC_REPO_REVIEW,W09 raw-field metadata only; no production feature adoption.
RF-000484,SRC-001,SportsDataverse,adv_team,EPA_explosive_rushing,one row per team,integer,UNMATERIALIZED_OR_NOT_SCANNED,Count of explosive rushing plays (sum of EPA_explosive flag on rushes).,rushing,HISTORICAL_GAME_OUTPUT_USE_VIA_PRIOR_GAME_AGGREGATION,HISTORICAL_AGGREGATE_ONLY,CANDIDATE_OR_DERIVED,REQUIRED,RECON_UNIFIED_TEMPORAL_FIELD_REGISTRY_v1.2,true,UNMEASURED_UNTIL_SOURCE_MATERIALIZATION,0,NO_DIRECT_SAMPLE_EVIDENCE_LINKED,NON_JOIN_OR_REVIEW,PIT_HISTORICAL_AGGREGATION_INPUT,true,true,PRIMARY,PUBLIC_REPOSITORY_UPSTREAM_TERMS_REVIEW,DERIVED_PUBLIC_REPO_REVIEW,W09 raw-field metadata only; no production feature adoption.
RF-000485,SRC-001,SportsDataverse,adv_team,EPA_explosive_rushing_rate,one row per team,double,UNMATERIALIZED_OR_NOT_SCANNED,Rate of explosive rushes.,rushing,HISTORICAL_GAME_OUTPUT_USE_VIA_PRIOR_GAME_AGGREGATION,HISTORICAL_AGGREGATE_ONLY,CANDIDATE_OR_DERIVED,REQUIRED,RECON_UNIFIED_TEMPORAL_FIELD_REGISTRY_v1.2,true,UNMEASURED_UNTIL_SOURCE_MATERIALIZATION,0,NO_DIRECT_SAMPLE_EVIDENCE_LINKED,NON_JOIN_OR_REVIEW,PIT_HISTORICAL_AGGREGATION_INPUT,true,true,PRIMARY,PUBLIC_REPOSITORY_UPSTREAM_TERMS_REVIEW,DERIVED_PUBLIC_REPO_REVIEW,W09 raw-field metadata only; no production feature adoption.
RF-000486,SRC-001,SportsDataverse,adv_team,EPA_non_explosive_rushing,one row per team,double,UNMATERIALIZED_OR_NOT_SCANNED,Total EPA on non-explosive rushing plays.,rushing,HISTORICAL_GAME_OUTPUT_USE_VIA_PRIOR_GAME_AGGREGATION,HISTORICAL_AGGREGATE_ONLY,CANDIDATE_OR_DERIVED,REQUIRED,RECON_UNIFIED_TEMPORAL_FIELD_REGISTRY_v1.2,true,UNMEASURED_UNTIL_SOURCE_MATERIALIZATION,0,NO_DIRECT_SAMPLE_EVIDENCE_LINKED,NON_JOIN_OR_REVIEW,PIT_HISTORICAL_AGGREGATION_INPUT,true,true,PRIMARY,PUBLIC_REPOSITORY_UPSTREAM_TERMS_REVIEW,DERIVED_PUBLIC_REPO_REVIEW,W09 raw-field metadata only; no production feature adoption.
RF-000487,SRC-001,SportsDataverse,adv_team,EPA_non_explosive_rushing_per_play,one row per team,double,UNMATERIALIZED_OR_NOT_SCANNED,Mean EPA per non-explosive rush.,rushing,HISTORICAL_GAME_OUTPUT_USE_VIA_PRIOR_GAME_AGGREGATION,HISTORICAL_AGGREGATE_ONLY,CANDIDATE_OR_DERIVED,REQUIRED,RECON_UNIFIED_TEMPORAL_FIELD_REGISTRY_v1.2,true,UNMEASURED_UNTIL_SOURCE_MATERIALIZATION,0,NO_DIRECT_SAMPLE_EVIDENCE_LINKED,NON_JOIN_OR_REVIEW,PIT_HISTORICAL_AGGREGATION_INPUT,true,true,PRIMARY,PUBLIC_REPOSITORY_UPSTREAM_TERMS_REVIEW,DERIVED_PUBLIC_REPO_REVIEW,W09 raw-field metadata only; no production feature adoption.
RF-000488,SRC-001,SportsDataverse,adv_team,passes,one row per team,integer,UNMATERIALIZED_OR_NOT_SCANNED,Count of passing scrimmage plays.,passing_receiving,HISTORICAL_GAME_OUTPUT_USE_VIA_PRIOR_GAME_AGGREGATION,HISTORICAL_AGGREGATE_ONLY,CANDIDATE_OR_DERIVED,REQUIRED,RECON_UNIFIED_TEMPORAL_FIELD_REGISTRY_v1.2,true,UNMEASURED_UNTIL_SOURCE_MATERIALIZATION,0,NO_DIRECT_SAMPLE_EVIDENCE_LINKED,NON_JOIN_OR_REVIEW,PIT_HISTORICAL_AGGREGATION_INPUT,true,true,PRIMARY,PUBLIC_REPOSITORY_UPSTREAM_TERMS_REVIEW,DERIVED_PUBLIC_REPO_REVIEW,W09 raw-field metadata only; no production feature adoption.
RF-000489,SRC-001,SportsDataverse,adv_team,pass_yards,one row per team,double,UNMATERIALIZED_OR_NOT_SCANNED,Total receiving/passing yards (sum of yds_receiving).,passing_receiving,HISTORICAL_GAME_OUTPUT_USE_VIA_PRIOR_GAME_AGGREGATION,HISTORICAL_AGGREGATE_ONLY,CANDIDATE_OR_DERIVED,REQUIRED,RECON_UNIFIED_TEMPORAL_FIELD_REGISTRY_v1.2,true,UNMEASURED_UNTIL_SOURCE_MATERIALIZATION,0,NO_DIRECT_SAMPLE_EVIDENCE_LINKED,NON_JOIN_OR_REVIEW,PIT_HISTORICAL_AGGREGATION_INPUT,true,true,PRIMARY,PUBLIC_REPOSITORY_UPSTREAM_TERMS_REVIEW,DERIVED_PUBLIC_REPO_REVIEW,W09 raw-field metadata only; no production feature adoption.
RF-000490,SRC-001,SportsDataverse,adv_team,yards_per_pass,one row per team,double,UNMATERIALIZED_OR_NOT_SCANNED,Mean passing yards per pass play.,passing_receiving,HISTORICAL_GAME_OUTPUT_USE_VIA_PRIOR_GAME_AGGREGATION,HISTORICAL_AGGREGATE_ONLY,CANDIDATE_OR_DERIVED,REQUIRED,RECON_UNIFIED_TEMPORAL_FIELD_REGISTRY_v1.2,true,UNMEASURED_UNTIL_SOURCE_MATERIALIZATION,1,NAME_MATCH_ONLY_NOT_POPULATION_EVIDENCE,NON_JOIN_OR_REVIEW,PIT_HISTORICAL_AGGREGATION_INPUT,true,true,PRIMARY,PUBLIC_REPOSITORY_UPSTREAM_TERMS_REVIEW,DERIVED_PUBLIC_REPO_REVIEW,W09 raw-field metadata only; no production feature adoption.
RF-000491,SRC-001,SportsDataverse,adv_team,passing_first_downs_created,one row per team,integer,UNMATERIALIZED_OR_NOT_SCANNED,First downs created on passing scrimmage plays.,passing_receiving,HISTORICAL_GAME_OUTPUT_USE_VIA_PRIOR_GAME_AGGREGATION,HISTORICAL_AGGREGATE_ONLY,CANDIDATE_OR_DERIVED,REQUIRED,RECON_UNIFIED_TEMPORAL_FIELD_REGISTRY_v1.2,true,UNMEASURED_UNTIL_SOURCE_MATERIALIZATION,0,NO_DIRECT_SAMPLE_EVIDENCE_LINKED,NON_JOIN_OR_REVIEW,PIT_HISTORICAL_AGGREGATION_INPUT,true,true,PRIMARY,PUBLIC_REPOSITORY_UPSTREAM_TERMS_REVIEW,DERIVED_PUBLIC_REPO_REVIEW,W09 raw-field metadata only; no production feature adoption.
RF-000492,SRC-001,SportsDataverse,adv_team,passing_first_downs_created_rate,one row per team,double,UNMATERIALIZED_OR_NOT_SCANNED,Mean (rate) of first downs created per pass.,passing_receiving,HISTORICAL_GAME_OUTPUT_USE_VIA_PRIOR_GAME_AGGREGATION,HISTORICAL_AGGREGATE_ONLY,CANDIDATE_OR_DERIVED,REQUIRED,RECON_UNIFIED_TEMPORAL_FIELD_REGISTRY_v1.2,true,UNMEASURED_UNTIL_SOURCE_MATERIALIZATION,0,NO_DIRECT_SAMPLE_EVIDENCE_LINKED,NON_JOIN_OR_REVIEW,PIT_HISTORICAL_AGGREGATION_INPUT,true,true,PRIMARY,PUBLIC_REPOSITORY_UPSTREAM_TERMS_REVIEW,DERIVED_PUBLIC_REPO_REVIEW,W09 raw-field metadata only; no production feature adoption.
RF-000493,SRC-001,SportsDataverse,adv_team,EPA_passing_overall,one row per team,double,UNMATERIALIZED_OR_NOT_SCANNED,Total EPA on passing scrimmage plays.,passing_receiving,HISTORICAL_GAME_OUTPUT_USE_VIA_PRIOR_GAME_AGGREGATION,HISTORICAL_AGGREGATE_ONLY,CANDIDATE_OR_DERIVED,REQUIRED,RECON_UNIFIED_TEMPORAL_FIELD_REGISTRY_v1.2,true,UNMEASURED_UNTIL_SOURCE_MATERIALIZATION,0,NO_DIRECT_SAMPLE_EVIDENCE_LINKED,NON_JOIN_OR_REVIEW,PIT_HISTORICAL_AGGREGATION_INPUT,true,true,PRIMARY,PUBLIC_REPOSITORY_UPSTREAM_TERMS_REVIEW,DERIVED_PUBLIC_REPO_REVIEW,W09 raw-field metadata only; no production feature adoption.
RF-000494,SRC-001,SportsDataverse,adv_team,EPA_passing_per_play,one row per team,double,UNMATERIALIZED_OR_NOT_SCANNED,Mean EPA per pass.,passing_receiving,HISTORICAL_GAME_OUTPUT_USE_VIA_PRIOR_GAME_AGGREGATION,HISTORICAL_AGGREGATE_ONLY,CANDIDATE_OR_DERIVED,REQUIRED,RECON_UNIFIED_TEMPORAL_FIELD_REGISTRY_v1.2,true,UNMEASURED_UNTIL_SOURCE_MATERIALIZATION,0,NO_DIRECT_SAMPLE_EVIDENCE_LINKED,NON_JOIN_OR_REVIEW,PIT_HISTORICAL_AGGREGATION_INPUT,true,true,PRIMARY,PUBLIC_REPOSITORY_UPSTREAM_TERMS_REVIEW,DERIVED_PUBLIC_REPO_REVIEW,W09 raw-field metadata only; no production feature adoption.
RF-000495,SRC-001,SportsDataverse,adv_team,EPA_explosive_passing,one row per team,integer,UNMATERIALIZED_OR_NOT_SCANNED,Count of explosive passing plays.,passing_receiving,HISTORICAL_GAME_OUTPUT_USE_VIA_PRIOR_GAME_AGGREGATION,HISTORICAL_AGGREGATE_ONLY,CANDIDATE_OR_DERIVED,REQUIRED,RECON_UNIFIED_TEMPORAL_FIELD_REGISTRY_v1.2,true,UNMEASURED_UNTIL_SOURCE_MATERIALIZATION,0,NO_DIRECT_SAMPLE_EVIDENCE_LINKED,NON_JOIN_OR_REVIEW,PIT_HISTORICAL_AGGREGATION_INPUT,true,true,PRIMARY,PUBLIC_REPOSITORY_UPSTREAM_TERMS_REVIEW,DERIVED_PUBLIC_REPO_REVIEW,W09 raw-field metadata only; no production feature adoption.
RF-000496,SRC-001,SportsDataverse,adv_team,EPA_explosive_passing_rate,one row per team,double,UNMATERIALIZED_OR_NOT_SCANNED,Rate of explosive passes.,passing_receiving,HISTORICAL_GAME_OUTPUT_USE_VIA_PRIOR_GAME_AGGREGATION,HISTORICAL_AGGREGATE_ONLY,CANDIDATE_OR_DERIVED,REQUIRED,RECON_UNIFIED_TEMPORAL_FIELD_REGISTRY_v1.2,true,UNMEASURED_UNTIL_SOURCE_MATERIALIZATION,0,NO_DIRECT_SAMPLE_EVIDENCE_LINKED,NON_JOIN_OR_REVIEW,PIT_HISTORICAL_AGGREGATION_INPUT,true,true,PRIMARY,PUBLIC_REPOSITORY_UPSTREAM_TERMS_REVIEW,DERIVED_PUBLIC_REPO_REVIEW,W09 raw-field metadata only; no production feature adoption.
RF-000497,SRC-001,SportsDataverse,adv_team,EPA_non_explosive_passing,one row per team,double,UNMATERIALIZED_OR_NOT_SCANNED,Total EPA on non-explosive passing plays.,passing_receiving,HISTORICAL_GAME_OUTPUT_USE_VIA_PRIOR_GAME_AGGREGATION,HISTORICAL_AGGREGATE_ONLY,CANDIDATE_OR_DERIVED,REQUIRED,RECON_UNIFIED_TEMPORAL_FIELD_REGISTRY_v1.2,true,UNMEASURED_UNTIL_SOURCE_MATERIALIZATION,0,NO_DIRECT_SAMPLE_EVIDENCE_LINKED,NON_JOIN_OR_REVIEW,PIT_HISTORICAL_AGGREGATION_INPUT,true,true,PRIMARY,PUBLIC_REPOSITORY_UPSTREAM_TERMS_REVIEW,DERIVED_PUBLIC_REPO_REVIEW,W09 raw-field metadata only; no production feature adoption.
RF-000498,SRC-001,SportsDataverse,adv_team,EPA_non_explosive_passing_per_play,one row per team,double,UNMATERIALIZED_OR_NOT_SCANNED,Mean EPA per non-explosive pass.,passing_receiving,HISTORICAL_GAME_OUTPUT_USE_VIA_PRIOR_GAME_AGGREGATION,HISTORICAL_AGGREGATE_ONLY,CANDIDATE_OR_DERIVED,REQUIRED,RECON_UNIFIED_TEMPORAL_FIELD_REGISTRY_v1.2,true,UNMEASURED_UNTIL_SOURCE_MATERIALIZATION,0,NO_DIRECT_SAMPLE_EVIDENCE_LINKED,NON_JOIN_OR_REVIEW,PIT_HISTORICAL_AGGREGATION_INPUT,true,true,PRIMARY,PUBLIC_REPOSITORY_UPSTREAM_TERMS_REVIEW,DERIVED_PUBLIC_REPO_REVIEW,W09 raw-field metadata only; no production feature adoption.
RF-000499,SRC-001,SportsDataverse,adv_team,scrimmage_plays,one row per team,integer,UNMATERIALIZED_OR_NOT_SCANNED,Count of scrimmage plays (offensive plays from scrimmage).,other,HISTORICAL_GAME_OUTPUT_USE_VIA_PRIOR_GAME_AGGREGATION,HISTORICAL_AGGREGATE_ONLY,CANDIDATE_OR_DERIVED,REQUIRED,RECON_UNIFIED_TEMPORAL_FIELD_REGISTRY_v1.2,true,UNMEASURED_UNTIL_SOURCE_MATERIALIZATION,0,NO_DIRECT_SAMPLE_EVIDENCE_LINKED,NON_JOIN_OR_REVIEW,PIT_HISTORICAL_AGGREGATION_INPUT,true,true,PRIMARY,PUBLIC_REPOSITORY_UPSTREAM_TERMS_REVIEW,DERIVED_PUBLIC_REPO_REVIEW,W09 raw-field metadata only; no production feature adoption.
RF-000500,SRC-001,SportsDataverse,adv_team,EPA_overall_off,one row per team,double,UNMATERIALIZED_OR_NOT_SCANNED,Total offensive EPA on scrimmage plays.,advanced_efficiency_probability,HISTORICAL_GAME_OUTPUT_USE_VIA_PRIOR_GAME_AGGREGATION,HISTORICAL_AGGREGATE_ONLY,CANDIDATE_OR_DERIVED,REQUIRED,RECON_UNIFIED_TEMPORAL_FIELD_REGISTRY_v1.2,true,UNMEASURED_UNTIL_SOURCE_MATERIALIZATION,0,NO_DIRECT_SAMPLE_EVIDENCE_LINKED,NON_JOIN_OR_REVIEW,PIT_HISTORICAL_AGGREGATION_INPUT,true,true,PRIMARY,PUBLIC_REPOSITORY_UPSTREAM_TERMS_REVIEW,DERIVED_PUBLIC_REPO_REVIEW,W09 raw-field metadata only; no production feature adoption.
RF-000501,SRC-001,SportsDataverse,adv_team,EPA_overall_offense,one row per team,double,UNMATERIALIZED_OR_NOT_SCANNED,Total offensive EPA on scrimmage plays (alias of EPA_overall_off).,advanced_efficiency_probability,HISTORICAL_GAME_OUTPUT_USE_VIA_PRIOR_GAME_AGGREGATION,HISTORICAL_AGGREGATE_ONLY,CANDIDATE_OR_DERIVED,REQUIRED,RECON_UNIFIED_TEMPORAL_FIELD_REGISTRY_v1.2,true,UNMEASURED_UNTIL_SOURCE_MATERIALIZATION,0,NO_DIRECT_SAMPLE_EVIDENCE_LINKED,NON_JOIN_OR_REVIEW,PIT_HISTORICAL_AGGREGATION_INPUT,true,true,PRIMARY,PUBLIC_REPOSITORY_UPSTREAM_TERMS_REVIEW,DERIVED_PUBLIC_REPO_REVIEW,W09 raw-field metadata only; no production feature adoption.
RF-000502,SRC-001,SportsDataverse,adv_team,EPA_per_play,one row per team,double,UNMATERIALIZED_OR_NOT_SCANNED,Mean EPA per scrimmage play.,advanced_efficiency_probability,HISTORICAL_GAME_OUTPUT_USE_VIA_PRIOR_GAME_AGGREGATION,HISTORICAL_AGGREGATE_ONLY,CANDIDATE_OR_DERIVED,REQUIRED,RECON_UNIFIED_TEMPORAL_FIELD_REGISTRY_v1.2,true,UNMEASURED_UNTIL_SOURCE_MATERIALIZATION,0,NO_DIRECT_SAMPLE_EVIDENCE_LINKED,NON_JOIN_OR_REVIEW,PIT_HISTORICAL_AGGREGATION_INPUT,true,true,PRIMARY,PUBLIC_REPOSITORY_UPSTREAM_TERMS_REVIEW,DERIVED_PUBLIC_REPO_REVIEW,W09 raw-field metadata only; no production feature adoption.
RF-000503,SRC-001,SportsDataverse,adv_team,EPA_non_explosive,one row per team,double,UNMATERIALIZED_OR_NOT_SCANNED,Total EPA on non-explosive scrimmage plays.,advanced_efficiency_probability,HISTORICAL_GAME_OUTPUT_USE_VIA_PRIOR_GAME_AGGREGATION,HISTORICAL_AGGREGATE_ONLY,CANDIDATE_OR_DERIVED,REQUIRED,RECON_UNIFIED_TEMPORAL_FIELD_REGISTRY_v1.2,true,UNMEASURED_UNTIL_SOURCE_MATERIALIZATION,0,NO_DIRECT_SAMPLE_EVIDENCE_LINKED,NON_JOIN_OR_REVIEW,PIT_HISTORICAL_AGGREGATION_INPUT,true,true,PRIMARY,PUBLIC_REPOSITORY_UPSTREAM_TERMS_REVIEW,DERIVED_PUBLIC_REPO_REVIEW,W09 raw-field metadata only; no production feature adoption.
RF-000504,SRC-001,SportsDataverse,adv_team,EPA_non_explosive_per_play,one row per team,double,UNMATERIALIZED_OR_NOT_SCANNED,Mean EPA per non-explosive scrimmage play.,advanced_efficiency_probability,HISTORICAL_GAME_OUTPUT_USE_VIA_PRIOR_GAME_AGGREGATION,HISTORICAL_AGGREGATE_ONLY,CANDIDATE_OR_DERIVED,REQUIRED,RECON_UNIFIED_TEMPORAL_FIELD_REGISTRY_v1.2,true,UNMEASURED_UNTIL_SOURCE_MATERIALIZATION,0,NO_DIRECT_SAMPLE_EVIDENCE_LINKED,NON_JOIN_OR_REVIEW,PIT_HISTORICAL_AGGREGATION_INPUT,true,true,PRIMARY,PUBLIC_REPOSITORY_UPSTREAM_TERMS_REVIEW,DERIVED_PUBLIC_REPO_REVIEW,W09 raw-field metadata only; no production feature adoption.
RF-000505,SRC-001,SportsDataverse,adv_team,EPA_explosive,one row per team,integer,UNMATERIALIZED_OR_NOT_SCANNED,Count of explosive scrimmage plays.,advanced_efficiency_probability,HISTORICAL_GAME_OUTPUT_USE_VIA_PRIOR_GAME_AGGREGATION,HISTORICAL_AGGREGATE_ONLY,CANDIDATE_OR_DERIVED,REQUIRED,RECON_UNIFIED_TEMPORAL_FIELD_REGISTRY_v1.2,true,UNMEASURED_UNTIL_SOURCE_MATERIALIZATION,0,NO_DIRECT_SAMPLE_EVIDENCE_LINKED,NON_JOIN_OR_REVIEW,PIT_HISTORICAL_AGGREGATION_INPUT,true,true,PRIMARY,PUBLIC_REPOSITORY_UPSTREAM_TERMS_REVIEW,DERIVED_PUBLIC_REPO_REVIEW,W09 raw-field metadata only; no production feature adoption.
RF-000506,SRC-001,SportsDataverse,adv_team,EPA_explosive_rate,one row per team,double,UNMATERIALIZED_OR_NOT_SCANNED,Rate of explosive scrimmage plays.,advanced_efficiency_probability,HISTORICAL_GAME_OUTPUT_USE_VIA_PRIOR_GAME_AGGREGATION,HISTORICAL_AGGREGATE_ONLY,CANDIDATE_OR_DERIVED,REQUIRED,RECON_UNIFIED_TEMPORAL_FIELD_REGISTRY_v1.2,true,UNMEASURED_UNTIL_SOURCE_MATERIALIZATION,0,NO_DIRECT_SAMPLE_EVIDENCE_LINKED,NON_JOIN_OR_REVIEW,PIT_HISTORICAL_AGGREGATION_INPUT,true,true,PRIMARY,PUBLIC_REPOSITORY_UPSTREAM_TERMS_REVIEW,DERIVED_PUBLIC_REPO_REVIEW,W09 raw-field metadata only; no production feature adoption.
RF-000507,SRC-001,SportsDataverse,adv_team,passes_rate,one row per team,double,UNMATERIALIZED_OR_NOT_SCANNED,Pass rate over scrimmage plays (mean of pass flag).,passing_receiving,HISTORICAL_GAME_OUTPUT_USE_VIA_PRIOR_GAME_AGGREGATION,HISTORICAL_AGGREGATE_ONLY,CANDIDATE_OR_DERIVED,REQUIRED,RECON_UNIFIED_TEMPORAL_FIELD_REGISTRY_v1.2,true,UNMEASURED_UNTIL_SOURCE_MATERIALIZATION,0,NO_DIRECT_SAMPLE_EVIDENCE_LINKED,NON_JOIN_OR_REVIEW,PIT_HISTORICAL_AGGREGATION_INPUT,true,true,PRIMARY,PUBLIC_REPOSITORY_UPSTREAM_TERMS_REVIEW,DERIVED_PUBLIC_REPO_REVIEW,W09 raw-field metadata only; no production feature adoption.
RF-000508,SRC-001,SportsDataverse,adv_team,off_yards,one row per team,integer,UNMATERIALIZED_OR_NOT_SCANNED,Total offensive yards on scrimmage plays (sum of statYardage).,situational_field_position,HISTORICAL_GAME_OUTPUT_USE_VIA_PRIOR_GAME_AGGREGATION,HISTORICAL_AGGREGATE_ONLY,CANDIDATE_OR_DERIVED,REQUIRED,RECON_UNIFIED_TEMPORAL_FIELD_REGISTRY_v1.2,true,UNMEASURED_UNTIL_SOURCE_MATERIALIZATION,0,NO_DIRECT_SAMPLE_EVIDENCE_LINKED,NON_JOIN_OR_REVIEW,PIT_HISTORICAL_AGGREGATION_INPUT,true,true,PRIMARY,PUBLIC_REPOSITORY_UPSTREAM_TERMS_REVIEW,DERIVED_PUBLIC_REPO_REVIEW,W09 raw-field metadata only; no production feature adoption.
RF-000509,SRC-001,SportsDataverse,adv_team,total_off_yards,one row per team,integer,UNMATERIALIZED_OR_NOT_SCANNED,Total offensive yards on scrimmage plays (alias of off_yards).,situational_field_position,HISTORICAL_GAME_OUTPUT_USE_VIA_PRIOR_GAME_AGGREGATION,HISTORICAL_AGGREGATE_ONLY,CANDIDATE_OR_DERIVED,REQUIRED,RECON_UNIFIED_TEMPORAL_FIELD_REGISTRY_v1.2,true,UNMEASURED_UNTIL_SOURCE_MATERIALIZATION,0,NO_DIRECT_SAMPLE_EVIDENCE_LINKED,NON_JOIN_OR_REVIEW,PIT_HISTORICAL_AGGREGATION_INPUT,true,true,PRIMARY,PUBLIC_REPOSITORY_UPSTREAM_TERMS_REVIEW,DERIVED_PUBLIC_REPO_REVIEW,W09 raw-field metadata only; no production feature adoption.
RF-000510,SRC-001,SportsDataverse,adv_team,yards_per_play,one row per team,double,UNMATERIALIZED_OR_NOT_SCANNED,Mean yards per scrimmage play.,situational_field_position,HISTORICAL_GAME_OUTPUT_USE_VIA_PRIOR_GAME_AGGREGATION,HISTORICAL_AGGREGATE_ONLY,CANDIDATE_OR_DERIVED,REQUIRED,RECON_UNIFIED_TEMPORAL_FIELD_REGISTRY_v1.2,true,UNMEASURED_UNTIL_SOURCE_MATERIALIZATION,0,NO_DIRECT_SAMPLE_EVIDENCE_LINKED,NON_JOIN_OR_REVIEW,PIT_HISTORICAL_AGGREGATION_INPUT,true,true,PRIMARY,PUBLIC_REPOSITORY_UPSTREAM_TERMS_REVIEW,DERIVED_PUBLIC_REPO_REVIEW,W09 raw-field metadata only; no production feature adoption.
RF-000511,SRC-001,SportsDataverse,adv_team,EPA_plays,one row per team,integer,UNMATERIALIZED_OR_NOT_SCANNED,"Count of EPA-eligible plays (sum of play flag, all plays).",advanced_efficiency_probability,HISTORICAL_GAME_OUTPUT_USE_VIA_PRIOR_GAME_AGGREGATION,HISTORICAL_AGGREGATE_ONLY,CANDIDATE_OR_DERIVED,REQUIRED,RECON_UNIFIED_TEMPORAL_FIELD_REGISTRY_v1.2,true,UNMEASURED_UNTIL_SOURCE_MATERIALIZATION,0,NO_DIRECT_SAMPLE_EVIDENCE_LINKED,NON_JOIN_OR_REVIEW,PIT_HISTORICAL_AGGREGATION_INPUT,true,true,PRIMARY,PUBLIC_REPOSITORY_UPSTREAM_TERMS_REVIEW,DERIVED_PUBLIC_REPO_REVIEW,W09 raw-field metadata only; no production feature adoption.
RF-000512,SRC-001,SportsDataverse,adv_team,total_yards,one row per team,integer,UNMATERIALIZED_OR_NOT_SCANNED,"Total yardage across all plays (sum of statYardage, base box).",situational_field_position,HISTORICAL_GAME_OUTPUT_USE_VIA_PRIOR_GAME_AGGREGATION,HISTORICAL_AGGREGATE_ONLY,CANDIDATE_OR_DERIVED,REQUIRED,RECON_UNIFIED_TEMPORAL_FIELD_REGISTRY_v1.2,true,UNMEASURED_UNTIL_SOURCE_MATERIALIZATION,1,NAME_MATCH_ONLY_NOT_POPULATION_EVIDENCE,NON_JOIN_OR_REVIEW,PIT_HISTORICAL_AGGREGATION_INPUT,true,true,PRIMARY,PUBLIC_REPOSITORY_UPSTREAM_TERMS_REVIEW,DERIVED_PUBLIC_REPO_REVIEW,W09 raw-field metadata only; no production feature adoption.
RF-000513,SRC-001,SportsDataverse,adv_team,EPA_overall_total,one row per team,double,UNMATERIALIZED_OR_NOT_SCANNED,Total EPA across all plays.,advanced_efficiency_probability,HISTORICAL_GAME_OUTPUT_USE_VIA_PRIOR_GAME_AGGREGATION,HISTORICAL_AGGREGATE_ONLY,CANDIDATE_OR_DERIVED,REQUIRED,RECON_UNIFIED_TEMPORAL_FIELD_REGISTRY_v1.2,true,UNMEASURED_UNTIL_SOURCE_MATERIALIZATION,0,NO_DIRECT_SAMPLE_EVIDENCE_LINKED,NON_JOIN_OR_REVIEW,PIT_HISTORICAL_AGGREGATION_INPUT,true,true,PRIMARY,PUBLIC_REPOSITORY_UPSTREAM_TERMS_REVIEW,DERIVED_PUBLIC_REPO_REVIEW,W09 raw-field metadata only; no production feature adoption.
RF-000514,SRC-001,SportsDataverse,adv_team,rushes_rate,one row per team,double,UNMATERIALIZED_OR_NOT_SCANNED,Rush rate over scrimmage plays (mean of rush flag).,rushing,HISTORICAL_GAME_OUTPUT_USE_VIA_PRIOR_GAME_AGGREGATION,HISTORICAL_AGGREGATE_ONLY,CANDIDATE_OR_DERIVED,REQUIRED,RECON_UNIFIED_TEMPORAL_FIELD_REGISTRY_v1.2,true,UNMEASURED_UNTIL_SOURCE_MATERIALIZATION,0,NO_DIRECT_SAMPLE_EVIDENCE_LINKED,NON_JOIN_OR_REVIEW,PIT_HISTORICAL_AGGREGATION_INPUT,true,true,PRIMARY,PUBLIC_REPOSITORY_UPSTREAM_TERMS_REVIEW,DERIVED_PUBLIC_REPO_REVIEW,W09 raw-field metadata only; no production feature adoption.
RF-000515,SRC-001,SportsDataverse,adv_team,first_downs_created,one row per team,integer,UNMATERIALIZED_OR_NOT_SCANNED,Total first downs created over scrimmage plays.,situational_field_position,HISTORICAL_GAME_OUTPUT_USE_VIA_PRIOR_GAME_AGGREGATION,HISTORICAL_AGGREGATE_ONLY,CANDIDATE_OR_DERIVED,REQUIRED,RECON_UNIFIED_TEMPORAL_FIELD_REGISTRY_v1.2,true,UNMEASURED_UNTIL_SOURCE_MATERIALIZATION,0,NO_DIRECT_SAMPLE_EVIDENCE_LINKED,NON_JOIN_OR_REVIEW,PIT_HISTORICAL_AGGREGATION_INPUT,true,true,PRIMARY,PUBLIC_REPOSITORY_UPSTREAM_TERMS_REVIEW,DERIVED_PUBLIC_REPO_REVIEW,W09 raw-field metadata only; no production feature adoption.
RF-000516,SRC-001,SportsDataverse,adv_team,first_downs_created_rate,one row per team,double,UNMATERIALIZED_OR_NOT_SCANNED,Mean (rate) of first downs created per scrimmage play.,situational_field_position,HISTORICAL_GAME_OUTPUT_USE_VIA_PRIOR_GAME_AGGREGATION,HISTORICAL_AGGREGATE_ONLY,CANDIDATE_OR_DERIVED,REQUIRED,RECON_UNIFIED_TEMPORAL_FIELD_REGISTRY_v1.2,true,UNMEASURED_UNTIL_SOURCE_MATERIALIZATION,0,NO_DIRECT_SAMPLE_EVIDENCE_LINKED,NON_JOIN_OR_REVIEW,PIT_HISTORICAL_AGGREGATION_INPUT,true,true,PRIMARY,PUBLIC_REPOSITORY_UPSTREAM_TERMS_REVIEW,DERIVED_PUBLIC_REPO_REVIEW,W09 raw-field metadata only; no production feature adoption.
RF-000517,SRC-001,SportsDataverse,adv_team,EPA_rushing_power,one row per team,double,UNMATERIALIZED_OR_NOT_SCANNED,Total EPA on power-run rushing attempts.,rushing,HISTORICAL_GAME_OUTPUT_USE_VIA_PRIOR_GAME_AGGREGATION,HISTORICAL_AGGREGATE_ONLY,CANDIDATE_OR_DERIVED,REQUIRED,RECON_UNIFIED_TEMPORAL_FIELD_REGISTRY_v1.2,true,UNMEASURED_UNTIL_SOURCE_MATERIALIZATION,0,NO_DIRECT_SAMPLE_EVIDENCE_LINKED,NON_JOIN_OR_REVIEW,PIT_HISTORICAL_AGGREGATION_INPUT,true,true,PRIMARY,PUBLIC_REPOSITORY_UPSTREAM_TERMS_REVIEW,DERIVED_PUBLIC_REPO_REVIEW,W09 raw-field metadata only; no production feature adoption.
RF-000518,SRC-001,SportsDataverse,adv_team,EPA_rushing_power_per_play,one row per team,double,UNMATERIALIZED_OR_NOT_SCANNED,Mean EPA per power-run rushing attempt.,rushing,HISTORICAL_GAME_OUTPUT_USE_VIA_PRIOR_GAME_AGGREGATION,HISTORICAL_AGGREGATE_ONLY,CANDIDATE_OR_DERIVED,REQUIRED,RECON_UNIFIED_TEMPORAL_FIELD_REGISTRY_v1.2,true,UNMEASURED_UNTIL_SOURCE_MATERIALIZATION,0,NO_DIRECT_SAMPLE_EVIDENCE_LINKED,NON_JOIN_OR_REVIEW,PIT_HISTORICAL_AGGREGATION_INPUT,true,true,PRIMARY,PUBLIC_REPOSITORY_UPSTREAM_TERMS_REVIEW,DERIVED_PUBLIC_REPO_REVIEW,W09 raw-field metadata only; no production feature adoption.
RF-000519,SRC-001,SportsDataverse,adv_team,rushing_power_success,one row per team,integer,UNMATERIALIZED_OR_NOT_SCANNED,Count of successful power-run rushes.,rushing,HISTORICAL_GAME_OUTPUT_USE_VIA_PRIOR_GAME_AGGREGATION,HISTORICAL_AGGREGATE_ONLY,CANDIDATE_OR_DERIVED,REQUIRED,RECON_UNIFIED_TEMPORAL_FIELD_REGISTRY_v1.2,true,UNMEASURED_UNTIL_SOURCE_MATERIALIZATION,0,NO_DIRECT_SAMPLE_EVIDENCE_LINKED,NON_JOIN_OR_REVIEW,PIT_HISTORICAL_AGGREGATION_INPUT,true,true,PRIMARY,PUBLIC_REPOSITORY_UPSTREAM_TERMS_REVIEW,DERIVED_PUBLIC_REPO_REVIEW,W09 raw-field metadata only; no production feature adoption.
RF-000520,SRC-001,SportsDataverse,adv_team,rushing_power_success_rate,one row per team,double,UNMATERIALIZED_OR_NOT_SCANNED,Power-run success rate.,rushing,HISTORICAL_GAME_OUTPUT_USE_VIA_PRIOR_GAME_AGGREGATION,HISTORICAL_AGGREGATE_ONLY,CANDIDATE_OR_DERIVED,REQUIRED,RECON_UNIFIED_TEMPORAL_FIELD_REGISTRY_v1.2,true,UNMEASURED_UNTIL_SOURCE_MATERIALIZATION,0,NO_DIRECT_SAMPLE_EVIDENCE_LINKED,NON_JOIN_OR_REVIEW,PIT_HISTORICAL_AGGREGATION_INPUT,true,true,PRIMARY,PUBLIC_REPOSITORY_UPSTREAM_TERMS_REVIEW,DERIVED_PUBLIC_REPO_REVIEW,W09 raw-field metadata only; no production feature adoption.
RF-000521,SRC-001,SportsDataverse,adv_team,rushing_power,one row per team,integer,UNMATERIALIZED_OR_NOT_SCANNED,Count of power-run rushing attempts.,rushing,HISTORICAL_GAME_OUTPUT_USE_VIA_PRIOR_GAME_AGGREGATION,HISTORICAL_AGGREGATE_ONLY,CANDIDATE_OR_DERIVED,REQUIRED,RECON_UNIFIED_TEMPORAL_FIELD_REGISTRY_v1.2,true,UNMEASURED_UNTIL_SOURCE_MATERIALIZATION,0,NO_DIRECT_SAMPLE_EVIDENCE_LINKED,NON_JOIN_OR_REVIEW,PIT_HISTORICAL_AGGREGATION_INPUT,true,true,PRIMARY,PUBLIC_REPOSITORY_UPSTREAM_TERMS_REVIEW,DERIVED_PUBLIC_REPO_REVIEW,W09 raw-field metadata only; no production feature adoption.
RF-000522,SRC-001,SportsDataverse,adv_team,rushing_stuff,one row per team,integer,UNMATERIALIZED_OR_NOT_SCANNED,Count of rushes stuffed (no/negative gain at the line).,rushing,HISTORICAL_GAME_OUTPUT_USE_VIA_PRIOR_GAME_AGGREGATION,HISTORICAL_AGGREGATE_ONLY,CANDIDATE_OR_DERIVED,REQUIRED,RECON_UNIFIED_TEMPORAL_FIELD_REGISTRY_v1.2,true,UNMEASURED_UNTIL_SOURCE_MATERIALIZATION,0,NO_DIRECT_SAMPLE_EVIDENCE_LINKED,NON_JOIN_OR_REVIEW,PIT_HISTORICAL_AGGREGATION_INPUT,true,true,PRIMARY,PUBLIC_REPOSITORY_UPSTREAM_TERMS_REVIEW,DERIVED_PUBLIC_REPO_REVIEW,W09 raw-field metadata only; no production feature adoption.
RF-000523,SRC-001,SportsDataverse,adv_team,rushing_stuff_rate,one row per team,double,UNMATERIALIZED_OR_NOT_SCANNED,Stuffed-run rate over rushes.,rushing,HISTORICAL_GAME_OUTPUT_USE_VIA_PRIOR_GAME_AGGREGATION,HISTORICAL_AGGREGATE_ONLY,CANDIDATE_OR_DERIVED,REQUIRED,RECON_UNIFIED_TEMPORAL_FIELD_REGISTRY_v1.2,true,UNMEASURED_UNTIL_SOURCE_MATERIALIZATION,0,NO_DIRECT_SAMPLE_EVIDENCE_LINKED,NON_JOIN_OR_REVIEW,PIT_HISTORICAL_AGGREGATION_INPUT,true,true,PRIMARY,PUBLIC_REPOSITORY_UPSTREAM_TERMS_REVIEW,DERIVED_PUBLIC_REPO_REVIEW,W09 raw-field metadata only; no production feature adoption.
RF-000524,SRC-001,SportsDataverse,adv_team,rushing_stopped,one row per team,integer,UNMATERIALIZED_OR_NOT_SCANNED,Count of rushes stopped (short of expected gain).,rushing,HISTORICAL_GAME_OUTPUT_USE_VIA_PRIOR_GAME_AGGREGATION,HISTORICAL_AGGREGATE_ONLY,CANDIDATE_OR_DERIVED,REQUIRED,RECON_UNIFIED_TEMPORAL_FIELD_REGISTRY_v1.2,true,UNMEASURED_UNTIL_SOURCE_MATERIALIZATION,0,NO_DIRECT_SAMPLE_EVIDENCE_LINKED,NON_JOIN_OR_REVIEW,PIT_HISTORICAL_AGGREGATION_INPUT,true,true,PRIMARY,PUBLIC_REPOSITORY_UPSTREAM_TERMS_REVIEW,DERIVED_PUBLIC_REPO_REVIEW,W09 raw-field metadata only; no production feature adoption.
RF-000525,SRC-001,SportsDataverse,adv_team,rushing_stopped_rate,one row per team,double,UNMATERIALIZED_OR_NOT_SCANNED,Stopped-run rate over rushes.,rushing,HISTORICAL_GAME_OUTPUT_USE_VIA_PRIOR_GAME_AGGREGATION,HISTORICAL_AGGREGATE_ONLY,CANDIDATE_OR_DERIVED,REQUIRED,RECON_UNIFIED_TEMPORAL_FIELD_REGISTRY_v1.2,true,UNMEASURED_UNTIL_SOURCE_MATERIALIZATION,0,NO_DIRECT_SAMPLE_EVIDENCE_LINKED,NON_JOIN_OR_REVIEW,PIT_HISTORICAL_AGGREGATION_INPUT,true,true,PRIMARY,PUBLIC_REPOSITORY_UPSTREAM_TERMS_REVIEW,DERIVED_PUBLIC_REPO_REVIEW,W09 raw-field metadata only; no production feature adoption.
RF-000526,SRC-001,SportsDataverse,adv_team,rushing_opportunity,one row per team,integer,UNMATERIALIZED_OR_NOT_SCANNED,Count of opportunity runs (rushes reaching the opportunity-yardage threshold).,rushing,HISTORICAL_GAME_OUTPUT_USE_VIA_PRIOR_GAME_AGGREGATION,HISTORICAL_AGGREGATE_ONLY,CANDIDATE_OR_DERIVED,REQUIRED,RECON_UNIFIED_TEMPORAL_FIELD_REGISTRY_v1.2,true,UNMEASURED_UNTIL_SOURCE_MATERIALIZATION,0,NO_DIRECT_SAMPLE_EVIDENCE_LINKED,NON_JOIN_OR_REVIEW,PIT_HISTORICAL_AGGREGATION_INPUT,true,true,PRIMARY,PUBLIC_REPOSITORY_UPSTREAM_TERMS_REVIEW,DERIVED_PUBLIC_REPO_REVIEW,W09 raw-field metadata only; no production feature adoption.
RF-000527,SRC-001,SportsDataverse,adv_team,rushing_opportunity_rate,one row per team,double,UNMATERIALIZED_OR_NOT_SCANNED,Opportunity-run rate over rushes.,rushing,HISTORICAL_GAME_OUTPUT_USE_VIA_PRIOR_GAME_AGGREGATION,HISTORICAL_AGGREGATE_ONLY,CANDIDATE_OR_DERIVED,REQUIRED,RECON_UNIFIED_TEMPORAL_FIELD_REGISTRY_v1.2,true,UNMEASURED_UNTIL_SOURCE_MATERIALIZATION,0,NO_DIRECT_SAMPLE_EVIDENCE_LINKED,NON_JOIN_OR_REVIEW,PIT_HISTORICAL_AGGREGATION_INPUT,true,true,PRIMARY,PUBLIC_REPOSITORY_UPSTREAM_TERMS_REVIEW,DERIVED_PUBLIC_REPO_REVIEW,W09 raw-field metadata only; no production feature adoption.
RF-000528,SRC-001,SportsDataverse,adv_team,rushing_highlight,one row per team,integer,UNMATERIALIZED_OR_NOT_SCANNED,Count of highlight runs (rushes that broke into highlight-yardage territory).,rushing,HISTORICAL_GAME_OUTPUT_USE_VIA_PRIOR_GAME_AGGREGATION,HISTORICAL_AGGREGATE_ONLY,CANDIDATE_OR_DERIVED,REQUIRED,RECON_UNIFIED_TEMPORAL_FIELD_REGISTRY_v1.2,true,UNMEASURED_UNTIL_SOURCE_MATERIALIZATION,0,NO_DIRECT_SAMPLE_EVIDENCE_LINKED,NON_JOIN_OR_REVIEW,PIT_HISTORICAL_AGGREGATION_INPUT,true,true,PRIMARY,PUBLIC_REPOSITORY_UPSTREAM_TERMS_REVIEW,DERIVED_PUBLIC_REPO_REVIEW,W09 raw-field metadata only; no production feature adoption.
RF-000529,SRC-001,SportsDataverse,adv_team,rushing_highlight_rate,one row per team,double,UNMATERIALIZED_OR_NOT_SCANNED,Highlight-run rate over rushes.,rushing,HISTORICAL_GAME_OUTPUT_USE_VIA_PRIOR_GAME_AGGREGATION,HISTORICAL_AGGREGATE_ONLY,CANDIDATE_OR_DERIVED,REQUIRED,RECON_UNIFIED_TEMPORAL_FIELD_REGISTRY_v1.2,true,UNMEASURED_UNTIL_SOURCE_MATERIALIZATION,0,NO_DIRECT_SAMPLE_EVIDENCE_LINKED,NON_JOIN_OR_REVIEW,PIT_HISTORICAL_AGGREGATION_INPUT,true,true,PRIMARY,PUBLIC_REPOSITORY_UPSTREAM_TERMS_REVIEW,DERIVED_PUBLIC_REPO_REVIEW,W09 raw-field metadata only; no production feature adoption.
RF-000530,SRC-001,SportsDataverse,adv_team,rushing_highlight_yards,one row per team,double,UNMATERIALIZED_OR_NOT_SCANNED,Total highlight yards (yards gained beyond the line/second-level on highlight runs).,rushing,HISTORICAL_GAME_OUTPUT_USE_VIA_PRIOR_GAME_AGGREGATION,HISTORICAL_AGGREGATE_ONLY,CANDIDATE_OR_DERIVED,REQUIRED,RECON_UNIFIED_TEMPORAL_FIELD_REGISTRY_v1.2,true,UNMEASURED_UNTIL_SOURCE_MATERIALIZATION,0,NO_DIRECT_SAMPLE_EVIDENCE_LINKED,NON_JOIN_OR_REVIEW,PIT_HISTORICAL_AGGREGATION_INPUT,true,true,PRIMARY,PUBLIC_REPOSITORY_UPSTREAM_TERMS_REVIEW,DERIVED_PUBLIC_REPO_REVIEW,W09 raw-field metadata only; no production feature adoption.
RF-000531,SRC-001,SportsDataverse,adv_team,line_yards,one row per team,double,UNMATERIALIZED_OR_NOT_SCANNED,Total line yards (offensive-line-credited rushing yardage).,rushing,HISTORICAL_GAME_OUTPUT_USE_VIA_PRIOR_GAME_AGGREGATION,HISTORICAL_AGGREGATE_ONLY,CANDIDATE_OR_DERIVED,REQUIRED,RECON_UNIFIED_TEMPORAL_FIELD_REGISTRY_v1.2,true,UNMEASURED_UNTIL_SOURCE_MATERIALIZATION,1,NAME_MATCH_ONLY_NOT_POPULATION_EVIDENCE,NON_JOIN_OR_REVIEW,PIT_HISTORICAL_AGGREGATION_INPUT,true,true,PRIMARY,PUBLIC_REPOSITORY_UPSTREAM_TERMS_REVIEW,DERIVED_PUBLIC_REPO_REVIEW,W09 raw-field metadata only; no production feature adoption.
RF-000532,SRC-001,SportsDataverse,adv_team,line_yards_per_carry,one row per team,double,UNMATERIALIZED_OR_NOT_SCANNED,Mean line yards per rush attempt.,rushing,HISTORICAL_GAME_OUTPUT_USE_VIA_PRIOR_GAME_AGGREGATION,HISTORICAL_AGGREGATE_ONLY,CANDIDATE_OR_DERIVED,REQUIRED,RECON_UNIFIED_TEMPORAL_FIELD_REGISTRY_v1.2,true,UNMEASURED_UNTIL_SOURCE_MATERIALIZATION,0,NO_DIRECT_SAMPLE_EVIDENCE_LINKED,NON_JOIN_OR_REVIEW,PIT_HISTORICAL_AGGREGATION_INPUT,true,true,PRIMARY,PUBLIC_REPOSITORY_UPSTREAM_TERMS_REVIEW,DERIVED_PUBLIC_REPO_REVIEW,W09 raw-field metadata only; no production feature adoption.
RF-000533,SRC-001,SportsDataverse,adv_team,second_level_yards,one row per team,double,UNMATERIALIZED_OR_NOT_SCANNED,Total second-level rushing yards (5-10 yards past LOS).,situational_field_position,HISTORICAL_GAME_OUTPUT_USE_VIA_PRIOR_GAME_AGGREGATION,HISTORICAL_AGGREGATE_ONLY,CANDIDATE_OR_DERIVED,REQUIRED,RECON_UNIFIED_TEMPORAL_FIELD_REGISTRY_v1.2,true,UNMEASURED_UNTIL_SOURCE_MATERIALIZATION,1,NAME_MATCH_ONLY_NOT_POPULATION_EVIDENCE,NON_JOIN_OR_REVIEW,PIT_HISTORICAL_AGGREGATION_INPUT,true,true,PRIMARY,PUBLIC_REPOSITORY_UPSTREAM_TERMS_REVIEW,DERIVED_PUBLIC_REPO_REVIEW,W09 raw-field metadata only; no production feature adoption.
RF-000534,SRC-001,SportsDataverse,adv_team,open_field_yards,one row per team,double,UNMATERIALIZED_OR_NOT_SCANNED,Total open-field rushing yards (beyond 10 yards past LOS).,penalties,HISTORICAL_GAME_OUTPUT_USE_VIA_PRIOR_GAME_AGGREGATION,HISTORICAL_AGGREGATE_ONLY,CANDIDATE_OR_DERIVED,REQUIRED,RECON_UNIFIED_TEMPORAL_FIELD_REGISTRY_v1.2,true,UNMEASURED_UNTIL_SOURCE_MATERIALIZATION,1,NAME_MATCH_ONLY_NOT_POPULATION_EVIDENCE,NON_JOIN_OR_REVIEW,PIT_HISTORICAL_AGGREGATION_INPUT,true,true,PRIMARY,PUBLIC_REPOSITORY_UPSTREAM_TERMS_REVIEW,DERIVED_PUBLIC_REPO_REVIEW,W09 raw-field metadata only; no production feature adoption.
RF-000535,SRC-001,SportsDataverse,adv_passing,game_id,one row per passer,integer,UNMATERIALIZED_OR_NOT_SCANNED,"ESPN game id, stamped onto every row during the season-wide bind (source `gameId`, e.g. 401628455).",identity_metadata,HISTORICAL_GAME_OUTPUT_USE_VIA_PRIOR_GAME_AGGREGATION,HISTORICAL_AGGREGATE_ONLY,JOIN_OR_METADATA,REQUIRED,RECON_UNIFIED_TEMPORAL_FIELD_REGISTRY_v1.2,true,UNMEASURED_UNTIL_SOURCE_MATERIALIZATION,8,NAME_MATCH_ONLY_NOT_POPULATION_EVIDENCE,JOIN_OR_METADATA,EVIDENCE_OR_METADATA_ONLY,false,true,PRIMARY,PUBLIC_REPOSITORY_UPSTREAM_TERMS_REVIEW,DERIVED_PUBLIC_REPO_REVIEW,W09 raw-field metadata only; no production feature adoption.
RF-000536,SRC-001,SportsDataverse,adv_passing,season,one row per passer,integer,UNMATERIALIZED_OR_NOT_SCANNED,"Season year the game belongs to, stamped during the bind (e.g. 2024).",other,HISTORICAL_GAME_OUTPUT_USE_VIA_PRIOR_GAME_AGGREGATION,HISTORICAL_AGGREGATE_ONLY,CANDIDATE_OR_DERIVED,REQUIRED,RECON_UNIFIED_TEMPORAL_FIELD_REGISTRY_v1.2,true,UNMEASURED_UNTIL_SOURCE_MATERIALIZATION,10,NAME_MATCH_ONLY_NOT_POPULATION_EVIDENCE,NON_JOIN_OR_REVIEW,PIT_HISTORICAL_AGGREGATION_INPUT,true,true,PRIMARY,PUBLIC_REPOSITORY_UPSTREAM_TERMS_REVIEW,DERIVED_PUBLIC_REPO_REVIEW,W09 raw-field metadata only; no production feature adoption.
RF-000537,SRC-001,SportsDataverse,adv_passing,week,one row per passer,integer,UNMATERIALIZED_OR_NOT_SCANNED,"Week number within the season, stamped during the bind (e.g. 1).",other,HISTORICAL_GAME_OUTPUT_USE_VIA_PRIOR_GAME_AGGREGATION,HISTORICAL_AGGREGATE_ONLY,CANDIDATE_OR_DERIVED,REQUIRED,RECON_UNIFIED_TEMPORAL_FIELD_REGISTRY_v1.2,true,UNMEASURED_UNTIL_SOURCE_MATERIALIZATION,5,NAME_MATCH_ONLY_NOT_POPULATION_EVIDENCE,NON_JOIN_OR_REVIEW,PIT_HISTORICAL_AGGREGATION_INPUT,true,true,PRIMARY,PUBLIC_REPOSITORY_UPSTREAM_TERMS_REVIEW,DERIVED_PUBLIC_REPO_REVIEW,W09 raw-field metadata only; no production feature adoption.
RF-000538,SRC-001,SportsDataverse,adv_passing,pos_team,one row per passer,integer,UNMATERIALIZED_OR_NOT_SCANNED,ESPN team id of the passer's offense (possession team); cast to Int32 in source.,identity_metadata,HISTORICAL_GAME_OUTPUT_USE_VIA_PRIOR_GAME_AGGREGATION,HISTORICAL_AGGREGATE_ONLY,JOIN_OR_METADATA,REQUIRED,RECON_UNIFIED_TEMPORAL_FIELD_REGISTRY_v1.2,true,UNMEASURED_UNTIL_SOURCE_MATERIALIZATION,0,NO_DIRECT_SAMPLE_EVIDENCE_LINKED,JOIN_OR_METADATA,EVIDENCE_OR_METADATA_ONLY,false,true,PRIMARY,PUBLIC_REPOSITORY_UPSTREAM_TERMS_REVIEW,DERIVED_PUBLIC_REPO_REVIEW,W09 raw-field metadata only; no production feature adoption.
RF-000539,SRC-001,SportsDataverse,adv_passing,passer_player_name,one row per passer,character,UNMATERIALIZED_OR_NOT_SCANNED,"Passer's display name; literal `""TEAM""` for team-charged passing plays (e.g. intentional grounding) not attributed to an individual.",passing_receiving,HISTORICAL_GAME_OUTPUT_USE_VIA_PRIOR_GAME_AGGREGATION,HISTORICAL_AGGREGATE_ONLY,CANDIDATE_OR_DERIVED,REQUIRED,RECON_UNIFIED_TEMPORAL_FIELD_REGISTRY_v1.2,true,UNMEASURED_UNTIL_SOURCE_MATERIALIZATION,0,NO_DIRECT_SAMPLE_EVIDENCE_LINKED,NON_JOIN_OR_REVIEW,PIT_HISTORICAL_AGGREGATION_INPUT,true,true,PRIMARY,PUBLIC_REPOSITORY_UPSTREAM_TERMS_REVIEW,DERIVED_PUBLIC_REPO_REVIEW,W09 raw-field metadata only; no production feature adoption.
RF-000540,SRC-001,SportsDataverse,adv_passing,Comp,one row per passer,integer,UNMATERIALIZED_OR_NOT_SCANNED,Completions: sum of completed pass attempts for this passer in the game.,other,HISTORICAL_GAME_OUTPUT_USE_VIA_PRIOR_GAME_AGGREGATION,HISTORICAL_AGGREGATE_ONLY,CANDIDATE_OR_DERIVED,REQUIRED,RECON_UNIFIED_TEMPORAL_FIELD_REGISTRY_v1.2,true,UNMEASURED_UNTIL_SOURCE_MATERIALIZATION,0,NO_DIRECT_SAMPLE_EVIDENCE_LINKED,NON_JOIN_OR_REVIEW,PIT_HISTORICAL_AGGREGATION_INPUT,true,true,PRIMARY,PUBLIC_REPOSITORY_UPSTREAM_TERMS_REVIEW,DERIVED_PUBLIC_REPO_REVIEW,W09 raw-field metadata only; no production feature adoption.
RF-000541,SRC-001,SportsDataverse,adv_passing,Att,one row per passer,integer,UNMATERIALIZED_OR_NOT_SCANNED,Pass attempts: sum of pass attempts for this passer.,other,HISTORICAL_GAME_OUTPUT_USE_VIA_PRIOR_GAME_AGGREGATION,HISTORICAL_AGGREGATE_ONLY,CANDIDATE_OR_DERIVED,REQUIRED,RECON_UNIFIED_TEMPORAL_FIELD_REGISTRY_v1.2,true,UNMEASURED_UNTIL_SOURCE_MATERIALIZATION,0,NO_DIRECT_SAMPLE_EVIDENCE_LINKED,NON_JOIN_OR_REVIEW,PIT_HISTORICAL_AGGREGATION_INPUT,true,true,PRIMARY,PUBLIC_REPOSITORY_UPSTREAM_TERMS_REVIEW,DERIVED_PUBLIC_REPO_REVIEW,W09 raw-field metadata only; no production feature adoption.
RF-000542,SRC-001,SportsDataverse,adv_passing,Yds,one row per passer,double,UNMATERIALIZED_OR_NOT_SCANNED,"Passing yards for this passer, aggregated from receiving yards on his attempts (can be 0.0).",other,HISTORICAL_GAME_OUTPUT_USE_VIA_PRIOR_GAME_AGGREGATION,HISTORICAL_AGGREGATE_ONLY,CANDIDATE_OR_DERIVED,REQUIRED,RECON_UNIFIED_TEMPORAL_FIELD_REGISTRY_v1.2,true,UNMEASURED_UNTIL_SOURCE_MATERIALIZATION,0,NO_DIRECT_SAMPLE_EVIDENCE_LINKED,NON_JOIN_OR_REVIEW,PIT_HISTORICAL_AGGREGATION_INPUT,true,true,PRIMARY,PUBLIC_REPOSITORY_UPSTREAM_TERMS_REVIEW,DERIVED_PUBLIC_REPO_REVIEW,W09 raw-field metadata only; no production feature adoption.
RF-000543,SRC-001,SportsDataverse,adv_passing,Pass_TD,one row per passer,integer,UNMATERIALIZED_OR_NOT_SCANNED,Passing touchdowns thrown by this passer.,passing_receiving,HISTORICAL_GAME_OUTPUT_USE_VIA_PRIOR_GAME_AGGREGATION,HISTORICAL_AGGREGATE_ONLY,CANDIDATE_OR_DERIVED,REQUIRED,RECON_UNIFIED_TEMPORAL_FIELD_REGISTRY_v1.2,true,UNMEASURED_UNTIL_SOURCE_MATERIALIZATION,0,NO_DIRECT_SAMPLE_EVIDENCE_LINKED,NON_JOIN_OR_REVIEW,PIT_HISTORICAL_AGGREGATION_INPUT,true,true,PRIMARY,PUBLIC_REPOSITORY_UPSTREAM_TERMS_REVIEW,DERIVED_PUBLIC_REPO_REVIEW,W09 raw-field metadata only; no production feature adoption.
RF-000544,SRC-001,SportsDataverse,adv_passing,Int,one row per passer,integer,UNMATERIALIZED_OR_NOT_SCANNED,Interceptions thrown by this passer.,turnovers,HISTORICAL_GAME_OUTPUT_USE_VIA_PRIOR_GAME_AGGREGATION,HISTORICAL_AGGREGATE_ONLY,CANDIDATE_OR_DERIVED,REQUIRED,RECON_UNIFIED_TEMPORAL_FIELD_REGISTRY_v1.2,true,UNMEASURED_UNTIL_SOURCE_MATERIALIZATION,0,NO_DIRECT_SAMPLE_EVIDENCE_LINKED,NON_JOIN_OR_REVIEW,PIT_HISTORICAL_AGGREGATION_INPUT,true,true,PRIMARY,PUBLIC_REPOSITORY_UPSTREAM_TERMS_REVIEW,DERIVED_PUBLIC_REPO_REVIEW,W09 raw-field metadata only; no production feature adoption.
RF-000545,SRC-001,SportsDataverse,adv_passing,YPA,one row per passer,double,UNMATERIALIZED_OR_NOT_SCANNED,Yards per attempt: mean receiving yards across this passer's attempts.,other,HISTORICAL_GAME_OUTPUT_USE_VIA_PRIOR_GAME_AGGREGATION,HISTORICAL_AGGREGATE_ONLY,CANDIDATE_OR_DERIVED,REQUIRED,RECON_UNIFIED_TEMPORAL_FIELD_REGISTRY_v1.2,true,UNMEASURED_UNTIL_SOURCE_MATERIALIZATION,0,NO_DIRECT_SAMPLE_EVIDENCE_LINKED,NON_JOIN_OR_REVIEW,PIT_HISTORICAL_AGGREGATION_INPUT,true,true,PRIMARY,PUBLIC_REPOSITORY_UPSTREAM_TERMS_REVIEW,DERIVED_PUBLIC_REPO_REVIEW,W09 raw-field metadata only; no production feature adoption.
RF-000546,SRC-001,SportsDataverse,adv_passing,EPA,one row per passer,double,UNMATERIALIZED_OR_NOT_SCANNED,Total Expected Points Added summed over this passer's plays.,advanced_efficiency_probability,HISTORICAL_GAME_OUTPUT_USE_VIA_PRIOR_GAME_AGGREGATION,HISTORICAL_AGGREGATE_ONLY,CANDIDATE_OR_DERIVED,REQUIRED,RECON_UNIFIED_TEMPORAL_FIELD_REGISTRY_v1.2,true,UNMEASURED_UNTIL_SOURCE_MATERIALIZATION,1,NAME_MATCH_ONLY_NOT_POPULATION_EVIDENCE,NON_JOIN_OR_REVIEW,PIT_HISTORICAL_AGGREGATION_INPUT,true,true,PRIMARY,PUBLIC_REPOSITORY_UPSTREAM_TERMS_REVIEW,DERIVED_PUBLIC_REPO_REVIEW,W09 raw-field metadata only; no production feature adoption.
RF-000547,SRC-001,SportsDataverse,adv_passing,EPA_per_Play,one row per passer,double,UNMATERIALIZED_OR_NOT_SCANNED,Mean EPA per play for this passer.,advanced_efficiency_probability,HISTORICAL_GAME_OUTPUT_USE_VIA_PRIOR_GAME_AGGREGATION,HISTORICAL_AGGREGATE_ONLY,CANDIDATE_OR_DERIVED,REQUIRED,RECON_UNIFIED_TEMPORAL_FIELD_REGISTRY_v1.2,true,UNMEASURED_UNTIL_SOURCE_MATERIALIZATION,0,NO_DIRECT_SAMPLE_EVIDENCE_LINKED,NON_JOIN_OR_REVIEW,PIT_HISTORICAL_AGGREGATION_INPUT,true,true,PRIMARY,PUBLIC_REPOSITORY_UPSTREAM_TERMS_REVIEW,DERIVED_PUBLIC_REPO_REVIEW,W09 raw-field metadata only; no production feature adoption.
RF-000548,SRC-001,SportsDataverse,adv_passing,WPA,one row per passer,double,UNMATERIALIZED_OR_NOT_SCANNED,Total Win Probability Added summed over this passer's plays.,advanced_efficiency_probability,HISTORICAL_GAME_OUTPUT_USE_VIA_PRIOR_GAME_AGGREGATION,HISTORICAL_AGGREGATE_ONLY,CANDIDATE_OR_DERIVED,REQUIRED,RECON_UNIFIED_TEMPORAL_FIELD_REGISTRY_v1.2,true,UNMEASURED_UNTIL_SOURCE_MATERIALIZATION,0,NO_DIRECT_SAMPLE_EVIDENCE_LINKED,NON_JOIN_OR_REVIEW,PIT_HISTORICAL_AGGREGATION_INPUT,true,true,PRIMARY,PUBLIC_REPOSITORY_UPSTREAM_TERMS_REVIEW,DERIVED_PUBLIC_REPO_REVIEW,W09 raw-field metadata only; no production feature adoption.
RF-000549,SRC-001,SportsDataverse,adv_passing,SR,one row per passer,double,UNMATERIALIZED_OR_NOT_SCANNED,Success rate: mean of the EPA-based success indicator (share of plays with positive EPA-success) for this passer.,other,HISTORICAL_GAME_OUTPUT_USE_VIA_PRIOR_GAME_AGGREGATION,HISTORICAL_AGGREGATE_ONLY,CANDIDATE_OR_DERIVED,REQUIRED,RECON_UNIFIED_TEMPORAL_FIELD_REGISTRY_v1.2,true,UNMEASURED_UNTIL_SOURCE_MATERIALIZATION,0,NO_DIRECT_SAMPLE_EVIDENCE_LINKED,NON_JOIN_OR_REVIEW,PIT_HISTORICAL_AGGREGATION_INPUT,true,true,PRIMARY,PUBLIC_REPOSITORY_UPSTREAM_TERMS_REVIEW,DERIVED_PUBLIC_REPO_REVIEW,W09 raw-field metadata only; no production feature adoption.
RF-000550,SRC-001,SportsDataverse,adv_passing,Sck,one row per passer,integer,UNMATERIALIZED_OR_NOT_SCANNED,Sacks taken on this passer's dropbacks.,other,HISTORICAL_GAME_OUTPUT_USE_VIA_PRIOR_GAME_AGGREGATION,HISTORICAL_AGGREGATE_ONLY,CANDIDATE_OR_DERIVED,REQUIRED,RECON_UNIFIED_TEMPORAL_FIELD_REGISTRY_v1.2,true,UNMEASURED_UNTIL_SOURCE_MATERIALIZATION,0,NO_DIRECT_SAMPLE_EVIDENCE_LINKED,NON_JOIN_OR_REVIEW,PIT_HISTORICAL_AGGREGATION_INPUT,true,true,PRIMARY,PUBLIC_REPOSITORY_UPSTREAM_TERMS_REVIEW,DERIVED_PUBLIC_REPO_REVIEW,W09 raw-field metadata only; no production feature adoption.
RF-000551,SRC-001,SportsDataverse,adv_passing,qbr_epa,one row per passer,double,UNMATERIALIZED_OR_NOT_SCANNED,"Weighted clipped-EPA component used in the QBR computation (per-play qbr_epa weighted by play weight, summed and normalized) for this passer.",passing_receiving,HISTORICAL_GAME_OUTPUT_USE_VIA_PRIOR_GAME_AGGREGATION,HISTORICAL_AGGREGATE_ONLY,CANDIDATE_OR_DERIVED,REQUIRED,RECON_UNIFIED_TEMPORAL_FIELD_REGISTRY_v1.2,true,UNMEASURED_UNTIL_SOURCE_MATERIALIZATION,1,NAME_MATCH_ONLY_NOT_POPULATION_EVIDENCE,NON_JOIN_OR_REVIEW,PIT_HISTORICAL_AGGREGATION_INPUT,true,true,PRIMARY,PUBLIC_REPOSITORY_UPSTREAM_TERMS_REVIEW,DERIVED_PUBLIC_REPO_REVIEW,W09 raw-field metadata only; no production feature adoption.
RF-000552,SRC-001,SportsDataverse,adv_passing,sack_epa,one row per passer,double,UNMATERIALIZED_OR_NOT_SCANNED,Weighted QBR-EPA contribution from non-fumble sack plays; NA when the passer took no qualifying sacks.,advanced_efficiency_probability,HISTORICAL_GAME_OUTPUT_USE_VIA_PRIOR_GAME_AGGREGATION,HISTORICAL_AGGREGATE_ONLY,CANDIDATE_OR_DERIVED,REQUIRED,RECON_UNIFIED_TEMPORAL_FIELD_REGISTRY_v1.2,true,UNMEASURED_UNTIL_SOURCE_MATERIALIZATION,0,NO_DIRECT_SAMPLE_EVIDENCE_LINKED,NON_JOIN_OR_REVIEW,PIT_HISTORICAL_AGGREGATION_INPUT,true,true,PRIMARY,PUBLIC_REPOSITORY_UPSTREAM_TERMS_REVIEW,DERIVED_PUBLIC_REPO_REVIEW,W09 raw-field metadata only; no production feature adoption.
RF-000553,SRC-001,SportsDataverse,adv_passing,pass_epa,one row per passer,double,UNMATERIALIZED_OR_NOT_SCANNED,Weighted QBR-EPA contribution from pass plays for this passer.,passing_receiving,HISTORICAL_GAME_OUTPUT_USE_VIA_PRIOR_GAME_AGGREGATION,HISTORICAL_AGGREGATE_ONLY,CANDIDATE_OR_DERIVED,REQUIRED,RECON_UNIFIED_TEMPORAL_FIELD_REGISTRY_v1.2,true,UNMEASURED_UNTIL_SOURCE_MATERIALIZATION,0,NO_DIRECT_SAMPLE_EVIDENCE_LINKED,NON_JOIN_OR_REVIEW,PIT_HISTORICAL_AGGREGATION_INPUT,true,true,PRIMARY,PUBLIC_REPOSITORY_UPSTREAM_TERMS_REVIEW,DERIVED_PUBLIC_REPO_REVIEW,W09 raw-field metadata only; no production feature adoption.
RF-000554,SRC-001,SportsDataverse,adv_passing,rush_epa,one row per passer,double,UNMATERIALIZED_OR_NOT_SCANNED,Weighted QBR-EPA contribution from this passer's rush plays; NA when he had no rushes.,rushing,HISTORICAL_GAME_OUTPUT_USE_VIA_PRIOR_GAME_AGGREGATION,HISTORICAL_AGGREGATE_ONLY,CANDIDATE_OR_DERIVED,REQUIRED,RECON_UNIFIED_TEMPORAL_FIELD_REGISTRY_v1.2,true,UNMEASURED_UNTIL_SOURCE_MATERIALIZATION,1,NAME_MATCH_ONLY_NOT_POPULATION_EVIDENCE,NON_JOIN_OR_REVIEW,PIT_HISTORICAL_AGGREGATION_INPUT,true,true,PRIMARY,PUBLIC_REPOSITORY_UPSTREAM_TERMS_REVIEW,DERIVED_PUBLIC_REPO_REVIEW,W09 raw-field metadata only; no production feature adoption.
RF-000555,SRC-001,SportsDataverse,adv_passing,pen_epa,one row per passer,double,UNMATERIALIZED_OR_NOT_SCANNED,Weighted QBR-EPA contribution from penalty plays; NA when no penalty plays applied (often all-NA in a game).,penalties,HISTORICAL_GAME_OUTPUT_USE_VIA_PRIOR_GAME_AGGREGATION,HISTORICAL_AGGREGATE_ONLY,CANDIDATE_OR_DERIVED,REQUIRED,RECON_UNIFIED_TEMPORAL_FIELD_REGISTRY_v1.2,true,UNMEASURED_UNTIL_SOURCE_MATERIALIZATION,0,NO_DIRECT_SAMPLE_EVIDENCE_LINKED,NON_JOIN_OR_REVIEW,PIT_HISTORICAL_AGGREGATION_INPUT,true,true,PRIMARY,PUBLIC_REPOSITORY_UPSTREAM_TERMS_REVIEW,DERIVED_PUBLIC_REPO_REVIEW,W09 raw-field metadata only; no production feature adoption.
RF-000556,SRC-001,SportsDataverse,adv_passing,spread,one row per passer,double,UNMATERIALIZED_OR_NOT_SCANNED,"Pregame point spread from the passer's team perspective (start.pos_team_spread), used as a QBR model feature.",market_betting,HISTORICAL_GAME_OUTPUT_USE_VIA_PRIOR_GAME_AGGREGATION,HISTORICAL_AGGREGATE_ONLY,CANDIDATE_OR_DERIVED,REQUIRED,RECON_UNIFIED_TEMPORAL_FIELD_REGISTRY_v1.2,true,UNMEASURED_UNTIL_SOURCE_MATERIALIZATION,0,NO_DIRECT_SAMPLE_EVIDENCE_LINKED,NON_JOIN_OR_REVIEW,PIT_HISTORICAL_AGGREGATION_INPUT,true,true,PRIMARY,PUBLIC_REPOSITORY_UPSTREAM_TERMS_REVIEW,DERIVED_PUBLIC_REPO_REVIEW,W09 raw-field metadata only; no production feature adoption.
RF-000557,SRC-001,SportsDataverse,adv_passing,exp_qbr,one row per passer,double,UNMATERIALIZED_OR_NOT_SCANNED,Expected QBR (0-100) predicted by the XGBoost QBR model from the QBR-EPA features for this passer.,passing_receiving,HISTORICAL_GAME_OUTPUT_USE_VIA_PRIOR_GAME_AGGREGATION,HISTORICAL_AGGREGATE_ONLY,CANDIDATE_OR_DERIVED,REQUIRED,RECON_UNIFIED_TEMPORAL_FIELD_REGISTRY_v1.2,true,UNMEASURED_UNTIL_SOURCE_MATERIALIZATION,0,NO_DIRECT_SAMPLE_EVIDENCE_LINKED,NON_JOIN_OR_REVIEW,PIT_HISTORICAL_AGGREGATION_INPUT,true,true,PRIMARY,PUBLIC_REPOSITORY_UPSTREAM_TERMS_REVIEW,DERIVED_PUBLIC_REPO_REVIEW,W09 raw-field metadata only; no production feature adoption.
RF-000558,SRC-001,SportsDataverse,adv_rushing,game_id,one row per rusher,integer,UNMATERIALIZED_OR_NOT_SCANNED,"ESPN game id stamped by the season-compile reshape (from g[""id""]/g[""gameId""], e.g. 401628455); identifies the game each rusher row belongs to.",identity_metadata,HISTORICAL_GAME_OUTPUT_USE_VIA_PRIOR_GAME_AGGREGATION,HISTORICAL_AGGREGATE_ONLY,JOIN_OR_METADATA,REQUIRED,RECON_UNIFIED_TEMPORAL_FIELD_REGISTRY_v1.2,true,UNMEASURED_UNTIL_SOURCE_MATERIALIZATION,8,NAME_MATCH_ONLY_NOT_POPULATION_EVIDENCE,JOIN_OR_METADATA,EVIDENCE_OR_METADATA_ONLY,false,true,PRIMARY,PUBLIC_REPOSITORY_UPSTREAM_TERMS_REVIEW,DERIVED_PUBLIC_REPO_REVIEW,W09 raw-field metadata only; no production feature adoption.
RF-000559,SRC-001,SportsDataverse,adv_rushing,season,one row per rusher,integer,UNMATERIALIZED_OR_NOT_SCANNED,"Season year stamped by the reshape (from g[""season""], e.g. 2024).",other,HISTORICAL_GAME_OUTPUT_USE_VIA_PRIOR_GAME_AGGREGATION,HISTORICAL_AGGREGATE_ONLY,CANDIDATE_OR_DERIVED,REQUIRED,RECON_UNIFIED_TEMPORAL_FIELD_REGISTRY_v1.2,true,UNMEASURED_UNTIL_SOURCE_MATERIALIZATION,10,NAME_MATCH_ONLY_NOT_POPULATION_EVIDENCE,NON_JOIN_OR_REVIEW,PIT_HISTORICAL_AGGREGATION_INPUT,true,true,PRIMARY,PUBLIC_REPOSITORY_UPSTREAM_TERMS_REVIEW,DERIVED_PUBLIC_REPO_REVIEW,W09 raw-field metadata only; no production feature adoption.
RF-000560,SRC-001,SportsDataverse,adv_rushing,week,one row per rusher,integer,UNMATERIALIZED_OR_NOT_SCANNED,"Week number stamped by the reshape (from g[""week""], e.g. 1); present because rows are bound across a full season.",other,HISTORICAL_GAME_OUTPUT_USE_VIA_PRIOR_GAME_AGGREGATION,HISTORICAL_AGGREGATE_ONLY,CANDIDATE_OR_DERIVED,REQUIRED,RECON_UNIFIED_TEMPORAL_FIELD_REGISTRY_v1.2,true,UNMEASURED_UNTIL_SOURCE_MATERIALIZATION,5,NAME_MATCH_ONLY_NOT_POPULATION_EVIDENCE,NON_JOIN_OR_REVIEW,PIT_HISTORICAL_AGGREGATION_INPUT,true,true,PRIMARY,PUBLIC_REPOSITORY_UPSTREAM_TERMS_REVIEW,DERIVED_PUBLIC_REPO_REVIEW,W09 raw-field metadata only; no production feature adoption.
RF-000561,SRC-001,SportsDataverse,adv_rushing,pos_team,one row per rusher,integer,UNMATERIALIZED_OR_NOT_SCANNED,"ESPN team id of the rusher's offense (possession team); cast to Int32 in the source. Distinct per game (e.g. 194, 2006).",identity_metadata,HISTORICAL_GAME_OUTPUT_USE_VIA_PRIOR_GAME_AGGREGATION,HISTORICAL_AGGREGATE_ONLY,JOIN_OR_METADATA,REQUIRED,RECON_UNIFIED_TEMPORAL_FIELD_REGISTRY_v1.2,true,UNMEASURED_UNTIL_SOURCE_MATERIALIZATION,0,NO_DIRECT_SAMPLE_EVIDENCE_LINKED,JOIN_OR_METADATA,EVIDENCE_OR_METADATA_ONLY,false,true,PRIMARY,PUBLIC_REPOSITORY_UPSTREAM_TERMS_REVIEW,DERIVED_PUBLIC_REPO_REVIEW,W09 raw-field metadata only; no production feature adoption.
RF-000562,SRC-001,SportsDataverse,adv_rushing,rusher_player_name,one row per rusher,character,UNMATERIALIZED_OR_NOT_SCANNED,Rusher's full name (whitespace-stripped). May be null upstream when the play participant name is missing.,rushing,HISTORICAL_GAME_OUTPUT_USE_VIA_PRIOR_GAME_AGGREGATION,HISTORICAL_AGGREGATE_ONLY,CANDIDATE_OR_DERIVED,REQUIRED,RECON_UNIFIED_TEMPORAL_FIELD_REGISTRY_v1.2,true,UNMEASURED_UNTIL_SOURCE_MATERIALIZATION,1,NAME_MATCH_ONLY_NOT_POPULATION_EVIDENCE,NON_JOIN_OR_REVIEW,PIT_HISTORICAL_AGGREGATION_INPUT,true,true,PRIMARY,PUBLIC_REPOSITORY_UPSTREAM_TERMS_REVIEW,DERIVED_PUBLIC_REPO_REVIEW,W09 raw-field metadata only; no production feature adoption.
RF-000563,SRC-001,SportsDataverse,adv_rushing,Car,one row per rusher,integer,UNMATERIALIZED_OR_NOT_SCANNED,Carries: count of rush plays attributed to the rusher (sum of the per-play rush flag).,other,HISTORICAL_GAME_OUTPUT_USE_VIA_PRIOR_GAME_AGGREGATION,HISTORICAL_AGGREGATE_ONLY,CANDIDATE_OR_DERIVED,REQUIRED,RECON_UNIFIED_TEMPORAL_FIELD_REGISTRY_v1.2,true,UNMEASURED_UNTIL_SOURCE_MATERIALIZATION,0,NO_DIRECT_SAMPLE_EVIDENCE_LINKED,NON_JOIN_OR_REVIEW,PIT_HISTORICAL_AGGREGATION_INPUT,true,true,PRIMARY,PUBLIC_REPOSITORY_UPSTREAM_TERMS_REVIEW,DERIVED_PUBLIC_REPO_REVIEW,W09 raw-field metadata only; no production feature adoption.
RF-000564,SRC-001,SportsDataverse,adv_rushing,Yds,one row per rusher,double,UNMATERIALIZED_OR_NOT_SCANNED,Total rushing yards (sum of per-play yds_rushed).,other,HISTORICAL_GAME_OUTPUT_USE_VIA_PRIOR_GAME_AGGREGATION,HISTORICAL_AGGREGATE_ONLY,CANDIDATE_OR_DERIVED,REQUIRED,RECON_UNIFIED_TEMPORAL_FIELD_REGISTRY_v1.2,true,UNMEASURED_UNTIL_SOURCE_MATERIALIZATION,0,NO_DIRECT_SAMPLE_EVIDENCE_LINKED,NON_JOIN_OR_REVIEW,PIT_HISTORICAL_AGGREGATION_INPUT,true,true,PRIMARY,PUBLIC_REPOSITORY_UPSTREAM_TERMS_REVIEW,DERIVED_PUBLIC_REPO_REVIEW,W09 raw-field metadata only; no production feature adoption.
RF-000565,SRC-001,SportsDataverse,adv_rushing,Rush_TD,one row per rusher,integer,UNMATERIALIZED_OR_NOT_SCANNED,Rushing touchdowns (sum of the per-play rush_td flag).,rushing,HISTORICAL_GAME_OUTPUT_USE_VIA_PRIOR_GAME_AGGREGATION,HISTORICAL_AGGREGATE_ONLY,CANDIDATE_OR_DERIVED,REQUIRED,RECON_UNIFIED_TEMPORAL_FIELD_REGISTRY_v1.2,true,UNMEASURED_UNTIL_SOURCE_MATERIALIZATION,0,NO_DIRECT_SAMPLE_EVIDENCE_LINKED,NON_JOIN_OR_REVIEW,PIT_HISTORICAL_AGGREGATION_INPUT,true,true,PRIMARY,PUBLIC_REPOSITORY_UPSTREAM_TERMS_REVIEW,DERIVED_PUBLIC_REPO_REVIEW,W09 raw-field metadata only; no production feature adoption.
RF-000566,SRC-001,SportsDataverse,adv_rushing,YPC,one row per rusher,double,UNMATERIALIZED_OR_NOT_SCANNED,"Yards per carry: mean of per-play yds_rushed, rounded to 2 decimals.",other,HISTORICAL_GAME_OUTPUT_USE_VIA_PRIOR_GAME_AGGREGATION,HISTORICAL_AGGREGATE_ONLY,CANDIDATE_OR_DERIVED,REQUIRED,RECON_UNIFIED_TEMPORAL_FIELD_REGISTRY_v1.2,true,UNMEASURED_UNTIL_SOURCE_MATERIALIZATION,0,NO_DIRECT_SAMPLE_EVIDENCE_LINKED,NON_JOIN_OR_REVIEW,PIT_HISTORICAL_AGGREGATION_INPUT,true,true,PRIMARY,PUBLIC_REPOSITORY_UPSTREAM_TERMS_REVIEW,DERIVED_PUBLIC_REPO_REVIEW,W09 raw-field metadata only; no production feature adoption.
RF-000567,SRC-001,SportsDataverse,adv_rushing,EPA,one row per rusher,double,UNMATERIALIZED_OR_NOT_SCANNED,Total Expected Points Added on the rusher's rush plays (sum of per-play EPA).,advanced_efficiency_probability,HISTORICAL_GAME_OUTPUT_USE_VIA_PRIOR_GAME_AGGREGATION,HISTORICAL_AGGREGATE_ONLY,CANDIDATE_OR_DERIVED,REQUIRED,RECON_UNIFIED_TEMPORAL_FIELD_REGISTRY_v1.2,true,UNMEASURED_UNTIL_SOURCE_MATERIALIZATION,1,NAME_MATCH_ONLY_NOT_POPULATION_EVIDENCE,NON_JOIN_OR_REVIEW,PIT_HISTORICAL_AGGREGATION_INPUT,true,true,PRIMARY,PUBLIC_REPOSITORY_UPSTREAM_TERMS_REVIEW,DERIVED_PUBLIC_REPO_REVIEW,W09 raw-field metadata only; no production feature adoption.
RF-000568,SRC-001,SportsDataverse,adv_rushing,EPA_per_Play,one row per rusher,double,UNMATERIALIZED_OR_NOT_SCANNED,"Mean Expected Points Added per rush play, rounded to 2 decimals.",advanced_efficiency_probability,HISTORICAL_GAME_OUTPUT_USE_VIA_PRIOR_GAME_AGGREGATION,HISTORICAL_AGGREGATE_ONLY,CANDIDATE_OR_DERIVED,REQUIRED,RECON_UNIFIED_TEMPORAL_FIELD_REGISTRY_v1.2,true,UNMEASURED_UNTIL_SOURCE_MATERIALIZATION,0,NO_DIRECT_SAMPLE_EVIDENCE_LINKED,NON_JOIN_OR_REVIEW,PIT_HISTORICAL_AGGREGATION_INPUT,true,true,PRIMARY,PUBLIC_REPOSITORY_UPSTREAM_TERMS_REVIEW,DERIVED_PUBLIC_REPO_REVIEW,W09 raw-field metadata only; no production feature adoption.
RF-000569,SRC-001,SportsDataverse,adv_rushing,WPA,one row per rusher,double,UNMATERIALIZED_OR_NOT_SCANNED,Total Win Probability Added on the rusher's rush plays (sum of per-play wpa).,advanced_efficiency_probability,HISTORICAL_GAME_OUTPUT_USE_VIA_PRIOR_GAME_AGGREGATION,HISTORICAL_AGGREGATE_ONLY,CANDIDATE_OR_DERIVED,REQUIRED,RECON_UNIFIED_TEMPORAL_FIELD_REGISTRY_v1.2,true,UNMEASURED_UNTIL_SOURCE_MATERIALIZATION,0,NO_DIRECT_SAMPLE_EVIDENCE_LINKED,NON_JOIN_OR_REVIEW,PIT_HISTORICAL_AGGREGATION_INPUT,true,true,PRIMARY,PUBLIC_REPOSITORY_UPSTREAM_TERMS_REVIEW,DERIVED_PUBLIC_REPO_REVIEW,W09 raw-field metadata only; no production feature adoption.
RF-000570,SRC-001,SportsDataverse,adv_rushing,SR,one row per rusher,double,UNMATERIALIZED_OR_NOT_SCANNED,Success rate: mean of the per-play EPA_success indicator (fraction of carries that were successful).,other,HISTORICAL_GAME_OUTPUT_USE_VIA_PRIOR_GAME_AGGREGATION,HISTORICAL_AGGREGATE_ONLY,CANDIDATE_OR_DERIVED,REQUIRED,RECON_UNIFIED_TEMPORAL_FIELD_REGISTRY_v1.2,true,UNMEASURED_UNTIL_SOURCE_MATERIALIZATION,0,NO_DIRECT_SAMPLE_EVIDENCE_LINKED,NON_JOIN_OR_REVIEW,PIT_HISTORICAL_AGGREGATION_INPUT,true,true,PRIMARY,PUBLIC_REPOSITORY_UPSTREAM_TERMS_REVIEW,DERIVED_PUBLIC_REPO_REVIEW,W09 raw-field metadata only; no production feature adoption.
RF-000571,SRC-001,SportsDataverse,adv_rushing,Fum,one row per rusher,integer,UNMATERIALIZED_OR_NOT_SCANNED,Fumbles on rush plays (sum of per-play fumble_vec).,other,HISTORICAL_GAME_OUTPUT_USE_VIA_PRIOR_GAME_AGGREGATION,HISTORICAL_AGGREGATE_ONLY,CANDIDATE_OR_DERIVED,REQUIRED,RECON_UNIFIED_TEMPORAL_FIELD_REGISTRY_v1.2,true,UNMEASURED_UNTIL_SOURCE_MATERIALIZATION,0,NO_DIRECT_SAMPLE_EVIDENCE_LINKED,NON_JOIN_OR_REVIEW,PIT_HISTORICAL_AGGREGATION_INPUT,true,true,PRIMARY,PUBLIC_REPOSITORY_UPSTREAM_TERMS_REVIEW,DERIVED_PUBLIC_REPO_REVIEW,W09 raw-field metadata only; no production feature adoption.
RF-000572,SRC-001,SportsDataverse,adv_rushing,Fum_Lost,one row per rusher,integer,UNMATERIALIZED_OR_NOT_SCANNED,Fumbles lost on rush plays (sum of per-play fumble_lost).,other,HISTORICAL_GAME_OUTPUT_USE_VIA_PRIOR_GAME_AGGREGATION,HISTORICAL_AGGREGATE_ONLY,CANDIDATE_OR_DERIVED,REQUIRED,RECON_UNIFIED_TEMPORAL_FIELD_REGISTRY_v1.2,true,UNMEASURED_UNTIL_SOURCE_MATERIALIZATION,0,NO_DIRECT_SAMPLE_EVIDENCE_LINKED,NON_JOIN_OR_REVIEW,PIT_HISTORICAL_AGGREGATION_INPUT,true,true,PRIMARY,PUBLIC_REPOSITORY_UPSTREAM_TERMS_REVIEW,DERIVED_PUBLIC_REPO_REVIEW,W09 raw-field metadata only; no production feature adoption.
RF-000573,SRC-001,SportsDataverse,adv_receiving,game_id,one row per receiver,integer,UNMATERIALIZED_OR_NOT_SCANNED,"ESPN game/event ID, stamped onto every row during the season-wide reshape.",identity_metadata,HISTORICAL_GAME_OUTPUT_USE_VIA_PRIOR_GAME_AGGREGATION,HISTORICAL_AGGREGATE_ONLY,JOIN_OR_METADATA,REQUIRED,RECON_UNIFIED_TEMPORAL_FIELD_REGISTRY_v1.2,true,UNMEASURED_UNTIL_SOURCE_MATERIALIZATION,8,NAME_MATCH_ONLY_NOT_POPULATION_EVIDENCE,JOIN_OR_METADATA,EVIDENCE_OR_METADATA_ONLY,false,true,PRIMARY,PUBLIC_REPOSITORY_UPSTREAM_TERMS_REVIEW,DERIVED_PUBLIC_REPO_REVIEW,W09 raw-field metadata only; no production feature adoption.
RF-000574,SRC-001,SportsDataverse,adv_receiving,season,one row per receiver,integer,UNMATERIALIZED_OR_NOT_SCANNED,"Season year (e.g. 2024, 2026), stamped during the reshape.",other,HISTORICAL_GAME_OUTPUT_USE_VIA_PRIOR_GAME_AGGREGATION,HISTORICAL_AGGREGATE_ONLY,CANDIDATE_OR_DERIVED,REQUIRED,RECON_UNIFIED_TEMPORAL_FIELD_REGISTRY_v1.2,true,UNMEASURED_UNTIL_SOURCE_MATERIALIZATION,10,NAME_MATCH_ONLY_NOT_POPULATION_EVIDENCE,NON_JOIN_OR_REVIEW,PIT_HISTORICAL_AGGREGATION_INPUT,true,true,PRIMARY,PUBLIC_REPOSITORY_UPSTREAM_TERMS_REVIEW,DERIVED_PUBLIC_REPO_REVIEW,W09 raw-field metadata only; no production feature adoption.
RF-000575,SRC-001,SportsDataverse,adv_receiving,pos_team,one row per receiver,integer,UNMATERIALIZED_OR_NOT_SCANNED,ESPN team ID of the receiver's (offensive/possession) team for this game.,identity_metadata,HISTORICAL_GAME_OUTPUT_USE_VIA_PRIOR_GAME_AGGREGATION,HISTORICAL_AGGREGATE_ONLY,JOIN_OR_METADATA,REQUIRED,RECON_UNIFIED_TEMPORAL_FIELD_REGISTRY_v1.2,true,UNMEASURED_UNTIL_SOURCE_MATERIALIZATION,0,NO_DIRECT_SAMPLE_EVIDENCE_LINKED,JOIN_OR_METADATA,EVIDENCE_OR_METADATA_ONLY,false,true,PRIMARY,PUBLIC_REPOSITORY_UPSTREAM_TERMS_REVIEW,DERIVED_PUBLIC_REPO_REVIEW,W09 raw-field metadata only; no production feature adoption.
RF-000576,SRC-001,SportsDataverse,adv_receiving,receiver_player_name,one row per receiver,character,UNMATERIALIZED_OR_NOT_SCANNED,Receiver's player name (trimmed). May be NA when the target play has no identifiable receiver.,passing_receiving,HISTORICAL_GAME_OUTPUT_USE_VIA_PRIOR_GAME_AGGREGATION,HISTORICAL_AGGREGATE_ONLY,CANDIDATE_OR_DERIVED,REQUIRED,RECON_UNIFIED_TEMPORAL_FIELD_REGISTRY_v1.2,true,UNMEASURED_UNTIL_SOURCE_MATERIALIZATION,0,NO_DIRECT_SAMPLE_EVIDENCE_LINKED,NON_JOIN_OR_REVIEW,PIT_HISTORICAL_AGGREGATION_INPUT,true,true,PRIMARY,PUBLIC_REPOSITORY_UPSTREAM_TERMS_REVIEW,DERIVED_PUBLIC_REPO_REVIEW,W09 raw-field metadata only; no production feature adoption.
RF-000577,SRC-001,SportsDataverse,adv_receiving,Rec,one row per receiver,integer,UNMATERIALIZED_OR_NOT_SCANNED,Receptions — sum of completed catches credited to the receiver (`completion`).,other,HISTORICAL_GAME_OUTPUT_USE_VIA_PRIOR_GAME_AGGREGATION,HISTORICAL_AGGREGATE_ONLY,CANDIDATE_OR_DERIVED,REQUIRED,RECON_UNIFIED_TEMPORAL_FIELD_REGISTRY_v1.2,true,UNMEASURED_UNTIL_SOURCE_MATERIALIZATION,0,NO_DIRECT_SAMPLE_EVIDENCE_LINKED,NON_JOIN_OR_REVIEW,PIT_HISTORICAL_AGGREGATION_INPUT,true,true,PRIMARY,PUBLIC_REPOSITORY_UPSTREAM_TERMS_REVIEW,DERIVED_PUBLIC_REPO_REVIEW,W09 raw-field metadata only; no production feature adoption.
RF-000578,SRC-001,SportsDataverse,adv_receiving,Tar,one row per receiver,integer,UNMATERIALIZED_OR_NOT_SCANNED,Targets — number of pass attempts thrown to this receiver (`target`).,other,HISTORICAL_GAME_OUTPUT_USE_VIA_PRIOR_GAME_AGGREGATION,HISTORICAL_AGGREGATE_ONLY,CANDIDATE_OR_DERIVED,REQUIRED,RECON_UNIFIED_TEMPORAL_FIELD_REGISTRY_v1.2,true,UNMEASURED_UNTIL_SOURCE_MATERIALIZATION,0,NO_DIRECT_SAMPLE_EVIDENCE_LINKED,NON_JOIN_OR_REVIEW,PIT_HISTORICAL_AGGREGATION_INPUT,true,true,PRIMARY,PUBLIC_REPOSITORY_UPSTREAM_TERMS_REVIEW,DERIVED_PUBLIC_REPO_REVIEW,W09 raw-field metadata only; no production feature adoption.
RF-000579,SRC-001,SportsDataverse,adv_receiving,Yds,one row per receiver,double,UNMATERIALIZED_OR_NOT_SCANNED,Receiving yards — sum of `yds_receiving` over the receiver's targets.,other,HISTORICAL_GAME_OUTPUT_USE_VIA_PRIOR_GAME_AGGREGATION,HISTORICAL_AGGREGATE_ONLY,CANDIDATE_OR_DERIVED,REQUIRED,RECON_UNIFIED_TEMPORAL_FIELD_REGISTRY_v1.2,true,UNMEASURED_UNTIL_SOURCE_MATERIALIZATION,0,NO_DIRECT_SAMPLE_EVIDENCE_LINKED,NON_JOIN_OR_REVIEW,PIT_HISTORICAL_AGGREGATION_INPUT,true,true,PRIMARY,PUBLIC_REPOSITORY_UPSTREAM_TERMS_REVIEW,DERIVED_PUBLIC_REPO_REVIEW,W09 raw-field metadata only; no production feature adoption.
RF-000580,SRC-001,SportsDataverse,adv_receiving,Rec_TD,one row per receiver,integer,UNMATERIALIZED_OR_NOT_SCANNED,Receiving touchdowns — sum of `pass_td` on plays to this receiver.,other,HISTORICAL_GAME_OUTPUT_USE_VIA_PRIOR_GAME_AGGREGATION,HISTORICAL_AGGREGATE_ONLY,CANDIDATE_OR_DERIVED,REQUIRED,RECON_UNIFIED_TEMPORAL_FIELD_REGISTRY_v1.2,true,UNMEASURED_UNTIL_SOURCE_MATERIALIZATION,0,NO_DIRECT_SAMPLE_EVIDENCE_LINKED,NON_JOIN_OR_REVIEW,PIT_HISTORICAL_AGGREGATION_INPUT,true,true,PRIMARY,PUBLIC_REPOSITORY_UPSTREAM_TERMS_REVIEW,DERIVED_PUBLIC_REPO_REVIEW,W09 raw-field metadata only; no production feature adoption.
RF-000581,SRC-001,SportsDataverse,adv_receiving,YPT,one row per receiver,double,UNMATERIALIZED_OR_NOT_SCANNED,"Yards per target — mean of `yds_receiving` across the receiver's targets, rounded to 2 decimals.",other,HISTORICAL_GAME_OUTPUT_USE_VIA_PRIOR_GAME_AGGREGATION,HISTORICAL_AGGREGATE_ONLY,CANDIDATE_OR_DERIVED,REQUIRED,RECON_UNIFIED_TEMPORAL_FIELD_REGISTRY_v1.2,true,UNMEASURED_UNTIL_SOURCE_MATERIALIZATION,0,NO_DIRECT_SAMPLE_EVIDENCE_LINKED,NON_JOIN_OR_REVIEW,PIT_HISTORICAL_AGGREGATION_INPUT,true,true,PRIMARY,PUBLIC_REPOSITORY_UPSTREAM_TERMS_REVIEW,DERIVED_PUBLIC_REPO_REVIEW,W09 raw-field metadata only; no production feature adoption.
RF-000582,SRC-001,SportsDataverse,adv_receiving,EPA,one row per receiver,double,UNMATERIALIZED_OR_NOT_SCANNED,"Total Expected Points Added — sum of play-level `EPA` over the receiver's targets, rounded to 2 decimals.",advanced_efficiency_probability,HISTORICAL_GAME_OUTPUT_USE_VIA_PRIOR_GAME_AGGREGATION,HISTORICAL_AGGREGATE_ONLY,CANDIDATE_OR_DERIVED,REQUIRED,RECON_UNIFIED_TEMPORAL_FIELD_REGISTRY_v1.2,true,UNMEASURED_UNTIL_SOURCE_MATERIALIZATION,1,NAME_MATCH_ONLY_NOT_POPULATION_EVIDENCE,NON_JOIN_OR_REVIEW,PIT_HISTORICAL_AGGREGATION_INPUT,true,true,PRIMARY,PUBLIC_REPOSITORY_UPSTREAM_TERMS_REVIEW,DERIVED_PUBLIC_REPO_REVIEW,W09 raw-field metadata only; no production feature adoption.
RF-000583,SRC-001,SportsDataverse,adv_receiving,EPA_per_Play,one row per receiver,double,UNMATERIALIZED_OR_NOT_SCANNED,"EPA per play — mean play-level `EPA` across the receiver's targets, rounded to 2 decimals.",advanced_efficiency_probability,HISTORICAL_GAME_OUTPUT_USE_VIA_PRIOR_GAME_AGGREGATION,HISTORICAL_AGGREGATE_ONLY,CANDIDATE_OR_DERIVED,REQUIRED,RECON_UNIFIED_TEMPORAL_FIELD_REGISTRY_v1.2,true,UNMEASURED_UNTIL_SOURCE_MATERIALIZATION,0,NO_DIRECT_SAMPLE_EVIDENCE_LINKED,NON_JOIN_OR_REVIEW,PIT_HISTORICAL_AGGREGATION_INPUT,true,true,PRIMARY,PUBLIC_REPOSITORY_UPSTREAM_TERMS_REVIEW,DERIVED_PUBLIC_REPO_REVIEW,W09 raw-field metadata only; no production feature adoption.
RF-000584,SRC-001,SportsDataverse,adv_receiving,WPA,one row per receiver,double,UNMATERIALIZED_OR_NOT_SCANNED,"Total Win Probability Added — sum of `wpa` over the receiver's targets, rounded to 2 decimals.",advanced_efficiency_probability,HISTORICAL_GAME_OUTPUT_USE_VIA_PRIOR_GAME_AGGREGATION,HISTORICAL_AGGREGATE_ONLY,CANDIDATE_OR_DERIVED,REQUIRED,RECON_UNIFIED_TEMPORAL_FIELD_REGISTRY_v1.2,true,UNMEASURED_UNTIL_SOURCE_MATERIALIZATION,0,NO_DIRECT_SAMPLE_EVIDENCE_LINKED,NON_JOIN_OR_REVIEW,PIT_HISTORICAL_AGGREGATION_INPUT,true,true,PRIMARY,PUBLIC_REPOSITORY_UPSTREAM_TERMS_REVIEW,DERIVED_PUBLIC_REPO_REVIEW,W09 raw-field metadata only; no production feature adoption.
RF-000585,SRC-001,SportsDataverse,adv_receiving,SR,one row per receiver,double,UNMATERIALIZED_OR_NOT_SCANNED,"Success rate — mean of the binary `EPA_success` indicator across the receiver's targets, rounded to 2 decimals.",other,HISTORICAL_GAME_OUTPUT_USE_VIA_PRIOR_GAME_AGGREGATION,HISTORICAL_AGGREGATE_ONLY,CANDIDATE_OR_DERIVED,REQUIRED,RECON_UNIFIED_TEMPORAL_FIELD_REGISTRY_v1.2,true,UNMEASURED_UNTIL_SOURCE_MATERIALIZATION,0,NO_DIRECT_SAMPLE_EVIDENCE_LINKED,NON_JOIN_OR_REVIEW,PIT_HISTORICAL_AGGREGATION_INPUT,true,true,PRIMARY,PUBLIC_REPOSITORY_UPSTREAM_TERMS_REVIEW,DERIVED_PUBLIC_REPO_REVIEW,W09 raw-field metadata only; no production feature adoption.
RF-000586,SRC-001,SportsDataverse,adv_receiving,Fum,one row per receiver,integer,UNMATERIALIZED_OR_NOT_SCANNED,Fumbles — sum of `fumble_vec` on plays involving this receiver.,other,HISTORICAL_GAME_OUTPUT_USE_VIA_PRIOR_GAME_AGGREGATION,HISTORICAL_AGGREGATE_ONLY,CANDIDATE_OR_DERIVED,REQUIRED,RECON_UNIFIED_TEMPORAL_FIELD_REGISTRY_v1.2,true,UNMEASURED_UNTIL_SOURCE_MATERIALIZATION,0,NO_DIRECT_SAMPLE_EVIDENCE_LINKED,NON_JOIN_OR_REVIEW,PIT_HISTORICAL_AGGREGATION_INPUT,true,true,PRIMARY,PUBLIC_REPOSITORY_UPSTREAM_TERMS_REVIEW,DERIVED_PUBLIC_REPO_REVIEW,W09 raw-field metadata only; no production feature adoption.
RF-000587,SRC-001,SportsDataverse,adv_receiving,Fum_Lost,one row per receiver,integer,UNMATERIALIZED_OR_NOT_SCANNED,Fumbles lost — sum of `fumble_lost` on plays involving this receiver.,other,HISTORICAL_GAME_OUTPUT_USE_VIA_PRIOR_GAME_AGGREGATION,HISTORICAL_AGGREGATE_ONLY,CANDIDATE_OR_DERIVED,REQUIRED,RECON_UNIFIED_TEMPORAL_FIELD_REGISTRY_v1.2,true,UNMEASURED_UNTIL_SOURCE_MATERIALIZATION,0,NO_DIRECT_SAMPLE_EVIDENCE_LINKED,NON_JOIN_OR_REVIEW,PIT_HISTORICAL_AGGREGATION_INPUT,true,true,PRIMARY,PUBLIC_REPOSITORY_UPSTREAM_TERMS_REVIEW,DERIVED_PUBLIC_REPO_REVIEW,W09 raw-field metadata only; no production feature adoption.
RF-000588,SRC-001,SportsDataverse,adv_defensive,game_id,one row per defensive team unit,integer,UNMATERIALIZED_OR_NOT_SCANNED,"ESPN game ID, stamped onto every row from the top-level game JSON during the season-wide bind.",identity_metadata,HISTORICAL_GAME_OUTPUT_USE_VIA_PRIOR_GAME_AGGREGATION,HISTORICAL_AGGREGATE_ONLY,JOIN_OR_METADATA,REQUIRED,RECON_UNIFIED_TEMPORAL_FIELD_REGISTRY_v1.2,true,UNMEASURED_UNTIL_SOURCE_MATERIALIZATION,8,NAME_MATCH_ONLY_NOT_POPULATION_EVIDENCE,JOIN_OR_METADATA,EVIDENCE_OR_METADATA_ONLY,false,true,PRIMARY,PUBLIC_REPOSITORY_UPSTREAM_TERMS_REVIEW,DERIVED_PUBLIC_REPO_REVIEW,W09 raw-field metadata only; no production feature adoption.
RF-000589,SRC-001,SportsDataverse,adv_defensive,season,one row per defensive team unit,integer,UNMATERIALIZED_OR_NOT_SCANNED,"Season year, stamped from the top-level game JSON.",other,HISTORICAL_GAME_OUTPUT_USE_VIA_PRIOR_GAME_AGGREGATION,HISTORICAL_AGGREGATE_ONLY,CANDIDATE_OR_DERIVED,REQUIRED,RECON_UNIFIED_TEMPORAL_FIELD_REGISTRY_v1.2,true,UNMEASURED_UNTIL_SOURCE_MATERIALIZATION,10,NAME_MATCH_ONLY_NOT_POPULATION_EVIDENCE,NON_JOIN_OR_REVIEW,PIT_HISTORICAL_AGGREGATION_INPUT,true,true,PRIMARY,PUBLIC_REPOSITORY_UPSTREAM_TERMS_REVIEW,DERIVED_PUBLIC_REPO_REVIEW,W09 raw-field metadata only; no production feature adoption.
RF-000590,SRC-001,SportsDataverse,adv_defensive,week,one row per defensive team unit,integer,UNMATERIALIZED_OR_NOT_SCANNED,"Week number within the season, stamped from the top-level game JSON.",other,HISTORICAL_GAME_OUTPUT_USE_VIA_PRIOR_GAME_AGGREGATION,HISTORICAL_AGGREGATE_ONLY,CANDIDATE_OR_DERIVED,REQUIRED,RECON_UNIFIED_TEMPORAL_FIELD_REGISTRY_v1.2,true,UNMEASURED_UNTIL_SOURCE_MATERIALIZATION,5,NAME_MATCH_ONLY_NOT_POPULATION_EVIDENCE,NON_JOIN_OR_REVIEW,PIT_HISTORICAL_AGGREGATION_INPUT,true,true,PRIMARY,PUBLIC_REPOSITORY_UPSTREAM_TERMS_REVIEW,DERIVED_PUBLIC_REPO_REVIEW,W09 raw-field metadata only; no production feature adoption.
RF-000591,SRC-001,SportsDataverse,adv_defensive,def_pos_team,one row per defensive team unit,integer,UNMATERIALIZED_OR_NOT_SCANNED,"ESPN team ID of the defending team (the unit charting these defensive stats); grouping key, cast to Int32 in source.",identity_metadata,HISTORICAL_GAME_OUTPUT_USE_VIA_PRIOR_GAME_AGGREGATION,HISTORICAL_AGGREGATE_ONLY,JOIN_OR_METADATA,REQUIRED,RECON_UNIFIED_TEMPORAL_FIELD_REGISTRY_v1.2,true,UNMEASURED_UNTIL_SOURCE_MATERIALIZATION,0,NO_DIRECT_SAMPLE_EVIDENCE_LINKED,JOIN_OR_METADATA,EVIDENCE_OR_METADATA_ONLY,false,true,PRIMARY,PUBLIC_REPOSITORY_UPSTREAM_TERMS_REVIEW,DERIVED_PUBLIC_REPO_REVIEW,W09 raw-field metadata only; no production feature adoption.
RF-000592,SRC-001,SportsDataverse,adv_defensive,scrimmage_plays,one row per defensive team unit,integer,UNMATERIALIZED_OR_NOT_SCANNED,Count of scrimmage plays this defense was on the field for (denominator for havoc_total_rate).,other,HISTORICAL_GAME_OUTPUT_USE_VIA_PRIOR_GAME_AGGREGATION,HISTORICAL_AGGREGATE_ONLY,CANDIDATE_OR_DERIVED,REQUIRED,RECON_UNIFIED_TEMPORAL_FIELD_REGISTRY_v1.2,true,UNMEASURED_UNTIL_SOURCE_MATERIALIZATION,0,NO_DIRECT_SAMPLE_EVIDENCE_LINKED,NON_JOIN_OR_REVIEW,PIT_HISTORICAL_AGGREGATION_INPUT,true,true,PRIMARY,PUBLIC_REPOSITORY_UPSTREAM_TERMS_REVIEW,DERIVED_PUBLIC_REPO_REVIEW,W09 raw-field metadata only; no production feature adoption.
RF-000593,SRC-001,SportsDataverse,adv_defensive,TFL,one row per defensive team unit,integer,UNMATERIALIZED_OR_NOT_SCANNED,Tackles for loss recorded by this defense across all scrimmage plays.,other,HISTORICAL_GAME_OUTPUT_USE_VIA_PRIOR_GAME_AGGREGATION,HISTORICAL_AGGREGATE_ONLY,CANDIDATE_OR_DERIVED,REQUIRED,RECON_UNIFIED_TEMPORAL_FIELD_REGISTRY_v1.2,true,UNMEASURED_UNTIL_SOURCE_MATERIALIZATION,0,NO_DIRECT_SAMPLE_EVIDENCE_LINKED,NON_JOIN_OR_REVIEW,PIT_HISTORICAL_AGGREGATION_INPUT,true,true,PRIMARY,PUBLIC_REPOSITORY_UPSTREAM_TERMS_REVIEW,DERIVED_PUBLIC_REPO_REVIEW,W09 raw-field metadata only; no production feature adoption.
RF-000594,SRC-001,SportsDataverse,adv_defensive,TFL_pass,one row per defensive team unit,integer,UNMATERIALIZED_OR_NOT_SCANNED,Tackles for loss occurring on pass plays.,passing_receiving,HISTORICAL_GAME_OUTPUT_USE_VIA_PRIOR_GAME_AGGREGATION,HISTORICAL_AGGREGATE_ONLY,CANDIDATE_OR_DERIVED,REQUIRED,RECON_UNIFIED_TEMPORAL_FIELD_REGISTRY_v1.2,true,UNMEASURED_UNTIL_SOURCE_MATERIALIZATION,0,NO_DIRECT_SAMPLE_EVIDENCE_LINKED,NON_JOIN_OR_REVIEW,PIT_HISTORICAL_AGGREGATION_INPUT,true,true,PRIMARY,PUBLIC_REPOSITORY_UPSTREAM_TERMS_REVIEW,DERIVED_PUBLIC_REPO_REVIEW,W09 raw-field metadata only; no production feature adoption.
RF-000595,SRC-001,SportsDataverse,adv_defensive,TFL_rush,one row per defensive team unit,integer,UNMATERIALIZED_OR_NOT_SCANNED,Tackles for loss occurring on rush plays.,rushing,HISTORICAL_GAME_OUTPUT_USE_VIA_PRIOR_GAME_AGGREGATION,HISTORICAL_AGGREGATE_ONLY,CANDIDATE_OR_DERIVED,REQUIRED,RECON_UNIFIED_TEMPORAL_FIELD_REGISTRY_v1.2,true,UNMEASURED_UNTIL_SOURCE_MATERIALIZATION,0,NO_DIRECT_SAMPLE_EVIDENCE_LINKED,NON_JOIN_OR_REVIEW,PIT_HISTORICAL_AGGREGATION_INPUT,true,true,PRIMARY,PUBLIC_REPOSITORY_UPSTREAM_TERMS_REVIEW,DERIVED_PUBLIC_REPO_REVIEW,W09 raw-field metadata only; no production feature adoption.
RF-000596,SRC-001,SportsDataverse,adv_defensive,havoc_total,one row per defensive team unit,integer,UNMATERIALIZED_OR_NOT_SCANNED,"Total havoc events (TFLs, pass breakups, forced fumbles, interceptions) generated by this defense across all scrimmage plays.",advanced_efficiency_probability,HISTORICAL_GAME_OUTPUT_USE_VIA_PRIOR_GAME_AGGREGATION,HISTORICAL_AGGREGATE_ONLY,CANDIDATE_OR_DERIVED,REQUIRED,RECON_UNIFIED_TEMPORAL_FIELD_REGISTRY_v1.2,true,UNMEASURED_UNTIL_SOURCE_MATERIALIZATION,0,NO_DIRECT_SAMPLE_EVIDENCE_LINKED,NON_JOIN_OR_REVIEW,PIT_HISTORICAL_AGGREGATION_INPUT,true,true,PRIMARY,PUBLIC_REPOSITORY_UPSTREAM_TERMS_REVIEW,DERIVED_PUBLIC_REPO_REVIEW,W09 raw-field metadata only; no production feature adoption.
RF-000597,SRC-001,SportsDataverse,adv_defensive,havoc_total_rate,one row per defensive team unit,double,UNMATERIALIZED_OR_NOT_SCANNED,"Total havoc rate: havoc_total divided by scrimmage_plays (proportion in [0,1]).",advanced_efficiency_probability,HISTORICAL_GAME_OUTPUT_USE_VIA_PRIOR_GAME_AGGREGATION,HISTORICAL_AGGREGATE_ONLY,CANDIDATE_OR_DERIVED,REQUIRED,RECON_UNIFIED_TEMPORAL_FIELD_REGISTRY_v1.2,true,UNMEASURED_UNTIL_SOURCE_MATERIALIZATION,0,NO_DIRECT_SAMPLE_EVIDENCE_LINKED,NON_JOIN_OR_REVIEW,PIT_HISTORICAL_AGGREGATION_INPUT,true,true,PRIMARY,PUBLIC_REPOSITORY_UPSTREAM_TERMS_REVIEW,DERIVED_PUBLIC_REPO_REVIEW,W09 raw-field metadata only; no production feature adoption.
RF-000598,SRC-001,SportsDataverse,adv_defensive,fumbles,one row per defensive team unit,integer,UNMATERIALIZED_OR_NOT_SCANNED,Forced fumbles created by this defense.,turnovers,HISTORICAL_GAME_OUTPUT_USE_VIA_PRIOR_GAME_AGGREGATION,HISTORICAL_AGGREGATE_ONLY,CANDIDATE_OR_DERIVED,REQUIRED,RECON_UNIFIED_TEMPORAL_FIELD_REGISTRY_v1.2,true,UNMEASURED_UNTIL_SOURCE_MATERIALIZATION,0,NO_DIRECT_SAMPLE_EVIDENCE_LINKED,NON_JOIN_OR_REVIEW,PIT_HISTORICAL_AGGREGATION_INPUT,true,true,PRIMARY,PUBLIC_REPOSITORY_UPSTREAM_TERMS_REVIEW,DERIVED_PUBLIC_REPO_REVIEW,W09 raw-field metadata only; no production feature adoption.
RF-000599,SRC-001,SportsDataverse,adv_defensive,def_int,one row per defensive team unit,integer,UNMATERIALIZED_OR_NOT_SCANNED,Interceptions made by this defense.,other,HISTORICAL_GAME_OUTPUT_USE_VIA_PRIOR_GAME_AGGREGATION,HISTORICAL_AGGREGATE_ONLY,CANDIDATE_OR_DERIVED,REQUIRED,RECON_UNIFIED_TEMPORAL_FIELD_REGISTRY_v1.2,true,UNMEASURED_UNTIL_SOURCE_MATERIALIZATION,0,NO_DIRECT_SAMPLE_EVIDENCE_LINKED,NON_JOIN_OR_REVIEW,PIT_HISTORICAL_AGGREGATION_INPUT,true,true,PRIMARY,PUBLIC_REPOSITORY_UPSTREAM_TERMS_REVIEW,DERIVED_PUBLIC_REPO_REVIEW,W09 raw-field metadata only; no production feature adoption.
RF-000600,SRC-001,SportsDataverse,adv_defensive,drive_stopped_rate,one row per defensive team unit,double,UNMATERIALIZED_OR_NOT_SCANNED,"Percentage of opponent drives this defense stopped, mean of the drive_stopped flag times 100, rounded to 2 decimals.",drives_field_position,HISTORICAL_GAME_OUTPUT_USE_VIA_PRIOR_GAME_AGGREGATION,HISTORICAL_AGGREGATE_ONLY,CANDIDATE_OR_DERIVED,REQUIRED,RECON_UNIFIED_TEMPORAL_FIELD_REGISTRY_v1.2,true,UNMEASURED_UNTIL_SOURCE_MATERIALIZATION,0,NO_DIRECT_SAMPLE_EVIDENCE_LINKED,NON_JOIN_OR_REVIEW,PIT_HISTORICAL_AGGREGATION_INPUT,true,true,PRIMARY,PUBLIC_REPOSITORY_UPSTREAM_TERMS_REVIEW,DERIVED_PUBLIC_REPO_REVIEW,W09 raw-field metadata only; no production feature adoption.
RF-000601,SRC-001,SportsDataverse,adv_defensive,num_pass_plays,one row per defensive team unit,integer,UNMATERIALIZED_OR_NOT_SCANNED,Count of opponent pass plays this defense faced (denominator for the pass-havoc and sack rates).,passing_receiving,HISTORICAL_GAME_OUTPUT_USE_VIA_PRIOR_GAME_AGGREGATION,HISTORICAL_AGGREGATE_ONLY,CANDIDATE_OR_DERIVED,REQUIRED,RECON_UNIFIED_TEMPORAL_FIELD_REGISTRY_v1.2,true,UNMEASURED_UNTIL_SOURCE_MATERIALIZATION,0,NO_DIRECT_SAMPLE_EVIDENCE_LINKED,NON_JOIN_OR_REVIEW,PIT_HISTORICAL_AGGREGATION_INPUT,true,true,PRIMARY,PUBLIC_REPOSITORY_UPSTREAM_TERMS_REVIEW,DERIVED_PUBLIC_REPO_REVIEW,W09 raw-field metadata only; no production feature adoption.
RF-000602,SRC-001,SportsDataverse,adv_defensive,havoc_total_pass,one row per defensive team unit,integer,UNMATERIALIZED_OR_NOT_SCANNED,Havoc events generated on pass plays.,passing_receiving,HISTORICAL_GAME_OUTPUT_USE_VIA_PRIOR_GAME_AGGREGATION,HISTORICAL_AGGREGATE_ONLY,CANDIDATE_OR_DERIVED,REQUIRED,RECON_UNIFIED_TEMPORAL_FIELD_REGISTRY_v1.2,true,UNMEASURED_UNTIL_SOURCE_MATERIALIZATION,0,NO_DIRECT_SAMPLE_EVIDENCE_LINKED,NON_JOIN_OR_REVIEW,PIT_HISTORICAL_AGGREGATION_INPUT,true,true,PRIMARY,PUBLIC_REPOSITORY_UPSTREAM_TERMS_REVIEW,DERIVED_PUBLIC_REPO_REVIEW,W09 raw-field metadata only; no production feature adoption.
RF-000603,SRC-001,SportsDataverse,adv_defensive,havoc_total_pass_rate,one row per defensive team unit,double,UNMATERIALIZED_OR_NOT_SCANNED,"Pass havoc rate: havoc_total_pass divided by num_pass_plays (proportion in [0,1]).",passing_receiving,HISTORICAL_GAME_OUTPUT_USE_VIA_PRIOR_GAME_AGGREGATION,HISTORICAL_AGGREGATE_ONLY,CANDIDATE_OR_DERIVED,REQUIRED,RECON_UNIFIED_TEMPORAL_FIELD_REGISTRY_v1.2,true,UNMEASURED_UNTIL_SOURCE_MATERIALIZATION,0,NO_DIRECT_SAMPLE_EVIDENCE_LINKED,NON_JOIN_OR_REVIEW,PIT_HISTORICAL_AGGREGATION_INPUT,true,true,PRIMARY,PUBLIC_REPOSITORY_UPSTREAM_TERMS_REVIEW,DERIVED_PUBLIC_REPO_REVIEW,W09 raw-field metadata only; no production feature adoption.
RF-000604,SRC-001,SportsDataverse,adv_defensive,sacks,one row per defensive team unit,integer,UNMATERIALIZED_OR_NOT_SCANNED,Sacks recorded by this defense (sum of the sack vector on pass plays).,other,HISTORICAL_GAME_OUTPUT_USE_VIA_PRIOR_GAME_AGGREGATION,HISTORICAL_AGGREGATE_ONLY,CANDIDATE_OR_DERIVED,REQUIRED,RECON_UNIFIED_TEMPORAL_FIELD_REGISTRY_v1.2,true,UNMEASURED_UNTIL_SOURCE_MATERIALIZATION,0,NO_DIRECT_SAMPLE_EVIDENCE_LINKED,NON_JOIN_OR_REVIEW,PIT_HISTORICAL_AGGREGATION_INPUT,true,true,PRIMARY,PUBLIC_REPOSITORY_UPSTREAM_TERMS_REVIEW,DERIVED_PUBLIC_REPO_REVIEW,W09 raw-field metadata only; no production feature adoption.
RF-000605,SRC-001,SportsDataverse,adv_defensive,sacks_rate,one row per defensive team unit,double,UNMATERIALIZED_OR_NOT_SCANNED,"Sack rate: sacks divided by num_pass_plays (proportion in [0,1]).",other,HISTORICAL_GAME_OUTPUT_USE_VIA_PRIOR_GAME_AGGREGATION,HISTORICAL_AGGREGATE_ONLY,CANDIDATE_OR_DERIVED,REQUIRED,RECON_UNIFIED_TEMPORAL_FIELD_REGISTRY_v1.2,true,UNMEASURED_UNTIL_SOURCE_MATERIALIZATION,0,NO_DIRECT_SAMPLE_EVIDENCE_LINKED,NON_JOIN_OR_REVIEW,PIT_HISTORICAL_AGGREGATION_INPUT,true,true,PRIMARY,PUBLIC_REPOSITORY_UPSTREAM_TERMS_REVIEW,DERIVED_PUBLIC_REPO_REVIEW,W09 raw-field metadata only; no production feature adoption.
RF-000606,SRC-001,SportsDataverse,adv_defensive,pass_breakups,one row per defensive team unit,integer,UNMATERIALIZED_OR_NOT_SCANNED,Pass breakups recorded by this defense on pass plays.,passing_receiving,HISTORICAL_GAME_OUTPUT_USE_VIA_PRIOR_GAME_AGGREGATION,HISTORICAL_AGGREGATE_ONLY,CANDIDATE_OR_DERIVED,REQUIRED,RECON_UNIFIED_TEMPORAL_FIELD_REGISTRY_v1.2,true,UNMEASURED_UNTIL_SOURCE_MATERIALIZATION,0,NO_DIRECT_SAMPLE_EVIDENCE_LINKED,NON_JOIN_OR_REVIEW,PIT_HISTORICAL_AGGREGATION_INPUT,true,true,PRIMARY,PUBLIC_REPOSITORY_UPSTREAM_TERMS_REVIEW,DERIVED_PUBLIC_REPO_REVIEW,W09 raw-field metadata only; no production feature adoption.
RF-000607,SRC-001,SportsDataverse,adv_defensive,havoc_total_rush,one row per defensive team unit,integer,UNMATERIALIZED_OR_NOT_SCANNED,Havoc events generated on rush plays.,rushing,HISTORICAL_GAME_OUTPUT_USE_VIA_PRIOR_GAME_AGGREGATION,HISTORICAL_AGGREGATE_ONLY,CANDIDATE_OR_DERIVED,REQUIRED,RECON_UNIFIED_TEMPORAL_FIELD_REGISTRY_v1.2,true,UNMEASURED_UNTIL_SOURCE_MATERIALIZATION,0,NO_DIRECT_SAMPLE_EVIDENCE_LINKED,NON_JOIN_OR_REVIEW,PIT_HISTORICAL_AGGREGATION_INPUT,true,true,PRIMARY,PUBLIC_REPOSITORY_UPSTREAM_TERMS_REVIEW,DERIVED_PUBLIC_REPO_REVIEW,W09 raw-field metadata only; no production feature adoption.
RF-000608,SRC-001,SportsDataverse,adv_defensive,havoc_total_rush_rate,one row per defensive team unit,double,UNMATERIALIZED_OR_NOT_SCANNED,"Rush havoc rate: havoc_total_rush divided by the defense's rush-play count faced (proportion in [0,1]).",rushing,HISTORICAL_GAME_OUTPUT_USE_VIA_PRIOR_GAME_AGGREGATION,HISTORICAL_AGGREGATE_ONLY,CANDIDATE_OR_DERIVED,REQUIRED,RECON_UNIFIED_TEMPORAL_FIELD_REGISTRY_v1.2,true,UNMEASURED_UNTIL_SOURCE_MATERIALIZATION,0,NO_DIRECT_SAMPLE_EVIDENCE_LINKED,NON_JOIN_OR_REVIEW,PIT_HISTORICAL_AGGREGATION_INPUT,true,true,PRIMARY,PUBLIC_REPOSITORY_UPSTREAM_TERMS_REVIEW,DERIVED_PUBLIC_REPO_REVIEW,W09 raw-field metadata only; no production feature adoption.
RF-000609,SRC-001,SportsDataverse,adv_turnover,pos_team,one row per team,integer,UNMATERIALIZED_OR_NOT_SCANNED,"Team id (ESPN team id) for the team this row's turnover stats belong to; the group-by key from the source aggregation (`group_by([""pos_team""])`).",identity_metadata,HISTORICAL_GAME_OUTPUT_USE_VIA_PRIOR_GAME_AGGREGATION,HISTORICAL_AGGREGATE_ONLY,JOIN_OR_METADATA,REQUIRED,RECON_UNIFIED_TEMPORAL_FIELD_REGISTRY_v1.2,true,UNMEASURED_UNTIL_SOURCE_MATERIALIZATION,0,NO_DIRECT_SAMPLE_EVIDENCE_LINKED,JOIN_OR_METADATA,EVIDENCE_OR_METADATA_ONLY,false,true,PRIMARY,PUBLIC_REPOSITORY_UPSTREAM_TERMS_REVIEW,DERIVED_PUBLIC_REPO_REVIEW,W09 raw-field metadata only; no production feature adoption.
RF-000610,SRC-001,SportsDataverse,adv_turnover,pass_breakups,one row per team,integer,UNMATERIALIZED_OR_NOT_SCANNED,Count of pass breakups by this team's defense (sum of the `pass_breakup` play flag over scrimmage plays).,passing_receiving,HISTORICAL_GAME_OUTPUT_USE_VIA_PRIOR_GAME_AGGREGATION,HISTORICAL_AGGREGATE_ONLY,CANDIDATE_OR_DERIVED,REQUIRED,RECON_UNIFIED_TEMPORAL_FIELD_REGISTRY_v1.2,true,UNMEASURED_UNTIL_SOURCE_MATERIALIZATION,0,NO_DIRECT_SAMPLE_EVIDENCE_LINKED,NON_JOIN_OR_REVIEW,PIT_HISTORICAL_AGGREGATION_INPUT,true,true,PRIMARY,PUBLIC_REPOSITORY_UPSTREAM_TERMS_REVIEW,DERIVED_PUBLIC_REPO_REVIEW,W09 raw-field metadata only; no production feature adoption.
RF-000611,SRC-001,SportsDataverse,adv_turnover,fumbles_lost,one row per team,integer,UNMATERIALIZED_OR_NOT_SCANNED,Count of fumbles this team lost (sum of the `fumble_lost` play flag); feeds the team's turnover total.,turnovers,HISTORICAL_GAME_OUTPUT_USE_VIA_PRIOR_GAME_AGGREGATION,HISTORICAL_AGGREGATE_ONLY,CANDIDATE_OR_DERIVED,REQUIRED,RECON_UNIFIED_TEMPORAL_FIELD_REGISTRY_v1.2,true,UNMEASURED_UNTIL_SOURCE_MATERIALIZATION,1,NAME_MATCH_ONLY_NOT_POPULATION_EVIDENCE,NON_JOIN_OR_REVIEW,PIT_HISTORICAL_AGGREGATION_INPUT,true,true,PRIMARY,PUBLIC_REPOSITORY_UPSTREAM_TERMS_REVIEW,DERIVED_PUBLIC_REPO_REVIEW,W09 raw-field metadata only; no production feature adoption.
RF-000612,SRC-001,SportsDataverse,adv_turnover,fumbles_recovered,one row per team,integer,UNMATERIALIZED_OR_NOT_SCANNED,Count of fumbles this team recovered (sum of the `fumble_recovered` play flag).,turnovers,HISTORICAL_GAME_OUTPUT_USE_VIA_PRIOR_GAME_AGGREGATION,HISTORICAL_AGGREGATE_ONLY,CANDIDATE_OR_DERIVED,REQUIRED,RECON_UNIFIED_TEMPORAL_FIELD_REGISTRY_v1.2,true,UNMEASURED_UNTIL_SOURCE_MATERIALIZATION,0,NO_DIRECT_SAMPLE_EVIDENCE_LINKED,NON_JOIN_OR_REVIEW,PIT_HISTORICAL_AGGREGATION_INPUT,true,true,PRIMARY,PUBLIC_REPOSITORY_UPSTREAM_TERMS_REVIEW,DERIVED_PUBLIC_REPO_REVIEW,W09 raw-field metadata only; no production feature adoption.
RF-000613,SRC-001,SportsDataverse,adv_turnover,total_fumbles,one row per team,integer,UNMATERIALIZED_OR_NOT_SCANNED,Total fumbles involving this team (sum of the `fumble_vec` play flag); used in the expected-turnovers formula.,turnovers,HISTORICAL_GAME_OUTPUT_USE_VIA_PRIOR_GAME_AGGREGATION,HISTORICAL_AGGREGATE_ONLY,CANDIDATE_OR_DERIVED,REQUIRED,RECON_UNIFIED_TEMPORAL_FIELD_REGISTRY_v1.2,true,UNMEASURED_UNTIL_SOURCE_MATERIALIZATION,0,NO_DIRECT_SAMPLE_EVIDENCE_LINKED,NON_JOIN_OR_REVIEW,PIT_HISTORICAL_AGGREGATION_INPUT,true,true,PRIMARY,PUBLIC_REPOSITORY_UPSTREAM_TERMS_REVIEW,DERIVED_PUBLIC_REPO_REVIEW,W09 raw-field metadata only; no production feature adoption.
RF-000614,SRC-001,SportsDataverse,adv_turnover,Int,one row per team,integer,UNMATERIALIZED_OR_NOT_SCANNED,"Interceptions thrown by this team (sum of the `int` play flag), coerced to integer; feeds turnover total and expected turnovers.",turnovers,HISTORICAL_GAME_OUTPUT_USE_VIA_PRIOR_GAME_AGGREGATION,HISTORICAL_AGGREGATE_ONLY,CANDIDATE_OR_DERIVED,REQUIRED,RECON_UNIFIED_TEMPORAL_FIELD_REGISTRY_v1.2,true,UNMEASURED_UNTIL_SOURCE_MATERIALIZATION,0,NO_DIRECT_SAMPLE_EVIDENCE_LINKED,NON_JOIN_OR_REVIEW,PIT_HISTORICAL_AGGREGATION_INPUT,true,true,PRIMARY,PUBLIC_REPOSITORY_UPSTREAM_TERMS_REVIEW,DERIVED_PUBLIC_REPO_REVIEW,W09 raw-field metadata only; no production feature adoption.
RF-000615,SRC-001,SportsDataverse,adv_turnover,expected_turnovers,one row per team,double,UNMATERIALIZED_OR_NOT_SCANNED,Model-expected turnovers for this team: `0.5 * total_fumbles + 0.22 * (pass_breakups + Int)`.,turnovers,HISTORICAL_GAME_OUTPUT_USE_VIA_PRIOR_GAME_AGGREGATION,HISTORICAL_AGGREGATE_ONLY,CANDIDATE_OR_DERIVED,REQUIRED,RECON_UNIFIED_TEMPORAL_FIELD_REGISTRY_v1.2,true,UNMEASURED_UNTIL_SOURCE_MATERIALIZATION,0,NO_DIRECT_SAMPLE_EVIDENCE_LINKED,NON_JOIN_OR_REVIEW,PIT_HISTORICAL_AGGREGATION_INPUT,true,true,PRIMARY,PUBLIC_REPOSITORY_UPSTREAM_TERMS_REVIEW,DERIVED_PUBLIC_REPO_REVIEW,W09 raw-field metadata only; no production feature adoption.
RF-000616,SRC-001,SportsDataverse,adv_turnover,expected_turnover_margin,one row per team,double,UNMATERIALIZED_OR_NOT_SCANNED,Expected turnover margin: the opponent's `expected_turnovers` minus this team's `expected_turnovers`.,turnovers,HISTORICAL_GAME_OUTPUT_USE_VIA_PRIOR_GAME_AGGREGATION,HISTORICAL_AGGREGATE_ONLY,CANDIDATE_OR_DERIVED,REQUIRED,RECON_UNIFIED_TEMPORAL_FIELD_REGISTRY_v1.2,true,UNMEASURED_UNTIL_SOURCE_MATERIALIZATION,0,NO_DIRECT_SAMPLE_EVIDENCE_LINKED,NON_JOIN_OR_REVIEW,PIT_HISTORICAL_AGGREGATION_INPUT,true,true,PRIMARY,PUBLIC_REPOSITORY_UPSTREAM_TERMS_REVIEW,DERIVED_PUBLIC_REPO_REVIEW,W09 raw-field metadata only; no production feature adoption.
RF-000617,SRC-001,SportsDataverse,adv_turnover,turnovers,one row per team,integer,UNMATERIALIZED_OR_NOT_SCANNED,Actual turnovers committed by this team: `fumbles_lost + Int`.,turnovers,HISTORICAL_GAME_OUTPUT_USE_VIA_PRIOR_GAME_AGGREGATION,HISTORICAL_AGGREGATE_ONLY,CANDIDATE_OR_DERIVED,REQUIRED,RECON_UNIFIED_TEMPORAL_FIELD_REGISTRY_v1.2,true,UNMEASURED_UNTIL_SOURCE_MATERIALIZATION,1,NAME_MATCH_ONLY_NOT_POPULATION_EVIDENCE,NON_JOIN_OR_REVIEW,PIT_HISTORICAL_AGGREGATION_INPUT,true,true,PRIMARY,PUBLIC_REPOSITORY_UPSTREAM_TERMS_REVIEW,DERIVED_PUBLIC_REPO_REVIEW,W09 raw-field metadata only; no production feature adoption.
RF-000618,SRC-001,SportsDataverse,adv_turnover,turnover_margin,one row per team,integer,UNMATERIALIZED_OR_NOT_SCANNED,Actual turnover margin: opponent's `turnovers` minus this team's `turnovers`.,turnovers,HISTORICAL_GAME_OUTPUT_USE_VIA_PRIOR_GAME_AGGREGATION,HISTORICAL_AGGREGATE_ONLY,CANDIDATE_OR_DERIVED,REQUIRED,RECON_UNIFIED_TEMPORAL_FIELD_REGISTRY_v1.2,true,UNMEASURED_UNTIL_SOURCE_MATERIALIZATION,0,NO_DIRECT_SAMPLE_EVIDENCE_LINKED,NON_JOIN_OR_REVIEW,PIT_HISTORICAL_AGGREGATION_INPUT,true,true,PRIMARY,PUBLIC_REPOSITORY_UPSTREAM_TERMS_REVIEW,DERIVED_PUBLIC_REPO_REVIEW,W09 raw-field metadata only; no production feature adoption.
RF-000619,SRC-001,SportsDataverse,adv_turnover,turnover_luck,one row per team,double,UNMATERIALIZED_OR_NOT_SCANNED,"Turnover luck: `5.0 * (turnover_margin - expected_turnover_margin)`, scaling the gap between actual and expected margin into a points-style figure.",turnovers,HISTORICAL_GAME_OUTPUT_USE_VIA_PRIOR_GAME_AGGREGATION,HISTORICAL_AGGREGATE_ONLY,CANDIDATE_OR_DERIVED,REQUIRED,RECON_UNIFIED_TEMPORAL_FIELD_REGISTRY_v1.2,true,UNMEASURED_UNTIL_SOURCE_MATERIALIZATION,0,NO_DIRECT_SAMPLE_EVIDENCE_LINKED,NON_JOIN_OR_REVIEW,PIT_HISTORICAL_AGGREGATION_INPUT,true,true,PRIMARY,PUBLIC_REPOSITORY_UPSTREAM_TERMS_REVIEW,DERIVED_PUBLIC_REPO_REVIEW,W09 raw-field metadata only; no production feature adoption.
RF-000620,SRC-001,SportsDataverse,adv_turnover,game_id,one row per team,integer,UNMATERIALIZED_OR_NOT_SCANNED,ESPN game id stamped from the source JSON `id`; identifies the game this team row belongs to.,identity_metadata,HISTORICAL_GAME_OUTPUT_USE_VIA_PRIOR_GAME_AGGREGATION,HISTORICAL_AGGREGATE_ONLY,JOIN_OR_METADATA,REQUIRED,RECON_UNIFIED_TEMPORAL_FIELD_REGISTRY_v1.2,true,UNMEASURED_UNTIL_SOURCE_MATERIALIZATION,8,NAME_MATCH_ONLY_NOT_POPULATION_EVIDENCE,JOIN_OR_METADATA,EVIDENCE_OR_METADATA_ONLY,false,true,PRIMARY,PUBLIC_REPOSITORY_UPSTREAM_TERMS_REVIEW,DERIVED_PUBLIC_REPO_REVIEW,W09 raw-field metadata only; no production feature adoption.
RF-000621,SRC-001,SportsDataverse,adv_turnover,season,one row per team,integer,UNMATERIALIZED_OR_NOT_SCANNED,Season year stamped from the compiled JSON (e.g. 2024); identifies the season the row belongs to.,other,HISTORICAL_GAME_OUTPUT_USE_VIA_PRIOR_GAME_AGGREGATION,HISTORICAL_AGGREGATE_ONLY,CANDIDATE_OR_DERIVED,REQUIRED,RECON_UNIFIED_TEMPORAL_FIELD_REGISTRY_v1.2,true,UNMEASURED_UNTIL_SOURCE_MATERIALIZATION,10,NAME_MATCH_ONLY_NOT_POPULATION_EVIDENCE,NON_JOIN_OR_REVIEW,PIT_HISTORICAL_AGGREGATION_INPUT,true,true,PRIMARY,PUBLIC_REPOSITORY_UPSTREAM_TERMS_REVIEW,DERIVED_PUBLIC_REPO_REVIEW,W09 raw-field metadata only; no production feature adoption.
RF-000622,SRC-001,SportsDataverse,adv_turnover,week,one row per team,integer,UNMATERIALIZED_OR_NOT_SCANNED,Week number stamped from the compiled JSON; identifies the week within the season.,other,HISTORICAL_GAME_OUTPUT_USE_VIA_PRIOR_GAME_AGGREGATION,HISTORICAL_AGGREGATE_ONLY,CANDIDATE_OR_DERIVED,REQUIRED,RECON_UNIFIED_TEMPORAL_FIELD_REGISTRY_v1.2,true,UNMEASURED_UNTIL_SOURCE_MATERIALIZATION,5,NAME_MATCH_ONLY_NOT_POPULATION_EVIDENCE,NON_JOIN_OR_REVIEW,PIT_HISTORICAL_AGGREGATION_INPUT,true,true,PRIMARY,PUBLIC_REPOSITORY_UPSTREAM_TERMS_REVIEW,DERIVED_PUBLIC_REPO_REVIEW,W09 raw-field metadata only; no production feature adoption.
RF-000623,SRC-001,SportsDataverse,adv_drives,game_id,one row per team,integer,UNMATERIALIZED_OR_NOT_SCANNED,"ESPN game id, stamped onto every row when the per-game `advBoxScore.drives` block is bound across the season.",identity_metadata,HISTORICAL_GAME_OUTPUT_USE_VIA_PRIOR_GAME_AGGREGATION,HISTORICAL_AGGREGATE_ONLY,JOIN_OR_METADATA,REQUIRED,RECON_UNIFIED_TEMPORAL_FIELD_REGISTRY_v1.2,true,UNMEASURED_UNTIL_SOURCE_MATERIALIZATION,8,NAME_MATCH_ONLY_NOT_POPULATION_EVIDENCE,JOIN_OR_METADATA,EVIDENCE_OR_METADATA_ONLY,false,true,PRIMARY,PUBLIC_REPOSITORY_UPSTREAM_TERMS_REVIEW,DERIVED_PUBLIC_REPO_REVIEW,W09 raw-field metadata only; no production feature adoption.
RF-000624,SRC-001,SportsDataverse,adv_drives,season,one row per team,integer,UNMATERIALIZED_OR_NOT_SCANNED,"Season (year) of the compiled dataset, stamped onto every row at bind time.",other,HISTORICAL_GAME_OUTPUT_USE_VIA_PRIOR_GAME_AGGREGATION,HISTORICAL_AGGREGATE_ONLY,CANDIDATE_OR_DERIVED,REQUIRED,RECON_UNIFIED_TEMPORAL_FIELD_REGISTRY_v1.2,true,UNMEASURED_UNTIL_SOURCE_MATERIALIZATION,10,NAME_MATCH_ONLY_NOT_POPULATION_EVIDENCE,NON_JOIN_OR_REVIEW,PIT_HISTORICAL_AGGREGATION_INPUT,true,true,PRIMARY,PUBLIC_REPOSITORY_UPSTREAM_TERMS_REVIEW,DERIVED_PUBLIC_REPO_REVIEW,W09 raw-field metadata only; no production feature adoption.
RF-000625,SRC-001,SportsDataverse,adv_drives,pos_team,one row per team,integer,UNMATERIALIZED_OR_NOT_SCANNED,ESPN team id of the team in possession (drive-owning team); cast to Int32 in the source reshape.,identity_metadata,HISTORICAL_GAME_OUTPUT_USE_VIA_PRIOR_GAME_AGGREGATION,HISTORICAL_AGGREGATE_ONLY,JOIN_OR_METADATA,REQUIRED,RECON_UNIFIED_TEMPORAL_FIELD_REGISTRY_v1.2,true,UNMEASURED_UNTIL_SOURCE_MATERIALIZATION,0,NO_DIRECT_SAMPLE_EVIDENCE_LINKED,JOIN_OR_METADATA,EVIDENCE_OR_METADATA_ONLY,false,true,PRIMARY,PUBLIC_REPOSITORY_UPSTREAM_TERMS_REVIEW,DERIVED_PUBLIC_REPO_REVIEW,W09 raw-field metadata only; no production feature adoption.
RF-000626,SRC-001,SportsDataverse,adv_drives,drive_total_available_yards,one row per team,double,UNMATERIALIZED_OR_NOT_SCANNED,Sum of `drive_start` (yards to the opponent end zone at the start of each scrimmage play) across the team's scrimmage plays — the total field-position-derived available yardage.,drives_field_position,HISTORICAL_GAME_OUTPUT_USE_VIA_PRIOR_GAME_AGGREGATION,HISTORICAL_AGGREGATE_ONLY,CANDIDATE_OR_DERIVED,REQUIRED,RECON_UNIFIED_TEMPORAL_FIELD_REGISTRY_v1.2,true,UNMEASURED_UNTIL_SOURCE_MATERIALIZATION,0,NO_DIRECT_SAMPLE_EVIDENCE_LINKED,NON_JOIN_OR_REVIEW,PIT_HISTORICAL_AGGREGATION_INPUT,true,true,PRIMARY,PUBLIC_REPOSITORY_UPSTREAM_TERMS_REVIEW,DERIVED_PUBLIC_REPO_REVIEW,W09 raw-field metadata only; no production feature adoption.
RF-000627,SRC-001,SportsDataverse,adv_drives,drive_total_gained_yards,one row per team,integer,UNMATERIALIZED_OR_NOT_SCANNED,Sum of `drive.yards` (yards gained per drive) over the team's scrimmage plays — total yards gained on drives.,drives_field_position,HISTORICAL_GAME_OUTPUT_USE_VIA_PRIOR_GAME_AGGREGATION,HISTORICAL_AGGREGATE_ONLY,CANDIDATE_OR_DERIVED,REQUIRED,RECON_UNIFIED_TEMPORAL_FIELD_REGISTRY_v1.2,true,UNMEASURED_UNTIL_SOURCE_MATERIALIZATION,0,NO_DIRECT_SAMPLE_EVIDENCE_LINKED,NON_JOIN_OR_REVIEW,PIT_HISTORICAL_AGGREGATION_INPUT,true,true,PRIMARY,PUBLIC_REPOSITORY_UPSTREAM_TERMS_REVIEW,DERIVED_PUBLIC_REPO_REVIEW,W09 raw-field metadata only; no production feature adoption.
RF-000628,SRC-001,SportsDataverse,adv_drives,avg_field_position,one row per team,double,UNMATERIALIZED_OR_NOT_SCANNED,Mean of `drive_start` across scrimmage plays — the team's average starting field position (yards from the opponent end zone).,situational_field_position,HISTORICAL_GAME_OUTPUT_USE_VIA_PRIOR_GAME_AGGREGATION,HISTORICAL_AGGREGATE_ONLY,CANDIDATE_OR_DERIVED,REQUIRED,RECON_UNIFIED_TEMPORAL_FIELD_REGISTRY_v1.2,true,UNMEASURED_UNTIL_SOURCE_MATERIALIZATION,0,NO_DIRECT_SAMPLE_EVIDENCE_LINKED,NON_JOIN_OR_REVIEW,PIT_HISTORICAL_AGGREGATION_INPUT,true,true,PRIMARY,PUBLIC_REPOSITORY_UPSTREAM_TERMS_REVIEW,DERIVED_PUBLIC_REPO_REVIEW,W09 raw-field metadata only; no production feature adoption.
RF-000629,SRC-001,SportsDataverse,adv_drives,plays_per_drive,one row per team,double,UNMATERIALIZED_OR_NOT_SCANNED,Mean of `drive.offensivePlays` — average number of offensive plays per drive.,drives_field_position,HISTORICAL_GAME_OUTPUT_USE_VIA_PRIOR_GAME_AGGREGATION,HISTORICAL_AGGREGATE_ONLY,CANDIDATE_OR_DERIVED,REQUIRED,RECON_UNIFIED_TEMPORAL_FIELD_REGISTRY_v1.2,true,UNMEASURED_UNTIL_SOURCE_MATERIALIZATION,0,NO_DIRECT_SAMPLE_EVIDENCE_LINKED,NON_JOIN_OR_REVIEW,PIT_HISTORICAL_AGGREGATION_INPUT,true,true,PRIMARY,PUBLIC_REPOSITORY_UPSTREAM_TERMS_REVIEW,DERIVED_PUBLIC_REPO_REVIEW,W09 raw-field metadata only; no production feature adoption.
RF-000630,SRC-001,SportsDataverse,adv_drives,yards_per_drive,one row per team,double,UNMATERIALIZED_OR_NOT_SCANNED,Mean of `drive.yards` — average yards gained per drive.,drives_field_position,HISTORICAL_GAME_OUTPUT_USE_VIA_PRIOR_GAME_AGGREGATION,HISTORICAL_AGGREGATE_ONLY,CANDIDATE_OR_DERIVED,REQUIRED,RECON_UNIFIED_TEMPORAL_FIELD_REGISTRY_v1.2,true,UNMEASURED_UNTIL_SOURCE_MATERIALIZATION,0,NO_DIRECT_SAMPLE_EVIDENCE_LINKED,NON_JOIN_OR_REVIEW,PIT_HISTORICAL_AGGREGATION_INPUT,true,true,PRIMARY,PUBLIC_REPOSITORY_UPSTREAM_TERMS_REVIEW,DERIVED_PUBLIC_REPO_REVIEW,W09 raw-field metadata only; no production feature adoption.
RF-000631,SRC-001,SportsDataverse,adv_drives,drives,one row per team,integer,UNMATERIALIZED_OR_NOT_SCANNED,Count of distinct `drive.id` — number of unique drives by the team.,drives_field_position,HISTORICAL_GAME_OUTPUT_USE_VIA_PRIOR_GAME_AGGREGATION,HISTORICAL_AGGREGATE_ONLY,CANDIDATE_OR_DERIVED,REQUIRED,RECON_UNIFIED_TEMPORAL_FIELD_REGISTRY_v1.2,true,UNMEASURED_UNTIL_SOURCE_MATERIALIZATION,0,NO_DIRECT_SAMPLE_EVIDENCE_LINKED,NON_JOIN_OR_REVIEW,PIT_HISTORICAL_AGGREGATION_INPUT,true,true,PRIMARY,PUBLIC_REPOSITORY_UPSTREAM_TERMS_REVIEW,DERIVED_PUBLIC_REPO_REVIEW,W09 raw-field metadata only; no production feature adoption.
RF-000632,SRC-001,SportsDataverse,adv_drives,drive_total_gained_yards_rate,one row per team,double,UNMATERIALIZED_OR_NOT_SCANNED,100 * `drive_total_gained_yards` / `drive_total_available_yards` — percentage of available drive yardage actually gained.,drives_field_position,HISTORICAL_GAME_OUTPUT_USE_VIA_PRIOR_GAME_AGGREGATION,HISTORICAL_AGGREGATE_ONLY,CANDIDATE_OR_DERIVED,REQUIRED,RECON_UNIFIED_TEMPORAL_FIELD_REGISTRY_v1.2,true,UNMEASURED_UNTIL_SOURCE_MATERIALIZATION,0,NO_DIRECT_SAMPLE_EVIDENCE_LINKED,NON_JOIN_OR_REVIEW,PIT_HISTORICAL_AGGREGATION_INPUT,true,true,PRIMARY,PUBLIC_REPOSITORY_UPSTREAM_TERMS_REVIEW,DERIVED_PUBLIC_REPO_REVIEW,W09 raw-field metadata only; no production feature adoption.
RF-000633,SRC-001,SportsDataverse,adv_situational,game_id,one row per team,integer,UNMATERIALIZED_OR_NOT_SCANNED,"ESPN game id, stamped by the R reshape from the source JSON; join key back to the schedule/other adv box blocks.",identity_metadata,HISTORICAL_GAME_OUTPUT_USE_VIA_PRIOR_GAME_AGGREGATION,HISTORICAL_AGGREGATE_ONLY,JOIN_OR_METADATA,REQUIRED,RECON_UNIFIED_TEMPORAL_FIELD_REGISTRY_v1.2,true,UNMEASURED_UNTIL_SOURCE_MATERIALIZATION,8,NAME_MATCH_ONLY_NOT_POPULATION_EVIDENCE,JOIN_OR_METADATA,EVIDENCE_OR_METADATA_ONLY,false,true,PRIMARY,PUBLIC_REPOSITORY_UPSTREAM_TERMS_REVIEW,DERIVED_PUBLIC_REPO_REVIEW,W09 raw-field metadata only; no production feature adoption.
RF-000634,SRC-001,SportsDataverse,adv_situational,season,one row per team,integer,UNMATERIALIZED_OR_NOT_SCANNED,"Season year of the game, stamped by the R reshape (e.g. 2026).",other,HISTORICAL_GAME_OUTPUT_USE_VIA_PRIOR_GAME_AGGREGATION,HISTORICAL_AGGREGATE_ONLY,CANDIDATE_OR_DERIVED,REQUIRED,RECON_UNIFIED_TEMPORAL_FIELD_REGISTRY_v1.2,true,UNMEASURED_UNTIL_SOURCE_MATERIALIZATION,10,NAME_MATCH_ONLY_NOT_POPULATION_EVIDENCE,NON_JOIN_OR_REVIEW,PIT_HISTORICAL_AGGREGATION_INPUT,true,true,PRIMARY,PUBLIC_REPOSITORY_UPSTREAM_TERMS_REVIEW,DERIVED_PUBLIC_REPO_REVIEW,W09 raw-field metadata only; no production feature adoption.
RF-000635,SRC-001,SportsDataverse,adv_situational,week,one row per team,integer,UNMATERIALIZED_OR_NOT_SCANNED,"Season week of the game, stamped by the R reshape (where available from the game header).",other,HISTORICAL_GAME_OUTPUT_USE_VIA_PRIOR_GAME_AGGREGATION,HISTORICAL_AGGREGATE_ONLY,CANDIDATE_OR_DERIVED,REQUIRED,RECON_UNIFIED_TEMPORAL_FIELD_REGISTRY_v1.2,true,UNMEASURED_UNTIL_SOURCE_MATERIALIZATION,5,NAME_MATCH_ONLY_NOT_POPULATION_EVIDENCE,NON_JOIN_OR_REVIEW,PIT_HISTORICAL_AGGREGATION_INPUT,true,true,PRIMARY,PUBLIC_REPOSITORY_UPSTREAM_TERMS_REVIEW,DERIVED_PUBLIC_REPO_REVIEW,W09 raw-field metadata only; no production feature adoption.
RF-000636,SRC-001,SportsDataverse,adv_situational,pos_team,one row per team,integer,UNMATERIALIZED_OR_NOT_SCANNED,ESPN team id of the team in possession (offense) these situational splits are computed for.,identity_metadata,HISTORICAL_GAME_OUTPUT_USE_VIA_PRIOR_GAME_AGGREGATION,HISTORICAL_AGGREGATE_ONLY,JOIN_OR_METADATA,REQUIRED,RECON_UNIFIED_TEMPORAL_FIELD_REGISTRY_v1.2,true,UNMEASURED_UNTIL_SOURCE_MATERIALIZATION,0,NO_DIRECT_SAMPLE_EVIDENCE_LINKED,JOIN_OR_METADATA,EVIDENCE_OR_METADATA_ONLY,false,true,PRIMARY,PUBLIC_REPOSITORY_UPSTREAM_TERMS_REVIEW,DERIVED_PUBLIC_REPO_REVIEW,W09 raw-field metadata only; no production feature adoption.
RF-000637,SRC-001,SportsDataverse,adv_situational,EPA_success,one row per team,integer,UNMATERIALIZED_OR_NOT_SCANNED,Count of successful scrimmage plays (EPA > 0) for the team.,advanced_efficiency_probability,HISTORICAL_GAME_OUTPUT_USE_VIA_PRIOR_GAME_AGGREGATION,HISTORICAL_AGGREGATE_ONLY,CANDIDATE_OR_DERIVED,REQUIRED,RECON_UNIFIED_TEMPORAL_FIELD_REGISTRY_v1.2,true,UNMEASURED_UNTIL_SOURCE_MATERIALIZATION,1,NAME_MATCH_ONLY_NOT_POPULATION_EVIDENCE,NON_JOIN_OR_REVIEW,PIT_HISTORICAL_AGGREGATION_INPUT,true,true,PRIMARY,PUBLIC_REPOSITORY_UPSTREAM_TERMS_REVIEW,DERIVED_PUBLIC_REPO_REVIEW,W09 raw-field metadata only; no production feature adoption.
RF-000638,SRC-001,SportsDataverse,adv_situational,EPA_success_rate,one row per team,double,UNMATERIALIZED_OR_NOT_SCANNED,Success rate over all scrimmage plays (mean of the EPA-success indicator).,advanced_efficiency_probability,HISTORICAL_GAME_OUTPUT_USE_VIA_PRIOR_GAME_AGGREGATION,HISTORICAL_AGGREGATE_ONLY,CANDIDATE_OR_DERIVED,REQUIRED,RECON_UNIFIED_TEMPORAL_FIELD_REGISTRY_v1.2,true,UNMEASURED_UNTIL_SOURCE_MATERIALIZATION,0,NO_DIRECT_SAMPLE_EVIDENCE_LINKED,NON_JOIN_OR_REVIEW,PIT_HISTORICAL_AGGREGATION_INPUT,true,true,PRIMARY,PUBLIC_REPOSITORY_UPSTREAM_TERMS_REVIEW,DERIVED_PUBLIC_REPO_REVIEW,W09 raw-field metadata only; no production feature adoption.
RF-000639,SRC-001,SportsDataverse,adv_situational,EPA_success_pass,one row per team,integer,UNMATERIALIZED_OR_NOT_SCANNED,Count of successful pass plays (EPA > 0).,passing_receiving,HISTORICAL_GAME_OUTPUT_USE_VIA_PRIOR_GAME_AGGREGATION,HISTORICAL_AGGREGATE_ONLY,CANDIDATE_OR_DERIVED,REQUIRED,RECON_UNIFIED_TEMPORAL_FIELD_REGISTRY_v1.2,true,UNMEASURED_UNTIL_SOURCE_MATERIALIZATION,0,NO_DIRECT_SAMPLE_EVIDENCE_LINKED,NON_JOIN_OR_REVIEW,PIT_HISTORICAL_AGGREGATION_INPUT,true,true,PRIMARY,PUBLIC_REPOSITORY_UPSTREAM_TERMS_REVIEW,DERIVED_PUBLIC_REPO_REVIEW,W09 raw-field metadata only; no production feature adoption.
RF-000640,SRC-001,SportsDataverse,adv_situational,EPA_success_pass_rate,one row per team,double,UNMATERIALIZED_OR_NOT_SCANNED,Success rate over pass plays.,passing_receiving,HISTORICAL_GAME_OUTPUT_USE_VIA_PRIOR_GAME_AGGREGATION,HISTORICAL_AGGREGATE_ONLY,CANDIDATE_OR_DERIVED,REQUIRED,RECON_UNIFIED_TEMPORAL_FIELD_REGISTRY_v1.2,true,UNMEASURED_UNTIL_SOURCE_MATERIALIZATION,0,NO_DIRECT_SAMPLE_EVIDENCE_LINKED,NON_JOIN_OR_REVIEW,PIT_HISTORICAL_AGGREGATION_INPUT,true,true,PRIMARY,PUBLIC_REPOSITORY_UPSTREAM_TERMS_REVIEW,DERIVED_PUBLIC_REPO_REVIEW,W09 raw-field metadata only; no production feature adoption.
RF-000641,SRC-001,SportsDataverse,adv_situational,EPA_success_rush,one row per team,integer,UNMATERIALIZED_OR_NOT_SCANNED,Count of successful rush plays (EPA > 0).,rushing,HISTORICAL_GAME_OUTPUT_USE_VIA_PRIOR_GAME_AGGREGATION,HISTORICAL_AGGREGATE_ONLY,CANDIDATE_OR_DERIVED,REQUIRED,RECON_UNIFIED_TEMPORAL_FIELD_REGISTRY_v1.2,true,UNMEASURED_UNTIL_SOURCE_MATERIALIZATION,0,NO_DIRECT_SAMPLE_EVIDENCE_LINKED,NON_JOIN_OR_REVIEW,PIT_HISTORICAL_AGGREGATION_INPUT,true,true,PRIMARY,PUBLIC_REPOSITORY_UPSTREAM_TERMS_REVIEW,DERIVED_PUBLIC_REPO_REVIEW,W09 raw-field metadata only; no production feature adoption.
RF-000642,SRC-001,SportsDataverse,adv_situational,EPA_success_rush_rate,one row per team,double,UNMATERIALIZED_OR_NOT_SCANNED,Success rate over rush plays.,rushing,HISTORICAL_GAME_OUTPUT_USE_VIA_PRIOR_GAME_AGGREGATION,HISTORICAL_AGGREGATE_ONLY,CANDIDATE_OR_DERIVED,REQUIRED,RECON_UNIFIED_TEMPORAL_FIELD_REGISTRY_v1.2,true,UNMEASURED_UNTIL_SOURCE_MATERIALIZATION,0,NO_DIRECT_SAMPLE_EVIDENCE_LINKED,NON_JOIN_OR_REVIEW,PIT_HISTORICAL_AGGREGATION_INPUT,true,true,PRIMARY,PUBLIC_REPOSITORY_UPSTREAM_TERMS_REVIEW,DERIVED_PUBLIC_REPO_REVIEW,W09 raw-field metadata only; no production feature adoption.
RF-000643,SRC-001,SportsDataverse,adv_situational,EPA_success_rz,one row per team,integer,UNMATERIALIZED_OR_NOT_SCANNED,"Count of successful red-zone scrimmage plays (start yard line <= 20, EPA > 0); NA when the team had no red-zone scrimmage plays.",advanced_efficiency_probability,HISTORICAL_GAME_OUTPUT_USE_VIA_PRIOR_GAME_AGGREGATION,HISTORICAL_AGGREGATE_ONLY,CANDIDATE_OR_DERIVED,REQUIRED,RECON_UNIFIED_TEMPORAL_FIELD_REGISTRY_v1.2,true,UNMEASURED_UNTIL_SOURCE_MATERIALIZATION,0,NO_DIRECT_SAMPLE_EVIDENCE_LINKED,NON_JOIN_OR_REVIEW,PIT_HISTORICAL_AGGREGATION_INPUT,true,true,PRIMARY,PUBLIC_REPOSITORY_UPSTREAM_TERMS_REVIEW,DERIVED_PUBLIC_REPO_REVIEW,W09 raw-field metadata only; no production feature adoption.
RF-000644,SRC-001,SportsDataverse,adv_situational,EPA_success_rate_rz,one row per team,double,UNMATERIALIZED_OR_NOT_SCANNED,Red-zone success rate; NA when the team had no red-zone scrimmage plays.,advanced_efficiency_probability,HISTORICAL_GAME_OUTPUT_USE_VIA_PRIOR_GAME_AGGREGATION,HISTORICAL_AGGREGATE_ONLY,CANDIDATE_OR_DERIVED,REQUIRED,RECON_UNIFIED_TEMPORAL_FIELD_REGISTRY_v1.2,true,UNMEASURED_UNTIL_SOURCE_MATERIALIZATION,0,NO_DIRECT_SAMPLE_EVIDENCE_LINKED,NON_JOIN_OR_REVIEW,PIT_HISTORICAL_AGGREGATION_INPUT,true,true,PRIMARY,PUBLIC_REPOSITORY_UPSTREAM_TERMS_REVIEW,DERIVED_PUBLIC_REPO_REVIEW,W09 raw-field metadata only; no production feature adoption.
RF-000645,SRC-001,SportsDataverse,adv_situational,EPA_success_third,one row per team,integer,UNMATERIALIZED_OR_NOT_SCANNED,Count of successful 3rd-down scrimmage plays (EPA > 0).,advanced_efficiency_probability,HISTORICAL_GAME_OUTPUT_USE_VIA_PRIOR_GAME_AGGREGATION,HISTORICAL_AGGREGATE_ONLY,CANDIDATE_OR_DERIVED,REQUIRED,RECON_UNIFIED_TEMPORAL_FIELD_REGISTRY_v1.2,true,UNMEASURED_UNTIL_SOURCE_MATERIALIZATION,0,NO_DIRECT_SAMPLE_EVIDENCE_LINKED,NON_JOIN_OR_REVIEW,PIT_HISTORICAL_AGGREGATION_INPUT,true,true,PRIMARY,PUBLIC_REPOSITORY_UPSTREAM_TERMS_REVIEW,DERIVED_PUBLIC_REPO_REVIEW,W09 raw-field metadata only; no production feature adoption.
RF-000646,SRC-001,SportsDataverse,adv_situational,EPA_success_rate_third,one row per team,double,UNMATERIALIZED_OR_NOT_SCANNED,3rd-down success rate.,advanced_efficiency_probability,HISTORICAL_GAME_OUTPUT_USE_VIA_PRIOR_GAME_AGGREGATION,HISTORICAL_AGGREGATE_ONLY,CANDIDATE_OR_DERIVED,REQUIRED,RECON_UNIFIED_TEMPORAL_FIELD_REGISTRY_v1.2,true,UNMEASURED_UNTIL_SOURCE_MATERIALIZATION,0,NO_DIRECT_SAMPLE_EVIDENCE_LINKED,NON_JOIN_OR_REVIEW,PIT_HISTORICAL_AGGREGATION_INPUT,true,true,PRIMARY,PUBLIC_REPOSITORY_UPSTREAM_TERMS_REVIEW,DERIVED_PUBLIC_REPO_REVIEW,W09 raw-field metadata only; no production feature adoption.
RF-000647,SRC-001,SportsDataverse,adv_situational,EPA_success_early_down,one row per team,integer,UNMATERIALIZED_OR_NOT_SCANNED,Count of successful early-down (1st/2nd) scrimmage plays (EPA > 0).,advanced_efficiency_probability,HISTORICAL_GAME_OUTPUT_USE_VIA_PRIOR_GAME_AGGREGATION,HISTORICAL_AGGREGATE_ONLY,CANDIDATE_OR_DERIVED,REQUIRED,RECON_UNIFIED_TEMPORAL_FIELD_REGISTRY_v1.2,true,UNMEASURED_UNTIL_SOURCE_MATERIALIZATION,0,NO_DIRECT_SAMPLE_EVIDENCE_LINKED,NON_JOIN_OR_REVIEW,PIT_HISTORICAL_AGGREGATION_INPUT,true,true,PRIMARY,PUBLIC_REPOSITORY_UPSTREAM_TERMS_REVIEW,DERIVED_PUBLIC_REPO_REVIEW,W09 raw-field metadata only; no production feature adoption.
RF-000648,SRC-001,SportsDataverse,adv_situational,EPA_success_early_down_rate,one row per team,double,UNMATERIALIZED_OR_NOT_SCANNED,Early-down success rate.,advanced_efficiency_probability,HISTORICAL_GAME_OUTPUT_USE_VIA_PRIOR_GAME_AGGREGATION,HISTORICAL_AGGREGATE_ONLY,CANDIDATE_OR_DERIVED,REQUIRED,RECON_UNIFIED_TEMPORAL_FIELD_REGISTRY_v1.2,true,UNMEASURED_UNTIL_SOURCE_MATERIALIZATION,0,NO_DIRECT_SAMPLE_EVIDENCE_LINKED,NON_JOIN_OR_REVIEW,PIT_HISTORICAL_AGGREGATION_INPUT,true,true,PRIMARY,PUBLIC_REPOSITORY_UPSTREAM_TERMS_REVIEW,DERIVED_PUBLIC_REPO_REVIEW,W09 raw-field metadata only; no production feature adoption.
RF-000649,SRC-001,SportsDataverse,adv_situational,early_downs,one row per team,integer,UNMATERIALIZED_OR_NOT_SCANNED,Number of early-down (1st/2nd) scrimmage plays.,situational_field_position,HISTORICAL_GAME_OUTPUT_USE_VIA_PRIOR_GAME_AGGREGATION,HISTORICAL_AGGREGATE_ONLY,CANDIDATE_OR_DERIVED,REQUIRED,RECON_UNIFIED_TEMPORAL_FIELD_REGISTRY_v1.2,true,UNMEASURED_UNTIL_SOURCE_MATERIALIZATION,0,NO_DIRECT_SAMPLE_EVIDENCE_LINKED,NON_JOIN_OR_REVIEW,PIT_HISTORICAL_AGGREGATION_INPUT,true,true,PRIMARY,PUBLIC_REPOSITORY_UPSTREAM_TERMS_REVIEW,DERIVED_PUBLIC_REPO_REVIEW,W09 raw-field metadata only; no production feature adoption.
RF-000650,SRC-001,SportsDataverse,adv_situational,early_down_pass_rate,one row per team,double,UNMATERIALIZED_OR_NOT_SCANNED,Pass share (pass-play rate) on early downs.,passing_receiving,HISTORICAL_GAME_OUTPUT_USE_VIA_PRIOR_GAME_AGGREGATION,HISTORICAL_AGGREGATE_ONLY,CANDIDATE_OR_DERIVED,REQUIRED,RECON_UNIFIED_TEMPORAL_FIELD_REGISTRY_v1.2,true,UNMEASURED_UNTIL_SOURCE_MATERIALIZATION,0,NO_DIRECT_SAMPLE_EVIDENCE_LINKED,NON_JOIN_OR_REVIEW,PIT_HISTORICAL_AGGREGATION_INPUT,true,true,PRIMARY,PUBLIC_REPOSITORY_UPSTREAM_TERMS_REVIEW,DERIVED_PUBLIC_REPO_REVIEW,W09 raw-field metadata only; no production feature adoption.
RF-000651,SRC-001,SportsDataverse,adv_situational,early_down_rush_rate,one row per team,double,UNMATERIALIZED_OR_NOT_SCANNED,Rush share (rush-play rate) on early downs.,rushing,HISTORICAL_GAME_OUTPUT_USE_VIA_PRIOR_GAME_AGGREGATION,HISTORICAL_AGGREGATE_ONLY,CANDIDATE_OR_DERIVED,REQUIRED,RECON_UNIFIED_TEMPORAL_FIELD_REGISTRY_v1.2,true,UNMEASURED_UNTIL_SOURCE_MATERIALIZATION,0,NO_DIRECT_SAMPLE_EVIDENCE_LINKED,NON_JOIN_OR_REVIEW,PIT_HISTORICAL_AGGREGATION_INPUT,true,true,PRIMARY,PUBLIC_REPOSITORY_UPSTREAM_TERMS_REVIEW,DERIVED_PUBLIC_REPO_REVIEW,W09 raw-field metadata only; no production feature adoption.
RF-000652,SRC-001,SportsDataverse,adv_situational,EPA_early_down,one row per team,double,UNMATERIALIZED_OR_NOT_SCANNED,Total EPA accumulated on early downs.,advanced_efficiency_probability,HISTORICAL_GAME_OUTPUT_USE_VIA_PRIOR_GAME_AGGREGATION,HISTORICAL_AGGREGATE_ONLY,CANDIDATE_OR_DERIVED,REQUIRED,RECON_UNIFIED_TEMPORAL_FIELD_REGISTRY_v1.2,true,UNMEASURED_UNTIL_SOURCE_MATERIALIZATION,0,NO_DIRECT_SAMPLE_EVIDENCE_LINKED,NON_JOIN_OR_REVIEW,PIT_HISTORICAL_AGGREGATION_INPUT,true,true,PRIMARY,PUBLIC_REPOSITORY_UPSTREAM_TERMS_REVIEW,DERIVED_PUBLIC_REPO_REVIEW,W09 raw-field metadata only; no production feature adoption.
RF-000653,SRC-001,SportsDataverse,adv_situational,EPA_early_down_per_play,one row per team,double,UNMATERIALIZED_OR_NOT_SCANNED,Mean EPA per early-down play.,advanced_efficiency_probability,HISTORICAL_GAME_OUTPUT_USE_VIA_PRIOR_GAME_AGGREGATION,HISTORICAL_AGGREGATE_ONLY,CANDIDATE_OR_DERIVED,REQUIRED,RECON_UNIFIED_TEMPORAL_FIELD_REGISTRY_v1.2,true,UNMEASURED_UNTIL_SOURCE_MATERIALIZATION,0,NO_DIRECT_SAMPLE_EVIDENCE_LINKED,NON_JOIN_OR_REVIEW,PIT_HISTORICAL_AGGREGATION_INPUT,true,true,PRIMARY,PUBLIC_REPOSITORY_UPSTREAM_TERMS_REVIEW,DERIVED_PUBLIC_REPO_REVIEW,W09 raw-field metadata only; no production feature adoption.
RF-000654,SRC-001,SportsDataverse,adv_situational,early_down_first_down,one row per team,integer,UNMATERIALIZED_OR_NOT_SCANNED,Count of early-down plays that created a first down.,situational_field_position,HISTORICAL_GAME_OUTPUT_USE_VIA_PRIOR_GAME_AGGREGATION,HISTORICAL_AGGREGATE_ONLY,CANDIDATE_OR_DERIVED,REQUIRED,RECON_UNIFIED_TEMPORAL_FIELD_REGISTRY_v1.2,true,UNMEASURED_UNTIL_SOURCE_MATERIALIZATION,0,NO_DIRECT_SAMPLE_EVIDENCE_LINKED,NON_JOIN_OR_REVIEW,PIT_HISTORICAL_AGGREGATION_INPUT,true,true,PRIMARY,PUBLIC_REPOSITORY_UPSTREAM_TERMS_REVIEW,DERIVED_PUBLIC_REPO_REVIEW,W09 raw-field metadata only; no production feature adoption.
RF-000655,SRC-001,SportsDataverse,adv_situational,early_down_first_down_rate,one row per team,double,UNMATERIALIZED_OR_NOT_SCANNED,Rate of early-down plays that created a first down.,situational_field_position,HISTORICAL_GAME_OUTPUT_USE_VIA_PRIOR_GAME_AGGREGATION,HISTORICAL_AGGREGATE_ONLY,CANDIDATE_OR_DERIVED,REQUIRED,RECON_UNIFIED_TEMPORAL_FIELD_REGISTRY_v1.2,true,UNMEASURED_UNTIL_SOURCE_MATERIALIZATION,0,NO_DIRECT_SAMPLE_EVIDENCE_LINKED,NON_JOIN_OR_REVIEW,PIT_HISTORICAL_AGGREGATION_INPUT,true,true,PRIMARY,PUBLIC_REPOSITORY_UPSTREAM_TERMS_REVIEW,DERIVED_PUBLIC_REPO_REVIEW,W09 raw-field metadata only; no production feature adoption.
RF-000656,SRC-001,SportsDataverse,adv_situational,early_down_pass,one row per team,integer,UNMATERIALIZED_OR_NOT_SCANNED,Number of early-down pass plays.,passing_receiving,HISTORICAL_GAME_OUTPUT_USE_VIA_PRIOR_GAME_AGGREGATION,HISTORICAL_AGGREGATE_ONLY,CANDIDATE_OR_DERIVED,REQUIRED,RECON_UNIFIED_TEMPORAL_FIELD_REGISTRY_v1.2,true,UNMEASURED_UNTIL_SOURCE_MATERIALIZATION,0,NO_DIRECT_SAMPLE_EVIDENCE_LINKED,NON_JOIN_OR_REVIEW,PIT_HISTORICAL_AGGREGATION_INPUT,true,true,PRIMARY,PUBLIC_REPOSITORY_UPSTREAM_TERMS_REVIEW,DERIVED_PUBLIC_REPO_REVIEW,W09 raw-field metadata only; no production feature adoption.
RF-000657,SRC-001,SportsDataverse,adv_situational,EPA_early_down_pass,one row per team,double,UNMATERIALIZED_OR_NOT_SCANNED,Total EPA on early-down pass plays.,passing_receiving,HISTORICAL_GAME_OUTPUT_USE_VIA_PRIOR_GAME_AGGREGATION,HISTORICAL_AGGREGATE_ONLY,CANDIDATE_OR_DERIVED,REQUIRED,RECON_UNIFIED_TEMPORAL_FIELD_REGISTRY_v1.2,true,UNMEASURED_UNTIL_SOURCE_MATERIALIZATION,0,NO_DIRECT_SAMPLE_EVIDENCE_LINKED,NON_JOIN_OR_REVIEW,PIT_HISTORICAL_AGGREGATION_INPUT,true,true,PRIMARY,PUBLIC_REPOSITORY_UPSTREAM_TERMS_REVIEW,DERIVED_PUBLIC_REPO_REVIEW,W09 raw-field metadata only; no production feature adoption.
RF-000658,SRC-001,SportsDataverse,adv_situational,EPA_early_down_pass_per_play,one row per team,double,UNMATERIALIZED_OR_NOT_SCANNED,Mean EPA per early-down pass play.,passing_receiving,HISTORICAL_GAME_OUTPUT_USE_VIA_PRIOR_GAME_AGGREGATION,HISTORICAL_AGGREGATE_ONLY,CANDIDATE_OR_DERIVED,REQUIRED,RECON_UNIFIED_TEMPORAL_FIELD_REGISTRY_v1.2,true,UNMEASURED_UNTIL_SOURCE_MATERIALIZATION,0,NO_DIRECT_SAMPLE_EVIDENCE_LINKED,NON_JOIN_OR_REVIEW,PIT_HISTORICAL_AGGREGATION_INPUT,true,true,PRIMARY,PUBLIC_REPOSITORY_UPSTREAM_TERMS_REVIEW,DERIVED_PUBLIC_REPO_REVIEW,W09 raw-field metadata only; no production feature adoption.
RF-000659,SRC-001,SportsDataverse,adv_situational,EPA_success_early_down_pass,one row per team,integer,UNMATERIALIZED_OR_NOT_SCANNED,Count of successful early-down pass plays (EPA > 0).,passing_receiving,HISTORICAL_GAME_OUTPUT_USE_VIA_PRIOR_GAME_AGGREGATION,HISTORICAL_AGGREGATE_ONLY,CANDIDATE_OR_DERIVED,REQUIRED,RECON_UNIFIED_TEMPORAL_FIELD_REGISTRY_v1.2,true,UNMEASURED_UNTIL_SOURCE_MATERIALIZATION,0,NO_DIRECT_SAMPLE_EVIDENCE_LINKED,NON_JOIN_OR_REVIEW,PIT_HISTORICAL_AGGREGATION_INPUT,true,true,PRIMARY,PUBLIC_REPOSITORY_UPSTREAM_TERMS_REVIEW,DERIVED_PUBLIC_REPO_REVIEW,W09 raw-field metadata only; no production feature adoption.
RF-000660,SRC-001,SportsDataverse,adv_situational,EPA_success_early_down_pass_rate,one row per team,double,UNMATERIALIZED_OR_NOT_SCANNED,Success rate on early-down pass plays.,passing_receiving,HISTORICAL_GAME_OUTPUT_USE_VIA_PRIOR_GAME_AGGREGATION,HISTORICAL_AGGREGATE_ONLY,CANDIDATE_OR_DERIVED,REQUIRED,RECON_UNIFIED_TEMPORAL_FIELD_REGISTRY_v1.2,true,UNMEASURED_UNTIL_SOURCE_MATERIALIZATION,0,NO_DIRECT_SAMPLE_EVIDENCE_LINKED,NON_JOIN_OR_REVIEW,PIT_HISTORICAL_AGGREGATION_INPUT,true,true,PRIMARY,PUBLIC_REPOSITORY_UPSTREAM_TERMS_REVIEW,DERIVED_PUBLIC_REPO_REVIEW,W09 raw-field metadata only; no production feature adoption.
RF-000661,SRC-001,SportsDataverse,adv_situational,early_down_rush,one row per team,integer,UNMATERIALIZED_OR_NOT_SCANNED,Number of early-down rush plays.,rushing,HISTORICAL_GAME_OUTPUT_USE_VIA_PRIOR_GAME_AGGREGATION,HISTORICAL_AGGREGATE_ONLY,CANDIDATE_OR_DERIVED,REQUIRED,RECON_UNIFIED_TEMPORAL_FIELD_REGISTRY_v1.2,true,UNMEASURED_UNTIL_SOURCE_MATERIALIZATION,0,NO_DIRECT_SAMPLE_EVIDENCE_LINKED,NON_JOIN_OR_REVIEW,PIT_HISTORICAL_AGGREGATION_INPUT,true,true,PRIMARY,PUBLIC_REPOSITORY_UPSTREAM_TERMS_REVIEW,DERIVED_PUBLIC_REPO_REVIEW,W09 raw-field metadata only; no production feature adoption.
RF-000662,SRC-001,SportsDataverse,adv_situational,EPA_early_down_rush,one row per team,double,UNMATERIALIZED_OR_NOT_SCANNED,Total EPA on early-down rush plays.,rushing,HISTORICAL_GAME_OUTPUT_USE_VIA_PRIOR_GAME_AGGREGATION,HISTORICAL_AGGREGATE_ONLY,CANDIDATE_OR_DERIVED,REQUIRED,RECON_UNIFIED_TEMPORAL_FIELD_REGISTRY_v1.2,true,UNMEASURED_UNTIL_SOURCE_MATERIALIZATION,0,NO_DIRECT_SAMPLE_EVIDENCE_LINKED,NON_JOIN_OR_REVIEW,PIT_HISTORICAL_AGGREGATION_INPUT,true,true,PRIMARY,PUBLIC_REPOSITORY_UPSTREAM_TERMS_REVIEW,DERIVED_PUBLIC_REPO_REVIEW,W09 raw-field metadata only; no production feature adoption.
RF-000663,SRC-001,SportsDataverse,adv_situational,EPA_early_down_rush_per_play,one row per team,double,UNMATERIALIZED_OR_NOT_SCANNED,Mean EPA per early-down rush play.,rushing,HISTORICAL_GAME_OUTPUT_USE_VIA_PRIOR_GAME_AGGREGATION,HISTORICAL_AGGREGATE_ONLY,CANDIDATE_OR_DERIVED,REQUIRED,RECON_UNIFIED_TEMPORAL_FIELD_REGISTRY_v1.2,true,UNMEASURED_UNTIL_SOURCE_MATERIALIZATION,0,NO_DIRECT_SAMPLE_EVIDENCE_LINKED,NON_JOIN_OR_REVIEW,PIT_HISTORICAL_AGGREGATION_INPUT,true,true,PRIMARY,PUBLIC_REPOSITORY_UPSTREAM_TERMS_REVIEW,DERIVED_PUBLIC_REPO_REVIEW,W09 raw-field metadata only; no production feature adoption.
RF-000664,SRC-001,SportsDataverse,adv_situational,EPA_success_early_down_rush,one row per team,integer,UNMATERIALIZED_OR_NOT_SCANNED,Count of successful early-down rush plays (EPA > 0).,rushing,HISTORICAL_GAME_OUTPUT_USE_VIA_PRIOR_GAME_AGGREGATION,HISTORICAL_AGGREGATE_ONLY,CANDIDATE_OR_DERIVED,REQUIRED,RECON_UNIFIED_TEMPORAL_FIELD_REGISTRY_v1.2,true,UNMEASURED_UNTIL_SOURCE_MATERIALIZATION,0,NO_DIRECT_SAMPLE_EVIDENCE_LINKED,NON_JOIN_OR_REVIEW,PIT_HISTORICAL_AGGREGATION_INPUT,true,true,PRIMARY,PUBLIC_REPOSITORY_UPSTREAM_TERMS_REVIEW,DERIVED_PUBLIC_REPO_REVIEW,W09 raw-field metadata only; no production feature adoption.
RF-000665,SRC-001,SportsDataverse,adv_situational,EPA_success_early_down_rush_rate,one row per team,double,UNMATERIALIZED_OR_NOT_SCANNED,Success rate on early-down rush plays.,rushing,HISTORICAL_GAME_OUTPUT_USE_VIA_PRIOR_GAME_AGGREGATION,HISTORICAL_AGGREGATE_ONLY,CANDIDATE_OR_DERIVED,REQUIRED,RECON_UNIFIED_TEMPORAL_FIELD_REGISTRY_v1.2,true,UNMEASURED_UNTIL_SOURCE_MATERIALIZATION,0,NO_DIRECT_SAMPLE_EVIDENCE_LINKED,NON_JOIN_OR_REVIEW,PIT_HISTORICAL_AGGREGATION_INPUT,true,true,PRIMARY,PUBLIC_REPOSITORY_UPSTREAM_TERMS_REVIEW,DERIVED_PUBLIC_REPO_REVIEW,W09 raw-field metadata only; no production feature adoption.
RF-000666,SRC-001,SportsDataverse,adv_situational,middle_8,one row per team,integer,UNMATERIALIZED_OR_NOT_SCANNED,"Number of ""middle 8"" scrimmage plays (final 4 min of Q2 + first 4 min of Q3; adjusted seconds remaining 1560-2040).",other,HISTORICAL_GAME_OUTPUT_USE_VIA_PRIOR_GAME_AGGREGATION,HISTORICAL_AGGREGATE_ONLY,CANDIDATE_OR_DERIVED,REQUIRED,RECON_UNIFIED_TEMPORAL_FIELD_REGISTRY_v1.2,true,UNMEASURED_UNTIL_SOURCE_MATERIALIZATION,1,NAME_MATCH_ONLY_NOT_POPULATION_EVIDENCE,NON_JOIN_OR_REVIEW,PIT_HISTORICAL_AGGREGATION_INPUT,true,true,PRIMARY,PUBLIC_REPOSITORY_UPSTREAM_TERMS_REVIEW,DERIVED_PUBLIC_REPO_REVIEW,W09 raw-field metadata only; no production feature adoption.
RF-000667,SRC-001,SportsDataverse,adv_situational,middle_8_pass_rate,one row per team,double,UNMATERIALIZED_OR_NOT_SCANNED,Pass share on middle-8 plays.,passing_receiving,HISTORICAL_GAME_OUTPUT_USE_VIA_PRIOR_GAME_AGGREGATION,HISTORICAL_AGGREGATE_ONLY,CANDIDATE_OR_DERIVED,REQUIRED,RECON_UNIFIED_TEMPORAL_FIELD_REGISTRY_v1.2,true,UNMEASURED_UNTIL_SOURCE_MATERIALIZATION,0,NO_DIRECT_SAMPLE_EVIDENCE_LINKED,NON_JOIN_OR_REVIEW,PIT_HISTORICAL_AGGREGATION_INPUT,true,true,PRIMARY,PUBLIC_REPOSITORY_UPSTREAM_TERMS_REVIEW,DERIVED_PUBLIC_REPO_REVIEW,W09 raw-field metadata only; no production feature adoption.
RF-000668,SRC-001,SportsDataverse,adv_situational,middle_8_rush_rate,one row per team,double,UNMATERIALIZED_OR_NOT_SCANNED,Rush share on middle-8 plays.,rushing,HISTORICAL_GAME_OUTPUT_USE_VIA_PRIOR_GAME_AGGREGATION,HISTORICAL_AGGREGATE_ONLY,CANDIDATE_OR_DERIVED,REQUIRED,RECON_UNIFIED_TEMPORAL_FIELD_REGISTRY_v1.2,true,UNMEASURED_UNTIL_SOURCE_MATERIALIZATION,0,NO_DIRECT_SAMPLE_EVIDENCE_LINKED,NON_JOIN_OR_REVIEW,PIT_HISTORICAL_AGGREGATION_INPUT,true,true,PRIMARY,PUBLIC_REPOSITORY_UPSTREAM_TERMS_REVIEW,DERIVED_PUBLIC_REPO_REVIEW,W09 raw-field metadata only; no production feature adoption.
RF-000669,SRC-001,SportsDataverse,adv_situational,EPA_middle_8,one row per team,double,UNMATERIALIZED_OR_NOT_SCANNED,Total EPA accumulated in the middle 8.,advanced_efficiency_probability,HISTORICAL_GAME_OUTPUT_USE_VIA_PRIOR_GAME_AGGREGATION,HISTORICAL_AGGREGATE_ONLY,CANDIDATE_OR_DERIVED,REQUIRED,RECON_UNIFIED_TEMPORAL_FIELD_REGISTRY_v1.2,true,UNMEASURED_UNTIL_SOURCE_MATERIALIZATION,0,NO_DIRECT_SAMPLE_EVIDENCE_LINKED,NON_JOIN_OR_REVIEW,PIT_HISTORICAL_AGGREGATION_INPUT,true,true,PRIMARY,PUBLIC_REPOSITORY_UPSTREAM_TERMS_REVIEW,DERIVED_PUBLIC_REPO_REVIEW,W09 raw-field metadata only; no production feature adoption.
RF-000670,SRC-001,SportsDataverse,adv_situational,EPA_middle_8_per_play,one row per team,double,UNMATERIALIZED_OR_NOT_SCANNED,Mean EPA per middle-8 play.,advanced_efficiency_probability,HISTORICAL_GAME_OUTPUT_USE_VIA_PRIOR_GAME_AGGREGATION,HISTORICAL_AGGREGATE_ONLY,CANDIDATE_OR_DERIVED,REQUIRED,RECON_UNIFIED_TEMPORAL_FIELD_REGISTRY_v1.2,true,UNMEASURED_UNTIL_SOURCE_MATERIALIZATION,0,NO_DIRECT_SAMPLE_EVIDENCE_LINKED,NON_JOIN_OR_REVIEW,PIT_HISTORICAL_AGGREGATION_INPUT,true,true,PRIMARY,PUBLIC_REPOSITORY_UPSTREAM_TERMS_REVIEW,DERIVED_PUBLIC_REPO_REVIEW,W09 raw-field metadata only; no production feature adoption.
RF-000671,SRC-001,SportsDataverse,adv_situational,EPA_middle_8_success,one row per team,integer,UNMATERIALIZED_OR_NOT_SCANNED,Count of successful middle-8 plays (EPA > 0).,advanced_efficiency_probability,HISTORICAL_GAME_OUTPUT_USE_VIA_PRIOR_GAME_AGGREGATION,HISTORICAL_AGGREGATE_ONLY,CANDIDATE_OR_DERIVED,REQUIRED,RECON_UNIFIED_TEMPORAL_FIELD_REGISTRY_v1.2,true,UNMEASURED_UNTIL_SOURCE_MATERIALIZATION,0,NO_DIRECT_SAMPLE_EVIDENCE_LINKED,NON_JOIN_OR_REVIEW,PIT_HISTORICAL_AGGREGATION_INPUT,true,true,PRIMARY,PUBLIC_REPOSITORY_UPSTREAM_TERMS_REVIEW,DERIVED_PUBLIC_REPO_REVIEW,W09 raw-field metadata only; no production feature adoption.
RF-000672,SRC-001,SportsDataverse,adv_situational,EPA_middle_8_success_rate,one row per team,double,UNMATERIALIZED_OR_NOT_SCANNED,Success rate in the middle 8.,advanced_efficiency_probability,HISTORICAL_GAME_OUTPUT_USE_VIA_PRIOR_GAME_AGGREGATION,HISTORICAL_AGGREGATE_ONLY,CANDIDATE_OR_DERIVED,REQUIRED,RECON_UNIFIED_TEMPORAL_FIELD_REGISTRY_v1.2,true,UNMEASURED_UNTIL_SOURCE_MATERIALIZATION,0,NO_DIRECT_SAMPLE_EVIDENCE_LINKED,NON_JOIN_OR_REVIEW,PIT_HISTORICAL_AGGREGATION_INPUT,true,true,PRIMARY,PUBLIC_REPOSITORY_UPSTREAM_TERMS_REVIEW,DERIVED_PUBLIC_REPO_REVIEW,W09 raw-field metadata only; no production feature adoption.
RF-000673,SRC-001,SportsDataverse,adv_situational,middle_8_pass,one row per team,integer,UNMATERIALIZED_OR_NOT_SCANNED,Number of middle-8 pass plays.,passing_receiving,HISTORICAL_GAME_OUTPUT_USE_VIA_PRIOR_GAME_AGGREGATION,HISTORICAL_AGGREGATE_ONLY,CANDIDATE_OR_DERIVED,REQUIRED,RECON_UNIFIED_TEMPORAL_FIELD_REGISTRY_v1.2,true,UNMEASURED_UNTIL_SOURCE_MATERIALIZATION,0,NO_DIRECT_SAMPLE_EVIDENCE_LINKED,NON_JOIN_OR_REVIEW,PIT_HISTORICAL_AGGREGATION_INPUT,true,true,PRIMARY,PUBLIC_REPOSITORY_UPSTREAM_TERMS_REVIEW,DERIVED_PUBLIC_REPO_REVIEW,W09 raw-field metadata only; no production feature adoption.
RF-000674,SRC-001,SportsDataverse,adv_situational,EPA_middle_8_pass,one row per team,double,UNMATERIALIZED_OR_NOT_SCANNED,Total EPA on middle-8 pass plays.,passing_receiving,HISTORICAL_GAME_OUTPUT_USE_VIA_PRIOR_GAME_AGGREGATION,HISTORICAL_AGGREGATE_ONLY,CANDIDATE_OR_DERIVED,REQUIRED,RECON_UNIFIED_TEMPORAL_FIELD_REGISTRY_v1.2,true,UNMEASURED_UNTIL_SOURCE_MATERIALIZATION,0,NO_DIRECT_SAMPLE_EVIDENCE_LINKED,NON_JOIN_OR_REVIEW,PIT_HISTORICAL_AGGREGATION_INPUT,true,true,PRIMARY,PUBLIC_REPOSITORY_UPSTREAM_TERMS_REVIEW,DERIVED_PUBLIC_REPO_REVIEW,W09 raw-field metadata only; no production feature adoption.
RF-000675,SRC-001,SportsDataverse,adv_situational,EPA_middle_8_pass_per_play,one row per team,double,UNMATERIALIZED_OR_NOT_SCANNED,Mean EPA per middle-8 pass play.,passing_receiving,HISTORICAL_GAME_OUTPUT_USE_VIA_PRIOR_GAME_AGGREGATION,HISTORICAL_AGGREGATE_ONLY,CANDIDATE_OR_DERIVED,REQUIRED,RECON_UNIFIED_TEMPORAL_FIELD_REGISTRY_v1.2,true,UNMEASURED_UNTIL_SOURCE_MATERIALIZATION,0,NO_DIRECT_SAMPLE_EVIDENCE_LINKED,NON_JOIN_OR_REVIEW,PIT_HISTORICAL_AGGREGATION_INPUT,true,true,PRIMARY,PUBLIC_REPOSITORY_UPSTREAM_TERMS_REVIEW,DERIVED_PUBLIC_REPO_REVIEW,W09 raw-field metadata only; no production feature adoption.
RF-000676,SRC-001,SportsDataverse,adv_situational,EPA_middle_8_success_pass,one row per team,integer,UNMATERIALIZED_OR_NOT_SCANNED,Count of successful middle-8 pass plays (EPA > 0).,passing_receiving,HISTORICAL_GAME_OUTPUT_USE_VIA_PRIOR_GAME_AGGREGATION,HISTORICAL_AGGREGATE_ONLY,CANDIDATE_OR_DERIVED,REQUIRED,RECON_UNIFIED_TEMPORAL_FIELD_REGISTRY_v1.2,true,UNMEASURED_UNTIL_SOURCE_MATERIALIZATION,0,NO_DIRECT_SAMPLE_EVIDENCE_LINKED,NON_JOIN_OR_REVIEW,PIT_HISTORICAL_AGGREGATION_INPUT,true,true,PRIMARY,PUBLIC_REPOSITORY_UPSTREAM_TERMS_REVIEW,DERIVED_PUBLIC_REPO_REVIEW,W09 raw-field metadata only; no production feature adoption.
RF-000677,SRC-001,SportsDataverse,adv_situational,EPA_middle_8_success_pass_rate,one row per team,double,UNMATERIALIZED_OR_NOT_SCANNED,Success rate on middle-8 pass plays.,passing_receiving,HISTORICAL_GAME_OUTPUT_USE_VIA_PRIOR_GAME_AGGREGATION,HISTORICAL_AGGREGATE_ONLY,CANDIDATE_OR_DERIVED,REQUIRED,RECON_UNIFIED_TEMPORAL_FIELD_REGISTRY_v1.2,true,UNMEASURED_UNTIL_SOURCE_MATERIALIZATION,0,NO_DIRECT_SAMPLE_EVIDENCE_LINKED,NON_JOIN_OR_REVIEW,PIT_HISTORICAL_AGGREGATION_INPUT,true,true,PRIMARY,PUBLIC_REPOSITORY_UPSTREAM_TERMS_REVIEW,DERIVED_PUBLIC_REPO_REVIEW,W09 raw-field metadata only; no production feature adoption.
RF-000678,SRC-001,SportsDataverse,adv_situational,middle_8_rush,one row per team,integer,UNMATERIALIZED_OR_NOT_SCANNED,Number of middle-8 rush plays.,rushing,HISTORICAL_GAME_OUTPUT_USE_VIA_PRIOR_GAME_AGGREGATION,HISTORICAL_AGGREGATE_ONLY,CANDIDATE_OR_DERIVED,REQUIRED,RECON_UNIFIED_TEMPORAL_FIELD_REGISTRY_v1.2,true,UNMEASURED_UNTIL_SOURCE_MATERIALIZATION,0,NO_DIRECT_SAMPLE_EVIDENCE_LINKED,NON_JOIN_OR_REVIEW,PIT_HISTORICAL_AGGREGATION_INPUT,true,true,PRIMARY,PUBLIC_REPOSITORY_UPSTREAM_TERMS_REVIEW,DERIVED_PUBLIC_REPO_REVIEW,W09 raw-field metadata only; no production feature adoption.
RF-000679,SRC-001,SportsDataverse,adv_situational,EPA_middle_8_rush,one row per team,double,UNMATERIALIZED_OR_NOT_SCANNED,Total EPA on middle-8 rush plays.,rushing,HISTORICAL_GAME_OUTPUT_USE_VIA_PRIOR_GAME_AGGREGATION,HISTORICAL_AGGREGATE_ONLY,CANDIDATE_OR_DERIVED,REQUIRED,RECON_UNIFIED_TEMPORAL_FIELD_REGISTRY_v1.2,true,UNMEASURED_UNTIL_SOURCE_MATERIALIZATION,0,NO_DIRECT_SAMPLE_EVIDENCE_LINKED,NON_JOIN_OR_REVIEW,PIT_HISTORICAL_AGGREGATION_INPUT,true,true,PRIMARY,PUBLIC_REPOSITORY_UPSTREAM_TERMS_REVIEW,DERIVED_PUBLIC_REPO_REVIEW,W09 raw-field metadata only; no production feature adoption.
RF-000680,SRC-001,SportsDataverse,adv_situational,EPA_middle_8_rush_per_play,one row per team,double,UNMATERIALIZED_OR_NOT_SCANNED,Mean EPA per middle-8 rush play.,rushing,HISTORICAL_GAME_OUTPUT_USE_VIA_PRIOR_GAME_AGGREGATION,HISTORICAL_AGGREGATE_ONLY,CANDIDATE_OR_DERIVED,REQUIRED,RECON_UNIFIED_TEMPORAL_FIELD_REGISTRY_v1.2,true,UNMEASURED_UNTIL_SOURCE_MATERIALIZATION,0,NO_DIRECT_SAMPLE_EVIDENCE_LINKED,NON_JOIN_OR_REVIEW,PIT_HISTORICAL_AGGREGATION_INPUT,true,true,PRIMARY,PUBLIC_REPOSITORY_UPSTREAM_TERMS_REVIEW,DERIVED_PUBLIC_REPO_REVIEW,W09 raw-field metadata only; no production feature adoption.
RF-000681,SRC-001,SportsDataverse,adv_situational,EPA_middle_8_success_rush,one row per team,integer,UNMATERIALIZED_OR_NOT_SCANNED,Count of successful middle-8 rush plays (EPA > 0).,rushing,HISTORICAL_GAME_OUTPUT_USE_VIA_PRIOR_GAME_AGGREGATION,HISTORICAL_AGGREGATE_ONLY,CANDIDATE_OR_DERIVED,REQUIRED,RECON_UNIFIED_TEMPORAL_FIELD_REGISTRY_v1.2,true,UNMEASURED_UNTIL_SOURCE_MATERIALIZATION,0,NO_DIRECT_SAMPLE_EVIDENCE_LINKED,NON_JOIN_OR_REVIEW,PIT_HISTORICAL_AGGREGATION_INPUT,true,true,PRIMARY,PUBLIC_REPOSITORY_UPSTREAM_TERMS_REVIEW,DERIVED_PUBLIC_REPO_REVIEW,W09 raw-field metadata only; no production feature adoption.
RF-000682,SRC-001,SportsDataverse,adv_situational,EPA_middle_8_success_rush_rate,one row per team,double,UNMATERIALIZED_OR_NOT_SCANNED,Success rate on middle-8 rush plays.,rushing,HISTORICAL_GAME_OUTPUT_USE_VIA_PRIOR_GAME_AGGREGATION,HISTORICAL_AGGREGATE_ONLY,CANDIDATE_OR_DERIVED,REQUIRED,RECON_UNIFIED_TEMPORAL_FIELD_REGISTRY_v1.2,true,UNMEASURED_UNTIL_SOURCE_MATERIALIZATION,0,NO_DIRECT_SAMPLE_EVIDENCE_LINKED,NON_JOIN_OR_REVIEW,PIT_HISTORICAL_AGGREGATION_INPUT,true,true,PRIMARY,PUBLIC_REPOSITORY_UPSTREAM_TERMS_REVIEW,DERIVED_PUBLIC_REPO_REVIEW,W09 raw-field metadata only; no production feature adoption.
RF-000683,SRC-001,SportsDataverse,adv_situational,EPA_success_late_down,one row per team,integer,UNMATERIALIZED_OR_NOT_SCANNED,Count of successful late-down (3rd/4th) plays (EPA > 0).,advanced_efficiency_probability,HISTORICAL_GAME_OUTPUT_USE_VIA_PRIOR_GAME_AGGREGATION,HISTORICAL_AGGREGATE_ONLY,CANDIDATE_OR_DERIVED,REQUIRED,RECON_UNIFIED_TEMPORAL_FIELD_REGISTRY_v1.2,true,UNMEASURED_UNTIL_SOURCE_MATERIALIZATION,0,NO_DIRECT_SAMPLE_EVIDENCE_LINKED,NON_JOIN_OR_REVIEW,PIT_HISTORICAL_AGGREGATION_INPUT,true,true,PRIMARY,PUBLIC_REPOSITORY_UPSTREAM_TERMS_REVIEW,DERIVED_PUBLIC_REPO_REVIEW,W09 raw-field metadata only; no production feature adoption.
RF-000684,SRC-001,SportsDataverse,adv_situational,EPA_success_late_down_pass,one row per team,integer,UNMATERIALIZED_OR_NOT_SCANNED,Count of successful late-down pass plays (EPA > 0).,passing_receiving,HISTORICAL_GAME_OUTPUT_USE_VIA_PRIOR_GAME_AGGREGATION,HISTORICAL_AGGREGATE_ONLY,CANDIDATE_OR_DERIVED,REQUIRED,RECON_UNIFIED_TEMPORAL_FIELD_REGISTRY_v1.2,true,UNMEASURED_UNTIL_SOURCE_MATERIALIZATION,0,NO_DIRECT_SAMPLE_EVIDENCE_LINKED,NON_JOIN_OR_REVIEW,PIT_HISTORICAL_AGGREGATION_INPUT,true,true,PRIMARY,PUBLIC_REPOSITORY_UPSTREAM_TERMS_REVIEW,DERIVED_PUBLIC_REPO_REVIEW,W09 raw-field metadata only; no production feature adoption.
RF-000685,SRC-001,SportsDataverse,adv_situational,EPA_success_late_down_rush,one row per team,integer,UNMATERIALIZED_OR_NOT_SCANNED,Count of successful late-down rush plays (EPA > 0).,rushing,HISTORICAL_GAME_OUTPUT_USE_VIA_PRIOR_GAME_AGGREGATION,HISTORICAL_AGGREGATE_ONLY,CANDIDATE_OR_DERIVED,REQUIRED,RECON_UNIFIED_TEMPORAL_FIELD_REGISTRY_v1.2,true,UNMEASURED_UNTIL_SOURCE_MATERIALIZATION,0,NO_DIRECT_SAMPLE_EVIDENCE_LINKED,NON_JOIN_OR_REVIEW,PIT_HISTORICAL_AGGREGATION_INPUT,true,true,PRIMARY,PUBLIC_REPOSITORY_UPSTREAM_TERMS_REVIEW,DERIVED_PUBLIC_REPO_REVIEW,W09 raw-field metadata only; no production feature adoption.
RF-000686,SRC-001,SportsDataverse,adv_situational,late_downs,one row per team,integer,UNMATERIALIZED_OR_NOT_SCANNED,Number of late-down (3rd/4th) scrimmage plays.,situational_field_position,HISTORICAL_GAME_OUTPUT_USE_VIA_PRIOR_GAME_AGGREGATION,HISTORICAL_AGGREGATE_ONLY,CANDIDATE_OR_DERIVED,REQUIRED,RECON_UNIFIED_TEMPORAL_FIELD_REGISTRY_v1.2,true,UNMEASURED_UNTIL_SOURCE_MATERIALIZATION,0,NO_DIRECT_SAMPLE_EVIDENCE_LINKED,NON_JOIN_OR_REVIEW,PIT_HISTORICAL_AGGREGATION_INPUT,true,true,PRIMARY,PUBLIC_REPOSITORY_UPSTREAM_TERMS_REVIEW,DERIVED_PUBLIC_REPO_REVIEW,W09 raw-field metadata only; no production feature adoption.
RF-000687,SRC-001,SportsDataverse,adv_situational,late_down_pass,one row per team,integer,UNMATERIALIZED_OR_NOT_SCANNED,Number of late-down pass plays.,passing_receiving,HISTORICAL_GAME_OUTPUT_USE_VIA_PRIOR_GAME_AGGREGATION,HISTORICAL_AGGREGATE_ONLY,CANDIDATE_OR_DERIVED,REQUIRED,RECON_UNIFIED_TEMPORAL_FIELD_REGISTRY_v1.2,true,UNMEASURED_UNTIL_SOURCE_MATERIALIZATION,0,NO_DIRECT_SAMPLE_EVIDENCE_LINKED,NON_JOIN_OR_REVIEW,PIT_HISTORICAL_AGGREGATION_INPUT,true,true,PRIMARY,PUBLIC_REPOSITORY_UPSTREAM_TERMS_REVIEW,DERIVED_PUBLIC_REPO_REVIEW,W09 raw-field metadata only; no production feature adoption.
RF-000688,SRC-001,SportsDataverse,adv_situational,late_down_rush,one row per team,integer,UNMATERIALIZED_OR_NOT_SCANNED,Number of late-down rush plays.,rushing,HISTORICAL_GAME_OUTPUT_USE_VIA_PRIOR_GAME_AGGREGATION,HISTORICAL_AGGREGATE_ONLY,CANDIDATE_OR_DERIVED,REQUIRED,RECON_UNIFIED_TEMPORAL_FIELD_REGISTRY_v1.2,true,UNMEASURED_UNTIL_SOURCE_MATERIALIZATION,0,NO_DIRECT_SAMPLE_EVIDENCE_LINKED,NON_JOIN_OR_REVIEW,PIT_HISTORICAL_AGGREGATION_INPUT,true,true,PRIMARY,PUBLIC_REPOSITORY_UPSTREAM_TERMS_REVIEW,DERIVED_PUBLIC_REPO_REVIEW,W09 raw-field metadata only; no production feature adoption.
RF-000689,SRC-001,SportsDataverse,adv_situational,EPA_late_down,one row per team,double,UNMATERIALIZED_OR_NOT_SCANNED,Total EPA accumulated on late downs.,advanced_efficiency_probability,HISTORICAL_GAME_OUTPUT_USE_VIA_PRIOR_GAME_AGGREGATION,HISTORICAL_AGGREGATE_ONLY,CANDIDATE_OR_DERIVED,REQUIRED,RECON_UNIFIED_TEMPORAL_FIELD_REGISTRY_v1.2,true,UNMEASURED_UNTIL_SOURCE_MATERIALIZATION,0,NO_DIRECT_SAMPLE_EVIDENCE_LINKED,NON_JOIN_OR_REVIEW,PIT_HISTORICAL_AGGREGATION_INPUT,true,true,PRIMARY,PUBLIC_REPOSITORY_UPSTREAM_TERMS_REVIEW,DERIVED_PUBLIC_REPO_REVIEW,W09 raw-field metadata only; no production feature adoption.
RF-000690,SRC-001,SportsDataverse,adv_situational,EPA_late_down_per_play,one row per team,double,UNMATERIALIZED_OR_NOT_SCANNED,Mean EPA per late-down play.,advanced_efficiency_probability,HISTORICAL_GAME_OUTPUT_USE_VIA_PRIOR_GAME_AGGREGATION,HISTORICAL_AGGREGATE_ONLY,CANDIDATE_OR_DERIVED,REQUIRED,RECON_UNIFIED_TEMPORAL_FIELD_REGISTRY_v1.2,true,UNMEASURED_UNTIL_SOURCE_MATERIALIZATION,0,NO_DIRECT_SAMPLE_EVIDENCE_LINKED,NON_JOIN_OR_REVIEW,PIT_HISTORICAL_AGGREGATION_INPUT,true,true,PRIMARY,PUBLIC_REPOSITORY_UPSTREAM_TERMS_REVIEW,DERIVED_PUBLIC_REPO_REVIEW,W09 raw-field metadata only; no production feature adoption.
RF-000691,SRC-001,SportsDataverse,adv_situational,EPA_success_late_down_rate,one row per team,double,UNMATERIALIZED_OR_NOT_SCANNED,Late-down success rate (mean of the late-down success indicator).,advanced_efficiency_probability,HISTORICAL_GAME_OUTPUT_USE_VIA_PRIOR_GAME_AGGREGATION,HISTORICAL_AGGREGATE_ONLY,CANDIDATE_OR_DERIVED,REQUIRED,RECON_UNIFIED_TEMPORAL_FIELD_REGISTRY_v1.2,true,UNMEASURED_UNTIL_SOURCE_MATERIALIZATION,0,NO_DIRECT_SAMPLE_EVIDENCE_LINKED,NON_JOIN_OR_REVIEW,PIT_HISTORICAL_AGGREGATION_INPUT,true,true,PRIMARY,PUBLIC_REPOSITORY_UPSTREAM_TERMS_REVIEW,DERIVED_PUBLIC_REPO_REVIEW,W09 raw-field metadata only; no production feature adoption.
RF-000692,SRC-001,SportsDataverse,adv_situational,EPA_success_late_down_pass_rate,one row per team,double,UNMATERIALIZED_OR_NOT_SCANNED,Late-down pass success rate.,passing_receiving,HISTORICAL_GAME_OUTPUT_USE_VIA_PRIOR_GAME_AGGREGATION,HISTORICAL_AGGREGATE_ONLY,CANDIDATE_OR_DERIVED,REQUIRED,RECON_UNIFIED_TEMPORAL_FIELD_REGISTRY_v1.2,true,UNMEASURED_UNTIL_SOURCE_MATERIALIZATION,0,NO_DIRECT_SAMPLE_EVIDENCE_LINKED,NON_JOIN_OR_REVIEW,PIT_HISTORICAL_AGGREGATION_INPUT,true,true,PRIMARY,PUBLIC_REPOSITORY_UPSTREAM_TERMS_REVIEW,DERIVED_PUBLIC_REPO_REVIEW,W09 raw-field metadata only; no production feature adoption.
RF-000693,SRC-001,SportsDataverse,adv_situational,EPA_success_late_down_rush_rate,one row per team,double,UNMATERIALIZED_OR_NOT_SCANNED,Late-down rush success rate.,rushing,HISTORICAL_GAME_OUTPUT_USE_VIA_PRIOR_GAME_AGGREGATION,HISTORICAL_AGGREGATE_ONLY,CANDIDATE_OR_DERIVED,REQUIRED,RECON_UNIFIED_TEMPORAL_FIELD_REGISTRY_v1.2,true,UNMEASURED_UNTIL_SOURCE_MATERIALIZATION,0,NO_DIRECT_SAMPLE_EVIDENCE_LINKED,NON_JOIN_OR_REVIEW,PIT_HISTORICAL_AGGREGATION_INPUT,true,true,PRIMARY,PUBLIC_REPOSITORY_UPSTREAM_TERMS_REVIEW,DERIVED_PUBLIC_REPO_REVIEW,W09 raw-field metadata only; no production feature adoption.
RF-000694,SRC-001,SportsDataverse,adv_situational,late_down_pass_rate,one row per team,double,UNMATERIALIZED_OR_NOT_SCANNED,Pass share on late downs.,passing_receiving,HISTORICAL_GAME_OUTPUT_USE_VIA_PRIOR_GAME_AGGREGATION,HISTORICAL_AGGREGATE_ONLY,CANDIDATE_OR_DERIVED,REQUIRED,RECON_UNIFIED_TEMPORAL_FIELD_REGISTRY_v1.2,true,UNMEASURED_UNTIL_SOURCE_MATERIALIZATION,0,NO_DIRECT_SAMPLE_EVIDENCE_LINKED,NON_JOIN_OR_REVIEW,PIT_HISTORICAL_AGGREGATION_INPUT,true,true,PRIMARY,PUBLIC_REPOSITORY_UPSTREAM_TERMS_REVIEW,DERIVED_PUBLIC_REPO_REVIEW,W09 raw-field metadata only; no production feature adoption.
RF-000695,SRC-001,SportsDataverse,adv_situational,late_down_rush_rate,one row per team,double,UNMATERIALIZED_OR_NOT_SCANNED,Rush share on late downs.,rushing,HISTORICAL_GAME_OUTPUT_USE_VIA_PRIOR_GAME_AGGREGATION,HISTORICAL_AGGREGATE_ONLY,CANDIDATE_OR_DERIVED,REQUIRED,RECON_UNIFIED_TEMPORAL_FIELD_REGISTRY_v1.2,true,UNMEASURED_UNTIL_SOURCE_MATERIALIZATION,0,NO_DIRECT_SAMPLE_EVIDENCE_LINKED,NON_JOIN_OR_REVIEW,PIT_HISTORICAL_AGGREGATION_INPUT,true,true,PRIMARY,PUBLIC_REPOSITORY_UPSTREAM_TERMS_REVIEW,DERIVED_PUBLIC_REPO_REVIEW,W09 raw-field metadata only; no production feature adoption.
RF-000696,SRC-001,SportsDataverse,adv_situational,EPA_success_standard_down,one row per team,integer,UNMATERIALIZED_OR_NOT_SCANNED,Count of successful standard-down plays (EPA > 0).,advanced_efficiency_probability,HISTORICAL_GAME_OUTPUT_USE_VIA_PRIOR_GAME_AGGREGATION,HISTORICAL_AGGREGATE_ONLY,CANDIDATE_OR_DERIVED,REQUIRED,RECON_UNIFIED_TEMPORAL_FIELD_REGISTRY_v1.2,true,UNMEASURED_UNTIL_SOURCE_MATERIALIZATION,0,NO_DIRECT_SAMPLE_EVIDENCE_LINKED,NON_JOIN_OR_REVIEW,PIT_HISTORICAL_AGGREGATION_INPUT,true,true,PRIMARY,PUBLIC_REPOSITORY_UPSTREAM_TERMS_REVIEW,DERIVED_PUBLIC_REPO_REVIEW,W09 raw-field metadata only; no production feature adoption.
RF-000697,SRC-001,SportsDataverse,adv_situational,EPA_success_standard_down_rate,one row per team,double,UNMATERIALIZED_OR_NOT_SCANNED,Standard-down success rate.,advanced_efficiency_probability,HISTORICAL_GAME_OUTPUT_USE_VIA_PRIOR_GAME_AGGREGATION,HISTORICAL_AGGREGATE_ONLY,CANDIDATE_OR_DERIVED,REQUIRED,RECON_UNIFIED_TEMPORAL_FIELD_REGISTRY_v1.2,true,UNMEASURED_UNTIL_SOURCE_MATERIALIZATION,0,NO_DIRECT_SAMPLE_EVIDENCE_LINKED,NON_JOIN_OR_REVIEW,PIT_HISTORICAL_AGGREGATION_INPUT,true,true,PRIMARY,PUBLIC_REPOSITORY_UPSTREAM_TERMS_REVIEW,DERIVED_PUBLIC_REPO_REVIEW,W09 raw-field metadata only; no production feature adoption.
RF-000698,SRC-001,SportsDataverse,adv_situational,EPA_standard_down,one row per team,double,UNMATERIALIZED_OR_NOT_SCANNED,Total EPA accumulated on standard downs.,advanced_efficiency_probability,HISTORICAL_GAME_OUTPUT_USE_VIA_PRIOR_GAME_AGGREGATION,HISTORICAL_AGGREGATE_ONLY,CANDIDATE_OR_DERIVED,REQUIRED,RECON_UNIFIED_TEMPORAL_FIELD_REGISTRY_v1.2,true,UNMEASURED_UNTIL_SOURCE_MATERIALIZATION,0,NO_DIRECT_SAMPLE_EVIDENCE_LINKED,NON_JOIN_OR_REVIEW,PIT_HISTORICAL_AGGREGATION_INPUT,true,true,PRIMARY,PUBLIC_REPOSITORY_UPSTREAM_TERMS_REVIEW,DERIVED_PUBLIC_REPO_REVIEW,W09 raw-field metadata only; no production feature adoption.
RF-000699,SRC-001,SportsDataverse,adv_situational,EPA_standard_down_per_play,one row per team,double,UNMATERIALIZED_OR_NOT_SCANNED,Mean EPA per standard-down play.,advanced_efficiency_probability,HISTORICAL_GAME_OUTPUT_USE_VIA_PRIOR_GAME_AGGREGATION,HISTORICAL_AGGREGATE_ONLY,CANDIDATE_OR_DERIVED,REQUIRED,RECON_UNIFIED_TEMPORAL_FIELD_REGISTRY_v1.2,true,UNMEASURED_UNTIL_SOURCE_MATERIALIZATION,0,NO_DIRECT_SAMPLE_EVIDENCE_LINKED,NON_JOIN_OR_REVIEW,PIT_HISTORICAL_AGGREGATION_INPUT,true,true,PRIMARY,PUBLIC_REPOSITORY_UPSTREAM_TERMS_REVIEW,DERIVED_PUBLIC_REPO_REVIEW,W09 raw-field metadata only; no production feature adoption.
RF-000700,SRC-001,SportsDataverse,adv_situational,standard_downs,one row per team,integer,UNMATERIALIZED_OR_NOT_SCANNED,Number of standard-down scrimmage plays (down/distance situations favoring the offense).,situational_field_position,HISTORICAL_GAME_OUTPUT_USE_VIA_PRIOR_GAME_AGGREGATION,HISTORICAL_AGGREGATE_ONLY,CANDIDATE_OR_DERIVED,REQUIRED,RECON_UNIFIED_TEMPORAL_FIELD_REGISTRY_v1.2,true,UNMEASURED_UNTIL_SOURCE_MATERIALIZATION,0,NO_DIRECT_SAMPLE_EVIDENCE_LINKED,NON_JOIN_OR_REVIEW,PIT_HISTORICAL_AGGREGATION_INPUT,true,true,PRIMARY,PUBLIC_REPOSITORY_UPSTREAM_TERMS_REVIEW,DERIVED_PUBLIC_REPO_REVIEW,W09 raw-field metadata only; no production feature adoption.
RF-000701,SRC-001,SportsDataverse,adv_situational,EPA_success_passing_down,one row per team,integer,UNMATERIALIZED_OR_NOT_SCANNED,Count of successful passing-down plays (EPA > 0).,passing_receiving,HISTORICAL_GAME_OUTPUT_USE_VIA_PRIOR_GAME_AGGREGATION,HISTORICAL_AGGREGATE_ONLY,CANDIDATE_OR_DERIVED,REQUIRED,RECON_UNIFIED_TEMPORAL_FIELD_REGISTRY_v1.2,true,UNMEASURED_UNTIL_SOURCE_MATERIALIZATION,0,NO_DIRECT_SAMPLE_EVIDENCE_LINKED,NON_JOIN_OR_REVIEW,PIT_HISTORICAL_AGGREGATION_INPUT,true,true,PRIMARY,PUBLIC_REPOSITORY_UPSTREAM_TERMS_REVIEW,DERIVED_PUBLIC_REPO_REVIEW,W09 raw-field metadata only; no production feature adoption.
RF-000702,SRC-001,SportsDataverse,adv_situational,EPA_success_passing_down_rate,one row per team,double,UNMATERIALIZED_OR_NOT_SCANNED,Passing-down success rate.,passing_receiving,HISTORICAL_GAME_OUTPUT_USE_VIA_PRIOR_GAME_AGGREGATION,HISTORICAL_AGGREGATE_ONLY,CANDIDATE_OR_DERIVED,REQUIRED,RECON_UNIFIED_TEMPORAL_FIELD_REGISTRY_v1.2,true,UNMEASURED_UNTIL_SOURCE_MATERIALIZATION,0,NO_DIRECT_SAMPLE_EVIDENCE_LINKED,NON_JOIN_OR_REVIEW,PIT_HISTORICAL_AGGREGATION_INPUT,true,true,PRIMARY,PUBLIC_REPOSITORY_UPSTREAM_TERMS_REVIEW,DERIVED_PUBLIC_REPO_REVIEW,W09 raw-field metadata only; no production feature adoption.
RF-000703,SRC-001,SportsDataverse,adv_situational,EPA_passing_down,one row per team,double,UNMATERIALIZED_OR_NOT_SCANNED,Total EPA accumulated on passing downs.,passing_receiving,HISTORICAL_GAME_OUTPUT_USE_VIA_PRIOR_GAME_AGGREGATION,HISTORICAL_AGGREGATE_ONLY,CANDIDATE_OR_DERIVED,REQUIRED,RECON_UNIFIED_TEMPORAL_FIELD_REGISTRY_v1.2,true,UNMEASURED_UNTIL_SOURCE_MATERIALIZATION,0,NO_DIRECT_SAMPLE_EVIDENCE_LINKED,NON_JOIN_OR_REVIEW,PIT_HISTORICAL_AGGREGATION_INPUT,true,true,PRIMARY,PUBLIC_REPOSITORY_UPSTREAM_TERMS_REVIEW,DERIVED_PUBLIC_REPO_REVIEW,W09 raw-field metadata only; no production feature adoption.
RF-000704,SRC-001,SportsDataverse,adv_situational,EPA_passing_down_per_play,one row per team,double,UNMATERIALIZED_OR_NOT_SCANNED,Mean EPA per passing-down play.,passing_receiving,HISTORICAL_GAME_OUTPUT_USE_VIA_PRIOR_GAME_AGGREGATION,HISTORICAL_AGGREGATE_ONLY,CANDIDATE_OR_DERIVED,REQUIRED,RECON_UNIFIED_TEMPORAL_FIELD_REGISTRY_v1.2,true,UNMEASURED_UNTIL_SOURCE_MATERIALIZATION,0,NO_DIRECT_SAMPLE_EVIDENCE_LINKED,NON_JOIN_OR_REVIEW,PIT_HISTORICAL_AGGREGATION_INPUT,true,true,PRIMARY,PUBLIC_REPOSITORY_UPSTREAM_TERMS_REVIEW,DERIVED_PUBLIC_REPO_REVIEW,W09 raw-field metadata only; no production feature adoption.
RF-000705,SRC-001,SportsDataverse,adv_situational,passing_downs,one row per team,integer,UNMATERIALIZED_OR_NOT_SCANNED,Number of passing-down scrimmage plays (obvious passing down/distance situations).,passing_receiving,HISTORICAL_GAME_OUTPUT_USE_VIA_PRIOR_GAME_AGGREGATION,HISTORICAL_AGGREGATE_ONLY,CANDIDATE_OR_DERIVED,REQUIRED,RECON_UNIFIED_TEMPORAL_FIELD_REGISTRY_v1.2,true,UNMEASURED_UNTIL_SOURCE_MATERIALIZATION,0,NO_DIRECT_SAMPLE_EVIDENCE_LINKED,NON_JOIN_OR_REVIEW,PIT_HISTORICAL_AGGREGATION_INPUT,true,true,PRIMARY,PUBLIC_REPOSITORY_UPSTREAM_TERMS_REVIEW,DERIVED_PUBLIC_REPO_REVIEW,W09 raw-field metadata only; no production feature adoption.
RF-000706,SRC-001,SportsDataverse,play_participants,game_id,"one row per (play, athlete, role)",integer,UNMATERIALIZED_OR_NOT_SCANNED,"ESPN game/event identifier, present on every participant row.",play_participation,HISTORICAL_GAME_OUTPUT_USE_VIA_PRIOR_GAME_AGGREGATION,HISTORICAL_AGGREGATE_ONLY,CANDIDATE_OR_DERIVED,REQUIRED,RECON_UNIFIED_TEMPORAL_FIELD_REGISTRY_v1.2,true,UNMEASURED_UNTIL_SOURCE_MATERIALIZATION,8,NAME_MATCH_ONLY_NOT_POPULATION_EVIDENCE,NON_JOIN_OR_REVIEW,PIT_HISTORICAL_AGGREGATION_INPUT,true,true,PRIMARY,PUBLIC_REPOSITORY_UPSTREAM_TERMS_REVIEW,DERIVED_PUBLIC_REPO_REVIEW,W09 raw-field metadata only; no production feature adoption.
RF-000707,SRC-001,SportsDataverse,play_participants,season,"one row per (play, athlete, role)",integer,UNMATERIALIZED_OR_NOT_SCANNED,"Season (year), stamped from the top-level JSON during the season-bind reshape.",play_participation,HISTORICAL_GAME_OUTPUT_USE_VIA_PRIOR_GAME_AGGREGATION,HISTORICAL_AGGREGATE_ONLY,CANDIDATE_OR_DERIVED,REQUIRED,RECON_UNIFIED_TEMPORAL_FIELD_REGISTRY_v1.2,true,UNMEASURED_UNTIL_SOURCE_MATERIALIZATION,10,NAME_MATCH_ONLY_NOT_POPULATION_EVIDENCE,NON_JOIN_OR_REVIEW,PIT_HISTORICAL_AGGREGATION_INPUT,true,true,PRIMARY,PUBLIC_REPOSITORY_UPSTREAM_TERMS_REVIEW,DERIVED_PUBLIC_REPO_REVIEW,W09 raw-field metadata only; no production feature adoption.
RF-000708,SRC-001,SportsDataverse,play_participants,week,"one row per (play, athlete, role)",integer,UNMATERIALIZED_OR_NOT_SCANNED,"Week number, stamped from the top-level JSON during the season-bind reshape.",play_participation,HISTORICAL_GAME_OUTPUT_USE_VIA_PRIOR_GAME_AGGREGATION,HISTORICAL_AGGREGATE_ONLY,CANDIDATE_OR_DERIVED,REQUIRED,RECON_UNIFIED_TEMPORAL_FIELD_REGISTRY_v1.2,true,UNMEASURED_UNTIL_SOURCE_MATERIALIZATION,5,NAME_MATCH_ONLY_NOT_POPULATION_EVIDENCE,NON_JOIN_OR_REVIEW,PIT_HISTORICAL_AGGREGATION_INPUT,true,true,PRIMARY,PUBLIC_REPOSITORY_UPSTREAM_TERMS_REVIEW,DERIVED_PUBLIC_REPO_REVIEW,W09 raw-field metadata only; no production feature adoption.
RF-000709,SRC-001,SportsDataverse,play_participants,play_id,"one row per (play, athlete, role)",double,UNMATERIALIZED_OR_NOT_SCANNED,"ESPN play identifier (18-digit; joins to plays.id). Exceeds R 32-bit integer max, so lands as double.",play_participation,HISTORICAL_GAME_OUTPUT_USE_VIA_PRIOR_GAME_AGGREGATION,HISTORICAL_AGGREGATE_ONLY,CANDIDATE_OR_DERIVED,REQUIRED,RECON_UNIFIED_TEMPORAL_FIELD_REGISTRY_v1.2,true,UNMEASURED_UNTIL_SOURCE_MATERIALIZATION,0,NO_DIRECT_SAMPLE_EVIDENCE_LINKED,NON_JOIN_OR_REVIEW,PIT_HISTORICAL_AGGREGATION_INPUT,true,true,PRIMARY,PUBLIC_REPOSITORY_UPSTREAM_TERMS_REVIEW,DERIVED_PUBLIC_REPO_REVIEW,W09 raw-field metadata only; no production feature adoption.
RF-000710,SRC-001,SportsDataverse,play_participants,passer_player_id,"one row per (play, athlete, role)",character,UNMATERIALIZED_OR_NOT_SCANNED,Athlete id of the first passer on the play; NA if no passer.,play_participation,HISTORICAL_GAME_OUTPUT_USE_VIA_PRIOR_GAME_AGGREGATION,HISTORICAL_AGGREGATE_ONLY,CANDIDATE_OR_DERIVED,REQUIRED,RECON_UNIFIED_TEMPORAL_FIELD_REGISTRY_v1.2,true,UNMEASURED_UNTIL_SOURCE_MATERIALIZATION,0,NO_DIRECT_SAMPLE_EVIDENCE_LINKED,NON_JOIN_OR_REVIEW,PIT_HISTORICAL_AGGREGATION_INPUT,true,true,PRIMARY,PUBLIC_REPOSITORY_UPSTREAM_TERMS_REVIEW,DERIVED_PUBLIC_REPO_REVIEW,W09 raw-field metadata only; no production feature adoption.
RF-000711,SRC-001,SportsDataverse,play_participants,passer_player_name,"one row per (play, athlete, role)",character,UNMATERIALIZED_OR_NOT_SCANNED,Display name of the first passer on the play; NA if no passer/unresolved.,play_participation,HISTORICAL_GAME_OUTPUT_USE_VIA_PRIOR_GAME_AGGREGATION,HISTORICAL_AGGREGATE_ONLY,CANDIDATE_OR_DERIVED,REQUIRED,RECON_UNIFIED_TEMPORAL_FIELD_REGISTRY_v1.2,true,UNMEASURED_UNTIL_SOURCE_MATERIALIZATION,0,NO_DIRECT_SAMPLE_EVIDENCE_LINKED,NON_JOIN_OR_REVIEW,PIT_HISTORICAL_AGGREGATION_INPUT,true,true,PRIMARY,PUBLIC_REPOSITORY_UPSTREAM_TERMS_REVIEW,DERIVED_PUBLIC_REPO_REVIEW,W09 raw-field metadata only; no production feature adoption.
RF-000712,SRC-001,SportsDataverse,play_participants,passer_player_ids,"one row per (play, athlete, role)",character,UNMATERIALIZED_OR_NOT_SCANNED,"Stringified list of every passer athlete id on the play (e.g. ""['123']"", ""[]""); serialized numpy-repr string in this JSON.",play_participation,HISTORICAL_GAME_OUTPUT_USE_VIA_PRIOR_GAME_AGGREGATION,HISTORICAL_AGGREGATE_ONLY,CANDIDATE_OR_DERIVED,REQUIRED,RECON_UNIFIED_TEMPORAL_FIELD_REGISTRY_v1.2,true,UNMEASURED_UNTIL_SOURCE_MATERIALIZATION,0,NO_DIRECT_SAMPLE_EVIDENCE_LINKED,NON_JOIN_OR_REVIEW,PIT_HISTORICAL_AGGREGATION_INPUT,true,true,PRIMARY,PUBLIC_REPOSITORY_UPSTREAM_TERMS_REVIEW,DERIVED_PUBLIC_REPO_REVIEW,W09 raw-field metadata only; no production feature adoption.
RF-000713,SRC-001,SportsDataverse,play_participants,passer_player_names,"one row per (play, athlete, role)",character,UNMATERIALIZED_OR_NOT_SCANNED,Stringified list of every passer display name on the play; serialized numpy-repr string.,play_participation,HISTORICAL_GAME_OUTPUT_USE_VIA_PRIOR_GAME_AGGREGATION,HISTORICAL_AGGREGATE_ONLY,CANDIDATE_OR_DERIVED,REQUIRED,RECON_UNIFIED_TEMPORAL_FIELD_REGISTRY_v1.2,true,UNMEASURED_UNTIL_SOURCE_MATERIALIZATION,0,NO_DIRECT_SAMPLE_EVIDENCE_LINKED,NON_JOIN_OR_REVIEW,PIT_HISTORICAL_AGGREGATION_INPUT,true,true,PRIMARY,PUBLIC_REPOSITORY_UPSTREAM_TERMS_REVIEW,DERIVED_PUBLIC_REPO_REVIEW,W09 raw-field metadata only; no production feature adoption.
RF-000714,SRC-001,SportsDataverse,play_participants,rusher_player_id,"one row per (play, athlete, role)",character,UNMATERIALIZED_OR_NOT_SCANNED,Athlete id of the first rusher on the play; NA if none.,play_participation,HISTORICAL_GAME_OUTPUT_USE_VIA_PRIOR_GAME_AGGREGATION,HISTORICAL_AGGREGATE_ONLY,CANDIDATE_OR_DERIVED,REQUIRED,RECON_UNIFIED_TEMPORAL_FIELD_REGISTRY_v1.2,true,UNMEASURED_UNTIL_SOURCE_MATERIALIZATION,0,NO_DIRECT_SAMPLE_EVIDENCE_LINKED,NON_JOIN_OR_REVIEW,PIT_HISTORICAL_AGGREGATION_INPUT,true,true,PRIMARY,PUBLIC_REPOSITORY_UPSTREAM_TERMS_REVIEW,DERIVED_PUBLIC_REPO_REVIEW,W09 raw-field metadata only; no production feature adoption.
RF-000715,SRC-001,SportsDataverse,play_participants,rusher_player_name,"one row per (play, athlete, role)",character,UNMATERIALIZED_OR_NOT_SCANNED,Display name of the first rusher; NA if none/unresolved.,play_participation,HISTORICAL_GAME_OUTPUT_USE_VIA_PRIOR_GAME_AGGREGATION,HISTORICAL_AGGREGATE_ONLY,CANDIDATE_OR_DERIVED,REQUIRED,RECON_UNIFIED_TEMPORAL_FIELD_REGISTRY_v1.2,true,UNMEASURED_UNTIL_SOURCE_MATERIALIZATION,1,NAME_MATCH_ONLY_NOT_POPULATION_EVIDENCE,NON_JOIN_OR_REVIEW,PIT_HISTORICAL_AGGREGATION_INPUT,true,true,PRIMARY,PUBLIC_REPOSITORY_UPSTREAM_TERMS_REVIEW,DERIVED_PUBLIC_REPO_REVIEW,W09 raw-field metadata only; no production feature adoption.
RF-000716,SRC-001,SportsDataverse,play_participants,rusher_player_ids,"one row per (play, athlete, role)",character,UNMATERIALIZED_OR_NOT_SCANNED,Stringified list of every rusher athlete id on the play.,play_participation,HISTORICAL_GAME_OUTPUT_USE_VIA_PRIOR_GAME_AGGREGATION,HISTORICAL_AGGREGATE_ONLY,CANDIDATE_OR_DERIVED,REQUIRED,RECON_UNIFIED_TEMPORAL_FIELD_REGISTRY_v1.2,true,UNMEASURED_UNTIL_SOURCE_MATERIALIZATION,0,NO_DIRECT_SAMPLE_EVIDENCE_LINKED,NON_JOIN_OR_REVIEW,PIT_HISTORICAL_AGGREGATION_INPUT,true,true,PRIMARY,PUBLIC_REPOSITORY_UPSTREAM_TERMS_REVIEW,DERIVED_PUBLIC_REPO_REVIEW,W09 raw-field metadata only; no production feature adoption.
RF-000717,SRC-001,SportsDataverse,play_participants,rusher_player_names,"one row per (play, athlete, role)",character,UNMATERIALIZED_OR_NOT_SCANNED,Stringified list of every rusher display name on the play.,play_participation,HISTORICAL_GAME_OUTPUT_USE_VIA_PRIOR_GAME_AGGREGATION,HISTORICAL_AGGREGATE_ONLY,CANDIDATE_OR_DERIVED,REQUIRED,RECON_UNIFIED_TEMPORAL_FIELD_REGISTRY_v1.2,true,UNMEASURED_UNTIL_SOURCE_MATERIALIZATION,0,NO_DIRECT_SAMPLE_EVIDENCE_LINKED,NON_JOIN_OR_REVIEW,PIT_HISTORICAL_AGGREGATION_INPUT,true,true,PRIMARY,PUBLIC_REPOSITORY_UPSTREAM_TERMS_REVIEW,DERIVED_PUBLIC_REPO_REVIEW,W09 raw-field metadata only; no production feature adoption.
RF-000718,SRC-001,SportsDataverse,play_participants,receiver_player_id,"one row per (play, athlete, role)",character,UNMATERIALIZED_OR_NOT_SCANNED,Athlete id of the first receiver/target on the play; NA if none.,play_participation,HISTORICAL_GAME_OUTPUT_USE_VIA_PRIOR_GAME_AGGREGATION,HISTORICAL_AGGREGATE_ONLY,CANDIDATE_OR_DERIVED,REQUIRED,RECON_UNIFIED_TEMPORAL_FIELD_REGISTRY_v1.2,true,UNMEASURED_UNTIL_SOURCE_MATERIALIZATION,0,NO_DIRECT_SAMPLE_EVIDENCE_LINKED,NON_JOIN_OR_REVIEW,PIT_HISTORICAL_AGGREGATION_INPUT,true,true,PRIMARY,PUBLIC_REPOSITORY_UPSTREAM_TERMS_REVIEW,DERIVED_PUBLIC_REPO_REVIEW,W09 raw-field metadata only; no production feature adoption.
RF-000719,SRC-001,SportsDataverse,play_participants,receiver_player_name,"one row per (play, athlete, role)",character,UNMATERIALIZED_OR_NOT_SCANNED,Display name of the first receiver; NA if none/unresolved.,play_participation,HISTORICAL_GAME_OUTPUT_USE_VIA_PRIOR_GAME_AGGREGATION,HISTORICAL_AGGREGATE_ONLY,CANDIDATE_OR_DERIVED,REQUIRED,RECON_UNIFIED_TEMPORAL_FIELD_REGISTRY_v1.2,true,UNMEASURED_UNTIL_SOURCE_MATERIALIZATION,0,NO_DIRECT_SAMPLE_EVIDENCE_LINKED,NON_JOIN_OR_REVIEW,PIT_HISTORICAL_AGGREGATION_INPUT,true,true,PRIMARY,PUBLIC_REPOSITORY_UPSTREAM_TERMS_REVIEW,DERIVED_PUBLIC_REPO_REVIEW,W09 raw-field metadata only; no production feature adoption.
RF-000720,SRC-001,SportsDataverse,play_participants,receiver_player_ids,"one row per (play, athlete, role)",character,UNMATERIALIZED_OR_NOT_SCANNED,Stringified list of every receiver athlete id on the play.,play_participation,HISTORICAL_GAME_OUTPUT_USE_VIA_PRIOR_GAME_AGGREGATION,HISTORICAL_AGGREGATE_ONLY,CANDIDATE_OR_DERIVED,REQUIRED,RECON_UNIFIED_TEMPORAL_FIELD_REGISTRY_v1.2,true,UNMEASURED_UNTIL_SOURCE_MATERIALIZATION,0,NO_DIRECT_SAMPLE_EVIDENCE_LINKED,NON_JOIN_OR_REVIEW,PIT_HISTORICAL_AGGREGATION_INPUT,true,true,PRIMARY,PUBLIC_REPOSITORY_UPSTREAM_TERMS_REVIEW,DERIVED_PUBLIC_REPO_REVIEW,W09 raw-field metadata only; no production feature adoption.
RF-000721,SRC-001,SportsDataverse,play_participants,receiver_player_names,"one row per (play, athlete, role)",character,UNMATERIALIZED_OR_NOT_SCANNED,Stringified list of every receiver display name on the play.,play_participation,HISTORICAL_GAME_OUTPUT_USE_VIA_PRIOR_GAME_AGGREGATION,HISTORICAL_AGGREGATE_ONLY,CANDIDATE_OR_DERIVED,REQUIRED,RECON_UNIFIED_TEMPORAL_FIELD_REGISTRY_v1.2,true,UNMEASURED_UNTIL_SOURCE_MATERIALIZATION,0,NO_DIRECT_SAMPLE_EVIDENCE_LINKED,NON_JOIN_OR_REVIEW,PIT_HISTORICAL_AGGREGATION_INPUT,true,true,PRIMARY,PUBLIC_REPOSITORY_UPSTREAM_TERMS_REVIEW,DERIVED_PUBLIC_REPO_REVIEW,W09 raw-field metadata only; no production feature adoption.
RF-000722,SRC-001,SportsDataverse,play_participants,tackler_player_id,"one row per (play, athlete, role)",character,UNMATERIALIZED_OR_NOT_SCANNED,Athlete id of the first tackler on the play; NA if none.,play_participation,HISTORICAL_GAME_OUTPUT_USE_VIA_PRIOR_GAME_AGGREGATION,HISTORICAL_AGGREGATE_ONLY,CANDIDATE_OR_DERIVED,REQUIRED,RECON_UNIFIED_TEMPORAL_FIELD_REGISTRY_v1.2,true,UNMEASURED_UNTIL_SOURCE_MATERIALIZATION,0,NO_DIRECT_SAMPLE_EVIDENCE_LINKED,NON_JOIN_OR_REVIEW,PIT_HISTORICAL_AGGREGATION_INPUT,true,true,PRIMARY,PUBLIC_REPOSITORY_UPSTREAM_TERMS_REVIEW,DERIVED_PUBLIC_REPO_REVIEW,W09 raw-field metadata only; no production feature adoption.
RF-000723,SRC-001,SportsDataverse,play_participants,tackler_player_name,"one row per (play, athlete, role)",character,UNMATERIALIZED_OR_NOT_SCANNED,Display name of the first tackler; NA if none/unresolved.,play_participation,HISTORICAL_GAME_OUTPUT_USE_VIA_PRIOR_GAME_AGGREGATION,HISTORICAL_AGGREGATE_ONLY,CANDIDATE_OR_DERIVED,REQUIRED,RECON_UNIFIED_TEMPORAL_FIELD_REGISTRY_v1.2,true,UNMEASURED_UNTIL_SOURCE_MATERIALIZATION,0,NO_DIRECT_SAMPLE_EVIDENCE_LINKED,NON_JOIN_OR_REVIEW,PIT_HISTORICAL_AGGREGATION_INPUT,true,true,PRIMARY,PUBLIC_REPOSITORY_UPSTREAM_TERMS_REVIEW,DERIVED_PUBLIC_REPO_REVIEW,W09 raw-field metadata only; no production feature adoption.
RF-000724,SRC-001,SportsDataverse,play_participants,tackler_player_ids,"one row per (play, athlete, role)",character,UNMATERIALIZED_OR_NOT_SCANNED,Stringified list of every tackler athlete id (preserves multi-tackler plays).,play_participation,HISTORICAL_GAME_OUTPUT_USE_VIA_PRIOR_GAME_AGGREGATION,HISTORICAL_AGGREGATE_ONLY,CANDIDATE_OR_DERIVED,REQUIRED,RECON_UNIFIED_TEMPORAL_FIELD_REGISTRY_v1.2,true,UNMEASURED_UNTIL_SOURCE_MATERIALIZATION,0,NO_DIRECT_SAMPLE_EVIDENCE_LINKED,NON_JOIN_OR_REVIEW,PIT_HISTORICAL_AGGREGATION_INPUT,true,true,PRIMARY,PUBLIC_REPOSITORY_UPSTREAM_TERMS_REVIEW,DERIVED_PUBLIC_REPO_REVIEW,W09 raw-field metadata only; no production feature adoption.
RF-000725,SRC-001,SportsDataverse,play_participants,tackler_player_names,"one row per (play, athlete, role)",character,UNMATERIALIZED_OR_NOT_SCANNED,Stringified list of every tackler display name on the play.,play_participation,HISTORICAL_GAME_OUTPUT_USE_VIA_PRIOR_GAME_AGGREGATION,HISTORICAL_AGGREGATE_ONLY,CANDIDATE_OR_DERIVED,REQUIRED,RECON_UNIFIED_TEMPORAL_FIELD_REGISTRY_v1.2,true,UNMEASURED_UNTIL_SOURCE_MATERIALIZATION,0,NO_DIRECT_SAMPLE_EVIDENCE_LINKED,NON_JOIN_OR_REVIEW,PIT_HISTORICAL_AGGREGATION_INPUT,true,true,PRIMARY,PUBLIC_REPOSITORY_UPSTREAM_TERMS_REVIEW,DERIVED_PUBLIC_REPO_REVIEW,W09 raw-field metadata only; no production feature adoption.
RF-000726,SRC-001,SportsDataverse,play_participants,sacked_by_player_id,"one row per (play, athlete, role)",character,UNMATERIALIZED_OR_NOT_SCANNED,Athlete id of the first sacker on the play; NA if none.,play_participation,HISTORICAL_GAME_OUTPUT_USE_VIA_PRIOR_GAME_AGGREGATION,HISTORICAL_AGGREGATE_ONLY,CANDIDATE_OR_DERIVED,REQUIRED,RECON_UNIFIED_TEMPORAL_FIELD_REGISTRY_v1.2,true,UNMEASURED_UNTIL_SOURCE_MATERIALIZATION,0,NO_DIRECT_SAMPLE_EVIDENCE_LINKED,NON_JOIN_OR_REVIEW,PIT_HISTORICAL_AGGREGATION_INPUT,true,true,PRIMARY,PUBLIC_REPOSITORY_UPSTREAM_TERMS_REVIEW,DERIVED_PUBLIC_REPO_REVIEW,W09 raw-field metadata only; no production feature adoption.
RF-000727,SRC-001,SportsDataverse,play_participants,sacked_by_player_name,"one row per (play, athlete, role)",character,UNMATERIALIZED_OR_NOT_SCANNED,Display name of the first sacker; NA if none/unresolved.,play_participation,HISTORICAL_GAME_OUTPUT_USE_VIA_PRIOR_GAME_AGGREGATION,HISTORICAL_AGGREGATE_ONLY,CANDIDATE_OR_DERIVED,REQUIRED,RECON_UNIFIED_TEMPORAL_FIELD_REGISTRY_v1.2,true,UNMEASURED_UNTIL_SOURCE_MATERIALIZATION,0,NO_DIRECT_SAMPLE_EVIDENCE_LINKED,NON_JOIN_OR_REVIEW,PIT_HISTORICAL_AGGREGATION_INPUT,true,true,PRIMARY,PUBLIC_REPOSITORY_UPSTREAM_TERMS_REVIEW,DERIVED_PUBLIC_REPO_REVIEW,W09 raw-field metadata only; no production feature adoption.
RF-000728,SRC-001,SportsDataverse,play_participants,sacked_by_player_ids,"one row per (play, athlete, role)",character,UNMATERIALIZED_OR_NOT_SCANNED,Stringified list of every sacker athlete id (preserves split sacks).,play_participation,HISTORICAL_GAME_OUTPUT_USE_VIA_PRIOR_GAME_AGGREGATION,HISTORICAL_AGGREGATE_ONLY,CANDIDATE_OR_DERIVED,REQUIRED,RECON_UNIFIED_TEMPORAL_FIELD_REGISTRY_v1.2,true,UNMEASURED_UNTIL_SOURCE_MATERIALIZATION,0,NO_DIRECT_SAMPLE_EVIDENCE_LINKED,NON_JOIN_OR_REVIEW,PIT_HISTORICAL_AGGREGATION_INPUT,true,true,PRIMARY,PUBLIC_REPOSITORY_UPSTREAM_TERMS_REVIEW,DERIVED_PUBLIC_REPO_REVIEW,W09 raw-field metadata only; no production feature adoption.
RF-000729,SRC-001,SportsDataverse,play_participants,sacked_by_player_names,"one row per (play, athlete, role)",character,UNMATERIALIZED_OR_NOT_SCANNED,Stringified list of every sacker display name on the play.,play_participation,HISTORICAL_GAME_OUTPUT_USE_VIA_PRIOR_GAME_AGGREGATION,HISTORICAL_AGGREGATE_ONLY,CANDIDATE_OR_DERIVED,REQUIRED,RECON_UNIFIED_TEMPORAL_FIELD_REGISTRY_v1.2,true,UNMEASURED_UNTIL_SOURCE_MATERIALIZATION,0,NO_DIRECT_SAMPLE_EVIDENCE_LINKED,NON_JOIN_OR_REVIEW,PIT_HISTORICAL_AGGREGATION_INPUT,true,true,PRIMARY,PUBLIC_REPOSITORY_UPSTREAM_TERMS_REVIEW,DERIVED_PUBLIC_REPO_REVIEW,W09 raw-field metadata only; no production feature adoption.
RF-000730,SRC-001,SportsDataverse,play_participants,pass_defender_player_id,"one row per (play, athlete, role)",character,UNMATERIALIZED_OR_NOT_SCANNED,Athlete id of the first pass defender (PD/breakup) on the play; NA if none.,play_participation,HISTORICAL_GAME_OUTPUT_USE_VIA_PRIOR_GAME_AGGREGATION,HISTORICAL_AGGREGATE_ONLY,CANDIDATE_OR_DERIVED,REQUIRED,RECON_UNIFIED_TEMPORAL_FIELD_REGISTRY_v1.2,true,UNMEASURED_UNTIL_SOURCE_MATERIALIZATION,0,NO_DIRECT_SAMPLE_EVIDENCE_LINKED,NON_JOIN_OR_REVIEW,PIT_HISTORICAL_AGGREGATION_INPUT,true,true,PRIMARY,PUBLIC_REPOSITORY_UPSTREAM_TERMS_REVIEW,DERIVED_PUBLIC_REPO_REVIEW,W09 raw-field metadata only; no production feature adoption.
RF-000731,SRC-001,SportsDataverse,play_participants,pass_defender_player_name,"one row per (play, athlete, role)",character,UNMATERIALIZED_OR_NOT_SCANNED,Display name of the first pass defender; NA if none/unresolved.,play_participation,HISTORICAL_GAME_OUTPUT_USE_VIA_PRIOR_GAME_AGGREGATION,HISTORICAL_AGGREGATE_ONLY,CANDIDATE_OR_DERIVED,REQUIRED,RECON_UNIFIED_TEMPORAL_FIELD_REGISTRY_v1.2,true,UNMEASURED_UNTIL_SOURCE_MATERIALIZATION,0,NO_DIRECT_SAMPLE_EVIDENCE_LINKED,NON_JOIN_OR_REVIEW,PIT_HISTORICAL_AGGREGATION_INPUT,true,true,PRIMARY,PUBLIC_REPOSITORY_UPSTREAM_TERMS_REVIEW,DERIVED_PUBLIC_REPO_REVIEW,W09 raw-field metadata only; no production feature adoption.
RF-000732,SRC-001,SportsDataverse,play_participants,pass_defender_player_ids,"one row per (play, athlete, role)",character,UNMATERIALIZED_OR_NOT_SCANNED,Stringified list of every pass defender athlete id on the play.,play_participation,HISTORICAL_GAME_OUTPUT_USE_VIA_PRIOR_GAME_AGGREGATION,HISTORICAL_AGGREGATE_ONLY,CANDIDATE_OR_DERIVED,REQUIRED,RECON_UNIFIED_TEMPORAL_FIELD_REGISTRY_v1.2,true,UNMEASURED_UNTIL_SOURCE_MATERIALIZATION,0,NO_DIRECT_SAMPLE_EVIDENCE_LINKED,NON_JOIN_OR_REVIEW,PIT_HISTORICAL_AGGREGATION_INPUT,true,true,PRIMARY,PUBLIC_REPOSITORY_UPSTREAM_TERMS_REVIEW,DERIVED_PUBLIC_REPO_REVIEW,W09 raw-field metadata only; no production feature adoption.
RF-000733,SRC-001,SportsDataverse,play_participants,pass_defender_player_names,"one row per (play, athlete, role)",character,UNMATERIALIZED_OR_NOT_SCANNED,Stringified list of every pass defender display name on the play.,play_participation,HISTORICAL_GAME_OUTPUT_USE_VIA_PRIOR_GAME_AGGREGATION,HISTORICAL_AGGREGATE_ONLY,CANDIDATE_OR_DERIVED,REQUIRED,RECON_UNIFIED_TEMPORAL_FIELD_REGISTRY_v1.2,true,UNMEASURED_UNTIL_SOURCE_MATERIALIZATION,0,NO_DIRECT_SAMPLE_EVIDENCE_LINKED,NON_JOIN_OR_REVIEW,PIT_HISTORICAL_AGGREGATION_INPUT,true,true,PRIMARY,PUBLIC_REPOSITORY_UPSTREAM_TERMS_REVIEW,DERIVED_PUBLIC_REPO_REVIEW,W09 raw-field metadata only; no production feature adoption.
RF-000734,SRC-001,SportsDataverse,play_participants,kicker_player_id,"one row per (play, athlete, role)",character,UNMATERIALIZED_OR_NOT_SCANNED,Athlete id of the first kicker (kickoff/FG/XP kicker) on the play; NA if none.,play_participation,HISTORICAL_GAME_OUTPUT_USE_VIA_PRIOR_GAME_AGGREGATION,HISTORICAL_AGGREGATE_ONLY,CANDIDATE_OR_DERIVED,REQUIRED,RECON_UNIFIED_TEMPORAL_FIELD_REGISTRY_v1.2,true,UNMEASURED_UNTIL_SOURCE_MATERIALIZATION,0,NO_DIRECT_SAMPLE_EVIDENCE_LINKED,NON_JOIN_OR_REVIEW,PIT_HISTORICAL_AGGREGATION_INPUT,true,true,PRIMARY,PUBLIC_REPOSITORY_UPSTREAM_TERMS_REVIEW,DERIVED_PUBLIC_REPO_REVIEW,W09 raw-field metadata only; no production feature adoption.
RF-000735,SRC-001,SportsDataverse,play_participants,kicker_player_name,"one row per (play, athlete, role)",character,UNMATERIALIZED_OR_NOT_SCANNED,Display name of the first kicker; NA if none/unresolved.,play_participation,HISTORICAL_GAME_OUTPUT_USE_VIA_PRIOR_GAME_AGGREGATION,HISTORICAL_AGGREGATE_ONLY,CANDIDATE_OR_DERIVED,REQUIRED,RECON_UNIFIED_TEMPORAL_FIELD_REGISTRY_v1.2,true,UNMEASURED_UNTIL_SOURCE_MATERIALIZATION,0,NO_DIRECT_SAMPLE_EVIDENCE_LINKED,NON_JOIN_OR_REVIEW,PIT_HISTORICAL_AGGREGATION_INPUT,true,true,PRIMARY,PUBLIC_REPOSITORY_UPSTREAM_TERMS_REVIEW,DERIVED_PUBLIC_REPO_REVIEW,W09 raw-field metadata only; no production feature adoption.
RF-000736,SRC-001,SportsDataverse,play_participants,kicker_player_ids,"one row per (play, athlete, role)",character,UNMATERIALIZED_OR_NOT_SCANNED,Stringified list of every kicker athlete id on the play.,play_participation,HISTORICAL_GAME_OUTPUT_USE_VIA_PRIOR_GAME_AGGREGATION,HISTORICAL_AGGREGATE_ONLY,CANDIDATE_OR_DERIVED,REQUIRED,RECON_UNIFIED_TEMPORAL_FIELD_REGISTRY_v1.2,true,UNMEASURED_UNTIL_SOURCE_MATERIALIZATION,0,NO_DIRECT_SAMPLE_EVIDENCE_LINKED,NON_JOIN_OR_REVIEW,PIT_HISTORICAL_AGGREGATION_INPUT,true,true,PRIMARY,PUBLIC_REPOSITORY_UPSTREAM_TERMS_REVIEW,DERIVED_PUBLIC_REPO_REVIEW,W09 raw-field metadata only; no production feature adoption.
RF-000737,SRC-001,SportsDataverse,play_participants,kicker_player_names,"one row per (play, athlete, role)",character,UNMATERIALIZED_OR_NOT_SCANNED,Stringified list of every kicker display name on the play.,play_participation,HISTORICAL_GAME_OUTPUT_USE_VIA_PRIOR_GAME_AGGREGATION,HISTORICAL_AGGREGATE_ONLY,CANDIDATE_OR_DERIVED,REQUIRED,RECON_UNIFIED_TEMPORAL_FIELD_REGISTRY_v1.2,true,UNMEASURED_UNTIL_SOURCE_MATERIALIZATION,0,NO_DIRECT_SAMPLE_EVIDENCE_LINKED,NON_JOIN_OR_REVIEW,PIT_HISTORICAL_AGGREGATION_INPUT,true,true,PRIMARY,PUBLIC_REPOSITORY_UPSTREAM_TERMS_REVIEW,DERIVED_PUBLIC_REPO_REVIEW,W09 raw-field metadata only; no production feature adoption.
RF-000738,SRC-001,SportsDataverse,play_participants,punter_player_id,"one row per (play, athlete, role)",character,UNMATERIALIZED_OR_NOT_SCANNED,Athlete id of the first punter on the play; NA if none.,play_participation,HISTORICAL_GAME_OUTPUT_USE_VIA_PRIOR_GAME_AGGREGATION,HISTORICAL_AGGREGATE_ONLY,CANDIDATE_OR_DERIVED,REQUIRED,RECON_UNIFIED_TEMPORAL_FIELD_REGISTRY_v1.2,true,UNMEASURED_UNTIL_SOURCE_MATERIALIZATION,0,NO_DIRECT_SAMPLE_EVIDENCE_LINKED,NON_JOIN_OR_REVIEW,PIT_HISTORICAL_AGGREGATION_INPUT,true,true,PRIMARY,PUBLIC_REPOSITORY_UPSTREAM_TERMS_REVIEW,DERIVED_PUBLIC_REPO_REVIEW,W09 raw-field metadata only; no production feature adoption.
RF-000739,SRC-001,SportsDataverse,play_participants,punter_player_name,"one row per (play, athlete, role)",character,UNMATERIALIZED_OR_NOT_SCANNED,Display name of the first punter; NA if none/unresolved.,play_participation,HISTORICAL_GAME_OUTPUT_USE_VIA_PRIOR_GAME_AGGREGATION,HISTORICAL_AGGREGATE_ONLY,CANDIDATE_OR_DERIVED,REQUIRED,RECON_UNIFIED_TEMPORAL_FIELD_REGISTRY_v1.2,true,UNMEASURED_UNTIL_SOURCE_MATERIALIZATION,0,NO_DIRECT_SAMPLE_EVIDENCE_LINKED,NON_JOIN_OR_REVIEW,PIT_HISTORICAL_AGGREGATION_INPUT,true,true,PRIMARY,PUBLIC_REPOSITORY_UPSTREAM_TERMS_REVIEW,DERIVED_PUBLIC_REPO_REVIEW,W09 raw-field metadata only; no production feature adoption.
RF-000740,SRC-001,SportsDataverse,play_participants,punter_player_ids,"one row per (play, athlete, role)",character,UNMATERIALIZED_OR_NOT_SCANNED,Stringified list of every punter athlete id on the play.,play_participation,HISTORICAL_GAME_OUTPUT_USE_VIA_PRIOR_GAME_AGGREGATION,HISTORICAL_AGGREGATE_ONLY,CANDIDATE_OR_DERIVED,REQUIRED,RECON_UNIFIED_TEMPORAL_FIELD_REGISTRY_v1.2,true,UNMEASURED_UNTIL_SOURCE_MATERIALIZATION,0,NO_DIRECT_SAMPLE_EVIDENCE_LINKED,NON_JOIN_OR_REVIEW,PIT_HISTORICAL_AGGREGATION_INPUT,true,true,PRIMARY,PUBLIC_REPOSITORY_UPSTREAM_TERMS_REVIEW,DERIVED_PUBLIC_REPO_REVIEW,W09 raw-field metadata only; no production feature adoption.
RF-000741,SRC-001,SportsDataverse,play_participants,punter_player_names,"one row per (play, athlete, role)",character,UNMATERIALIZED_OR_NOT_SCANNED,Stringified list of every punter display name on the play.,play_participation,HISTORICAL_GAME_OUTPUT_USE_VIA_PRIOR_GAME_AGGREGATION,HISTORICAL_AGGREGATE_ONLY,CANDIDATE_OR_DERIVED,REQUIRED,RECON_UNIFIED_TEMPORAL_FIELD_REGISTRY_v1.2,true,UNMEASURED_UNTIL_SOURCE_MATERIALIZATION,0,NO_DIRECT_SAMPLE_EVIDENCE_LINKED,NON_JOIN_OR_REVIEW,PIT_HISTORICAL_AGGREGATION_INPUT,true,true,PRIMARY,PUBLIC_REPOSITORY_UPSTREAM_TERMS_REVIEW,DERIVED_PUBLIC_REPO_REVIEW,W09 raw-field metadata only; no production feature adoption.
RF-000742,SRC-001,SportsDataverse,play_participants,returner_player_id,"one row per (play, athlete, role)",character,UNMATERIALIZED_OR_NOT_SCANNED,Athlete id of the first returner (kick/punt/turnover return) on the play; NA if none.,play_participation,HISTORICAL_GAME_OUTPUT_USE_VIA_PRIOR_GAME_AGGREGATION,HISTORICAL_AGGREGATE_ONLY,CANDIDATE_OR_DERIVED,REQUIRED,RECON_UNIFIED_TEMPORAL_FIELD_REGISTRY_v1.2,true,UNMEASURED_UNTIL_SOURCE_MATERIALIZATION,0,NO_DIRECT_SAMPLE_EVIDENCE_LINKED,NON_JOIN_OR_REVIEW,PIT_HISTORICAL_AGGREGATION_INPUT,true,true,PRIMARY,PUBLIC_REPOSITORY_UPSTREAM_TERMS_REVIEW,DERIVED_PUBLIC_REPO_REVIEW,W09 raw-field metadata only; no production feature adoption.
RF-000743,SRC-001,SportsDataverse,play_participants,returner_player_name,"one row per (play, athlete, role)",character,UNMATERIALIZED_OR_NOT_SCANNED,Display name of the first returner; NA if none/unresolved.,play_participation,HISTORICAL_GAME_OUTPUT_USE_VIA_PRIOR_GAME_AGGREGATION,HISTORICAL_AGGREGATE_ONLY,CANDIDATE_OR_DERIVED,REQUIRED,RECON_UNIFIED_TEMPORAL_FIELD_REGISTRY_v1.2,true,UNMEASURED_UNTIL_SOURCE_MATERIALIZATION,0,NO_DIRECT_SAMPLE_EVIDENCE_LINKED,NON_JOIN_OR_REVIEW,PIT_HISTORICAL_AGGREGATION_INPUT,true,true,PRIMARY,PUBLIC_REPOSITORY_UPSTREAM_TERMS_REVIEW,DERIVED_PUBLIC_REPO_REVIEW,W09 raw-field metadata only; no production feature adoption.
RF-000744,SRC-001,SportsDataverse,play_participants,returner_player_ids,"one row per (play, athlete, role)",character,UNMATERIALIZED_OR_NOT_SCANNED,Stringified list of every returner athlete id (preserves multi-lateral returns).,play_participation,HISTORICAL_GAME_OUTPUT_USE_VIA_PRIOR_GAME_AGGREGATION,HISTORICAL_AGGREGATE_ONLY,CANDIDATE_OR_DERIVED,REQUIRED,RECON_UNIFIED_TEMPORAL_FIELD_REGISTRY_v1.2,true,UNMEASURED_UNTIL_SOURCE_MATERIALIZATION,0,NO_DIRECT_SAMPLE_EVIDENCE_LINKED,NON_JOIN_OR_REVIEW,PIT_HISTORICAL_AGGREGATION_INPUT,true,true,PRIMARY,PUBLIC_REPOSITORY_UPSTREAM_TERMS_REVIEW,DERIVED_PUBLIC_REPO_REVIEW,W09 raw-field metadata only; no production feature adoption.
RF-000745,SRC-001,SportsDataverse,play_participants,returner_player_names,"one row per (play, athlete, role)",character,UNMATERIALIZED_OR_NOT_SCANNED,Stringified list of every returner display name on the play.,play_participation,HISTORICAL_GAME_OUTPUT_USE_VIA_PRIOR_GAME_AGGREGATION,HISTORICAL_AGGREGATE_ONLY,CANDIDATE_OR_DERIVED,REQUIRED,RECON_UNIFIED_TEMPORAL_FIELD_REGISTRY_v1.2,true,UNMEASURED_UNTIL_SOURCE_MATERIALIZATION,0,NO_DIRECT_SAMPLE_EVIDENCE_LINKED,NON_JOIN_OR_REVIEW,PIT_HISTORICAL_AGGREGATION_INPUT,true,true,PRIMARY,PUBLIC_REPOSITORY_UPSTREAM_TERMS_REVIEW,DERIVED_PUBLIC_REPO_REVIEW,W09 raw-field metadata only; no production feature adoption.
RF-000746,SRC-001,SportsDataverse,play_participants,scorer_player_id,"one row per (play, athlete, role)",character,UNMATERIALIZED_OR_NOT_SCANNED,Athlete id of the first scorer on the play; NA if none.,play_participation,HISTORICAL_GAME_OUTPUT_USE_VIA_PRIOR_GAME_AGGREGATION,HISTORICAL_AGGREGATE_ONLY,CANDIDATE_OR_DERIVED,REQUIRED,RECON_UNIFIED_TEMPORAL_FIELD_REGISTRY_v1.2,true,UNMEASURED_UNTIL_SOURCE_MATERIALIZATION,0,NO_DIRECT_SAMPLE_EVIDENCE_LINKED,NON_JOIN_OR_REVIEW,PIT_HISTORICAL_AGGREGATION_INPUT,true,true,PRIMARY,PUBLIC_REPOSITORY_UPSTREAM_TERMS_REVIEW,DERIVED_PUBLIC_REPO_REVIEW,W09 raw-field metadata only; no production feature adoption.
RF-000747,SRC-001,SportsDataverse,play_participants,scorer_player_name,"one row per (play, athlete, role)",character,UNMATERIALIZED_OR_NOT_SCANNED,Display name of the first scorer; NA if none/unresolved.,play_participation,HISTORICAL_GAME_OUTPUT_USE_VIA_PRIOR_GAME_AGGREGATION,HISTORICAL_AGGREGATE_ONLY,CANDIDATE_OR_DERIVED,REQUIRED,RECON_UNIFIED_TEMPORAL_FIELD_REGISTRY_v1.2,true,UNMEASURED_UNTIL_SOURCE_MATERIALIZATION,0,NO_DIRECT_SAMPLE_EVIDENCE_LINKED,NON_JOIN_OR_REVIEW,PIT_HISTORICAL_AGGREGATION_INPUT,true,true,PRIMARY,PUBLIC_REPOSITORY_UPSTREAM_TERMS_REVIEW,DERIVED_PUBLIC_REPO_REVIEW,W09 raw-field metadata only; no production feature adoption.
RF-000748,SRC-001,SportsDataverse,play_participants,scorer_player_ids,"one row per (play, athlete, role)",character,UNMATERIALIZED_OR_NOT_SCANNED,Stringified list of every scorer athlete id on the play.,play_participation,HISTORICAL_GAME_OUTPUT_USE_VIA_PRIOR_GAME_AGGREGATION,HISTORICAL_AGGREGATE_ONLY,CANDIDATE_OR_DERIVED,REQUIRED,RECON_UNIFIED_TEMPORAL_FIELD_REGISTRY_v1.2,true,UNMEASURED_UNTIL_SOURCE_MATERIALIZATION,0,NO_DIRECT_SAMPLE_EVIDENCE_LINKED,NON_JOIN_OR_REVIEW,PIT_HISTORICAL_AGGREGATION_INPUT,true,true,PRIMARY,PUBLIC_REPOSITORY_UPSTREAM_TERMS_REVIEW,DERIVED_PUBLIC_REPO_REVIEW,W09 raw-field metadata only; no production feature adoption.
RF-000749,SRC-001,SportsDataverse,play_participants,scorer_player_names,"one row per (play, athlete, role)",character,UNMATERIALIZED_OR_NOT_SCANNED,Stringified list of every scorer display name on the play.,play_participation,HISTORICAL_GAME_OUTPUT_USE_VIA_PRIOR_GAME_AGGREGATION,HISTORICAL_AGGREGATE_ONLY,CANDIDATE_OR_DERIVED,REQUIRED,RECON_UNIFIED_TEMPORAL_FIELD_REGISTRY_v1.2,true,UNMEASURED_UNTIL_SOURCE_MATERIALIZATION,0,NO_DIRECT_SAMPLE_EVIDENCE_LINKED,NON_JOIN_OR_REVIEW,PIT_HISTORICAL_AGGREGATION_INPUT,true,true,PRIMARY,PUBLIC_REPOSITORY_UPSTREAM_TERMS_REVIEW,DERIVED_PUBLIC_REPO_REVIEW,W09 raw-field metadata only; no production feature adoption.
RF-000750,SRC-001,SportsDataverse,play_participants,pat_scorer_player_id,"one row per (play, athlete, role)",character,UNMATERIALIZED_OR_NOT_SCANNED,Athlete id of the first PAT (point-after) scorer on the play; NA if none.,play_participation,HISTORICAL_GAME_OUTPUT_USE_VIA_PRIOR_GAME_AGGREGATION,HISTORICAL_AGGREGATE_ONLY,CANDIDATE_OR_DERIVED,REQUIRED,RECON_UNIFIED_TEMPORAL_FIELD_REGISTRY_v1.2,true,UNMEASURED_UNTIL_SOURCE_MATERIALIZATION,0,NO_DIRECT_SAMPLE_EVIDENCE_LINKED,NON_JOIN_OR_REVIEW,PIT_HISTORICAL_AGGREGATION_INPUT,true,true,PRIMARY,PUBLIC_REPOSITORY_UPSTREAM_TERMS_REVIEW,DERIVED_PUBLIC_REPO_REVIEW,W09 raw-field metadata only; no production feature adoption.
RF-000751,SRC-001,SportsDataverse,play_participants,pat_scorer_player_name,"one row per (play, athlete, role)",character,UNMATERIALIZED_OR_NOT_SCANNED,Display name of the first PAT scorer; NA if none/unresolved.,play_participation,HISTORICAL_GAME_OUTPUT_USE_VIA_PRIOR_GAME_AGGREGATION,HISTORICAL_AGGREGATE_ONLY,CANDIDATE_OR_DERIVED,REQUIRED,RECON_UNIFIED_TEMPORAL_FIELD_REGISTRY_v1.2,true,UNMEASURED_UNTIL_SOURCE_MATERIALIZATION,0,NO_DIRECT_SAMPLE_EVIDENCE_LINKED,NON_JOIN_OR_REVIEW,PIT_HISTORICAL_AGGREGATION_INPUT,true,true,PRIMARY,PUBLIC_REPOSITORY_UPSTREAM_TERMS_REVIEW,DERIVED_PUBLIC_REPO_REVIEW,W09 raw-field metadata only; no production feature adoption.
RF-000752,SRC-001,SportsDataverse,play_participants,pat_scorer_player_ids,"one row per (play, athlete, role)",character,UNMATERIALIZED_OR_NOT_SCANNED,Stringified list of every PAT scorer athlete id on the play.,play_participation,HISTORICAL_GAME_OUTPUT_USE_VIA_PRIOR_GAME_AGGREGATION,HISTORICAL_AGGREGATE_ONLY,CANDIDATE_OR_DERIVED,REQUIRED,RECON_UNIFIED_TEMPORAL_FIELD_REGISTRY_v1.2,true,UNMEASURED_UNTIL_SOURCE_MATERIALIZATION,0,NO_DIRECT_SAMPLE_EVIDENCE_LINKED,NON_JOIN_OR_REVIEW,PIT_HISTORICAL_AGGREGATION_INPUT,true,true,PRIMARY,PUBLIC_REPOSITORY_UPSTREAM_TERMS_REVIEW,DERIVED_PUBLIC_REPO_REVIEW,W09 raw-field metadata only; no production feature adoption.
RF-000753,SRC-001,SportsDataverse,play_participants,pat_scorer_player_names,"one row per (play, athlete, role)",character,UNMATERIALIZED_OR_NOT_SCANNED,Stringified list of every PAT scorer display name on the play.,play_participation,HISTORICAL_GAME_OUTPUT_USE_VIA_PRIOR_GAME_AGGREGATION,HISTORICAL_AGGREGATE_ONLY,CANDIDATE_OR_DERIVED,REQUIRED,RECON_UNIFIED_TEMPORAL_FIELD_REGISTRY_v1.2,true,UNMEASURED_UNTIL_SOURCE_MATERIALIZATION,0,NO_DIRECT_SAMPLE_EVIDENCE_LINKED,NON_JOIN_OR_REVIEW,PIT_HISTORICAL_AGGREGATION_INPUT,true,true,PRIMARY,PUBLIC_REPOSITORY_UPSTREAM_TERMS_REVIEW,DERIVED_PUBLIC_REPO_REVIEW,W09 raw-field metadata only; no production feature adoption.
RF-000754,SRC-001,SportsDataverse,play_participants,penalized_player_id,"one row per (play, athlete, role)",character,UNMATERIALIZED_OR_NOT_SCANNED,Athlete id of the first penalized player on the play; NA if none.,play_participation,HISTORICAL_GAME_OUTPUT_USE_VIA_PRIOR_GAME_AGGREGATION,HISTORICAL_AGGREGATE_ONLY,CANDIDATE_OR_DERIVED,REQUIRED,RECON_UNIFIED_TEMPORAL_FIELD_REGISTRY_v1.2,true,UNMEASURED_UNTIL_SOURCE_MATERIALIZATION,0,NO_DIRECT_SAMPLE_EVIDENCE_LINKED,NON_JOIN_OR_REVIEW,PIT_HISTORICAL_AGGREGATION_INPUT,true,true,PRIMARY,PUBLIC_REPOSITORY_UPSTREAM_TERMS_REVIEW,DERIVED_PUBLIC_REPO_REVIEW,W09 raw-field metadata only; no production feature adoption.
RF-000755,SRC-001,SportsDataverse,play_participants,penalized_player_name,"one row per (play, athlete, role)",character,UNMATERIALIZED_OR_NOT_SCANNED,Display name of the first penalized player; NA if none/unresolved.,play_participation,HISTORICAL_GAME_OUTPUT_USE_VIA_PRIOR_GAME_AGGREGATION,HISTORICAL_AGGREGATE_ONLY,CANDIDATE_OR_DERIVED,REQUIRED,RECON_UNIFIED_TEMPORAL_FIELD_REGISTRY_v1.2,true,UNMEASURED_UNTIL_SOURCE_MATERIALIZATION,0,NO_DIRECT_SAMPLE_EVIDENCE_LINKED,NON_JOIN_OR_REVIEW,PIT_HISTORICAL_AGGREGATION_INPUT,true,true,PRIMARY,PUBLIC_REPOSITORY_UPSTREAM_TERMS_REVIEW,DERIVED_PUBLIC_REPO_REVIEW,W09 raw-field metadata only; no production feature adoption.
RF-000756,SRC-001,SportsDataverse,play_participants,penalized_player_ids,"one row per (play, athlete, role)",character,UNMATERIALIZED_OR_NOT_SCANNED,Stringified list of every penalized athlete id on the play.,play_participation,HISTORICAL_GAME_OUTPUT_USE_VIA_PRIOR_GAME_AGGREGATION,HISTORICAL_AGGREGATE_ONLY,CANDIDATE_OR_DERIVED,REQUIRED,RECON_UNIFIED_TEMPORAL_FIELD_REGISTRY_v1.2,true,UNMEASURED_UNTIL_SOURCE_MATERIALIZATION,0,NO_DIRECT_SAMPLE_EVIDENCE_LINKED,NON_JOIN_OR_REVIEW,PIT_HISTORICAL_AGGREGATION_INPUT,true,true,PRIMARY,PUBLIC_REPOSITORY_UPSTREAM_TERMS_REVIEW,DERIVED_PUBLIC_REPO_REVIEW,W09 raw-field metadata only; no production feature adoption.
RF-000757,SRC-001,SportsDataverse,play_participants,penalized_player_names,"one row per (play, athlete, role)",character,UNMATERIALIZED_OR_NOT_SCANNED,Stringified list of every penalized display name on the play.,play_participation,HISTORICAL_GAME_OUTPUT_USE_VIA_PRIOR_GAME_AGGREGATION,HISTORICAL_AGGREGATE_ONLY,CANDIDATE_OR_DERIVED,REQUIRED,RECON_UNIFIED_TEMPORAL_FIELD_REGISTRY_v1.2,true,UNMEASURED_UNTIL_SOURCE_MATERIALIZATION,0,NO_DIRECT_SAMPLE_EVIDENCE_LINKED,NON_JOIN_OR_REVIEW,PIT_HISTORICAL_AGGREGATION_INPUT,true,true,PRIMARY,PUBLIC_REPOSITORY_UPSTREAM_TERMS_REVIEW,DERIVED_PUBLIC_REPO_REVIEW,W09 raw-field metadata only; no production feature adoption.
RF-000758,SRC-001,SportsDataverse,play_participants,assisted_by_player_id,"one row per (play, athlete, role)",character,UNMATERIALIZED_OR_NOT_SCANNED,Athlete id of the first assisting player (assisted tackle/return) on the play; NA if none.,play_participation,HISTORICAL_GAME_OUTPUT_USE_VIA_PRIOR_GAME_AGGREGATION,HISTORICAL_AGGREGATE_ONLY,CANDIDATE_OR_DERIVED,REQUIRED,RECON_UNIFIED_TEMPORAL_FIELD_REGISTRY_v1.2,true,UNMEASURED_UNTIL_SOURCE_MATERIALIZATION,0,NO_DIRECT_SAMPLE_EVIDENCE_LINKED,NON_JOIN_OR_REVIEW,PIT_HISTORICAL_AGGREGATION_INPUT,true,true,PRIMARY,PUBLIC_REPOSITORY_UPSTREAM_TERMS_REVIEW,DERIVED_PUBLIC_REPO_REVIEW,W09 raw-field metadata only; no production feature adoption.
RF-000759,SRC-001,SportsDataverse,play_participants,assisted_by_player_name,"one row per (play, athlete, role)",character,UNMATERIALIZED_OR_NOT_SCANNED,Display name of the first assisting player; NA if none/unresolved.,play_participation,HISTORICAL_GAME_OUTPUT_USE_VIA_PRIOR_GAME_AGGREGATION,HISTORICAL_AGGREGATE_ONLY,CANDIDATE_OR_DERIVED,REQUIRED,RECON_UNIFIED_TEMPORAL_FIELD_REGISTRY_v1.2,true,UNMEASURED_UNTIL_SOURCE_MATERIALIZATION,0,NO_DIRECT_SAMPLE_EVIDENCE_LINKED,NON_JOIN_OR_REVIEW,PIT_HISTORICAL_AGGREGATION_INPUT,true,true,PRIMARY,PUBLIC_REPOSITORY_UPSTREAM_TERMS_REVIEW,DERIVED_PUBLIC_REPO_REVIEW,W09 raw-field metadata only; no production feature adoption.
RF-000760,SRC-001,SportsDataverse,play_participants,assisted_by_player_ids,"one row per (play, athlete, role)",character,UNMATERIALIZED_OR_NOT_SCANNED,Stringified list of every assisting athlete id on the play.,play_participation,HISTORICAL_GAME_OUTPUT_USE_VIA_PRIOR_GAME_AGGREGATION,HISTORICAL_AGGREGATE_ONLY,CANDIDATE_OR_DERIVED,REQUIRED,RECON_UNIFIED_TEMPORAL_FIELD_REGISTRY_v1.2,true,UNMEASURED_UNTIL_SOURCE_MATERIALIZATION,0,NO_DIRECT_SAMPLE_EVIDENCE_LINKED,NON_JOIN_OR_REVIEW,PIT_HISTORICAL_AGGREGATION_INPUT,true,true,PRIMARY,PUBLIC_REPOSITORY_UPSTREAM_TERMS_REVIEW,DERIVED_PUBLIC_REPO_REVIEW,W09 raw-field metadata only; no production feature adoption.
RF-000761,SRC-001,SportsDataverse,play_participants,assisted_by_player_names,"one row per (play, athlete, role)",character,UNMATERIALIZED_OR_NOT_SCANNED,Stringified list of every assisting display name on the play.,play_participation,HISTORICAL_GAME_OUTPUT_USE_VIA_PRIOR_GAME_AGGREGATION,HISTORICAL_AGGREGATE_ONLY,CANDIDATE_OR_DERIVED,REQUIRED,RECON_UNIFIED_TEMPORAL_FIELD_REGISTRY_v1.2,true,UNMEASURED_UNTIL_SOURCE_MATERIALIZATION,0,NO_DIRECT_SAMPLE_EVIDENCE_LINKED,NON_JOIN_OR_REVIEW,PIT_HISTORICAL_AGGREGATION_INPUT,true,true,PRIMARY,PUBLIC_REPOSITORY_UPSTREAM_TERMS_REVIEW,DERIVED_PUBLIC_REPO_REVIEW,W09 raw-field metadata only; no production feature adoption.
RF-000762,SRC-001,SportsDataverse,drives,id,one row per drive,character,UNMATERIALIZED_OR_NOT_SCANNED,"ESPN drive identifier (string, e.g. ""4016284551""); first 10 digits are the game_id followed by the drive sequence number.",drives_field_position,HISTORICAL_GAME_OUTPUT_USE_VIA_PRIOR_GAME_AGGREGATION,HISTORICAL_AGGREGATE_ONLY,CANDIDATE_OR_DERIVED,REQUIRED,RECON_UNIFIED_TEMPORAL_FIELD_REGISTRY_v1.2,true,UNMEASURED_UNTIL_SOURCE_MATERIALIZATION,1,NAME_MATCH_ONLY_NOT_POPULATION_EVIDENCE,NON_JOIN_OR_REVIEW,PIT_HISTORICAL_AGGREGATION_INPUT,true,true,PRIMARY,PUBLIC_REPOSITORY_UPSTREAM_TERMS_REVIEW,DERIVED_PUBLIC_REPO_REVIEW,W09 raw-field metadata only; no production feature adoption.
RF-000763,SRC-001,SportsDataverse,drives,description,one row per drive,character,UNMATERIALIZED_OR_NOT_SCANNED,"Human-readable drive summary, e.g. ""10 plays, 47 yards, 5:18"".",drives_field_position,HISTORICAL_GAME_OUTPUT_USE_VIA_PRIOR_GAME_AGGREGATION,HISTORICAL_AGGREGATE_ONLY,CANDIDATE_OR_DERIVED,REQUIRED,RECON_UNIFIED_TEMPORAL_FIELD_REGISTRY_v1.2,true,UNMEASURED_UNTIL_SOURCE_MATERIALIZATION,0,NO_DIRECT_SAMPLE_EVIDENCE_LINKED,NON_JOIN_OR_REVIEW,PIT_HISTORICAL_AGGREGATION_INPUT,true,true,PRIMARY,PUBLIC_REPOSITORY_UPSTREAM_TERMS_REVIEW,DERIVED_PUBLIC_REPO_REVIEW,W09 raw-field metadata only; no production feature adoption.
RF-000764,SRC-001,SportsDataverse,drives,team,one row per drive,list,UNMATERIALIZED_OR_NOT_SCANNED,"Nested ESPN team object for the offense on this drive: id, name, abbreviation, displayName, shortDisplayName, and logos[]. Retained as a list-column (not flattened).",drives_field_position,HISTORICAL_GAME_OUTPUT_USE_VIA_PRIOR_GAME_AGGREGATION,HISTORICAL_AGGREGATE_ONLY,CANDIDATE_OR_DERIVED,REQUIRED,RECON_UNIFIED_TEMPORAL_FIELD_REGISTRY_v1.2,true,UNMEASURED_UNTIL_SOURCE_MATERIALIZATION,1,NAME_MATCH_ONLY_NOT_POPULATION_EVIDENCE,NON_JOIN_OR_REVIEW,PIT_HISTORICAL_AGGREGATION_INPUT,true,true,PRIMARY,PUBLIC_REPOSITORY_UPSTREAM_TERMS_REVIEW,DERIVED_PUBLIC_REPO_REVIEW,W09 raw-field metadata only; no production feature adoption.
RF-000765,SRC-001,SportsDataverse,drives,start,one row per drive,list,UNMATERIALIZED_OR_NOT_SCANNED,"Nested drive-start object: period{type, number}, clock{displayValue}, yardLine (int), and text (e.g. ""OSU 32""). Retained as a list-column.",drives_field_position,HISTORICAL_GAME_OUTPUT_USE_VIA_PRIOR_GAME_AGGREGATION,HISTORICAL_AGGREGATE_ONLY,CANDIDATE_OR_DERIVED,REQUIRED,RECON_UNIFIED_TEMPORAL_FIELD_REGISTRY_v1.2,true,UNMEASURED_UNTIL_SOURCE_MATERIALIZATION,0,NO_DIRECT_SAMPLE_EVIDENCE_LINKED,NON_JOIN_OR_REVIEW,PIT_HISTORICAL_AGGREGATION_INPUT,true,true,PRIMARY,PUBLIC_REPOSITORY_UPSTREAM_TERMS_REVIEW,DERIVED_PUBLIC_REPO_REVIEW,W09 raw-field metadata only; no production feature adoption.
RF-000766,SRC-001,SportsDataverse,drives,end,one row per drive,list,UNMATERIALIZED_OR_NOT_SCANNED,"Nested drive-end object: period{type, number}, clock{displayValue}, yardLine (int), and text (e.g. ""OSU 36""). Retained as a list-column.",drives_field_position,HISTORICAL_GAME_OUTPUT_USE_VIA_PRIOR_GAME_AGGREGATION,HISTORICAL_AGGREGATE_ONLY,CANDIDATE_OR_DERIVED,REQUIRED,RECON_UNIFIED_TEMPORAL_FIELD_REGISTRY_v1.2,true,UNMEASURED_UNTIL_SOURCE_MATERIALIZATION,0,NO_DIRECT_SAMPLE_EVIDENCE_LINKED,NON_JOIN_OR_REVIEW,PIT_HISTORICAL_AGGREGATION_INPUT,true,true,PRIMARY,PUBLIC_REPOSITORY_UPSTREAM_TERMS_REVIEW,DERIVED_PUBLIC_REPO_REVIEW,W09 raw-field metadata only; no production feature adoption.
RF-000767,SRC-001,SportsDataverse,drives,time_elapsed,one row per drive,list,UNMATERIALIZED_OR_NOT_SCANNED,"Nested object holding the drive duration: displayValue (e.g. ""0:51""). Retained as a list-column.",drives_field_position,HISTORICAL_GAME_OUTPUT_USE_VIA_PRIOR_GAME_AGGREGATION,HISTORICAL_AGGREGATE_ONLY,CANDIDATE_OR_DERIVED,REQUIRED,RECON_UNIFIED_TEMPORAL_FIELD_REGISTRY_v1.2,true,UNMEASURED_UNTIL_SOURCE_MATERIALIZATION,0,NO_DIRECT_SAMPLE_EVIDENCE_LINKED,NON_JOIN_OR_REVIEW,PIT_HISTORICAL_AGGREGATION_INPUT,true,true,PRIMARY,PUBLIC_REPOSITORY_UPSTREAM_TERMS_REVIEW,DERIVED_PUBLIC_REPO_REVIEW,W09 raw-field metadata only; no production feature adoption.
RF-000768,SRC-001,SportsDataverse,drives,yards,one row per drive,integer,UNMATERIALIZED_OR_NOT_SCANNED,Net yards gained on the drive.,drives_field_position,HISTORICAL_GAME_OUTPUT_USE_VIA_PRIOR_GAME_AGGREGATION,HISTORICAL_AGGREGATE_ONLY,CANDIDATE_OR_DERIVED,REQUIRED,RECON_UNIFIED_TEMPORAL_FIELD_REGISTRY_v1.2,true,UNMEASURED_UNTIL_SOURCE_MATERIALIZATION,0,NO_DIRECT_SAMPLE_EVIDENCE_LINKED,NON_JOIN_OR_REVIEW,PIT_HISTORICAL_AGGREGATION_INPUT,true,true,PRIMARY,PUBLIC_REPOSITORY_UPSTREAM_TERMS_REVIEW,DERIVED_PUBLIC_REPO_REVIEW,W09 raw-field metadata only; no production feature adoption.
RF-000769,SRC-001,SportsDataverse,drives,is_score,one row per drive,logical,UNMATERIALIZED_OR_NOT_SCANNED,"TRUE if the drive ended in a score (touchdown or field goal), FALSE otherwise.",drives_field_position,HISTORICAL_GAME_OUTPUT_USE_VIA_PRIOR_GAME_AGGREGATION,HISTORICAL_AGGREGATE_ONLY,CANDIDATE_OR_DERIVED,REQUIRED,RECON_UNIFIED_TEMPORAL_FIELD_REGISTRY_v1.2,true,UNMEASURED_UNTIL_SOURCE_MATERIALIZATION,0,NO_DIRECT_SAMPLE_EVIDENCE_LINKED,NON_JOIN_OR_REVIEW,PIT_HISTORICAL_AGGREGATION_INPUT,true,true,PRIMARY,PUBLIC_REPOSITORY_UPSTREAM_TERMS_REVIEW,DERIVED_PUBLIC_REPO_REVIEW,W09 raw-field metadata only; no production feature adoption.
RF-000770,SRC-001,SportsDataverse,drives,offensive_plays,one row per drive,integer,UNMATERIALIZED_OR_NOT_SCANNED,Number of offensive plays run on the drive.,drives_field_position,HISTORICAL_GAME_OUTPUT_USE_VIA_PRIOR_GAME_AGGREGATION,HISTORICAL_AGGREGATE_ONLY,CANDIDATE_OR_DERIVED,REQUIRED,RECON_UNIFIED_TEMPORAL_FIELD_REGISTRY_v1.2,true,UNMEASURED_UNTIL_SOURCE_MATERIALIZATION,0,NO_DIRECT_SAMPLE_EVIDENCE_LINKED,NON_JOIN_OR_REVIEW,PIT_HISTORICAL_AGGREGATION_INPUT,true,true,PRIMARY,PUBLIC_REPOSITORY_UPSTREAM_TERMS_REVIEW,DERIVED_PUBLIC_REPO_REVIEW,W09 raw-field metadata only; no production feature adoption.
RF-000771,SRC-001,SportsDataverse,drives,result,one row per drive,character,UNMATERIALIZED_OR_NOT_SCANNED,"Uppercase drive-result code, e.g. ""PUNT"", ""FG"", ""TD"", ""DOWNS"", ""INT"", ""INT TD"", ""FUMBLE RETURN TD"", ""END OF HALF"", ""END OF GAME"".",drives_field_position,HISTORICAL_GAME_OUTPUT_USE_VIA_PRIOR_GAME_AGGREGATION,HISTORICAL_AGGREGATE_ONLY,CANDIDATE_OR_DERIVED,REQUIRED,RECON_UNIFIED_TEMPORAL_FIELD_REGISTRY_v1.2,true,UNMEASURED_UNTIL_SOURCE_MATERIALIZATION,0,NO_DIRECT_SAMPLE_EVIDENCE_LINKED,NON_JOIN_OR_REVIEW,PIT_HISTORICAL_AGGREGATION_INPUT,true,true,PRIMARY,PUBLIC_REPOSITORY_UPSTREAM_TERMS_REVIEW,DERIVED_PUBLIC_REPO_REVIEW,W09 raw-field metadata only; no production feature adoption.
RF-000772,SRC-001,SportsDataverse,drives,short_display_result,one row per drive,character,UNMATERIALIZED_OR_NOT_SCANNED,"Short display form of the result, typically the same uppercase code as `result` (e.g. ""PUNT"", ""FG"", ""TD"").",drives_field_position,HISTORICAL_GAME_OUTPUT_USE_VIA_PRIOR_GAME_AGGREGATION,HISTORICAL_AGGREGATE_ONLY,CANDIDATE_OR_DERIVED,REQUIRED,RECON_UNIFIED_TEMPORAL_FIELD_REGISTRY_v1.2,true,UNMEASURED_UNTIL_SOURCE_MATERIALIZATION,0,NO_DIRECT_SAMPLE_EVIDENCE_LINKED,NON_JOIN_OR_REVIEW,PIT_HISTORICAL_AGGREGATION_INPUT,true,true,PRIMARY,PUBLIC_REPOSITORY_UPSTREAM_TERMS_REVIEW,DERIVED_PUBLIC_REPO_REVIEW,W09 raw-field metadata only; no production feature adoption.
RF-000773,SRC-001,SportsDataverse,drives,display_result,one row per drive,character,UNMATERIALIZED_OR_NOT_SCANNED,"Title-case human-readable result label, e.g. ""Punt"", ""Field Goal"", ""Touchdown"", ""Downs"".",drives_field_position,HISTORICAL_GAME_OUTPUT_USE_VIA_PRIOR_GAME_AGGREGATION,HISTORICAL_AGGREGATE_ONLY,CANDIDATE_OR_DERIVED,REQUIRED,RECON_UNIFIED_TEMPORAL_FIELD_REGISTRY_v1.2,true,UNMEASURED_UNTIL_SOURCE_MATERIALIZATION,0,NO_DIRECT_SAMPLE_EVIDENCE_LINKED,NON_JOIN_OR_REVIEW,PIT_HISTORICAL_AGGREGATION_INPUT,true,true,PRIMARY,PUBLIC_REPOSITORY_UPSTREAM_TERMS_REVIEW,DERIVED_PUBLIC_REPO_REVIEW,W09 raw-field metadata only; no production feature adoption.
RF-000774,SRC-001,SportsDataverse,drives,game_id,one row per drive,integer,UNMATERIALIZED_OR_NOT_SCANNED,ESPN game identifier stamped onto every drive row from the top-level gameId (e.g. 401628455).,drives_field_position,HISTORICAL_GAME_OUTPUT_USE_VIA_PRIOR_GAME_AGGREGATION,HISTORICAL_AGGREGATE_ONLY,CANDIDATE_OR_DERIVED,REQUIRED,RECON_UNIFIED_TEMPORAL_FIELD_REGISTRY_v1.2,true,UNMEASURED_UNTIL_SOURCE_MATERIALIZATION,8,NAME_MATCH_ONLY_NOT_POPULATION_EVIDENCE,NON_JOIN_OR_REVIEW,PIT_HISTORICAL_AGGREGATION_INPUT,true,true,PRIMARY,PUBLIC_REPOSITORY_UPSTREAM_TERMS_REVIEW,DERIVED_PUBLIC_REPO_REVIEW,W09 raw-field metadata only; no production feature adoption.
RF-000775,SRC-001,SportsDataverse,drives,season,one row per drive,integer,UNMATERIALIZED_OR_NOT_SCANNED,Season year stamped from header.season.year (e.g. 2024).,drives_field_position,HISTORICAL_GAME_OUTPUT_USE_VIA_PRIOR_GAME_AGGREGATION,HISTORICAL_AGGREGATE_ONLY,CANDIDATE_OR_DERIVED,REQUIRED,RECON_UNIFIED_TEMPORAL_FIELD_REGISTRY_v1.2,true,UNMEASURED_UNTIL_SOURCE_MATERIALIZATION,10,NAME_MATCH_ONLY_NOT_POPULATION_EVIDENCE,NON_JOIN_OR_REVIEW,PIT_HISTORICAL_AGGREGATION_INPUT,true,true,PRIMARY,PUBLIC_REPOSITORY_UPSTREAM_TERMS_REVIEW,DERIVED_PUBLIC_REPO_REVIEW,W09 raw-field metadata only; no production feature adoption.
RF-000776,SRC-001,SportsDataverse,drives,week,one row per drive,integer,UNMATERIALIZED_OR_NOT_SCANNED,Season week stamped from header.week (e.g. 1).,drives_field_position,HISTORICAL_GAME_OUTPUT_USE_VIA_PRIOR_GAME_AGGREGATION,HISTORICAL_AGGREGATE_ONLY,CANDIDATE_OR_DERIVED,REQUIRED,RECON_UNIFIED_TEMPORAL_FIELD_REGISTRY_v1.2,true,UNMEASURED_UNTIL_SOURCE_MATERIALIZATION,5,NAME_MATCH_ONLY_NOT_POPULATION_EVIDENCE,NON_JOIN_OR_REVIEW,PIT_HISTORICAL_AGGREGATION_INPUT,true,true,PRIMARY,PUBLIC_REPOSITORY_UPSTREAM_TERMS_REVIEW,DERIVED_PUBLIC_REPO_REVIEW,W09 raw-field metadata only; no production feature adoption.
RF-000777,SRC-001,SportsDataverse,game_rosters,game_id,one row per rostered athlete per game,integer,UNMATERIALIZED_OR_NOT_SCANNED,ESPN game id; present on every roster element and the join key back to the game (e.g. 401628455).,roster_player_identity,REVIEW_REQUIRED,REVIEW_REQUIRED,CANDIDATE_OR_DERIVED,REQUIRED,RECON_UNIFIED_TEMPORAL_FIELD_REGISTRY_v1.2,true,UNMEASURED_UNTIL_SOURCE_MATERIALIZATION,8,NAME_MATCH_ONLY_NOT_POPULATION_EVIDENCE,NON_JOIN_OR_REVIEW,TEMPORAL_REVIEW_REQUIRED,false,true,PRIMARY,PUBLIC_REPOSITORY_UPSTREAM_TERMS_REVIEW,DERIVED_PUBLIC_REPO_REVIEW,W09 raw-field metadata only; no production feature adoption.
RF-000778,SRC-001,SportsDataverse,game_rosters,season,one row per rostered athlete per game,integer,UNMATERIALIZED_OR_NOT_SCANNED,"Season year stamped from top-level `g[""season""]` during the season-wide bind (e.g. 2024, 2026).",roster_player_identity,REVIEW_REQUIRED,REVIEW_REQUIRED,CANDIDATE_OR_DERIVED,REQUIRED,RECON_UNIFIED_TEMPORAL_FIELD_REGISTRY_v1.2,true,UNMEASURED_UNTIL_SOURCE_MATERIALIZATION,10,NAME_MATCH_ONLY_NOT_POPULATION_EVIDENCE,NON_JOIN_OR_REVIEW,TEMPORAL_REVIEW_REQUIRED,false,true,PRIMARY,PUBLIC_REPOSITORY_UPSTREAM_TERMS_REVIEW,DERIVED_PUBLIC_REPO_REVIEW,W09 raw-field metadata only; no production feature adoption.
RF-000779,SRC-001,SportsDataverse,game_rosters,athlete_id,one row per rostered athlete per game,integer,UNMATERIALIZED_OR_NOT_SCANNED,ESPN athlete id (e.g. 4429071).,roster_player_identity,REVIEW_REQUIRED,REVIEW_REQUIRED,CANDIDATE_OR_DERIVED,REQUIRED,RECON_UNIFIED_TEMPORAL_FIELD_REGISTRY_v1.2,true,UNMEASURED_UNTIL_SOURCE_MATERIALIZATION,1,NAME_MATCH_ONLY_NOT_POPULATION_EVIDENCE,NON_JOIN_OR_REVIEW,TEMPORAL_REVIEW_REQUIRED,false,true,PRIMARY,PUBLIC_REPOSITORY_UPSTREAM_TERMS_REVIEW,DERIVED_PUBLIC_REPO_REVIEW,W09 raw-field metadata only; no production feature adoption.
RF-000780,SRC-001,SportsDataverse,game_rosters,athlete_uid,one row per rostered athlete per game,character,UNMATERIALIZED_OR_NOT_SCANNED,"ESPN athlete uid string, e.g. ""s:20~l:23~a:4429071"".",roster_player_identity,REVIEW_REQUIRED,REVIEW_REQUIRED,CANDIDATE_OR_DERIVED,REQUIRED,RECON_UNIFIED_TEMPORAL_FIELD_REGISTRY_v1.2,true,UNMEASURED_UNTIL_SOURCE_MATERIALIZATION,0,NO_DIRECT_SAMPLE_EVIDENCE_LINKED,NON_JOIN_OR_REVIEW,TEMPORAL_REVIEW_REQUIRED,false,true,PRIMARY,PUBLIC_REPOSITORY_UPSTREAM_TERMS_REVIEW,DERIVED_PUBLIC_REPO_REVIEW,W09 raw-field metadata only; no production feature adoption.
RF-000781,SRC-001,SportsDataverse,game_rosters,athlete_guid,one row per rostered athlete per game,character,UNMATERIALIZED_OR_NOT_SCANNED,ESPN athlete GUID (UUID form).,roster_player_identity,REVIEW_REQUIRED,REVIEW_REQUIRED,CANDIDATE_OR_DERIVED,REQUIRED,RECON_UNIFIED_TEMPORAL_FIELD_REGISTRY_v1.2,true,UNMEASURED_UNTIL_SOURCE_MATERIALIZATION,0,NO_DIRECT_SAMPLE_EVIDENCE_LINKED,NON_JOIN_OR_REVIEW,TEMPORAL_REVIEW_REQUIRED,false,true,PRIMARY,PUBLIC_REPOSITORY_UPSTREAM_TERMS_REVIEW,DERIVED_PUBLIC_REPO_REVIEW,W09 raw-field metadata only; no production feature adoption.
RF-000782,SRC-001,SportsDataverse,game_rosters,athlete_type,one row per rostered athlete per game,character,UNMATERIALIZED_OR_NOT_SCANNED,"Athlete sport/type tag, e.g. ""football"".",roster_player_identity,REVIEW_REQUIRED,REVIEW_REQUIRED,CANDIDATE_OR_DERIVED,REQUIRED,RECON_UNIFIED_TEMPORAL_FIELD_REGISTRY_v1.2,true,UNMEASURED_UNTIL_SOURCE_MATERIALIZATION,0,NO_DIRECT_SAMPLE_EVIDENCE_LINKED,NON_JOIN_OR_REVIEW,TEMPORAL_REVIEW_REQUIRED,false,true,PRIMARY,PUBLIC_REPOSITORY_UPSTREAM_TERMS_REVIEW,DERIVED_PUBLIC_REPO_REVIEW,W09 raw-field metadata only; no production feature adoption.
RF-000783,SRC-001,SportsDataverse,game_rosters,first_name,one row per rostered athlete per game,character,UNMATERIALIZED_OR_NOT_SCANNED,Athlete first name.,roster_player_identity,REVIEW_REQUIRED,REVIEW_REQUIRED,CANDIDATE_OR_DERIVED,REQUIRED,RECON_UNIFIED_TEMPORAL_FIELD_REGISTRY_v1.2,true,UNMEASURED_UNTIL_SOURCE_MATERIALIZATION,0,NO_DIRECT_SAMPLE_EVIDENCE_LINKED,NON_JOIN_OR_REVIEW,TEMPORAL_REVIEW_REQUIRED,false,true,PRIMARY,PUBLIC_REPOSITORY_UPSTREAM_TERMS_REVIEW,DERIVED_PUBLIC_REPO_REVIEW,W09 raw-field metadata only; no production feature adoption.
RF-000784,SRC-001,SportsDataverse,game_rosters,last_name,one row per rostered athlete per game,character,UNMATERIALIZED_OR_NOT_SCANNED,Athlete last name.,roster_player_identity,REVIEW_REQUIRED,REVIEW_REQUIRED,CANDIDATE_OR_DERIVED,REQUIRED,RECON_UNIFIED_TEMPORAL_FIELD_REGISTRY_v1.2,true,UNMEASURED_UNTIL_SOURCE_MATERIALIZATION,0,NO_DIRECT_SAMPLE_EVIDENCE_LINKED,NON_JOIN_OR_REVIEW,TEMPORAL_REVIEW_REQUIRED,false,true,PRIMARY,PUBLIC_REPOSITORY_UPSTREAM_TERMS_REVIEW,DERIVED_PUBLIC_REPO_REVIEW,W09 raw-field metadata only; no production feature adoption.
RF-000785,SRC-001,SportsDataverse,game_rosters,full_name,one row per rostered athlete per game,character,UNMATERIALIZED_OR_NOT_SCANNED,"Athlete full name, e.g. ""Cody Simon"".",roster_player_identity,REVIEW_REQUIRED,REVIEW_REQUIRED,CANDIDATE_OR_DERIVED,REQUIRED,RECON_UNIFIED_TEMPORAL_FIELD_REGISTRY_v1.2,true,UNMEASURED_UNTIL_SOURCE_MATERIALIZATION,0,NO_DIRECT_SAMPLE_EVIDENCE_LINKED,NON_JOIN_OR_REVIEW,TEMPORAL_REVIEW_REQUIRED,false,true,PRIMARY,PUBLIC_REPOSITORY_UPSTREAM_TERMS_REVIEW,DERIVED_PUBLIC_REPO_REVIEW,W09 raw-field metadata only; no production feature adoption.
RF-000786,SRC-001,SportsDataverse,game_rosters,athlete_display_name,one row per rostered athlete per game,character,UNMATERIALIZED_OR_NOT_SCANNED,Display name for the athlete (usually equals full_name).,roster_player_identity,REVIEW_REQUIRED,REVIEW_REQUIRED,CANDIDATE_OR_DERIVED,REQUIRED,RECON_UNIFIED_TEMPORAL_FIELD_REGISTRY_v1.2,true,UNMEASURED_UNTIL_SOURCE_MATERIALIZATION,0,NO_DIRECT_SAMPLE_EVIDENCE_LINKED,NON_JOIN_OR_REVIEW,TEMPORAL_REVIEW_REQUIRED,false,true,PRIMARY,PUBLIC_REPOSITORY_UPSTREAM_TERMS_REVIEW,DERIVED_PUBLIC_REPO_REVIEW,W09 raw-field metadata only; no production feature adoption.
RF-000787,SRC-001,SportsDataverse,game_rosters,display_name,one row per rostered athlete per game,character,UNMATERIALIZED_OR_NOT_SCANNED,"Abbreviated display name, e.g. ""C. Simon"".",roster_player_identity,REVIEW_REQUIRED,REVIEW_REQUIRED,CANDIDATE_OR_DERIVED,REQUIRED,RECON_UNIFIED_TEMPORAL_FIELD_REGISTRY_v1.2,true,UNMEASURED_UNTIL_SOURCE_MATERIALIZATION,0,NO_DIRECT_SAMPLE_EVIDENCE_LINKED,NON_JOIN_OR_REVIEW,TEMPORAL_REVIEW_REQUIRED,false,true,PRIMARY,PUBLIC_REPOSITORY_UPSTREAM_TERMS_REVIEW,DERIVED_PUBLIC_REPO_REVIEW,W09 raw-field metadata only; no production feature adoption.
RF-000788,SRC-001,SportsDataverse,game_rosters,short_name,one row per rostered athlete per game,character,UNMATERIALIZED_OR_NOT_SCANNED,"Short name, e.g. ""C. Simon"".",roster_player_identity,REVIEW_REQUIRED,REVIEW_REQUIRED,CANDIDATE_OR_DERIVED,REQUIRED,RECON_UNIFIED_TEMPORAL_FIELD_REGISTRY_v1.2,true,UNMEASURED_UNTIL_SOURCE_MATERIALIZATION,0,NO_DIRECT_SAMPLE_EVIDENCE_LINKED,NON_JOIN_OR_REVIEW,TEMPORAL_REVIEW_REQUIRED,false,true,PRIMARY,PUBLIC_REPOSITORY_UPSTREAM_TERMS_REVIEW,DERIVED_PUBLIC_REPO_REVIEW,W09 raw-field metadata only; no production feature adoption.
RF-000789,SRC-001,SportsDataverse,game_rosters,slug,one row per rostered athlete per game,character,UNMATERIALIZED_OR_NOT_SCANNED,"URL slug for the athlete, e.g. ""cody-simon"".",roster_player_identity,REVIEW_REQUIRED,REVIEW_REQUIRED,CANDIDATE_OR_DERIVED,REQUIRED,RECON_UNIFIED_TEMPORAL_FIELD_REGISTRY_v1.2,true,UNMEASURED_UNTIL_SOURCE_MATERIALIZATION,0,NO_DIRECT_SAMPLE_EVIDENCE_LINKED,NON_JOIN_OR_REVIEW,TEMPORAL_REVIEW_REQUIRED,false,true,PRIMARY,PUBLIC_REPOSITORY_UPSTREAM_TERMS_REVIEW,DERIVED_PUBLIC_REPO_REVIEW,W09 raw-field metadata only; no production feature adoption.
RF-000790,SRC-001,SportsDataverse,game_rosters,weight,one row per rostered athlete per game,double,UNMATERIALIZED_OR_NOT_SCANNED,Listed weight in pounds.,roster_player_identity,REVIEW_REQUIRED,REVIEW_REQUIRED,CANDIDATE_OR_DERIVED,REQUIRED,RECON_UNIFIED_TEMPORAL_FIELD_REGISTRY_v1.2,true,UNMEASURED_UNTIL_SOURCE_MATERIALIZATION,1,NAME_MATCH_ONLY_NOT_POPULATION_EVIDENCE,NON_JOIN_OR_REVIEW,TEMPORAL_REVIEW_REQUIRED,false,true,PRIMARY,PUBLIC_REPOSITORY_UPSTREAM_TERMS_REVIEW,DERIVED_PUBLIC_REPO_REVIEW,W09 raw-field metadata only; no production feature adoption.
RF-000791,SRC-001,SportsDataverse,game_rosters,display_weight,one row per rostered athlete per game,character,UNMATERIALIZED_OR_NOT_SCANNED,"Human-readable weight, e.g. ""230 lbs"".",roster_player_identity,REVIEW_REQUIRED,REVIEW_REQUIRED,CANDIDATE_OR_DERIVED,REQUIRED,RECON_UNIFIED_TEMPORAL_FIELD_REGISTRY_v1.2,true,UNMEASURED_UNTIL_SOURCE_MATERIALIZATION,0,NO_DIRECT_SAMPLE_EVIDENCE_LINKED,NON_JOIN_OR_REVIEW,TEMPORAL_REVIEW_REQUIRED,false,true,PRIMARY,PUBLIC_REPOSITORY_UPSTREAM_TERMS_REVIEW,DERIVED_PUBLIC_REPO_REVIEW,W09 raw-field metadata only; no production feature adoption.
RF-000792,SRC-001,SportsDataverse,game_rosters,height,one row per rostered athlete per game,double,UNMATERIALIZED_OR_NOT_SCANNED,Listed height in inches.,roster_player_identity,REVIEW_REQUIRED,REVIEW_REQUIRED,CANDIDATE_OR_DERIVED,REQUIRED,RECON_UNIFIED_TEMPORAL_FIELD_REGISTRY_v1.2,true,UNMEASURED_UNTIL_SOURCE_MATERIALIZATION,3,NAME_MATCH_ONLY_NOT_POPULATION_EVIDENCE,NON_JOIN_OR_REVIEW,TEMPORAL_REVIEW_REQUIRED,false,true,PRIMARY,PUBLIC_REPOSITORY_UPSTREAM_TERMS_REVIEW,DERIVED_PUBLIC_REPO_REVIEW,W09 raw-field metadata only; no production feature adoption.
RF-000793,SRC-001,SportsDataverse,game_rosters,display_height,one row per rostered athlete per game,character,UNMATERIALIZED_OR_NOT_SCANNED,"Human-readable height, e.g. ""6' 2\""""; NaN/null where missing (coerces to character).",roster_player_identity,REVIEW_REQUIRED,REVIEW_REQUIRED,CANDIDATE_OR_DERIVED,REQUIRED,RECON_UNIFIED_TEMPORAL_FIELD_REGISTRY_v1.2,true,UNMEASURED_UNTIL_SOURCE_MATERIALIZATION,0,NO_DIRECT_SAMPLE_EVIDENCE_LINKED,NON_JOIN_OR_REVIEW,TEMPORAL_REVIEW_REQUIRED,false,true,PRIMARY,PUBLIC_REPOSITORY_UPSTREAM_TERMS_REVIEW,DERIVED_PUBLIC_REPO_REVIEW,W09 raw-field metadata only; no production feature adoption.
RF-000794,SRC-001,SportsDataverse,game_rosters,age,one row per rostered athlete per game,double,UNMATERIALIZED_OR_NOT_SCANNED,Athlete age in years.,roster_player_identity,REVIEW_REQUIRED,REVIEW_REQUIRED,CANDIDATE_OR_DERIVED,REQUIRED,RECON_UNIFIED_TEMPORAL_FIELD_REGISTRY_v1.2,true,UNMEASURED_UNTIL_SOURCE_MATERIALIZATION,0,NO_DIRECT_SAMPLE_EVIDENCE_LINKED,NON_JOIN_OR_REVIEW,TEMPORAL_REVIEW_REQUIRED,false,true,PRIMARY,PUBLIC_REPOSITORY_UPSTREAM_TERMS_REVIEW,DERIVED_PUBLIC_REPO_REVIEW,W09 raw-field metadata only; no production feature adoption.
RF-000795,SRC-001,SportsDataverse,game_rosters,date_of_birth,one row per rostered athlete per game,character,UNMATERIALIZED_OR_NOT_SCANNED,"ISO date-of-birth timestamp, e.g. ""2002-04-01T08:00Z""; NaN/null where missing.",roster_player_identity,REVIEW_REQUIRED,REVIEW_REQUIRED,CANDIDATE_OR_DERIVED,REQUIRED,RECON_UNIFIED_TEMPORAL_FIELD_REGISTRY_v1.2,true,UNMEASURED_UNTIL_SOURCE_MATERIALIZATION,0,NO_DIRECT_SAMPLE_EVIDENCE_LINKED,NON_JOIN_OR_REVIEW,TEMPORAL_REVIEW_REQUIRED,false,true,PRIMARY,PUBLIC_REPOSITORY_UPSTREAM_TERMS_REVIEW,DERIVED_PUBLIC_REPO_REVIEW,W09 raw-field metadata only; no production feature adoption.
RF-000796,SRC-001,SportsDataverse,game_rosters,jersey,one row per rostered athlete per game,character,UNMATERIALIZED_OR_NOT_SCANNED,"Jersey number as text, e.g. ""0"".",roster_player_identity,REVIEW_REQUIRED,REVIEW_REQUIRED,CANDIDATE_OR_DERIVED,REQUIRED,RECON_UNIFIED_TEMPORAL_FIELD_REGISTRY_v1.2,true,UNMEASURED_UNTIL_SOURCE_MATERIALIZATION,1,NAME_MATCH_ONLY_NOT_POPULATION_EVIDENCE,NON_JOIN_OR_REVIEW,TEMPORAL_REVIEW_REQUIRED,false,true,PRIMARY,PUBLIC_REPOSITORY_UPSTREAM_TERMS_REVIEW,DERIVED_PUBLIC_REPO_REVIEW,W09 raw-field metadata only; no production feature adoption.
RF-000797,SRC-001,SportsDataverse,game_rosters,jersey_right,one row per rostered athlete per game,character,UNMATERIALIZED_OR_NOT_SCANNED,Right-side/duplicate jersey number field as text.,roster_player_identity,REVIEW_REQUIRED,REVIEW_REQUIRED,CANDIDATE_OR_DERIVED,REQUIRED,RECON_UNIFIED_TEMPORAL_FIELD_REGISTRY_v1.2,true,UNMEASURED_UNTIL_SOURCE_MATERIALIZATION,0,NO_DIRECT_SAMPLE_EVIDENCE_LINKED,NON_JOIN_OR_REVIEW,TEMPORAL_REVIEW_REQUIRED,false,true,PRIMARY,PUBLIC_REPOSITORY_UPSTREAM_TERMS_REVIEW,DERIVED_PUBLIC_REPO_REVIEW,W09 raw-field metadata only; no production feature adoption.
RF-000798,SRC-001,SportsDataverse,game_rosters,linked,one row per rostered athlete per game,logical,UNMATERIALIZED_OR_NOT_SCANNED,Whether the athlete record is linked in ESPN's system.,roster_player_identity,REVIEW_REQUIRED,REVIEW_REQUIRED,CANDIDATE_OR_DERIVED,REQUIRED,RECON_UNIFIED_TEMPORAL_FIELD_REGISTRY_v1.2,true,UNMEASURED_UNTIL_SOURCE_MATERIALIZATION,0,NO_DIRECT_SAMPLE_EVIDENCE_LINKED,NON_JOIN_OR_REVIEW,TEMPORAL_REVIEW_REQUIRED,false,true,PRIMARY,PUBLIC_REPOSITORY_UPSTREAM_TERMS_REVIEW,DERIVED_PUBLIC_REPO_REVIEW,W09 raw-field metadata only; no production feature adoption.
RF-000799,SRC-001,SportsDataverse,game_rosters,active,one row per rostered athlete per game,logical,UNMATERIALIZED_OR_NOT_SCANNED,ESPN athlete active flag.,roster_player_identity,REVIEW_REQUIRED,REVIEW_REQUIRED,CANDIDATE_OR_DERIVED,REQUIRED,RECON_UNIFIED_TEMPORAL_FIELD_REGISTRY_v1.2,true,UNMEASURED_UNTIL_SOURCE_MATERIALIZATION,0,NO_DIRECT_SAMPLE_EVIDENCE_LINKED,NON_JOIN_OR_REVIEW,TEMPORAL_REVIEW_REQUIRED,false,true,PRIMARY,PUBLIC_REPOSITORY_UPSTREAM_TERMS_REVIEW,DERIVED_PUBLIC_REPO_REVIEW,W09 raw-field metadata only; no production feature adoption.
RF-000800,SRC-001,SportsDataverse,game_rosters,is_active,one row per rostered athlete per game,logical,UNMATERIALIZED_OR_NOT_SCANNED,Whether the team entry is active for this game.,roster_player_identity,REVIEW_REQUIRED,REVIEW_REQUIRED,CANDIDATE_OR_DERIVED,REQUIRED,RECON_UNIFIED_TEMPORAL_FIELD_REGISTRY_v1.2,true,UNMEASURED_UNTIL_SOURCE_MATERIALIZATION,0,NO_DIRECT_SAMPLE_EVIDENCE_LINKED,NON_JOIN_OR_REVIEW,TEMPORAL_REVIEW_REQUIRED,false,true,PRIMARY,PUBLIC_REPOSITORY_UPSTREAM_TERMS_REVIEW,DERIVED_PUBLIC_REPO_REVIEW,W09 raw-field metadata only; no production feature adoption.
RF-000801,SRC-001,SportsDataverse,game_rosters,is_all_star,one row per rostered athlete per game,logical,UNMATERIALIZED_OR_NOT_SCANNED,All-star flag (false for CFB).,roster_player_identity,REVIEW_REQUIRED,REVIEW_REQUIRED,CANDIDATE_OR_DERIVED,REQUIRED,RECON_UNIFIED_TEMPORAL_FIELD_REGISTRY_v1.2,true,UNMEASURED_UNTIL_SOURCE_MATERIALIZATION,0,NO_DIRECT_SAMPLE_EVIDENCE_LINKED,NON_JOIN_OR_REVIEW,TEMPORAL_REVIEW_REQUIRED,false,true,PRIMARY,PUBLIC_REPOSITORY_UPSTREAM_TERMS_REVIEW,DERIVED_PUBLIC_REPO_REVIEW,W09 raw-field metadata only; no production feature adoption.
RF-000802,SRC-001,SportsDataverse,game_rosters,valid,one row per rostered athlete per game,logical,UNMATERIALIZED_OR_NOT_SCANNED,Whether ESPN marked this roster entry valid.,roster_player_identity,REVIEW_REQUIRED,REVIEW_REQUIRED,CANDIDATE_OR_DERIVED,REQUIRED,RECON_UNIFIED_TEMPORAL_FIELD_REGISTRY_v1.2,true,UNMEASURED_UNTIL_SOURCE_MATERIALIZATION,0,NO_DIRECT_SAMPLE_EVIDENCE_LINKED,NON_JOIN_OR_REVIEW,TEMPORAL_REVIEW_REQUIRED,false,true,PRIMARY,PUBLIC_REPOSITORY_UPSTREAM_TERMS_REVIEW,DERIVED_PUBLIC_REPO_REVIEW,W09 raw-field metadata only; no production feature adoption.
RF-000803,SRC-001,SportsDataverse,game_rosters,starter,one row per rostered athlete per game,logical,UNMATERIALIZED_OR_NOT_SCANNED,Whether the athlete started the game.,roster_player_identity,REVIEW_REQUIRED,REVIEW_REQUIRED,CANDIDATE_OR_DERIVED,REQUIRED,RECON_UNIFIED_TEMPORAL_FIELD_REGISTRY_v1.2,true,UNMEASURED_UNTIL_SOURCE_MATERIALIZATION,0,NO_DIRECT_SAMPLE_EVIDENCE_LINKED,NON_JOIN_OR_REVIEW,TEMPORAL_REVIEW_REQUIRED,false,true,PRIMARY,PUBLIC_REPOSITORY_UPSTREAM_TERMS_REVIEW,DERIVED_PUBLIC_REPO_REVIEW,W09 raw-field metadata only; no production feature adoption.
RF-000804,SRC-001,SportsDataverse,game_rosters,did_not_play,one row per rostered athlete per game,logical,UNMATERIALIZED_OR_NOT_SCANNED,Whether the athlete did not play.,roster_player_identity,REVIEW_REQUIRED,REVIEW_REQUIRED,CANDIDATE_OR_DERIVED,REQUIRED,RECON_UNIFIED_TEMPORAL_FIELD_REGISTRY_v1.2,true,UNMEASURED_UNTIL_SOURCE_MATERIALIZATION,0,NO_DIRECT_SAMPLE_EVIDENCE_LINKED,NON_JOIN_OR_REVIEW,TEMPORAL_REVIEW_REQUIRED,false,true,PRIMARY,PUBLIC_REPOSITORY_UPSTREAM_TERMS_REVIEW,DERIVED_PUBLIC_REPO_REVIEW,W09 raw-field metadata only; no production feature adoption.
RF-000805,SRC-001,SportsDataverse,game_rosters,winner,one row per rostered athlete per game,logical,UNMATERIALIZED_OR_NOT_SCANNED,Whether the athlete's team won the game.,roster_player_identity,REVIEW_REQUIRED,REVIEW_REQUIRED,CANDIDATE_OR_DERIVED,REQUIRED,RECON_UNIFIED_TEMPORAL_FIELD_REGISTRY_v1.2,true,UNMEASURED_UNTIL_SOURCE_MATERIALIZATION,0,NO_DIRECT_SAMPLE_EVIDENCE_LINKED,NON_JOIN_OR_REVIEW,TEMPORAL_REVIEW_REQUIRED,false,true,PRIMARY,PUBLIC_REPOSITORY_UPSTREAM_TERMS_REVIEW,DERIVED_PUBLIC_REPO_REVIEW,W09 raw-field metadata only; no production feature adoption.
RF-000806,SRC-001,SportsDataverse,game_rosters,order,one row per rostered athlete per game,integer,UNMATERIALIZED_OR_NOT_SCANNED,Sort order of the athlete within the team roster listing.,roster_player_identity,REVIEW_REQUIRED,REVIEW_REQUIRED,CANDIDATE_OR_DERIVED,REQUIRED,RECON_UNIFIED_TEMPORAL_FIELD_REGISTRY_v1.2,true,UNMEASURED_UNTIL_SOURCE_MATERIALIZATION,0,NO_DIRECT_SAMPLE_EVIDENCE_LINKED,NON_JOIN_OR_REVIEW,TEMPORAL_REVIEW_REQUIRED,false,true,PRIMARY,PUBLIC_REPOSITORY_UPSTREAM_TERMS_REVIEW,DERIVED_PUBLIC_REPO_REVIEW,W09 raw-field metadata only; no production feature adoption.
RF-000807,SRC-001,SportsDataverse,game_rosters,home_away,one row per rostered athlete per game,character,UNMATERIALIZED_OR_NOT_SCANNED,"""home"" or ""away"" indicating the athlete's team side.",roster_player_identity,REVIEW_REQUIRED,REVIEW_REQUIRED,CANDIDATE_OR_DERIVED,REQUIRED,RECON_UNIFIED_TEMPORAL_FIELD_REGISTRY_v1.2,true,UNMEASURED_UNTIL_SOURCE_MATERIALIZATION,1,NAME_MATCH_ONLY_NOT_POPULATION_EVIDENCE,NON_JOIN_OR_REVIEW,TEMPORAL_REVIEW_REQUIRED,false,true,PRIMARY,PUBLIC_REPOSITORY_UPSTREAM_TERMS_REVIEW,DERIVED_PUBLIC_REPO_REVIEW,W09 raw-field metadata only; no production feature adoption.
RF-000808,SRC-001,SportsDataverse,game_rosters,alternate_ids_sdr,one row per rostered athlete per game,character,UNMATERIALIZED_OR_NOT_SCANNED,"SportsDataR/alternate athlete id, e.g. ""4429071"".",roster_player_identity,REVIEW_REQUIRED,REVIEW_REQUIRED,CANDIDATE_OR_DERIVED,REQUIRED,RECON_UNIFIED_TEMPORAL_FIELD_REGISTRY_v1.2,true,UNMEASURED_UNTIL_SOURCE_MATERIALIZATION,0,NO_DIRECT_SAMPLE_EVIDENCE_LINKED,NON_JOIN_OR_REVIEW,TEMPORAL_REVIEW_REQUIRED,false,true,PRIMARY,PUBLIC_REPOSITORY_UPSTREAM_TERMS_REVIEW,DERIVED_PUBLIC_REPO_REVIEW,W09 raw-field metadata only; no production feature adoption.
RF-000809,SRC-001,SportsDataverse,game_rosters,birth_place_city,one row per rostered athlete per game,character,UNMATERIALIZED_OR_NOT_SCANNED,Birthplace city.,roster_player_identity,REVIEW_REQUIRED,REVIEW_REQUIRED,CANDIDATE_OR_DERIVED,REQUIRED,RECON_UNIFIED_TEMPORAL_FIELD_REGISTRY_v1.2,true,UNMEASURED_UNTIL_SOURCE_MATERIALIZATION,0,NO_DIRECT_SAMPLE_EVIDENCE_LINKED,NON_JOIN_OR_REVIEW,TEMPORAL_REVIEW_REQUIRED,false,true,PRIMARY,PUBLIC_REPOSITORY_UPSTREAM_TERMS_REVIEW,DERIVED_PUBLIC_REPO_REVIEW,W09 raw-field metadata only; no production feature adoption.
RF-000810,SRC-001,SportsDataverse,game_rosters,birth_place_state,one row per rostered athlete per game,character,UNMATERIALIZED_OR_NOT_SCANNED,Birthplace state/province; NaN/null where missing.,roster_player_identity,REVIEW_REQUIRED,REVIEW_REQUIRED,CANDIDATE_OR_DERIVED,REQUIRED,RECON_UNIFIED_TEMPORAL_FIELD_REGISTRY_v1.2,true,UNMEASURED_UNTIL_SOURCE_MATERIALIZATION,0,NO_DIRECT_SAMPLE_EVIDENCE_LINKED,NON_JOIN_OR_REVIEW,TEMPORAL_REVIEW_REQUIRED,false,true,PRIMARY,PUBLIC_REPOSITORY_UPSTREAM_TERMS_REVIEW,DERIVED_PUBLIC_REPO_REVIEW,W09 raw-field metadata only; no production feature adoption.
RF-000811,SRC-001,SportsDataverse,game_rosters,birth_place_country,one row per rostered athlete per game,character,UNMATERIALIZED_OR_NOT_SCANNED,"Birthplace country, e.g. ""USA"".",roster_player_identity,REVIEW_REQUIRED,REVIEW_REQUIRED,CANDIDATE_OR_DERIVED,REQUIRED,RECON_UNIFIED_TEMPORAL_FIELD_REGISTRY_v1.2,true,UNMEASURED_UNTIL_SOURCE_MATERIALIZATION,0,NO_DIRECT_SAMPLE_EVIDENCE_LINKED,NON_JOIN_OR_REVIEW,TEMPORAL_REVIEW_REQUIRED,false,true,PRIMARY,PUBLIC_REPOSITORY_UPSTREAM_TERMS_REVIEW,DERIVED_PUBLIC_REPO_REVIEW,W09 raw-field metadata only; no production feature adoption.
RF-000812,SRC-001,SportsDataverse,game_rosters,birth_country_alternate_id,one row per rostered athlete per game,character,UNMATERIALIZED_OR_NOT_SCANNED,"Alternate id for the birth country, e.g. ""1"".",roster_player_identity,REVIEW_REQUIRED,REVIEW_REQUIRED,CANDIDATE_OR_DERIVED,REQUIRED,RECON_UNIFIED_TEMPORAL_FIELD_REGISTRY_v1.2,true,UNMEASURED_UNTIL_SOURCE_MATERIALIZATION,0,NO_DIRECT_SAMPLE_EVIDENCE_LINKED,NON_JOIN_OR_REVIEW,TEMPORAL_REVIEW_REQUIRED,false,true,PRIMARY,PUBLIC_REPOSITORY_UPSTREAM_TERMS_REVIEW,DERIVED_PUBLIC_REPO_REVIEW,W09 raw-field metadata only; no production feature adoption.
RF-000813,SRC-001,SportsDataverse,game_rosters,birth_country_abbreviation,one row per rostered athlete per game,character,UNMATERIALIZED_OR_NOT_SCANNED,"Birth country abbreviation, e.g. ""USA"".",roster_player_identity,REVIEW_REQUIRED,REVIEW_REQUIRED,CANDIDATE_OR_DERIVED,REQUIRED,RECON_UNIFIED_TEMPORAL_FIELD_REGISTRY_v1.2,true,UNMEASURED_UNTIL_SOURCE_MATERIALIZATION,0,NO_DIRECT_SAMPLE_EVIDENCE_LINKED,NON_JOIN_OR_REVIEW,TEMPORAL_REVIEW_REQUIRED,false,true,PRIMARY,PUBLIC_REPOSITORY_UPSTREAM_TERMS_REVIEW,DERIVED_PUBLIC_REPO_REVIEW,W09 raw-field metadata only; no production feature adoption.
RF-000814,SRC-001,SportsDataverse,game_rosters,headshot_href,one row per rostered athlete per game,character,UNMATERIALIZED_OR_NOT_SCANNED,URL to the athlete headshot image; NaN/null where missing.,roster_player_identity,REVIEW_REQUIRED,REVIEW_REQUIRED,CANDIDATE_OR_DERIVED,REQUIRED,RECON_UNIFIED_TEMPORAL_FIELD_REGISTRY_v1.2,true,UNMEASURED_UNTIL_SOURCE_MATERIALIZATION,0,NO_DIRECT_SAMPLE_EVIDENCE_LINKED,NON_JOIN_OR_REVIEW,TEMPORAL_REVIEW_REQUIRED,false,true,PRIMARY,PUBLIC_REPOSITORY_UPSTREAM_TERMS_REVIEW,DERIVED_PUBLIC_REPO_REVIEW,W09 raw-field metadata only; no production feature adoption.
RF-000815,SRC-001,SportsDataverse,game_rosters,headshot_alt,one row per rostered athlete per game,character,UNMATERIALIZED_OR_NOT_SCANNED,Alt text for the headshot image; NaN/null where missing.,roster_player_identity,REVIEW_REQUIRED,REVIEW_REQUIRED,CANDIDATE_OR_DERIVED,REQUIRED,RECON_UNIFIED_TEMPORAL_FIELD_REGISTRY_v1.2,true,UNMEASURED_UNTIL_SOURCE_MATERIALIZATION,0,NO_DIRECT_SAMPLE_EVIDENCE_LINKED,NON_JOIN_OR_REVIEW,TEMPORAL_REVIEW_REQUIRED,false,true,PRIMARY,PUBLIC_REPOSITORY_UPSTREAM_TERMS_REVIEW,DERIVED_PUBLIC_REPO_REVIEW,W09 raw-field metadata only; no production feature adoption.
RF-000816,SRC-001,SportsDataverse,game_rosters,flag_href,one row per rostered athlete per game,character,UNMATERIALIZED_OR_NOT_SCANNED,URL to the athlete's country flag image.,roster_player_identity,REVIEW_REQUIRED,REVIEW_REQUIRED,CANDIDATE_OR_DERIVED,REQUIRED,RECON_UNIFIED_TEMPORAL_FIELD_REGISTRY_v1.2,true,UNMEASURED_UNTIL_SOURCE_MATERIALIZATION,0,NO_DIRECT_SAMPLE_EVIDENCE_LINKED,NON_JOIN_OR_REVIEW,TEMPORAL_REVIEW_REQUIRED,false,true,PRIMARY,PUBLIC_REPOSITORY_UPSTREAM_TERMS_REVIEW,DERIVED_PUBLIC_REPO_REVIEW,W09 raw-field metadata only; no production feature adoption.
RF-000817,SRC-001,SportsDataverse,game_rosters,flag_alt,one row per rostered athlete per game,character,UNMATERIALIZED_OR_NOT_SCANNED,"Alt text for the flag image, e.g. ""USA"".",roster_player_identity,REVIEW_REQUIRED,REVIEW_REQUIRED,CANDIDATE_OR_DERIVED,REQUIRED,RECON_UNIFIED_TEMPORAL_FIELD_REGISTRY_v1.2,true,UNMEASURED_UNTIL_SOURCE_MATERIALIZATION,0,NO_DIRECT_SAMPLE_EVIDENCE_LINKED,NON_JOIN_OR_REVIEW,TEMPORAL_REVIEW_REQUIRED,false,true,PRIMARY,PUBLIC_REPOSITORY_UPSTREAM_TERMS_REVIEW,DERIVED_PUBLIC_REPO_REVIEW,W09 raw-field metadata only; no production feature adoption.
RF-000818,SRC-001,SportsDataverse,game_rosters,flag_rel,one row per rostered athlete per game,character,UNMATERIALIZED_OR_NOT_SCANNED,"Stringified relation list for the flag, e.g. ""['country-flag']"".",roster_player_identity,REVIEW_REQUIRED,REVIEW_REQUIRED,CANDIDATE_OR_DERIVED,REQUIRED,RECON_UNIFIED_TEMPORAL_FIELD_REGISTRY_v1.2,true,UNMEASURED_UNTIL_SOURCE_MATERIALIZATION,0,NO_DIRECT_SAMPLE_EVIDENCE_LINKED,NON_JOIN_OR_REVIEW,TEMPORAL_REVIEW_REQUIRED,false,true,PRIMARY,PUBLIC_REPOSITORY_UPSTREAM_TERMS_REVIEW,DERIVED_PUBLIC_REPO_REVIEW,W09 raw-field metadata only; no production feature adoption.
RF-000819,SRC-001,SportsDataverse,game_rosters,experience_years,one row per rostered athlete per game,integer,UNMATERIALIZED_OR_NOT_SCANNED,Years of experience.,roster_player_identity,REVIEW_REQUIRED,REVIEW_REQUIRED,CANDIDATE_OR_DERIVED,REQUIRED,RECON_UNIFIED_TEMPORAL_FIELD_REGISTRY_v1.2,true,UNMEASURED_UNTIL_SOURCE_MATERIALIZATION,0,NO_DIRECT_SAMPLE_EVIDENCE_LINKED,NON_JOIN_OR_REVIEW,TEMPORAL_REVIEW_REQUIRED,false,true,PRIMARY,PUBLIC_REPOSITORY_UPSTREAM_TERMS_REVIEW,DERIVED_PUBLIC_REPO_REVIEW,W09 raw-field metadata only; no production feature adoption.
RF-000820,SRC-001,SportsDataverse,game_rosters,experience_display_value,one row per rostered athlete per game,character,UNMATERIALIZED_OR_NOT_SCANNED,"Experience class label, e.g. ""Senior"".",roster_player_identity,REVIEW_REQUIRED,REVIEW_REQUIRED,CANDIDATE_OR_DERIVED,REQUIRED,RECON_UNIFIED_TEMPORAL_FIELD_REGISTRY_v1.2,true,UNMEASURED_UNTIL_SOURCE_MATERIALIZATION,0,NO_DIRECT_SAMPLE_EVIDENCE_LINKED,NON_JOIN_OR_REVIEW,TEMPORAL_REVIEW_REQUIRED,false,true,PRIMARY,PUBLIC_REPOSITORY_UPSTREAM_TERMS_REVIEW,DERIVED_PUBLIC_REPO_REVIEW,W09 raw-field metadata only; no production feature adoption.
RF-000821,SRC-001,SportsDataverse,game_rosters,experience_abbreviation,one row per rostered athlete per game,character,UNMATERIALIZED_OR_NOT_SCANNED,"Experience abbreviation, e.g. ""SR"".",roster_player_identity,REVIEW_REQUIRED,REVIEW_REQUIRED,CANDIDATE_OR_DERIVED,REQUIRED,RECON_UNIFIED_TEMPORAL_FIELD_REGISTRY_v1.2,true,UNMEASURED_UNTIL_SOURCE_MATERIALIZATION,0,NO_DIRECT_SAMPLE_EVIDENCE_LINKED,NON_JOIN_OR_REVIEW,TEMPORAL_REVIEW_REQUIRED,false,true,PRIMARY,PUBLIC_REPOSITORY_UPSTREAM_TERMS_REVIEW,DERIVED_PUBLIC_REPO_REVIEW,W09 raw-field metadata only; no production feature adoption.
RF-000822,SRC-001,SportsDataverse,game_rosters,status_id,one row per rostered athlete per game,character,UNMATERIALIZED_OR_NOT_SCANNED,"Athlete status id as text, e.g. ""2"".",roster_player_identity,REVIEW_REQUIRED,REVIEW_REQUIRED,CANDIDATE_OR_DERIVED,REQUIRED,RECON_UNIFIED_TEMPORAL_FIELD_REGISTRY_v1.2,true,UNMEASURED_UNTIL_SOURCE_MATERIALIZATION,0,NO_DIRECT_SAMPLE_EVIDENCE_LINKED,NON_JOIN_OR_REVIEW,TEMPORAL_REVIEW_REQUIRED,false,true,PRIMARY,PUBLIC_REPOSITORY_UPSTREAM_TERMS_REVIEW,DERIVED_PUBLIC_REPO_REVIEW,W09 raw-field metadata only; no production feature adoption.
RF-000823,SRC-001,SportsDataverse,game_rosters,status_name,one row per rostered athlete per game,character,UNMATERIALIZED_OR_NOT_SCANNED,"Status name, e.g. ""Inactive"".",roster_player_identity,REVIEW_REQUIRED,REVIEW_REQUIRED,CANDIDATE_OR_DERIVED,REQUIRED,RECON_UNIFIED_TEMPORAL_FIELD_REGISTRY_v1.2,true,UNMEASURED_UNTIL_SOURCE_MATERIALIZATION,0,NO_DIRECT_SAMPLE_EVIDENCE_LINKED,NON_JOIN_OR_REVIEW,TEMPORAL_REVIEW_REQUIRED,false,true,PRIMARY,PUBLIC_REPOSITORY_UPSTREAM_TERMS_REVIEW,DERIVED_PUBLIC_REPO_REVIEW,W09 raw-field metadata only; no production feature adoption.
RF-000824,SRC-001,SportsDataverse,game_rosters,status_type,one row per rostered athlete per game,character,UNMATERIALIZED_OR_NOT_SCANNED,"Status type slug, e.g. ""inactive"".",roster_player_identity,REVIEW_REQUIRED,REVIEW_REQUIRED,CANDIDATE_OR_DERIVED,REQUIRED,RECON_UNIFIED_TEMPORAL_FIELD_REGISTRY_v1.2,true,UNMEASURED_UNTIL_SOURCE_MATERIALIZATION,0,NO_DIRECT_SAMPLE_EVIDENCE_LINKED,NON_JOIN_OR_REVIEW,TEMPORAL_REVIEW_REQUIRED,false,true,PRIMARY,PUBLIC_REPOSITORY_UPSTREAM_TERMS_REVIEW,DERIVED_PUBLIC_REPO_REVIEW,W09 raw-field metadata only; no production feature adoption.
RF-000825,SRC-001,SportsDataverse,game_rosters,status_abbreviation,one row per rostered athlete per game,character,UNMATERIALIZED_OR_NOT_SCANNED,"Status abbreviation, e.g. ""Inactive"".",roster_player_identity,REVIEW_REQUIRED,REVIEW_REQUIRED,CANDIDATE_OR_DERIVED,REQUIRED,RECON_UNIFIED_TEMPORAL_FIELD_REGISTRY_v1.2,true,UNMEASURED_UNTIL_SOURCE_MATERIALIZATION,0,NO_DIRECT_SAMPLE_EVIDENCE_LINKED,NON_JOIN_OR_REVIEW,TEMPORAL_REVIEW_REQUIRED,false,true,PRIMARY,PUBLIC_REPOSITORY_UPSTREAM_TERMS_REVIEW,DERIVED_PUBLIC_REPO_REVIEW,W09 raw-field metadata only; no production feature adoption.
RF-000826,SRC-001,SportsDataverse,game_rosters,hand_type,one row per rostered athlete per game,character,UNMATERIALIZED_OR_NOT_SCANNED,Handedness type; NaN/null where missing.,roster_player_identity,REVIEW_REQUIRED,REVIEW_REQUIRED,CANDIDATE_OR_DERIVED,REQUIRED,RECON_UNIFIED_TEMPORAL_FIELD_REGISTRY_v1.2,true,UNMEASURED_UNTIL_SOURCE_MATERIALIZATION,0,NO_DIRECT_SAMPLE_EVIDENCE_LINKED,NON_JOIN_OR_REVIEW,TEMPORAL_REVIEW_REQUIRED,false,true,PRIMARY,PUBLIC_REPOSITORY_UPSTREAM_TERMS_REVIEW,DERIVED_PUBLIC_REPO_REVIEW,W09 raw-field metadata only; no production feature adoption.
RF-000827,SRC-001,SportsDataverse,game_rosters,hand_abbreviation,one row per rostered athlete per game,character,UNMATERIALIZED_OR_NOT_SCANNED,Handedness abbreviation; NaN/null where missing.,roster_player_identity,REVIEW_REQUIRED,REVIEW_REQUIRED,CANDIDATE_OR_DERIVED,REQUIRED,RECON_UNIFIED_TEMPORAL_FIELD_REGISTRY_v1.2,true,UNMEASURED_UNTIL_SOURCE_MATERIALIZATION,0,NO_DIRECT_SAMPLE_EVIDENCE_LINKED,NON_JOIN_OR_REVIEW,TEMPORAL_REVIEW_REQUIRED,false,true,PRIMARY,PUBLIC_REPOSITORY_UPSTREAM_TERMS_REVIEW,DERIVED_PUBLIC_REPO_REVIEW,W09 raw-field metadata only; no production feature adoption.
RF-000828,SRC-001,SportsDataverse,game_rosters,hand_display_value,one row per rostered athlete per game,character,UNMATERIALIZED_OR_NOT_SCANNED,Handedness display value; NaN/null where missing.,roster_player_identity,REVIEW_REQUIRED,REVIEW_REQUIRED,CANDIDATE_OR_DERIVED,REQUIRED,RECON_UNIFIED_TEMPORAL_FIELD_REGISTRY_v1.2,true,UNMEASURED_UNTIL_SOURCE_MATERIALIZATION,0,NO_DIRECT_SAMPLE_EVIDENCE_LINKED,NON_JOIN_OR_REVIEW,TEMPORAL_REVIEW_REQUIRED,false,true,PRIMARY,PUBLIC_REPOSITORY_UPSTREAM_TERMS_REVIEW,DERIVED_PUBLIC_REPO_REVIEW,W09 raw-field metadata only; no production feature adoption.
RF-000829,SRC-001,SportsDataverse,game_rosters,athlete_href,one row per rostered athlete per game,character,UNMATERIALIZED_OR_NOT_SCANNED,ESPN core API athlete reference URL.,roster_player_identity,REVIEW_REQUIRED,REVIEW_REQUIRED,CANDIDATE_OR_DERIVED,REQUIRED,RECON_UNIFIED_TEMPORAL_FIELD_REGISTRY_v1.2,true,UNMEASURED_UNTIL_SOURCE_MATERIALIZATION,0,NO_DIRECT_SAMPLE_EVIDENCE_LINKED,NON_JOIN_OR_REVIEW,TEMPORAL_REVIEW_REQUIRED,false,true,PRIMARY,PUBLIC_REPOSITORY_UPSTREAM_TERMS_REVIEW,DERIVED_PUBLIC_REPO_REVIEW,W09 raw-field metadata only; no production feature adoption.
RF-000830,SRC-001,SportsDataverse,game_rosters,position_href,one row per rostered athlete per game,character,UNMATERIALIZED_OR_NOT_SCANNED,ESPN core API position reference URL for the athlete.,roster_player_identity,REVIEW_REQUIRED,REVIEW_REQUIRED,CANDIDATE_OR_DERIVED,REQUIRED,RECON_UNIFIED_TEMPORAL_FIELD_REGISTRY_v1.2,true,UNMEASURED_UNTIL_SOURCE_MATERIALIZATION,0,NO_DIRECT_SAMPLE_EVIDENCE_LINKED,NON_JOIN_OR_REVIEW,TEMPORAL_REVIEW_REQUIRED,false,true,PRIMARY,PUBLIC_REPOSITORY_UPSTREAM_TERMS_REVIEW,DERIVED_PUBLIC_REPO_REVIEW,W09 raw-field metadata only; no production feature adoption.
RF-000831,SRC-001,SportsDataverse,game_rosters,statistics_href,one row per rostered athlete per game,character,UNMATERIALIZED_OR_NOT_SCANNED,ESPN core API statistics reference URL; NaN/null where missing.,roster_player_identity,REVIEW_REQUIRED,REVIEW_REQUIRED,CANDIDATE_OR_DERIVED,REQUIRED,RECON_UNIFIED_TEMPORAL_FIELD_REGISTRY_v1.2,true,UNMEASURED_UNTIL_SOURCE_MATERIALIZATION,0,NO_DIRECT_SAMPLE_EVIDENCE_LINKED,NON_JOIN_OR_REVIEW,TEMPORAL_REVIEW_REQUIRED,false,true,PRIMARY,PUBLIC_REPOSITORY_UPSTREAM_TERMS_REVIEW,DERIVED_PUBLIC_REPO_REVIEW,W09 raw-field metadata only; no production feature adoption.
RF-000832,SRC-001,SportsDataverse,game_rosters,team_id,one row per rostered athlete per game,integer,UNMATERIALIZED_OR_NOT_SCANNED,ESPN team id for the athlete's team (e.g. 194).,roster_player_identity,REVIEW_REQUIRED,REVIEW_REQUIRED,CANDIDATE_OR_DERIVED,REQUIRED,RECON_UNIFIED_TEMPORAL_FIELD_REGISTRY_v1.2,true,UNMEASURED_UNTIL_SOURCE_MATERIALIZATION,3,NAME_MATCH_ONLY_NOT_POPULATION_EVIDENCE,NON_JOIN_OR_REVIEW,TEMPORAL_REVIEW_REQUIRED,false,true,PRIMARY,PUBLIC_REPOSITORY_UPSTREAM_TERMS_REVIEW,DERIVED_PUBLIC_REPO_REVIEW,W09 raw-field metadata only; no production feature adoption.
RF-000833,SRC-001,SportsDataverse,game_rosters,team_guid,one row per rostered athlete per game,character,UNMATERIALIZED_OR_NOT_SCANNED,Team GUID.,roster_player_identity,REVIEW_REQUIRED,REVIEW_REQUIRED,CANDIDATE_OR_DERIVED,REQUIRED,RECON_UNIFIED_TEMPORAL_FIELD_REGISTRY_v1.2,true,UNMEASURED_UNTIL_SOURCE_MATERIALIZATION,0,NO_DIRECT_SAMPLE_EVIDENCE_LINKED,NON_JOIN_OR_REVIEW,TEMPORAL_REVIEW_REQUIRED,false,true,PRIMARY,PUBLIC_REPOSITORY_UPSTREAM_TERMS_REVIEW,DERIVED_PUBLIC_REPO_REVIEW,W09 raw-field metadata only; no production feature adoption.
RF-000834,SRC-001,SportsDataverse,game_rosters,team_uid,one row per rostered athlete per game,character,UNMATERIALIZED_OR_NOT_SCANNED,"Team uid string, e.g. ""s:20~l:23~t:194"".",roster_player_identity,REVIEW_REQUIRED,REVIEW_REQUIRED,CANDIDATE_OR_DERIVED,REQUIRED,RECON_UNIFIED_TEMPORAL_FIELD_REGISTRY_v1.2,true,UNMEASURED_UNTIL_SOURCE_MATERIALIZATION,0,NO_DIRECT_SAMPLE_EVIDENCE_LINKED,NON_JOIN_OR_REVIEW,TEMPORAL_REVIEW_REQUIRED,false,true,PRIMARY,PUBLIC_REPOSITORY_UPSTREAM_TERMS_REVIEW,DERIVED_PUBLIC_REPO_REVIEW,W09 raw-field metadata only; no production feature adoption.
RF-000835,SRC-001,SportsDataverse,game_rosters,team_slug,one row per rostered athlete per game,character,UNMATERIALIZED_OR_NOT_SCANNED,"Team slug, e.g. ""ohio-state-buckeyes"".",roster_player_identity,REVIEW_REQUIRED,REVIEW_REQUIRED,CANDIDATE_OR_DERIVED,REQUIRED,RECON_UNIFIED_TEMPORAL_FIELD_REGISTRY_v1.2,true,UNMEASURED_UNTIL_SOURCE_MATERIALIZATION,0,NO_DIRECT_SAMPLE_EVIDENCE_LINKED,NON_JOIN_OR_REVIEW,TEMPORAL_REVIEW_REQUIRED,false,true,PRIMARY,PUBLIC_REPOSITORY_UPSTREAM_TERMS_REVIEW,DERIVED_PUBLIC_REPO_REVIEW,W09 raw-field metadata only; no production feature adoption.
RF-000836,SRC-001,SportsDataverse,game_rosters,team_location,one row per rostered athlete per game,character,UNMATERIALIZED_OR_NOT_SCANNED,"Team location/school name, e.g. ""Ohio State"".",roster_player_identity,REVIEW_REQUIRED,REVIEW_REQUIRED,CANDIDATE_OR_DERIVED,REQUIRED,RECON_UNIFIED_TEMPORAL_FIELD_REGISTRY_v1.2,true,UNMEASURED_UNTIL_SOURCE_MATERIALIZATION,0,NO_DIRECT_SAMPLE_EVIDENCE_LINKED,NON_JOIN_OR_REVIEW,TEMPORAL_REVIEW_REQUIRED,false,true,PRIMARY,PUBLIC_REPOSITORY_UPSTREAM_TERMS_REVIEW,DERIVED_PUBLIC_REPO_REVIEW,W09 raw-field metadata only; no production feature adoption.
RF-000837,SRC-001,SportsDataverse,game_rosters,team_name,one row per rostered athlete per game,character,UNMATERIALIZED_OR_NOT_SCANNED,"Team mascot/nickname, e.g. ""Buckeyes"".",roster_player_identity,REVIEW_REQUIRED,REVIEW_REQUIRED,CANDIDATE_OR_DERIVED,REQUIRED,RECON_UNIFIED_TEMPORAL_FIELD_REGISTRY_v1.2,true,UNMEASURED_UNTIL_SOURCE_MATERIALIZATION,0,NO_DIRECT_SAMPLE_EVIDENCE_LINKED,NON_JOIN_OR_REVIEW,TEMPORAL_REVIEW_REQUIRED,false,true,PRIMARY,PUBLIC_REPOSITORY_UPSTREAM_TERMS_REVIEW,DERIVED_PUBLIC_REPO_REVIEW,W09 raw-field metadata only; no production feature adoption.
RF-000838,SRC-001,SportsDataverse,game_rosters,team_nickname,one row per rostered athlete per game,character,UNMATERIALIZED_OR_NOT_SCANNED,"Team nickname field, e.g. ""Ohio State"".",roster_player_identity,REVIEW_REQUIRED,REVIEW_REQUIRED,CANDIDATE_OR_DERIVED,REQUIRED,RECON_UNIFIED_TEMPORAL_FIELD_REGISTRY_v1.2,true,UNMEASURED_UNTIL_SOURCE_MATERIALIZATION,0,NO_DIRECT_SAMPLE_EVIDENCE_LINKED,NON_JOIN_OR_REVIEW,TEMPORAL_REVIEW_REQUIRED,false,true,PRIMARY,PUBLIC_REPOSITORY_UPSTREAM_TERMS_REVIEW,DERIVED_PUBLIC_REPO_REVIEW,W09 raw-field metadata only; no production feature adoption.
RF-000839,SRC-001,SportsDataverse,game_rosters,team_abbreviation,one row per rostered athlete per game,character,UNMATERIALIZED_OR_NOT_SCANNED,"Team abbreviation, e.g. ""OSU"".",roster_player_identity,REVIEW_REQUIRED,REVIEW_REQUIRED,CANDIDATE_OR_DERIVED,REQUIRED,RECON_UNIFIED_TEMPORAL_FIELD_REGISTRY_v1.2,true,UNMEASURED_UNTIL_SOURCE_MATERIALIZATION,1,NAME_MATCH_ONLY_NOT_POPULATION_EVIDENCE,NON_JOIN_OR_REVIEW,TEMPORAL_REVIEW_REQUIRED,false,true,PRIMARY,PUBLIC_REPOSITORY_UPSTREAM_TERMS_REVIEW,DERIVED_PUBLIC_REPO_REVIEW,W09 raw-field metadata only; no production feature adoption.
RF-000840,SRC-001,SportsDataverse,game_rosters,team_display_name,one row per rostered athlete per game,character,UNMATERIALIZED_OR_NOT_SCANNED,"Full team display name, e.g. ""Ohio State Buckeyes"".",roster_player_identity,REVIEW_REQUIRED,REVIEW_REQUIRED,CANDIDATE_OR_DERIVED,REQUIRED,RECON_UNIFIED_TEMPORAL_FIELD_REGISTRY_v1.2,true,UNMEASURED_UNTIL_SOURCE_MATERIALIZATION,1,NAME_MATCH_ONLY_NOT_POPULATION_EVIDENCE,NON_JOIN_OR_REVIEW,TEMPORAL_REVIEW_REQUIRED,false,true,PRIMARY,PUBLIC_REPOSITORY_UPSTREAM_TERMS_REVIEW,DERIVED_PUBLIC_REPO_REVIEW,W09 raw-field metadata only; no production feature adoption.
RF-000841,SRC-001,SportsDataverse,game_rosters,team_short_display_name,one row per rostered athlete per game,character,UNMATERIALIZED_OR_NOT_SCANNED,"Short team display name, e.g. ""Ohio State"".",roster_player_identity,REVIEW_REQUIRED,REVIEW_REQUIRED,CANDIDATE_OR_DERIVED,REQUIRED,RECON_UNIFIED_TEMPORAL_FIELD_REGISTRY_v1.2,true,UNMEASURED_UNTIL_SOURCE_MATERIALIZATION,0,NO_DIRECT_SAMPLE_EVIDENCE_LINKED,NON_JOIN_OR_REVIEW,TEMPORAL_REVIEW_REQUIRED,false,true,PRIMARY,PUBLIC_REPOSITORY_UPSTREAM_TERMS_REVIEW,DERIVED_PUBLIC_REPO_REVIEW,W09 raw-field metadata only; no production feature adoption.
RF-000842,SRC-001,SportsDataverse,game_rosters,team_color,one row per rostered athlete per game,character,UNMATERIALIZED_OR_NOT_SCANNED,"Primary team color hex (no leading #), e.g. ""ba0c2f"".",roster_player_identity,REVIEW_REQUIRED,REVIEW_REQUIRED,CANDIDATE_OR_DERIVED,REQUIRED,RECON_UNIFIED_TEMPORAL_FIELD_REGISTRY_v1.2,true,UNMEASURED_UNTIL_SOURCE_MATERIALIZATION,0,NO_DIRECT_SAMPLE_EVIDENCE_LINKED,NON_JOIN_OR_REVIEW,TEMPORAL_REVIEW_REQUIRED,false,true,PRIMARY,PUBLIC_REPOSITORY_UPSTREAM_TERMS_REVIEW,DERIVED_PUBLIC_REPO_REVIEW,W09 raw-field metadata only; no production feature adoption.
RF-000843,SRC-001,SportsDataverse,game_rosters,team_alternate_color,one row per rostered athlete per game,character,UNMATERIALIZED_OR_NOT_SCANNED,"Alternate team color hex, e.g. ""a8adb4"".",roster_player_identity,REVIEW_REQUIRED,REVIEW_REQUIRED,CANDIDATE_OR_DERIVED,REQUIRED,RECON_UNIFIED_TEMPORAL_FIELD_REGISTRY_v1.2,true,UNMEASURED_UNTIL_SOURCE_MATERIALIZATION,0,NO_DIRECT_SAMPLE_EVIDENCE_LINKED,NON_JOIN_OR_REVIEW,TEMPORAL_REVIEW_REQUIRED,false,true,PRIMARY,PUBLIC_REPOSITORY_UPSTREAM_TERMS_REVIEW,DERIVED_PUBLIC_REPO_REVIEW,W09 raw-field metadata only; no production feature adoption.
RF-000844,SRC-001,SportsDataverse,game_rosters,team_alternate_ids_sdr,one row per rostered athlete per game,character,UNMATERIALIZED_OR_NOT_SCANNED,"Alternate SportsDataR team id, e.g. ""7014"".",roster_player_identity,REVIEW_REQUIRED,REVIEW_REQUIRED,CANDIDATE_OR_DERIVED,REQUIRED,RECON_UNIFIED_TEMPORAL_FIELD_REGISTRY_v1.2,true,UNMEASURED_UNTIL_SOURCE_MATERIALIZATION,0,NO_DIRECT_SAMPLE_EVIDENCE_LINKED,NON_JOIN_OR_REVIEW,TEMPORAL_REVIEW_REQUIRED,false,true,PRIMARY,PUBLIC_REPOSITORY_UPSTREAM_TERMS_REVIEW,DERIVED_PUBLIC_REPO_REVIEW,W09 raw-field metadata only; no production feature adoption.
RF-000845,SRC-001,SportsDataverse,game_rosters,logo_href,one row per rostered athlete per game,character,UNMATERIALIZED_OR_NOT_SCANNED,URL to the team logo image.,roster_player_identity,REVIEW_REQUIRED,REVIEW_REQUIRED,CANDIDATE_OR_DERIVED,REQUIRED,RECON_UNIFIED_TEMPORAL_FIELD_REGISTRY_v1.2,true,UNMEASURED_UNTIL_SOURCE_MATERIALIZATION,0,NO_DIRECT_SAMPLE_EVIDENCE_LINKED,NON_JOIN_OR_REVIEW,TEMPORAL_REVIEW_REQUIRED,false,true,PRIMARY,PUBLIC_REPOSITORY_UPSTREAM_TERMS_REVIEW,DERIVED_PUBLIC_REPO_REVIEW,W09 raw-field metadata only; no production feature adoption.
RF-000846,SRC-001,SportsDataverse,game_rosters,logo_dark_href,one row per rostered athlete per game,character,UNMATERIALIZED_OR_NOT_SCANNED,URL to the dark-mode team logo image.,roster_player_identity,REVIEW_REQUIRED,REVIEW_REQUIRED,CANDIDATE_OR_DERIVED,REQUIRED,RECON_UNIFIED_TEMPORAL_FIELD_REGISTRY_v1.2,true,UNMEASURED_UNTIL_SOURCE_MATERIALIZATION,0,NO_DIRECT_SAMPLE_EVIDENCE_LINKED,NON_JOIN_OR_REVIEW,TEMPORAL_REVIEW_REQUIRED,false,true,PRIMARY,PUBLIC_REPOSITORY_UPSTREAM_TERMS_REVIEW,DERIVED_PUBLIC_REPO_REVIEW,W09 raw-field metadata only; no production feature adoption.
RF-000847,SRC-001,SportsDataverse,betting,game_id,one row per game,integer,UNMATERIALIZED_OR_NOT_SCANNED,"ESPN game/event id, stamped onto every betting row from the enriched game's `id`/`gameId`; the join key back to other release datasets.",market_betting,PREGAME_POSSIBLE_ONLY_WITH_ASOF_SNAPSHOT,ASOF_RECONSTRUCTION_REQUIRED,CANDIDATE_OR_DERIVED,REQUIRED,RECON_UNIFIED_TEMPORAL_FIELD_REGISTRY_v1.2,true,UNMEASURED_UNTIL_SOURCE_MATERIALIZATION,8,NAME_MATCH_ONLY_NOT_POPULATION_EVIDENCE,NON_JOIN_OR_REVIEW,ASOF_RECONSTRUCTION_REQUIRED,true,true,PRIMARY,PUBLIC_REPOSITORY_UPSTREAM_TERMS_REVIEW,DERIVED_PUBLIC_REPO_REVIEW,W09 raw-field metadata only; no production feature adoption.
RF-000848,SRC-001,SportsDataverse,betting,season,one row per game,integer,UNMATERIALIZED_OR_NOT_SCANNED,"Season year the game belongs to (e.g. 2024, 2026), stamped from the enriched game payload.",market_betting,PREGAME_POSSIBLE_ONLY_WITH_ASOF_SNAPSHOT,ASOF_RECONSTRUCTION_REQUIRED,CANDIDATE_OR_DERIVED,REQUIRED,RECON_UNIFIED_TEMPORAL_FIELD_REGISTRY_v1.2,true,UNMEASURED_UNTIL_SOURCE_MATERIALIZATION,10,NAME_MATCH_ONLY_NOT_POPULATION_EVIDENCE,NON_JOIN_OR_REVIEW,ASOF_RECONSTRUCTION_REQUIRED,true,true,PRIMARY,PUBLIC_REPOSITORY_UPSTREAM_TERMS_REVIEW,DERIVED_PUBLIC_REPO_REVIEW,W09 raw-field metadata only; no production feature adoption.
RF-000849,SRC-001,SportsDataverse,betting,week,one row per game,integer,UNMATERIALIZED_OR_NOT_SCANNED,"Week number within the season, stamped from the enriched game payload.",market_betting,PREGAME_POSSIBLE_ONLY_WITH_ASOF_SNAPSHOT,ASOF_RECONSTRUCTION_REQUIRED,CANDIDATE_OR_DERIVED,REQUIRED,RECON_UNIFIED_TEMPORAL_FIELD_REGISTRY_v1.2,true,UNMEASURED_UNTIL_SOURCE_MATERIALIZATION,5,NAME_MATCH_ONLY_NOT_POPULATION_EVIDENCE,NON_JOIN_OR_REVIEW,ASOF_RECONSTRUCTION_REQUIRED,true,true,PRIMARY,PUBLIC_REPOSITORY_UPSTREAM_TERMS_REVIEW,DERIVED_PUBLIC_REPO_REVIEW,W09 raw-field metadata only; no production feature adoption.
RF-000850,SRC-001,SportsDataverse,betting,game_spread,one row per game,double,UNMATERIALIZED_OR_NOT_SCANNED,"Resolved point spread for the game (favorite's line, negative when the favorite is laying points; here -48.5). Single scalar selected by the R reshape from the underlying odds payloads according to `odds_source`.",market_betting,PREGAME_POSSIBLE_ONLY_WITH_ASOF_SNAPSHOT,ASOF_RECONSTRUCTION_REQUIRED,CANDIDATE_OR_DERIVED,REQUIRED,RECON_UNIFIED_TEMPORAL_FIELD_REGISTRY_v1.2,true,UNMEASURED_UNTIL_SOURCE_MATERIALIZATION,1,NAME_MATCH_ONLY_NOT_POPULATION_EVIDENCE,NON_JOIN_OR_REVIEW,ASOF_RECONSTRUCTION_REQUIRED,true,true,PRIMARY,PUBLIC_REPOSITORY_UPSTREAM_TERMS_REVIEW,DERIVED_PUBLIC_REPO_REVIEW,W09 raw-field metadata only; no production feature adoption.
RF-000851,SRC-001,SportsDataverse,betting,over_under,one row per game,double,UNMATERIALIZED_OR_NOT_SCANNED,Resolved over/under (total points) line for the game (e.g. 55.5). Selected alongside `game_spread` per `odds_source`.,market_betting,PREGAME_POSSIBLE_ONLY_WITH_ASOF_SNAPSHOT,ASOF_RECONSTRUCTION_REQUIRED,CANDIDATE_OR_DERIVED,REQUIRED,RECON_UNIFIED_TEMPORAL_FIELD_REGISTRY_v1.2,true,UNMEASURED_UNTIL_SOURCE_MATERIALIZATION,1,NAME_MATCH_ONLY_NOT_POPULATION_EVIDENCE,NON_JOIN_OR_REVIEW,ASOF_RECONSTRUCTION_REQUIRED,true,true,PRIMARY,PUBLIC_REPOSITORY_UPSTREAM_TERMS_REVIEW,DERIVED_PUBLIC_REPO_REVIEW,W09 raw-field metadata only; no production feature adoption.
RF-000852,SRC-001,SportsDataverse,betting,home_favorite,one row per game,logical,UNMATERIALIZED_OR_NOT_SCANNED,"TRUE when the home team is the betting favorite, FALSE when the away team is favored. Derived from the sign/side of the resolved spread.",market_betting,PREGAME_POSSIBLE_ONLY_WITH_ASOF_SNAPSHOT,ASOF_RECONSTRUCTION_REQUIRED,CANDIDATE_OR_DERIVED,REQUIRED,RECON_UNIFIED_TEMPORAL_FIELD_REGISTRY_v1.2,true,UNMEASURED_UNTIL_SOURCE_MATERIALIZATION,1,NAME_MATCH_ONLY_NOT_POPULATION_EVIDENCE,NON_JOIN_OR_REVIEW,ASOF_RECONSTRUCTION_REQUIRED,true,true,PRIMARY,PUBLIC_REPOSITORY_UPSTREAM_TERMS_REVIEW,DERIVED_PUBLIC_REPO_REVIEW,W09 raw-field metadata only; no production feature adoption.
RF-000853,SRC-001,SportsDataverse,betting,home_team_spread,one row per game,double,UNMATERIALIZED_OR_NOT_SCANNED,Resolved spread expressed from the home team's perspective (negative when home is favored; matches `game_spread` when `home_favorite` is TRUE).,market_betting,PREGAME_POSSIBLE_ONLY_WITH_ASOF_SNAPSHOT,ASOF_RECONSTRUCTION_REQUIRED,CANDIDATE_OR_DERIVED,REQUIRED,RECON_UNIFIED_TEMPORAL_FIELD_REGISTRY_v1.2,true,UNMEASURED_UNTIL_SOURCE_MATERIALIZATION,1,NAME_MATCH_ONLY_NOT_POPULATION_EVIDENCE,NON_JOIN_OR_REVIEW,ASOF_RECONSTRUCTION_REQUIRED,true,true,PRIMARY,PUBLIC_REPOSITORY_UPSTREAM_TERMS_REVIEW,DERIVED_PUBLIC_REPO_REVIEW,W09 raw-field metadata only; no production feature adoption.
RF-000854,SRC-001,SportsDataverse,betting,game_spread_available,one row per game,logical,UNMATERIALIZED_OR_NOT_SCANNED,"TRUE when a usable spread/total was resolved for the game, FALSE when no odds were available (in which case the numeric odds fields fall back to defaults / NA).",market_betting,PREGAME_POSSIBLE_ONLY_WITH_ASOF_SNAPSHOT,ASOF_RECONSTRUCTION_REQUIRED,CANDIDATE_OR_DERIVED,REQUIRED,RECON_UNIFIED_TEMPORAL_FIELD_REGISTRY_v1.2,true,UNMEASURED_UNTIL_SOURCE_MATERIALIZATION,1,NAME_MATCH_ONLY_NOT_POPULATION_EVIDENCE,NON_JOIN_OR_REVIEW,ASOF_RECONSTRUCTION_REQUIRED,true,true,PRIMARY,PUBLIC_REPOSITORY_UPSTREAM_TERMS_REVIEW,DERIVED_PUBLIC_REPO_REVIEW,W09 raw-field metadata only; no production feature adoption.
RF-000855,SRC-001,SportsDataverse,betting,odds_source,one row per game,character,UNMATERIALIZED_OR_NOT_SCANNED,"Provenance of the resolved odds, indicating which upstream payload the scalar fields were taken from: `summary_pickcenter` (ESPN summary pickcenter), `core_odds_api` (ESPN core odds API items), `default` (hardcoded fallback when no odds found), or `injected` (manually supplied/override).",market_betting,PREGAME_POSSIBLE_ONLY_WITH_ASOF_SNAPSHOT,ASOF_RECONSTRUCTION_REQUIRED,CANDIDATE_OR_DERIVED,REQUIRED,RECON_UNIFIED_TEMPORAL_FIELD_REGISTRY_v1.2,true,UNMEASURED_UNTIL_SOURCE_MATERIALIZATION,1,NAME_MATCH_ONLY_NOT_POPULATION_EVIDENCE,NON_JOIN_OR_REVIEW,ASOF_RECONSTRUCTION_REQUIRED,true,true,PRIMARY,PUBLIC_REPOSITORY_UPSTREAM_TERMS_REVIEW,DERIVED_PUBLIC_REPO_REVIEW,W09 raw-field metadata only; no production feature adoption.
RF-000856,SRC-001,SportsDataverse,schedules,game_id,one row per game,integer,UNMATERIALIZED_OR_NOT_SCANNED,"ESPN game/event id, stamped from top-level `id`/`gameId` (e.g. 401628455). Primary key, one per game.",identity_metadata,PREGAME_CONTEXT_OR_POSTGAME_METADATA_REQUIRES_COLUMN_REVIEW,CURRENT_GAME_OR_POSTGAME_NOT_DIRECT_PREGAME,JOIN_OR_METADATA,REQUIRED,RECON_UNIFIED_TEMPORAL_FIELD_REGISTRY_v1.2,true,UNMEASURED_UNTIL_SOURCE_MATERIALIZATION,8,NAME_MATCH_ONLY_NOT_POPULATION_EVIDENCE,JOIN_OR_METADATA,EVIDENCE_OR_METADATA_ONLY,false,true,PRIMARY,PUBLIC_REPOSITORY_UPSTREAM_TERMS_REVIEW,DERIVED_PUBLIC_REPO_REVIEW,W09 raw-field metadata only; no production feature adoption.
RF-000857,SRC-001,SportsDataverse,schedules,season,one row per game,integer,UNMATERIALIZED_OR_NOT_SCANNED,"Season year the game belongs to, stamped from top-level `season` (e.g. 2024).",other,PREGAME_CONTEXT_OR_POSTGAME_METADATA_REQUIRES_COLUMN_REVIEW,CURRENT_GAME_OR_POSTGAME_NOT_DIRECT_PREGAME,CANDIDATE_OR_DERIVED,REQUIRED,RECON_UNIFIED_TEMPORAL_FIELD_REGISTRY_v1.2,true,UNMEASURED_UNTIL_SOURCE_MATERIALIZATION,10,NAME_MATCH_ONLY_NOT_POPULATION_EVIDENCE,NON_JOIN_OR_REVIEW,HISTORICAL_OR_LIVE_DERIVATION_ONLY,false,true,PRIMARY,PUBLIC_REPOSITORY_UPSTREAM_TERMS_REVIEW,DERIVED_PUBLIC_REPO_REVIEW,W09 raw-field metadata only; no production feature adoption.
RF-000858,SRC-001,SportsDataverse,schedules,week,one row per game,integer,UNMATERIALIZED_OR_NOT_SCANNED,"Week number within the season, stamped from top-level `week` (e.g. 1).",other,PREGAME_CONTEXT_OR_POSTGAME_METADATA_REQUIRES_COLUMN_REVIEW,CURRENT_GAME_OR_POSTGAME_NOT_DIRECT_PREGAME,CANDIDATE_OR_DERIVED,REQUIRED,RECON_UNIFIED_TEMPORAL_FIELD_REGISTRY_v1.2,true,UNMEASURED_UNTIL_SOURCE_MATERIALIZATION,5,NAME_MATCH_ONLY_NOT_POPULATION_EVIDENCE,NON_JOIN_OR_REVIEW,HISTORICAL_OR_LIVE_DERIVATION_ONLY,false,true,PRIMARY,PUBLIC_REPOSITORY_UPSTREAM_TERMS_REVIEW,DERIVED_PUBLIC_REPO_REVIEW,W09 raw-field metadata only; no production feature adoption.
RF-000859,SRC-001,SportsDataverse,schedules,season_type,one row per game,integer,UNMATERIALIZED_OR_NOT_SCANNED,"ESPN season-type code stamped from top-level `season_type` (2 = regular season, 3 = postseason).",other,PREGAME_CONTEXT_OR_POSTGAME_METADATA_REQUIRES_COLUMN_REVIEW,CURRENT_GAME_OR_POSTGAME_NOT_DIRECT_PREGAME,CANDIDATE_OR_DERIVED,REQUIRED,RECON_UNIFIED_TEMPORAL_FIELD_REGISTRY_v1.2,true,UNMEASURED_UNTIL_SOURCE_MATERIALIZATION,1,NAME_MATCH_ONLY_NOT_POPULATION_EVIDENCE,NON_JOIN_OR_REVIEW,HISTORICAL_OR_LIVE_DERIVATION_ONLY,false,true,PRIMARY,PUBLIC_REPOSITORY_UPSTREAM_TERMS_REVIEW,DERIVED_PUBLIC_REPO_REVIEW,W09 raw-field metadata only; no production feature adoption.
RF-000860,SRC-001,SportsDataverse,schedules,game_date,one row per game,character,UNMATERIALIZED_OR_NOT_SCANNED,"Kickoff datetime in ISO-8601 UTC from `header.competitions[0].date` (e.g. ""2024-08-31T19:30Z"").",other,PREGAME_CONTEXT_OR_POSTGAME_METADATA_REQUIRES_COLUMN_REVIEW,CURRENT_GAME_OR_POSTGAME_NOT_DIRECT_PREGAME,CANDIDATE_OR_DERIVED,REQUIRED,RECON_UNIFIED_TEMPORAL_FIELD_REGISTRY_v1.2,true,UNMEASURED_UNTIL_SOURCE_MATERIALIZATION,1,NAME_MATCH_ONLY_NOT_POPULATION_EVIDENCE,NON_JOIN_OR_REVIEW,HISTORICAL_OR_LIVE_DERIVATION_ONLY,false,true,PRIMARY,PUBLIC_REPOSITORY_UPSTREAM_TERMS_REVIEW,DERIVED_PUBLIC_REPO_REVIEW,W09 raw-field metadata only; no production feature adoption.
RF-000861,SRC-001,SportsDataverse,schedules,neutral_site,one row per game,logical,UNMATERIALIZED_OR_NOT_SCANNED,"Whether the game was played at a neutral site, from `header.competitions[0].neutralSite`.",other,PREGAME_CONTEXT_OR_POSTGAME_METADATA_REQUIRES_COLUMN_REVIEW,CURRENT_GAME_OR_POSTGAME_NOT_DIRECT_PREGAME,CANDIDATE_OR_DERIVED,REQUIRED,RECON_UNIFIED_TEMPORAL_FIELD_REGISTRY_v1.2,true,UNMEASURED_UNTIL_SOURCE_MATERIALIZATION,1,NAME_MATCH_ONLY_NOT_POPULATION_EVIDENCE,NON_JOIN_OR_REVIEW,HISTORICAL_OR_LIVE_DERIVATION_ONLY,false,true,PRIMARY,PUBLIC_REPOSITORY_UPSTREAM_TERMS_REVIEW,DERIVED_PUBLIC_REPO_REVIEW,W09 raw-field metadata only; no production feature adoption.
RF-000862,SRC-001,SportsDataverse,schedules,conference_competition,one row per game,logical,UNMATERIALIZED_OR_NOT_SCANNED,"Whether the matchup is a conference game, from `header.competitions[0].conferenceCompetition`.",other,PREGAME_CONTEXT_OR_POSTGAME_METADATA_REQUIRES_COLUMN_REVIEW,CURRENT_GAME_OR_POSTGAME_NOT_DIRECT_PREGAME,CANDIDATE_OR_DERIVED,REQUIRED,RECON_UNIFIED_TEMPORAL_FIELD_REGISTRY_v1.2,true,UNMEASURED_UNTIL_SOURCE_MATERIALIZATION,1,NAME_MATCH_ONLY_NOT_POPULATION_EVIDENCE,NON_JOIN_OR_REVIEW,HISTORICAL_OR_LIVE_DERIVATION_ONLY,false,true,PRIMARY,PUBLIC_REPOSITORY_UPSTREAM_TERMS_REVIEW,DERIVED_PUBLIC_REPO_REVIEW,W09 raw-field metadata only; no production feature adoption.
RF-000863,SRC-001,SportsDataverse,schedules,home_id,one row per game,integer,UNMATERIALIZED_OR_NOT_SCANNED,"ESPN team id of the home team, from the home competitor in `header.competitions[0].competitors[]` (mirrors top-level `homeTeamId`).",identity_metadata,PREGAME_CONTEXT_OR_POSTGAME_METADATA_REQUIRES_COLUMN_REVIEW,CURRENT_GAME_OR_POSTGAME_NOT_DIRECT_PREGAME,JOIN_OR_METADATA,REQUIRED,RECON_UNIFIED_TEMPORAL_FIELD_REGISTRY_v1.2,true,UNMEASURED_UNTIL_SOURCE_MATERIALIZATION,1,NAME_MATCH_ONLY_NOT_POPULATION_EVIDENCE,JOIN_OR_METADATA,EVIDENCE_OR_METADATA_ONLY,false,true,PRIMARY,PUBLIC_REPOSITORY_UPSTREAM_TERMS_REVIEW,DERIVED_PUBLIC_REPO_REVIEW,W09 raw-field metadata only; no production feature adoption.
RF-000864,SRC-001,SportsDataverse,schedules,home_team,one row per game,character,UNMATERIALIZED_OR_NOT_SCANNED,"Home team display name from the home competitor's `team.displayName` (e.g. ""Ohio State Buckeyes"").",identity_metadata,PREGAME_CONTEXT_OR_POSTGAME_METADATA_REQUIRES_COLUMN_REVIEW,CURRENT_GAME_OR_POSTGAME_NOT_DIRECT_PREGAME,JOIN_OR_METADATA,REQUIRED,RECON_UNIFIED_TEMPORAL_FIELD_REGISTRY_v1.2,true,UNMEASURED_UNTIL_SOURCE_MATERIALIZATION,2,NAME_MATCH_ONLY_NOT_POPULATION_EVIDENCE,JOIN_OR_METADATA,EVIDENCE_OR_METADATA_ONLY,false,true,PRIMARY,PUBLIC_REPOSITORY_UPSTREAM_TERMS_REVIEW,DERIVED_PUBLIC_REPO_REVIEW,W09 raw-field metadata only; no production feature adoption.
RF-000865,SRC-001,SportsDataverse,schedules,home_location,one row per game,character,UNMATERIALIZED_OR_NOT_SCANNED,"Home team school/location name from `team.location` (e.g. ""Ohio State"").",other,PREGAME_CONTEXT_OR_POSTGAME_METADATA_REQUIRES_COLUMN_REVIEW,CURRENT_GAME_OR_POSTGAME_NOT_DIRECT_PREGAME,CANDIDATE_OR_DERIVED,REQUIRED,RECON_UNIFIED_TEMPORAL_FIELD_REGISTRY_v1.2,true,UNMEASURED_UNTIL_SOURCE_MATERIALIZATION,1,NAME_MATCH_ONLY_NOT_POPULATION_EVIDENCE,NON_JOIN_OR_REVIEW,HISTORICAL_OR_LIVE_DERIVATION_ONLY,false,true,PRIMARY,PUBLIC_REPOSITORY_UPSTREAM_TERMS_REVIEW,DERIVED_PUBLIC_REPO_REVIEW,W09 raw-field metadata only; no production feature adoption.
RF-000866,SRC-001,SportsDataverse,schedules,home_nickname,one row per game,character,UNMATERIALIZED_OR_NOT_SCANNED,"Home team mascot/nickname from `team.name` (e.g. ""Buckeyes""). Note: `team.nickname` is the school name (""Ohio State""), not the mascot; this column correctly uses `team.name`.",identity_metadata,PREGAME_CONTEXT_OR_POSTGAME_METADATA_REQUIRES_COLUMN_REVIEW,CURRENT_GAME_OR_POSTGAME_NOT_DIRECT_PREGAME,JOIN_OR_METADATA,REQUIRED,RECON_UNIFIED_TEMPORAL_FIELD_REGISTRY_v1.2,true,UNMEASURED_UNTIL_SOURCE_MATERIALIZATION,1,NAME_MATCH_ONLY_NOT_POPULATION_EVIDENCE,JOIN_OR_METADATA,EVIDENCE_OR_METADATA_ONLY,false,true,PRIMARY,PUBLIC_REPOSITORY_UPSTREAM_TERMS_REVIEW,DERIVED_PUBLIC_REPO_REVIEW,W09 raw-field metadata only; no production feature adoption.
RF-000867,SRC-001,SportsDataverse,schedules,home_abbreviation,one row per game,character,UNMATERIALIZED_OR_NOT_SCANNED,"Home team abbreviation from `team.abbreviation` (e.g. ""OSU"").",identity_metadata,PREGAME_CONTEXT_OR_POSTGAME_METADATA_REQUIRES_COLUMN_REVIEW,CURRENT_GAME_OR_POSTGAME_NOT_DIRECT_PREGAME,JOIN_OR_METADATA,REQUIRED,RECON_UNIFIED_TEMPORAL_FIELD_REGISTRY_v1.2,true,UNMEASURED_UNTIL_SOURCE_MATERIALIZATION,1,NAME_MATCH_ONLY_NOT_POPULATION_EVIDENCE,JOIN_OR_METADATA,EVIDENCE_OR_METADATA_ONLY,false,true,PRIMARY,PUBLIC_REPOSITORY_UPSTREAM_TERMS_REVIEW,DERIVED_PUBLIC_REPO_REVIEW,W09 raw-field metadata only; no production feature adoption.
RF-000868,SRC-001,SportsDataverse,schedules,home_conference_id,one row per game,integer,UNMATERIALIZED_OR_NOT_SCANNED,Home team's ESPN conference/group id from `team.groups.id` (e.g. 5).,identity_metadata,PREGAME_CONTEXT_OR_POSTGAME_METADATA_REQUIRES_COLUMN_REVIEW,CURRENT_GAME_OR_POSTGAME_NOT_DIRECT_PREGAME,JOIN_OR_METADATA,REQUIRED,RECON_UNIFIED_TEMPORAL_FIELD_REGISTRY_v1.2,true,UNMEASURED_UNTIL_SOURCE_MATERIALIZATION,1,NAME_MATCH_ONLY_NOT_POPULATION_EVIDENCE,JOIN_OR_METADATA,EVIDENCE_OR_METADATA_ONLY,false,true,PRIMARY,PUBLIC_REPOSITORY_UPSTREAM_TERMS_REVIEW,DERIVED_PUBLIC_REPO_REVIEW,W09 raw-field metadata only; no production feature adoption.
RF-000869,SRC-001,SportsDataverse,schedules,home_score,one row per game,integer,UNMATERIALIZED_OR_NOT_SCANNED,"Final points scored by the home team, from the home competitor's `score`.",other,PREGAME_CONTEXT_OR_POSTGAME_METADATA_REQUIRES_COLUMN_REVIEW,CURRENT_GAME_OR_POSTGAME_NOT_DIRECT_PREGAME,CANDIDATE_OR_DERIVED,REQUIRED,RECON_UNIFIED_TEMPORAL_FIELD_REGISTRY_v1.2,true,UNMEASURED_UNTIL_SOURCE_MATERIALIZATION,1,NAME_MATCH_ONLY_NOT_POPULATION_EVIDENCE,NON_JOIN_OR_REVIEW,HISTORICAL_OR_LIVE_DERIVATION_ONLY,false,true,PRIMARY,PUBLIC_REPOSITORY_UPSTREAM_TERMS_REVIEW,DERIVED_PUBLIC_REPO_REVIEW,W09 raw-field metadata only; no production feature adoption.
RF-000870,SRC-001,SportsDataverse,schedules,home_winner,one row per game,logical,UNMATERIALIZED_OR_NOT_SCANNED,"Whether the home team won, from the home competitor's `winner` flag.",other,PREGAME_CONTEXT_OR_POSTGAME_METADATA_REQUIRES_COLUMN_REVIEW,CURRENT_GAME_OR_POSTGAME_NOT_DIRECT_PREGAME,CANDIDATE_OR_DERIVED,REQUIRED,RECON_UNIFIED_TEMPORAL_FIELD_REGISTRY_v1.2,true,UNMEASURED_UNTIL_SOURCE_MATERIALIZATION,1,NAME_MATCH_ONLY_NOT_POPULATION_EVIDENCE,NON_JOIN_OR_REVIEW,HISTORICAL_OR_LIVE_DERIVATION_ONLY,false,true,PRIMARY,PUBLIC_REPOSITORY_UPSTREAM_TERMS_REVIEW,DERIVED_PUBLIC_REPO_REVIEW,W09 raw-field metadata only; no production feature adoption.
RF-000871,SRC-001,SportsDataverse,schedules,home_rank,one row per game,integer,UNMATERIALIZED_OR_NOT_SCANNED,Home team's AP/coaches poll rank entering the game from the home competitor's `rank`; NA when unranked.,other,PREGAME_CONTEXT_OR_POSTGAME_METADATA_REQUIRES_COLUMN_REVIEW,CURRENT_GAME_OR_POSTGAME_NOT_DIRECT_PREGAME,CANDIDATE_OR_DERIVED,REQUIRED,RECON_UNIFIED_TEMPORAL_FIELD_REGISTRY_v1.2,true,UNMEASURED_UNTIL_SOURCE_MATERIALIZATION,1,NAME_MATCH_ONLY_NOT_POPULATION_EVIDENCE,NON_JOIN_OR_REVIEW,HISTORICAL_OR_LIVE_DERIVATION_ONLY,false,true,PRIMARY,PUBLIC_REPOSITORY_UPSTREAM_TERMS_REVIEW,DERIVED_PUBLIC_REPO_REVIEW,W09 raw-field metadata only; no production feature adoption.
RF-000872,SRC-001,SportsDataverse,schedules,away_id,one row per game,integer,UNMATERIALIZED_OR_NOT_SCANNED,"ESPN team id of the away team, from the away competitor in `header.competitions[0].competitors[]` (mirrors top-level `awayTeamId`).",identity_metadata,PREGAME_CONTEXT_OR_POSTGAME_METADATA_REQUIRES_COLUMN_REVIEW,CURRENT_GAME_OR_POSTGAME_NOT_DIRECT_PREGAME,JOIN_OR_METADATA,REQUIRED,RECON_UNIFIED_TEMPORAL_FIELD_REGISTRY_v1.2,true,UNMEASURED_UNTIL_SOURCE_MATERIALIZATION,1,NAME_MATCH_ONLY_NOT_POPULATION_EVIDENCE,JOIN_OR_METADATA,EVIDENCE_OR_METADATA_ONLY,false,true,PRIMARY,PUBLIC_REPOSITORY_UPSTREAM_TERMS_REVIEW,DERIVED_PUBLIC_REPO_REVIEW,W09 raw-field metadata only; no production feature adoption.
RF-000873,SRC-001,SportsDataverse,schedules,away_team,one row per game,character,UNMATERIALIZED_OR_NOT_SCANNED,"Away team display name from the away competitor's `team.displayName` (e.g. ""Akron Zips"").",identity_metadata,PREGAME_CONTEXT_OR_POSTGAME_METADATA_REQUIRES_COLUMN_REVIEW,CURRENT_GAME_OR_POSTGAME_NOT_DIRECT_PREGAME,JOIN_OR_METADATA,REQUIRED,RECON_UNIFIED_TEMPORAL_FIELD_REGISTRY_v1.2,true,UNMEASURED_UNTIL_SOURCE_MATERIALIZATION,2,NAME_MATCH_ONLY_NOT_POPULATION_EVIDENCE,JOIN_OR_METADATA,EVIDENCE_OR_METADATA_ONLY,false,true,PRIMARY,PUBLIC_REPOSITORY_UPSTREAM_TERMS_REVIEW,DERIVED_PUBLIC_REPO_REVIEW,W09 raw-field metadata only; no production feature adoption.
RF-000874,SRC-001,SportsDataverse,schedules,away_location,one row per game,character,UNMATERIALIZED_OR_NOT_SCANNED,"Away team school/location name from `team.location` (e.g. ""Akron"").",other,PREGAME_CONTEXT_OR_POSTGAME_METADATA_REQUIRES_COLUMN_REVIEW,CURRENT_GAME_OR_POSTGAME_NOT_DIRECT_PREGAME,CANDIDATE_OR_DERIVED,REQUIRED,RECON_UNIFIED_TEMPORAL_FIELD_REGISTRY_v1.2,true,UNMEASURED_UNTIL_SOURCE_MATERIALIZATION,1,NAME_MATCH_ONLY_NOT_POPULATION_EVIDENCE,NON_JOIN_OR_REVIEW,HISTORICAL_OR_LIVE_DERIVATION_ONLY,false,true,PRIMARY,PUBLIC_REPOSITORY_UPSTREAM_TERMS_REVIEW,DERIVED_PUBLIC_REPO_REVIEW,W09 raw-field metadata only; no production feature adoption.
RF-000875,SRC-001,SportsDataverse,schedules,away_nickname,one row per game,character,UNMATERIALIZED_OR_NOT_SCANNED,"Away team mascot/nickname from `team.name` (e.g. ""Zips""). Note: `team.nickname` is the school name (""Akron""), not the mascot; this column correctly uses `team.name`.",identity_metadata,PREGAME_CONTEXT_OR_POSTGAME_METADATA_REQUIRES_COLUMN_REVIEW,CURRENT_GAME_OR_POSTGAME_NOT_DIRECT_PREGAME,JOIN_OR_METADATA,REQUIRED,RECON_UNIFIED_TEMPORAL_FIELD_REGISTRY_v1.2,true,UNMEASURED_UNTIL_SOURCE_MATERIALIZATION,1,NAME_MATCH_ONLY_NOT_POPULATION_EVIDENCE,JOIN_OR_METADATA,EVIDENCE_OR_METADATA_ONLY,false,true,PRIMARY,PUBLIC_REPOSITORY_UPSTREAM_TERMS_REVIEW,DERIVED_PUBLIC_REPO_REVIEW,W09 raw-field metadata only; no production feature adoption.
RF-000876,SRC-001,SportsDataverse,schedules,away_abbreviation,one row per game,character,UNMATERIALIZED_OR_NOT_SCANNED,"Away team abbreviation from `team.abbreviation` (e.g. ""AKR"").",identity_metadata,PREGAME_CONTEXT_OR_POSTGAME_METADATA_REQUIRES_COLUMN_REVIEW,CURRENT_GAME_OR_POSTGAME_NOT_DIRECT_PREGAME,JOIN_OR_METADATA,REQUIRED,RECON_UNIFIED_TEMPORAL_FIELD_REGISTRY_v1.2,true,UNMEASURED_UNTIL_SOURCE_MATERIALIZATION,1,NAME_MATCH_ONLY_NOT_POPULATION_EVIDENCE,JOIN_OR_METADATA,EVIDENCE_OR_METADATA_ONLY,false,true,PRIMARY,PUBLIC_REPOSITORY_UPSTREAM_TERMS_REVIEW,DERIVED_PUBLIC_REPO_REVIEW,W09 raw-field metadata only; no production feature adoption.
RF-000877,SRC-001,SportsDataverse,schedules,away_conference_id,one row per game,integer,UNMATERIALIZED_OR_NOT_SCANNED,Away team's ESPN conference/group id from `team.groups.id` (e.g. 15).,identity_metadata,PREGAME_CONTEXT_OR_POSTGAME_METADATA_REQUIRES_COLUMN_REVIEW,CURRENT_GAME_OR_POSTGAME_NOT_DIRECT_PREGAME,JOIN_OR_METADATA,REQUIRED,RECON_UNIFIED_TEMPORAL_FIELD_REGISTRY_v1.2,true,UNMEASURED_UNTIL_SOURCE_MATERIALIZATION,1,NAME_MATCH_ONLY_NOT_POPULATION_EVIDENCE,JOIN_OR_METADATA,EVIDENCE_OR_METADATA_ONLY,false,true,PRIMARY,PUBLIC_REPOSITORY_UPSTREAM_TERMS_REVIEW,DERIVED_PUBLIC_REPO_REVIEW,W09 raw-field metadata only; no production feature adoption.
RF-000878,SRC-001,SportsDataverse,schedules,away_score,one row per game,integer,UNMATERIALIZED_OR_NOT_SCANNED,"Final points scored by the away team, from the away competitor's `score`.",other,PREGAME_CONTEXT_OR_POSTGAME_METADATA_REQUIRES_COLUMN_REVIEW,CURRENT_GAME_OR_POSTGAME_NOT_DIRECT_PREGAME,CANDIDATE_OR_DERIVED,REQUIRED,RECON_UNIFIED_TEMPORAL_FIELD_REGISTRY_v1.2,true,UNMEASURED_UNTIL_SOURCE_MATERIALIZATION,1,NAME_MATCH_ONLY_NOT_POPULATION_EVIDENCE,NON_JOIN_OR_REVIEW,HISTORICAL_OR_LIVE_DERIVATION_ONLY,false,true,PRIMARY,PUBLIC_REPOSITORY_UPSTREAM_TERMS_REVIEW,DERIVED_PUBLIC_REPO_REVIEW,W09 raw-field metadata only; no production feature adoption.
RF-000879,SRC-001,SportsDataverse,schedules,away_winner,one row per game,logical,UNMATERIALIZED_OR_NOT_SCANNED,"Whether the away team won, from the away competitor's `winner` flag.",other,PREGAME_CONTEXT_OR_POSTGAME_METADATA_REQUIRES_COLUMN_REVIEW,CURRENT_GAME_OR_POSTGAME_NOT_DIRECT_PREGAME,CANDIDATE_OR_DERIVED,REQUIRED,RECON_UNIFIED_TEMPORAL_FIELD_REGISTRY_v1.2,true,UNMEASURED_UNTIL_SOURCE_MATERIALIZATION,1,NAME_MATCH_ONLY_NOT_POPULATION_EVIDENCE,NON_JOIN_OR_REVIEW,HISTORICAL_OR_LIVE_DERIVATION_ONLY,false,true,PRIMARY,PUBLIC_REPOSITORY_UPSTREAM_TERMS_REVIEW,DERIVED_PUBLIC_REPO_REVIEW,W09 raw-field metadata only; no production feature adoption.
RF-000880,SRC-001,SportsDataverse,schedules,away_rank,one row per game,integer,UNMATERIALIZED_OR_NOT_SCANNED,Away team's AP/coaches poll rank entering the game from the away competitor's `rank`; NA when unranked.,other,PREGAME_CONTEXT_OR_POSTGAME_METADATA_REQUIRES_COLUMN_REVIEW,CURRENT_GAME_OR_POSTGAME_NOT_DIRECT_PREGAME,CANDIDATE_OR_DERIVED,REQUIRED,RECON_UNIFIED_TEMPORAL_FIELD_REGISTRY_v1.2,true,UNMEASURED_UNTIL_SOURCE_MATERIALIZATION,1,NAME_MATCH_ONLY_NOT_POPULATION_EVIDENCE,NON_JOIN_OR_REVIEW,HISTORICAL_OR_LIVE_DERIVATION_ONLY,false,true,PRIMARY,PUBLIC_REPOSITORY_UPSTREAM_TERMS_REVIEW,DERIVED_PUBLIC_REPO_REVIEW,W09 raw-field metadata only; no production feature adoption.
RF-000881,SRC-001,SportsDataverse,schedules,status_type_name,one row per game,character,UNMATERIALIZED_OR_NOT_SCANNED,"Game status enum from `header.competitions[0].status.type.name` (e.g. ""STATUS_FINAL"").",identity_metadata,PREGAME_CONTEXT_OR_POSTGAME_METADATA_REQUIRES_COLUMN_REVIEW,CURRENT_GAME_OR_POSTGAME_NOT_DIRECT_PREGAME,JOIN_OR_METADATA,REQUIRED,RECON_UNIFIED_TEMPORAL_FIELD_REGISTRY_v1.2,true,UNMEASURED_UNTIL_SOURCE_MATERIALIZATION,1,NAME_MATCH_ONLY_NOT_POPULATION_EVIDENCE,JOIN_OR_METADATA,EVIDENCE_OR_METADATA_ONLY,false,true,PRIMARY,PUBLIC_REPOSITORY_UPSTREAM_TERMS_REVIEW,DERIVED_PUBLIC_REPO_REVIEW,W09 raw-field metadata only; no production feature adoption.
RF-000882,SRC-001,SportsDataverse,schedules,status_type_completed,one row per game,logical,UNMATERIALIZED_OR_NOT_SCANNED,"Whether the game has completed, from `status.type.completed`.",other,PREGAME_CONTEXT_OR_POSTGAME_METADATA_REQUIRES_COLUMN_REVIEW,CURRENT_GAME_OR_POSTGAME_NOT_DIRECT_PREGAME,CANDIDATE_OR_DERIVED,REQUIRED,RECON_UNIFIED_TEMPORAL_FIELD_REGISTRY_v1.2,true,UNMEASURED_UNTIL_SOURCE_MATERIALIZATION,2,NAME_MATCH_ONLY_NOT_POPULATION_EVIDENCE,NON_JOIN_OR_REVIEW,HISTORICAL_OR_LIVE_DERIVATION_ONLY,false,true,PRIMARY,PUBLIC_REPOSITORY_UPSTREAM_TERMS_REVIEW,DERIVED_PUBLIC_REPO_REVIEW,W09 raw-field metadata only; no production feature adoption.
RF-000883,SRC-001,SportsDataverse,schedules,status_type_detail,one row per game,character,UNMATERIALIZED_OR_NOT_SCANNED,"Human-readable status text from `status.type.detail`/`shortDetail` (e.g. ""Final"").",other,PREGAME_CONTEXT_OR_POSTGAME_METADATA_REQUIRES_COLUMN_REVIEW,CURRENT_GAME_OR_POSTGAME_NOT_DIRECT_PREGAME,CANDIDATE_OR_DERIVED,REQUIRED,RECON_UNIFIED_TEMPORAL_FIELD_REGISTRY_v1.2,true,UNMEASURED_UNTIL_SOURCE_MATERIALIZATION,1,NAME_MATCH_ONLY_NOT_POPULATION_EVIDENCE,NON_JOIN_OR_REVIEW,HISTORICAL_OR_LIVE_DERIVATION_ONLY,false,true,PRIMARY,PUBLIC_REPOSITORY_UPSTREAM_TERMS_REVIEW,DERIVED_PUBLIC_REPO_REVIEW,W09 raw-field metadata only; no production feature adoption.
RF-000884,SRC-001,SportsDataverse,schedules,venue_id,one row per game,integer,UNMATERIALIZED_OR_NOT_SCANNED,ESPN venue id from `gameInfo.venue.id` (e.g. 3861).,identity_metadata,PREGAME_CONTEXT_OR_POSTGAME_METADATA_REQUIRES_COLUMN_REVIEW,CURRENT_GAME_OR_POSTGAME_NOT_DIRECT_PREGAME,JOIN_OR_METADATA,REQUIRED,RECON_UNIFIED_TEMPORAL_FIELD_REGISTRY_v1.2,true,UNMEASURED_UNTIL_SOURCE_MATERIALIZATION,1,NAME_MATCH_ONLY_NOT_POPULATION_EVIDENCE,JOIN_OR_METADATA,EVIDENCE_OR_METADATA_ONLY,false,true,PRIMARY,PUBLIC_REPOSITORY_UPSTREAM_TERMS_REVIEW,DERIVED_PUBLIC_REPO_REVIEW,W09 raw-field metadata only; no production feature adoption.
RF-000885,SRC-001,SportsDataverse,schedules,venue_full_name,one row per game,character,UNMATERIALIZED_OR_NOT_SCANNED,"Venue name from `gameInfo.venue.fullName` (e.g. ""Ohio Stadium"").",identity_metadata,PREGAME_CONTEXT_OR_POSTGAME_METADATA_REQUIRES_COLUMN_REVIEW,CURRENT_GAME_OR_POSTGAME_NOT_DIRECT_PREGAME,JOIN_OR_METADATA,REQUIRED,RECON_UNIFIED_TEMPORAL_FIELD_REGISTRY_v1.2,true,UNMEASURED_UNTIL_SOURCE_MATERIALIZATION,1,NAME_MATCH_ONLY_NOT_POPULATION_EVIDENCE,JOIN_OR_METADATA,EVIDENCE_OR_METADATA_ONLY,false,true,PRIMARY,PUBLIC_REPOSITORY_UPSTREAM_TERMS_REVIEW,DERIVED_PUBLIC_REPO_REVIEW,W09 raw-field metadata only; no production feature adoption.
RF-000886,SRC-001,SportsDataverse,schedules,venue_city,one row per game,character,UNMATERIALIZED_OR_NOT_SCANNED,"Venue city from `gameInfo.venue.address.city` (e.g. ""Columbus"").",other,PREGAME_CONTEXT_OR_POSTGAME_METADATA_REQUIRES_COLUMN_REVIEW,CURRENT_GAME_OR_POSTGAME_NOT_DIRECT_PREGAME,CANDIDATE_OR_DERIVED,REQUIRED,RECON_UNIFIED_TEMPORAL_FIELD_REGISTRY_v1.2,true,UNMEASURED_UNTIL_SOURCE_MATERIALIZATION,1,NAME_MATCH_ONLY_NOT_POPULATION_EVIDENCE,NON_JOIN_OR_REVIEW,HISTORICAL_OR_LIVE_DERIVATION_ONLY,false,true,PRIMARY,PUBLIC_REPOSITORY_UPSTREAM_TERMS_REVIEW,DERIVED_PUBLIC_REPO_REVIEW,W09 raw-field metadata only; no production feature adoption.
RF-000887,SRC-001,SportsDataverse,schedules,venue_state,one row per game,character,UNMATERIALIZED_OR_NOT_SCANNED,"Venue state from `gameInfo.venue.address.state` (e.g. ""OH"").",other,PREGAME_CONTEXT_OR_POSTGAME_METADATA_REQUIRES_COLUMN_REVIEW,CURRENT_GAME_OR_POSTGAME_NOT_DIRECT_PREGAME,CANDIDATE_OR_DERIVED,REQUIRED,RECON_UNIFIED_TEMPORAL_FIELD_REGISTRY_v1.2,true,UNMEASURED_UNTIL_SOURCE_MATERIALIZATION,1,NAME_MATCH_ONLY_NOT_POPULATION_EVIDENCE,NON_JOIN_OR_REVIEW,HISTORICAL_OR_LIVE_DERIVATION_ONLY,false,true,PRIMARY,PUBLIC_REPOSITORY_UPSTREAM_TERMS_REVIEW,DERIVED_PUBLIC_REPO_REVIEW,W09 raw-field metadata only; no production feature adoption.
RF-000888,SRC-001,SportsDataverse,schedules,venue_grass,one row per game,logical,UNMATERIALIZED_OR_NOT_SCANNED,"Whether the venue surface is natural grass, from `gameInfo.venue.grass` (e.g. FALSE for Ohio Stadium).",other,PREGAME_CONTEXT_OR_POSTGAME_METADATA_REQUIRES_COLUMN_REVIEW,CURRENT_GAME_OR_POSTGAME_NOT_DIRECT_PREGAME,CANDIDATE_OR_DERIVED,REQUIRED,RECON_UNIFIED_TEMPORAL_FIELD_REGISTRY_v1.2,true,UNMEASURED_UNTIL_SOURCE_MATERIALIZATION,1,NAME_MATCH_ONLY_NOT_POPULATION_EVIDENCE,NON_JOIN_OR_REVIEW,HISTORICAL_OR_LIVE_DERIVATION_ONLY,false,true,PRIMARY,PUBLIC_REPOSITORY_UPSTREAM_TERMS_REVIEW,DERIVED_PUBLIC_REPO_REVIEW,W09 raw-field metadata only; no production feature adoption.
RF-000889,SRC-001,SportsDataverse,schedules,attendance,one row per game,integer,UNMATERIALIZED_OR_NOT_SCANNED,Reported attendance from `gameInfo.attendance` (e.g. 102011).,other,PREGAME_CONTEXT_OR_POSTGAME_METADATA_REQUIRES_COLUMN_REVIEW,CURRENT_GAME_OR_POSTGAME_NOT_DIRECT_PREGAME,CANDIDATE_OR_DERIVED,REQUIRED,RECON_UNIFIED_TEMPORAL_FIELD_REGISTRY_v1.2,true,UNMEASURED_UNTIL_SOURCE_MATERIALIZATION,1,NAME_MATCH_ONLY_NOT_POPULATION_EVIDENCE,NON_JOIN_OR_REVIEW,HISTORICAL_OR_LIVE_DERIVATION_ONLY,false,true,PRIMARY,PUBLIC_REPOSITORY_UPSTREAM_TERMS_REVIEW,DERIVED_PUBLIC_REPO_REVIEW,W09 raw-field metadata only; no production feature adoption.
RF-000890,SRC-001,SportsDataverse,linescores,team_id,"one row per (team, period)",integer,UNMATERIALIZED_OR_NOT_SCANNED,"ESPN team identifier for the team this linescore row belongs to (the `team_box_extra` map key, e.g. 194, 2006).",identity_metadata,HISTORICAL_GAME_OUTPUT_USE_VIA_PRIOR_GAME_AGGREGATION,HISTORICAL_AGGREGATE_ONLY,JOIN_OR_METADATA,REQUIRED,RECON_UNIFIED_TEMPORAL_FIELD_REGISTRY_v1.2,true,UNMEASURED_UNTIL_SOURCE_MATERIALIZATION,3,NAME_MATCH_ONLY_NOT_POPULATION_EVIDENCE,JOIN_OR_METADATA,EVIDENCE_OR_METADATA_ONLY,false,true,PRIMARY,PUBLIC_REPOSITORY_UPSTREAM_TERMS_REVIEW,DERIVED_PUBLIC_REPO_REVIEW,W09 raw-field metadata only; no production feature adoption.
RF-000891,SRC-001,SportsDataverse,linescores,period,"one row per (team, period)",integer,UNMATERIALIZED_OR_NOT_SCANNED,1-based period/quarter index derived from the element position within the team's `linescores` list (1=Q1 ... 4=Q4; >4 for overtime).,game_state_tempo_clock,HISTORICAL_GAME_OUTPUT_USE_VIA_PRIOR_GAME_AGGREGATION,HISTORICAL_AGGREGATE_ONLY,CANDIDATE_OR_DERIVED,REQUIRED,RECON_UNIFIED_TEMPORAL_FIELD_REGISTRY_v1.2,true,UNMEASURED_UNTIL_SOURCE_MATERIALIZATION,1,NAME_MATCH_ONLY_NOT_POPULATION_EVIDENCE,NON_JOIN_OR_REVIEW,PIT_HISTORICAL_AGGREGATION_INPUT,true,true,PRIMARY,PUBLIC_REPOSITORY_UPSTREAM_TERMS_REVIEW,DERIVED_PUBLIC_REPO_REVIEW,W09 raw-field metadata only; no production feature adoption.
RF-000892,SRC-001,SportsDataverse,linescores,value,"one row per (team, period)",integer,UNMATERIALIZED_OR_NOT_SCANNED,"Points scored by the team in that period, parsed from each linescore element's `displayValue` string (e.g. ""7"" -> 7).",other,HISTORICAL_GAME_OUTPUT_USE_VIA_PRIOR_GAME_AGGREGATION,HISTORICAL_AGGREGATE_ONLY,CANDIDATE_OR_DERIVED,REQUIRED,RECON_UNIFIED_TEMPORAL_FIELD_REGISTRY_v1.2,true,UNMEASURED_UNTIL_SOURCE_MATERIALIZATION,1,NAME_MATCH_ONLY_NOT_POPULATION_EVIDENCE,NON_JOIN_OR_REVIEW,PIT_HISTORICAL_AGGREGATION_INPUT,true,true,PRIMARY,PUBLIC_REPOSITORY_UPSTREAM_TERMS_REVIEW,DERIVED_PUBLIC_REPO_REVIEW,W09 raw-field metadata only; no production feature adoption.
RF-000893,SRC-001,SportsDataverse,linescores,game_id,"one row per (team, period)",integer,UNMATERIALIZED_OR_NOT_SCANNED,ESPN game/event identifier stamped onto every row (e.g. 401628455); from the JSON top-level `id`.,identity_metadata,HISTORICAL_GAME_OUTPUT_USE_VIA_PRIOR_GAME_AGGREGATION,HISTORICAL_AGGREGATE_ONLY,JOIN_OR_METADATA,REQUIRED,RECON_UNIFIED_TEMPORAL_FIELD_REGISTRY_v1.2,true,UNMEASURED_UNTIL_SOURCE_MATERIALIZATION,8,NAME_MATCH_ONLY_NOT_POPULATION_EVIDENCE,JOIN_OR_METADATA,EVIDENCE_OR_METADATA_ONLY,false,true,PRIMARY,PUBLIC_REPOSITORY_UPSTREAM_TERMS_REVIEW,DERIVED_PUBLIC_REPO_REVIEW,W09 raw-field metadata only; no production feature adoption.
RF-000894,SRC-001,SportsDataverse,linescores,season,"one row per (team, period)",integer,UNMATERIALIZED_OR_NOT_SCANNED,"Season (calendar year) the game belongs to, stamped onto every row (e.g. 2024).",other,HISTORICAL_GAME_OUTPUT_USE_VIA_PRIOR_GAME_AGGREGATION,HISTORICAL_AGGREGATE_ONLY,CANDIDATE_OR_DERIVED,REQUIRED,RECON_UNIFIED_TEMPORAL_FIELD_REGISTRY_v1.2,true,UNMEASURED_UNTIL_SOURCE_MATERIALIZATION,10,NAME_MATCH_ONLY_NOT_POPULATION_EVIDENCE,NON_JOIN_OR_REVIEW,PIT_HISTORICAL_AGGREGATION_INPUT,true,true,PRIMARY,PUBLIC_REPOSITORY_UPSTREAM_TERMS_REVIEW,DERIVED_PUBLIC_REPO_REVIEW,W09 raw-field metadata only; no production feature adoption.
RF-000895,SRC-001,SportsDataverse,power_index,game_id,one row per team (or per game),character,UNMATERIALIZED_OR_NOT_SCANNED,"ESPN event/game id, stamped onto every row (e.g. ""401628455"").",ratings_power,PREGAME_POSSIBLE_ONLY_WITH_ASOF_SNAPSHOT,ASOF_RECONSTRUCTION_REQUIRED,CANDIDATE_OR_DERIVED,REQUIRED,RECON_UNIFIED_TEMPORAL_FIELD_REGISTRY_v1.2,true,UNMEASURED_UNTIL_SOURCE_MATERIALIZATION,8,NAME_MATCH_ONLY_NOT_POPULATION_EVIDENCE,NON_JOIN_OR_REVIEW,ASOF_RECONSTRUCTION_REQUIRED,true,true,PRIMARY,PUBLIC_REPOSITORY_UPSTREAM_TERMS_REVIEW,DERIVED_PUBLIC_REPO_REVIEW,W09 raw-field metadata only; no production feature adoption.
RF-000896,SRC-001,SportsDataverse,power_index,season,one row per team (or per game),integer,UNMATERIALIZED_OR_NOT_SCANNED,"Season year the FPI projection was run for (from the resolved powerindex resource, e.g. 2024).",ratings_power,PREGAME_POSSIBLE_ONLY_WITH_ASOF_SNAPSHOT,ASOF_RECONSTRUCTION_REQUIRED,CANDIDATE_OR_DERIVED,REQUIRED,RECON_UNIFIED_TEMPORAL_FIELD_REGISTRY_v1.2,true,UNMEASURED_UNTIL_SOURCE_MATERIALIZATION,10,NAME_MATCH_ONLY_NOT_POPULATION_EVIDENCE,NON_JOIN_OR_REVIEW,ASOF_RECONSTRUCTION_REQUIRED,true,true,PRIMARY,PUBLIC_REPOSITORY_UPSTREAM_TERMS_REVIEW,DERIVED_PUBLIC_REPO_REVIEW,W09 raw-field metadata only; no production feature adoption.
RF-000897,SRC-001,SportsDataverse,power_index,team_id,one row per team (or per game),character,UNMATERIALIZED_OR_NOT_SCANNED,"ESPN team id parsed from the per-team powerindex `team.$ref` (e.g. ""194"", ""2006"").",ratings_power,PREGAME_POSSIBLE_ONLY_WITH_ASOF_SNAPSHOT,ASOF_RECONSTRUCTION_REQUIRED,CANDIDATE_OR_DERIVED,REQUIRED,RECON_UNIFIED_TEMPORAL_FIELD_REGISTRY_v1.2,true,UNMEASURED_UNTIL_SOURCE_MATERIALIZATION,3,NAME_MATCH_ONLY_NOT_POPULATION_EVIDENCE,NON_JOIN_OR_REVIEW,ASOF_RECONSTRUCTION_REQUIRED,true,true,PRIMARY,PUBLIC_REPOSITORY_UPSTREAM_TERMS_REVIEW,DERIVED_PUBLIC_REPO_REVIEW,W09 raw-field metadata only; no production feature adoption.
RF-000898,SRC-001,SportsDataverse,power_index,team_name,one row per team (or per game),character,UNMATERIALIZED_OR_NOT_SCANNED,Team short name from the ESPN team catalog (team_detail=TRUE only).,ratings_power,PREGAME_POSSIBLE_ONLY_WITH_ASOF_SNAPSHOT,ASOF_RECONSTRUCTION_REQUIRED,CANDIDATE_OR_DERIVED,REQUIRED,RECON_UNIFIED_TEMPORAL_FIELD_REGISTRY_v1.2,true,UNMEASURED_UNTIL_SOURCE_MATERIALIZATION,0,NO_DIRECT_SAMPLE_EVIDENCE_LINKED,NON_JOIN_OR_REVIEW,ASOF_RECONSTRUCTION_REQUIRED,true,true,PRIMARY,PUBLIC_REPOSITORY_UPSTREAM_TERMS_REVIEW,DERIVED_PUBLIC_REPO_REVIEW,W09 raw-field metadata only; no production feature adoption.
RF-000899,SRC-001,SportsDataverse,power_index,team_abbreviation,one row per team (or per game),character,UNMATERIALIZED_OR_NOT_SCANNED,Team abbreviation from the ESPN team catalog (team_detail=TRUE only).,ratings_power,PREGAME_POSSIBLE_ONLY_WITH_ASOF_SNAPSHOT,ASOF_RECONSTRUCTION_REQUIRED,CANDIDATE_OR_DERIVED,REQUIRED,RECON_UNIFIED_TEMPORAL_FIELD_REGISTRY_v1.2,true,UNMEASURED_UNTIL_SOURCE_MATERIALIZATION,1,NAME_MATCH_ONLY_NOT_POPULATION_EVIDENCE,NON_JOIN_OR_REVIEW,ASOF_RECONSTRUCTION_REQUIRED,true,true,PRIMARY,PUBLIC_REPOSITORY_UPSTREAM_TERMS_REVIEW,DERIVED_PUBLIC_REPO_REVIEW,W09 raw-field metadata only; no production feature adoption.
RF-000900,SRC-001,SportsDataverse,power_index,team_location,one row per team (or per game),character,UNMATERIALIZED_OR_NOT_SCANNED,Team location/school name from the ESPN team catalog (team_detail=TRUE only).,ratings_power,PREGAME_POSSIBLE_ONLY_WITH_ASOF_SNAPSHOT,ASOF_RECONSTRUCTION_REQUIRED,CANDIDATE_OR_DERIVED,REQUIRED,RECON_UNIFIED_TEMPORAL_FIELD_REGISTRY_v1.2,true,UNMEASURED_UNTIL_SOURCE_MATERIALIZATION,0,NO_DIRECT_SAMPLE_EVIDENCE_LINKED,NON_JOIN_OR_REVIEW,ASOF_RECONSTRUCTION_REQUIRED,true,true,PRIMARY,PUBLIC_REPOSITORY_UPSTREAM_TERMS_REVIEW,DERIVED_PUBLIC_REPO_REVIEW,W09 raw-field metadata only; no production feature adoption.
RF-000901,SRC-001,SportsDataverse,power_index,team_display_name,one row per team (or per game),character,UNMATERIALIZED_OR_NOT_SCANNED,Full team display name from the ESPN team catalog (team_detail=TRUE only).,ratings_power,PREGAME_POSSIBLE_ONLY_WITH_ASOF_SNAPSHOT,ASOF_RECONSTRUCTION_REQUIRED,CANDIDATE_OR_DERIVED,REQUIRED,RECON_UNIFIED_TEMPORAL_FIELD_REGISTRY_v1.2,true,UNMEASURED_UNTIL_SOURCE_MATERIALIZATION,1,NAME_MATCH_ONLY_NOT_POPULATION_EVIDENCE,NON_JOIN_OR_REVIEW,ASOF_RECONSTRUCTION_REQUIRED,true,true,PRIMARY,PUBLIC_REPOSITORY_UPSTREAM_TERMS_REVIEW,DERIVED_PUBLIC_REPO_REVIEW,W09 raw-field metadata only; no production feature adoption.
RF-000902,SRC-001,SportsDataverse,power_index,team_short_display_name,one row per team (or per game),character,UNMATERIALIZED_OR_NOT_SCANNED,Team short display name from the ESPN team catalog (team_detail=TRUE only).,ratings_power,PREGAME_POSSIBLE_ONLY_WITH_ASOF_SNAPSHOT,ASOF_RECONSTRUCTION_REQUIRED,CANDIDATE_OR_DERIVED,REQUIRED,RECON_UNIFIED_TEMPORAL_FIELD_REGISTRY_v1.2,true,UNMEASURED_UNTIL_SOURCE_MATERIALIZATION,0,NO_DIRECT_SAMPLE_EVIDENCE_LINKED,NON_JOIN_OR_REVIEW,ASOF_RECONSTRUCTION_REQUIRED,true,true,PRIMARY,PUBLIC_REPOSITORY_UPSTREAM_TERMS_REVIEW,DERIVED_PUBLIC_REPO_REVIEW,W09 raw-field metadata only; no production feature adoption.
RF-000903,SRC-001,SportsDataverse,power_index,team_nickname,one row per team (or per game),character,UNMATERIALIZED_OR_NOT_SCANNED,Team nickname from the ESPN team catalog (team_detail=TRUE only).,ratings_power,PREGAME_POSSIBLE_ONLY_WITH_ASOF_SNAPSHOT,ASOF_RECONSTRUCTION_REQUIRED,CANDIDATE_OR_DERIVED,REQUIRED,RECON_UNIFIED_TEMPORAL_FIELD_REGISTRY_v1.2,true,UNMEASURED_UNTIL_SOURCE_MATERIALIZATION,0,NO_DIRECT_SAMPLE_EVIDENCE_LINKED,NON_JOIN_OR_REVIEW,ASOF_RECONSTRUCTION_REQUIRED,true,true,PRIMARY,PUBLIC_REPOSITORY_UPSTREAM_TERMS_REVIEW,DERIVED_PUBLIC_REPO_REVIEW,W09 raw-field metadata only; no production feature adoption.
RF-000904,SRC-001,SportsDataverse,power_index,team_color,one row per team (or per game),character,UNMATERIALIZED_OR_NOT_SCANNED,Primary team color hex from the ESPN team catalog (team_detail=TRUE only).,ratings_power,PREGAME_POSSIBLE_ONLY_WITH_ASOF_SNAPSHOT,ASOF_RECONSTRUCTION_REQUIRED,CANDIDATE_OR_DERIVED,REQUIRED,RECON_UNIFIED_TEMPORAL_FIELD_REGISTRY_v1.2,true,UNMEASURED_UNTIL_SOURCE_MATERIALIZATION,0,NO_DIRECT_SAMPLE_EVIDENCE_LINKED,NON_JOIN_OR_REVIEW,ASOF_RECONSTRUCTION_REQUIRED,true,true,PRIMARY,PUBLIC_REPOSITORY_UPSTREAM_TERMS_REVIEW,DERIVED_PUBLIC_REPO_REVIEW,W09 raw-field metadata only; no production feature adoption.
RF-000905,SRC-001,SportsDataverse,power_index,team_alternate_color,one row per team (or per game),character,UNMATERIALIZED_OR_NOT_SCANNED,Alternate team color hex from the ESPN team catalog (team_detail=TRUE only).,ratings_power,PREGAME_POSSIBLE_ONLY_WITH_ASOF_SNAPSHOT,ASOF_RECONSTRUCTION_REQUIRED,CANDIDATE_OR_DERIVED,REQUIRED,RECON_UNIFIED_TEMPORAL_FIELD_REGISTRY_v1.2,true,UNMEASURED_UNTIL_SOURCE_MATERIALIZATION,0,NO_DIRECT_SAMPLE_EVIDENCE_LINKED,NON_JOIN_OR_REVIEW,ASOF_RECONSTRUCTION_REQUIRED,true,true,PRIMARY,PUBLIC_REPOSITORY_UPSTREAM_TERMS_REVIEW,DERIVED_PUBLIC_REPO_REVIEW,W09 raw-field metadata only; no production feature adoption.
RF-000906,SRC-001,SportsDataverse,power_index,team_logo_href,one row per team (or per game),character,UNMATERIALIZED_OR_NOT_SCANNED,Team logo URL from the ESPN team catalog (team_detail=TRUE only).,ratings_power,PREGAME_POSSIBLE_ONLY_WITH_ASOF_SNAPSHOT,ASOF_RECONSTRUCTION_REQUIRED,CANDIDATE_OR_DERIVED,REQUIRED,RECON_UNIFIED_TEMPORAL_FIELD_REGISTRY_v1.2,true,UNMEASURED_UNTIL_SOURCE_MATERIALIZATION,0,NO_DIRECT_SAMPLE_EVIDENCE_LINKED,NON_JOIN_OR_REVIEW,ASOF_RECONSTRUCTION_REQUIRED,true,true,PRIMARY,PUBLIC_REPOSITORY_UPSTREAM_TERMS_REVIEW,DERIVED_PUBLIC_REPO_REVIEW,W09 raw-field metadata only; no production feature adoption.
RF-000907,SRC-001,SportsDataverse,power_index,team_logo_dark_href,one row per team (or per game),character,UNMATERIALIZED_OR_NOT_SCANNED,Dark-mode team logo URL from the ESPN team catalog (team_detail=TRUE only).,ratings_power,PREGAME_POSSIBLE_ONLY_WITH_ASOF_SNAPSHOT,ASOF_RECONSTRUCTION_REQUIRED,CANDIDATE_OR_DERIVED,REQUIRED,RECON_UNIFIED_TEMPORAL_FIELD_REGISTRY_v1.2,true,UNMEASURED_UNTIL_SOURCE_MATERIALIZATION,0,NO_DIRECT_SAMPLE_EVIDENCE_LINKED,NON_JOIN_OR_REVIEW,ASOF_RECONSTRUCTION_REQUIRED,true,true,PRIMARY,PUBLIC_REPOSITORY_UPSTREAM_TERMS_REVIEW,DERIVED_PUBLIC_REPO_REVIEW,W09 raw-field metadata only; no production feature adoption.
RF-000908,SRC-001,SportsDataverse,power_index,stat_name,one row per team (or per game),character,UNMATERIALIZED_OR_NOT_SCANNED,"FPI stat machine name: teampredptdiff, gameprojection, matchupquality, or teamadjgamescore.",ratings_power,PREGAME_POSSIBLE_ONLY_WITH_ASOF_SNAPSHOT,ASOF_RECONSTRUCTION_REQUIRED,CANDIDATE_OR_DERIVED,REQUIRED,RECON_UNIFIED_TEMPORAL_FIELD_REGISTRY_v1.2,true,UNMEASURED_UNTIL_SOURCE_MATERIALIZATION,0,NO_DIRECT_SAMPLE_EVIDENCE_LINKED,NON_JOIN_OR_REVIEW,ASOF_RECONSTRUCTION_REQUIRED,true,true,PRIMARY,PUBLIC_REPOSITORY_UPSTREAM_TERMS_REVIEW,DERIVED_PUBLIC_REPO_REVIEW,W09 raw-field metadata only; no production feature adoption.
RF-000909,SRC-001,SportsDataverse,power_index,abbreviation,one row per team (or per game),character,UNMATERIALIZED_OR_NOT_SCANNED,"ESPN stat abbreviation (e.g. ""PRED PT DIFF"", ""GAME PROJ"", ""MATCHUP QUALITY"", ""TEAM ADJ GAMESCORE"").",ratings_power,PREGAME_POSSIBLE_ONLY_WITH_ASOF_SNAPSHOT,ASOF_RECONSTRUCTION_REQUIRED,CANDIDATE_OR_DERIVED,REQUIRED,RECON_UNIFIED_TEMPORAL_FIELD_REGISTRY_v1.2,true,UNMEASURED_UNTIL_SOURCE_MATERIALIZATION,0,NO_DIRECT_SAMPLE_EVIDENCE_LINKED,NON_JOIN_OR_REVIEW,ASOF_RECONSTRUCTION_REQUIRED,true,true,PRIMARY,PUBLIC_REPOSITORY_UPSTREAM_TERMS_REVIEW,DERIVED_PUBLIC_REPO_REVIEW,W09 raw-field metadata only; no production feature adoption.
RF-000910,SRC-001,SportsDataverse,power_index,display_name,one row per team (or per game),character,UNMATERIALIZED_OR_NOT_SCANNED,"ESPN stat display name (e.g. ""PRED PT DIFF"", ""WIN PROB"", ""MATCHUP QUALITY"", ""GAME SCORE"").",ratings_power,PREGAME_POSSIBLE_ONLY_WITH_ASOF_SNAPSHOT,ASOF_RECONSTRUCTION_REQUIRED,CANDIDATE_OR_DERIVED,REQUIRED,RECON_UNIFIED_TEMPORAL_FIELD_REGISTRY_v1.2,true,UNMEASURED_UNTIL_SOURCE_MATERIALIZATION,0,NO_DIRECT_SAMPLE_EVIDENCE_LINKED,NON_JOIN_OR_REVIEW,ASOF_RECONSTRUCTION_REQUIRED,true,true,PRIMARY,PUBLIC_REPOSITORY_UPSTREAM_TERMS_REVIEW,DERIVED_PUBLIC_REPO_REVIEW,W09 raw-field metadata only; no production feature adoption.
RF-000911,SRC-001,SportsDataverse,power_index,short_display_name,one row per team (or per game),character,UNMATERIALIZED_OR_NOT_SCANNED,ESPN stat short display name; NA in practice because the powerindex stat objects omit shortDisplayName.,ratings_power,PREGAME_POSSIBLE_ONLY_WITH_ASOF_SNAPSHOT,ASOF_RECONSTRUCTION_REQUIRED,CANDIDATE_OR_DERIVED,REQUIRED,RECON_UNIFIED_TEMPORAL_FIELD_REGISTRY_v1.2,true,UNMEASURED_UNTIL_SOURCE_MATERIALIZATION,0,NO_DIRECT_SAMPLE_EVIDENCE_LINKED,NON_JOIN_OR_REVIEW,ASOF_RECONSTRUCTION_REQUIRED,true,true,PRIMARY,PUBLIC_REPOSITORY_UPSTREAM_TERMS_REVIEW,DERIVED_PUBLIC_REPO_REVIEW,W09 raw-field metadata only; no production feature adoption.
RF-000912,SRC-001,SportsDataverse,power_index,value,one row per team (or per game),double,UNMATERIALIZED_OR_NOT_SCANNED,"Numeric FPI value for this team/stat: predicted point differential (can be negative), win-probability percentage (0-100), matchup quality (0-100), or adjusted game score.",ratings_power,PREGAME_POSSIBLE_ONLY_WITH_ASOF_SNAPSHOT,ASOF_RECONSTRUCTION_REQUIRED,CANDIDATE_OR_DERIVED,REQUIRED,RECON_UNIFIED_TEMPORAL_FIELD_REGISTRY_v1.2,true,UNMEASURED_UNTIL_SOURCE_MATERIALIZATION,1,NAME_MATCH_ONLY_NOT_POPULATION_EVIDENCE,NON_JOIN_OR_REVIEW,ASOF_RECONSTRUCTION_REQUIRED,true,true,PRIMARY,PUBLIC_REPOSITORY_UPSTREAM_TERMS_REVIEW,DERIVED_PUBLIC_REPO_REVIEW,W09 raw-field metadata only; no production feature adoption.
RF-000913,SRC-001,SportsDataverse,power_index,display_value,one row per team (or per game),character,UNMATERIALIZED_OR_NOT_SCANNED,"ESPN-formatted display string of the value (e.g. ""40.2"", ""98.7%"", ""53.8"", ""65.3"").",ratings_power,PREGAME_POSSIBLE_ONLY_WITH_ASOF_SNAPSHOT,ASOF_RECONSTRUCTION_REQUIRED,CANDIDATE_OR_DERIVED,REQUIRED,RECON_UNIFIED_TEMPORAL_FIELD_REGISTRY_v1.2,true,UNMEASURED_UNTIL_SOURCE_MATERIALIZATION,0,NO_DIRECT_SAMPLE_EVIDENCE_LINKED,NON_JOIN_OR_REVIEW,ASOF_RECONSTRUCTION_REQUIRED,true,true,PRIMARY,PUBLIC_REPOSITORY_UPSTREAM_TERMS_REVIEW,DERIVED_PUBLIC_REPO_REVIEW,W09 raw-field metadata only; no production feature adoption.
RF-000914,SRC-001,SportsDataverse,power_index,description,one row per team (or per game),character,UNMATERIALIZED_OR_NOT_SCANNED,"ESPN long-form description of the FPI stat (e.g. ""Expected margin of victory for the FPI favorite."").",ratings_power,PREGAME_POSSIBLE_ONLY_WITH_ASOF_SNAPSHOT,ASOF_RECONSTRUCTION_REQUIRED,CANDIDATE_OR_DERIVED,REQUIRED,RECON_UNIFIED_TEMPORAL_FIELD_REGISTRY_v1.2,true,UNMEASURED_UNTIL_SOURCE_MATERIALIZATION,0,NO_DIRECT_SAMPLE_EVIDENCE_LINKED,NON_JOIN_OR_REVIEW,ASOF_RECONSTRUCTION_REQUIRED,true,true,PRIMARY,PUBLIC_REPOSITORY_UPSTREAM_TERMS_REVIEW,DERIVED_PUBLIC_REPO_REVIEW,W09 raw-field metadata only; no production feature adoption.
RF-000915,SRC-001,SportsDataverse,power_index,powerindex_ref,one row per team (or per game),character,UNMATERIALIZED_OR_NOT_SCANNED,Source `$ref` URL of the per-team powerindex resource that was resolved.,ratings_power,PREGAME_POSSIBLE_ONLY_WITH_ASOF_SNAPSHOT,ASOF_RECONSTRUCTION_REQUIRED,CANDIDATE_OR_DERIVED,REQUIRED,RECON_UNIFIED_TEMPORAL_FIELD_REGISTRY_v1.2,true,UNMEASURED_UNTIL_SOURCE_MATERIALIZATION,0,NO_DIRECT_SAMPLE_EVIDENCE_LINKED,NON_JOIN_OR_REVIEW,ASOF_RECONSTRUCTION_REQUIRED,true,true,PRIMARY,PUBLIC_REPOSITORY_UPSTREAM_TERMS_REVIEW,DERIVED_PUBLIC_REPO_REVIEW,W09 raw-field metadata only; no production feature adoption.
RF-000916,SRC-001,SportsDataverse,power_index,team_ref,one row per team (or per game),character,UNMATERIALIZED_OR_NOT_SCANNED,Source `$ref` URL of the team resource (`.../seasons/{season}/teams/{team_id}`) from which team_id was parsed.,ratings_power,PREGAME_POSSIBLE_ONLY_WITH_ASOF_SNAPSHOT,ASOF_RECONSTRUCTION_REQUIRED,CANDIDATE_OR_DERIVED,REQUIRED,RECON_UNIFIED_TEMPORAL_FIELD_REGISTRY_v1.2,true,UNMEASURED_UNTIL_SOURCE_MATERIALIZATION,0,NO_DIRECT_SAMPLE_EVIDENCE_LINKED,NON_JOIN_OR_REVIEW,ASOF_RECONSTRUCTION_REQUIRED,true,true,PRIMARY,PUBLIC_REPOSITORY_UPSTREAM_TERMS_REVIEW,DERIVED_PUBLIC_REPO_REVIEW,W09 raw-field metadata only; no production feature adoption.
RF-000917,SRC-001,SportsDataverse,injuries,team_id,one row per injury entry,character,UNMATERIALIZED_OR_NOT_SCANNED,ESPN team id for the team whose injury report this entry belongs to (from the per-team list element's outer `id` field). Stamped onto each athlete row during the reshape.,injuries_availability,PREGAME_POSSIBLE_ONLY_WITH_ASOF_SNAPSHOT,ASOF_RECONSTRUCTION_REQUIRED,CANDIDATE_OR_DERIVED,REQUIRED,RECON_UNIFIED_TEMPORAL_FIELD_REGISTRY_v1.2,true,UNMEASURED_UNTIL_SOURCE_MATERIALIZATION,3,NAME_MATCH_ONLY_NOT_POPULATION_EVIDENCE,NON_JOIN_OR_REVIEW,ASOF_RECONSTRUCTION_REQUIRED,true,true,PRIMARY,PUBLIC_REPOSITORY_UPSTREAM_TERMS_REVIEW,DERIVED_PUBLIC_REPO_REVIEW,W09 raw-field metadata only; no production feature adoption.
RF-000918,SRC-001,SportsDataverse,injuries,athlete_name,one row per injury entry,character,UNMATERIALIZED_OR_NOT_SCANNED,Display name of the injured player (from `athlete.displayName`; may fall back to `athlete.shortName`).,injuries_availability,PREGAME_POSSIBLE_ONLY_WITH_ASOF_SNAPSHOT,ASOF_RECONSTRUCTION_REQUIRED,CANDIDATE_OR_DERIVED,REQUIRED,RECON_UNIFIED_TEMPORAL_FIELD_REGISTRY_v1.2,true,UNMEASURED_UNTIL_SOURCE_MATERIALIZATION,2,NAME_MATCH_ONLY_NOT_POPULATION_EVIDENCE,NON_JOIN_OR_REVIEW,ASOF_RECONSTRUCTION_REQUIRED,true,true,PRIMARY,PUBLIC_REPOSITORY_UPSTREAM_TERMS_REVIEW,DERIVED_PUBLIC_REPO_REVIEW,W09 raw-field metadata only; no production feature adoption.
RF-000919,SRC-001,SportsDataverse,injuries,status,one row per injury entry,character,UNMATERIALIZED_OR_NOT_SCANNED,"Injury/availability status for the athlete at the entry level (ESPN injury `status` string, e.g. ""Active"", ""Out"", ""Questionable"").",injuries_availability,PREGAME_POSSIBLE_ONLY_WITH_ASOF_SNAPSHOT,ASOF_RECONSTRUCTION_REQUIRED,CANDIDATE_OR_DERIVED,REQUIRED,RECON_UNIFIED_TEMPORAL_FIELD_REGISTRY_v1.2,true,UNMEASURED_UNTIL_SOURCE_MATERIALIZATION,1,NAME_MATCH_ONLY_NOT_POPULATION_EVIDENCE,NON_JOIN_OR_REVIEW,ASOF_RECONSTRUCTION_REQUIRED,true,true,PRIMARY,PUBLIC_REPOSITORY_UPSTREAM_TERMS_REVIEW,DERIVED_PUBLIC_REPO_REVIEW,W09 raw-field metadata only; no production feature adoption.
RF-000920,SRC-001,SportsDataverse,injuries,type,one row per injury entry,character,UNMATERIALIZED_OR_NOT_SCANNED,"Injury type category name (from the entry's `type.name`, e.g. ""INJURY_STATUS_ACTIVE""; `type.description` gives the human-readable label).",injuries_availability,PREGAME_POSSIBLE_ONLY_WITH_ASOF_SNAPSHOT,ASOF_RECONSTRUCTION_REQUIRED,CANDIDATE_OR_DERIVED,REQUIRED,RECON_UNIFIED_TEMPORAL_FIELD_REGISTRY_v1.2,true,UNMEASURED_UNTIL_SOURCE_MATERIALIZATION,0,NO_DIRECT_SAMPLE_EVIDENCE_LINKED,NON_JOIN_OR_REVIEW,ASOF_RECONSTRUCTION_REQUIRED,true,true,PRIMARY,PUBLIC_REPOSITORY_UPSTREAM_TERMS_REVIEW,DERIVED_PUBLIC_REPO_REVIEW,W09 raw-field metadata only; no production feature adoption.
RF-000921,SRC-001,SportsDataverse,injuries,date,one row per injury entry,character,UNMATERIALIZED_OR_NOT_SCANNED,"ISO-8601 timestamp of the injury report/update for the athlete (from the entry's `date`), as a character string.",injuries_availability,PREGAME_POSSIBLE_ONLY_WITH_ASOF_SNAPSHOT,ASOF_RECONSTRUCTION_REQUIRED,CANDIDATE_OR_DERIVED,REQUIRED,RECON_UNIFIED_TEMPORAL_FIELD_REGISTRY_v1.2,true,UNMEASURED_UNTIL_SOURCE_MATERIALIZATION,4,NAME_MATCH_ONLY_NOT_POPULATION_EVIDENCE,NON_JOIN_OR_REVIEW,ASOF_RECONSTRUCTION_REQUIRED,true,true,PRIMARY,PUBLIC_REPOSITORY_UPSTREAM_TERMS_REVIEW,DERIVED_PUBLIC_REPO_REVIEW,W09 raw-field metadata only; no production feature adoption.
RF-000922,SRC-001,SportsDataverse,injuries,position,one row per injury entry,character,UNMATERIALIZED_OR_NOT_SCANNED,"Athlete position abbreviation at time of report, when present in the nested athlete object (`athlete.position.abbreviation`).",injuries_availability,PREGAME_POSSIBLE_ONLY_WITH_ASOF_SNAPSHOT,ASOF_RECONSTRUCTION_REQUIRED,CANDIDATE_OR_DERIVED,REQUIRED,RECON_UNIFIED_TEMPORAL_FIELD_REGISTRY_v1.2,true,UNMEASURED_UNTIL_SOURCE_MATERIALIZATION,3,NAME_MATCH_ONLY_NOT_POPULATION_EVIDENCE,NON_JOIN_OR_REVIEW,ASOF_RECONSTRUCTION_REQUIRED,true,true,PRIMARY,PUBLIC_REPOSITORY_UPSTREAM_TERMS_REVIEW,DERIVED_PUBLIC_REPO_REVIEW,W09 raw-field metadata only; no production feature adoption.
RF-000923,SRC-001,SportsDataverse,injuries,id,one row per injury entry,character,UNMATERIALIZED_OR_NOT_SCANNED,"Injury record id for the entry (from the entry's top-level `id` field, e.g. ""149141""). Identifies the individual injury note.",injuries_availability,PREGAME_POSSIBLE_ONLY_WITH_ASOF_SNAPSHOT,ASOF_RECONSTRUCTION_REQUIRED,CANDIDATE_OR_DERIVED,REQUIRED,RECON_UNIFIED_TEMPORAL_FIELD_REGISTRY_v1.2,true,UNMEASURED_UNTIL_SOURCE_MATERIALIZATION,1,NAME_MATCH_ONLY_NOT_POPULATION_EVIDENCE,NON_JOIN_OR_REVIEW,ASOF_RECONSTRUCTION_REQUIRED,true,true,PRIMARY,PUBLIC_REPOSITORY_UPSTREAM_TERMS_REVIEW,DERIVED_PUBLIC_REPO_REVIEW,W09 raw-field metadata only; no production feature adoption.
RF-000924,SRC-001,SportsDataverse,injuries,short_comment,one row per injury entry,character,UNMATERIALIZED_OR_NOT_SCANNED,Short free-text summary of the injury report (from the entry's `shortComment`). The brief version of the narrative.,injuries_availability,PREGAME_POSSIBLE_ONLY_WITH_ASOF_SNAPSHOT,ASOF_RECONSTRUCTION_REQUIRED,CANDIDATE_OR_DERIVED,REQUIRED,RECON_UNIFIED_TEMPORAL_FIELD_REGISTRY_v1.2,true,UNMEASURED_UNTIL_SOURCE_MATERIALIZATION,0,NO_DIRECT_SAMPLE_EVIDENCE_LINKED,NON_JOIN_OR_REVIEW,ASOF_RECONSTRUCTION_REQUIRED,true,true,PRIMARY,PUBLIC_REPOSITORY_UPSTREAM_TERMS_REVIEW,DERIVED_PUBLIC_REPO_REVIEW,W09 raw-field metadata only; no production feature adoption.
RF-000925,SRC-001,SportsDataverse,injuries,long_comment,one row per injury entry,character,UNMATERIALIZED_OR_NOT_SCANNED,Full narrative text of the injury report (from the entry's `longComment`). The extended commentary on the athlete's status.,injuries_availability,PREGAME_POSSIBLE_ONLY_WITH_ASOF_SNAPSHOT,ASOF_RECONSTRUCTION_REQUIRED,CANDIDATE_OR_DERIVED,REQUIRED,RECON_UNIFIED_TEMPORAL_FIELD_REGISTRY_v1.2,true,UNMEASURED_UNTIL_SOURCE_MATERIALIZATION,0,NO_DIRECT_SAMPLE_EVIDENCE_LINKED,NON_JOIN_OR_REVIEW,ASOF_RECONSTRUCTION_REQUIRED,true,true,PRIMARY,PUBLIC_REPOSITORY_UPSTREAM_TERMS_REVIEW,DERIVED_PUBLIC_REPO_REVIEW,W09 raw-field metadata only; no production feature adoption.
RF-000926,SRC-001,SportsDataverse,injuries,game_id,one row per injury entry,integer,UNMATERIALIZED_OR_NOT_SCANNED,ESPN game/event id stamped onto every row from the enriching game file name (e.g. 401628455). Integer-valued id.,injuries_availability,PREGAME_POSSIBLE_ONLY_WITH_ASOF_SNAPSHOT,ASOF_RECONSTRUCTION_REQUIRED,CANDIDATE_OR_DERIVED,REQUIRED,RECON_UNIFIED_TEMPORAL_FIELD_REGISTRY_v1.2,true,UNMEASURED_UNTIL_SOURCE_MATERIALIZATION,8,NAME_MATCH_ONLY_NOT_POPULATION_EVIDENCE,NON_JOIN_OR_REVIEW,ASOF_RECONSTRUCTION_REQUIRED,true,true,PRIMARY,PUBLIC_REPOSITORY_UPSTREAM_TERMS_REVIEW,DERIVED_PUBLIC_REPO_REVIEW,W09 raw-field metadata only; no production feature adoption.
RF-000927,SRC-001,SportsDataverse,injuries,season,one row per injury entry,integer,UNMATERIALIZED_OR_NOT_SCANNED,Season year stamped onto every row during season compilation (e.g. 2024).,injuries_availability,PREGAME_POSSIBLE_ONLY_WITH_ASOF_SNAPSHOT,ASOF_RECONSTRUCTION_REQUIRED,CANDIDATE_OR_DERIVED,REQUIRED,RECON_UNIFIED_TEMPORAL_FIELD_REGISTRY_v1.2,true,UNMEASURED_UNTIL_SOURCE_MATERIALIZATION,10,NAME_MATCH_ONLY_NOT_POPULATION_EVIDENCE,NON_JOIN_OR_REVIEW,ASOF_RECONSTRUCTION_REQUIRED,true,true,PRIMARY,PUBLIC_REPOSITORY_UPSTREAM_TERMS_REVIEW,DERIVED_PUBLIC_REPO_REVIEW,W09 raw-field metadata only; no production feature adoption.
RF-000928,SRC-001,SportsDataverse,injuries,week,one row per injury entry,integer,UNMATERIALIZED_OR_NOT_SCANNED,Week number stamped during compilation when available from the game's competition metadata; may be NA for non-regular-season games.,injuries_availability,PREGAME_POSSIBLE_ONLY_WITH_ASOF_SNAPSHOT,ASOF_RECONSTRUCTION_REQUIRED,CANDIDATE_OR_DERIVED,REQUIRED,RECON_UNIFIED_TEMPORAL_FIELD_REGISTRY_v1.2,true,UNMEASURED_UNTIL_SOURCE_MATERIALIZATION,5,NAME_MATCH_ONLY_NOT_POPULATION_EVIDENCE,NON_JOIN_OR_REVIEW,ASOF_RECONSTRUCTION_REQUIRED,true,true,PRIMARY,PUBLIC_REPOSITORY_UPSTREAM_TERMS_REVIEW,DERIVED_PUBLIC_REPO_REVIEW,W09 raw-field metadata only; no production feature adoption.
RF-000929,SRC-002,CFBD,Game,id,model-defined,int,UNMATERIALIZED_OR_NOT_SCANNED,canonical game id,identity,safe,DIRECT_PREGAME_CANDIDATE,FIELD_OR_METADATA,STANDARD,RECON_UNIFIED_TEMPORAL_FIELD_REGISTRY_v1.2,true,UNMEASURED_UNTIL_SOURCE_MATERIALIZATION,1,NAME_MATCH_ONLY_NOT_POPULATION_EVIDENCE,JOIN_OR_METADATA,EVIDENCE_OR_METADATA_ONLY,false,true,PRIMARY,TERMS_GOVERNED_API,TERMS_REVIEW_REQUIRED,W09 raw-field metadata only; no production feature adoption.
RF-000930,SRC-002,CFBD,Game,season,model-defined,int,UNMATERIALIZED_OR_NOT_SCANNED,season,context,safe,DIRECT_PREGAME_CANDIDATE,FIELD_OR_METADATA,STANDARD,RECON_UNIFIED_TEMPORAL_FIELD_REGISTRY_v1.2,true,UNMEASURED_UNTIL_SOURCE_MATERIALIZATION,10,NAME_MATCH_ONLY_NOT_POPULATION_EVIDENCE,JOIN_OR_METADATA,EVIDENCE_OR_METADATA_ONLY,false,true,PRIMARY,TERMS_GOVERNED_API,TERMS_REVIEW_REQUIRED,W09 raw-field metadata only; no production feature adoption.
RF-000931,SRC-002,CFBD,Game,week,model-defined,int,UNMATERIALIZED_OR_NOT_SCANNED,week,context,safe,DIRECT_PREGAME_CANDIDATE,FIELD_OR_METADATA,STANDARD,RECON_UNIFIED_TEMPORAL_FIELD_REGISTRY_v1.2,true,UNMEASURED_UNTIL_SOURCE_MATERIALIZATION,5,NAME_MATCH_ONLY_NOT_POPULATION_EVIDENCE,JOIN_OR_METADATA,EVIDENCE_OR_METADATA_ONLY,false,true,PRIMARY,TERMS_GOVERNED_API,TERMS_REVIEW_REQUIRED,W09 raw-field metadata only; no production feature adoption.
RF-000932,SRC-002,CFBD,Game,seasonType,model-defined,enum,UNMATERIALIZED_OR_NOT_SCANNED,regular/postseason,context,safe,DIRECT_PREGAME_CANDIDATE,FIELD_OR_METADATA,STANDARD,RECON_UNIFIED_TEMPORAL_FIELD_REGISTRY_v1.2,true,UNMEASURED_UNTIL_SOURCE_MATERIALIZATION,1,NAME_MATCH_ONLY_NOT_POPULATION_EVIDENCE,JOIN_OR_METADATA,EVIDENCE_OR_METADATA_ONLY,false,true,PRIMARY,TERMS_GOVERNED_API,TERMS_REVIEW_REQUIRED,W09 raw-field metadata only; no production feature adoption.
RF-000933,SRC-002,CFBD,Game,startDate,model-defined,datetime,UNMATERIALIZED_OR_NOT_SCANNED,kickoff time may be updated before game,context,safe_if_snapshot,SAFE_ONLY_WITH_EFFECTIVE_SNAPSHOT,FIELD_OR_METADATA,REQUIRED,RECON_UNIFIED_TEMPORAL_FIELD_REGISTRY_v1.2,true,UNMEASURED_UNTIL_SOURCE_MATERIALIZATION,0,NO_DIRECT_SAMPLE_EVIDENCE_LINKED,JOIN_OR_METADATA,EVIDENCE_OR_METADATA_ONLY,false,true,PRIMARY,TERMS_GOVERNED_API,TERMS_REVIEW_REQUIRED,W09 raw-field metadata only; no production feature adoption.
RF-000934,SRC-002,CFBD,Game,startTimeTBD,model-defined,bool,UNMATERIALIZED_OR_NOT_SCANNED,,context,safe,DIRECT_PREGAME_CANDIDATE,FIELD_OR_METADATA,STANDARD,RECON_UNIFIED_TEMPORAL_FIELD_REGISTRY_v1.2,true,UNMEASURED_UNTIL_SOURCE_MATERIALIZATION,0,NO_DIRECT_SAMPLE_EVIDENCE_LINKED,JOIN_OR_METADATA,EVIDENCE_OR_METADATA_ONLY,false,true,PRIMARY,TERMS_GOVERNED_API,TERMS_REVIEW_REQUIRED,W09 raw-field metadata only; no production feature adoption.
RF-000935,SRC-002,CFBD,Game,completed,model-defined,bool,UNMATERIALIZED_OR_NOT_SCANNED,"use for ingestion completeness, not predictor",outcome_status,unsafe_for_pregame_feature,DIRECT_PREGAME_CANDIDATE,FIELD_OR_METADATA,REQUIRED,RECON_UNIFIED_TEMPORAL_FIELD_REGISTRY_v1.2,true,UNMEASURED_UNTIL_SOURCE_MATERIALIZATION,0,NO_DIRECT_SAMPLE_EVIDENCE_LINKED,JOIN_OR_METADATA,EVIDENCE_OR_METADATA_ONLY,false,true,PRIMARY,TERMS_GOVERNED_API,TERMS_REVIEW_REQUIRED,W09 raw-field metadata only; no production feature adoption.
RF-000936,SRC-002,CFBD,Game,neutralSite,model-defined,bool,UNMATERIALIZED_OR_NOT_SCANNED,,venue,safe,DIRECT_PREGAME_CANDIDATE,FIELD_OR_METADATA,STANDARD,RECON_UNIFIED_TEMPORAL_FIELD_REGISTRY_v1.2,true,UNMEASURED_UNTIL_SOURCE_MATERIALIZATION,0,NO_DIRECT_SAMPLE_EVIDENCE_LINKED,JOIN_OR_METADATA,EVIDENCE_OR_METADATA_ONLY,false,true,PRIMARY,TERMS_GOVERNED_API,TERMS_REVIEW_REQUIRED,W09 raw-field metadata only; no production feature adoption.
RF-000937,SRC-002,CFBD,Game,conferenceGame,model-defined,bool,UNMATERIALIZED_OR_NOT_SCANNED,,context,safe,DIRECT_PREGAME_CANDIDATE,FIELD_OR_METADATA,STANDARD,RECON_UNIFIED_TEMPORAL_FIELD_REGISTRY_v1.2,true,UNMEASURED_UNTIL_SOURCE_MATERIALIZATION,0,NO_DIRECT_SAMPLE_EVIDENCE_LINKED,JOIN_OR_METADATA,EVIDENCE_OR_METADATA_ONLY,false,true,PRIMARY,TERMS_GOVERNED_API,TERMS_REVIEW_REQUIRED,W09 raw-field metadata only; no production feature adoption.
RF-000938,SRC-002,CFBD,Game,attendance,model-defined,int,UNMATERIALIZED_OR_NOT_SCANNED,historical attendance may be postgame; pregame forecast requires estimate,venue,postgame_or_late,CURRENT_GAME_OR_POSTGAME_NOT_DIRECT_PREGAME,FIELD_OR_METADATA,REQUIRED,RECON_UNIFIED_TEMPORAL_FIELD_REGISTRY_v1.2,true,UNMEASURED_UNTIL_SOURCE_MATERIALIZATION,1,NAME_MATCH_ONLY_NOT_POPULATION_EVIDENCE,JOIN_OR_METADATA,EVIDENCE_OR_METADATA_ONLY,false,true,PRIMARY,TERMS_GOVERNED_API,TERMS_REVIEW_REQUIRED,W09 raw-field metadata only; no production feature adoption.
RF-000939,SRC-002,CFBD,Game,venueId,model-defined,int,UNMATERIALIZED_OR_NOT_SCANNED,,identity,safe,DIRECT_PREGAME_CANDIDATE,FIELD_OR_METADATA,STANDARD,RECON_UNIFIED_TEMPORAL_FIELD_REGISTRY_v1.2,true,UNMEASURED_UNTIL_SOURCE_MATERIALIZATION,0,NO_DIRECT_SAMPLE_EVIDENCE_LINKED,JOIN_OR_METADATA,EVIDENCE_OR_METADATA_ONLY,false,true,PRIMARY,TERMS_GOVERNED_API,TERMS_REVIEW_REQUIRED,W09 raw-field metadata only; no production feature adoption.
RF-000940,SRC-002,CFBD,Game,venue,model-defined,str,UNMATERIALIZED_OR_NOT_SCANNED,,identity,safe,DIRECT_PREGAME_CANDIDATE,FIELD_OR_METADATA,STANDARD,RECON_UNIFIED_TEMPORAL_FIELD_REGISTRY_v1.2,true,UNMEASURED_UNTIL_SOURCE_MATERIALIZATION,4,NAME_MATCH_ONLY_NOT_POPULATION_EVIDENCE,JOIN_OR_METADATA,EVIDENCE_OR_METADATA_ONLY,false,true,PRIMARY,TERMS_GOVERNED_API,TERMS_REVIEW_REQUIRED,W09 raw-field metadata only; no production feature adoption.
RF-000941,SRC-002,CFBD,Game,homeId,model-defined,int,UNMATERIALIZED_OR_NOT_SCANNED,,identity,safe,DIRECT_PREGAME_CANDIDATE,FIELD_OR_METADATA,STANDARD,RECON_UNIFIED_TEMPORAL_FIELD_REGISTRY_v1.2,true,UNMEASURED_UNTIL_SOURCE_MATERIALIZATION,0,NO_DIRECT_SAMPLE_EVIDENCE_LINKED,JOIN_OR_METADATA,EVIDENCE_OR_METADATA_ONLY,false,true,PRIMARY,TERMS_GOVERNED_API,TERMS_REVIEW_REQUIRED,W09 raw-field metadata only; no production feature adoption.
RF-000942,SRC-002,CFBD,Game,homeTeam,model-defined,str,UNMATERIALIZED_OR_NOT_SCANNED,,identity,safe,DIRECT_PREGAME_CANDIDATE,FIELD_OR_METADATA,STANDARD,RECON_UNIFIED_TEMPORAL_FIELD_REGISTRY_v1.2,true,UNMEASURED_UNTIL_SOURCE_MATERIALIZATION,0,NO_DIRECT_SAMPLE_EVIDENCE_LINKED,JOIN_OR_METADATA,EVIDENCE_OR_METADATA_ONLY,false,true,PRIMARY,TERMS_GOVERNED_API,TERMS_REVIEW_REQUIRED,W09 raw-field metadata only; no production feature adoption.
RF-000943,SRC-002,CFBD,Game,homeConference,model-defined,str,UNMATERIALIZED_OR_NOT_SCANNED,,context,safe,DIRECT_PREGAME_CANDIDATE,FIELD_OR_METADATA,STANDARD,RECON_UNIFIED_TEMPORAL_FIELD_REGISTRY_v1.2,true,UNMEASURED_UNTIL_SOURCE_MATERIALIZATION,0,NO_DIRECT_SAMPLE_EVIDENCE_LINKED,JOIN_OR_METADATA,EVIDENCE_OR_METADATA_ONLY,false,true,PRIMARY,TERMS_GOVERNED_API,TERMS_REVIEW_REQUIRED,W09 raw-field metadata only; no production feature adoption.
RF-000944,SRC-002,CFBD,Game,homeClassification,model-defined,enum,UNMATERIALIZED_OR_NOT_SCANNED,,context,safe,DIRECT_PREGAME_CANDIDATE,FIELD_OR_METADATA,STANDARD,RECON_UNIFIED_TEMPORAL_FIELD_REGISTRY_v1.2,true,UNMEASURED_UNTIL_SOURCE_MATERIALIZATION,0,NO_DIRECT_SAMPLE_EVIDENCE_LINKED,JOIN_OR_METADATA,EVIDENCE_OR_METADATA_ONLY,false,true,PRIMARY,TERMS_GOVERNED_API,TERMS_REVIEW_REQUIRED,W09 raw-field metadata only; no production feature adoption.
RF-000945,SRC-002,CFBD,Game,homePoints,model-defined,int,UNMATERIALIZED_OR_NOT_SCANNED,final/live points,outcome,banned_pregame,POSTGAME_OR_FUTURE_BANNED,FIELD_OR_METADATA,REQUIRED,RECON_UNIFIED_TEMPORAL_FIELD_REGISTRY_v1.2,true,UNMEASURED_UNTIL_SOURCE_MATERIALIZATION,0,NO_DIRECT_SAMPLE_EVIDENCE_LINKED,JOIN_OR_METADATA,BANNED_FROM_PREGAME,false,true,PRIMARY,TERMS_GOVERNED_API,TERMS_REVIEW_REQUIRED,W09 raw-field metadata only; no production feature adoption.
RF-000946,SRC-002,CFBD,Game,homeLineScores,model-defined,list[num],UNMATERIALIZED_OR_NOT_SCANNED,,outcome,banned_pregame,POSTGAME_OR_FUTURE_BANNED,FIELD_OR_METADATA,REQUIRED,RECON_UNIFIED_TEMPORAL_FIELD_REGISTRY_v1.2,true,UNMEASURED_UNTIL_SOURCE_MATERIALIZATION,0,NO_DIRECT_SAMPLE_EVIDENCE_LINKED,JOIN_OR_METADATA,BANNED_FROM_PREGAME,false,true,PRIMARY,TERMS_GOVERNED_API,TERMS_REVIEW_REQUIRED,W09 raw-field metadata only; no production feature adoption.
RF-000947,SRC-002,CFBD,Game,homePostgameWinProbability,model-defined,num,UNMATERIALIZED_OR_NOT_SCANNED,,outcome,banned_pregame,POSTGAME_OR_FUTURE_BANNED,FIELD_OR_METADATA,REQUIRED,RECON_UNIFIED_TEMPORAL_FIELD_REGISTRY_v1.2,true,UNMEASURED_UNTIL_SOURCE_MATERIALIZATION,0,NO_DIRECT_SAMPLE_EVIDENCE_LINKED,JOIN_OR_METADATA,BANNED_FROM_PREGAME,false,true,PRIMARY,TERMS_GOVERNED_API,TERMS_REVIEW_REQUIRED,W09 raw-field metadata only; no production feature adoption.
RF-000948,SRC-002,CFBD,Game,homePregameElo,model-defined,int,UNMATERIALIZED_OR_NOT_SCANNED,valuable baseline,ratings,safe_if_asof,ASOF_RECONSTRUCTION_REQUIRED,FIELD_OR_METADATA,REQUIRED,RECON_UNIFIED_TEMPORAL_FIELD_REGISTRY_v1.2,true,UNMEASURED_UNTIL_SOURCE_MATERIALIZATION,0,NO_DIRECT_SAMPLE_EVIDENCE_LINKED,JOIN_OR_METADATA,EVIDENCE_OR_METADATA_ONLY,false,true,PRIMARY,TERMS_GOVERNED_API,TERMS_REVIEW_REQUIRED,W09 raw-field metadata only; no production feature adoption.
RF-000949,SRC-002,CFBD,Game,homePostgameElo,model-defined,int,UNMATERIALIZED_OR_NOT_SCANNED,,ratings,banned_pregame,POSTGAME_OR_FUTURE_BANNED,FIELD_OR_METADATA,REQUIRED,RECON_UNIFIED_TEMPORAL_FIELD_REGISTRY_v1.2,true,UNMEASURED_UNTIL_SOURCE_MATERIALIZATION,0,NO_DIRECT_SAMPLE_EVIDENCE_LINKED,JOIN_OR_METADATA,BANNED_FROM_PREGAME,false,true,PRIMARY,TERMS_GOVERNED_API,TERMS_REVIEW_REQUIRED,W09 raw-field metadata only; no production feature adoption.
RF-000950,SRC-002,CFBD,Game,awayId,model-defined,int,UNMATERIALIZED_OR_NOT_SCANNED,,identity,safe,DIRECT_PREGAME_CANDIDATE,FIELD_OR_METADATA,STANDARD,RECON_UNIFIED_TEMPORAL_FIELD_REGISTRY_v1.2,true,UNMEASURED_UNTIL_SOURCE_MATERIALIZATION,0,NO_DIRECT_SAMPLE_EVIDENCE_LINKED,JOIN_OR_METADATA,EVIDENCE_OR_METADATA_ONLY,false,true,PRIMARY,TERMS_GOVERNED_API,TERMS_REVIEW_REQUIRED,W09 raw-field metadata only; no production feature adoption.
RF-000951,SRC-002,CFBD,Game,awayTeam,model-defined,str,UNMATERIALIZED_OR_NOT_SCANNED,,identity,safe,DIRECT_PREGAME_CANDIDATE,FIELD_OR_METADATA,STANDARD,RECON_UNIFIED_TEMPORAL_FIELD_REGISTRY_v1.2,true,UNMEASURED_UNTIL_SOURCE_MATERIALIZATION,0,NO_DIRECT_SAMPLE_EVIDENCE_LINKED,JOIN_OR_METADATA,EVIDENCE_OR_METADATA_ONLY,false,true,PRIMARY,TERMS_GOVERNED_API,TERMS_REVIEW_REQUIRED,W09 raw-field metadata only; no production feature adoption.
RF-000952,SRC-002,CFBD,Game,awayConference,model-defined,str,UNMATERIALIZED_OR_NOT_SCANNED,,context,safe,DIRECT_PREGAME_CANDIDATE,FIELD_OR_METADATA,STANDARD,RECON_UNIFIED_TEMPORAL_FIELD_REGISTRY_v1.2,true,UNMEASURED_UNTIL_SOURCE_MATERIALIZATION,0,NO_DIRECT_SAMPLE_EVIDENCE_LINKED,JOIN_OR_METADATA,EVIDENCE_OR_METADATA_ONLY,false,true,PRIMARY,TERMS_GOVERNED_API,TERMS_REVIEW_REQUIRED,W09 raw-field metadata only; no production feature adoption.
RF-000953,SRC-002,CFBD,Game,awayClassification,model-defined,enum,UNMATERIALIZED_OR_NOT_SCANNED,,context,safe,DIRECT_PREGAME_CANDIDATE,FIELD_OR_METADATA,STANDARD,RECON_UNIFIED_TEMPORAL_FIELD_REGISTRY_v1.2,true,UNMEASURED_UNTIL_SOURCE_MATERIALIZATION,0,NO_DIRECT_SAMPLE_EVIDENCE_LINKED,JOIN_OR_METADATA,EVIDENCE_OR_METADATA_ONLY,false,true,PRIMARY,TERMS_GOVERNED_API,TERMS_REVIEW_REQUIRED,W09 raw-field metadata only; no production feature adoption.
RF-000954,SRC-002,CFBD,Game,awayPoints,model-defined,int,UNMATERIALIZED_OR_NOT_SCANNED,,outcome,banned_pregame,POSTGAME_OR_FUTURE_BANNED,FIELD_OR_METADATA,REQUIRED,RECON_UNIFIED_TEMPORAL_FIELD_REGISTRY_v1.2,true,UNMEASURED_UNTIL_SOURCE_MATERIALIZATION,0,NO_DIRECT_SAMPLE_EVIDENCE_LINKED,JOIN_OR_METADATA,BANNED_FROM_PREGAME,false,true,PRIMARY,TERMS_GOVERNED_API,TERMS_REVIEW_REQUIRED,W09 raw-field metadata only; no production feature adoption.
RF-000955,SRC-002,CFBD,Game,awayLineScores,model-defined,list[num],UNMATERIALIZED_OR_NOT_SCANNED,,outcome,banned_pregame,POSTGAME_OR_FUTURE_BANNED,FIELD_OR_METADATA,REQUIRED,RECON_UNIFIED_TEMPORAL_FIELD_REGISTRY_v1.2,true,UNMEASURED_UNTIL_SOURCE_MATERIALIZATION,0,NO_DIRECT_SAMPLE_EVIDENCE_LINKED,JOIN_OR_METADATA,BANNED_FROM_PREGAME,false,true,PRIMARY,TERMS_GOVERNED_API,TERMS_REVIEW_REQUIRED,W09 raw-field metadata only; no production feature adoption.
RF-000956,SRC-002,CFBD,Game,awayPostgameWinProbability,model-defined,num,UNMATERIALIZED_OR_NOT_SCANNED,,outcome,banned_pregame,POSTGAME_OR_FUTURE_BANNED,FIELD_OR_METADATA,REQUIRED,RECON_UNIFIED_TEMPORAL_FIELD_REGISTRY_v1.2,true,UNMEASURED_UNTIL_SOURCE_MATERIALIZATION,0,NO_DIRECT_SAMPLE_EVIDENCE_LINKED,JOIN_OR_METADATA,BANNED_FROM_PREGAME,false,true,PRIMARY,TERMS_GOVERNED_API,TERMS_REVIEW_REQUIRED,W09 raw-field metadata only; no production feature adoption.
RF-000957,SRC-002,CFBD,Game,awayPregameElo,model-defined,int,UNMATERIALIZED_OR_NOT_SCANNED,,ratings,safe_if_asof,ASOF_RECONSTRUCTION_REQUIRED,FIELD_OR_METADATA,REQUIRED,RECON_UNIFIED_TEMPORAL_FIELD_REGISTRY_v1.2,true,UNMEASURED_UNTIL_SOURCE_MATERIALIZATION,0,NO_DIRECT_SAMPLE_EVIDENCE_LINKED,JOIN_OR_METADATA,EVIDENCE_OR_METADATA_ONLY,false,true,PRIMARY,TERMS_GOVERNED_API,TERMS_REVIEW_REQUIRED,W09 raw-field metadata only; no production feature adoption.
RF-000958,SRC-002,CFBD,Game,awayPostgameElo,model-defined,int,UNMATERIALIZED_OR_NOT_SCANNED,,ratings,banned_pregame,POSTGAME_OR_FUTURE_BANNED,FIELD_OR_METADATA,REQUIRED,RECON_UNIFIED_TEMPORAL_FIELD_REGISTRY_v1.2,true,UNMEASURED_UNTIL_SOURCE_MATERIALIZATION,0,NO_DIRECT_SAMPLE_EVIDENCE_LINKED,JOIN_OR_METADATA,BANNED_FROM_PREGAME,false,true,PRIMARY,TERMS_GOVERNED_API,TERMS_REVIEW_REQUIRED,W09 raw-field metadata only; no production feature adoption.
RF-000959,SRC-002,CFBD,Game,excitementIndex,model-defined,num,UNMATERIALIZED_OR_NOT_SCANNED,postgame derived,outcome,banned_pregame,POSTGAME_OR_FUTURE_BANNED,FIELD_OR_METADATA,REQUIRED,RECON_UNIFIED_TEMPORAL_FIELD_REGISTRY_v1.2,true,UNMEASURED_UNTIL_SOURCE_MATERIALIZATION,0,NO_DIRECT_SAMPLE_EVIDENCE_LINKED,JOIN_OR_METADATA,BANNED_FROM_PREGAME,false,true,PRIMARY,TERMS_GOVERNED_API,TERMS_REVIEW_REQUIRED,W09 raw-field metadata only; no production feature adoption.
RF-000960,SRC-002,CFBD,Game,highlights,model-defined,str,UNMATERIALIZED_OR_NOT_SCANNED,,metadata,not_direct_feature,REVIEW_REQUIRED,FIELD_OR_METADATA,STANDARD,RECON_UNIFIED_TEMPORAL_FIELD_REGISTRY_v1.2,true,UNMEASURED_UNTIL_SOURCE_MATERIALIZATION,0,NO_DIRECT_SAMPLE_EVIDENCE_LINKED,JOIN_OR_METADATA,TEMPORAL_REVIEW_REQUIRED,false,true,PRIMARY,TERMS_GOVERNED_API,TERMS_REVIEW_REQUIRED,W09 raw-field metadata only; no production feature adoption.
RF-000961,SRC-002,CFBD,Game,notes,model-defined,str,UNMATERIALIZED_OR_NOT_SCANNED,may include useful context but timestamp semantics need review,metadata,conditional,REVIEW_REQUIRED,FIELD_OR_METADATA,STANDARD,RECON_UNIFIED_TEMPORAL_FIELD_REGISTRY_v1.2,true,UNMEASURED_UNTIL_SOURCE_MATERIALIZATION,3,NAME_MATCH_ONLY_NOT_POPULATION_EVIDENCE,JOIN_OR_METADATA,TEMPORAL_REVIEW_REQUIRED,false,true,PRIMARY,TERMS_GOVERNED_API,TERMS_REVIEW_REQUIRED,W09 raw-field metadata only; no production feature adoption.
RF-000962,SRC-002,CFBD,Game,playoff,model-defined,object,UNMATERIALIZED_OR_NOT_SCANNED,,context,safe_if_known,REVIEW_REQUIRED,FIELD_OR_METADATA,STANDARD,RECON_UNIFIED_TEMPORAL_FIELD_REGISTRY_v1.2,true,UNMEASURED_UNTIL_SOURCE_MATERIALIZATION,0,NO_DIRECT_SAMPLE_EVIDENCE_LINKED,JOIN_OR_METADATA,TEMPORAL_REVIEW_REQUIRED,false,true,PRIMARY,TERMS_GOVERNED_API,TERMS_REVIEW_REQUIRED,W09 raw-field metadata only; no production feature adoption.
RF-000963,SRC-002,CFBD,RosterPlayer,id,model-defined,str,UNMATERIALIZED_OR_NOT_SCANNED,,identity,safe,DIRECT_PREGAME_CANDIDATE,FIELD_OR_METADATA,STANDARD,RECON_UNIFIED_TEMPORAL_FIELD_REGISTRY_v1.2,true,UNMEASURED_UNTIL_SOURCE_MATERIALIZATION,1,NAME_MATCH_ONLY_NOT_POPULATION_EVIDENCE,JOIN_OR_METADATA,EVIDENCE_OR_METADATA_ONLY,false,true,PRIMARY,TERMS_GOVERNED_API,TERMS_REVIEW_REQUIRED,W09 raw-field metadata only; no production feature adoption.
RF-000964,SRC-002,CFBD,RosterPlayer,firstName,model-defined,str,UNMATERIALIZED_OR_NOT_SCANNED,,identity,safe,DIRECT_PREGAME_CANDIDATE,FIELD_OR_METADATA,STANDARD,RECON_UNIFIED_TEMPORAL_FIELD_REGISTRY_v1.2,true,UNMEASURED_UNTIL_SOURCE_MATERIALIZATION,0,NO_DIRECT_SAMPLE_EVIDENCE_LINKED,JOIN_OR_METADATA,EVIDENCE_OR_METADATA_ONLY,false,true,PRIMARY,TERMS_GOVERNED_API,TERMS_REVIEW_REQUIRED,W09 raw-field metadata only; no production feature adoption.
RF-000965,SRC-002,CFBD,RosterPlayer,lastName,model-defined,str,UNMATERIALIZED_OR_NOT_SCANNED,,identity,safe,DIRECT_PREGAME_CANDIDATE,FIELD_OR_METADATA,STANDARD,RECON_UNIFIED_TEMPORAL_FIELD_REGISTRY_v1.2,true,UNMEASURED_UNTIL_SOURCE_MATERIALIZATION,0,NO_DIRECT_SAMPLE_EVIDENCE_LINKED,JOIN_OR_METADATA,EVIDENCE_OR_METADATA_ONLY,false,true,PRIMARY,TERMS_GOVERNED_API,TERMS_REVIEW_REQUIRED,W09 raw-field metadata only; no production feature adoption.
RF-000966,SRC-002,CFBD,RosterPlayer,team,model-defined,str,UNMATERIALIZED_OR_NOT_SCANNED,,identity,safe,DIRECT_PREGAME_CANDIDATE,FIELD_OR_METADATA,STANDARD,RECON_UNIFIED_TEMPORAL_FIELD_REGISTRY_v1.2,true,UNMEASURED_UNTIL_SOURCE_MATERIALIZATION,1,NAME_MATCH_ONLY_NOT_POPULATION_EVIDENCE,JOIN_OR_METADATA,EVIDENCE_OR_METADATA_ONLY,false,true,PRIMARY,TERMS_GOVERNED_API,TERMS_REVIEW_REQUIRED,W09 raw-field metadata only; no production feature adoption.
RF-000967,SRC-002,CFBD,RosterPlayer,height,model-defined,num,UNMATERIALIZED_OR_NOT_SCANNED,,player_profile,safe,DIRECT_PREGAME_CANDIDATE,FIELD_OR_METADATA,STANDARD,RECON_UNIFIED_TEMPORAL_FIELD_REGISTRY_v1.2,true,UNMEASURED_UNTIL_SOURCE_MATERIALIZATION,3,NAME_MATCH_ONLY_NOT_POPULATION_EVIDENCE,JOIN_OR_METADATA,EVIDENCE_OR_METADATA_ONLY,false,true,PRIMARY,TERMS_GOVERNED_API,TERMS_REVIEW_REQUIRED,W09 raw-field metadata only; no production feature adoption.
RF-000968,SRC-002,CFBD,RosterPlayer,weight,model-defined,int,UNMATERIALIZED_OR_NOT_SCANNED,,player_profile,safe,DIRECT_PREGAME_CANDIDATE,FIELD_OR_METADATA,STANDARD,RECON_UNIFIED_TEMPORAL_FIELD_REGISTRY_v1.2,true,UNMEASURED_UNTIL_SOURCE_MATERIALIZATION,1,NAME_MATCH_ONLY_NOT_POPULATION_EVIDENCE,JOIN_OR_METADATA,EVIDENCE_OR_METADATA_ONLY,false,true,PRIMARY,TERMS_GOVERNED_API,TERMS_REVIEW_REQUIRED,W09 raw-field metadata only; no production feature adoption.
RF-000969,SRC-002,CFBD,RosterPlayer,jersey,model-defined,int,UNMATERIALIZED_OR_NOT_SCANNED,can change,player_profile,safe_if_asof,ASOF_RECONSTRUCTION_REQUIRED,FIELD_OR_METADATA,REQUIRED,RECON_UNIFIED_TEMPORAL_FIELD_REGISTRY_v1.2,true,UNMEASURED_UNTIL_SOURCE_MATERIALIZATION,1,NAME_MATCH_ONLY_NOT_POPULATION_EVIDENCE,JOIN_OR_METADATA,EVIDENCE_OR_METADATA_ONLY,false,true,PRIMARY,TERMS_GOVERNED_API,TERMS_REVIEW_REQUIRED,W09 raw-field metadata only; no production feature adoption.
RF-000970,SRC-002,CFBD,RosterPlayer,year,model-defined,int,UNMATERIALIZED_OR_NOT_SCANNED,class year,player_profile,safe,DIRECT_PREGAME_CANDIDATE,FIELD_OR_METADATA,STANDARD,RECON_UNIFIED_TEMPORAL_FIELD_REGISTRY_v1.2,true,UNMEASURED_UNTIL_SOURCE_MATERIALIZATION,0,NO_DIRECT_SAMPLE_EVIDENCE_LINKED,JOIN_OR_METADATA,EVIDENCE_OR_METADATA_ONLY,false,true,PRIMARY,TERMS_GOVERNED_API,TERMS_REVIEW_REQUIRED,W09 raw-field metadata only; no production feature adoption.
RF-000971,SRC-002,CFBD,RosterPlayer,position,model-defined,str,UNMATERIALIZED_OR_NOT_SCANNED,position changes possible,player_profile,safe_if_asof,ASOF_RECONSTRUCTION_REQUIRED,FIELD_OR_METADATA,REQUIRED,RECON_UNIFIED_TEMPORAL_FIELD_REGISTRY_v1.2,true,UNMEASURED_UNTIL_SOURCE_MATERIALIZATION,3,NAME_MATCH_ONLY_NOT_POPULATION_EVIDENCE,JOIN_OR_METADATA,EVIDENCE_OR_METADATA_ONLY,false,true,PRIMARY,TERMS_GOVERNED_API,TERMS_REVIEW_REQUIRED,W09 raw-field metadata only; no production feature adoption.
RF-000972,SRC-002,CFBD,RosterPlayer,homeCity,model-defined,str,UNMATERIALIZED_OR_NOT_SCANNED,,player_profile,safe,DIRECT_PREGAME_CANDIDATE,FIELD_OR_METADATA,STANDARD,RECON_UNIFIED_TEMPORAL_FIELD_REGISTRY_v1.2,true,UNMEASURED_UNTIL_SOURCE_MATERIALIZATION,0,NO_DIRECT_SAMPLE_EVIDENCE_LINKED,JOIN_OR_METADATA,EVIDENCE_OR_METADATA_ONLY,false,true,PRIMARY,TERMS_GOVERNED_API,TERMS_REVIEW_REQUIRED,W09 raw-field metadata only; no production feature adoption.
RF-000973,SRC-002,CFBD,RosterPlayer,homeState,model-defined,str,UNMATERIALIZED_OR_NOT_SCANNED,,player_profile,safe,DIRECT_PREGAME_CANDIDATE,FIELD_OR_METADATA,STANDARD,RECON_UNIFIED_TEMPORAL_FIELD_REGISTRY_v1.2,true,UNMEASURED_UNTIL_SOURCE_MATERIALIZATION,0,NO_DIRECT_SAMPLE_EVIDENCE_LINKED,JOIN_OR_METADATA,EVIDENCE_OR_METADATA_ONLY,false,true,PRIMARY,TERMS_GOVERNED_API,TERMS_REVIEW_REQUIRED,W09 raw-field metadata only; no production feature adoption.
RF-000974,SRC-002,CFBD,RosterPlayer,homeCountry,model-defined,str,UNMATERIALIZED_OR_NOT_SCANNED,,player_profile,safe,DIRECT_PREGAME_CANDIDATE,FIELD_OR_METADATA,STANDARD,RECON_UNIFIED_TEMPORAL_FIELD_REGISTRY_v1.2,true,UNMEASURED_UNTIL_SOURCE_MATERIALIZATION,0,NO_DIRECT_SAMPLE_EVIDENCE_LINKED,JOIN_OR_METADATA,EVIDENCE_OR_METADATA_ONLY,false,true,PRIMARY,TERMS_GOVERNED_API,TERMS_REVIEW_REQUIRED,W09 raw-field metadata only; no production feature adoption.
RF-000975,SRC-002,CFBD,RosterPlayer,homeLatitude,model-defined,num,UNMATERIALIZED_OR_NOT_SCANNED,,player_profile,not_direct_feature,REVIEW_REQUIRED,FIELD_OR_METADATA,STANDARD,RECON_UNIFIED_TEMPORAL_FIELD_REGISTRY_v1.2,true,UNMEASURED_UNTIL_SOURCE_MATERIALIZATION,0,NO_DIRECT_SAMPLE_EVIDENCE_LINKED,JOIN_OR_METADATA,TEMPORAL_REVIEW_REQUIRED,false,true,PRIMARY,TERMS_GOVERNED_API,TERMS_REVIEW_REQUIRED,W09 raw-field metadata only; no production feature adoption.
RF-000976,SRC-002,CFBD,RosterPlayer,homeLongitude,model-defined,num,UNMATERIALIZED_OR_NOT_SCANNED,,player_profile,not_direct_feature,REVIEW_REQUIRED,FIELD_OR_METADATA,STANDARD,RECON_UNIFIED_TEMPORAL_FIELD_REGISTRY_v1.2,true,UNMEASURED_UNTIL_SOURCE_MATERIALIZATION,0,NO_DIRECT_SAMPLE_EVIDENCE_LINKED,JOIN_OR_METADATA,TEMPORAL_REVIEW_REQUIRED,false,true,PRIMARY,TERMS_GOVERNED_API,TERMS_REVIEW_REQUIRED,W09 raw-field metadata only; no production feature adoption.
RF-000977,SRC-002,CFBD,RosterPlayer,homeCountyFIPS,model-defined,str,UNMATERIALIZED_OR_NOT_SCANNED,,player_profile,not_direct_feature,REVIEW_REQUIRED,FIELD_OR_METADATA,STANDARD,RECON_UNIFIED_TEMPORAL_FIELD_REGISTRY_v1.2,true,UNMEASURED_UNTIL_SOURCE_MATERIALIZATION,0,NO_DIRECT_SAMPLE_EVIDENCE_LINKED,JOIN_OR_METADATA,TEMPORAL_REVIEW_REQUIRED,false,true,PRIMARY,TERMS_GOVERNED_API,TERMS_REVIEW_REQUIRED,W09 raw-field metadata only; no production feature adoption.
RF-000978,SRC-002,CFBD,RosterPlayer,recruitIds,model-defined,list[str],UNMATERIALIZED_OR_NOT_SCANNED,important recruit linkage,join_key,safe,DIRECT_PREGAME_CANDIDATE,FIELD_OR_METADATA,STANDARD,RECON_UNIFIED_TEMPORAL_FIELD_REGISTRY_v1.2,true,UNMEASURED_UNTIL_SOURCE_MATERIALIZATION,0,NO_DIRECT_SAMPLE_EVIDENCE_LINKED,JOIN_OR_METADATA,EVIDENCE_OR_METADATA_ONLY,false,true,PRIMARY,TERMS_GOVERNED_API,TERMS_REVIEW_REQUIRED,W09 raw-field metadata only; no production feature adoption.
RF-000979,SRC-002,CFBD,TeamTalent,year,model-defined,int,UNMATERIALIZED_OR_NOT_SCANNED,,talent,safe_if_asof,ASOF_RECONSTRUCTION_REQUIRED,FIELD_OR_METADATA,REQUIRED,RECON_UNIFIED_TEMPORAL_FIELD_REGISTRY_v1.2,true,UNMEASURED_UNTIL_SOURCE_MATERIALIZATION,0,NO_DIRECT_SAMPLE_EVIDENCE_LINKED,JOIN_OR_METADATA,EVIDENCE_OR_METADATA_ONLY,false,true,PRIMARY,TERMS_GOVERNED_API,TERMS_REVIEW_REQUIRED,W09 raw-field metadata only; no production feature adoption.
RF-000980,SRC-002,CFBD,TeamTalent,team,model-defined,str,UNMATERIALIZED_OR_NOT_SCANNED,,identity,safe,DIRECT_PREGAME_CANDIDATE,FIELD_OR_METADATA,STANDARD,RECON_UNIFIED_TEMPORAL_FIELD_REGISTRY_v1.2,true,UNMEASURED_UNTIL_SOURCE_MATERIALIZATION,1,NAME_MATCH_ONLY_NOT_POPULATION_EVIDENCE,JOIN_OR_METADATA,EVIDENCE_OR_METADATA_ONLY,false,true,PRIMARY,TERMS_GOVERNED_API,TERMS_REVIEW_REQUIRED,W09 raw-field metadata only; no production feature adoption.
RF-000981,SRC-002,CFBD,TeamTalent,talent,model-defined,num,UNMATERIALIZED_OR_NOT_SCANNED,preseason/season definition must be timestamped,talent,safe_if_asof,ASOF_RECONSTRUCTION_REQUIRED,FIELD_OR_METADATA,REQUIRED,RECON_UNIFIED_TEMPORAL_FIELD_REGISTRY_v1.2,true,UNMEASURED_UNTIL_SOURCE_MATERIALIZATION,0,NO_DIRECT_SAMPLE_EVIDENCE_LINKED,JOIN_OR_METADATA,EVIDENCE_OR_METADATA_ONLY,false,true,PRIMARY,TERMS_GOVERNED_API,TERMS_REVIEW_REQUIRED,W09 raw-field metadata only; no production feature adoption.
RF-000982,SRC-002,CFBD,ReturningProduction,season,model-defined,int,UNMATERIALIZED_OR_NOT_SCANNED,,continuity,safe,DIRECT_PREGAME_CANDIDATE,FIELD_OR_METADATA,STANDARD,RECON_UNIFIED_TEMPORAL_FIELD_REGISTRY_v1.2,true,UNMEASURED_UNTIL_SOURCE_MATERIALIZATION,10,NAME_MATCH_ONLY_NOT_POPULATION_EVIDENCE,JOIN_OR_METADATA,EVIDENCE_OR_METADATA_ONLY,false,true,PRIMARY,TERMS_GOVERNED_API,TERMS_REVIEW_REQUIRED,W09 raw-field metadata only; no production feature adoption.
RF-000983,SRC-002,CFBD,ReturningProduction,team,model-defined,str,UNMATERIALIZED_OR_NOT_SCANNED,,identity,safe,DIRECT_PREGAME_CANDIDATE,FIELD_OR_METADATA,STANDARD,RECON_UNIFIED_TEMPORAL_FIELD_REGISTRY_v1.2,true,UNMEASURED_UNTIL_SOURCE_MATERIALIZATION,1,NAME_MATCH_ONLY_NOT_POPULATION_EVIDENCE,JOIN_OR_METADATA,EVIDENCE_OR_METADATA_ONLY,false,true,PRIMARY,TERMS_GOVERNED_API,TERMS_REVIEW_REQUIRED,W09 raw-field metadata only; no production feature adoption.
RF-000984,SRC-002,CFBD,ReturningProduction,conference,model-defined,str,UNMATERIALIZED_OR_NOT_SCANNED,,context,safe,DIRECT_PREGAME_CANDIDATE,FIELD_OR_METADATA,STANDARD,RECON_UNIFIED_TEMPORAL_FIELD_REGISTRY_v1.2,true,UNMEASURED_UNTIL_SOURCE_MATERIALIZATION,0,NO_DIRECT_SAMPLE_EVIDENCE_LINKED,JOIN_OR_METADATA,EVIDENCE_OR_METADATA_ONLY,false,true,PRIMARY,TERMS_GOVERNED_API,TERMS_REVIEW_REQUIRED,W09 raw-field metadata only; no production feature adoption.
RF-000985,SRC-002,CFBD,ReturningProduction,totalPPA,model-defined,num,UNMATERIALIZED_OR_NOT_SCANNED,,continuity,safe_if_preseason,REVIEW_REQUIRED,FIELD_OR_METADATA,STANDARD,RECON_UNIFIED_TEMPORAL_FIELD_REGISTRY_v1.2,true,UNMEASURED_UNTIL_SOURCE_MATERIALIZATION,0,NO_DIRECT_SAMPLE_EVIDENCE_LINKED,JOIN_OR_METADATA,TEMPORAL_REVIEW_REQUIRED,false,true,PRIMARY,TERMS_GOVERNED_API,TERMS_REVIEW_REQUIRED,W09 raw-field metadata only; no production feature adoption.
RF-000986,SRC-002,CFBD,ReturningProduction,totalPassingPPA,model-defined,num,UNMATERIALIZED_OR_NOT_SCANNED,,continuity,safe_if_preseason,REVIEW_REQUIRED,FIELD_OR_METADATA,STANDARD,RECON_UNIFIED_TEMPORAL_FIELD_REGISTRY_v1.2,true,UNMEASURED_UNTIL_SOURCE_MATERIALIZATION,0,NO_DIRECT_SAMPLE_EVIDENCE_LINKED,JOIN_OR_METADATA,TEMPORAL_REVIEW_REQUIRED,false,true,PRIMARY,TERMS_GOVERNED_API,TERMS_REVIEW_REQUIRED,W09 raw-field metadata only; no production feature adoption.
RF-000987,SRC-002,CFBD,ReturningProduction,totalReceivingPPA,model-defined,num,UNMATERIALIZED_OR_NOT_SCANNED,,continuity,safe_if_preseason,REVIEW_REQUIRED,FIELD_OR_METADATA,STANDARD,RECON_UNIFIED_TEMPORAL_FIELD_REGISTRY_v1.2,true,UNMEASURED_UNTIL_SOURCE_MATERIALIZATION,0,NO_DIRECT_SAMPLE_EVIDENCE_LINKED,JOIN_OR_METADATA,TEMPORAL_REVIEW_REQUIRED,false,true,PRIMARY,TERMS_GOVERNED_API,TERMS_REVIEW_REQUIRED,W09 raw-field metadata only; no production feature adoption.
RF-000988,SRC-002,CFBD,ReturningProduction,totalRushingPPA,model-defined,num,UNMATERIALIZED_OR_NOT_SCANNED,,continuity,safe_if_preseason,REVIEW_REQUIRED,FIELD_OR_METADATA,STANDARD,RECON_UNIFIED_TEMPORAL_FIELD_REGISTRY_v1.2,true,UNMEASURED_UNTIL_SOURCE_MATERIALIZATION,0,NO_DIRECT_SAMPLE_EVIDENCE_LINKED,JOIN_OR_METADATA,TEMPORAL_REVIEW_REQUIRED,false,true,PRIMARY,TERMS_GOVERNED_API,TERMS_REVIEW_REQUIRED,W09 raw-field metadata only; no production feature adoption.
RF-000989,SRC-002,CFBD,ReturningProduction,percentPPA,model-defined,num,UNMATERIALIZED_OR_NOT_SCANNED,,continuity,safe_if_preseason,REVIEW_REQUIRED,FIELD_OR_METADATA,STANDARD,RECON_UNIFIED_TEMPORAL_FIELD_REGISTRY_v1.2,true,UNMEASURED_UNTIL_SOURCE_MATERIALIZATION,0,NO_DIRECT_SAMPLE_EVIDENCE_LINKED,JOIN_OR_METADATA,TEMPORAL_REVIEW_REQUIRED,false,true,PRIMARY,TERMS_GOVERNED_API,TERMS_REVIEW_REQUIRED,W09 raw-field metadata only; no production feature adoption.
RF-000990,SRC-002,CFBD,ReturningProduction,percentPassingPPA,model-defined,num,UNMATERIALIZED_OR_NOT_SCANNED,,continuity,safe_if_preseason,REVIEW_REQUIRED,FIELD_OR_METADATA,STANDARD,RECON_UNIFIED_TEMPORAL_FIELD_REGISTRY_v1.2,true,UNMEASURED_UNTIL_SOURCE_MATERIALIZATION,0,NO_DIRECT_SAMPLE_EVIDENCE_LINKED,JOIN_OR_METADATA,TEMPORAL_REVIEW_REQUIRED,false,true,PRIMARY,TERMS_GOVERNED_API,TERMS_REVIEW_REQUIRED,W09 raw-field metadata only; no production feature adoption.
RF-000991,SRC-002,CFBD,ReturningProduction,percentReceivingPPA,model-defined,num,UNMATERIALIZED_OR_NOT_SCANNED,,continuity,safe_if_preseason,REVIEW_REQUIRED,FIELD_OR_METADATA,STANDARD,RECON_UNIFIED_TEMPORAL_FIELD_REGISTRY_v1.2,true,UNMEASURED_UNTIL_SOURCE_MATERIALIZATION,0,NO_DIRECT_SAMPLE_EVIDENCE_LINKED,JOIN_OR_METADATA,TEMPORAL_REVIEW_REQUIRED,false,true,PRIMARY,TERMS_GOVERNED_API,TERMS_REVIEW_REQUIRED,W09 raw-field metadata only; no production feature adoption.
RF-000992,SRC-002,CFBD,ReturningProduction,percentRushingPPA,model-defined,num,UNMATERIALIZED_OR_NOT_SCANNED,,continuity,safe_if_preseason,REVIEW_REQUIRED,FIELD_OR_METADATA,STANDARD,RECON_UNIFIED_TEMPORAL_FIELD_REGISTRY_v1.2,true,UNMEASURED_UNTIL_SOURCE_MATERIALIZATION,0,NO_DIRECT_SAMPLE_EVIDENCE_LINKED,JOIN_OR_METADATA,TEMPORAL_REVIEW_REQUIRED,false,true,PRIMARY,TERMS_GOVERNED_API,TERMS_REVIEW_REQUIRED,W09 raw-field metadata only; no production feature adoption.
RF-000993,SRC-002,CFBD,ReturningProduction,usage,model-defined,num,UNMATERIALIZED_OR_NOT_SCANNED,,continuity,safe_if_preseason,REVIEW_REQUIRED,FIELD_OR_METADATA,STANDARD,RECON_UNIFIED_TEMPORAL_FIELD_REGISTRY_v1.2,true,UNMEASURED_UNTIL_SOURCE_MATERIALIZATION,0,NO_DIRECT_SAMPLE_EVIDENCE_LINKED,JOIN_OR_METADATA,TEMPORAL_REVIEW_REQUIRED,false,true,PRIMARY,TERMS_GOVERNED_API,TERMS_REVIEW_REQUIRED,W09 raw-field metadata only; no production feature adoption.
RF-000994,SRC-002,CFBD,ReturningProduction,passingUsage,model-defined,num,UNMATERIALIZED_OR_NOT_SCANNED,,continuity,safe_if_preseason,REVIEW_REQUIRED,FIELD_OR_METADATA,STANDARD,RECON_UNIFIED_TEMPORAL_FIELD_REGISTRY_v1.2,true,UNMEASURED_UNTIL_SOURCE_MATERIALIZATION,0,NO_DIRECT_SAMPLE_EVIDENCE_LINKED,JOIN_OR_METADATA,TEMPORAL_REVIEW_REQUIRED,false,true,PRIMARY,TERMS_GOVERNED_API,TERMS_REVIEW_REQUIRED,W09 raw-field metadata only; no production feature adoption.
RF-000995,SRC-002,CFBD,ReturningProduction,receivingUsage,model-defined,num,UNMATERIALIZED_OR_NOT_SCANNED,,continuity,safe_if_preseason,REVIEW_REQUIRED,FIELD_OR_METADATA,STANDARD,RECON_UNIFIED_TEMPORAL_FIELD_REGISTRY_v1.2,true,UNMEASURED_UNTIL_SOURCE_MATERIALIZATION,0,NO_DIRECT_SAMPLE_EVIDENCE_LINKED,JOIN_OR_METADATA,TEMPORAL_REVIEW_REQUIRED,false,true,PRIMARY,TERMS_GOVERNED_API,TERMS_REVIEW_REQUIRED,W09 raw-field metadata only; no production feature adoption.
RF-000996,SRC-002,CFBD,ReturningProduction,rushingUsage,model-defined,num,UNMATERIALIZED_OR_NOT_SCANNED,,continuity,safe_if_preseason,REVIEW_REQUIRED,FIELD_OR_METADATA,STANDARD,RECON_UNIFIED_TEMPORAL_FIELD_REGISTRY_v1.2,true,UNMEASURED_UNTIL_SOURCE_MATERIALIZATION,0,NO_DIRECT_SAMPLE_EVIDENCE_LINKED,JOIN_OR_METADATA,TEMPORAL_REVIEW_REQUIRED,false,true,PRIMARY,TERMS_GOVERNED_API,TERMS_REVIEW_REQUIRED,W09 raw-field metadata only; no production feature adoption.
RF-000997,SRC-002,CFBD,PlayerTransfer,season,model-defined,int,UNMATERIALIZED_OR_NOT_SCANNED,,transfer,safe_if_asof,ASOF_RECONSTRUCTION_REQUIRED,FIELD_OR_METADATA,REQUIRED,RECON_UNIFIED_TEMPORAL_FIELD_REGISTRY_v1.2,true,UNMEASURED_UNTIL_SOURCE_MATERIALIZATION,10,NAME_MATCH_ONLY_NOT_POPULATION_EVIDENCE,JOIN_OR_METADATA,EVIDENCE_OR_METADATA_ONLY,false,true,PRIMARY,TERMS_GOVERNED_API,TERMS_REVIEW_REQUIRED,W09 raw-field metadata only; no production feature adoption.
RF-000998,SRC-002,CFBD,PlayerTransfer,firstName,model-defined,str,UNMATERIALIZED_OR_NOT_SCANNED,,identity,safe,DIRECT_PREGAME_CANDIDATE,FIELD_OR_METADATA,STANDARD,RECON_UNIFIED_TEMPORAL_FIELD_REGISTRY_v1.2,true,UNMEASURED_UNTIL_SOURCE_MATERIALIZATION,0,NO_DIRECT_SAMPLE_EVIDENCE_LINKED,JOIN_OR_METADATA,EVIDENCE_OR_METADATA_ONLY,false,true,PRIMARY,TERMS_GOVERNED_API,TERMS_REVIEW_REQUIRED,W09 raw-field metadata only; no production feature adoption.
RF-000999,SRC-002,CFBD,PlayerTransfer,lastName,model-defined,str,UNMATERIALIZED_OR_NOT_SCANNED,,identity,safe,DIRECT_PREGAME_CANDIDATE,FIELD_OR_METADATA,STANDARD,RECON_UNIFIED_TEMPORAL_FIELD_REGISTRY_v1.2,true,UNMEASURED_UNTIL_SOURCE_MATERIALIZATION,0,NO_DIRECT_SAMPLE_EVIDENCE_LINKED,JOIN_OR_METADATA,EVIDENCE_OR_METADATA_ONLY,false,true,PRIMARY,TERMS_GOVERNED_API,TERMS_REVIEW_REQUIRED,W09 raw-field metadata only; no production feature adoption.
RF-001000,SRC-002,CFBD,PlayerTransfer,position,model-defined,str,UNMATERIALIZED_OR_NOT_SCANNED,,player_profile,safe_if_asof,ASOF_RECONSTRUCTION_REQUIRED,FIELD_OR_METADATA,REQUIRED,RECON_UNIFIED_TEMPORAL_FIELD_REGISTRY_v1.2,true,UNMEASURED_UNTIL_SOURCE_MATERIALIZATION,3,NAME_MATCH_ONLY_NOT_POPULATION_EVIDENCE,JOIN_OR_METADATA,EVIDENCE_OR_METADATA_ONLY,false,true,PRIMARY,TERMS_GOVERNED_API,TERMS_REVIEW_REQUIRED,W09 raw-field metadata only; no production feature adoption.
RF-001001,SRC-002,CFBD,PlayerTransfer,origin,model-defined,str,UNMATERIALIZED_OR_NOT_SCANNED,,transfer,safe,DIRECT_PREGAME_CANDIDATE,FIELD_OR_METADATA,STANDARD,RECON_UNIFIED_TEMPORAL_FIELD_REGISTRY_v1.2,true,UNMEASURED_UNTIL_SOURCE_MATERIALIZATION,0,NO_DIRECT_SAMPLE_EVIDENCE_LINKED,JOIN_OR_METADATA,EVIDENCE_OR_METADATA_ONLY,false,true,PRIMARY,TERMS_GOVERNED_API,TERMS_REVIEW_REQUIRED,W09 raw-field metadata only; no production feature adoption.
RF-001002,SRC-002,CFBD,PlayerTransfer,destination,model-defined,str,UNMATERIALIZED_OR_NOT_SCANNED,destination may be unknown initially,transfer,safe_if_asof,ASOF_RECONSTRUCTION_REQUIRED,FIELD_OR_METADATA,REQUIRED,RECON_UNIFIED_TEMPORAL_FIELD_REGISTRY_v1.2,true,UNMEASURED_UNTIL_SOURCE_MATERIALIZATION,0,NO_DIRECT_SAMPLE_EVIDENCE_LINKED,JOIN_OR_METADATA,EVIDENCE_OR_METADATA_ONLY,false,true,PRIMARY,TERMS_GOVERNED_API,TERMS_REVIEW_REQUIRED,W09 raw-field metadata only; no production feature adoption.
RF-001003,SRC-002,CFBD,PlayerTransfer,transferDate,model-defined,datetime,UNMATERIALIZED_OR_NOT_SCANNED,critical timestamp,temporal,safe_if_asof,ASOF_RECONSTRUCTION_REQUIRED,FIELD_OR_METADATA,REQUIRED,RECON_UNIFIED_TEMPORAL_FIELD_REGISTRY_v1.2,true,UNMEASURED_UNTIL_SOURCE_MATERIALIZATION,0,NO_DIRECT_SAMPLE_EVIDENCE_LINKED,JOIN_OR_METADATA,EVIDENCE_OR_METADATA_ONLY,false,true,PRIMARY,TERMS_GOVERNED_API,TERMS_REVIEW_REQUIRED,W09 raw-field metadata only; no production feature adoption.
RF-001004,SRC-002,CFBD,PlayerTransfer,rating,model-defined,num,UNMATERIALIZED_OR_NOT_SCANNED,,talent,safe_if_asof,ASOF_RECONSTRUCTION_REQUIRED,FIELD_OR_METADATA,REQUIRED,RECON_UNIFIED_TEMPORAL_FIELD_REGISTRY_v1.2,true,UNMEASURED_UNTIL_SOURCE_MATERIALIZATION,0,NO_DIRECT_SAMPLE_EVIDENCE_LINKED,JOIN_OR_METADATA,EVIDENCE_OR_METADATA_ONLY,false,true,PRIMARY,TERMS_GOVERNED_API,TERMS_REVIEW_REQUIRED,W09 raw-field metadata only; no production feature adoption.
RF-001005,SRC-002,CFBD,PlayerTransfer,stars,model-defined,int,UNMATERIALIZED_OR_NOT_SCANNED,,talent,safe_if_asof,ASOF_RECONSTRUCTION_REQUIRED,FIELD_OR_METADATA,REQUIRED,RECON_UNIFIED_TEMPORAL_FIELD_REGISTRY_v1.2,true,UNMEASURED_UNTIL_SOURCE_MATERIALIZATION,0,NO_DIRECT_SAMPLE_EVIDENCE_LINKED,JOIN_OR_METADATA,EVIDENCE_OR_METADATA_ONLY,false,true,PRIMARY,TERMS_GOVERNED_API,TERMS_REVIEW_REQUIRED,W09 raw-field metadata only; no production feature adoption.
RF-001006,SRC-002,CFBD,PlayerTransfer,eligibility,model-defined,enum,UNMATERIALIZED_OR_NOT_SCANNED,,availability,safe_if_asof,ASOF_RECONSTRUCTION_REQUIRED,FIELD_OR_METADATA,REQUIRED,RECON_UNIFIED_TEMPORAL_FIELD_REGISTRY_v1.2,true,UNMEASURED_UNTIL_SOURCE_MATERIALIZATION,0,NO_DIRECT_SAMPLE_EVIDENCE_LINKED,JOIN_OR_METADATA,EVIDENCE_OR_METADATA_ONLY,false,true,PRIMARY,TERMS_GOVERNED_API,TERMS_REVIEW_REQUIRED,W09 raw-field metadata only; no production feature adoption.
RF-001007,SRC-002,CFBD,Recruit,id,model-defined,str,UNMATERIALIZED_OR_NOT_SCANNED,,identity,safe,DIRECT_PREGAME_CANDIDATE,FIELD_OR_METADATA,STANDARD,RECON_UNIFIED_TEMPORAL_FIELD_REGISTRY_v1.2,true,UNMEASURED_UNTIL_SOURCE_MATERIALIZATION,1,NAME_MATCH_ONLY_NOT_POPULATION_EVIDENCE,JOIN_OR_METADATA,EVIDENCE_OR_METADATA_ONLY,false,true,PRIMARY,TERMS_GOVERNED_API,TERMS_REVIEW_REQUIRED,W09 raw-field metadata only; no production feature adoption.
RF-001008,SRC-002,CFBD,Recruit,athleteId,model-defined,str,UNMATERIALIZED_OR_NOT_SCANNED,important roster linkage,join_key,safe,DIRECT_PREGAME_CANDIDATE,FIELD_OR_METADATA,STANDARD,RECON_UNIFIED_TEMPORAL_FIELD_REGISTRY_v1.2,true,UNMEASURED_UNTIL_SOURCE_MATERIALIZATION,0,NO_DIRECT_SAMPLE_EVIDENCE_LINKED,JOIN_OR_METADATA,EVIDENCE_OR_METADATA_ONLY,false,true,PRIMARY,TERMS_GOVERNED_API,TERMS_REVIEW_REQUIRED,W09 raw-field metadata only; no production feature adoption.
RF-001009,SRC-002,CFBD,Recruit,recruitType,model-defined,enum,UNMATERIALIZED_OR_NOT_SCANNED,,recruiting,safe,DIRECT_PREGAME_CANDIDATE,FIELD_OR_METADATA,STANDARD,RECON_UNIFIED_TEMPORAL_FIELD_REGISTRY_v1.2,true,UNMEASURED_UNTIL_SOURCE_MATERIALIZATION,0,NO_DIRECT_SAMPLE_EVIDENCE_LINKED,JOIN_OR_METADATA,EVIDENCE_OR_METADATA_ONLY,false,true,PRIMARY,TERMS_GOVERNED_API,TERMS_REVIEW_REQUIRED,W09 raw-field metadata only; no production feature adoption.
RF-001010,SRC-002,CFBD,Recruit,year,model-defined,int,UNMATERIALIZED_OR_NOT_SCANNED,,recruiting,safe,DIRECT_PREGAME_CANDIDATE,FIELD_OR_METADATA,STANDARD,RECON_UNIFIED_TEMPORAL_FIELD_REGISTRY_v1.2,true,UNMEASURED_UNTIL_SOURCE_MATERIALIZATION,0,NO_DIRECT_SAMPLE_EVIDENCE_LINKED,JOIN_OR_METADATA,EVIDENCE_OR_METADATA_ONLY,false,true,PRIMARY,TERMS_GOVERNED_API,TERMS_REVIEW_REQUIRED,W09 raw-field metadata only; no production feature adoption.
RF-001011,SRC-002,CFBD,Recruit,ranking,model-defined,int,UNMATERIALIZED_OR_NOT_SCANNED,,recruiting,safe_if_asof,ASOF_RECONSTRUCTION_REQUIRED,FIELD_OR_METADATA,REQUIRED,RECON_UNIFIED_TEMPORAL_FIELD_REGISTRY_v1.2,true,UNMEASURED_UNTIL_SOURCE_MATERIALIZATION,0,NO_DIRECT_SAMPLE_EVIDENCE_LINKED,JOIN_OR_METADATA,EVIDENCE_OR_METADATA_ONLY,false,true,PRIMARY,TERMS_GOVERNED_API,TERMS_REVIEW_REQUIRED,W09 raw-field metadata only; no production feature adoption.
RF-001012,SRC-002,CFBD,Recruit,name,model-defined,str,UNMATERIALIZED_OR_NOT_SCANNED,,identity,safe,DIRECT_PREGAME_CANDIDATE,FIELD_OR_METADATA,STANDARD,RECON_UNIFIED_TEMPORAL_FIELD_REGISTRY_v1.2,true,UNMEASURED_UNTIL_SOURCE_MATERIALIZATION,4,NAME_MATCH_ONLY_NOT_POPULATION_EVIDENCE,JOIN_OR_METADATA,EVIDENCE_OR_METADATA_ONLY,false,true,PRIMARY,TERMS_GOVERNED_API,TERMS_REVIEW_REQUIRED,W09 raw-field metadata only; no production feature adoption.
RF-001013,SRC-002,CFBD,Recruit,school,model-defined,str,UNMATERIALIZED_OR_NOT_SCANNED,,recruiting,safe,DIRECT_PREGAME_CANDIDATE,FIELD_OR_METADATA,STANDARD,RECON_UNIFIED_TEMPORAL_FIELD_REGISTRY_v1.2,true,UNMEASURED_UNTIL_SOURCE_MATERIALIZATION,0,NO_DIRECT_SAMPLE_EVIDENCE_LINKED,JOIN_OR_METADATA,EVIDENCE_OR_METADATA_ONLY,false,true,PRIMARY,TERMS_GOVERNED_API,TERMS_REVIEW_REQUIRED,W09 raw-field metadata only; no production feature adoption.
RF-001014,SRC-002,CFBD,Recruit,committedTo,model-defined,str,UNMATERIALIZED_OR_NOT_SCANNED,commit can change,recruiting,safe_if_asof,ASOF_RECONSTRUCTION_REQUIRED,FIELD_OR_METADATA,REQUIRED,RECON_UNIFIED_TEMPORAL_FIELD_REGISTRY_v1.2,true,UNMEASURED_UNTIL_SOURCE_MATERIALIZATION,0,NO_DIRECT_SAMPLE_EVIDENCE_LINKED,JOIN_OR_METADATA,EVIDENCE_OR_METADATA_ONLY,false,true,PRIMARY,TERMS_GOVERNED_API,TERMS_REVIEW_REQUIRED,W09 raw-field metadata only; no production feature adoption.
RF-001015,SRC-002,CFBD,Recruit,position,model-defined,str,UNMATERIALIZED_OR_NOT_SCANNED,,recruiting,safe,DIRECT_PREGAME_CANDIDATE,FIELD_OR_METADATA,STANDARD,RECON_UNIFIED_TEMPORAL_FIELD_REGISTRY_v1.2,true,UNMEASURED_UNTIL_SOURCE_MATERIALIZATION,3,NAME_MATCH_ONLY_NOT_POPULATION_EVIDENCE,JOIN_OR_METADATA,EVIDENCE_OR_METADATA_ONLY,false,true,PRIMARY,TERMS_GOVERNED_API,TERMS_REVIEW_REQUIRED,W09 raw-field metadata only; no production feature adoption.
RF-001016,SRC-002,CFBD,Recruit,height,model-defined,num,UNMATERIALIZED_OR_NOT_SCANNED,,recruiting,safe,DIRECT_PREGAME_CANDIDATE,FIELD_OR_METADATA,STANDARD,RECON_UNIFIED_TEMPORAL_FIELD_REGISTRY_v1.2,true,UNMEASURED_UNTIL_SOURCE_MATERIALIZATION,3,NAME_MATCH_ONLY_NOT_POPULATION_EVIDENCE,JOIN_OR_METADATA,EVIDENCE_OR_METADATA_ONLY,false,true,PRIMARY,TERMS_GOVERNED_API,TERMS_REVIEW_REQUIRED,W09 raw-field metadata only; no production feature adoption.
RF-001017,SRC-002,CFBD,Recruit,weight,model-defined,int,UNMATERIALIZED_OR_NOT_SCANNED,,recruiting,safe,DIRECT_PREGAME_CANDIDATE,FIELD_OR_METADATA,STANDARD,RECON_UNIFIED_TEMPORAL_FIELD_REGISTRY_v1.2,true,UNMEASURED_UNTIL_SOURCE_MATERIALIZATION,1,NAME_MATCH_ONLY_NOT_POPULATION_EVIDENCE,JOIN_OR_METADATA,EVIDENCE_OR_METADATA_ONLY,false,true,PRIMARY,TERMS_GOVERNED_API,TERMS_REVIEW_REQUIRED,W09 raw-field metadata only; no production feature adoption.
RF-001018,SRC-002,CFBD,Recruit,stars,model-defined,int,UNMATERIALIZED_OR_NOT_SCANNED,,recruiting,safe_if_asof,ASOF_RECONSTRUCTION_REQUIRED,FIELD_OR_METADATA,REQUIRED,RECON_UNIFIED_TEMPORAL_FIELD_REGISTRY_v1.2,true,UNMEASURED_UNTIL_SOURCE_MATERIALIZATION,0,NO_DIRECT_SAMPLE_EVIDENCE_LINKED,JOIN_OR_METADATA,EVIDENCE_OR_METADATA_ONLY,false,true,PRIMARY,TERMS_GOVERNED_API,TERMS_REVIEW_REQUIRED,W09 raw-field metadata only; no production feature adoption.
RF-001019,SRC-002,CFBD,Recruit,rating,model-defined,num,UNMATERIALIZED_OR_NOT_SCANNED,,recruiting,safe_if_asof,ASOF_RECONSTRUCTION_REQUIRED,FIELD_OR_METADATA,REQUIRED,RECON_UNIFIED_TEMPORAL_FIELD_REGISTRY_v1.2,true,UNMEASURED_UNTIL_SOURCE_MATERIALIZATION,0,NO_DIRECT_SAMPLE_EVIDENCE_LINKED,JOIN_OR_METADATA,EVIDENCE_OR_METADATA_ONLY,false,true,PRIMARY,TERMS_GOVERNED_API,TERMS_REVIEW_REQUIRED,W09 raw-field metadata only; no production feature adoption.
RF-001020,SRC-002,CFBD,Recruit,city,model-defined,str,UNMATERIALIZED_OR_NOT_SCANNED,,recruiting,not_direct_feature,REVIEW_REQUIRED,FIELD_OR_METADATA,STANDARD,RECON_UNIFIED_TEMPORAL_FIELD_REGISTRY_v1.2,true,UNMEASURED_UNTIL_SOURCE_MATERIALIZATION,1,NAME_MATCH_ONLY_NOT_POPULATION_EVIDENCE,JOIN_OR_METADATA,TEMPORAL_REVIEW_REQUIRED,false,true,PRIMARY,TERMS_GOVERNED_API,TERMS_REVIEW_REQUIRED,W09 raw-field metadata only; no production feature adoption.
RF-001021,SRC-002,CFBD,Recruit,stateProvince,model-defined,str,UNMATERIALIZED_OR_NOT_SCANNED,,recruiting,not_direct_feature,REVIEW_REQUIRED,FIELD_OR_METADATA,STANDARD,RECON_UNIFIED_TEMPORAL_FIELD_REGISTRY_v1.2,true,UNMEASURED_UNTIL_SOURCE_MATERIALIZATION,0,NO_DIRECT_SAMPLE_EVIDENCE_LINKED,JOIN_OR_METADATA,TEMPORAL_REVIEW_REQUIRED,false,true,PRIMARY,TERMS_GOVERNED_API,TERMS_REVIEW_REQUIRED,W09 raw-field metadata only; no production feature adoption.
RF-001022,SRC-002,CFBD,Recruit,country,model-defined,str,UNMATERIALIZED_OR_NOT_SCANNED,,recruiting,not_direct_feature,REVIEW_REQUIRED,FIELD_OR_METADATA,STANDARD,RECON_UNIFIED_TEMPORAL_FIELD_REGISTRY_v1.2,true,UNMEASURED_UNTIL_SOURCE_MATERIALIZATION,0,NO_DIRECT_SAMPLE_EVIDENCE_LINKED,JOIN_OR_METADATA,TEMPORAL_REVIEW_REQUIRED,false,true,PRIMARY,TERMS_GOVERNED_API,TERMS_REVIEW_REQUIRED,W09 raw-field metadata only; no production feature adoption.
RF-001023,SRC-002,CFBD,Recruit,hometownInfo,model-defined,object,UNMATERIALIZED_OR_NOT_SCANNED,,recruiting,not_direct_feature,REVIEW_REQUIRED,FIELD_OR_METADATA,STANDARD,RECON_UNIFIED_TEMPORAL_FIELD_REGISTRY_v1.2,true,UNMEASURED_UNTIL_SOURCE_MATERIALIZATION,0,NO_DIRECT_SAMPLE_EVIDENCE_LINKED,JOIN_OR_METADATA,TEMPORAL_REVIEW_REQUIRED,false,true,PRIMARY,TERMS_GOVERNED_API,TERMS_REVIEW_REQUIRED,W09 raw-field metadata only; no production feature adoption.
RF-001024,SRC-002,CFBD,TeamRecruitingRanking,year,model-defined,int,UNMATERIALIZED_OR_NOT_SCANNED,,recruiting,safe_if_asof,ASOF_RECONSTRUCTION_REQUIRED,FIELD_OR_METADATA,REQUIRED,RECON_UNIFIED_TEMPORAL_FIELD_REGISTRY_v1.2,true,UNMEASURED_UNTIL_SOURCE_MATERIALIZATION,0,NO_DIRECT_SAMPLE_EVIDENCE_LINKED,JOIN_OR_METADATA,EVIDENCE_OR_METADATA_ONLY,false,true,PRIMARY,TERMS_GOVERNED_API,TERMS_REVIEW_REQUIRED,W09 raw-field metadata only; no production feature adoption.
RF-001025,SRC-002,CFBD,TeamRecruitingRanking,rank,model-defined,int,UNMATERIALIZED_OR_NOT_SCANNED,,recruiting,safe_if_asof,ASOF_RECONSTRUCTION_REQUIRED,FIELD_OR_METADATA,REQUIRED,RECON_UNIFIED_TEMPORAL_FIELD_REGISTRY_v1.2,true,UNMEASURED_UNTIL_SOURCE_MATERIALIZATION,0,NO_DIRECT_SAMPLE_EVIDENCE_LINKED,JOIN_OR_METADATA,EVIDENCE_OR_METADATA_ONLY,false,true,PRIMARY,TERMS_GOVERNED_API,TERMS_REVIEW_REQUIRED,W09 raw-field metadata only; no production feature adoption.
RF-001026,SRC-002,CFBD,TeamRecruitingRanking,team,model-defined,str,UNMATERIALIZED_OR_NOT_SCANNED,,identity,safe,DIRECT_PREGAME_CANDIDATE,FIELD_OR_METADATA,STANDARD,RECON_UNIFIED_TEMPORAL_FIELD_REGISTRY_v1.2,true,UNMEASURED_UNTIL_SOURCE_MATERIALIZATION,1,NAME_MATCH_ONLY_NOT_POPULATION_EVIDENCE,JOIN_OR_METADATA,EVIDENCE_OR_METADATA_ONLY,false,true,PRIMARY,TERMS_GOVERNED_API,TERMS_REVIEW_REQUIRED,W09 raw-field metadata only; no production feature adoption.
RF-001027,SRC-002,CFBD,TeamRecruitingRanking,points,model-defined,num,UNMATERIALIZED_OR_NOT_SCANNED,,recruiting,safe_if_asof,ASOF_RECONSTRUCTION_REQUIRED,FIELD_OR_METADATA,REQUIRED,RECON_UNIFIED_TEMPORAL_FIELD_REGISTRY_v1.2,true,UNMEASURED_UNTIL_SOURCE_MATERIALIZATION,0,NO_DIRECT_SAMPLE_EVIDENCE_LINKED,JOIN_OR_METADATA,EVIDENCE_OR_METADATA_ONLY,false,true,PRIMARY,TERMS_GOVERNED_API,TERMS_REVIEW_REQUIRED,W09 raw-field metadata only; no production feature adoption.
RF-001028,SRC-002,CFBD,PregameWinProbability,season,model-defined,int,UNMATERIALIZED_OR_NOT_SCANNED,,context,safe,DIRECT_PREGAME_CANDIDATE,FIELD_OR_METADATA,STANDARD,RECON_UNIFIED_TEMPORAL_FIELD_REGISTRY_v1.2,true,UNMEASURED_UNTIL_SOURCE_MATERIALIZATION,10,NAME_MATCH_ONLY_NOT_POPULATION_EVIDENCE,JOIN_OR_METADATA,EVIDENCE_OR_METADATA_ONLY,false,true,PRIMARY,TERMS_GOVERNED_API,TERMS_REVIEW_REQUIRED,W09 raw-field metadata only; no production feature adoption.
RF-001029,SRC-002,CFBD,PregameWinProbability,seasonType,model-defined,enum,UNMATERIALIZED_OR_NOT_SCANNED,,context,safe,DIRECT_PREGAME_CANDIDATE,FIELD_OR_METADATA,STANDARD,RECON_UNIFIED_TEMPORAL_FIELD_REGISTRY_v1.2,true,UNMEASURED_UNTIL_SOURCE_MATERIALIZATION,1,NAME_MATCH_ONLY_NOT_POPULATION_EVIDENCE,JOIN_OR_METADATA,EVIDENCE_OR_METADATA_ONLY,false,true,PRIMARY,TERMS_GOVERNED_API,TERMS_REVIEW_REQUIRED,W09 raw-field metadata only; no production feature adoption.
RF-001030,SRC-002,CFBD,PregameWinProbability,week,model-defined,int,UNMATERIALIZED_OR_NOT_SCANNED,,context,safe,DIRECT_PREGAME_CANDIDATE,FIELD_OR_METADATA,STANDARD,RECON_UNIFIED_TEMPORAL_FIELD_REGISTRY_v1.2,true,UNMEASURED_UNTIL_SOURCE_MATERIALIZATION,5,NAME_MATCH_ONLY_NOT_POPULATION_EVIDENCE,JOIN_OR_METADATA,EVIDENCE_OR_METADATA_ONLY,false,true,PRIMARY,TERMS_GOVERNED_API,TERMS_REVIEW_REQUIRED,W09 raw-field metadata only; no production feature adoption.
RF-001031,SRC-002,CFBD,PregameWinProbability,gameId,model-defined,int,UNMATERIALIZED_OR_NOT_SCANNED,,join_key,safe,DIRECT_PREGAME_CANDIDATE,FIELD_OR_METADATA,STANDARD,RECON_UNIFIED_TEMPORAL_FIELD_REGISTRY_v1.2,true,UNMEASURED_UNTIL_SOURCE_MATERIALIZATION,0,NO_DIRECT_SAMPLE_EVIDENCE_LINKED,JOIN_OR_METADATA,EVIDENCE_OR_METADATA_ONLY,false,true,PRIMARY,TERMS_GOVERNED_API,TERMS_REVIEW_REQUIRED,W09 raw-field metadata only; no production feature adoption.
RF-001032,SRC-002,CFBD,PregameWinProbability,homeTeam,model-defined,str,UNMATERIALIZED_OR_NOT_SCANNED,,identity,safe,DIRECT_PREGAME_CANDIDATE,FIELD_OR_METADATA,STANDARD,RECON_UNIFIED_TEMPORAL_FIELD_REGISTRY_v1.2,true,UNMEASURED_UNTIL_SOURCE_MATERIALIZATION,0,NO_DIRECT_SAMPLE_EVIDENCE_LINKED,JOIN_OR_METADATA,EVIDENCE_OR_METADATA_ONLY,false,true,PRIMARY,TERMS_GOVERNED_API,TERMS_REVIEW_REQUIRED,W09 raw-field metadata only; no production feature adoption.
RF-001033,SRC-002,CFBD,PregameWinProbability,awayTeam,model-defined,str,UNMATERIALIZED_OR_NOT_SCANNED,,identity,safe,DIRECT_PREGAME_CANDIDATE,FIELD_OR_METADATA,STANDARD,RECON_UNIFIED_TEMPORAL_FIELD_REGISTRY_v1.2,true,UNMEASURED_UNTIL_SOURCE_MATERIALIZATION,0,NO_DIRECT_SAMPLE_EVIDENCE_LINKED,JOIN_OR_METADATA,EVIDENCE_OR_METADATA_ONLY,false,true,PRIMARY,TERMS_GOVERNED_API,TERMS_REVIEW_REQUIRED,W09 raw-field metadata only; no production feature adoption.
RF-001034,SRC-002,CFBD,PregameWinProbability,spread,model-defined,num,UNMATERIALIZED_OR_NOT_SCANNED,spread convention and timestamp must be normalized,market,safe_if_prediction_time,REVIEW_REQUIRED,FIELD_OR_METADATA,STANDARD,RECON_UNIFIED_TEMPORAL_FIELD_REGISTRY_v1.2,true,UNMEASURED_UNTIL_SOURCE_MATERIALIZATION,0,NO_DIRECT_SAMPLE_EVIDENCE_LINKED,JOIN_OR_METADATA,TEMPORAL_REVIEW_REQUIRED,false,true,PRIMARY,TERMS_GOVERNED_API,TERMS_REVIEW_REQUIRED,W09 raw-field metadata only; no production feature adoption.
RF-001035,SRC-002,CFBD,PregameWinProbability,homeWinProbability,model-defined,num,UNMATERIALIZED_OR_NOT_SCANNED,external teacher/benchmark; not use to create circular targets without cross-fitting,baseline_prediction,safe_if_prediction_time,REVIEW_REQUIRED,FIELD_OR_METADATA,STANDARD,RECON_UNIFIED_TEMPORAL_FIELD_REGISTRY_v1.2,true,UNMEASURED_UNTIL_SOURCE_MATERIALIZATION,0,NO_DIRECT_SAMPLE_EVIDENCE_LINKED,JOIN_OR_METADATA,TEMPORAL_REVIEW_REQUIRED,false,true,PRIMARY,TERMS_GOVERNED_API,TERMS_REVIEW_REQUIRED,W09 raw-field metadata only; no production feature adoption.
RF-001036,SRC-002,CFBD,BettingGame,id,model-defined,int,UNMATERIALIZED_OR_NOT_SCANNED,,join_key,safe,DIRECT_PREGAME_CANDIDATE,FIELD_OR_METADATA,STANDARD,RECON_UNIFIED_TEMPORAL_FIELD_REGISTRY_v1.2,true,UNMEASURED_UNTIL_SOURCE_MATERIALIZATION,1,NAME_MATCH_ONLY_NOT_POPULATION_EVIDENCE,JOIN_OR_METADATA,EVIDENCE_OR_METADATA_ONLY,false,true,PRIMARY,TERMS_GOVERNED_API,TERMS_REVIEW_REQUIRED,W09 raw-field metadata only; no production feature adoption.
RF-001037,SRC-002,CFBD,BettingGame,season,model-defined,int,UNMATERIALIZED_OR_NOT_SCANNED,,context,safe,DIRECT_PREGAME_CANDIDATE,FIELD_OR_METADATA,STANDARD,RECON_UNIFIED_TEMPORAL_FIELD_REGISTRY_v1.2,true,UNMEASURED_UNTIL_SOURCE_MATERIALIZATION,10,NAME_MATCH_ONLY_NOT_POPULATION_EVIDENCE,JOIN_OR_METADATA,EVIDENCE_OR_METADATA_ONLY,false,true,PRIMARY,TERMS_GOVERNED_API,TERMS_REVIEW_REQUIRED,W09 raw-field metadata only; no production feature adoption.
RF-001038,SRC-002,CFBD,BettingGame,seasonType,model-defined,enum,UNMATERIALIZED_OR_NOT_SCANNED,,context,safe,DIRECT_PREGAME_CANDIDATE,FIELD_OR_METADATA,STANDARD,RECON_UNIFIED_TEMPORAL_FIELD_REGISTRY_v1.2,true,UNMEASURED_UNTIL_SOURCE_MATERIALIZATION,1,NAME_MATCH_ONLY_NOT_POPULATION_EVIDENCE,JOIN_OR_METADATA,EVIDENCE_OR_METADATA_ONLY,false,true,PRIMARY,TERMS_GOVERNED_API,TERMS_REVIEW_REQUIRED,W09 raw-field metadata only; no production feature adoption.
RF-001039,SRC-002,CFBD,BettingGame,week,model-defined,int,UNMATERIALIZED_OR_NOT_SCANNED,,context,safe,DIRECT_PREGAME_CANDIDATE,FIELD_OR_METADATA,STANDARD,RECON_UNIFIED_TEMPORAL_FIELD_REGISTRY_v1.2,true,UNMEASURED_UNTIL_SOURCE_MATERIALIZATION,5,NAME_MATCH_ONLY_NOT_POPULATION_EVIDENCE,JOIN_OR_METADATA,EVIDENCE_OR_METADATA_ONLY,false,true,PRIMARY,TERMS_GOVERNED_API,TERMS_REVIEW_REQUIRED,W09 raw-field metadata only; no production feature adoption.
RF-001040,SRC-002,CFBD,BettingGame,startDate,model-defined,datetime,UNMATERIALIZED_OR_NOT_SCANNED,,temporal,safe_if_asof,ASOF_RECONSTRUCTION_REQUIRED,FIELD_OR_METADATA,REQUIRED,RECON_UNIFIED_TEMPORAL_FIELD_REGISTRY_v1.2,true,UNMEASURED_UNTIL_SOURCE_MATERIALIZATION,0,NO_DIRECT_SAMPLE_EVIDENCE_LINKED,JOIN_OR_METADATA,EVIDENCE_OR_METADATA_ONLY,false,true,PRIMARY,TERMS_GOVERNED_API,TERMS_REVIEW_REQUIRED,W09 raw-field metadata only; no production feature adoption.
RF-001041,SRC-002,CFBD,BettingGame,homeTeamId,model-defined,int,UNMATERIALIZED_OR_NOT_SCANNED,,join_key,safe,DIRECT_PREGAME_CANDIDATE,FIELD_OR_METADATA,STANDARD,RECON_UNIFIED_TEMPORAL_FIELD_REGISTRY_v1.2,true,UNMEASURED_UNTIL_SOURCE_MATERIALIZATION,1,NAME_MATCH_ONLY_NOT_POPULATION_EVIDENCE,JOIN_OR_METADATA,EVIDENCE_OR_METADATA_ONLY,false,true,PRIMARY,TERMS_GOVERNED_API,TERMS_REVIEW_REQUIRED,W09 raw-field metadata only; no production feature adoption.
RF-001042,SRC-002,CFBD,BettingGame,homeTeam,model-defined,str,UNMATERIALIZED_OR_NOT_SCANNED,,identity,safe,DIRECT_PREGAME_CANDIDATE,FIELD_OR_METADATA,STANDARD,RECON_UNIFIED_TEMPORAL_FIELD_REGISTRY_v1.2,true,UNMEASURED_UNTIL_SOURCE_MATERIALIZATION,0,NO_DIRECT_SAMPLE_EVIDENCE_LINKED,JOIN_OR_METADATA,EVIDENCE_OR_METADATA_ONLY,false,true,PRIMARY,TERMS_GOVERNED_API,TERMS_REVIEW_REQUIRED,W09 raw-field metadata only; no production feature adoption.
RF-001043,SRC-002,CFBD,BettingGame,homeConference,model-defined,str,UNMATERIALIZED_OR_NOT_SCANNED,,context,safe,DIRECT_PREGAME_CANDIDATE,FIELD_OR_METADATA,STANDARD,RECON_UNIFIED_TEMPORAL_FIELD_REGISTRY_v1.2,true,UNMEASURED_UNTIL_SOURCE_MATERIALIZATION,0,NO_DIRECT_SAMPLE_EVIDENCE_LINKED,JOIN_OR_METADATA,EVIDENCE_OR_METADATA_ONLY,false,true,PRIMARY,TERMS_GOVERNED_API,TERMS_REVIEW_REQUIRED,W09 raw-field metadata only; no production feature adoption.
RF-001044,SRC-002,CFBD,BettingGame,homeClassification,model-defined,enum,UNMATERIALIZED_OR_NOT_SCANNED,,context,safe,DIRECT_PREGAME_CANDIDATE,FIELD_OR_METADATA,STANDARD,RECON_UNIFIED_TEMPORAL_FIELD_REGISTRY_v1.2,true,UNMEASURED_UNTIL_SOURCE_MATERIALIZATION,0,NO_DIRECT_SAMPLE_EVIDENCE_LINKED,JOIN_OR_METADATA,EVIDENCE_OR_METADATA_ONLY,false,true,PRIMARY,TERMS_GOVERNED_API,TERMS_REVIEW_REQUIRED,W09 raw-field metadata only; no production feature adoption.
RF-001045,SRC-002,CFBD,BettingGame,homeScore,model-defined,int,UNMATERIALIZED_OR_NOT_SCANNED,,outcome,banned_pregame,POSTGAME_OR_FUTURE_BANNED,FIELD_OR_METADATA,REQUIRED,RECON_UNIFIED_TEMPORAL_FIELD_REGISTRY_v1.2,true,UNMEASURED_UNTIL_SOURCE_MATERIALIZATION,1,NAME_MATCH_ONLY_NOT_POPULATION_EVIDENCE,JOIN_OR_METADATA,BANNED_FROM_PREGAME,false,true,PRIMARY,TERMS_GOVERNED_API,TERMS_REVIEW_REQUIRED,W09 raw-field metadata only; no production feature adoption.
RF-001046,SRC-002,CFBD,BettingGame,awayTeamId,model-defined,int,UNMATERIALIZED_OR_NOT_SCANNED,,join_key,safe,DIRECT_PREGAME_CANDIDATE,FIELD_OR_METADATA,STANDARD,RECON_UNIFIED_TEMPORAL_FIELD_REGISTRY_v1.2,true,UNMEASURED_UNTIL_SOURCE_MATERIALIZATION,1,NAME_MATCH_ONLY_NOT_POPULATION_EVIDENCE,JOIN_OR_METADATA,EVIDENCE_OR_METADATA_ONLY,false,true,PRIMARY,TERMS_GOVERNED_API,TERMS_REVIEW_REQUIRED,W09 raw-field metadata only; no production feature adoption.
RF-001047,SRC-002,CFBD,BettingGame,awayTeam,model-defined,str,UNMATERIALIZED_OR_NOT_SCANNED,,identity,safe,DIRECT_PREGAME_CANDIDATE,FIELD_OR_METADATA,STANDARD,RECON_UNIFIED_TEMPORAL_FIELD_REGISTRY_v1.2,true,UNMEASURED_UNTIL_SOURCE_MATERIALIZATION,0,NO_DIRECT_SAMPLE_EVIDENCE_LINKED,JOIN_OR_METADATA,EVIDENCE_OR_METADATA_ONLY,false,true,PRIMARY,TERMS_GOVERNED_API,TERMS_REVIEW_REQUIRED,W09 raw-field metadata only; no production feature adoption.
RF-001048,SRC-002,CFBD,BettingGame,awayConference,model-defined,str,UNMATERIALIZED_OR_NOT_SCANNED,,context,safe,DIRECT_PREGAME_CANDIDATE,FIELD_OR_METADATA,STANDARD,RECON_UNIFIED_TEMPORAL_FIELD_REGISTRY_v1.2,true,UNMEASURED_UNTIL_SOURCE_MATERIALIZATION,0,NO_DIRECT_SAMPLE_EVIDENCE_LINKED,JOIN_OR_METADATA,EVIDENCE_OR_METADATA_ONLY,false,true,PRIMARY,TERMS_GOVERNED_API,TERMS_REVIEW_REQUIRED,W09 raw-field metadata only; no production feature adoption.
RF-001049,SRC-002,CFBD,BettingGame,awayClassification,model-defined,enum,UNMATERIALIZED_OR_NOT_SCANNED,,context,safe,DIRECT_PREGAME_CANDIDATE,FIELD_OR_METADATA,STANDARD,RECON_UNIFIED_TEMPORAL_FIELD_REGISTRY_v1.2,true,UNMEASURED_UNTIL_SOURCE_MATERIALIZATION,0,NO_DIRECT_SAMPLE_EVIDENCE_LINKED,JOIN_OR_METADATA,EVIDENCE_OR_METADATA_ONLY,false,true,PRIMARY,TERMS_GOVERNED_API,TERMS_REVIEW_REQUIRED,W09 raw-field metadata only; no production feature adoption.
RF-001050,SRC-002,CFBD,BettingGame,awayScore,model-defined,int,UNMATERIALIZED_OR_NOT_SCANNED,,outcome,banned_pregame,POSTGAME_OR_FUTURE_BANNED,FIELD_OR_METADATA,REQUIRED,RECON_UNIFIED_TEMPORAL_FIELD_REGISTRY_v1.2,true,UNMEASURED_UNTIL_SOURCE_MATERIALIZATION,1,NAME_MATCH_ONLY_NOT_POPULATION_EVIDENCE,JOIN_OR_METADATA,BANNED_FROM_PREGAME,false,true,PRIMARY,TERMS_GOVERNED_API,TERMS_REVIEW_REQUIRED,W09 raw-field metadata only; no production feature adoption.
RF-001051,SRC-002,CFBD,BettingGame,lines,model-defined,list[GameLine],UNMATERIALIZED_OR_NOT_SCANNED,provider-level nested records,market,safe_if_prediction_time,REVIEW_REQUIRED,FIELD_OR_METADATA,STANDARD,RECON_UNIFIED_TEMPORAL_FIELD_REGISTRY_v1.2,true,UNMEASURED_UNTIL_SOURCE_MATERIALIZATION,0,NO_DIRECT_SAMPLE_EVIDENCE_LINKED,JOIN_OR_METADATA,TEMPORAL_REVIEW_REQUIRED,false,true,PRIMARY,TERMS_GOVERNED_API,TERMS_REVIEW_REQUIRED,W09 raw-field metadata only; no production feature adoption.
RF-001052,SRC-002,CFBD,GameLine,provider,model-defined,str,UNMATERIALIZED_OR_NOT_SCANNED,,market,safe,DIRECT_PREGAME_CANDIDATE,FIELD_OR_METADATA,STANDARD,RECON_UNIFIED_TEMPORAL_FIELD_REGISTRY_v1.2,true,UNMEASURED_UNTIL_SOURCE_MATERIALIZATION,0,NO_DIRECT_SAMPLE_EVIDENCE_LINKED,JOIN_OR_METADATA,EVIDENCE_OR_METADATA_ONLY,false,true,PRIMARY,TERMS_GOVERNED_API,TERMS_REVIEW_REQUIRED,W09 raw-field metadata only; no production feature adoption.
RF-001053,SRC-002,CFBD,GameLine,spread,model-defined,num,UNMATERIALIZED_OR_NOT_SCANNED,must define sign convention empirically,market,safe_if_prediction_time,REVIEW_REQUIRED,FIELD_OR_METADATA,STANDARD,RECON_UNIFIED_TEMPORAL_FIELD_REGISTRY_v1.2,true,UNMEASURED_UNTIL_SOURCE_MATERIALIZATION,0,NO_DIRECT_SAMPLE_EVIDENCE_LINKED,JOIN_OR_METADATA,TEMPORAL_REVIEW_REQUIRED,false,true,PRIMARY,TERMS_GOVERNED_API,TERMS_REVIEW_REQUIRED,W09 raw-field metadata only; no production feature adoption.
RF-001054,SRC-002,CFBD,GameLine,formattedSpread,model-defined,str,UNMATERIALIZED_OR_NOT_SCANNED,"use for sign/provider validation, not direct numeric feature",market,safe_if_prediction_time,REVIEW_REQUIRED,FIELD_OR_METADATA,STANDARD,RECON_UNIFIED_TEMPORAL_FIELD_REGISTRY_v1.2,true,UNMEASURED_UNTIL_SOURCE_MATERIALIZATION,0,NO_DIRECT_SAMPLE_EVIDENCE_LINKED,JOIN_OR_METADATA,TEMPORAL_REVIEW_REQUIRED,false,true,PRIMARY,TERMS_GOVERNED_API,TERMS_REVIEW_REQUIRED,W09 raw-field metadata only; no production feature adoption.
RF-001055,SRC-002,CFBD,GameLine,spreadOpen,model-defined,num,UNMATERIALIZED_OR_NOT_SCANNED,opening line,market,safe_if_prediction_time,REVIEW_REQUIRED,FIELD_OR_METADATA,STANDARD,RECON_UNIFIED_TEMPORAL_FIELD_REGISTRY_v1.2,true,UNMEASURED_UNTIL_SOURCE_MATERIALIZATION,0,NO_DIRECT_SAMPLE_EVIDENCE_LINKED,JOIN_OR_METADATA,TEMPORAL_REVIEW_REQUIRED,false,true,PRIMARY,TERMS_GOVERNED_API,TERMS_REVIEW_REQUIRED,W09 raw-field metadata only; no production feature adoption.
RF-001056,SRC-002,CFBD,GameLine,overUnder,model-defined,num,UNMATERIALIZED_OR_NOT_SCANNED,,market,safe_if_prediction_time,REVIEW_REQUIRED,FIELD_OR_METADATA,STANDARD,RECON_UNIFIED_TEMPORAL_FIELD_REGISTRY_v1.2,true,UNMEASURED_UNTIL_SOURCE_MATERIALIZATION,1,NAME_MATCH_ONLY_NOT_POPULATION_EVIDENCE,JOIN_OR_METADATA,TEMPORAL_REVIEW_REQUIRED,false,true,PRIMARY,TERMS_GOVERNED_API,TERMS_REVIEW_REQUIRED,W09 raw-field metadata only; no production feature adoption.
RF-001057,SRC-002,CFBD,GameLine,overUnderOpen,model-defined,num,UNMATERIALIZED_OR_NOT_SCANNED,,market,safe_if_prediction_time,REVIEW_REQUIRED,FIELD_OR_METADATA,STANDARD,RECON_UNIFIED_TEMPORAL_FIELD_REGISTRY_v1.2,true,UNMEASURED_UNTIL_SOURCE_MATERIALIZATION,0,NO_DIRECT_SAMPLE_EVIDENCE_LINKED,JOIN_OR_METADATA,TEMPORAL_REVIEW_REQUIRED,false,true,PRIMARY,TERMS_GOVERNED_API,TERMS_REVIEW_REQUIRED,W09 raw-field metadata only; no production feature adoption.
RF-001058,SRC-002,CFBD,GameLine,homeMoneyline,model-defined,num,UNMATERIALIZED_OR_NOT_SCANNED,,market,safe_if_prediction_time,REVIEW_REQUIRED,FIELD_OR_METADATA,STANDARD,RECON_UNIFIED_TEMPORAL_FIELD_REGISTRY_v1.2,true,UNMEASURED_UNTIL_SOURCE_MATERIALIZATION,0,NO_DIRECT_SAMPLE_EVIDENCE_LINKED,JOIN_OR_METADATA,TEMPORAL_REVIEW_REQUIRED,false,true,PRIMARY,TERMS_GOVERNED_API,TERMS_REVIEW_REQUIRED,W09 raw-field metadata only; no production feature adoption.
RF-001059,SRC-002,CFBD,GameLine,awayMoneyline,model-defined,num,UNMATERIALIZED_OR_NOT_SCANNED,,market,safe_if_prediction_time,REVIEW_REQUIRED,FIELD_OR_METADATA,STANDARD,RECON_UNIFIED_TEMPORAL_FIELD_REGISTRY_v1.2,true,UNMEASURED_UNTIL_SOURCE_MATERIALIZATION,0,NO_DIRECT_SAMPLE_EVIDENCE_LINKED,JOIN_OR_METADATA,TEMPORAL_REVIEW_REQUIRED,false,true,PRIMARY,TERMS_GOVERNED_API,TERMS_REVIEW_REQUIRED,W09 raw-field metadata only; no production feature adoption.
RF-001060,SRC-002,CFBD,TeamElo,year,model-defined,int,UNMATERIALIZED_OR_NOT_SCANNED,,ratings,safe_if_asof,ASOF_RECONSTRUCTION_REQUIRED,FIELD_OR_METADATA,REQUIRED,RECON_UNIFIED_TEMPORAL_FIELD_REGISTRY_v1.2,true,UNMEASURED_UNTIL_SOURCE_MATERIALIZATION,0,NO_DIRECT_SAMPLE_EVIDENCE_LINKED,JOIN_OR_METADATA,EVIDENCE_OR_METADATA_ONLY,false,true,PRIMARY,TERMS_GOVERNED_API,TERMS_REVIEW_REQUIRED,W09 raw-field metadata only; no production feature adoption.
RF-001061,SRC-002,CFBD,TeamElo,team,model-defined,str,UNMATERIALIZED_OR_NOT_SCANNED,,identity,safe,DIRECT_PREGAME_CANDIDATE,FIELD_OR_METADATA,STANDARD,RECON_UNIFIED_TEMPORAL_FIELD_REGISTRY_v1.2,true,UNMEASURED_UNTIL_SOURCE_MATERIALIZATION,1,NAME_MATCH_ONLY_NOT_POPULATION_EVIDENCE,JOIN_OR_METADATA,EVIDENCE_OR_METADATA_ONLY,false,true,PRIMARY,TERMS_GOVERNED_API,TERMS_REVIEW_REQUIRED,W09 raw-field metadata only; no production feature adoption.
RF-001062,SRC-002,CFBD,TeamElo,conference,model-defined,str,UNMATERIALIZED_OR_NOT_SCANNED,,context,safe,DIRECT_PREGAME_CANDIDATE,FIELD_OR_METADATA,STANDARD,RECON_UNIFIED_TEMPORAL_FIELD_REGISTRY_v1.2,true,UNMEASURED_UNTIL_SOURCE_MATERIALIZATION,0,NO_DIRECT_SAMPLE_EVIDENCE_LINKED,JOIN_OR_METADATA,EVIDENCE_OR_METADATA_ONLY,false,true,PRIMARY,TERMS_GOVERNED_API,TERMS_REVIEW_REQUIRED,W09 raw-field metadata only; no production feature adoption.
RF-001063,SRC-002,CFBD,TeamElo,elo,model-defined,int,UNMATERIALIZED_OR_NOT_SCANNED,endpoint semantics/year timing must be verified,ratings,safe_if_asof,ASOF_RECONSTRUCTION_REQUIRED,FIELD_OR_METADATA,REQUIRED,RECON_UNIFIED_TEMPORAL_FIELD_REGISTRY_v1.2,true,UNMEASURED_UNTIL_SOURCE_MATERIALIZATION,0,NO_DIRECT_SAMPLE_EVIDENCE_LINKED,JOIN_OR_METADATA,EVIDENCE_OR_METADATA_ONLY,false,true,PRIMARY,TERMS_GOVERNED_API,TERMS_REVIEW_REQUIRED,W09 raw-field metadata only; no production feature adoption.
RF-001064,SRC-002,CFBD,TeamSP,year,model-defined,int,UNMATERIALIZED_OR_NOT_SCANNED,,ratings,safe_if_asof,ASOF_RECONSTRUCTION_REQUIRED,FIELD_OR_METADATA,REQUIRED,RECON_UNIFIED_TEMPORAL_FIELD_REGISTRY_v1.2,true,UNMEASURED_UNTIL_SOURCE_MATERIALIZATION,0,NO_DIRECT_SAMPLE_EVIDENCE_LINKED,JOIN_OR_METADATA,EVIDENCE_OR_METADATA_ONLY,false,true,PRIMARY,TERMS_GOVERNED_API,TERMS_REVIEW_REQUIRED,W09 raw-field metadata only; no production feature adoption.
RF-001065,SRC-002,CFBD,TeamSP,team,model-defined,str,UNMATERIALIZED_OR_NOT_SCANNED,,identity,safe,DIRECT_PREGAME_CANDIDATE,FIELD_OR_METADATA,STANDARD,RECON_UNIFIED_TEMPORAL_FIELD_REGISTRY_v1.2,true,UNMEASURED_UNTIL_SOURCE_MATERIALIZATION,1,NAME_MATCH_ONLY_NOT_POPULATION_EVIDENCE,JOIN_OR_METADATA,EVIDENCE_OR_METADATA_ONLY,false,true,PRIMARY,TERMS_GOVERNED_API,TERMS_REVIEW_REQUIRED,W09 raw-field metadata only; no production feature adoption.
RF-001066,SRC-002,CFBD,TeamSP,conference,model-defined,str,UNMATERIALIZED_OR_NOT_SCANNED,,context,safe,DIRECT_PREGAME_CANDIDATE,FIELD_OR_METADATA,STANDARD,RECON_UNIFIED_TEMPORAL_FIELD_REGISTRY_v1.2,true,UNMEASURED_UNTIL_SOURCE_MATERIALIZATION,0,NO_DIRECT_SAMPLE_EVIDENCE_LINKED,JOIN_OR_METADATA,EVIDENCE_OR_METADATA_ONLY,false,true,PRIMARY,TERMS_GOVERNED_API,TERMS_REVIEW_REQUIRED,W09 raw-field metadata only; no production feature adoption.
RF-001067,SRC-002,CFBD,TeamSP,rating,model-defined,num,UNMATERIALIZED_OR_NOT_SCANNED,,ratings,safe_if_asof,ASOF_RECONSTRUCTION_REQUIRED,FIELD_OR_METADATA,REQUIRED,RECON_UNIFIED_TEMPORAL_FIELD_REGISTRY_v1.2,true,UNMEASURED_UNTIL_SOURCE_MATERIALIZATION,0,NO_DIRECT_SAMPLE_EVIDENCE_LINKED,JOIN_OR_METADATA,EVIDENCE_OR_METADATA_ONLY,false,true,PRIMARY,TERMS_GOVERNED_API,TERMS_REVIEW_REQUIRED,W09 raw-field metadata only; no production feature adoption.
RF-001068,SRC-002,CFBD,TeamSP,ranking,model-defined,int,UNMATERIALIZED_OR_NOT_SCANNED,,ratings,safe_if_asof,ASOF_RECONSTRUCTION_REQUIRED,FIELD_OR_METADATA,REQUIRED,RECON_UNIFIED_TEMPORAL_FIELD_REGISTRY_v1.2,true,UNMEASURED_UNTIL_SOURCE_MATERIALIZATION,0,NO_DIRECT_SAMPLE_EVIDENCE_LINKED,JOIN_OR_METADATA,EVIDENCE_OR_METADATA_ONLY,false,true,PRIMARY,TERMS_GOVERNED_API,TERMS_REVIEW_REQUIRED,W09 raw-field metadata only; no production feature adoption.
RF-001069,SRC-002,CFBD,TeamSP,secondOrderWins,model-defined,num,UNMATERIALIZED_OR_NOT_SCANNED,,ratings,safe_if_asof,ASOF_RECONSTRUCTION_REQUIRED,FIELD_OR_METADATA,REQUIRED,RECON_UNIFIED_TEMPORAL_FIELD_REGISTRY_v1.2,true,UNMEASURED_UNTIL_SOURCE_MATERIALIZATION,0,NO_DIRECT_SAMPLE_EVIDENCE_LINKED,JOIN_OR_METADATA,EVIDENCE_OR_METADATA_ONLY,false,true,PRIMARY,TERMS_GOVERNED_API,TERMS_REVIEW_REQUIRED,W09 raw-field metadata only; no production feature adoption.
RF-001070,SRC-002,CFBD,TeamSP,sos,model-defined,num,UNMATERIALIZED_OR_NOT_SCANNED,,ratings,safe_if_asof,ASOF_RECONSTRUCTION_REQUIRED,FIELD_OR_METADATA,REQUIRED,RECON_UNIFIED_TEMPORAL_FIELD_REGISTRY_v1.2,true,UNMEASURED_UNTIL_SOURCE_MATERIALIZATION,0,NO_DIRECT_SAMPLE_EVIDENCE_LINKED,JOIN_OR_METADATA,EVIDENCE_OR_METADATA_ONLY,false,true,PRIMARY,TERMS_GOVERNED_API,TERMS_REVIEW_REQUIRED,W09 raw-field metadata only; no production feature adoption.
RF-001071,SRC-002,CFBD,TeamSP,offense,model-defined,object,UNMATERIALIZED_OR_NOT_SCANNED,nested schema,ratings,safe_if_asof,ASOF_RECONSTRUCTION_REQUIRED,FIELD_OR_METADATA,REQUIRED,RECON_UNIFIED_TEMPORAL_FIELD_REGISTRY_v1.2,true,UNMEASURED_UNTIL_SOURCE_MATERIALIZATION,0,NO_DIRECT_SAMPLE_EVIDENCE_LINKED,JOIN_OR_METADATA,EVIDENCE_OR_METADATA_ONLY,false,true,PRIMARY,TERMS_GOVERNED_API,TERMS_REVIEW_REQUIRED,W09 raw-field metadata only; no production feature adoption.
RF-001072,SRC-002,CFBD,TeamSP,defense,model-defined,object,UNMATERIALIZED_OR_NOT_SCANNED,nested schema,ratings,safe_if_asof,ASOF_RECONSTRUCTION_REQUIRED,FIELD_OR_METADATA,REQUIRED,RECON_UNIFIED_TEMPORAL_FIELD_REGISTRY_v1.2,true,UNMEASURED_UNTIL_SOURCE_MATERIALIZATION,0,NO_DIRECT_SAMPLE_EVIDENCE_LINKED,JOIN_OR_METADATA,EVIDENCE_OR_METADATA_ONLY,false,true,PRIMARY,TERMS_GOVERNED_API,TERMS_REVIEW_REQUIRED,W09 raw-field metadata only; no production feature adoption.
RF-001073,SRC-002,CFBD,TeamSP,specialTeams,model-defined,object,UNMATERIALIZED_OR_NOT_SCANNED,nested schema,ratings,safe_if_asof,ASOF_RECONSTRUCTION_REQUIRED,FIELD_OR_METADATA,REQUIRED,RECON_UNIFIED_TEMPORAL_FIELD_REGISTRY_v1.2,true,UNMEASURED_UNTIL_SOURCE_MATERIALIZATION,0,NO_DIRECT_SAMPLE_EVIDENCE_LINKED,JOIN_OR_METADATA,EVIDENCE_OR_METADATA_ONLY,false,true,PRIMARY,TERMS_GOVERNED_API,TERMS_REVIEW_REQUIRED,W09 raw-field metadata only; no production feature adoption.
RF-001074,SRC-002,CFBD,TeamFPI,year,model-defined,int,UNMATERIALIZED_OR_NOT_SCANNED,,ratings,safe_if_asof,ASOF_RECONSTRUCTION_REQUIRED,FIELD_OR_METADATA,REQUIRED,RECON_UNIFIED_TEMPORAL_FIELD_REGISTRY_v1.2,true,UNMEASURED_UNTIL_SOURCE_MATERIALIZATION,0,NO_DIRECT_SAMPLE_EVIDENCE_LINKED,JOIN_OR_METADATA,EVIDENCE_OR_METADATA_ONLY,false,true,PRIMARY,TERMS_GOVERNED_API,TERMS_REVIEW_REQUIRED,W09 raw-field metadata only; no production feature adoption.
RF-001075,SRC-002,CFBD,TeamFPI,team,model-defined,str,UNMATERIALIZED_OR_NOT_SCANNED,,identity,safe,DIRECT_PREGAME_CANDIDATE,FIELD_OR_METADATA,STANDARD,RECON_UNIFIED_TEMPORAL_FIELD_REGISTRY_v1.2,true,UNMEASURED_UNTIL_SOURCE_MATERIALIZATION,1,NAME_MATCH_ONLY_NOT_POPULATION_EVIDENCE,JOIN_OR_METADATA,EVIDENCE_OR_METADATA_ONLY,false,true,PRIMARY,TERMS_GOVERNED_API,TERMS_REVIEW_REQUIRED,W09 raw-field metadata only; no production feature adoption.
RF-001076,SRC-002,CFBD,TeamFPI,conference,model-defined,str,UNMATERIALIZED_OR_NOT_SCANNED,,context,safe,DIRECT_PREGAME_CANDIDATE,FIELD_OR_METADATA,STANDARD,RECON_UNIFIED_TEMPORAL_FIELD_REGISTRY_v1.2,true,UNMEASURED_UNTIL_SOURCE_MATERIALIZATION,0,NO_DIRECT_SAMPLE_EVIDENCE_LINKED,JOIN_OR_METADATA,EVIDENCE_OR_METADATA_ONLY,false,true,PRIMARY,TERMS_GOVERNED_API,TERMS_REVIEW_REQUIRED,W09 raw-field metadata only; no production feature adoption.
RF-001077,SRC-002,CFBD,TeamFPI,fpi,model-defined,num,UNMATERIALIZED_OR_NOT_SCANNED,,ratings,safe_if_asof,ASOF_RECONSTRUCTION_REQUIRED,FIELD_OR_METADATA,REQUIRED,RECON_UNIFIED_TEMPORAL_FIELD_REGISTRY_v1.2,true,UNMEASURED_UNTIL_SOURCE_MATERIALIZATION,0,NO_DIRECT_SAMPLE_EVIDENCE_LINKED,JOIN_OR_METADATA,EVIDENCE_OR_METADATA_ONLY,false,true,PRIMARY,TERMS_GOVERNED_API,TERMS_REVIEW_REQUIRED,W09 raw-field metadata only; no production feature adoption.
RF-001078,SRC-002,CFBD,TeamFPI,resumeRanks,model-defined,object,UNMATERIALIZED_OR_NOT_SCANNED,nested,ratings,safe_if_asof,ASOF_RECONSTRUCTION_REQUIRED,FIELD_OR_METADATA,REQUIRED,RECON_UNIFIED_TEMPORAL_FIELD_REGISTRY_v1.2,true,UNMEASURED_UNTIL_SOURCE_MATERIALIZATION,0,NO_DIRECT_SAMPLE_EVIDENCE_LINKED,JOIN_OR_METADATA,EVIDENCE_OR_METADATA_ONLY,false,true,PRIMARY,TERMS_GOVERNED_API,TERMS_REVIEW_REQUIRED,W09 raw-field metadata only; no production feature adoption.
RF-001079,SRC-002,CFBD,TeamFPI,efficiencies,model-defined,object,UNMATERIALIZED_OR_NOT_SCANNED,nested,ratings,safe_if_asof,ASOF_RECONSTRUCTION_REQUIRED,FIELD_OR_METADATA,REQUIRED,RECON_UNIFIED_TEMPORAL_FIELD_REGISTRY_v1.2,true,UNMEASURED_UNTIL_SOURCE_MATERIALIZATION,0,NO_DIRECT_SAMPLE_EVIDENCE_LINKED,JOIN_OR_METADATA,EVIDENCE_OR_METADATA_ONLY,false,true,PRIMARY,TERMS_GOVERNED_API,TERMS_REVIEW_REQUIRED,W09 raw-field metadata only; no production feature adoption.
RF-001080,SRC-002,CFBD,GameWeather,id,model-defined,int,UNMATERIALIZED_OR_NOT_SCANNED,,join_key,safe,DIRECT_PREGAME_CANDIDATE,FIELD_OR_METADATA,STANDARD,RECON_UNIFIED_TEMPORAL_FIELD_REGISTRY_v1.2,true,UNMEASURED_UNTIL_SOURCE_MATERIALIZATION,1,NAME_MATCH_ONLY_NOT_POPULATION_EVIDENCE,JOIN_OR_METADATA,EVIDENCE_OR_METADATA_ONLY,false,true,PRIMARY,TERMS_GOVERNED_API,TERMS_REVIEW_REQUIRED,W09 raw-field metadata only; no production feature adoption.
RF-001081,SRC-002,CFBD,GameWeather,season,model-defined,int,UNMATERIALIZED_OR_NOT_SCANNED,,context,safe,DIRECT_PREGAME_CANDIDATE,FIELD_OR_METADATA,STANDARD,RECON_UNIFIED_TEMPORAL_FIELD_REGISTRY_v1.2,true,UNMEASURED_UNTIL_SOURCE_MATERIALIZATION,10,NAME_MATCH_ONLY_NOT_POPULATION_EVIDENCE,JOIN_OR_METADATA,EVIDENCE_OR_METADATA_ONLY,false,true,PRIMARY,TERMS_GOVERNED_API,TERMS_REVIEW_REQUIRED,W09 raw-field metadata only; no production feature adoption.
RF-001082,SRC-002,CFBD,GameWeather,week,model-defined,int,UNMATERIALIZED_OR_NOT_SCANNED,,context,safe,DIRECT_PREGAME_CANDIDATE,FIELD_OR_METADATA,STANDARD,RECON_UNIFIED_TEMPORAL_FIELD_REGISTRY_v1.2,true,UNMEASURED_UNTIL_SOURCE_MATERIALIZATION,5,NAME_MATCH_ONLY_NOT_POPULATION_EVIDENCE,JOIN_OR_METADATA,EVIDENCE_OR_METADATA_ONLY,false,true,PRIMARY,TERMS_GOVERNED_API,TERMS_REVIEW_REQUIRED,W09 raw-field metadata only; no production feature adoption.
RF-001083,SRC-002,CFBD,GameWeather,seasonType,model-defined,enum,UNMATERIALIZED_OR_NOT_SCANNED,,context,safe,DIRECT_PREGAME_CANDIDATE,FIELD_OR_METADATA,STANDARD,RECON_UNIFIED_TEMPORAL_FIELD_REGISTRY_v1.2,true,UNMEASURED_UNTIL_SOURCE_MATERIALIZATION,1,NAME_MATCH_ONLY_NOT_POPULATION_EVIDENCE,JOIN_OR_METADATA,EVIDENCE_OR_METADATA_ONLY,false,true,PRIMARY,TERMS_GOVERNED_API,TERMS_REVIEW_REQUIRED,W09 raw-field metadata only; no production feature adoption.
RF-001084,SRC-002,CFBD,GameWeather,startTime,model-defined,datetime,UNMATERIALIZED_OR_NOT_SCANNED,,temporal,safe_if_asof,ASOF_RECONSTRUCTION_REQUIRED,FIELD_OR_METADATA,REQUIRED,RECON_UNIFIED_TEMPORAL_FIELD_REGISTRY_v1.2,true,UNMEASURED_UNTIL_SOURCE_MATERIALIZATION,0,NO_DIRECT_SAMPLE_EVIDENCE_LINKED,JOIN_OR_METADATA,EVIDENCE_OR_METADATA_ONLY,false,true,PRIMARY,TERMS_GOVERNED_API,TERMS_REVIEW_REQUIRED,W09 raw-field metadata only; no production feature adoption.
RF-001085,SRC-002,CFBD,GameWeather,gameIndoors,model-defined,bool,UNMATERIALIZED_OR_NOT_SCANNED,,venue,safe,DIRECT_PREGAME_CANDIDATE,FIELD_OR_METADATA,STANDARD,RECON_UNIFIED_TEMPORAL_FIELD_REGISTRY_v1.2,true,UNMEASURED_UNTIL_SOURCE_MATERIALIZATION,0,NO_DIRECT_SAMPLE_EVIDENCE_LINKED,JOIN_OR_METADATA,EVIDENCE_OR_METADATA_ONLY,false,true,PRIMARY,TERMS_GOVERNED_API,TERMS_REVIEW_REQUIRED,W09 raw-field metadata only; no production feature adoption.
RF-001086,SRC-002,CFBD,GameWeather,homeTeam,model-defined,str,UNMATERIALIZED_OR_NOT_SCANNED,,identity,safe,DIRECT_PREGAME_CANDIDATE,FIELD_OR_METADATA,STANDARD,RECON_UNIFIED_TEMPORAL_FIELD_REGISTRY_v1.2,true,UNMEASURED_UNTIL_SOURCE_MATERIALIZATION,0,NO_DIRECT_SAMPLE_EVIDENCE_LINKED,JOIN_OR_METADATA,EVIDENCE_OR_METADATA_ONLY,false,true,PRIMARY,TERMS_GOVERNED_API,TERMS_REVIEW_REQUIRED,W09 raw-field metadata only; no production feature adoption.
RF-001087,SRC-002,CFBD,GameWeather,homeConference,model-defined,str,UNMATERIALIZED_OR_NOT_SCANNED,,context,safe,DIRECT_PREGAME_CANDIDATE,FIELD_OR_METADATA,STANDARD,RECON_UNIFIED_TEMPORAL_FIELD_REGISTRY_v1.2,true,UNMEASURED_UNTIL_SOURCE_MATERIALIZATION,0,NO_DIRECT_SAMPLE_EVIDENCE_LINKED,JOIN_OR_METADATA,EVIDENCE_OR_METADATA_ONLY,false,true,PRIMARY,TERMS_GOVERNED_API,TERMS_REVIEW_REQUIRED,W09 raw-field metadata only; no production feature adoption.
RF-001088,SRC-002,CFBD,GameWeather,awayTeam,model-defined,str,UNMATERIALIZED_OR_NOT_SCANNED,,identity,safe,DIRECT_PREGAME_CANDIDATE,FIELD_OR_METADATA,STANDARD,RECON_UNIFIED_TEMPORAL_FIELD_REGISTRY_v1.2,true,UNMEASURED_UNTIL_SOURCE_MATERIALIZATION,0,NO_DIRECT_SAMPLE_EVIDENCE_LINKED,JOIN_OR_METADATA,EVIDENCE_OR_METADATA_ONLY,false,true,PRIMARY,TERMS_GOVERNED_API,TERMS_REVIEW_REQUIRED,W09 raw-field metadata only; no production feature adoption.
RF-001089,SRC-002,CFBD,GameWeather,awayConference,model-defined,str,UNMATERIALIZED_OR_NOT_SCANNED,,context,safe,DIRECT_PREGAME_CANDIDATE,FIELD_OR_METADATA,STANDARD,RECON_UNIFIED_TEMPORAL_FIELD_REGISTRY_v1.2,true,UNMEASURED_UNTIL_SOURCE_MATERIALIZATION,0,NO_DIRECT_SAMPLE_EVIDENCE_LINKED,JOIN_OR_METADATA,EVIDENCE_OR_METADATA_ONLY,false,true,PRIMARY,TERMS_GOVERNED_API,TERMS_REVIEW_REQUIRED,W09 raw-field metadata only; no production feature adoption.
RF-001090,SRC-002,CFBD,GameWeather,venueId,model-defined,int,UNMATERIALIZED_OR_NOT_SCANNED,,join_key,safe,DIRECT_PREGAME_CANDIDATE,FIELD_OR_METADATA,STANDARD,RECON_UNIFIED_TEMPORAL_FIELD_REGISTRY_v1.2,true,UNMEASURED_UNTIL_SOURCE_MATERIALIZATION,0,NO_DIRECT_SAMPLE_EVIDENCE_LINKED,JOIN_OR_METADATA,EVIDENCE_OR_METADATA_ONLY,false,true,PRIMARY,TERMS_GOVERNED_API,TERMS_REVIEW_REQUIRED,W09 raw-field metadata only; no production feature adoption.
RF-001091,SRC-002,CFBD,GameWeather,venue,model-defined,str,UNMATERIALIZED_OR_NOT_SCANNED,,venue,safe,DIRECT_PREGAME_CANDIDATE,FIELD_OR_METADATA,STANDARD,RECON_UNIFIED_TEMPORAL_FIELD_REGISTRY_v1.2,true,UNMEASURED_UNTIL_SOURCE_MATERIALIZATION,4,NAME_MATCH_ONLY_NOT_POPULATION_EVIDENCE,JOIN_OR_METADATA,EVIDENCE_OR_METADATA_ONLY,false,true,PRIMARY,TERMS_GOVERNED_API,TERMS_REVIEW_REQUIRED,W09 raw-field metadata only; no production feature adoption.
RF-001092,SRC-002,CFBD,GameWeather,temperature,model-defined,num,UNMATERIALIZED_OR_NOT_SCANNED,must distinguish observed historical from forecast-at-prediction-time,weather,historical_observation,REVIEW_REQUIRED,FIELD_OR_METADATA,STANDARD,RECON_UNIFIED_TEMPORAL_FIELD_REGISTRY_v1.2,true,UNMEASURED_UNTIL_SOURCE_MATERIALIZATION,0,NO_DIRECT_SAMPLE_EVIDENCE_LINKED,JOIN_OR_METADATA,TEMPORAL_REVIEW_REQUIRED,false,true,PRIMARY,TERMS_GOVERNED_API,TERMS_REVIEW_REQUIRED,W09 raw-field metadata only; no production feature adoption.
RF-001093,SRC-002,CFBD,GameWeather,dewPoint,model-defined,num,UNMATERIALIZED_OR_NOT_SCANNED,,weather,historical_observation,REVIEW_REQUIRED,FIELD_OR_METADATA,STANDARD,RECON_UNIFIED_TEMPORAL_FIELD_REGISTRY_v1.2,true,UNMEASURED_UNTIL_SOURCE_MATERIALIZATION,0,NO_DIRECT_SAMPLE_EVIDENCE_LINKED,JOIN_OR_METADATA,TEMPORAL_REVIEW_REQUIRED,false,true,PRIMARY,TERMS_GOVERNED_API,TERMS_REVIEW_REQUIRED,W09 raw-field metadata only; no production feature adoption.
RF-001094,SRC-002,CFBD,GameWeather,humidity,model-defined,num,UNMATERIALIZED_OR_NOT_SCANNED,,weather,historical_observation,REVIEW_REQUIRED,FIELD_OR_METADATA,STANDARD,RECON_UNIFIED_TEMPORAL_FIELD_REGISTRY_v1.2,true,UNMEASURED_UNTIL_SOURCE_MATERIALIZATION,0,NO_DIRECT_SAMPLE_EVIDENCE_LINKED,JOIN_OR_METADATA,TEMPORAL_REVIEW_REQUIRED,false,true,PRIMARY,TERMS_GOVERNED_API,TERMS_REVIEW_REQUIRED,W09 raw-field metadata only; no production feature adoption.
RF-001095,SRC-002,CFBD,GameWeather,precipitation,model-defined,num,UNMATERIALIZED_OR_NOT_SCANNED,,weather,historical_observation,REVIEW_REQUIRED,FIELD_OR_METADATA,STANDARD,RECON_UNIFIED_TEMPORAL_FIELD_REGISTRY_v1.2,true,UNMEASURED_UNTIL_SOURCE_MATERIALIZATION,0,NO_DIRECT_SAMPLE_EVIDENCE_LINKED,JOIN_OR_METADATA,TEMPORAL_REVIEW_REQUIRED,false,true,PRIMARY,TERMS_GOVERNED_API,TERMS_REVIEW_REQUIRED,W09 raw-field metadata only; no production feature adoption.
RF-001096,SRC-002,CFBD,GameWeather,snowfall,model-defined,num,UNMATERIALIZED_OR_NOT_SCANNED,,weather,historical_observation,REVIEW_REQUIRED,FIELD_OR_METADATA,STANDARD,RECON_UNIFIED_TEMPORAL_FIELD_REGISTRY_v1.2,true,UNMEASURED_UNTIL_SOURCE_MATERIALIZATION,0,NO_DIRECT_SAMPLE_EVIDENCE_LINKED,JOIN_OR_METADATA,TEMPORAL_REVIEW_REQUIRED,false,true,PRIMARY,TERMS_GOVERNED_API,TERMS_REVIEW_REQUIRED,W09 raw-field metadata only; no production feature adoption.
RF-001097,SRC-002,CFBD,GameWeather,windDirection,model-defined,num,UNMATERIALIZED_OR_NOT_SCANNED,,weather,historical_observation,REVIEW_REQUIRED,FIELD_OR_METADATA,STANDARD,RECON_UNIFIED_TEMPORAL_FIELD_REGISTRY_v1.2,true,UNMEASURED_UNTIL_SOURCE_MATERIALIZATION,0,NO_DIRECT_SAMPLE_EVIDENCE_LINKED,JOIN_OR_METADATA,TEMPORAL_REVIEW_REQUIRED,false,true,PRIMARY,TERMS_GOVERNED_API,TERMS_REVIEW_REQUIRED,W09 raw-field metadata only; no production feature adoption.
RF-001098,SRC-002,CFBD,GameWeather,windSpeed,model-defined,num,UNMATERIALIZED_OR_NOT_SCANNED,,weather,historical_observation,REVIEW_REQUIRED,FIELD_OR_METADATA,STANDARD,RECON_UNIFIED_TEMPORAL_FIELD_REGISTRY_v1.2,true,UNMEASURED_UNTIL_SOURCE_MATERIALIZATION,0,NO_DIRECT_SAMPLE_EVIDENCE_LINKED,JOIN_OR_METADATA,TEMPORAL_REVIEW_REQUIRED,false,true,PRIMARY,TERMS_GOVERNED_API,TERMS_REVIEW_REQUIRED,W09 raw-field metadata only; no production feature adoption.
RF-001099,SRC-002,CFBD,GameWeather,pressure,model-defined,num,UNMATERIALIZED_OR_NOT_SCANNED,,weather,historical_observation,REVIEW_REQUIRED,FIELD_OR_METADATA,STANDARD,RECON_UNIFIED_TEMPORAL_FIELD_REGISTRY_v1.2,true,UNMEASURED_UNTIL_SOURCE_MATERIALIZATION,0,NO_DIRECT_SAMPLE_EVIDENCE_LINKED,JOIN_OR_METADATA,TEMPORAL_REVIEW_REQUIRED,false,true,PRIMARY,TERMS_GOVERNED_API,TERMS_REVIEW_REQUIRED,W09 raw-field metadata only; no production feature adoption.
RF-001100,SRC-002,CFBD,GameWeather,weatherConditionCode,model-defined,num,UNMATERIALIZED_OR_NOT_SCANNED,,weather,historical_observation,REVIEW_REQUIRED,FIELD_OR_METADATA,STANDARD,RECON_UNIFIED_TEMPORAL_FIELD_REGISTRY_v1.2,true,UNMEASURED_UNTIL_SOURCE_MATERIALIZATION,0,NO_DIRECT_SAMPLE_EVIDENCE_LINKED,JOIN_OR_METADATA,TEMPORAL_REVIEW_REQUIRED,false,true,PRIMARY,TERMS_GOVERNED_API,TERMS_REVIEW_REQUIRED,W09 raw-field metadata only; no production feature adoption.
RF-001101,SRC-002,CFBD,GameWeather,weatherCondition,model-defined,str,UNMATERIALIZED_OR_NOT_SCANNED,,weather,historical_observation,REVIEW_REQUIRED,FIELD_OR_METADATA,STANDARD,RECON_UNIFIED_TEMPORAL_FIELD_REGISTRY_v1.2,true,UNMEASURED_UNTIL_SOURCE_MATERIALIZATION,0,NO_DIRECT_SAMPLE_EVIDENCE_LINKED,JOIN_OR_METADATA,TEMPORAL_REVIEW_REQUIRED,false,true,PRIMARY,TERMS_GOVERNED_API,TERMS_REVIEW_REQUIRED,W09 raw-field metadata only; no production feature adoption.
RF-001102,SRC-002,CFBD,Coach,id,model-defined,int,UNMATERIALIZED_OR_NOT_SCANNED,,identity,safe,DIRECT_PREGAME_CANDIDATE,FIELD_OR_METADATA,STANDARD,RECON_UNIFIED_TEMPORAL_FIELD_REGISTRY_v1.2,true,UNMEASURED_UNTIL_SOURCE_MATERIALIZATION,1,NAME_MATCH_ONLY_NOT_POPULATION_EVIDENCE,JOIN_OR_METADATA,EVIDENCE_OR_METADATA_ONLY,false,true,PRIMARY,TERMS_GOVERNED_API,TERMS_REVIEW_REQUIRED,W09 raw-field metadata only; no production feature adoption.
RF-001103,SRC-002,CFBD,Coach,firstName,model-defined,str,UNMATERIALIZED_OR_NOT_SCANNED,,identity,safe,DIRECT_PREGAME_CANDIDATE,FIELD_OR_METADATA,STANDARD,RECON_UNIFIED_TEMPORAL_FIELD_REGISTRY_v1.2,true,UNMEASURED_UNTIL_SOURCE_MATERIALIZATION,0,NO_DIRECT_SAMPLE_EVIDENCE_LINKED,JOIN_OR_METADATA,EVIDENCE_OR_METADATA_ONLY,false,true,PRIMARY,TERMS_GOVERNED_API,TERMS_REVIEW_REQUIRED,W09 raw-field metadata only; no production feature adoption.
RF-001104,SRC-002,CFBD,Coach,lastName,model-defined,str,UNMATERIALIZED_OR_NOT_SCANNED,,identity,safe,DIRECT_PREGAME_CANDIDATE,FIELD_OR_METADATA,STANDARD,RECON_UNIFIED_TEMPORAL_FIELD_REGISTRY_v1.2,true,UNMEASURED_UNTIL_SOURCE_MATERIALIZATION,0,NO_DIRECT_SAMPLE_EVIDENCE_LINKED,JOIN_OR_METADATA,EVIDENCE_OR_METADATA_ONLY,false,true,PRIMARY,TERMS_GOVERNED_API,TERMS_REVIEW_REQUIRED,W09 raw-field metadata only; no production feature adoption.
RF-001105,SRC-002,CFBD,Coach,hireDate,model-defined,datetime,UNMATERIALIZED_OR_NOT_SCANNED,,temporal,safe_if_asof,ASOF_RECONSTRUCTION_REQUIRED,FIELD_OR_METADATA,REQUIRED,RECON_UNIFIED_TEMPORAL_FIELD_REGISTRY_v1.2,true,UNMEASURED_UNTIL_SOURCE_MATERIALIZATION,0,NO_DIRECT_SAMPLE_EVIDENCE_LINKED,JOIN_OR_METADATA,EVIDENCE_OR_METADATA_ONLY,false,true,PRIMARY,TERMS_GOVERNED_API,TERMS_REVIEW_REQUIRED,W09 raw-field metadata only; no production feature adoption.
RF-001106,SRC-002,CFBD,Coach,seasons,model-defined,list[CoachSeason],UNMATERIALIZED_OR_NOT_SCANNED,season detail may include end-of-season outcomes; derive point-in-time features carefully,coaching,historical_only,REVIEW_REQUIRED,FIELD_OR_METADATA,STANDARD,RECON_UNIFIED_TEMPORAL_FIELD_REGISTRY_v1.2,true,UNMEASURED_UNTIL_SOURCE_MATERIALIZATION,0,NO_DIRECT_SAMPLE_EVIDENCE_LINKED,JOIN_OR_METADATA,TEMPORAL_REVIEW_REQUIRED,false,true,PRIMARY,TERMS_GOVERNED_API,TERMS_REVIEW_REQUIRED,W09 raw-field metadata only; no production feature adoption.
RF-001107,SRC-002,CFBD,CoachSeason,teamId,model-defined,int,UNMATERIALIZED_OR_NOT_SCANNED,,join_key,safe,DIRECT_PREGAME_CANDIDATE,FIELD_OR_METADATA,STANDARD,RECON_UNIFIED_TEMPORAL_FIELD_REGISTRY_v1.2,true,UNMEASURED_UNTIL_SOURCE_MATERIALIZATION,0,NO_DIRECT_SAMPLE_EVIDENCE_LINKED,JOIN_OR_METADATA,EVIDENCE_OR_METADATA_ONLY,false,true,PRIMARY,TERMS_GOVERNED_API,TERMS_REVIEW_REQUIRED,W09 raw-field metadata only; no production feature adoption.
RF-001108,SRC-002,CFBD,CoachSeason,school,model-defined,str,UNMATERIALIZED_OR_NOT_SCANNED,,identity,safe,DIRECT_PREGAME_CANDIDATE,FIELD_OR_METADATA,STANDARD,RECON_UNIFIED_TEMPORAL_FIELD_REGISTRY_v1.2,true,UNMEASURED_UNTIL_SOURCE_MATERIALIZATION,0,NO_DIRECT_SAMPLE_EVIDENCE_LINKED,JOIN_OR_METADATA,EVIDENCE_OR_METADATA_ONLY,false,true,PRIMARY,TERMS_GOVERNED_API,TERMS_REVIEW_REQUIRED,W09 raw-field metadata only; no production feature adoption.
RF-001109,SRC-002,CFBD,CoachSeason,conference,model-defined,str,UNMATERIALIZED_OR_NOT_SCANNED,,context,safe,DIRECT_PREGAME_CANDIDATE,FIELD_OR_METADATA,STANDARD,RECON_UNIFIED_TEMPORAL_FIELD_REGISTRY_v1.2,true,UNMEASURED_UNTIL_SOURCE_MATERIALIZATION,0,NO_DIRECT_SAMPLE_EVIDENCE_LINKED,JOIN_OR_METADATA,EVIDENCE_OR_METADATA_ONLY,false,true,PRIMARY,TERMS_GOVERNED_API,TERMS_REVIEW_REQUIRED,W09 raw-field metadata only; no production feature adoption.
RF-001110,SRC-002,CFBD,CoachSeason,year,model-defined,int,UNMATERIALIZED_OR_NOT_SCANNED,,context,safe,DIRECT_PREGAME_CANDIDATE,FIELD_OR_METADATA,STANDARD,RECON_UNIFIED_TEMPORAL_FIELD_REGISTRY_v1.2,true,UNMEASURED_UNTIL_SOURCE_MATERIALIZATION,0,NO_DIRECT_SAMPLE_EVIDENCE_LINKED,JOIN_OR_METADATA,EVIDENCE_OR_METADATA_ONLY,false,true,PRIMARY,TERMS_GOVERNED_API,TERMS_REVIEW_REQUIRED,W09 raw-field metadata only; no production feature adoption.
RF-001111,SRC-002,CFBD,CoachSeason,games,model-defined,int,UNMATERIALIZED_OR_NOT_SCANNED,must reconstruct through prior games for pregame features,coaching,postseason_aggregate,REVIEW_REQUIRED,FIELD_OR_METADATA,STANDARD,RECON_UNIFIED_TEMPORAL_FIELD_REGISTRY_v1.2,true,UNMEASURED_UNTIL_SOURCE_MATERIALIZATION,0,NO_DIRECT_SAMPLE_EVIDENCE_LINKED,JOIN_OR_METADATA,TEMPORAL_REVIEW_REQUIRED,false,true,PRIMARY,TERMS_GOVERNED_API,TERMS_REVIEW_REQUIRED,W09 raw-field metadata only; no production feature adoption.
RF-001112,SRC-002,CFBD,CoachSeason,wins,model-defined,int,UNMATERIALIZED_OR_NOT_SCANNED,,coaching,postseason_aggregate,REVIEW_REQUIRED,FIELD_OR_METADATA,STANDARD,RECON_UNIFIED_TEMPORAL_FIELD_REGISTRY_v1.2,true,UNMEASURED_UNTIL_SOURCE_MATERIALIZATION,0,NO_DIRECT_SAMPLE_EVIDENCE_LINKED,JOIN_OR_METADATA,TEMPORAL_REVIEW_REQUIRED,false,true,PRIMARY,TERMS_GOVERNED_API,TERMS_REVIEW_REQUIRED,W09 raw-field metadata only; no production feature adoption.
RF-001113,SRC-002,CFBD,CoachSeason,losses,model-defined,int,UNMATERIALIZED_OR_NOT_SCANNED,,coaching,postseason_aggregate,REVIEW_REQUIRED,FIELD_OR_METADATA,STANDARD,RECON_UNIFIED_TEMPORAL_FIELD_REGISTRY_v1.2,true,UNMEASURED_UNTIL_SOURCE_MATERIALIZATION,0,NO_DIRECT_SAMPLE_EVIDENCE_LINKED,JOIN_OR_METADATA,TEMPORAL_REVIEW_REQUIRED,false,true,PRIMARY,TERMS_GOVERNED_API,TERMS_REVIEW_REQUIRED,W09 raw-field metadata only; no production feature adoption.
RF-001114,SRC-002,CFBD,CoachSeason,ties,model-defined,int,UNMATERIALIZED_OR_NOT_SCANNED,,coaching,postseason_aggregate,REVIEW_REQUIRED,FIELD_OR_METADATA,STANDARD,RECON_UNIFIED_TEMPORAL_FIELD_REGISTRY_v1.2,true,UNMEASURED_UNTIL_SOURCE_MATERIALIZATION,0,NO_DIRECT_SAMPLE_EVIDENCE_LINKED,JOIN_OR_METADATA,TEMPORAL_REVIEW_REQUIRED,false,true,PRIMARY,TERMS_GOVERNED_API,TERMS_REVIEW_REQUIRED,W09 raw-field metadata only; no production feature adoption.
RF-001115,SRC-002,CFBD,CoachSeason,winPercentage,model-defined,num,UNMATERIALIZED_OR_NOT_SCANNED,,coaching,postseason_aggregate,REVIEW_REQUIRED,FIELD_OR_METADATA,STANDARD,RECON_UNIFIED_TEMPORAL_FIELD_REGISTRY_v1.2,true,UNMEASURED_UNTIL_SOURCE_MATERIALIZATION,0,NO_DIRECT_SAMPLE_EVIDENCE_LINKED,JOIN_OR_METADATA,TEMPORAL_REVIEW_REQUIRED,false,true,PRIMARY,TERMS_GOVERNED_API,TERMS_REVIEW_REQUIRED,W09 raw-field metadata only; no production feature adoption.
RF-001116,SRC-002,CFBD,CoachSeason,preseasonRank,model-defined,int,UNMATERIALIZED_OR_NOT_SCANNED,,rankings,safe_if_known,REVIEW_REQUIRED,FIELD_OR_METADATA,STANDARD,RECON_UNIFIED_TEMPORAL_FIELD_REGISTRY_v1.2,true,UNMEASURED_UNTIL_SOURCE_MATERIALIZATION,0,NO_DIRECT_SAMPLE_EVIDENCE_LINKED,JOIN_OR_METADATA,TEMPORAL_REVIEW_REQUIRED,false,true,PRIMARY,TERMS_GOVERNED_API,TERMS_REVIEW_REQUIRED,W09 raw-field metadata only; no production feature adoption.
RF-001117,SRC-002,CFBD,CoachSeason,postseasonRank,model-defined,int,UNMATERIALIZED_OR_NOT_SCANNED,,rankings,banned_pregame_for_same_season,POSTGAME_OR_FUTURE_BANNED,FIELD_OR_METADATA,REQUIRED,RECON_UNIFIED_TEMPORAL_FIELD_REGISTRY_v1.2,true,UNMEASURED_UNTIL_SOURCE_MATERIALIZATION,0,NO_DIRECT_SAMPLE_EVIDENCE_LINKED,JOIN_OR_METADATA,BANNED_FROM_PREGAME,false,true,PRIMARY,TERMS_GOVERNED_API,TERMS_REVIEW_REQUIRED,W09 raw-field metadata only; no production feature adoption.
RF-001118,SRC-002,CFBD,CoachSeason,srs,model-defined,num,UNMATERIALIZED_OR_NOT_SCANNED,verify semantics,ratings,postseason_or_ambiguous,REVIEW_REQUIRED,FIELD_OR_METADATA,STANDARD,RECON_UNIFIED_TEMPORAL_FIELD_REGISTRY_v1.2,true,UNMEASURED_UNTIL_SOURCE_MATERIALIZATION,0,NO_DIRECT_SAMPLE_EVIDENCE_LINKED,JOIN_OR_METADATA,TEMPORAL_REVIEW_REQUIRED,false,true,PRIMARY,TERMS_GOVERNED_API,TERMS_REVIEW_REQUIRED,W09 raw-field metadata only; no production feature adoption.
RF-001119,SRC-002,CFBD,CoachSeason,spOverall,model-defined,num,UNMATERIALIZED_OR_NOT_SCANNED,verify semantics,ratings,postseason_or_ambiguous,REVIEW_REQUIRED,FIELD_OR_METADATA,STANDARD,RECON_UNIFIED_TEMPORAL_FIELD_REGISTRY_v1.2,true,UNMEASURED_UNTIL_SOURCE_MATERIALIZATION,0,NO_DIRECT_SAMPLE_EVIDENCE_LINKED,JOIN_OR_METADATA,TEMPORAL_REVIEW_REQUIRED,false,true,PRIMARY,TERMS_GOVERNED_API,TERMS_REVIEW_REQUIRED,W09 raw-field metadata only; no production feature adoption.
RF-001120,SRC-002,CFBD,CoachSeason,spOffense,model-defined,num,UNMATERIALIZED_OR_NOT_SCANNED,verify semantics,ratings,postseason_or_ambiguous,REVIEW_REQUIRED,FIELD_OR_METADATA,STANDARD,RECON_UNIFIED_TEMPORAL_FIELD_REGISTRY_v1.2,true,UNMEASURED_UNTIL_SOURCE_MATERIALIZATION,0,NO_DIRECT_SAMPLE_EVIDENCE_LINKED,JOIN_OR_METADATA,TEMPORAL_REVIEW_REQUIRED,false,true,PRIMARY,TERMS_GOVERNED_API,TERMS_REVIEW_REQUIRED,W09 raw-field metadata only; no production feature adoption.
RF-001121,SRC-002,CFBD,CoachSeason,spDefense,model-defined,num,UNMATERIALIZED_OR_NOT_SCANNED,verify semantics,ratings,postseason_or_ambiguous,REVIEW_REQUIRED,FIELD_OR_METADATA,STANDARD,RECON_UNIFIED_TEMPORAL_FIELD_REGISTRY_v1.2,true,UNMEASURED_UNTIL_SOURCE_MATERIALIZATION,0,NO_DIRECT_SAMPLE_EVIDENCE_LINKED,JOIN_OR_METADATA,TEMPORAL_REVIEW_REQUIRED,false,true,PRIMARY,TERMS_GOVERNED_API,TERMS_REVIEW_REQUIRED,W09 raw-field metadata only; no production feature adoption.
RF-001122,SRC-002,CFBD,Team,id,model-defined,int,UNMATERIALIZED_OR_NOT_SCANNED,,identity,safe,DIRECT_PREGAME_CANDIDATE,FIELD_OR_METADATA,STANDARD,RECON_UNIFIED_TEMPORAL_FIELD_REGISTRY_v1.2,true,UNMEASURED_UNTIL_SOURCE_MATERIALIZATION,1,NAME_MATCH_ONLY_NOT_POPULATION_EVIDENCE,JOIN_OR_METADATA,EVIDENCE_OR_METADATA_ONLY,false,true,PRIMARY,TERMS_GOVERNED_API,TERMS_REVIEW_REQUIRED,W09 raw-field metadata only; no production feature adoption.
RF-001123,SRC-002,CFBD,Team,school,model-defined,str,UNMATERIALIZED_OR_NOT_SCANNED,,identity,safe,DIRECT_PREGAME_CANDIDATE,FIELD_OR_METADATA,STANDARD,RECON_UNIFIED_TEMPORAL_FIELD_REGISTRY_v1.2,true,UNMEASURED_UNTIL_SOURCE_MATERIALIZATION,0,NO_DIRECT_SAMPLE_EVIDENCE_LINKED,JOIN_OR_METADATA,EVIDENCE_OR_METADATA_ONLY,false,true,PRIMARY,TERMS_GOVERNED_API,TERMS_REVIEW_REQUIRED,W09 raw-field metadata only; no production feature adoption.
RF-001124,SRC-002,CFBD,Team,mascot,model-defined,str,UNMATERIALIZED_OR_NOT_SCANNED,,metadata,not_direct_feature,REVIEW_REQUIRED,FIELD_OR_METADATA,STANDARD,RECON_UNIFIED_TEMPORAL_FIELD_REGISTRY_v1.2,true,UNMEASURED_UNTIL_SOURCE_MATERIALIZATION,0,NO_DIRECT_SAMPLE_EVIDENCE_LINKED,JOIN_OR_METADATA,TEMPORAL_REVIEW_REQUIRED,false,true,PRIMARY,TERMS_GOVERNED_API,TERMS_REVIEW_REQUIRED,W09 raw-field metadata only; no production feature adoption.
RF-001125,SRC-002,CFBD,Team,abbreviation,model-defined,str,UNMATERIALIZED_OR_NOT_SCANNED,,identity,safe,DIRECT_PREGAME_CANDIDATE,FIELD_OR_METADATA,STANDARD,RECON_UNIFIED_TEMPORAL_FIELD_REGISTRY_v1.2,true,UNMEASURED_UNTIL_SOURCE_MATERIALIZATION,0,NO_DIRECT_SAMPLE_EVIDENCE_LINKED,JOIN_OR_METADATA,EVIDENCE_OR_METADATA_ONLY,false,true,PRIMARY,TERMS_GOVERNED_API,TERMS_REVIEW_REQUIRED,W09 raw-field metadata only; no production feature adoption.
RF-001126,SRC-002,CFBD,Team,alternateNames,model-defined,list[str],UNMATERIALIZED_OR_NOT_SCANNED,entity resolution,identity,safe,DIRECT_PREGAME_CANDIDATE,FIELD_OR_METADATA,STANDARD,RECON_UNIFIED_TEMPORAL_FIELD_REGISTRY_v1.2,true,UNMEASURED_UNTIL_SOURCE_MATERIALIZATION,0,NO_DIRECT_SAMPLE_EVIDENCE_LINKED,JOIN_OR_METADATA,EVIDENCE_OR_METADATA_ONLY,false,true,PRIMARY,TERMS_GOVERNED_API,TERMS_REVIEW_REQUIRED,W09 raw-field metadata only; no production feature adoption.
RF-001127,SRC-002,CFBD,Team,conference,model-defined,str,UNMATERIALIZED_OR_NOT_SCANNED,conference changes by season,context,safe_if_asof,ASOF_RECONSTRUCTION_REQUIRED,FIELD_OR_METADATA,REQUIRED,RECON_UNIFIED_TEMPORAL_FIELD_REGISTRY_v1.2,true,UNMEASURED_UNTIL_SOURCE_MATERIALIZATION,0,NO_DIRECT_SAMPLE_EVIDENCE_LINKED,JOIN_OR_METADATA,EVIDENCE_OR_METADATA_ONLY,false,true,PRIMARY,TERMS_GOVERNED_API,TERMS_REVIEW_REQUIRED,W09 raw-field metadata only; no production feature adoption.
RF-001128,SRC-002,CFBD,Team,division,model-defined,str,UNMATERIALIZED_OR_NOT_SCANNED,,context,safe_if_asof,ASOF_RECONSTRUCTION_REQUIRED,FIELD_OR_METADATA,REQUIRED,RECON_UNIFIED_TEMPORAL_FIELD_REGISTRY_v1.2,true,UNMEASURED_UNTIL_SOURCE_MATERIALIZATION,1,NAME_MATCH_ONLY_NOT_POPULATION_EVIDENCE,JOIN_OR_METADATA,EVIDENCE_OR_METADATA_ONLY,false,true,PRIMARY,TERMS_GOVERNED_API,TERMS_REVIEW_REQUIRED,W09 raw-field metadata only; no production feature adoption.
RF-001129,SRC-002,CFBD,Team,classification,model-defined,str,UNMATERIALIZED_OR_NOT_SCANNED,FBS/FCS etc.,context,safe_if_asof,ASOF_RECONSTRUCTION_REQUIRED,FIELD_OR_METADATA,REQUIRED,RECON_UNIFIED_TEMPORAL_FIELD_REGISTRY_v1.2,true,UNMEASURED_UNTIL_SOURCE_MATERIALIZATION,0,NO_DIRECT_SAMPLE_EVIDENCE_LINKED,JOIN_OR_METADATA,EVIDENCE_OR_METADATA_ONLY,false,true,PRIMARY,TERMS_GOVERNED_API,TERMS_REVIEW_REQUIRED,W09 raw-field metadata only; no production feature adoption.
RF-001130,SRC-002,CFBD,Team,color,model-defined,str,UNMATERIALIZED_OR_NOT_SCANNED,,metadata,not_direct_feature,REVIEW_REQUIRED,FIELD_OR_METADATA,STANDARD,RECON_UNIFIED_TEMPORAL_FIELD_REGISTRY_v1.2,true,UNMEASURED_UNTIL_SOURCE_MATERIALIZATION,0,NO_DIRECT_SAMPLE_EVIDENCE_LINKED,JOIN_OR_METADATA,TEMPORAL_REVIEW_REQUIRED,false,true,PRIMARY,TERMS_GOVERNED_API,TERMS_REVIEW_REQUIRED,W09 raw-field metadata only; no production feature adoption.
RF-001131,SRC-002,CFBD,Team,alternateColor,model-defined,str,UNMATERIALIZED_OR_NOT_SCANNED,,metadata,not_direct_feature,REVIEW_REQUIRED,FIELD_OR_METADATA,STANDARD,RECON_UNIFIED_TEMPORAL_FIELD_REGISTRY_v1.2,true,UNMEASURED_UNTIL_SOURCE_MATERIALIZATION,0,NO_DIRECT_SAMPLE_EVIDENCE_LINKED,JOIN_OR_METADATA,TEMPORAL_REVIEW_REQUIRED,false,true,PRIMARY,TERMS_GOVERNED_API,TERMS_REVIEW_REQUIRED,W09 raw-field metadata only; no production feature adoption.
RF-001132,SRC-002,CFBD,Team,logos,model-defined,list[str],UNMATERIALIZED_OR_NOT_SCANNED,,metadata,not_direct_feature,REVIEW_REQUIRED,FIELD_OR_METADATA,STANDARD,RECON_UNIFIED_TEMPORAL_FIELD_REGISTRY_v1.2,true,UNMEASURED_UNTIL_SOURCE_MATERIALIZATION,0,NO_DIRECT_SAMPLE_EVIDENCE_LINKED,JOIN_OR_METADATA,TEMPORAL_REVIEW_REQUIRED,false,true,PRIMARY,TERMS_GOVERNED_API,TERMS_REVIEW_REQUIRED,W09 raw-field metadata only; no production feature adoption.
RF-001133,SRC-002,CFBD,Team,twitter,model-defined,str,UNMATERIALIZED_OR_NOT_SCANNED,,metadata,not_direct_feature,REVIEW_REQUIRED,FIELD_OR_METADATA,STANDARD,RECON_UNIFIED_TEMPORAL_FIELD_REGISTRY_v1.2,true,UNMEASURED_UNTIL_SOURCE_MATERIALIZATION,0,NO_DIRECT_SAMPLE_EVIDENCE_LINKED,JOIN_OR_METADATA,TEMPORAL_REVIEW_REQUIRED,false,true,PRIMARY,TERMS_GOVERNED_API,TERMS_REVIEW_REQUIRED,W09 raw-field metadata only; no production feature adoption.
RF-001134,SRC-002,CFBD,Team,location,model-defined,Venue,UNMATERIALIZED_OR_NOT_SCANNED,nested venue,venue,safe_if_asof,ASOF_RECONSTRUCTION_REQUIRED,FIELD_OR_METADATA,REQUIRED,RECON_UNIFIED_TEMPORAL_FIELD_REGISTRY_v1.2,true,UNMEASURED_UNTIL_SOURCE_MATERIALIZATION,2,NAME_MATCH_ONLY_NOT_POPULATION_EVIDENCE,JOIN_OR_METADATA,EVIDENCE_OR_METADATA_ONLY,false,true,PRIMARY,TERMS_GOVERNED_API,TERMS_REVIEW_REQUIRED,W09 raw-field metadata only; no production feature adoption.
RF-001135,SRC-002,CFBD,Venue,id,model-defined,int,UNMATERIALIZED_OR_NOT_SCANNED,,join_key,safe,DIRECT_PREGAME_CANDIDATE,FIELD_OR_METADATA,STANDARD,RECON_UNIFIED_TEMPORAL_FIELD_REGISTRY_v1.2,true,UNMEASURED_UNTIL_SOURCE_MATERIALIZATION,1,NAME_MATCH_ONLY_NOT_POPULATION_EVIDENCE,JOIN_OR_METADATA,EVIDENCE_OR_METADATA_ONLY,false,true,PRIMARY,TERMS_GOVERNED_API,TERMS_REVIEW_REQUIRED,W09 raw-field metadata only; no production feature adoption.
RF-001136,SRC-002,CFBD,Venue,name,model-defined,str,UNMATERIALIZED_OR_NOT_SCANNED,,venue,safe,DIRECT_PREGAME_CANDIDATE,FIELD_OR_METADATA,STANDARD,RECON_UNIFIED_TEMPORAL_FIELD_REGISTRY_v1.2,true,UNMEASURED_UNTIL_SOURCE_MATERIALIZATION,4,NAME_MATCH_ONLY_NOT_POPULATION_EVIDENCE,JOIN_OR_METADATA,EVIDENCE_OR_METADATA_ONLY,false,true,PRIMARY,TERMS_GOVERNED_API,TERMS_REVIEW_REQUIRED,W09 raw-field metadata only; no production feature adoption.
RF-001137,SRC-002,CFBD,Venue,city,model-defined,str,UNMATERIALIZED_OR_NOT_SCANNED,,venue,safe,DIRECT_PREGAME_CANDIDATE,FIELD_OR_METADATA,STANDARD,RECON_UNIFIED_TEMPORAL_FIELD_REGISTRY_v1.2,true,UNMEASURED_UNTIL_SOURCE_MATERIALIZATION,1,NAME_MATCH_ONLY_NOT_POPULATION_EVIDENCE,JOIN_OR_METADATA,EVIDENCE_OR_METADATA_ONLY,false,true,PRIMARY,TERMS_GOVERNED_API,TERMS_REVIEW_REQUIRED,W09 raw-field metadata only; no production feature adoption.
RF-001138,SRC-002,CFBD,Venue,state,model-defined,str,UNMATERIALIZED_OR_NOT_SCANNED,,venue,safe,DIRECT_PREGAME_CANDIDATE,FIELD_OR_METADATA,STANDARD,RECON_UNIFIED_TEMPORAL_FIELD_REGISTRY_v1.2,true,UNMEASURED_UNTIL_SOURCE_MATERIALIZATION,1,NAME_MATCH_ONLY_NOT_POPULATION_EVIDENCE,JOIN_OR_METADATA,EVIDENCE_OR_METADATA_ONLY,false,true,PRIMARY,TERMS_GOVERNED_API,TERMS_REVIEW_REQUIRED,W09 raw-field metadata only; no production feature adoption.
RF-001139,SRC-002,CFBD,Venue,zip,model-defined,str,UNMATERIALIZED_OR_NOT_SCANNED,,venue,safe,DIRECT_PREGAME_CANDIDATE,FIELD_OR_METADATA,STANDARD,RECON_UNIFIED_TEMPORAL_FIELD_REGISTRY_v1.2,true,UNMEASURED_UNTIL_SOURCE_MATERIALIZATION,0,NO_DIRECT_SAMPLE_EVIDENCE_LINKED,JOIN_OR_METADATA,EVIDENCE_OR_METADATA_ONLY,false,true,PRIMARY,TERMS_GOVERNED_API,TERMS_REVIEW_REQUIRED,W09 raw-field metadata only; no production feature adoption.
RF-001140,SRC-002,CFBD,Venue,countryCode,model-defined,str,UNMATERIALIZED_OR_NOT_SCANNED,,venue,safe,DIRECT_PREGAME_CANDIDATE,FIELD_OR_METADATA,STANDARD,RECON_UNIFIED_TEMPORAL_FIELD_REGISTRY_v1.2,true,UNMEASURED_UNTIL_SOURCE_MATERIALIZATION,0,NO_DIRECT_SAMPLE_EVIDENCE_LINKED,JOIN_OR_METADATA,EVIDENCE_OR_METADATA_ONLY,false,true,PRIMARY,TERMS_GOVERNED_API,TERMS_REVIEW_REQUIRED,W09 raw-field metadata only; no production feature adoption.
RF-001141,SRC-002,CFBD,Venue,timezone,model-defined,str,UNMATERIALIZED_OR_NOT_SCANNED,critical travel/body-clock,venue,safe,DIRECT_PREGAME_CANDIDATE,FIELD_OR_METADATA,STANDARD,RECON_UNIFIED_TEMPORAL_FIELD_REGISTRY_v1.2,true,UNMEASURED_UNTIL_SOURCE_MATERIALIZATION,1,NAME_MATCH_ONLY_NOT_POPULATION_EVIDENCE,JOIN_OR_METADATA,EVIDENCE_OR_METADATA_ONLY,false,true,PRIMARY,TERMS_GOVERNED_API,TERMS_REVIEW_REQUIRED,W09 raw-field metadata only; no production feature adoption.
RF-001142,SRC-002,CFBD,Venue,latitude,model-defined,num,UNMATERIALIZED_OR_NOT_SCANNED,travel/weather join,venue,safe,DIRECT_PREGAME_CANDIDATE,FIELD_OR_METADATA,STANDARD,RECON_UNIFIED_TEMPORAL_FIELD_REGISTRY_v1.2,true,UNMEASURED_UNTIL_SOURCE_MATERIALIZATION,1,NAME_MATCH_ONLY_NOT_POPULATION_EVIDENCE,JOIN_OR_METADATA,EVIDENCE_OR_METADATA_ONLY,false,true,PRIMARY,TERMS_GOVERNED_API,TERMS_REVIEW_REQUIRED,W09 raw-field metadata only; no production feature adoption.
RF-001143,SRC-002,CFBD,Venue,longitude,model-defined,num,UNMATERIALIZED_OR_NOT_SCANNED,travel/weather join,venue,safe,DIRECT_PREGAME_CANDIDATE,FIELD_OR_METADATA,STANDARD,RECON_UNIFIED_TEMPORAL_FIELD_REGISTRY_v1.2,true,UNMEASURED_UNTIL_SOURCE_MATERIALIZATION,1,NAME_MATCH_ONLY_NOT_POPULATION_EVIDENCE,JOIN_OR_METADATA,EVIDENCE_OR_METADATA_ONLY,false,true,PRIMARY,TERMS_GOVERNED_API,TERMS_REVIEW_REQUIRED,W09 raw-field metadata only; no production feature adoption.
RF-001144,SRC-002,CFBD,Venue,elevation,model-defined,str,UNMATERIALIZED_OR_NOT_SCANNED,normalize numeric units,venue,safe,DIRECT_PREGAME_CANDIDATE,FIELD_OR_METADATA,STANDARD,RECON_UNIFIED_TEMPORAL_FIELD_REGISTRY_v1.2,true,UNMEASURED_UNTIL_SOURCE_MATERIALIZATION,0,NO_DIRECT_SAMPLE_EVIDENCE_LINKED,JOIN_OR_METADATA,EVIDENCE_OR_METADATA_ONLY,false,true,PRIMARY,TERMS_GOVERNED_API,TERMS_REVIEW_REQUIRED,W09 raw-field metadata only; no production feature adoption.
RF-001145,SRC-002,CFBD,Venue,capacity,model-defined,int,UNMATERIALIZED_OR_NOT_SCANNED,,venue,safe_if_asof,ASOF_RECONSTRUCTION_REQUIRED,FIELD_OR_METADATA,REQUIRED,RECON_UNIFIED_TEMPORAL_FIELD_REGISTRY_v1.2,true,UNMEASURED_UNTIL_SOURCE_MATERIALIZATION,0,NO_DIRECT_SAMPLE_EVIDENCE_LINKED,JOIN_OR_METADATA,EVIDENCE_OR_METADATA_ONLY,false,true,PRIMARY,TERMS_GOVERNED_API,TERMS_REVIEW_REQUIRED,W09 raw-field metadata only; no production feature adoption.
RF-001146,SRC-002,CFBD,Venue,constructionYear,model-defined,int,UNMATERIALIZED_OR_NOT_SCANNED,,venue,safe,DIRECT_PREGAME_CANDIDATE,FIELD_OR_METADATA,STANDARD,RECON_UNIFIED_TEMPORAL_FIELD_REGISTRY_v1.2,true,UNMEASURED_UNTIL_SOURCE_MATERIALIZATION,0,NO_DIRECT_SAMPLE_EVIDENCE_LINKED,JOIN_OR_METADATA,EVIDENCE_OR_METADATA_ONLY,false,true,PRIMARY,TERMS_GOVERNED_API,TERMS_REVIEW_REQUIRED,W09 raw-field metadata only; no production feature adoption.
RF-001147,SRC-002,CFBD,Venue,grass,model-defined,bool,UNMATERIALIZED_OR_NOT_SCANNED,surface can change,venue,safe_if_asof,ASOF_RECONSTRUCTION_REQUIRED,FIELD_OR_METADATA,REQUIRED,RECON_UNIFIED_TEMPORAL_FIELD_REGISTRY_v1.2,true,UNMEASURED_UNTIL_SOURCE_MATERIALIZATION,0,NO_DIRECT_SAMPLE_EVIDENCE_LINKED,JOIN_OR_METADATA,EVIDENCE_OR_METADATA_ONLY,false,true,PRIMARY,TERMS_GOVERNED_API,TERMS_REVIEW_REQUIRED,W09 raw-field metadata only; no production feature adoption.
RF-001148,SRC-002,CFBD,Venue,dome,model-defined,bool,UNMATERIALIZED_OR_NOT_SCANNED,,venue,safe,DIRECT_PREGAME_CANDIDATE,FIELD_OR_METADATA,STANDARD,RECON_UNIFIED_TEMPORAL_FIELD_REGISTRY_v1.2,true,UNMEASURED_UNTIL_SOURCE_MATERIALIZATION,0,NO_DIRECT_SAMPLE_EVIDENCE_LINKED,JOIN_OR_METADATA,EVIDENCE_OR_METADATA_ONLY,false,true,PRIMARY,TERMS_GOVERNED_API,TERMS_REVIEW_REQUIRED,W09 raw-field metadata only; no production feature adoption.
RF-001149,SRC-003,Open-Meteo,response_metadata,latitude,response_metadata,,UNMATERIALIZED_OR_NOT_SCANNED,Requested/returned grid-cell latitude,structural,SAFE,DIRECT_PREGAME_CANDIDATE,FIELD_OR_METADATA,STANDARD,RECON_UNIFIED_TEMPORAL_FIELD_REGISTRY_v1.2,true,UNMEASURED_UNTIL_SOURCE_MATERIALIZATION,1,NAME_MATCH_ONLY_NOT_POPULATION_EVIDENCE,JOIN_OR_METADATA,EVIDENCE_OR_METADATA_ONLY,false,true,SECONDARY,CC_BY_4_0_DATA_PLUS_API_TERMS,ATTRIBUTION_AND_PLAN_REVIEW,W09 raw-field metadata only; no production feature adoption.
RF-001150,SRC-003,Open-Meteo,response_metadata,longitude,response_metadata,,UNMATERIALIZED_OR_NOT_SCANNED,Requested/returned grid-cell longitude,structural,SAFE,DIRECT_PREGAME_CANDIDATE,FIELD_OR_METADATA,STANDARD,RECON_UNIFIED_TEMPORAL_FIELD_REGISTRY_v1.2,true,UNMEASURED_UNTIL_SOURCE_MATERIALIZATION,1,NAME_MATCH_ONLY_NOT_POPULATION_EVIDENCE,JOIN_OR_METADATA,EVIDENCE_OR_METADATA_ONLY,false,true,SECONDARY,CC_BY_4_0_DATA_PLUS_API_TERMS,ATTRIBUTION_AND_PLAN_REVIEW,W09 raw-field metadata only; no production feature adoption.
RF-001151,SRC-003,Open-Meteo,response_metadata,elevation,response_metadata,,UNMATERIALIZED_OR_NOT_SCANNED,Elevation used for statistical downscaling,venue_environment,SAFE_WITH_SOURCE_TIME,REVIEW_REQUIRED,FIELD_OR_METADATA,REQUIRED,RECON_UNIFIED_TEMPORAL_FIELD_REGISTRY_v1.2,true,UNMEASURED_UNTIL_SOURCE_MATERIALIZATION,0,NO_DIRECT_SAMPLE_EVIDENCE_LINKED,JOIN_OR_METADATA,TEMPORAL_REVIEW_REQUIRED,false,true,SECONDARY,CC_BY_4_0_DATA_PLUS_API_TERMS,ATTRIBUTION_AND_PLAN_REVIEW,W09 raw-field metadata only; no production feature adoption.
RF-001152,SRC-003,Open-Meteo,response_metadata,timezone,response_metadata,,UNMATERIALIZED_OR_NOT_SCANNED,Timezone applied to local timestamps,temporal,SAFE,DIRECT_PREGAME_CANDIDATE,FIELD_OR_METADATA,STANDARD,RECON_UNIFIED_TEMPORAL_FIELD_REGISTRY_v1.2,true,UNMEASURED_UNTIL_SOURCE_MATERIALIZATION,1,NAME_MATCH_ONLY_NOT_POPULATION_EVIDENCE,JOIN_OR_METADATA,EVIDENCE_OR_METADATA_ONLY,false,true,SECONDARY,CC_BY_4_0_DATA_PLUS_API_TERMS,ATTRIBUTION_AND_PLAN_REVIEW,W09 raw-field metadata only; no production feature adoption.
RF-001153,SRC-003,Open-Meteo,response_metadata,utc_offset_seconds,response_metadata,,UNMATERIALIZED_OR_NOT_SCANNED,Applied timezone offset,temporal,SAFE,DIRECT_PREGAME_CANDIDATE,FIELD_OR_METADATA,STANDARD,RECON_UNIFIED_TEMPORAL_FIELD_REGISTRY_v1.2,true,UNMEASURED_UNTIL_SOURCE_MATERIALIZATION,0,NO_DIRECT_SAMPLE_EVIDENCE_LINKED,JOIN_OR_METADATA,EVIDENCE_OR_METADATA_ONLY,false,true,SECONDARY,CC_BY_4_0_DATA_PLUS_API_TERMS,ATTRIBUTION_AND_PLAN_REVIEW,W09 raw-field metadata only; no production feature adoption.
RF-001154,SRC-003,Open-Meteo,hourly,temperature_2m,hourly,,UNMATERIALIZED_OR_NOT_SCANNED,Air temperature 2m above ground,weather,OBSERVED_REANALYSIS_ONLY_OR_FORECAST_ASOF,ASOF_RECONSTRUCTION_REQUIRED,FIELD_OR_METADATA,STANDARD,RECON_UNIFIED_TEMPORAL_FIELD_REGISTRY_v1.2,true,UNMEASURED_UNTIL_SOURCE_MATERIALIZATION,0,NO_DIRECT_SAMPLE_EVIDENCE_LINKED,JOIN_OR_METADATA,EVIDENCE_OR_METADATA_ONLY,false,true,SECONDARY,CC_BY_4_0_DATA_PLUS_API_TERMS,ATTRIBUTION_AND_PLAN_REVIEW,W09 raw-field metadata only; no production feature adoption.
RF-001155,SRC-003,Open-Meteo,hourly,relative_humidity_2m,hourly,,UNMATERIALIZED_OR_NOT_SCANNED,Relative humidity at 2m,weather,OBSERVED_REANALYSIS_ONLY_OR_FORECAST_ASOF,ASOF_RECONSTRUCTION_REQUIRED,FIELD_OR_METADATA,STANDARD,RECON_UNIFIED_TEMPORAL_FIELD_REGISTRY_v1.2,true,UNMEASURED_UNTIL_SOURCE_MATERIALIZATION,0,NO_DIRECT_SAMPLE_EVIDENCE_LINKED,JOIN_OR_METADATA,EVIDENCE_OR_METADATA_ONLY,false,true,SECONDARY,CC_BY_4_0_DATA_PLUS_API_TERMS,ATTRIBUTION_AND_PLAN_REVIEW,W09 raw-field metadata only; no production feature adoption.
RF-001156,SRC-003,Open-Meteo,hourly,dew_point_2m,hourly,,UNMATERIALIZED_OR_NOT_SCANNED,Dew point at 2m,weather,OBSERVED_REANALYSIS_ONLY_OR_FORECAST_ASOF,ASOF_RECONSTRUCTION_REQUIRED,FIELD_OR_METADATA,STANDARD,RECON_UNIFIED_TEMPORAL_FIELD_REGISTRY_v1.2,true,UNMEASURED_UNTIL_SOURCE_MATERIALIZATION,0,NO_DIRECT_SAMPLE_EVIDENCE_LINKED,JOIN_OR_METADATA,EVIDENCE_OR_METADATA_ONLY,false,true,SECONDARY,CC_BY_4_0_DATA_PLUS_API_TERMS,ATTRIBUTION_AND_PLAN_REVIEW,W09 raw-field metadata only; no production feature adoption.
RF-001157,SRC-003,Open-Meteo,hourly,apparent_temperature,hourly,,UNMATERIALIZED_OR_NOT_SCANNED,Perceived temperature combining thermal factors,weather,OBSERVED_REANALYSIS_ONLY_OR_FORECAST_ASOF,ASOF_RECONSTRUCTION_REQUIRED,FIELD_OR_METADATA,STANDARD,RECON_UNIFIED_TEMPORAL_FIELD_REGISTRY_v1.2,true,UNMEASURED_UNTIL_SOURCE_MATERIALIZATION,0,NO_DIRECT_SAMPLE_EVIDENCE_LINKED,JOIN_OR_METADATA,EVIDENCE_OR_METADATA_ONLY,false,true,SECONDARY,CC_BY_4_0_DATA_PLUS_API_TERMS,ATTRIBUTION_AND_PLAN_REVIEW,W09 raw-field metadata only; no production feature adoption.
RF-001158,SRC-003,Open-Meteo,hourly,surface_pressure,hourly,,UNMATERIALIZED_OR_NOT_SCANNED,Atmospheric pressure at surface,weather,OBSERVED_REANALYSIS_ONLY_OR_FORECAST_ASOF,ASOF_RECONSTRUCTION_REQUIRED,FIELD_OR_METADATA,STANDARD,RECON_UNIFIED_TEMPORAL_FIELD_REGISTRY_v1.2,true,UNMEASURED_UNTIL_SOURCE_MATERIALIZATION,0,NO_DIRECT_SAMPLE_EVIDENCE_LINKED,JOIN_OR_METADATA,EVIDENCE_OR_METADATA_ONLY,false,true,SECONDARY,CC_BY_4_0_DATA_PLUS_API_TERMS,ATTRIBUTION_AND_PLAN_REVIEW,W09 raw-field metadata only; no production feature adoption.
RF-001159,SRC-003,Open-Meteo,hourly,precipitation,hourly,,UNMATERIALIZED_OR_NOT_SCANNED,Total precipitation during preceding hour,weather,OBSERVED_REANALYSIS_ONLY_OR_FORECAST_ASOF,ASOF_RECONSTRUCTION_REQUIRED,FIELD_OR_METADATA,STANDARD,RECON_UNIFIED_TEMPORAL_FIELD_REGISTRY_v1.2,true,UNMEASURED_UNTIL_SOURCE_MATERIALIZATION,0,NO_DIRECT_SAMPLE_EVIDENCE_LINKED,JOIN_OR_METADATA,EVIDENCE_OR_METADATA_ONLY,false,true,SECONDARY,CC_BY_4_0_DATA_PLUS_API_TERMS,ATTRIBUTION_AND_PLAN_REVIEW,W09 raw-field metadata only; no production feature adoption.
RF-001160,SRC-003,Open-Meteo,hourly,rain,hourly,,UNMATERIALIZED_OR_NOT_SCANNED,Liquid precipitation during preceding hour,weather,OBSERVED_REANALYSIS_ONLY_OR_FORECAST_ASOF,ASOF_RECONSTRUCTION_REQUIRED,FIELD_OR_METADATA,STANDARD,RECON_UNIFIED_TEMPORAL_FIELD_REGISTRY_v1.2,true,UNMEASURED_UNTIL_SOURCE_MATERIALIZATION,0,NO_DIRECT_SAMPLE_EVIDENCE_LINKED,JOIN_OR_METADATA,EVIDENCE_OR_METADATA_ONLY,false,true,SECONDARY,CC_BY_4_0_DATA_PLUS_API_TERMS,ATTRIBUTION_AND_PLAN_REVIEW,W09 raw-field metadata only; no production feature adoption.
RF-001161,SRC-003,Open-Meteo,hourly,snowfall,hourly,,UNMATERIALIZED_OR_NOT_SCANNED,Snowfall during preceding hour,weather,OBSERVED_REANALYSIS_ONLY_OR_FORECAST_ASOF,ASOF_RECONSTRUCTION_REQUIRED,FIELD_OR_METADATA,STANDARD,RECON_UNIFIED_TEMPORAL_FIELD_REGISTRY_v1.2,true,UNMEASURED_UNTIL_SOURCE_MATERIALIZATION,0,NO_DIRECT_SAMPLE_EVIDENCE_LINKED,JOIN_OR_METADATA,EVIDENCE_OR_METADATA_ONLY,false,true,SECONDARY,CC_BY_4_0_DATA_PLUS_API_TERMS,ATTRIBUTION_AND_PLAN_REVIEW,W09 raw-field metadata only; no production feature adoption.
RF-001162,SRC-003,Open-Meteo,hourly,weather_code,hourly,,UNMATERIALIZED_OR_NOT_SCANNED,Weather condition code,weather,OBSERVED_REANALYSIS_ONLY_OR_FORECAST_ASOF,ASOF_RECONSTRUCTION_REQUIRED,FIELD_OR_METADATA,STANDARD,RECON_UNIFIED_TEMPORAL_FIELD_REGISTRY_v1.2,true,UNMEASURED_UNTIL_SOURCE_MATERIALIZATION,0,NO_DIRECT_SAMPLE_EVIDENCE_LINKED,JOIN_OR_METADATA,EVIDENCE_OR_METADATA_ONLY,false,true,SECONDARY,CC_BY_4_0_DATA_PLUS_API_TERMS,ATTRIBUTION_AND_PLAN_REVIEW,W09 raw-field metadata only; no production feature adoption.
RF-001163,SRC-003,Open-Meteo,hourly,cloud_cover,hourly,,UNMATERIALIZED_OR_NOT_SCANNED,Total cloud cover,weather,OBSERVED_REANALYSIS_ONLY_OR_FORECAST_ASOF,ASOF_RECONSTRUCTION_REQUIRED,FIELD_OR_METADATA,STANDARD,RECON_UNIFIED_TEMPORAL_FIELD_REGISTRY_v1.2,true,UNMEASURED_UNTIL_SOURCE_MATERIALIZATION,0,NO_DIRECT_SAMPLE_EVIDENCE_LINKED,JOIN_OR_METADATA,EVIDENCE_OR_METADATA_ONLY,false,true,SECONDARY,CC_BY_4_0_DATA_PLUS_API_TERMS,ATTRIBUTION_AND_PLAN_REVIEW,W09 raw-field metadata only; no production feature adoption.
RF-001164,SRC-003,Open-Meteo,hourly,wind_speed_10m,hourly,,UNMATERIALIZED_OR_NOT_SCANNED,Wind speed at 10m,weather,OBSERVED_REANALYSIS_ONLY_OR_FORECAST_ASOF,ASOF_RECONSTRUCTION_REQUIRED,FIELD_OR_METADATA,STANDARD,RECON_UNIFIED_TEMPORAL_FIELD_REGISTRY_v1.2,true,UNMEASURED_UNTIL_SOURCE_MATERIALIZATION,0,NO_DIRECT_SAMPLE_EVIDENCE_LINKED,JOIN_OR_METADATA,EVIDENCE_OR_METADATA_ONLY,false,true,SECONDARY,CC_BY_4_0_DATA_PLUS_API_TERMS,ATTRIBUTION_AND_PLAN_REVIEW,W09 raw-field metadata only; no production feature adoption.
RF-001165,SRC-003,Open-Meteo,hourly,wind_direction_10m,hourly,,UNMATERIALIZED_OR_NOT_SCANNED,Wind direction at 10m,weather,OBSERVED_REANALYSIS_ONLY_OR_FORECAST_ASOF,ASOF_RECONSTRUCTION_REQUIRED,FIELD_OR_METADATA,STANDARD,RECON_UNIFIED_TEMPORAL_FIELD_REGISTRY_v1.2,true,UNMEASURED_UNTIL_SOURCE_MATERIALIZATION,0,NO_DIRECT_SAMPLE_EVIDENCE_LINKED,JOIN_OR_METADATA,EVIDENCE_OR_METADATA_ONLY,false,true,SECONDARY,CC_BY_4_0_DATA_PLUS_API_TERMS,ATTRIBUTION_AND_PLAN_REVIEW,W09 raw-field metadata only; no production feature adoption.
RF-001166,SRC-003,Open-Meteo,hourly,wind_gusts_10m,hourly,,UNMATERIALIZED_OR_NOT_SCANNED,Wind gusts at 10m,weather,OBSERVED_REANALYSIS_ONLY_OR_FORECAST_ASOF,ASOF_RECONSTRUCTION_REQUIRED,FIELD_OR_METADATA,STANDARD,RECON_UNIFIED_TEMPORAL_FIELD_REGISTRY_v1.2,true,UNMEASURED_UNTIL_SOURCE_MATERIALIZATION,0,NO_DIRECT_SAMPLE_EVIDENCE_LINKED,JOIN_OR_METADATA,EVIDENCE_OR_METADATA_ONLY,false,true,SECONDARY,CC_BY_4_0_DATA_PLUS_API_TERMS,ATTRIBUTION_AND_PLAN_REVIEW,W09 raw-field metadata only; no production feature adoption.
RF-001167,SRC-003,Open-Meteo,hourly,soil_temperature_0_to_7cm,hourly,,UNMATERIALIZED_OR_NOT_SCANNED,Near-surface soil temperature; potential field/surface context,weather_optional,OBSERVED_REANALYSIS_ONLY_OR_FORECAST_ASOF,ASOF_RECONSTRUCTION_REQUIRED,FIELD_OR_METADATA,STANDARD,RECON_UNIFIED_TEMPORAL_FIELD_REGISTRY_v1.2,true,UNMEASURED_UNTIL_SOURCE_MATERIALIZATION,0,NO_DIRECT_SAMPLE_EVIDENCE_LINKED,JOIN_OR_METADATA,EVIDENCE_OR_METADATA_ONLY,false,true,SECONDARY,CC_BY_4_0_DATA_PLUS_API_TERMS,ATTRIBUTION_AND_PLAN_REVIEW,W09 raw-field metadata only; no production feature adoption.
RF-001168,SRC-003,Open-Meteo,hourly,soil_moisture_0_to_7cm,hourly,,UNMATERIALIZED_OR_NOT_SCANNED,Near-surface soil moisture; possible surface-condition proxy,weather_optional,OBSERVED_REANALYSIS_ONLY_OR_FORECAST_ASOF,ASOF_RECONSTRUCTION_REQUIRED,FIELD_OR_METADATA,STANDARD,RECON_UNIFIED_TEMPORAL_FIELD_REGISTRY_v1.2,true,UNMEASURED_UNTIL_SOURCE_MATERIALIZATION,0,NO_DIRECT_SAMPLE_EVIDENCE_LINKED,JOIN_OR_METADATA,EVIDENCE_OR_METADATA_ONLY,false,true,SECONDARY,CC_BY_4_0_DATA_PLUS_API_TERMS,ATTRIBUTION_AND_PLAN_REVIEW,W09 raw-field metadata only; no production feature adoption.
RF-001169,SRC-003,Open-Meteo,hourly,is_day,hourly,,UNMATERIALIZED_OR_NOT_SCANNED,Day/night indicator,temporal_environment,SAFE_IF_KICKOFF_KNOWN,REVIEW_REQUIRED,FIELD_OR_METADATA,STANDARD,RECON_UNIFIED_TEMPORAL_FIELD_REGISTRY_v1.2,true,UNMEASURED_UNTIL_SOURCE_MATERIALIZATION,0,NO_DIRECT_SAMPLE_EVIDENCE_LINKED,JOIN_OR_METADATA,TEMPORAL_REVIEW_REQUIRED,false,true,SECONDARY,CC_BY_4_0_DATA_PLUS_API_TERMS,ATTRIBUTION_AND_PLAN_REVIEW,W09 raw-field metadata only; no production feature adoption.
RF-001170,SRC-007/SRC-004,EADA,resource_feature_candidate,eada_football_expense_log,institution-season,,UNMATERIALIZED_OR_NOT_SCANNED,football expense; slow prior,program_resources,ASOF_RECONSTRUCTION_REQUIRED,ASOF_RECONSTRUCTION_REQUIRED,CORE_CANDIDATE,REQUIRED,RECON_UNIFIED_TEMPORAL_FIELD_REGISTRY_v1.2,true,UNMEASURED_UNTIL_SOURCE_MATERIALIZATION,0,NO_DIRECT_SAMPLE_EVIDENCE_LINKED,NON_JOIN_OR_REVIEW,ASOF_RECONSTRUCTION_REQUIRED,true,true,UNKNOWN,UNKNOWN,UNKNOWN,W09 raw-field metadata only; no production feature adoption.
RF-001171,SRC-007/SRC-004,EADA,resource_feature_candidate,eada_football_expense_fbs_percentile,institution-season,,UNMATERIALIZED_OR_NOT_SCANNED,football expense; year-normalized,program_resources,ASOF_RECONSTRUCTION_REQUIRED,ASOF_RECONSTRUCTION_REQUIRED,CORE_CANDIDATE,REQUIRED,RECON_UNIFIED_TEMPORAL_FIELD_REGISTRY_v1.2,true,UNMEASURED_UNTIL_SOURCE_MATERIALIZATION,0,NO_DIRECT_SAMPLE_EVIDENCE_LINKED,NON_JOIN_OR_REVIEW,ASOF_RECONSTRUCTION_REQUIRED,true,true,UNKNOWN,UNKNOWN,UNKNOWN,W09 raw-field metadata only; no production feature adoption.
RF-001172,SRC-007/SRC-004,EADA,resource_feature_candidate,eada_football_expense_conference_percentile,institution-season,,UNMATERIALIZED_OR_NOT_SCANNED,football expense; year/conference-normalized,program_resources,ASOF_RECONSTRUCTION_REQUIRED,ASOF_RECONSTRUCTION_REQUIRED,SUPPORTED_CANDIDATE,REQUIRED,RECON_UNIFIED_TEMPORAL_FIELD_REGISTRY_v1.2,true,UNMEASURED_UNTIL_SOURCE_MATERIALIZATION,0,NO_DIRECT_SAMPLE_EVIDENCE_LINKED,NON_JOIN_OR_REVIEW,ASOF_RECONSTRUCTION_REQUIRED,true,true,UNKNOWN,UNKNOWN,UNKNOWN,W09 raw-field metadata only; no production feature adoption.
RF-001173,SRC-007/SRC-004,EADA,resource_feature_candidate,eada_football_revenue_log,institution-season,,UNMATERIALIZED_OR_NOT_SCANNED,football revenue; accounting caution,program_resources,ASOF_RECONSTRUCTION_REQUIRED,ASOF_RECONSTRUCTION_REQUIRED,CONDITIONAL,REQUIRED,RECON_UNIFIED_TEMPORAL_FIELD_REGISTRY_v1.2,true,UNMEASURED_UNTIL_SOURCE_MATERIALIZATION,0,NO_DIRECT_SAMPLE_EVIDENCE_LINKED,NON_JOIN_OR_REVIEW,ASOF_RECONSTRUCTION_REQUIRED,true,true,UNKNOWN,UNKNOWN,UNKNOWN,W09 raw-field metadata only; no production feature adoption.
RF-001174,SRC-007/SRC-004,EADA,resource_feature_candidate,eada_football_rev_exp_ratio,institution-season,,UNMATERIALIZED_OR_NOT_SCANNED,football revenue/expense; may reflect accounting/subsidy conventions,program_resources,ASOF_RECONSTRUCTION_REQUIRED,ASOF_RECONSTRUCTION_REQUIRED,EXPERIMENTAL,REQUIRED,RECON_UNIFIED_TEMPORAL_FIELD_REGISTRY_v1.2,true,UNMEASURED_UNTIL_SOURCE_MATERIALIZATION,0,NO_DIRECT_SAMPLE_EVIDENCE_LINKED,NON_JOIN_OR_REVIEW,ASOF_RECONSTRUCTION_REQUIRED,true,true,UNKNOWN,UNKNOWN,UNKNOWN,W09 raw-field metadata only; no production feature adoption.
RF-001175,SRC-007/SRC-004,EADA,resource_feature_candidate,eada_mens_recruiting_expense_log,institution-season,,UNMATERIALIZED_OR_NOT_SCANNED,mens recruiting; not football-specific,program_resources,ASOF_RECONSTRUCTION_REQUIRED,ASOF_RECONSTRUCTION_REQUIRED,CONDITIONAL,REQUIRED,RECON_UNIFIED_TEMPORAL_FIELD_REGISTRY_v1.2,true,UNMEASURED_UNTIL_SOURCE_MATERIALIZATION,0,NO_DIRECT_SAMPLE_EVIDENCE_LINKED,NON_JOIN_OR_REVIEW,ASOF_RECONSTRUCTION_REQUIRED,true,true,UNKNOWN,UNKNOWN,UNKNOWN,W09 raw-field metadata only; no production feature adoption.
RF-001176,SRC-007/SRC-004,EADA,resource_feature_candidate,eada_mens_head_coach_salary_avg_log,institution-season,,UNMATERIALIZED_OR_NOT_SCANNED,mens coaches; not football-specific,program_resources,ASOF_RECONSTRUCTION_REQUIRED,ASOF_RECONSTRUCTION_REQUIRED,EXPERIMENTAL,REQUIRED,RECON_UNIFIED_TEMPORAL_FIELD_REGISTRY_v1.2,true,UNMEASURED_UNTIL_SOURCE_MATERIALIZATION,0,NO_DIRECT_SAMPLE_EVIDENCE_LINKED,NON_JOIN_OR_REVIEW,ASOF_RECONSTRUCTION_REQUIRED,true,true,UNKNOWN,UNKNOWN,UNKNOWN,W09 raw-field metadata only; no production feature adoption.
RF-001177,SRC-007/SRC-004,EADA,resource_feature_candidate,eada_mens_asst_coach_salary_avg_log,institution-season,,UNMATERIALIZED_OR_NOT_SCANNED,mens coaches; not football-specific,program_resources,ASOF_RECONSTRUCTION_REQUIRED,ASOF_RECONSTRUCTION_REQUIRED,EXPERIMENTAL,REQUIRED,RECON_UNIFIED_TEMPORAL_FIELD_REGISTRY_v1.2,true,UNMEASURED_UNTIL_SOURCE_MATERIALIZATION,0,NO_DIRECT_SAMPLE_EVIDENCE_LINKED,NON_JOIN_OR_REVIEW,ASOF_RECONSTRUCTION_REQUIRED,true,true,UNKNOWN,UNKNOWN,UNKNOWN,W09 raw-field metadata only; no production feature adoption.
RF-001178,SRC-007/SRC-004,Knight/MFRS,resource_feature_candidate,mfrs_football_spending_log,institution-season,,UNMATERIALIZED_OR_NOT_SCANNED,football spend; high value if eligible,program_resources,ASOF_RECONSTRUCTION_REQUIRED,ASOF_RECONSTRUCTION_REQUIRED,PUBLIC_CHALLENGER,REQUIRED,RECON_UNIFIED_TEMPORAL_FIELD_REGISTRY_v1.2,true,UNMEASURED_UNTIL_SOURCE_MATERIALIZATION,0,NO_DIRECT_SAMPLE_EVIDENCE_LINKED,NON_JOIN_OR_REVIEW,ASOF_RECONSTRUCTION_REQUIRED,true,true,UNKNOWN,UNKNOWN,UNKNOWN,W09 raw-field metadata only; no production feature adoption.
RF-001179,SRC-007/SRC-004,Knight/MFRS,resource_feature_candidate,mfrs_football_spending_fbs_percentile,institution-season,,UNMATERIALIZED_OR_NOT_SCANNED,football spend; year normalized,program_resources,ASOF_RECONSTRUCTION_REQUIRED,ASOF_RECONSTRUCTION_REQUIRED,PUBLIC_CHALLENGER,REQUIRED,RECON_UNIFIED_TEMPORAL_FIELD_REGISTRY_v1.2,true,UNMEASURED_UNTIL_SOURCE_MATERIALIZATION,0,NO_DIRECT_SAMPLE_EVIDENCE_LINKED,NON_JOIN_OR_REVIEW,ASOF_RECONSTRUCTION_REQUIRED,true,true,UNKNOWN,UNKNOWN,UNKNOWN,W09 raw-field metadata only; no production feature adoption.
RF-001180,SRC-007/SRC-004,Knight/MFRS,resource_feature_candidate,mfrs_football_coaching_salary_log,institution-season,,UNMATERIALIZED_OR_NOT_SCANNED,football coaching; high value candidate,program_resources,ASOF_RECONSTRUCTION_REQUIRED,ASOF_RECONSTRUCTION_REQUIRED,PUBLIC_CHALLENGER,REQUIRED,RECON_UNIFIED_TEMPORAL_FIELD_REGISTRY_v1.2,true,UNMEASURED_UNTIL_SOURCE_MATERIALIZATION,0,NO_DIRECT_SAMPLE_EVIDENCE_LINKED,NON_JOIN_OR_REVIEW,ASOF_RECONSTRUCTION_REQUIRED,true,true,UNKNOWN,UNKNOWN,UNKNOWN,W09 raw-field metadata only; no production feature adoption.
RF-001181,SRC-007/SRC-004,Knight/MFRS,resource_feature_candidate,mfrs_facilities_debt_equipment_log,institution-season,,UNMATERIALIZED_OR_NOT_SCANNED,athletics infrastructure; not football-only,program_resources,ASOF_RECONSTRUCTION_REQUIRED,ASOF_RECONSTRUCTION_REQUIRED,EXPERIMENTAL,REQUIRED,RECON_UNIFIED_TEMPORAL_FIELD_REGISTRY_v1.2,true,UNMEASURED_UNTIL_SOURCE_MATERIALIZATION,0,NO_DIRECT_SAMPLE_EVIDENCE_LINKED,NON_JOIN_OR_REVIEW,ASOF_RECONSTRUCTION_REQUIRED,true,true,UNKNOWN,UNKNOWN,UNKNOWN,W09 raw-field metadata only; no production feature adoption.
RF-001182,SRC-007/SRC-004,Knight/MFRS,resource_feature_candidate,mfrs_non_coaching_staff_comp_log,institution-season,,UNMATERIALIZED_OR_NOT_SCANNED,support staff; not football-only,program_resources,ASOF_RECONSTRUCTION_REQUIRED,ASOF_RECONSTRUCTION_REQUIRED,EXPERIMENTAL,REQUIRED,RECON_UNIFIED_TEMPORAL_FIELD_REGISTRY_v1.2,true,UNMEASURED_UNTIL_SOURCE_MATERIALIZATION,0,NO_DIRECT_SAMPLE_EVIDENCE_LINKED,NON_JOIN_OR_REVIEW,ASOF_RECONSTRUCTION_REQUIRED,true,true,UNKNOWN,UNKNOWN,UNKNOWN,W09 raw-field metadata only; no production feature adoption.
RF-001183,SRC-007/SRC-004,Knight/MFRS,resource_feature_candidate,mfrs_donor_contributions_log,institution-season,,UNMATERIALIZED_OR_NOT_SCANNED,donor support; athletics-wide,program_resources,ASOF_RECONSTRUCTION_REQUIRED,ASOF_RECONSTRUCTION_REQUIRED,EXPERIMENTAL,REQUIRED,RECON_UNIFIED_TEMPORAL_FIELD_REGISTRY_v1.2,true,UNMEASURED_UNTIL_SOURCE_MATERIALIZATION,0,NO_DIRECT_SAMPLE_EVIDENCE_LINKED,NON_JOIN_OR_REVIEW,ASOF_RECONSTRUCTION_REQUIRED,true,true,UNKNOWN,UNKNOWN,UNKNOWN,W09 raw-field metadata only; no production feature adoption.
RF-001184,SRC-007/SRC-004,learned,resource_feature_candidate,resource_capacity_latent,institution-season,,UNMATERIALIZED_OR_NOT_SCANNED,latent capacity; not dollars; requires uncertainty,program_resources,ASOF_RECONSTRUCTION_REQUIRED,ASOF_RECONSTRUCTION_REQUIRED,RESEARCH_ONLY,REQUIRED,RECON_UNIFIED_TEMPORAL_FIELD_REGISTRY_v1.2,true,UNMEASURED_UNTIL_SOURCE_MATERIALIZATION,0,NO_DIRECT_SAMPLE_EVIDENCE_LINKED,NON_JOIN_OR_REVIEW,ASOF_RECONSTRUCTION_REQUIRED,true,true,UNKNOWN,UNKNOWN,UNKNOWN,W09 raw-field metadata only; no production feature adoption.
RF-001185,SRC-007/SRC-004,all,resource_feature_candidate,resource_data_confidence,institution-season,,UNMATERIALIZED_OR_NOT_SCANNED,source confidence; must accompany resource features,program_resources,ASOF_RECONSTRUCTION_REQUIRED,ASOF_RECONSTRUCTION_REQUIRED,STRUCTURAL,REQUIRED,RECON_UNIFIED_TEMPORAL_FIELD_REGISTRY_v1.2,true,UNMEASURED_UNTIL_SOURCE_MATERIALIZATION,0,NO_DIRECT_SAMPLE_EVIDENCE_LINKED,JOIN_OR_METADATA,EVIDENCE_OR_METADATA_ONLY,false,true,UNKNOWN,UNKNOWN,UNKNOWN,W09 raw-field metadata only; no production feature adoption.
RF-001186,SRC-009,Texas A&M Official,season roster,TAMU_ROSTER_2026,document/source snapshot,,UNMATERIALIZED_OR_NOT_SCANNED,Official season roster; Mutable current-season page; snapshot it,tamu_evidence,season snapshot,SAFE_ONLY_WITH_EFFECTIVE_SNAPSHOT,EVIDENCE_SOURCE,REQUIRED,RECON_UNIFIED_TEMPORAL_FIELD_REGISTRY_v1.2,true,UNMEASURED_UNTIL_SOURCE_MATERIALIZATION,0,NO_DIRECT_SAMPLE_EVIDENCE_LINKED,JOIN_OR_METADATA,EVIDENCE_OR_METADATA_ONLY,false,true,PRIMARY,REVIEW_TERMS,REVIEW_REQUIRED,W09 raw-field metadata only; no production feature adoption.
RF-001187,SRC-009,Texas A&M Official,season roster,TAMU_ROSTER_2025,document/source snapshot,,UNMATERIALIZED_OR_NOT_SCANNED,Official archived season roster; Includes 2025 coaching staff,tamu_evidence,historical season snapshot,SAFE_ONLY_WITH_EFFECTIVE_SNAPSHOT,EVIDENCE_SOURCE,REQUIRED,RECON_UNIFIED_TEMPORAL_FIELD_REGISTRY_v1.2,true,UNMEASURED_UNTIL_SOURCE_MATERIALIZATION,0,NO_DIRECT_SAMPLE_EVIDENCE_LINKED,JOIN_OR_METADATA,EVIDENCE_OR_METADATA_ONLY,false,true,PRIMARY,REVIEW_TERMS,REVIEW_REQUIRED,W09 raw-field metadata only; no production feature adoption.
RF-001188,SRC-009,Texas A&M Official,season roster,TAMU_ROSTER_2024,document/source snapshot,,UNMATERIALIZED_OR_NOT_SCANNED,Official archived season roster; Includes 2024 coaching staff,tamu_evidence,historical season snapshot,SAFE_ONLY_WITH_EFFECTIVE_SNAPSHOT,EVIDENCE_SOURCE,REQUIRED,RECON_UNIFIED_TEMPORAL_FIELD_REGISTRY_v1.2,true,UNMEASURED_UNTIL_SOURCE_MATERIALIZATION,0,NO_DIRECT_SAMPLE_EVIDENCE_LINKED,JOIN_OR_METADATA,EVIDENCE_OR_METADATA_ONLY,false,true,PRIMARY,REVIEW_TERMS,REVIEW_REQUIRED,W09 raw-field metadata only; no production feature adoption.
RF-001189,SRC-009,Texas A&M Official,schedule,TAMU_SCHEDULE_2026,document/source snapshot,,UNMATERIALIZED_OR_NOT_SCANNED,Official schedule; Kickoff windows may change; snapshot over time,tamu_evidence,current schedule snapshot,SAFE_ONLY_WITH_EFFECTIVE_SNAPSHOT,EVIDENCE_SOURCE,REQUIRED,RECON_UNIFIED_TEMPORAL_FIELD_REGISTRY_v1.2,true,UNMEASURED_UNTIL_SOURCE_MATERIALIZATION,0,NO_DIRECT_SAMPLE_EVIDENCE_LINKED,JOIN_OR_METADATA,EVIDENCE_OR_METADATA_ONLY,false,true,PRIMARY,REVIEW_TERMS,REVIEW_REQUIRED,W09 raw-field metadata only; no production feature adoption.
RF-001190,SRC-009,Texas A&M Official,archive index,TAMU_GAME_NOTES_ARCHIVE,document/source snapshot,,UNMATERIALIZED_OR_NOT_SCANNED,Official game notes archive; Media guides and PDF notes by game,tamu_evidence,game-week/source index,SAFE_ONLY_WITH_EFFECTIVE_SNAPSHOT,EVIDENCE_SOURCE,REQUIRED,RECON_UNIFIED_TEMPORAL_FIELD_REGISTRY_v1.2,true,UNMEASURED_UNTIL_SOURCE_MATERIALIZATION,0,NO_DIRECT_SAMPLE_EVIDENCE_LINKED,JOIN_OR_METADATA,EVIDENCE_OR_METADATA_ONLY,false,true,PRIMARY,REVIEW_TERMS,REVIEW_REQUIRED,W09 raw-field metadata only; no production feature adoption.
RF-001191,SRC-009,Texas A&M Official,media center,TAMU_MEDIA_CENTER_2025,document/source snapshot,,UNMATERIALIZED_OR_NOT_SCANNED,"Official football media center; Flip cards, roster, notes, programs, boxes",tamu_evidence,game-week artifact index,SAFE_ONLY_WITH_EFFECTIVE_SNAPSHOT,EVIDENCE_SOURCE,REQUIRED,RECON_UNIFIED_TEMPORAL_FIELD_REGISTRY_v1.2,true,UNMEASURED_UNTIL_SOURCE_MATERIALIZATION,0,NO_DIRECT_SAMPLE_EVIDENCE_LINKED,JOIN_OR_METADATA,EVIDENCE_OR_METADATA_ONLY,false,true,PRIMARY,REVIEW_TERMS,REVIEW_REQUIRED,W09 raw-field metadata only; no production feature adoption.
RF-001192,SRC-009,Texas A&M Official,staff directory,TAMU_STAFF_DIRECTORY,document/source snapshot,,UNMATERIALIZED_OR_NOT_SCANNED,Official football staff directory; Current mutable staff list,tamu_evidence,current staff snapshot,SAFE_ONLY_WITH_EFFECTIVE_SNAPSHOT,EVIDENCE_SOURCE,REQUIRED,RECON_UNIFIED_TEMPORAL_FIELD_REGISTRY_v1.2,true,UNMEASURED_UNTIL_SOURCE_MATERIALIZATION,0,NO_DIRECT_SAMPLE_EVIDENCE_LINKED,JOIN_OR_METADATA,EVIDENCE_OR_METADATA_ONLY,false,true,PRIMARY,REVIEW_TERMS,REVIEW_REQUIRED,W09 raw-field metadata only; no production feature adoption.
RF-001193,SRC-009,Texas A&M Official,signing roster,TAMU_SIGNING_2026,document/source snapshot,,UNMATERIALIZED_OR_NOT_SCANNED,Official signing-day roster; Useful recruit-to-roster bridge,tamu_evidence,dated acquisition evidence,SAFE_ONLY_WITH_EFFECTIVE_SNAPSHOT,EVIDENCE_SOURCE,REQUIRED,RECON_UNIFIED_TEMPORAL_FIELD_REGISTRY_v1.2,true,UNMEASURED_UNTIL_SOURCE_MATERIALIZATION,0,NO_DIRECT_SAMPLE_EVIDENCE_LINKED,JOIN_OR_METADATA,EVIDENCE_OR_METADATA_ONLY,false,true,PRIMARY,REVIEW_TERMS,REVIEW_REQUIRED,W09 raw-field metadata only; no production feature adoption.
RF-001194,SRC-009,Texas A&M Official,media guide,TAMU_MEDIA_GUIDE_2025,document/source snapshot,,UNMATERIALIZED_OR_NOT_SCANNED,Official media guide; PDF; retain page provenance,tamu_evidence,preseason reference,SAFE_ONLY_WITH_EFFECTIVE_SNAPSHOT,EVIDENCE_SOURCE,REQUIRED,RECON_UNIFIED_TEMPORAL_FIELD_REGISTRY_v1.2,true,UNMEASURED_UNTIL_SOURCE_MATERIALIZATION,0,NO_DIRECT_SAMPLE_EVIDENCE_LINKED,JOIN_OR_METADATA,EVIDENCE_OR_METADATA_ONLY,false,true,PRIMARY,REVIEW_TERMS,REVIEW_REQUIRED,W09 raw-field metadata only; no production feature adoption.
RF-001195,SRC-009,Texas A&M Official,depth chart,TAMU_DEPTH_2020,document/source snapshot,,UNMATERIALIZED_OR_NOT_SCANNED,Official depth chart; Standalone official depth-chart PDF,tamu_evidence,dated pregame/season snapshot,SAFE_ONLY_WITH_EFFECTIVE_SNAPSHOT,EVIDENCE_SOURCE,REQUIRED,RECON_UNIFIED_TEMPORAL_FIELD_REGISTRY_v1.2,true,UNMEASURED_UNTIL_SOURCE_MATERIALIZATION,0,NO_DIRECT_SAMPLE_EVIDENCE_LINKED,JOIN_OR_METADATA,EVIDENCE_OR_METADATA_ONLY,false,true,PRIMARY,REVIEW_TERMS,REVIEW_REQUIRED,W09 raw-field metadata only; no production feature adoption.
RF-001196,SRC-009,Texas A&M Official,depth chart,TAMU_DEPTH_2019,document/source snapshot,,UNMATERIALIZED_OR_NOT_SCANNED,Official depth chart; Standalone official depth-chart PDF,tamu_evidence,dated game-week snapshot,SAFE_ONLY_WITH_EFFECTIVE_SNAPSHOT,EVIDENCE_SOURCE,REQUIRED,RECON_UNIFIED_TEMPORAL_FIELD_REGISTRY_v1.2,true,UNMEASURED_UNTIL_SOURCE_MATERIALIZATION,0,NO_DIRECT_SAMPLE_EVIDENCE_LINKED,JOIN_OR_METADATA,EVIDENCE_OR_METADATA_ONLY,false,true,PRIMARY,REVIEW_TERMS,REVIEW_REQUIRED,W09 raw-field metadata only; no production feature adoption.
RF-001197,SRC-009,Texas A&M Official,venue,TAMU_KYLE_FIELD,document/source snapshot,,UNMATERIALIZED_OR_NOT_SCANNED,Official facility; Cross-link to Step 4 venue layer,tamu_evidence,current venue reference,SAFE_ONLY_WITH_EFFECTIVE_SNAPSHOT,EVIDENCE_SOURCE,REQUIRED,RECON_UNIFIED_TEMPORAL_FIELD_REGISTRY_v1.2,true,UNMEASURED_UNTIL_SOURCE_MATERIALIZATION,0,NO_DIRECT_SAMPLE_EVIDENCE_LINKED,JOIN_OR_METADATA,EVIDENCE_OR_METADATA_ONLY,false,true,PRIMARY,REVIEW_TERMS,REVIEW_REQUIRED,W09 raw-field metadata only; no production feature adoption.
