requirement_id,constraint_class,lifecycle_status,acceptance_control_ids,acceptance_state,owner_wave,threshold_refs,evidence_artifact,notes
REQ-001,A,ACTIVE,AC-001,CURRENTLY_VERIFIED_W04,W01-W25,,governance/ACCEPTANCE_CONTROL_CATALOG.csv;configs/acceptance_registry.json,W04 defines contract; PASS requires owning-wave evidence unless explicitly CURRENTLY_VERIFIED/VERIFIED_HISTORICAL.
REQ-002,A,ACTIVE,AC-001,CURRENTLY_VERIFIED_W04,W01-W25,,governance/ACCEPTANCE_CONTROL_CATALOG.csv;configs/acceptance_registry.json,W04 defines contract; PASS requires owning-wave evidence unless explicitly CURRENTLY_VERIFIED/VERIFIED_HISTORICAL.
REQ-003,A,ACTIVE,AC-002,CURRENTLY_VERIFIED_W04,W01-W25,,governance/ACCEPTANCE_CONTROL_CATALOG.csv;configs/acceptance_registry.json,W04 defines contract; PASS requires owning-wave evidence unless explicitly CURRENTLY_VERIFIED/VERIFIED_HISTORICAL.
REQ-004,A,ACTIVE,AC-002,CURRENTLY_VERIFIED_W04,W01-W25,,governance/ACCEPTANCE_CONTROL_CATALOG.csv;configs/acceptance_registry.json,W04 defines contract; PASS requires owning-wave evidence unless explicitly CURRENTLY_VERIFIED/VERIFIED_HISTORICAL.
REQ-005,A,ACTIVE,AC-002;AC-007,CURRENTLY_VERIFIED_W04,W01-W25,,governance/ACCEPTANCE_CONTROL_CATALOG.csv;configs/acceptance_registry.json,W04 defines contract; PASS requires owning-wave evidence unless explicitly CURRENTLY_VERIFIED/VERIFIED_HISTORICAL.
REQ-006,A,ACTIVE,AC-001,CURRENTLY_VERIFIED_W04,W01-W25,,governance/ACCEPTANCE_CONTROL_CATALOG.csv;configs/acceptance_registry.json,W04 defines contract; PASS requires owning-wave evidence unless explicitly CURRENTLY_VERIFIED/VERIFIED_HISTORICAL.
REQ-007,A,ACTIVE,AC-001,CURRENTLY_VERIFIED_W04,W02-W25,,governance/ACCEPTANCE_CONTROL_CATALOG.csv;configs/acceptance_registry.json,W04 defines contract; PASS requires owning-wave evidence unless explicitly CURRENTLY_VERIFIED/VERIFIED_HISTORICAL.
REQ-008,A,ACTIVE,AC-002,CURRENTLY_VERIFIED_W04,W01-W25,,governance/ACCEPTANCE_CONTROL_CATALOG.csv;configs/acceptance_registry.json,W04 defines contract; PASS requires owning-wave evidence unless explicitly CURRENTLY_VERIFIED/VERIFIED_HISTORICAL.
REQ-009,A,ACTIVE,AC-003,CURRENTLY_VERIFIED_W04,W01-W25,,governance/ACCEPTANCE_CONTROL_CATALOG.csv;configs/acceptance_registry.json,W04 defines contract; PASS requires owning-wave evidence unless explicitly CURRENTLY_VERIFIED/VERIFIED_HISTORICAL.
REQ-010,A,ACTIVE,AC-006,CURRENTLY_VERIFIED_W04,W01-W25,,governance/ACCEPTANCE_CONTROL_CATALOG.csv;configs/acceptance_registry.json,W04 defines contract; PASS requires owning-wave evidence unless explicitly CURRENTLY_VERIFIED/VERIFIED_HISTORICAL.
REQ-011,A,ACTIVE,AC-006,CURRENTLY_VERIFIED_W04,W01-W25,,governance/ACCEPTANCE_CONTROL_CATALOG.csv;configs/acceptance_registry.json,W04 defines contract; PASS requires owning-wave evidence unless explicitly CURRENTLY_VERIFIED/VERIFIED_HISTORICAL.
REQ-012,A,ACTIVE,AC-005;AC-044,CURRENTLY_VERIFIED_W04,W01-W25,,governance/ACCEPTANCE_CONTROL_CATALOG.csv;configs/acceptance_registry.json,W04 defines contract; PASS requires owning-wave evidence unless explicitly CURRENTLY_VERIFIED/VERIFIED_HISTORICAL.
REQ-013,A,ACTIVE,AC-005,CURRENTLY_VERIFIED_W04,W02-W25,,governance/ACCEPTANCE_CONTROL_CATALOG.csv;configs/acceptance_registry.json,W04 defines contract; PASS requires owning-wave evidence unless explicitly CURRENTLY_VERIFIED/VERIFIED_HISTORICAL.
REQ-014,B,DEFAULT,AC-003;AC-007;AC-044,CURRENTLY_VERIFIED_W04,W01-W25,,governance/ACCEPTANCE_CONTROL_CATALOG.csv;configs/acceptance_registry.json,W04 defines contract; PASS requires owning-wave evidence unless explicitly CURRENTLY_VERIFIED/VERIFIED_HISTORICAL.
REQ-015,C,HYPOTHESIS_RULE,AC-021,EXPERIMENT_REQUIRED_NONBLOCKING_UNTIL_PROMOTION,W01-W25,THR-007,governance/ACCEPTANCE_CONTROL_CATALOG.csv;configs/acceptance_registry.json,W04 defines contract; PASS requires owning-wave evidence unless explicitly CURRENTLY_VERIFIED/VERIFIED_HISTORICAL.
REQ-016,A,ACTIVE,AC-045,CURRENTLY_VERIFIED_W04,W01-W25,,governance/ACCEPTANCE_CONTROL_CATALOG.csv;configs/acceptance_registry.json,W04 defines contract; PASS requires owning-wave evidence unless explicitly CURRENTLY_VERIFIED/VERIFIED_HISTORICAL.
REQ-017,A,ACTIVE,AC-002;AC-003,CURRENTLY_VERIFIED_W04,W01-W25,,governance/ACCEPTANCE_CONTROL_CATALOG.csv;configs/acceptance_registry.json,W04 defines contract; PASS requires owning-wave evidence unless explicitly CURRENTLY_VERIFIED/VERIFIED_HISTORICAL.
REQ-018,A,ACTIVE,AC-004;AC-042,PARTIAL_OR_CONTRACT_DEFINED,W01-W25,,governance/ACCEPTANCE_CONTROL_CATALOG.csv;configs/acceptance_registry.json,W04 defines contract; PASS requires owning-wave evidence unless explicitly CURRENTLY_VERIFIED/VERIFIED_HISTORICAL.
REQ-019,A,ACTIVE,AC-032;AC-178;AC-185,REFERENCE_VERIFIED_W18,W18+,,governance/ACCEPTANCE_CONTROL_CATALOG.csv;configs/acceptance_registry.json,W04 defines contract; PASS requires owning-wave evidence unless explicitly CURRENTLY_VERIFIED/VERIFIED_HISTORICAL.
REQ-020,A,ACTIVE,AC-001,CURRENTLY_VERIFIED_W04,W01-W25,,governance/ACCEPTANCE_CONTROL_CATALOG.csv;configs/acceptance_registry.json,W04 defines contract; PASS requires owning-wave evidence unless explicitly CURRENTLY_VERIFIED/VERIFIED_HISTORICAL.
REQ-021,A,ACTIVE,AC-023,CONTRACT_DEFINED_OWNER_PENDING,ALL,,governance/ACCEPTANCE_CONTROL_CATALOG.csv;configs/acceptance_registry.json,W04 defines contract; PASS requires owning-wave evidence unless explicitly CURRENTLY_VERIFIED/VERIFIED_HISTORICAL.
REQ-022,A,ACTIVE,AC-023,CONTRACT_DEFINED_OWNER_PENDING,W03+,,governance/ACCEPTANCE_CONTROL_CATALOG.csv;configs/acceptance_registry.json,W04 defines contract; PASS requires owning-wave evidence unless explicitly CURRENTLY_VERIFIED/VERIFIED_HISTORICAL.
REQ-023,A,ACTIVE,AC-023,CONTRACT_DEFINED_OWNER_PENDING,W11+,,governance/ACCEPTANCE_CONTROL_CATALOG.csv;configs/acceptance_registry.json,W04 defines contract; PASS requires owning-wave evidence unless explicitly CURRENTLY_VERIFIED/VERIFIED_HISTORICAL.
REQ-024,A,ACTIVE,AC-023,CONTRACT_DEFINED_OWNER_PENDING,W11+,,governance/ACCEPTANCE_CONTROL_CATALOG.csv;configs/acceptance_registry.json,W04 defines contract; PASS requires owning-wave evidence unless explicitly CURRENTLY_VERIFIED/VERIFIED_HISTORICAL.
REQ-025,A,ACTIVE,AC-023,CONTRACT_DEFINED_OWNER_PENDING,W14+,,governance/ACCEPTANCE_CONTROL_CATALOG.csv;configs/acceptance_registry.json,W04 defines contract; PASS requires owning-wave evidence unless explicitly CURRENTLY_VERIFIED/VERIFIED_HISTORICAL.
REQ-026,A,ACTIVE,AC-023;AC-026,CONTRACT_DEFINED_OWNER_PENDING,W16+,,governance/ACCEPTANCE_CONTROL_CATALOG.csv;configs/acceptance_registry.json,W04 defines contract; PASS requires owning-wave evidence unless explicitly CURRENTLY_VERIFIED/VERIFIED_HISTORICAL.
REQ-027,A,ACTIVE,AC-023;AC-026,CONTRACT_DEFINED_OWNER_PENDING,W16+,,governance/ACCEPTANCE_CONTROL_CATALOG.csv;configs/acceptance_registry.json,W04 defines contract; PASS requires owning-wave evidence unless explicitly CURRENTLY_VERIFIED/VERIFIED_HISTORICAL.
REQ-028,A,ACTIVE,AC-023;AC-026,CONTRACT_DEFINED_OWNER_PENDING,W16+,,governance/ACCEPTANCE_CONTROL_CATALOG.csv;configs/acceptance_registry.json,W04 defines contract; PASS requires owning-wave evidence unless explicitly CURRENTLY_VERIFIED/VERIFIED_HISTORICAL.
REQ-029,A,ACTIVE,AC-023;AC-026,CONTRACT_DEFINED_OWNER_PENDING,W16+,,governance/ACCEPTANCE_CONTROL_CATALOG.csv;configs/acceptance_registry.json,W04 defines contract; PASS requires owning-wave evidence unless explicitly CURRENTLY_VERIFIED/VERIFIED_HISTORICAL.
REQ-030,A,ACTIVE,AC-023;AC-026,CONTRACT_DEFINED_OWNER_PENDING,W16+,,governance/ACCEPTANCE_CONTROL_CATALOG.csv;configs/acceptance_registry.json,W04 defines contract; PASS requires owning-wave evidence unless explicitly CURRENTLY_VERIFIED/VERIFIED_HISTORICAL.
REQ-031,A,ACTIVE,AC-023;AC-026,CONTRACT_DEFINED_OWNER_PENDING,W12-W16,,governance/ACCEPTANCE_CONTROL_CATALOG.csv;configs/acceptance_registry.json,W04 defines contract; PASS requires owning-wave evidence unless explicitly CURRENTLY_VERIFIED/VERIFIED_HISTORICAL.
REQ-032,B,DEFAULT,AC-023;AC-026,VERIFIED_W22_PRECOMPUTED_INTERFACE_ONLY,W22,,governance/ACCEPTANCE_CONTROL_CATALOG.csv;configs/acceptance_registry.json;docs/107_W22_SNAPSHOT_SERVING_PRODUCT.md;tests/test_w22_product_serving.py,W04 defines contract; PASS requires owning-wave evidence unless explicitly CURRENTLY_VERIFIED/VERIFIED_HISTORICAL. W22 evidence is functional/synthetic where noted; no protected model metric implied.
REQ-033,A,ACTIVE,AC-023;AC-026,CONTRACT_DEFINED_OWNER_PENDING,W16+,,governance/ACCEPTANCE_CONTROL_CATALOG.csv;configs/acceptance_registry.json,W04 defines contract; PASS requires owning-wave evidence unless explicitly CURRENTLY_VERIFIED/VERIFIED_HISTORICAL.
REQ-034,A,ACTIVE,AC-023;AC-026,CONTRACT_DEFINED_OWNER_PENDING,W15+,,governance/ACCEPTANCE_CONTROL_CATALOG.csv;configs/acceptance_registry.json,W04 defines contract; PASS requires owning-wave evidence unless explicitly CURRENTLY_VERIFIED/VERIFIED_HISTORICAL.
REQ-035,A,ACTIVE,AC-023,CONTRACT_DEFINED_OWNER_PENDING,W21+,,governance/ACCEPTANCE_CONTROL_CATALOG.csv;configs/acceptance_registry.json,W04 defines contract; PASS requires owning-wave evidence unless explicitly CURRENTLY_VERIFIED/VERIFIED_HISTORICAL.
REQ-036,A,ACTIVE,AC-033,CONTRACT_DEFINED_OWNER_PENDING,W08+,,governance/ACCEPTANCE_CONTROL_CATALOG.csv;configs/acceptance_registry.json,W04 defines contract; PASS requires owning-wave evidence unless explicitly CURRENTLY_VERIFIED/VERIFIED_HISTORICAL.
REQ-037,A,ACTIVE,AC-009;AC-010;AC-020,CONTRACT_VERIFIED_W07_IMPLEMENTATION_PENDING,W07,THR-009;THR-013,configs/entity_registry.json;docs/14_CANONICAL_ENTITY_ARCHITECTURE.md;docs/16_ENTITY_RESOLUTION_AND_REVIEW.md,W04 defines contract; PASS requires owning-wave evidence unless explicitly CURRENTLY_VERIFIED/VERIFIED_HISTORICAL.
REQ-038,A,ACTIVE,AC-009;AC-010;AC-020,CONTRACT_VERIFIED_W07_IMPLEMENTATION_PENDING,W07,THR-009;THR-013,configs/entity_registry.json;docs/14_CANONICAL_ENTITY_ARCHITECTURE.md;docs/16_ENTITY_RESOLUTION_AND_REVIEW.md,W04 defines contract; PASS requires owning-wave evidence unless explicitly CURRENTLY_VERIFIED/VERIFIED_HISTORICAL.
REQ-039,A,ACTIVE,AC-008,CONTRACT_DEFINED_OWNER_PENDING,W08+,,governance/ACCEPTANCE_CONTROL_CATALOG.csv;configs/acceptance_registry.json;configs/temporal_registry.json;governance/W08_VALIDATION_REPORT.md,W04 defines contract; PASS requires owning-wave evidence unless explicitly CURRENTLY_VERIFIED/VERIFIED_HISTORICAL.
REQ-040,A,ACTIVE,AC-009,CONTRACT_DEFINED_OWNER_PENDING,W07-W09,THR-013,governance/ACCEPTANCE_CONTROL_CATALOG.csv;configs/acceptance_registry.json,W04 defines contract; PASS requires owning-wave evidence unless explicitly CURRENTLY_VERIFIED/VERIFIED_HISTORICAL.
REQ-041,A,ACTIVE,AC-011,CONTRACT_DEFINED_OWNER_PENDING,W08,,governance/ACCEPTANCE_CONTROL_CATALOG.csv;configs/acceptance_registry.json;configs/temporal_registry.json;governance/W08_VALIDATION_REPORT.md,W04 defines contract; PASS requires owning-wave evidence unless explicitly CURRENTLY_VERIFIED/VERIFIED_HISTORICAL.
REQ-042,A,ACTIVE,AC-011;AC-012,CONTRACT_DEFINED_OWNER_PENDING,W08+,,governance/ACCEPTANCE_CONTROL_CATALOG.csv;configs/acceptance_registry.json;configs/temporal_registry.json;governance/W08_VALIDATION_REPORT.md,W04 defines contract; PASS requires owning-wave evidence unless explicitly CURRENTLY_VERIFIED/VERIFIED_HISTORICAL.
REQ-043,A,ACTIVE,AC-013,CONTRACT_DEFINED_OWNER_PENDING,W08+,,governance/ACCEPTANCE_CONTROL_CATALOG.csv;configs/acceptance_registry.json,W04 defines contract; PASS requires owning-wave evidence unless explicitly CURRENTLY_VERIFIED/VERIFIED_HISTORICAL.
REQ-044,A,ACTIVE,AC-014,CONTRACT_DEFINED_OWNER_PENDING,W08+,,governance/ACCEPTANCE_CONTROL_CATALOG.csv;configs/acceptance_registry.json;configs/temporal_registry.json;governance/W08_VALIDATION_REPORT.md,W04 defines contract; PASS requires owning-wave evidence unless explicitly CURRENTLY_VERIFIED/VERIFIED_HISTORICAL.
REQ-045,A,ACTIVE,AC-016,CONTRACT_DEFINED_OWNER_PENDING,W08+,,governance/ACCEPTANCE_CONTROL_CATALOG.csv;configs/acceptance_registry.json,W04 defines contract; PASS requires owning-wave evidence unless explicitly CURRENTLY_VERIFIED/VERIFIED_HISTORICAL.
REQ-046,A,ACTIVE,AC-015,CONTRACT_DEFINED_OWNER_PENDING,W08-W12,,governance/ACCEPTANCE_CONTROL_CATALOG.csv;configs/acceptance_registry.json,W04 defines contract; PASS requires owning-wave evidence unless explicitly CURRENTLY_VERIFIED/VERIFIED_HISTORICAL.
REQ-047,A,ACTIVE,AC-017,CONTRACT_DEFINED_OWNER_PENDING,W07,THR-008,governance/ACCEPTANCE_CONTROL_CATALOG.csv;configs/acceptance_registry.json,W04 defines contract; PASS requires owning-wave evidence unless explicitly CURRENTLY_VERIFIED/VERIFIED_HISTORICAL.
REQ-048,A,ACTIVE,AC-009,CONTRACT_DEFINED_OWNER_PENDING,W07-W09,THR-013,governance/ACCEPTANCE_CONTROL_CATALOG.csv;configs/acceptance_registry.json,W04 defines contract; PASS requires owning-wave evidence unless explicitly CURRENTLY_VERIFIED/VERIFIED_HISTORICAL.
REQ-049,A,ACTIVE,AC-020,CONTRACT_DEFINED_OWNER_PENDING,W07+,THR-009;THR-013,governance/ACCEPTANCE_CONTROL_CATALOG.csv;configs/acceptance_registry.json,W04 defines contract; PASS requires owning-wave evidence unless explicitly CURRENTLY_VERIFIED/VERIFIED_HISTORICAL.
REQ-050,A,ACTIVE,AC-010,CONTRACT_DEFINED_OWNER_PENDING,W07+,,governance/ACCEPTANCE_CONTROL_CATALOG.csv;configs/acceptance_registry.json,W04 defines contract; PASS requires owning-wave evidence unless explicitly CURRENTLY_VERIFIED/VERIFIED_HISTORICAL.
REQ-051,A,ACTIVE,AC-010;AC-033,CONTRACT_DEFINED_OWNER_PENDING,W09+,,governance/ACCEPTANCE_CONTROL_CATALOG.csv;configs/acceptance_registry.json,W04 defines contract; PASS requires owning-wave evidence unless explicitly CURRENTLY_VERIFIED/VERIFIED_HISTORICAL.
REQ-052,A,ACTIVE,AC-009;AC-020,CONTRACT_DEFINED_OWNER_PENDING,W09-W19,THR-009;THR-013,governance/ACCEPTANCE_CONTROL_CATALOG.csv;configs/acceptance_registry.json,W04 defines contract; PASS requires owning-wave evidence unless explicitly CURRENTLY_VERIFIED/VERIFIED_HISTORICAL.
REQ-053,A,ACTIVE,AC-045,CURRENTLY_VERIFIED_W04,W01+,,governance/ACCEPTANCE_CONTROL_CATALOG.csv;configs/acceptance_registry.json,W04 defines contract; PASS requires owning-wave evidence unless explicitly CURRENTLY_VERIFIED/VERIFIED_HISTORICAL.
REQ-054,A,ACTIVE,AC-043,CONTRACT_DEFINED_OWNER_PENDING,W06+,,governance/ACCEPTANCE_CONTROL_CATALOG.csv;configs/acceptance_registry.json,W04 defines contract; PASS requires owning-wave evidence unless explicitly CURRENTLY_VERIFIED/VERIFIED_HISTORICAL.
REQ-055,A,ACTIVE,AC-043,CONTRACT_DEFINED_OWNER_PENDING,ALL,,governance/ACCEPTANCE_CONTROL_CATALOG.csv;configs/acceptance_registry.json,W04 defines contract; PASS requires owning-wave evidence unless explicitly CURRENTLY_VERIFIED/VERIFIED_HISTORICAL.
REQ-056,A,ACTIVE,AC-040;AC-043,PARTIAL_OR_CONTRACT_DEFINED,ALL,,governance/ACCEPTANCE_CONTROL_CATALOG.csv;configs/acceptance_registry.json,W04 defines contract; PASS requires owning-wave evidence unless explicitly CURRENTLY_VERIFIED/VERIFIED_HISTORICAL.
REQ-057,A,ACTIVE,AC-043,CONTRACT_DEFINED_OWNER_PENDING,W06+,,governance/ACCEPTANCE_CONTROL_CATALOG.csv;configs/acceptance_registry.json,W04 defines contract; PASS requires owning-wave evidence unless explicitly CURRENTLY_VERIFIED/VERIFIED_HISTORICAL.
REQ-058,A,ACTIVE,AC-010,CONTRACT_DEFINED_OWNER_PENDING,W07+,,governance/ACCEPTANCE_CONTROL_CATALOG.csv;configs/acceptance_registry.json,W04 defines contract; PASS requires owning-wave evidence unless explicitly CURRENTLY_VERIFIED/VERIFIED_HISTORICAL.
REQ-059,A,ACTIVE,AC-012,CONTRACT_DEFINED_OWNER_PENDING,W08+,,governance/ACCEPTANCE_CONTROL_CATALOG.csv;configs/acceptance_registry.json;configs/temporal_registry.json;governance/W08_VALIDATION_REPORT.md,W04 defines contract; PASS requires owning-wave evidence unless explicitly CURRENTLY_VERIFIED/VERIFIED_HISTORICAL.
REQ-060,A,ACTIVE,AC-018,CONTRACT_DEFINED_OWNER_PENDING,W17,,governance/ACCEPTANCE_CONTROL_CATALOG.csv;configs/acceptance_registry.json,W04 defines contract; PASS requires owning-wave evidence unless explicitly CURRENTLY_VERIFIED/VERIFIED_HISTORICAL.
REQ-061,A,ACTIVE,AC-018,CONTRACT_DEFINED_OWNER_PENDING,W17,,governance/ACCEPTANCE_CONTROL_CATALOG.csv;configs/acceptance_registry.json,W04 defines contract; PASS requires owning-wave evidence unless explicitly CURRENTLY_VERIFIED/VERIFIED_HISTORICAL.
REQ-062,A,ACTIVE,AC-018,CONTRACT_DEFINED_OWNER_PENDING,W07-W17,,governance/ACCEPTANCE_CONTROL_CATALOG.csv;configs/acceptance_registry.json,W04 defines contract; PASS requires owning-wave evidence unless explicitly CURRENTLY_VERIFIED/VERIFIED_HISTORICAL.
REQ-063,A,ACTIVE,AC-009;AC-021,CONTRACT_DEFINED_OWNER_PENDING,W09,THR-007;THR-013,governance/ACCEPTANCE_CONTROL_CATALOG.csv;configs/acceptance_registry.json,W04 defines contract; PASS requires owning-wave evidence unless explicitly CURRENTLY_VERIFIED/VERIFIED_HISTORICAL.
REQ-064,A,ACTIVE,AC-021,CONTRACT_VERIFIED_W10_EMPIRICAL_PENDING,W10+,THR-007,configs/feature_lifecycle_registry.json;governance/FEATURE_*;tools/validate_feature_lifecycle.py,W04 defines contract; PASS requires owning-wave evidence unless explicitly CURRENTLY_VERIFIED/VERIFIED_HISTORICAL.
REQ-065,A,ACTIVE,AC-021,CONTRACT_VERIFIED_W10_EMPIRICAL_PENDING,W10+,THR-007,configs/feature_lifecycle_registry.json;governance/FEATURE_*;tools/validate_feature_lifecycle.py,W04 defines contract; PASS requires owning-wave evidence unless explicitly CURRENTLY_VERIFIED/VERIFIED_HISTORICAL.
REQ-066,A,ACTIVE,AC-021,CONTRACT_VERIFIED_W10_EMPIRICAL_PENDING,W10+,THR-007,configs/feature_lifecycle_registry.json;governance/FEATURE_*;tools/validate_feature_lifecycle.py,W04 defines contract; PASS requires owning-wave evidence unless explicitly CURRENTLY_VERIFIED/VERIFIED_HISTORICAL.
REQ-067,C,RESEARCH,AC-021,EXPERIMENT_REQUIRED_NONBLOCKING_UNTIL_PROMOTION,W10,THR-007,configs/feature_lifecycle_registry.json;governance/FEATURE_*;tools/validate_feature_lifecycle.py,W04 defines contract; PASS requires owning-wave evidence unless explicitly CURRENTLY_VERIFIED/VERIFIED_HISTORICAL.
REQ-068,A,ACTIVE,AC-021,CONTRACT_DEFINED_OWNER_PENDING,W10-W13,THR-007,governance/ACCEPTANCE_CONTROL_CATALOG.csv;configs/acceptance_registry.json,W04 defines contract; PASS requires owning-wave evidence unless explicitly CURRENTLY_VERIFIED/VERIFIED_HISTORICAL.
REQ-069,A,ACTIVE,AC-023;AC-026,CONTRACT_DEFINED_OWNER_PENDING,W11,,governance/ACCEPTANCE_CONTROL_CATALOG.csv;configs/acceptance_registry.json,W04 defines contract; PASS requires owning-wave evidence unless explicitly CURRENTLY_VERIFIED/VERIFIED_HISTORICAL.
REQ-070,B,DEFAULT,AC-023;AC-026,CONTRACT_DEFINED_OWNER_PENDING,W11,,governance/ACCEPTANCE_CONTROL_CATALOG.csv;configs/acceptance_registry.json,W04 defines contract; PASS requires owning-wave evidence unless explicitly CURRENTLY_VERIFIED/VERIFIED_HISTORICAL.
REQ-071,B,DEFAULT,AC-023;AC-026,CONTRACT_DEFINED_OWNER_PENDING,W11-W14,,governance/ACCEPTANCE_CONTROL_CATALOG.csv;configs/acceptance_registry.json,W04 defines contract; PASS requires owning-wave evidence unless explicitly CURRENTLY_VERIFIED/VERIFIED_HISTORICAL.
REQ-072,A,ACTIVE,AC-023;AC-027,CONTRACT_DEFINED_OWNER_PENDING,W12,THR-014;THR-015,governance/ACCEPTANCE_CONTROL_CATALOG.csv;configs/acceptance_registry.json,W04 defines contract; PASS requires owning-wave evidence unless explicitly CURRENTLY_VERIFIED/VERIFIED_HISTORICAL.
REQ-073,A,ACTIVE,AC-023;AC-027,CONTRACT_DEFINED_OWNER_PENDING,W12,THR-014;THR-015,governance/ACCEPTANCE_CONTROL_CATALOG.csv;configs/acceptance_registry.json,W04 defines contract; PASS requires owning-wave evidence unless explicitly CURRENTLY_VERIFIED/VERIFIED_HISTORICAL.
REQ-074,A,ACTIVE,AC-023,CONTRACT_DEFINED_OWNER_PENDING,W12,,governance/ACCEPTANCE_CONTROL_CATALOG.csv;configs/acceptance_registry.json,W04 defines contract; PASS requires owning-wave evidence unless explicitly CURRENTLY_VERIFIED/VERIFIED_HISTORICAL.
REQ-075,A,ACTIVE,AC-023,CONTRACT_DEFINED_OWNER_PENDING,W12,,governance/ACCEPTANCE_CONTROL_CATALOG.csv;configs/acceptance_registry.json,W04 defines contract; PASS requires owning-wave evidence unless explicitly CURRENTLY_VERIFIED/VERIFIED_HISTORICAL.
REQ-076,A,ACTIVE,AC-009,CONTRACT_DEFINED_OWNER_PENDING,W13,THR-013,governance/ACCEPTANCE_CONTROL_CATALOG.csv;configs/acceptance_registry.json,W04 defines contract; PASS requires owning-wave evidence unless explicitly CURRENTLY_VERIFIED/VERIFIED_HISTORICAL.
REQ-077,B,DEFAULT,AC-023,CONTRACT_DEFINED_OWNER_PENDING,W13,,governance/ACCEPTANCE_CONTROL_CATALOG.csv;configs/acceptance_registry.json,W04 defines contract; PASS requires owning-wave evidence unless explicitly CURRENTLY_VERIFIED/VERIFIED_HISTORICAL.
REQ-078,A,ACTIVE,AC-023,CONTRACT_DEFINED_OWNER_PENDING,W13,,governance/ACCEPTANCE_CONTROL_CATALOG.csv;configs/acceptance_registry.json,W04 defines contract; PASS requires owning-wave evidence unless explicitly CURRENTLY_VERIFIED/VERIFIED_HISTORICAL.
REQ-079,A,ACTIVE,AC-020,CONTRACT_DEFINED_OWNER_PENDING,W13,THR-009;THR-013,governance/ACCEPTANCE_CONTROL_CATALOG.csv;configs/acceptance_registry.json,W04 defines contract; PASS requires owning-wave evidence unless explicitly CURRENTLY_VERIFIED/VERIFIED_HISTORICAL.
REQ-080,A,ACTIVE,AC-023,CONTRACT_DEFINED_OWNER_PENDING,W13-W14,,governance/ACCEPTANCE_CONTROL_CATALOG.csv;configs/acceptance_registry.json,W04 defines contract; PASS requires owning-wave evidence unless explicitly CURRENTLY_VERIFIED/VERIFIED_HISTORICAL.
REQ-081,B,DEFAULT,AC-023,CONTRACT_DEFINED_OWNER_PENDING,W13,,governance/ACCEPTANCE_CONTROL_CATALOG.csv;configs/acceptance_registry.json,W04 defines contract; PASS requires owning-wave evidence unless explicitly CURRENTLY_VERIFIED/VERIFIED_HISTORICAL.
REQ-082,B,DEFAULT,AC-023,CONTRACT_DEFINED_OWNER_PENDING,W13,,governance/ACCEPTANCE_CONTROL_CATALOG.csv;configs/acceptance_registry.json,W04 defines contract; PASS requires owning-wave evidence unless explicitly CURRENTLY_VERIFIED/VERIFIED_HISTORICAL.
REQ-083,B,DEFAULT,AC-023,CONTRACT_DEFINED_OWNER_PENDING,W13,,governance/ACCEPTANCE_CONTROL_CATALOG.csv;configs/acceptance_registry.json,W04 defines contract; PASS requires owning-wave evidence unless explicitly CURRENTLY_VERIFIED/VERIFIED_HISTORICAL.
REQ-084,C,RESEARCH,AC-021,EXPERIMENT_REQUIRED_NONBLOCKING_UNTIL_PROMOTION,W13,THR-007,governance/ACCEPTANCE_CONTROL_CATALOG.csv;configs/acceptance_registry.json,W04 defines contract; PASS requires owning-wave evidence unless explicitly CURRENTLY_VERIFIED/VERIFIED_HISTORICAL.
REQ-085,C,RESEARCH,AC-021,EXPERIMENT_REQUIRED_NONBLOCKING_UNTIL_PROMOTION,W13,THR-007,governance/ACCEPTANCE_CONTROL_CATALOG.csv;configs/acceptance_registry.json,W04 defines contract; PASS requires owning-wave evidence unless explicitly CURRENTLY_VERIFIED/VERIFIED_HISTORICAL.
REQ-086,B,DEFAULT,AC-021,CONTRACT_DEFINED_OWNER_PENDING,W13,THR-007,governance/ACCEPTANCE_CONTROL_CATALOG.csv;configs/acceptance_registry.json,W04 defines contract; PASS requires owning-wave evidence unless explicitly CURRENTLY_VERIFIED/VERIFIED_HISTORICAL.
REQ-087,A,ACTIVE,AC-019,CONTRACT_DEFINED_OWNER_PENDING,W08-W13,,governance/ACCEPTANCE_CONTROL_CATALOG.csv;configs/acceptance_registry.json,W04 defines contract; PASS requires owning-wave evidence unless explicitly CURRENTLY_VERIFIED/VERIFIED_HISTORICAL.
REQ-088,C,RESEARCH,AC-021,EXPERIMENT_REQUIRED_NONBLOCKING_UNTIL_PROMOTION,W13,THR-007,governance/ACCEPTANCE_CONTROL_CATALOG.csv;configs/acceptance_registry.json,W04 defines contract; PASS requires owning-wave evidence unless explicitly CURRENTLY_VERIFIED/VERIFIED_HISTORICAL.
REQ-089,C,RESEARCH,AC-021,EXPERIMENT_REQUIRED_NONBLOCKING_UNTIL_PROMOTION,W13,THR-007,governance/ACCEPTANCE_CONTROL_CATALOG.csv;configs/acceptance_registry.json,W04 defines contract; PASS requires owning-wave evidence unless explicitly CURRENTLY_VERIFIED/VERIFIED_HISTORICAL.
REQ-090,A,ACTIVE,AC-014;AC-026,CONTRACT_DEFINED_OWNER_PENDING,W16,,governance/ACCEPTANCE_CONTROL_CATALOG.csv;configs/acceptance_registry.json,W04 defines contract; PASS requires owning-wave evidence unless explicitly CURRENTLY_VERIFIED/VERIFIED_HISTORICAL.
REQ-091,A,ACTIVE,AC-033,VERIFIED_W22_FUNCTIONAL_STARTER,W08-W22,,governance/ACCEPTANCE_CONTROL_CATALOG.csv;configs/acceptance_registry.json;configs/temporal_registry.json;governance/W08_VALIDATION_REPORT.md;docs/107_W22_SNAPSHOT_SERVING_PRODUCT.md;tests/test_w22_product_serving.py,W04 defines contract; PASS requires owning-wave evidence unless explicitly CURRENTLY_VERIFIED/VERIFIED_HISTORICAL. W22 evidence is functional/synthetic where noted; no protected model metric implied.
REQ-092,A,ACTIVE,AC-026,CONTRACT_DEFINED_OWNER_PENDING,W16,,governance/ACCEPTANCE_CONTROL_CATALOG.csv;configs/acceptance_registry.json,W04 defines contract; PASS requires owning-wave evidence unless explicitly CURRENTLY_VERIFIED/VERIFIED_HISTORICAL.
REQ-093,B,DEFAULT,AC-027,CONTRACT_DEFINED_OWNER_PENDING,W16-W17,THR-014;THR-015,governance/ACCEPTANCE_CONTROL_CATALOG.csv;configs/acceptance_registry.json,W04 defines contract; PASS requires owning-wave evidence unless explicitly CURRENTLY_VERIFIED/VERIFIED_HISTORICAL.
REQ-094,B,DEFAULT,AC-027,CONTRACT_DEFINED_OWNER_PENDING,W16-W17,THR-014;THR-015,governance/ACCEPTANCE_CONTROL_CATALOG.csv;configs/acceptance_registry.json,W04 defines contract; PASS requires owning-wave evidence unless explicitly CURRENTLY_VERIFIED/VERIFIED_HISTORICAL.
REQ-095,A,ACTIVE,AC-028,CONTRACT_DEFINED_OWNER_PENDING,W15,,governance/ACCEPTANCE_CONTROL_CATALOG.csv;configs/acceptance_registry.json,W04 defines contract; PASS requires owning-wave evidence unless explicitly CURRENTLY_VERIFIED/VERIFIED_HISTORICAL.
REQ-096,B,DEFAULT,AC-029,CONTRACT_DEFINED_OWNER_PENDING,W15,THR-006,governance/ACCEPTANCE_CONTROL_CATALOG.csv;configs/acceptance_registry.json,W04 defines contract; PASS requires owning-wave evidence unless explicitly CURRENTLY_VERIFIED/VERIFIED_HISTORICAL.
REQ-097,A,ACTIVE,AC-029,CONTRACT_DEFINED_OWNER_PENDING,W15-W17,THR-006,governance/ACCEPTANCE_CONTROL_CATALOG.csv;configs/acceptance_registry.json,W04 defines contract; PASS requires owning-wave evidence unless explicitly CURRENTLY_VERIFIED/VERIFIED_HISTORICAL.
REQ-098,C,RESEARCH,AC-029,EXPERIMENT_REQUIRED_NONBLOCKING_UNTIL_PROMOTION,W15,THR-006,governance/ACCEPTANCE_CONTROL_CATALOG.csv;configs/acceptance_registry.json,W04 defines contract; PASS requires owning-wave evidence unless explicitly CURRENTLY_VERIFIED/VERIFIED_HISTORICAL.
REQ-099,A,ACTIVE,AC-015;AC-030,CONTRACT_DEFINED_OWNER_PENDING,W14,THR-005,governance/ACCEPTANCE_CONTROL_CATALOG.csv;configs/acceptance_registry.json,W04 defines contract; PASS requires owning-wave evidence unless explicitly CURRENTLY_VERIFIED/VERIFIED_HISTORICAL.
REQ-100,A,ACTIVE,AC-030,CONTRACT_DEFINED_OWNER_PENDING,W14,THR-005,governance/ACCEPTANCE_CONTROL_CATALOG.csv;configs/acceptance_registry.json,W04 defines contract; PASS requires owning-wave evidence unless explicitly CURRENTLY_VERIFIED/VERIFIED_HISTORICAL.
REQ-101,A,ACTIVE,AC-030;AC-023,CONTRACT_DEFINED_OWNER_PENDING,W14-W17,THR-005,governance/ACCEPTANCE_CONTROL_CATALOG.csv;configs/acceptance_registry.json,W04 defines contract; PASS requires owning-wave evidence unless explicitly CURRENTLY_VERIFIED/VERIFIED_HISTORICAL.
REQ-102,B,DEFAULT,AC-033,VERIFIED_W22_PRODUCT_INTERFACE_ONLY,W14-W22,,governance/ACCEPTANCE_CONTROL_CATALOG.csv;configs/acceptance_registry.json;docs/107_W22_SNAPSHOT_SERVING_PRODUCT.md;tests/test_w22_product_serving.py,W04 defines contract; PASS requires owning-wave evidence unless explicitly CURRENTLY_VERIFIED/VERIFIED_HISTORICAL. W22 evidence is functional/synthetic where noted; no protected model metric implied.
REQ-103,A,ACTIVE,AC-029;AC-045,PARTIAL_OR_CONTRACT_DEFINED,W15+,THR-006,governance/ACCEPTANCE_CONTROL_CATALOG.csv;configs/acceptance_registry.json,W04 defines contract; PASS requires owning-wave evidence unless explicitly CURRENTLY_VERIFIED/VERIFIED_HISTORICAL.
REQ-104,B,DEFAULT,AC-029,CONTRACT_DEFINED_OWNER_PENDING,W15,THR-006,governance/ACCEPTANCE_CONTROL_CATALOG.csv;configs/acceptance_registry.json,W04 defines contract; PASS requires owning-wave evidence unless explicitly CURRENTLY_VERIFIED/VERIFIED_HISTORICAL.
REQ-105,A,ACTIVE,AC-045,CURRENTLY_VERIFIED_W04,ALL,,governance/ACCEPTANCE_CONTROL_CATALOG.csv;configs/acceptance_registry.json,W04 defines contract; PASS requires owning-wave evidence unless explicitly CURRENTLY_VERIFIED/VERIFIED_HISTORICAL.
REQ-106,A,ACTIVE,AC-022,CONTRACT_DEFINED_OWNER_PENDING,W16-W17,,governance/ACCEPTANCE_CONTROL_CATALOG.csv;configs/acceptance_registry.json,W04 defines contract; PASS requires owning-wave evidence unless explicitly CURRENTLY_VERIFIED/VERIFIED_HISTORICAL.
REQ-107,B,DEFAULT,AC-022;AC-023,CONTRACT_DEFINED_OWNER_PENDING,W16,,governance/ACCEPTANCE_CONTROL_CATALOG.csv;configs/acceptance_registry.json,W04 defines contract; PASS requires owning-wave evidence unless explicitly CURRENTLY_VERIFIED/VERIFIED_HISTORICAL.
REQ-108,B,DEFAULT,AC-022;AC-023,CONTRACT_DEFINED_OWNER_PENDING,W16-W18,,governance/ACCEPTANCE_CONTROL_CATALOG.csv;configs/acceptance_registry.json,W04 defines contract; PASS requires owning-wave evidence unless explicitly CURRENTLY_VERIFIED/VERIFIED_HISTORICAL.
REQ-109,A,ACTIVE,AC-025;AC-031,CONTRACT_DEFINED_OWNER_PENDING,W16-W17,THR-001;THR-002;THR-003;THR-004,governance/ACCEPTANCE_CONTROL_CATALOG.csv;configs/acceptance_registry.json,W04 defines contract; PASS requires owning-wave evidence unless explicitly CURRENTLY_VERIFIED/VERIFIED_HISTORICAL.
REQ-110,B,DEFAULT,AC-026;AC-027,CONTRACT_DEFINED_OWNER_PENDING,W16,THR-014;THR-015,governance/ACCEPTANCE_CONTROL_CATALOG.csv;configs/acceptance_registry.json,W04 defines contract; PASS requires owning-wave evidence unless explicitly CURRENTLY_VERIFIED/VERIFIED_HISTORICAL.
REQ-111,A,ACTIVE,AC-022;AC-031;AC-178;AC-185,REFERENCE_VERIFIED_W18,W18+,THR-001;THR-002;THR-003;THR-004,governance/ACCEPTANCE_CONTROL_CATALOG.csv;configs/acceptance_registry.json,W04 defines contract; PASS requires owning-wave evidence unless explicitly CURRENTLY_VERIFIED/VERIFIED_HISTORICAL.
REQ-112,A,ACTIVE,AC-038,CONTRACT_DEFINED_OWNER_PENDING,W02+,THR-011;THR-012,governance/ACCEPTANCE_CONTROL_CATALOG.csv;configs/acceptance_registry.json,W04 defines contract; PASS requires owning-wave evidence unless explicitly CURRENTLY_VERIFIED/VERIFIED_HISTORICAL.
REQ-113,A,ACTIVE,AC-038,CONTRACT_DEFINED_OWNER_PENDING,W02+,THR-011;THR-012,governance/ACCEPTANCE_CONTROL_CATALOG.csv;configs/acceptance_registry.json,W04 defines contract; PASS requires owning-wave evidence unless explicitly CURRENTLY_VERIFIED/VERIFIED_HISTORICAL.
REQ-114,A,ACTIVE,AC-038,CONTRACT_DEFINED_OWNER_PENDING,W02-W23,THR-011;THR-012,governance/ACCEPTANCE_CONTROL_CATALOG.csv;configs/acceptance_registry.json,W04 defines contract; PASS requires owning-wave evidence unless explicitly CURRENTLY_VERIFIED/VERIFIED_HISTORICAL.
REQ-115,B,DEFAULT,AC-020;AC-036,CONTRACT_DEFINED_OWNER_PENDING,W21,THR-009;THR-013,governance/ACCEPTANCE_CONTROL_CATALOG.csv;configs/acceptance_registry.json,W04 defines contract; PASS requires owning-wave evidence unless explicitly CURRENTLY_VERIFIED/VERIFIED_HISTORICAL.
REQ-116,A,ACTIVE,AC-031,CONTRACT_DEFINED_OWNER_PENDING,W17-W21,THR-001;THR-002;THR-003;THR-004,governance/ACCEPTANCE_CONTROL_CATALOG.csv;configs/acceptance_registry.json,W04 defines contract; PASS requires owning-wave evidence unless explicitly CURRENTLY_VERIFIED/VERIFIED_HISTORICAL.
REQ-117,B,DEFAULT,AC-036,CONTRACT_DEFINED_OWNER_PENDING,W21,,governance/ACCEPTANCE_CONTROL_CATALOG.csv;configs/acceptance_registry.json,W04 defines contract; PASS requires owning-wave evidence unless explicitly CURRENTLY_VERIFIED/VERIFIED_HISTORICAL.
REQ-118,B,DEFAULT,AC-032,CONTRACT_DEFINED_OWNER_PENDING,W03-W21,,governance/ACCEPTANCE_CONTROL_CATALOG.csv;configs/acceptance_registry.json,W04 defines contract; PASS requires owning-wave evidence unless explicitly CURRENTLY_VERIFIED/VERIFIED_HISTORICAL.
REQ-119,A,ACTIVE,AC-032;AC-178;AC-185,REFERENCE_VERIFIED_W18,W18+,,governance/ACCEPTANCE_CONTROL_CATALOG.csv;configs/acceptance_registry.json,W04 defines contract; PASS requires owning-wave evidence unless explicitly CURRENTLY_VERIFIED/VERIFIED_HISTORICAL.
REQ-120,A,ACTIVE,AC-024;AC-032,CONTRACT_DEFINED_OWNER_PENDING,W18+,,governance/ACCEPTANCE_CONTROL_CATALOG.csv;configs/acceptance_registry.json,W04 defines contract; PASS requires owning-wave evidence unless explicitly CURRENTLY_VERIFIED/VERIFIED_HISTORICAL.
REQ-121,B,DEFAULT,AC-031;AC-178;AC-185,REFERENCE_VERIFIED_W18,W18,THR-001;THR-002;THR-003;THR-004,governance/ACCEPTANCE_CONTROL_CATALOG.csv;configs/acceptance_registry.json,W04 defines contract; PASS requires owning-wave evidence unless explicitly CURRENTLY_VERIFIED/VERIFIED_HISTORICAL.
REQ-122,B,DEFAULT,AC-037,VERIFIED_W22_FUNCTIONAL_STARTER,W22,THR-010,governance/ACCEPTANCE_CONTROL_CATALOG.csv;configs/acceptance_registry.json;docs/107_W22_SNAPSHOT_SERVING_PRODUCT.md;tests/test_w22_product_serving.py,W04 defines contract; PASS requires owning-wave evidence unless explicitly CURRENTLY_VERIFIED/VERIFIED_HISTORICAL. W22 evidence is functional/synthetic where noted; no protected model metric implied.
REQ-123,A,ACTIVE,AC-039;AC-041;AC-042,CONTRACT_DEFINED_OWNER_PENDING,W23,,governance/ACCEPTANCE_CONTROL_CATALOG.csv;configs/acceptance_registry.json,W04 defines contract; PASS requires owning-wave evidence unless explicitly CURRENTLY_VERIFIED/VERIFIED_HISTORICAL.
REQ-124,A,ACTIVE,AC-045,CURRENTLY_VERIFIED_W04,W19+,,governance/ACCEPTANCE_CONTROL_CATALOG.csv;configs/acceptance_registry.json,W04 defines contract; PASS requires owning-wave evidence unless explicitly CURRENTLY_VERIFIED/VERIFIED_HISTORICAL.
REQ-125,A,ACTIVE,AC-004,CURRENTLY_VERIFIED_W04,W01+,,governance/ACCEPTANCE_CONTROL_CATALOG.csv;configs/acceptance_registry.json,W04 defines contract; PASS requires owning-wave evidence unless explicitly CURRENTLY_VERIFIED/VERIFIED_HISTORICAL.
REQ-126,A,ACTIVE,AC-003,CURRENTLY_VERIFIED_W04,W01-W25,,governance/ACCEPTANCE_CONTROL_CATALOG.csv;configs/acceptance_registry.json,W04 defines contract; PASS requires owning-wave evidence unless explicitly CURRENTLY_VERIFIED/VERIFIED_HISTORICAL.
REQ-127,A,ACTIVE,AC-003,CURRENTLY_VERIFIED_W04,W01-W25,,governance/ACCEPTANCE_CONTROL_CATALOG.csv;configs/acceptance_registry.json,W04 defines contract; PASS requires owning-wave evidence unless explicitly CURRENTLY_VERIFIED/VERIFIED_HISTORICAL.
REQ-128,A,ACTIVE,AC-043,CONTRACT_DEFINED_OWNER_PENDING,W06,,governance/ACCEPTANCE_CONTROL_CATALOG.csv;configs/acceptance_registry.json,W04 defines contract; PASS requires owning-wave evidence unless explicitly CURRENTLY_VERIFIED/VERIFIED_HISTORICAL.
REQ-129,A,ACTIVE,AC-005;AC-043,PARTIAL_OR_CONTRACT_DEFINED,W24,,governance/ACCEPTANCE_CONTROL_CATALOG.csv;configs/acceptance_registry.json,W04 defines contract; PASS requires owning-wave evidence unless explicitly CURRENTLY_VERIFIED/VERIFIED_HISTORICAL.
REQ-130,A,COMPLETE_W25,AC-003;AC-007;AC-045,VERIFIED_W25_FINAL,W25,,governance/ACCEPTANCE_CONTROL_CATALOG.csv;configs/acceptance_registry.json,W04 defines contract; PASS requires owning-wave evidence unless explicitly CURRENTLY_VERIFIED/VERIFIED_HISTORICAL.
REQ-131,A,COMPLETE_W01,AC-003,VERIFIED_HISTORICAL,W01,,governance/ACCEPTANCE_CONTROL_CATALOG.csv;configs/acceptance_registry.json,W04 defines contract; PASS requires owning-wave evidence unless explicitly CURRENTLY_VERIFIED/VERIFIED_HISTORICAL.
REQ-132,A,COMPLETE_W01,AC-003,VERIFIED_HISTORICAL,W01,,governance/ACCEPTANCE_CONTROL_CATALOG.csv;configs/acceptance_registry.json,W04 defines contract; PASS requires owning-wave evidence unless explicitly CURRENTLY_VERIFIED/VERIFIED_HISTORICAL.
REQ-133,B,COMPLETE_W02,AC-002;AC-003,VERIFIED_HISTORICAL,W02-W03,,governance/ACCEPTANCE_CONTROL_CATALOG.csv;configs/acceptance_registry.json,W04 defines contract; PASS requires owning-wave evidence unless explicitly CURRENTLY_VERIFIED/VERIFIED_HISTORICAL.
REQ-134,B,ACTIVE,AC-031;AC-036;AC-039,CONTRACT_DEFINED_OWNER_PENDING,W02+,THR-001;THR-002;THR-003;THR-004,governance/ACCEPTANCE_CONTROL_CATALOG.csv;configs/acceptance_registry.json,W04 defines contract; PASS requires owning-wave evidence unless explicitly CURRENTLY_VERIFIED/VERIFIED_HISTORICAL.
REQ-135,B,ACTIVE,AC-031;AC-036;AC-039,CONTRACT_DEFINED_OWNER_PENDING,W02+,THR-001;THR-002;THR-003;THR-004,governance/ACCEPTANCE_CONTROL_CATALOG.csv;configs/acceptance_registry.json,W04 defines contract; PASS requires owning-wave evidence unless explicitly CURRENTLY_VERIFIED/VERIFIED_HISTORICAL.
REQ-136,A,ACTIVE,AC-002;AC-003;AC-004,CURRENTLY_VERIFIED_W04,W02+,,governance/ACCEPTANCE_CONTROL_CATALOG.csv;configs/acceptance_registry.json,W04 defines contract; PASS requires owning-wave evidence unless explicitly CURRENTLY_VERIFIED/VERIFIED_HISTORICAL.
REQ-137,A,ACTIVE,AC-002,CURRENTLY_VERIFIED_W04,W02+,,governance/ACCEPTANCE_CONTROL_CATALOG.csv;configs/acceptance_registry.json,W04 defines contract; PASS requires owning-wave evidence unless explicitly CURRENTLY_VERIFIED/VERIFIED_HISTORICAL.
REQ-138,A,ACTIVE,AC-040,PARTIAL_OR_CONTRACT_DEFINED,W02+,,governance/ACCEPTANCE_CONTROL_CATALOG.csv;configs/acceptance_registry.json,W04 defines contract; PASS requires owning-wave evidence unless explicitly CURRENTLY_VERIFIED/VERIFIED_HISTORICAL.
REQ-139,A,ACTIVE,AC-002,CURRENTLY_VERIFIED_W04,W02+,,governance/ACCEPTANCE_CONTROL_CATALOG.csv;configs/acceptance_registry.json,W04 defines contract; PASS requires owning-wave evidence unless explicitly CURRENTLY_VERIFIED/VERIFIED_HISTORICAL.
REQ-140,A,ACTIVE,AC-002,CURRENTLY_VERIFIED_W04,W02-W23,,governance/ACCEPTANCE_CONTROL_CATALOG.csv;configs/acceptance_registry.json,W04 defines contract; PASS requires owning-wave evidence unless explicitly CURRENTLY_VERIFIED/VERIFIED_HISTORICAL.
REQ-141,A,ACTIVE,AC-002,CURRENTLY_VERIFIED_W04,W02+,,governance/ACCEPTANCE_CONTROL_CATALOG.csv;configs/acceptance_registry.json,W04 defines contract; PASS requires owning-wave evidence unless explicitly CURRENTLY_VERIFIED/VERIFIED_HISTORICAL.
REQ-142,A,ACTIVE,AC-003,CURRENTLY_VERIFIED_W04,W02+,,governance/ACCEPTANCE_CONTROL_CATALOG.csv;configs/acceptance_registry.json,W04 defines contract; PASS requires owning-wave evidence unless explicitly CURRENTLY_VERIFIED/VERIFIED_HISTORICAL.
REQ-143,B,ACTIVE,AC-002;AC-003,CURRENTLY_VERIFIED_W04,W02+,,governance/ACCEPTANCE_CONTROL_CATALOG.csv;configs/acceptance_registry.json,W04 defines contract; PASS requires owning-wave evidence unless explicitly CURRENTLY_VERIFIED/VERIFIED_HISTORICAL.
REQ-144,A,COMPLETE_W02,AC-005,VERIFIED_HISTORICAL,W02,,governance/ACCEPTANCE_CONTROL_CATALOG.csv;configs/acceptance_registry.json,W04 defines contract; PASS requires owning-wave evidence unless explicitly CURRENTLY_VERIFIED/VERIFIED_HISTORICAL.
REQ-145,B,ACTIVE,AC-031;AC-036;AC-039,CONTRACT_DEFINED_OWNER_PENDING,W02+,THR-001;THR-002;THR-003;THR-004,governance/ACCEPTANCE_CONTROL_CATALOG.csv;configs/acceptance_registry.json,W04 defines contract; PASS requires owning-wave evidence unless explicitly CURRENTLY_VERIFIED/VERIFIED_HISTORICAL.
REQ-146,B,ACTIVE,AC-002;AC-003,CURRENTLY_VERIFIED_W04,W02+,,governance/ACCEPTANCE_CONTROL_CATALOG.csv;configs/acceptance_registry.json,W04 defines contract; PASS requires owning-wave evidence unless explicitly CURRENTLY_VERIFIED/VERIFIED_HISTORICAL.
REQ-147,A,ACTIVE,AC-002,CURRENTLY_VERIFIED_W04,W02+,,governance/ACCEPTANCE_CONTROL_CATALOG.csv;configs/acceptance_registry.json,W04 defines contract; PASS requires owning-wave evidence unless explicitly CURRENTLY_VERIFIED/VERIFIED_HISTORICAL.
REQ-148,A,ACTIVE,AC-001;AC-002,CURRENTLY_VERIFIED_W04,W02+,,governance/ACCEPTANCE_CONTROL_CATALOG.csv;configs/acceptance_registry.json,W04 defines contract; PASS requires owning-wave evidence unless explicitly CURRENTLY_VERIFIED/VERIFIED_HISTORICAL.
REQ-149,B,ACTIVE,AC-031;AC-036;AC-039,CONTRACT_DEFINED_OWNER_PENDING,W02-W23,THR-001;THR-002;THR-003;THR-004,governance/ACCEPTANCE_CONTROL_CATALOG.csv;configs/acceptance_registry.json,W04 defines contract; PASS requires owning-wave evidence unless explicitly CURRENTLY_VERIFIED/VERIFIED_HISTORICAL.
REQ-150,B,ACTIVE,AC-002;AC-003,CURRENTLY_VERIFIED_W04,W02+,,governance/ACCEPTANCE_CONTROL_CATALOG.csv;configs/acceptance_registry.json,W04 defines contract; PASS requires owning-wave evidence unless explicitly CURRENTLY_VERIFIED/VERIFIED_HISTORICAL.
REQ-151,B,ACTIVE,AC-005,CURRENTLY_VERIFIED_W04,W03+,,governance/ACCEPTANCE_CONTROL_CATALOG.csv;configs/acceptance_registry.json,W04 defines contract; PASS requires owning-wave evidence unless explicitly CURRENTLY_VERIFIED/VERIFIED_HISTORICAL.
REQ-152,B,ACTIVE,AC-046,VERIFIED_W22_FUNCTIONAL_STARTER,W03-W22,,governance/ACCEPTANCE_CONTROL_CATALOG.csv;configs/acceptance_registry.json;docs/107_W22_SNAPSHOT_SERVING_PRODUCT.md;tests/test_w22_product_serving.py,W04 defines contract; PASS requires owning-wave evidence unless explicitly CURRENTLY_VERIFIED/VERIFIED_HISTORICAL. W22 evidence is functional/synthetic where noted; no protected model metric implied.
REQ-153,A,ACTIVE,AC-032;AC-178;AC-185,REFERENCE_VERIFIED_W18,W03+,,governance/ACCEPTANCE_CONTROL_CATALOG.csv;configs/acceptance_registry.json,W04 defines contract; PASS requires owning-wave evidence unless explicitly CURRENTLY_VERIFIED/VERIFIED_HISTORICAL.
REQ-154,A,ACTIVE,AC-032,CONTRACT_DEFINED_OWNER_PENDING,W03+,,governance/ACCEPTANCE_CONTROL_CATALOG.csv;configs/acceptance_registry.json,W04 defines contract; PASS requires owning-wave evidence unless explicitly CURRENTLY_VERIFIED/VERIFIED_HISTORICAL.
REQ-155,A,ACTIVE,AC-008;AC-033,CONTRACT_DEFINED_OWNER_PENDING,W03+,,governance/ACCEPTANCE_CONTROL_CATALOG.csv;configs/acceptance_registry.json,W04 defines contract; PASS requires owning-wave evidence unless explicitly CURRENTLY_VERIFIED/VERIFIED_HISTORICAL.
REQ-156,A,ACTIVE,AC-011,CONTRACT_DEFINED_OWNER_PENDING,W03-W10,,configs/feature_lifecycle_registry.json;governance/FEATURE_*;tools/validate_feature_lifecycle.py,W04 defines contract; PASS requires owning-wave evidence unless explicitly CURRENTLY_VERIFIED/VERIFIED_HISTORICAL.
REQ-157,A,ACTIVE,AC-011;AC-033,CONTRACT_DEFINED_OWNER_PENDING,W03-W20,,configs/feature_lifecycle_registry.json;governance/FEATURE_*;tools/validate_feature_lifecycle.py,W04 defines contract; PASS requires owning-wave evidence unless explicitly CURRENTLY_VERIFIED/VERIFIED_HISTORICAL.
REQ-158,B,ACTIVE,AC-009,CONTRACT_DEFINED_OWNER_PENDING,W03-W19,THR-013,governance/ACCEPTANCE_CONTROL_CATALOG.csv;configs/acceptance_registry.json;configs/temporal_registry.json;governance/W08_VALIDATION_REPORT.md,W04 defines contract; PASS requires owning-wave evidence unless explicitly CURRENTLY_VERIFIED/VERIFIED_HISTORICAL.
REQ-159,A,ACTIVE,AC-010;AC-017,CONTRACT_VERIFIED_W07_IMPLEMENTATION_PENDING,W03-W08,THR-008,configs/entity_registry.json;docs/14_CANONICAL_ENTITY_ARCHITECTURE.md;docs/16_ENTITY_RESOLUTION_AND_REVIEW.md,W04 defines contract; PASS requires owning-wave evidence unless explicitly CURRENTLY_VERIFIED/VERIFIED_HISTORICAL.
REQ-160,A,ACTIVE,AC-047,CURRENTLY_VERIFIED_W04,W03-W16,,governance/ACCEPTANCE_CONTROL_CATALOG.csv;configs/acceptance_registry.json,W04 defines contract; PASS requires owning-wave evidence unless explicitly CURRENTLY_VERIFIED/VERIFIED_HISTORICAL.
REQ-161,A,ACTIVE,AC-047,CURRENTLY_VERIFIED_W04,W03+,,governance/ACCEPTANCE_CONTROL_CATALOG.csv;configs/acceptance_registry.json,W04 defines contract; PASS requires owning-wave evidence unless explicitly CURRENTLY_VERIFIED/VERIFIED_HISTORICAL.
REQ-162,A,ACTIVE,AC-030;AC-047,PARTIAL_OR_CONTRACT_DEFINED,W14-W17,THR-005,governance/ACCEPTANCE_CONTROL_CATALOG.csv;configs/acceptance_registry.json,W04 defines contract; PASS requires owning-wave evidence unless explicitly CURRENTLY_VERIFIED/VERIFIED_HISTORICAL.
REQ-163,A,ACTIVE,AC-026,CONTRACT_DEFINED_OWNER_PENDING,W03-W20,,governance/ACCEPTANCE_CONTROL_CATALOG.csv;configs/acceptance_registry.json,W04 defines contract; PASS requires owning-wave evidence unless explicitly CURRENTLY_VERIFIED/VERIFIED_HISTORICAL.
REQ-164,A,ACTIVE,AC-028,CONTRACT_DEFINED_OWNER_PENDING,W03-W20,,governance/ACCEPTANCE_CONTROL_CATALOG.csv;configs/acceptance_registry.json,W04 defines contract; PASS requires owning-wave evidence unless explicitly CURRENTLY_VERIFIED/VERIFIED_HISTORICAL.
REQ-165,A,ACTIVE,AC-014;AC-026,VERIFIED_W22_FUNCTIONAL_STARTER,W03-W22,,governance/ACCEPTANCE_CONTROL_CATALOG.csv;configs/acceptance_registry.json;docs/107_W22_SNAPSHOT_SERVING_PRODUCT.md;tests/test_w22_product_serving.py,W04 defines contract; PASS requires owning-wave evidence unless explicitly CURRENTLY_VERIFIED/VERIFIED_HISTORICAL. W22 evidence is functional/synthetic where noted; no protected model metric implied.
REQ-166,A,ACTIVE,AC-048,CURRENTLY_VERIFIED_W04,W03-Phase5,,governance/ACCEPTANCE_CONTROL_CATALOG.csv;configs/acceptance_registry.json,W04 defines contract; PASS requires owning-wave evidence unless explicitly CURRENTLY_VERIFIED/VERIFIED_HISTORICAL.
REQ-167,B,ACTIVE,AC-038,CONTRACT_DEFINED_OWNER_PENDING,W03-W19,THR-011;THR-012,governance/ACCEPTANCE_CONTROL_CATALOG.csv;configs/acceptance_registry.json,W04 defines contract; PASS requires owning-wave evidence unless explicitly CURRENTLY_VERIFIED/VERIFIED_HISTORICAL.
REQ-168,B,ACTIVE,AC-038,RECONFIRMED_W22_OPTIONAL,W03-W07/W22,THR-011;THR-012,governance/ACCEPTANCE_CONTROL_CATALOG.csv;configs/acceptance_registry.json;docs/107_W22_SNAPSHOT_SERVING_PRODUCT.md;tests/test_w22_product_serving.py,W04 defines contract; PASS requires owning-wave evidence unless explicitly CURRENTLY_VERIFIED/VERIFIED_HISTORICAL. W22 evidence is functional/synthetic where noted; no protected model metric implied.
REQ-169,B,ACTIVE,AC-046,VERIFIED_W22_FUNCTIONAL_STARTER,W03-W22,,governance/ACCEPTANCE_CONTROL_CATALOG.csv;configs/acceptance_registry.json;docs/107_W22_SNAPSHOT_SERVING_PRODUCT.md;tests/test_w22_product_serving.py,W04 defines contract; PASS requires owning-wave evidence unless explicitly CURRENTLY_VERIFIED/VERIFIED_HISTORICAL. W22 evidence is functional/synthetic where noted; no protected model metric implied.
REQ-170,B,ACTIVE,AC-005,CURRENTLY_VERIFIED_W04,W03-W23,,governance/ACCEPTANCE_CONTROL_CATALOG.csv;configs/acceptance_registry.json,W04 defines contract; PASS requires owning-wave evidence unless explicitly CURRENTLY_VERIFIED/VERIFIED_HISTORICAL.
REQ-171,A,ACTIVE,AC-046,VERIFIED_W22_FUNCTIONAL_STARTER,W03-W22,,governance/ACCEPTANCE_CONTROL_CATALOG.csv;configs/acceptance_registry.json;docs/107_W22_SNAPSHOT_SERVING_PRODUCT.md;tests/test_w22_product_serving.py,W04 defines contract; PASS requires owning-wave evidence unless explicitly CURRENTLY_VERIFIED/VERIFIED_HISTORICAL. W22 evidence is functional/synthetic where noted; no protected model metric implied.
REQ-172,A,ACTIVE,AC-031;AC-032;AC-178;AC-185,REFERENCE_VERIFIED_W18,W03-W18,THR-001;THR-002;THR-003;THR-004,governance/ACCEPTANCE_CONTROL_CATALOG.csv;configs/acceptance_registry.json,W04 defines contract; PASS requires owning-wave evidence unless explicitly CURRENTLY_VERIFIED/VERIFIED_HISTORICAL.
REQ-173,B,DEFAULT,AC-005,CURRENTLY_VERIFIED_W04,W03+,,governance/ACCEPTANCE_CONTROL_CATALOG.csv;configs/acceptance_registry.json,W04 defines contract; PASS requires owning-wave evidence unless explicitly CURRENTLY_VERIFIED/VERIFIED_HISTORICAL.
REQ-174,A,ACTIVE,AC-005,CURRENTLY_VERIFIED_W04,W03+,,governance/ACCEPTANCE_CONTROL_CATALOG.csv;configs/acceptance_registry.json,W04 defines contract; PASS requires owning-wave evidence unless explicitly CURRENTLY_VERIFIED/VERIFIED_HISTORICAL.
REQ-175,B,ACTIVE,AC-020;AC-036,CONTRACT_DEFINED_OWNER_PENDING,W03-W23,THR-009;THR-013,governance/ACCEPTANCE_CONTROL_CATALOG.csv;configs/acceptance_registry.json,W04 defines contract; PASS requires owning-wave evidence unless explicitly CURRENTLY_VERIFIED/VERIFIED_HISTORICAL.
REQ-176,A,ACTIVE,AC-005,CURRENTLY_VERIFIED_W04,W03,,governance/ACCEPTANCE_CONTROL_CATALOG.csv;configs/acceptance_registry.json,W04 defines contract; PASS requires owning-wave evidence unless explicitly CURRENTLY_VERIFIED/VERIFIED_HISTORICAL.
REQ-177,A,ACTIVE,AC-007,CURRENTLY_VERIFIED_W04,W04+,,governance/ACCEPTANCE_CONTROL_CATALOG.csv;configs/acceptance_registry.json,W04 defines contract; PASS requires owning-wave evidence unless explicitly CURRENTLY_VERIFIED/VERIFIED_HISTORICAL.
REQ-178,A,ACTIVE,AC-006;AC-007,CURRENTLY_VERIFIED_W04,W04+,,governance/ACCEPTANCE_CONTROL_CATALOG.csv;configs/acceptance_registry.json,W04 defines contract; PASS requires owning-wave evidence unless explicitly CURRENTLY_VERIFIED/VERIFIED_HISTORICAL.
REQ-179,A,ACTIVE,AC-032;AC-178;AC-185,REFERENCE_VERIFIED_W18,W17+,,governance/ACCEPTANCE_CONTROL_CATALOG.csv;configs/acceptance_registry.json,W04 defines contract; PASS requires owning-wave evidence unless explicitly CURRENTLY_VERIFIED/VERIFIED_HISTORICAL.
REQ-180,A,ACTIVE,AC-007,CURRENTLY_VERIFIED_W04,W04+,,governance/ACCEPTANCE_CONTROL_CATALOG.csv;configs/acceptance_registry.json,W04 defines contract; PASS requires owning-wave evidence unless explicitly CURRENTLY_VERIFIED/VERIFIED_HISTORICAL.
REQ-181,A,ACTIVE,AC-007,CURRENTLY_VERIFIED_W04,W04+,,governance/ACCEPTANCE_CONTROL_CATALOG.csv;configs/acceptance_registry.json,W04 defines contract; PASS requires owning-wave evidence unless explicitly CURRENTLY_VERIFIED/VERIFIED_HISTORICAL.
REQ-182,B,DEFAULT,AC-006,CURRENTLY_VERIFIED_W04,W04+,,governance/ACCEPTANCE_CONTROL_CATALOG.csv;configs/acceptance_registry.json,W04 defines contract; PASS requires owning-wave evidence unless explicitly CURRENTLY_VERIFIED/VERIFIED_HISTORICAL.
REQ-183,A,ACTIVE,AC-021;AC-031;AC-178;AC-185,REFERENCE_VERIFIED_W18,W10+,THR-001;THR-002;THR-003;THR-004;THR-007,governance/ACCEPTANCE_CONTROL_CATALOG.csv;configs/acceptance_registry.json,W04 defines contract; PASS requires owning-wave evidence unless explicitly CURRENTLY_VERIFIED/VERIFIED_HISTORICAL.
REQ-184,A,ACTIVE,AC-040,PARTIAL_OR_CONTRACT_DEFINED,W06+,,governance/ACCEPTANCE_CONTROL_CATALOG.csv;configs/acceptance_registry.json,W04 defines contract; PASS requires owning-wave evidence unless explicitly CURRENTLY_VERIFIED/VERIFIED_HISTORICAL.
REQ-185,A,ACTIVE,AC-009;AC-040,PARTIAL_OR_CONTRACT_DEFINED,W07+,THR-013,governance/ACCEPTANCE_CONTROL_CATALOG.csv;configs/acceptance_registry.json,W04 defines contract; PASS requires owning-wave evidence unless explicitly CURRENTLY_VERIFIED/VERIFIED_HISTORICAL.
REQ-186,A,ACTIVE,AC-040,PARTIAL_OR_CONTRACT_DEFINED,W06+,,governance/ACCEPTANCE_CONTROL_CATALOG.csv;configs/acceptance_registry.json,W04 defines contract; PASS requires owning-wave evidence unless explicitly CURRENTLY_VERIFIED/VERIFIED_HISTORICAL.
REQ-187,A,ACTIVE,AC-004;AC-041,PARTIAL_OR_CONTRACT_DEFINED,W21+,,governance/ACCEPTANCE_CONTROL_CATALOG.csv;configs/acceptance_registry.json,W04 defines contract; PASS requires owning-wave evidence unless explicitly CURRENTLY_VERIFIED/VERIFIED_HISTORICAL.
REQ-188,A,ACTIVE,AC-041,CONTRACT_DEFINED_OWNER_PENDING,W23,,governance/ACCEPTANCE_CONTROL_CATALOG.csv;configs/acceptance_registry.json,W04 defines contract; PASS requires owning-wave evidence unless explicitly CURRENTLY_VERIFIED/VERIFIED_HISTORICAL.
REQ-189,A,ACTIVE,AC-042,CONTRACT_DEFINED_OWNER_PENDING,W21+,,governance/ACCEPTANCE_CONTROL_CATALOG.csv;configs/acceptance_registry.json,W04 defines contract; PASS requires owning-wave evidence unless explicitly CURRENTLY_VERIFIED/VERIFIED_HISTORICAL.
REQ-190,A,ACTIVE,AC-033,CONTRACT_DEFINED_OWNER_PENDING,W16+,,governance/ACCEPTANCE_CONTROL_CATALOG.csv;configs/acceptance_registry.json,W04 defines contract; PASS requires owning-wave evidence unless explicitly CURRENTLY_VERIFIED/VERIFIED_HISTORICAL.
REQ-191,A,ACTIVE,AC-009;AC-011,CONTRACT_DEFINED_OWNER_PENDING,W08+,THR-013,configs/feature_lifecycle_registry.json;governance/FEATURE_*;tools/validate_feature_lifecycle.py,W04 defines contract; PASS requires owning-wave evidence unless explicitly CURRENTLY_VERIFIED/VERIFIED_HISTORICAL.
REQ-192,A,ACTIVE,AC-034,CONTRACT_DEFINED_OWNER_PENDING,W20+,,governance/ACCEPTANCE_CONTROL_CATALOG.csv;configs/acceptance_registry.json,W04 defines contract; PASS requires owning-wave evidence unless explicitly CURRENTLY_VERIFIED/VERIFIED_HISTORICAL.
REQ-193,A,ACTIVE,AC-035,CONTRACT_DEFINED_OWNER_PENDING,W16+,,governance/ACCEPTANCE_CONTROL_CATALOG.csv;configs/acceptance_registry.json,W04 defines contract; PASS requires owning-wave evidence unless explicitly CURRENTLY_VERIFIED/VERIFIED_HISTORICAL.
REQ-194,A,ACTIVE,AC-033;AC-034,CONTRACT_DEFINED_OWNER_PENDING,W17+,,governance/ACCEPTANCE_CONTROL_CATALOG.csv;configs/acceptance_registry.json,W04 defines contract; PASS requires owning-wave evidence unless explicitly CURRENTLY_VERIFIED/VERIFIED_HISTORICAL.
REQ-195,A,ACTIVE,AC-020,CONTRACT_DEFINED_OWNER_PENDING,W07+,THR-009;THR-013,governance/ACCEPTANCE_CONTROL_CATALOG.csv;configs/acceptance_registry.json,W04 defines contract; PASS requires owning-wave evidence unless explicitly CURRENTLY_VERIFIED/VERIFIED_HISTORICAL.
REQ-196,A,ACTIVE,AC-017,CONTRACT_VERIFIED_W07_IMPLEMENTATION_PENDING,W07+,THR-008,configs/entity_registry.json;docs/14_CANONICAL_ENTITY_ARCHITECTURE.md;docs/16_ENTITY_RESOLUTION_AND_REVIEW.md,W04 defines contract; PASS requires owning-wave evidence unless explicitly CURRENTLY_VERIFIED/VERIFIED_HISTORICAL.
REQ-197,A,ACTIVE,AC-009;AC-020,CONTRACT_DEFINED_OWNER_PENDING,W09+,THR-009;THR-013,governance/ACCEPTANCE_CONTROL_CATALOG.csv;configs/acceptance_registry.json,W04 defines contract; PASS requires owning-wave evidence unless explicitly CURRENTLY_VERIFIED/VERIFIED_HISTORICAL.
REQ-198,A,ACTIVE,AC-020,CONTRACT_DEFINED_OWNER_PENDING,W06+,THR-009;THR-013,governance/ACCEPTANCE_CONTROL_CATALOG.csv;configs/acceptance_registry.json,W04 defines contract; PASS requires owning-wave evidence unless explicitly CURRENTLY_VERIFIED/VERIFIED_HISTORICAL.
REQ-199,A,ACTIVE,AC-011;AC-012,CONTRACT_DEFINED_OWNER_PENDING,W08+,,governance/ACCEPTANCE_CONTROL_CATALOG.csv;configs/acceptance_registry.json;configs/temporal_registry.json;governance/W08_VALIDATION_REPORT.md,W04 defines contract; PASS requires owning-wave evidence unless explicitly CURRENTLY_VERIFIED/VERIFIED_HISTORICAL.
REQ-200,A,ACTIVE,AC-038,CONTRACT_DEFINED_OWNER_PENDING,W19-W23,THR-011;THR-012,governance/ACCEPTANCE_CONTROL_CATALOG.csv;configs/acceptance_registry.json,W04 defines contract; PASS requires owning-wave evidence unless explicitly CURRENTLY_VERIFIED/VERIFIED_HISTORICAL.
REQ-201,A,ACTIVE,AC-038,CONTRACT_DEFINED_OWNER_PENDING,W19-W23,THR-011;THR-012,governance/ACCEPTANCE_CONTROL_CATALOG.csv;configs/acceptance_registry.json,W04 defines contract; PASS requires owning-wave evidence unless explicitly CURRENTLY_VERIFIED/VERIFIED_HISTORICAL.
REQ-202,A,ACTIVE,AC-038;AC-012,CONTRACT_DEFINED_OWNER_PENDING,W19+,THR-011;THR-012,governance/ACCEPTANCE_CONTROL_CATALOG.csv;configs/acceptance_registry.json,W04 defines contract; PASS requires owning-wave evidence unless explicitly CURRENTLY_VERIFIED/VERIFIED_HISTORICAL.
REQ-203,A,ACTIVE,AC-037,VERIFIED_W22_FUNCTIONAL_STARTER_THRESHOLD_TBD,W21-W22,THR-010,governance/ACCEPTANCE_CONTROL_CATALOG.csv;configs/acceptance_registry.json;docs/107_W22_SNAPSHOT_SERVING_PRODUCT.md;tests/test_w22_product_serving.py,W04 defines contract; PASS requires owning-wave evidence unless explicitly CURRENTLY_VERIFIED/VERIFIED_HISTORICAL. W22 evidence is functional/synthetic where noted; no protected model metric implied.
REQ-204,A,ACTIVE,AC-007,CURRENTLY_VERIFIED_W04,W04+,,governance/ACCEPTANCE_CONTROL_CATALOG.csv;configs/acceptance_registry.json,W04 defines contract; PASS requires owning-wave evidence unless explicitly CURRENTLY_VERIFIED/VERIFIED_HISTORICAL.
REQ-205,A,ACTIVE,AC-012,CONTRACT_DEFINED_OWNER_PENDING,W08+,,governance/ACCEPTANCE_CONTROL_CATALOG.csv;configs/acceptance_registry.json,W04 defines contract; PASS requires owning-wave evidence unless explicitly CURRENTLY_VERIFIED/VERIFIED_HISTORICAL.
REQ-206,A,ACTIVE,AC-024;AC-031,CONTRACT_DEFINED_OWNER_PENDING,W17+,THR-001;THR-002;THR-003;THR-004,configs/feature_lifecycle_registry.json;governance/FEATURE_*;tools/validate_feature_lifecycle.py,W04 defines contract; PASS requires owning-wave evidence unless explicitly CURRENTLY_VERIFIED/VERIFIED_HISTORICAL.
REQ-207,A,ACTIVE,AC-024,CONTRACT_DEFINED_OWNER_PENDING,W17+,,governance/ACCEPTANCE_CONTROL_CATALOG.csv;configs/acceptance_registry.json,W04 defines contract; PASS requires owning-wave evidence unless explicitly CURRENTLY_VERIFIED/VERIFIED_HISTORICAL.
REQ-208,A,ACTIVE,AC-044,CURRENTLY_VERIFIED_W04,W04+,,governance/ACCEPTANCE_CONTROL_CATALOG.csv;configs/acceptance_registry.json,W04 defines contract; PASS requires owning-wave evidence unless explicitly CURRENTLY_VERIFIED/VERIFIED_HISTORICAL.
REQ-209,A,ACTIVE,AC-005;AC-007,CURRENTLY_VERIFIED_W04,W04+,,governance/ACCEPTANCE_CONTROL_CATALOG.csv;configs/acceptance_registry.json,W04 defines contract; PASS requires owning-wave evidence unless explicitly CURRENTLY_VERIFIED/VERIFIED_HISTORICAL.
REQ-210,A,ACTIVE,AC-045;AC-007,CURRENTLY_VERIFIED_W04,W04,,governance/ACCEPTANCE_CONTROL_CATALOG.csv;configs/acceptance_registry.json,W04 defines contract; PASS requires owning-wave evidence unless explicitly CURRENTLY_VERIFIED/VERIFIED_HISTORICAL.
REQ-211,A,ACTIVE,AC-043,CONTRACT_DEFINED_OWNER_PENDING,W06+,,governance/ACCEPTANCE_CONTROL_CATALOG.csv;configs/acceptance_registry.json,W04 defines contract; PASS requires owning-wave evidence unless explicitly CURRENTLY_VERIFIED/VERIFIED_HISTORICAL.
REQ-212,A,ACTIVE,AC-037;AC-033,VERIFIED_W22_FUNCTIONAL_STARTER,W22,THR-010,governance/ACCEPTANCE_CONTROL_CATALOG.csv;configs/acceptance_registry.json;docs/107_W22_SNAPSHOT_SERVING_PRODUCT.md;tests/test_w22_product_serving.py,W04 defines contract; PASS requires owning-wave evidence unless explicitly CURRENTLY_VERIFIED/VERIFIED_HISTORICAL. W22 evidence is functional/synthetic where noted; no protected model metric implied.
REQ-213,A,ACTIVE,AC-019,CONTRACT_DEFINED_OWNER_PENDING,W08+,,governance/ACCEPTANCE_CONTROL_CATALOG.csv;configs/acceptance_registry.json,W04 defines contract; PASS requires owning-wave evidence unless explicitly CURRENTLY_VERIFIED/VERIFIED_HISTORICAL.
REQ-214,A,ACTIVE,AC-033;AC-039,CONTRACT_DEFINED_OWNER_PENDING,W21+,,governance/ACCEPTANCE_CONTROL_CATALOG.csv;configs/acceptance_registry.json,W04 defines contract; PASS requires owning-wave evidence unless explicitly CURRENTLY_VERIFIED/VERIFIED_HISTORICAL.
REQ-215,A,ACTIVE,AC-043;AC-044,PARTIAL_OR_CONTRACT_DEFINED,W04+,,governance/ACCEPTANCE_CONTROL_CATALOG.csv;configs/acceptance_registry.json,W04 defines contract; PASS requires owning-wave evidence unless explicitly CURRENTLY_VERIFIED/VERIFIED_HISTORICAL.
REQ-216,A,ACTIVE,AC-049;AC-056,CURRENTLY_VERIFIED_W05,W05+,,governance/IMPLEMENTATION_WBS.csv;governance/REQUIREMENT_TASK_TRACEABILITY.csv;configs/implementation_plan.json,W05 implementation-plan acceptance; implementation/scientific evidence remains owned by later waves.
REQ-217,A,ACTIVE,AC-055,CURRENTLY_VERIFIED_W05,W05-W25,,governance/IMPLEMENTATION_WBS.csv;governance/REQUIREMENT_TASK_TRACEABILITY.csv;configs/implementation_plan.json,W05 implementation-plan acceptance; implementation/scientific evidence remains owned by later waves.
REQ-218,A,ACTIVE,AC-049,CURRENTLY_VERIFIED_W05,W05-W25,,governance/IMPLEMENTATION_WBS.csv;governance/REQUIREMENT_TASK_TRACEABILITY.csv;configs/implementation_plan.json,W05 implementation-plan acceptance; implementation/scientific evidence remains owned by later waves.
REQ-219,A,ACTIVE,AC-049,CURRENTLY_VERIFIED_W05,W05-W25,,governance/IMPLEMENTATION_WBS.csv;governance/REQUIREMENT_TASK_TRACEABILITY.csv;configs/implementation_plan.json,W05 implementation-plan acceptance; implementation/scientific evidence remains owned by later waves.
REQ-220,A,ACTIVE,AC-050,CURRENTLY_VERIFIED_W05,W05-W25,,governance/IMPLEMENTATION_WBS.csv;governance/REQUIREMENT_TASK_TRACEABILITY.csv;configs/implementation_plan.json,W05 implementation-plan acceptance; implementation/scientific evidence remains owned by later waves.
REQ-221,A,ACTIVE,AC-056,CURRENTLY_VERIFIED_W05,W05-W25,,governance/IMPLEMENTATION_WBS.csv;governance/REQUIREMENT_TASK_TRACEABILITY.csv;configs/implementation_plan.json,W05 implementation-plan acceptance; implementation/scientific evidence remains owned by later waves.
REQ-222,A,ACTIVE,AC-054,CURRENTLY_VERIFIED_W05,W05-W25,,governance/IMPLEMENTATION_WBS.csv;governance/REQUIREMENT_TASK_TRACEABILITY.csv;configs/implementation_plan.json,W05 implementation-plan acceptance; implementation/scientific evidence remains owned by later waves.
REQ-223,A,ACTIVE,AC-054,CURRENTLY_VERIFIED_W05,W05-W25,,governance/IMPLEMENTATION_WBS.csv;governance/REQUIREMENT_TASK_TRACEABILITY.csv;configs/implementation_plan.json,W05 implementation-plan acceptance; implementation/scientific evidence remains owned by later waves.
REQ-224,A,ACTIVE,AC-053,CONTRACT_DEFINED_OWNER_PENDING,W06,,governance/IMPLEMENTATION_WBS.csv;governance/REQUIREMENT_TASK_TRACEABILITY.csv;configs/implementation_plan.json,W05 implementation-plan acceptance; implementation/scientific evidence remains owned by later waves.
REQ-225,A,ACTIVE,AC-053,CONTRACT_DEFINED_OWNER_PENDING,W05-W06,,governance/IMPLEMENTATION_WBS.csv;governance/REQUIREMENT_TASK_TRACEABILITY.csv;configs/implementation_plan.json,W05 implementation-plan acceptance; implementation/scientific evidence remains owned by later waves.
REQ-226,A,ACTIVE,AC-051,CURRENTLY_VERIFIED_W05,W05+,,governance/IMPLEMENTATION_WBS.csv;governance/REQUIREMENT_TASK_TRACEABILITY.csv;configs/implementation_plan.json,W05 implementation-plan acceptance; implementation/scientific evidence remains owned by later waves.
REQ-227,A,ACTIVE,AC-052,CURRENTLY_VERIFIED_W05,W05+,,governance/IMPLEMENTATION_WBS.csv;governance/REQUIREMENT_TASK_TRACEABILITY.csv;configs/implementation_plan.json,W05 implementation-plan acceptance; implementation/scientific evidence remains owned by later waves.
REQ-228,A,ACTIVE,AC-051,CURRENTLY_VERIFIED_W05,W05+,,governance/IMPLEMENTATION_WBS.csv;governance/REQUIREMENT_TASK_TRACEABILITY.csv;configs/implementation_plan.json,W05 implementation-plan acceptance; implementation/scientific evidence remains owned by later waves.
REQ-229,A,ACTIVE,AC-051;AC-056,CURRENTLY_VERIFIED_W05,W05+,,governance/IMPLEMENTATION_WBS.csv;governance/REQUIREMENT_TASK_TRACEABILITY.csv;configs/implementation_plan.json,W05 implementation-plan acceptance; implementation/scientific evidence remains owned by later waves.
REQ-230,A,ACTIVE,AC-043;AC-052,CONTRACT_DEFINED_OWNER_PENDING,W18+,,governance/IMPLEMENTATION_WBS.csv;governance/REQUIREMENT_TASK_TRACEABILITY.csv;configs/implementation_plan.json,W05 implementation-plan acceptance; implementation/scientific evidence remains owned by later waves.
REQ-231,A,ACTIVE,AC-055,CURRENTLY_VERIFIED_W05,W05-W25,,governance/IMPLEMENTATION_WBS.csv;governance/REQUIREMENT_TASK_TRACEABILITY.csv;configs/implementation_plan.json,W05 implementation-plan acceptance; implementation/scientific evidence remains owned by later waves.
REQ-232,A,ACTIVE,AC-049,CURRENTLY_VERIFIED_W05,W05-W25,,governance/IMPLEMENTATION_WBS.csv;governance/REQUIREMENT_TASK_TRACEABILITY.csv;configs/implementation_plan.json,W05 implementation-plan acceptance; implementation/scientific evidence remains owned by later waves.
REQ-233,A,ACTIVE,AC-049,CURRENTLY_VERIFIED_W05,W05-W25,,governance/IMPLEMENTATION_WBS.csv;governance/REQUIREMENT_TASK_TRACEABILITY.csv;configs/implementation_plan.json,W05 implementation-plan acceptance; implementation/scientific evidence remains owned by later waves.
REQ-234,A,ACTIVE,AC-049,CURRENTLY_VERIFIED_W05,W05-W25,,governance/IMPLEMENTATION_WBS.csv;governance/REQUIREMENT_TASK_TRACEABILITY.csv;configs/implementation_plan.json,W05 implementation-plan acceptance; implementation/scientific evidence remains owned by later waves.
REQ-235,A,ACTIVE,AC-050,CURRENTLY_VERIFIED_W05,W05-W25,,governance/IMPLEMENTATION_WBS.csv;governance/REQUIREMENT_TASK_TRACEABILITY.csv;configs/implementation_plan.json,W05 implementation-plan acceptance; implementation/scientific evidence remains owned by later waves.
REQ-236,A,ACTIVE,AC-056,CURRENTLY_VERIFIED_W05,W05-W25,,governance/IMPLEMENTATION_WBS.csv;governance/REQUIREMENT_TASK_TRACEABILITY.csv;configs/implementation_plan.json,W05 implementation-plan acceptance; implementation/scientific evidence remains owned by later waves.
REQ-237,A,COMPLETE_W05,AC-001;AC-055,CURRENTLY_VERIFIED_W05,W05,,governance/IMPLEMENTATION_WBS.csv;governance/REQUIREMENT_TASK_TRACEABILITY.csv;configs/implementation_plan.json,W05 implementation-plan acceptance; implementation/scientific evidence remains owned by later waves.
REQ-238,A,ACTIVE,AC-055,CURRENTLY_VERIFIED_W05,W05-W25,,governance/IMPLEMENTATION_WBS.csv;governance/REQUIREMENT_TASK_TRACEABILITY.csv;configs/implementation_plan.json,W05 implementation-plan acceptance; implementation/scientific evidence remains owned by later waves.
REQ-239,A,ACTIVE,AC-051;AC-052,CURRENTLY_VERIFIED_W05,W05+,,governance/IMPLEMENTATION_WBS.csv;governance/REQUIREMENT_TASK_TRACEABILITY.csv;configs/implementation_plan.json,W05 implementation-plan acceptance; implementation/scientific evidence remains owned by later waves.
REQ-240,B,DEFAULT,AC-053;AC-055,DEFAULT_PLAN_REVISABLE,W05-W25,,governance/IMPLEMENTATION_WBS.csv;governance/REQUIREMENT_TASK_TRACEABILITY.csv;configs/implementation_plan.json,W05 implementation-plan acceptance; implementation/scientific evidence remains owned by later waves.
REQ-241,A,COMPLETE_W06,AC-057,CURRENTLY_VERIFIED_W06,W06,,docs/data_research/w06/DATA_RESEARCH_FINDINGS.md;docs/data_research/w06/WAVE_06_ARCHITECTURE_IMPACT.md,W06 source/data contract; later implementation evidence remains pending where applicable.
REQ-242,A,COMPLETE_W06,AC-057,CURRENTLY_VERIFIED_W06,W06,,docs/data_research/w06/DATA_RESEARCH_FINDINGS.md;docs/data_research/w06/WAVE_06_ARCHITECTURE_IMPACT.md,W06 source/data contract; later implementation evidence remains pending where applicable.
REQ-243,A,ACTIVE,AC-057,CONTRACT_DEFINED_W06_OWNER_PENDING,W06-W24,,docs/data_research/w06/DATA_RESEARCH_FINDINGS.md;docs/data_research/w06/WAVE_06_ARCHITECTURE_IMPACT.md,W06 source/data contract; later implementation evidence remains pending where applicable.
REQ-244,A,ACTIVE,AC-058;AC-059,CONTRACT_DEFINED_W06_OWNER_PENDING,W06+,,docs/data_research/w06/DATA_RESEARCH_FINDINGS.md;docs/data_research/w06/WAVE_06_ARCHITECTURE_IMPACT.md,W06 source/data contract; later implementation evidence remains pending where applicable.
REQ-245,A,ACTIVE,AC-013;AC-059,CONTRACT_DEFINED_W06_OWNER_PENDING,W08+,,docs/data_research/w06/DATA_RESEARCH_FINDINGS.md;docs/data_research/w06/WAVE_06_ARCHITECTURE_IMPACT.md;configs/temporal_registry.json;governance/W08_VALIDATION_REPORT.md,W06 source/data contract; later implementation evidence remains pending where applicable.
REQ-246,A,ACTIVE,AC-013;AC-059,CONTRACT_DEFINED_W06_OWNER_PENDING,W08+,,docs/data_research/w06/DATA_RESEARCH_FINDINGS.md;docs/data_research/w06/WAVE_06_ARCHITECTURE_IMPACT.md;configs/temporal_registry.json;governance/W08_VALIDATION_REPORT.md,W06 source/data contract; later implementation evidence remains pending where applicable.
REQ-247,A,ACTIVE,AC-015;AC-059,CONTRACT_DEFINED_W06_OWNER_PENDING,W08-W12,,docs/data_research/w06/DATA_RESEARCH_FINDINGS.md;docs/data_research/w06/WAVE_06_ARCHITECTURE_IMPACT.md;configs/temporal_registry.json;governance/W08_VALIDATION_REPORT.md,W06 source/data contract; later implementation evidence remains pending where applicable.
REQ-248,A,ACTIVE,AC-015;AC-020;AC-059,CONTRACT_DEFINED_W06_OWNER_PENDING,W08-W12,,docs/data_research/w06/DATA_RESEARCH_FINDINGS.md;docs/data_research/w06/WAVE_06_ARCHITECTURE_IMPACT.md;configs/temporal_registry.json;governance/W08_VALIDATION_REPORT.md,W06 source/data contract; later implementation evidence remains pending where applicable.
REQ-249,B,DEFAULT,AC-009;AC-020;AC-058,CONTRACT_DEFINED_W06_OWNER_PENDING,W11+,,docs/data_research/w06/DATA_RESEARCH_FINDINGS.md;docs/data_research/w06/WAVE_06_ARCHITECTURE_IMPACT.md,W06 source/data contract; later implementation evidence remains pending where applicable.
REQ-250,A,ACTIVE,AC-011;AC-019;AC-059,CONTRACT_DEFINED_W06_OWNER_PENDING,W08-W13,,docs/data_research/w06/DATA_RESEARCH_FINDINGS.md;docs/data_research/w06/WAVE_06_ARCHITECTURE_IMPACT.md,W06 source/data contract; later implementation evidence remains pending where applicable.
REQ-251,A,ACTIVE,AC-014;AC-059,CONTRACT_DEFINED_W06_OWNER_PENDING,W08-W17,,docs/data_research/w06/DATA_RESEARCH_FINDINGS.md;docs/data_research/w06/WAVE_06_ARCHITECTURE_IMPACT.md,W06 source/data contract; later implementation evidence remains pending where applicable.
REQ-252,A,ACTIVE,AC-010;AC-043;AC-058;AC-059,CONTRACT_VERIFIED_W07_IMPLEMENTATION_PENDING,W07-W09,,configs/entity_registry.json;docs/14_CANONICAL_ENTITY_ARCHITECTURE.md;docs/16_ENTITY_RESOLUTION_AND_REVIEW.md,W06 source/data contract; later implementation evidence remains pending where applicable.
REQ-253,B,DEFAULT,AC-043;AC-058,CONTRACT_DEFINED_W06_OWNER_PENDING,W06-W24,,docs/data_research/w06/DATA_RESEARCH_FINDINGS.md;docs/data_research/w06/WAVE_06_ARCHITECTURE_IMPACT.md,W06 source/data contract; later implementation evidence remains pending where applicable.
REQ-254,A,ACTIVE,AC-043;AC-059,CONTRACT_DEFINED_W06_OWNER_PENDING,W06+,,docs/data_research/w06/DATA_RESEARCH_FINDINGS.md;docs/data_research/w06/WAVE_06_ARCHITECTURE_IMPACT.md,W06 source/data contract; later implementation evidence remains pending where applicable.
REQ-255,A,ACTIVE,AC-020;AC-043;AC-059,CONTRACT_DEFINED_W06_OWNER_PENDING,W13+,,docs/data_research/w06/DATA_RESEARCH_FINDINGS.md;docs/data_research/w06/WAVE_06_ARCHITECTURE_IMPACT.md,W06 source/data contract; later implementation evidence remains pending where applicable.
REQ-256,A,ACTIVE,AC-011;AC-059,CONTRACT_DEFINED_W06_OWNER_PENDING,W08+,,docs/data_research/w06/DATA_RESEARCH_FINDINGS.md;docs/data_research/w06/WAVE_06_ARCHITECTURE_IMPACT.md,W06 source/data contract; later implementation evidence remains pending where applicable.
REQ-257,A,ACTIVE,AC-057;AC-058;AC-059,CONTRACT_DEFINED_W06_OWNER_PENDING,W24,,docs/data_research/w06/DATA_RESEARCH_FINDINGS.md;docs/data_research/w06/WAVE_06_ARCHITECTURE_IMPACT.md,W06 source/data contract; later implementation evidence remains pending where applicable.
REQ-258,A,COMPLETE_W06,AC-053;AC-060,CURRENTLY_VERIFIED_W06,W06,,docs/data_research/w06/DATA_RESEARCH_FINDINGS.md;docs/data_research/w06/WAVE_06_ARCHITECTURE_IMPACT.md,W06 source/data contract; later implementation evidence remains pending where applicable.
REQ-259,A,ACTIVE,AC-015;AC-059,CONTRACT_DEFINED_W06_OWNER_PENDING,W12-W14,,docs/data_research/w06/DATA_RESEARCH_FINDINGS.md;docs/data_research/w06/WAVE_06_ARCHITECTURE_IMPACT.md;configs/temporal_registry.json;governance/W08_VALIDATION_REPORT.md,W06 source/data contract; later implementation evidence remains pending where applicable.
REQ-260,A,ACTIVE,AC-008;AC-009;AC-010;AC-059,CONTRACT_VERIFIED_W07_IMPLEMENTATION_PENDING,W07+,,configs/entity_registry.json;docs/14_CANONICAL_ENTITY_ARCHITECTURE.md;docs/16_ENTITY_RESOLUTION_AND_REVIEW.md;configs/temporal_registry.json;governance/W08_VALIDATION_REPORT.md,W06 source/data contract; later implementation evidence remains pending where applicable.
REQ-261,A,ACTIVE,AC-061,PASS_W07_DESIGN_CONTRACT,W07+,,configs/entity_registry.json;docs/14_CANONICAL_ENTITY_ARCHITECTURE.md,W07 freezes canonical identity/source-mapping/resolution contracts; materialized data/resolver integration remains later-wave evidence.
REQ-262,A,ACTIVE,AC-061;AC-064,PASS_W07_DESIGN_CONTRACT,W07+,,configs/entity_registry.json;docs/14_CANONICAL_ENTITY_ARCHITECTURE.md,W07 freezes canonical identity/source-mapping/resolution contracts; materialized data/resolver integration remains later-wave evidence.
REQ-263,A,ACTIVE,AC-061,PASS_W07_DESIGN_CONTRACT,W07+,,configs/entity_registry.json;docs/14_CANONICAL_ENTITY_ARCHITECTURE.md,W07 freezes canonical identity/source-mapping/resolution contracts; materialized data/resolver integration remains later-wave evidence.
REQ-264,A,ACTIVE,AC-061,PASS_W07_DESIGN_CONTRACT,W07+,,configs/entity_registry.json;docs/14_CANONICAL_ENTITY_ARCHITECTURE.md,W07 freezes canonical identity/source-mapping/resolution contracts; materialized data/resolver integration remains later-wave evidence.
REQ-265,A,ACTIVE,AC-062,PASS_W07_DESIGN_CONTRACT,W07+,,configs/entity_registry.json;docs/14_CANONICAL_ENTITY_ARCHITECTURE.md,W07 freezes canonical identity/source-mapping/resolution contracts; materialized data/resolver integration remains later-wave evidence.
REQ-266,A,ACTIVE,AC-062;AC-063,PASS_W07_DESIGN_CONTRACT,W07+,,configs/entity_registry.json;docs/14_CANONICAL_ENTITY_ARCHITECTURE.md,W07 freezes canonical identity/source-mapping/resolution contracts; materialized data/resolver integration remains later-wave evidence.
REQ-267,A,ACTIVE,AC-062,PASS_W07_DESIGN_CONTRACT,W07-W08,,configs/entity_registry.json;docs/14_CANONICAL_ENTITY_ARCHITECTURE.md,W07 freezes canonical identity/source-mapping/resolution contracts; materialized data/resolver integration remains later-wave evidence.
REQ-268,A,ACTIVE,AC-061;AC-062,PASS_W07_DESIGN_CONTRACT,W07-W12,,configs/entity_registry.json;docs/14_CANONICAL_ENTITY_ARCHITECTURE.md,W07 freezes canonical identity/source-mapping/resolution contracts; materialized data/resolver integration remains later-wave evidence.
REQ-269,A,ACTIVE,AC-061;AC-062,PASS_W07_DESIGN_CONTRACT,W07-W13,,configs/entity_registry.json;docs/14_CANONICAL_ENTITY_ARCHITECTURE.md,W07 freezes canonical identity/source-mapping/resolution contracts; materialized data/resolver integration remains later-wave evidence.
REQ-270,A,ACTIVE,AC-061;AC-062,PASS_W07_DESIGN_CONTRACT,W07+,,configs/entity_registry.json;docs/14_CANONICAL_ENTITY_ARCHITECTURE.md,W07 freezes canonical identity/source-mapping/resolution contracts; materialized data/resolver integration remains later-wave evidence.
REQ-271,A,ACTIVE,AC-061;AC-062,PASS_W07_DESIGN_CONTRACT,W07-W08,,configs/entity_registry.json;docs/14_CANONICAL_ENTITY_ARCHITECTURE.md,W07 freezes canonical identity/source-mapping/resolution contracts; materialized data/resolver integration remains later-wave evidence.
REQ-272,A,ACTIVE,AC-061;AC-062,PASS_W07_DESIGN_CONTRACT,W07-W13,,configs/entity_registry.json;docs/14_CANONICAL_ENTITY_ARCHITECTURE.md,W07 freezes canonical identity/source-mapping/resolution contracts; materialized data/resolver integration remains later-wave evidence.
REQ-273,A,ACTIVE,AC-061;AC-062,PASS_W07_DESIGN_CONTRACT,W07-W08,,configs/entity_registry.json;docs/14_CANONICAL_ENTITY_ARCHITECTURE.md,W07 freezes canonical identity/source-mapping/resolution contracts; materialized data/resolver integration remains later-wave evidence.
REQ-274,A,ACTIVE,AC-063,PASS_W07_DESIGN_CONTRACT,W07-W13,,configs/entity_registry.json;docs/14_CANONICAL_ENTITY_ARCHITECTURE.md,W07 freezes canonical identity/source-mapping/resolution contracts; materialized data/resolver integration remains later-wave evidence.
REQ-275,A,ACTIVE,AC-065,PASS_W07_DESIGN_CONTRACT,W07-W08,,configs/entity_registry.json;docs/15_SOURCE_MAPPING_AND_EVIDENCE_IDENTITY.md;configs/temporal_registry.json;governance/W08_VALIDATION_REPORT.md,W07 freezes canonical identity/source-mapping/resolution contracts; materialized data/resolver integration remains later-wave evidence.
REQ-276,A,ACTIVE,AC-065,PASS_W07_DESIGN_CONTRACT,W07-W08,,configs/entity_registry.json;docs/15_SOURCE_MAPPING_AND_EVIDENCE_IDENTITY.md;configs/temporal_registry.json;governance/W08_VALIDATION_REPORT.md,W07 freezes canonical identity/source-mapping/resolution contracts; materialized data/resolver integration remains later-wave evidence.
REQ-277,A,ACTIVE,AC-063;AC-064,PASS_W07_DESIGN_CONTRACT,W07-W19,,docs/16_ENTITY_RESOLUTION_AND_REVIEW.md;configs/entity_registry.json,W07 freezes canonical identity/source-mapping/resolution contracts; materialized data/resolver integration remains later-wave evidence.
REQ-278,A,ACTIVE,AC-017;AC-063,CONTRACT_VERIFIED_W07_LABELED_EVAL_PENDING_W19,W07-W19,THR-008,docs/16_ENTITY_RESOLUTION_AND_REVIEW.md;configs/entity_registry.json,W07 freezes canonical identity/source-mapping/resolution contracts; materialized data/resolver integration remains later-wave evidence.
REQ-279,A,ACTIVE,AC-064,PASS_W07_DESIGN_CONTRACT,W07-W19,,docs/16_ENTITY_RESOLUTION_AND_REVIEW.md;configs/entity_registry.json,W07 freezes canonical identity/source-mapping/resolution contracts; materialized data/resolver integration remains later-wave evidence.
REQ-280,A,ACTIVE,AC-063,PASS_W07_DESIGN_CONTRACT,W07+,,docs/16_ENTITY_RESOLUTION_AND_REVIEW.md;configs/entity_registry.json,W07 freezes canonical identity/source-mapping/resolution contracts; materialized data/resolver integration remains later-wave evidence.
REQ-281,B,ACTIVE,AC-066,RECONFIRMED_W22_OPTIONAL,W07-W19/W22,,docs/17_ENTITY_STORAGE_EVALUATION.md;docs/107_W22_SNAPSHOT_SERVING_PRODUCT.md;tests/test_w22_product_serving.py,W07 freezes canonical identity/source-mapping/resolution contracts; materialized data/resolver integration remains later-wave evidence. W22 evidence is functional/synthetic where noted; no protected model metric implied.
REQ-282,A,ACTIVE,AC-017;AC-063,CONTRACT_VERIFIED_W07_LABELED_EVAL_PENDING_W19,W19,THR-008,docs/16_ENTITY_RESOLUTION_AND_REVIEW.md;configs/entity_registry.json,W07 freezes canonical identity/source-mapping/resolution contracts; materialized data/resolver integration remains later-wave evidence.
REQ-283,A,ACTIVE,AC-067,PASS_W08_CONTRACT_SYNTHETIC_REAL_DATA_PENDING,W08+,,configs/temporal_registry.json;governance/LEAKAGE_SCENARIO_CATALOG.csv;tests/test_temporal_governance.py,W08 proves temporal contract/synthetic behavior only; materialized historical evidence remains owner-wave work.
REQ-284,A,ACTIVE,AC-067,PASS_W08_CONTRACT_SYNTHETIC_REAL_DATA_PENDING,W08+,,configs/temporal_registry.json;governance/LEAKAGE_SCENARIO_CATALOG.csv;tests/test_temporal_governance.py,W08 proves temporal contract/synthetic behavior only; materialized historical evidence remains owner-wave work.
REQ-285,A,ACTIVE,AC-068,PASS_W08_CONTRACT_SYNTHETIC_REAL_DATA_PENDING,W08+,,configs/temporal_registry.json;governance/LEAKAGE_SCENARIO_CATALOG.csv;tests/test_temporal_governance.py,W08 proves temporal contract/synthetic behavior only; materialized historical evidence remains owner-wave work.
REQ-286,A,ACTIVE,AC-068,PASS_W08_CONTRACT_SYNTHETIC_REAL_DATA_PENDING,W08+,,configs/temporal_registry.json;governance/LEAKAGE_SCENARIO_CATALOG.csv;tests/test_temporal_governance.py,W08 proves temporal contract/synthetic behavior only; materialized historical evidence remains owner-wave work.
REQ-287,A,ACTIVE,AC-011;AC-068,PASS_W08_CONTRACT_SYNTHETIC_REAL_DATA_PENDING,W08+,,configs/temporal_registry.json;governance/LEAKAGE_SCENARIO_CATALOG.csv;tests/test_temporal_governance.py,W08 proves temporal contract/synthetic behavior only; materialized historical evidence remains owner-wave work.
REQ-288,A,ACTIVE,AC-069,PASS_W08_CONTRACT_SYNTHETIC_REAL_DATA_PENDING,W08+,,configs/temporal_registry.json;governance/LEAKAGE_SCENARIO_CATALOG.csv;tests/test_temporal_governance.py,W08 proves temporal contract/synthetic behavior only; materialized historical evidence remains owner-wave work.
REQ-289,A,ACTIVE,AC-067;AC-011,PASS_W08_CONTRACT_SYNTHETIC_REAL_DATA_PENDING,W08+,,configs/temporal_registry.json;governance/LEAKAGE_SCENARIO_CATALOG.csv;tests/test_temporal_governance.py,W08 proves temporal contract/synthetic behavior only; materialized historical evidence remains owner-wave work.
REQ-290,A,ACTIVE,AC-067;AC-072,PASS_W08_CONTRACT_SYNTHETIC_REAL_DATA_PENDING,W08+,,configs/temporal_registry.json;governance/LEAKAGE_SCENARIO_CATALOG.csv;tests/test_temporal_governance.py,W08 proves temporal contract/synthetic behavior only; materialized historical evidence remains owner-wave work.
REQ-291,A,ACTIVE,AC-075,PASS_W08_CONTRACT_SYNTHETIC_REAL_DATA_PENDING,W08+,,configs/temporal_registry.json;governance/LEAKAGE_SCENARIO_CATALOG.csv;tests/test_temporal_governance.py,W08 proves temporal contract/synthetic behavior only; materialized historical evidence remains owner-wave work.
REQ-292,A,ACTIVE,AC-073,PASS_W08_CONTRACT_SYNTHETIC_REAL_DATA_PENDING,W08+,,configs/temporal_registry.json;governance/LEAKAGE_SCENARIO_CATALOG.csv;tests/test_temporal_governance.py,W08 proves temporal contract/synthetic behavior only; materialized historical evidence remains owner-wave work.
REQ-293,A,ACTIVE,AC-074,PASS_W08_CONTRACT_SYNTHETIC_REAL_DATA_PENDING,W08+,,configs/temporal_registry.json;governance/LEAKAGE_SCENARIO_CATALOG.csv;tests/test_temporal_governance.py,W08 proves temporal contract/synthetic behavior only; materialized historical evidence remains owner-wave work.
REQ-294,A,ACTIVE,AC-074,PASS_W08_CONTRACT_SYNTHETIC_REAL_DATA_PENDING,W08+,,configs/temporal_registry.json;governance/LEAKAGE_SCENARIO_CATALOG.csv;tests/test_temporal_governance.py,W08 proves temporal contract/synthetic behavior only; materialized historical evidence remains owner-wave work.
REQ-295,A,ACTIVE,AC-074,PASS_W08_CONTRACT_SYNTHETIC_REAL_DATA_PENDING,W08+,,configs/temporal_registry.json;governance/LEAKAGE_SCENARIO_CATALOG.csv;tests/test_temporal_governance.py,W08 proves temporal contract/synthetic behavior only; materialized historical evidence remains owner-wave work.
REQ-296,A,ACTIVE,AC-014,PASS_W08_CONTRACT_SYNTHETIC_REAL_DATA_PENDING,W08-W17,,configs/temporal_registry.json;governance/LEAKAGE_SCENARIO_CATALOG.csv;tests/test_temporal_governance.py,W08 proves temporal contract/synthetic behavior only; materialized historical evidence remains owner-wave work.
REQ-297,A,ACTIVE,AC-014,PASS_W08_CONTRACT_SYNTHETIC_REAL_DATA_PENDING,W08-W17,,configs/temporal_registry.json;governance/LEAKAGE_SCENARIO_CATALOG.csv;tests/test_temporal_governance.py,W08 proves temporal contract/synthetic behavior only; materialized historical evidence remains owner-wave work.
REQ-298,A,ACTIVE,AC-071,PASS_W08_CONTRACT_SYNTHETIC_REAL_DATA_PENDING,W08-W13,,configs/temporal_registry.json;governance/LEAKAGE_SCENARIO_CATALOG.csv;tests/test_temporal_governance.py,W08 proves temporal contract/synthetic behavior only; materialized historical evidence remains owner-wave work.
REQ-299,A,ACTIVE,AC-013;AC-071,PASS_W08_CONTRACT_SYNTHETIC_REAL_DATA_PENDING,W08-W13,,configs/temporal_registry.json;governance/LEAKAGE_SCENARIO_CATALOG.csv;tests/test_temporal_governance.py,W08 proves temporal contract/synthetic behavior only; materialized historical evidence remains owner-wave work.
REQ-300,A,ACTIVE,AC-070,PASS_W08_CONTRACT_SYNTHETIC_REAL_DATA_PENDING,W08-W12,,configs/temporal_registry.json;governance/LEAKAGE_SCENARIO_CATALOG.csv;tests/test_temporal_governance.py,W08 proves temporal contract/synthetic behavior only; materialized historical evidence remains owner-wave work.
REQ-301,A,ACTIVE,AC-070,PASS_W08_CONTRACT_SYNTHETIC_REAL_DATA_PENDING,W08-W12,,configs/temporal_registry.json;governance/LEAKAGE_SCENARIO_CATALOG.csv;tests/test_temporal_governance.py,W08 proves temporal contract/synthetic behavior only; materialized historical evidence remains owner-wave work.
REQ-302,A,ACTIVE,AC-069;AC-070,PASS_W08_CONTRACT_SYNTHETIC_REAL_DATA_PENDING,W08-W12,,configs/temporal_registry.json;governance/LEAKAGE_SCENARIO_CATALOG.csv;tests/test_temporal_governance.py,W08 proves temporal contract/synthetic behavior only; materialized historical evidence remains owner-wave work.
REQ-303,A,ACTIVE,AC-015;AC-067,PASS_W08_CONTRACT_SYNTHETIC_REAL_DATA_PENDING,W08-W13,,configs/temporal_registry.json;governance/LEAKAGE_SCENARIO_CATALOG.csv;tests/test_temporal_governance.py,W08 proves temporal contract/synthetic behavior only; materialized historical evidence remains owner-wave work.
REQ-304,A,ACTIVE,AC-072,PASS_W08_CONTRACT_SYNTHETIC_REAL_DATA_PENDING,W08-W13,,configs/temporal_registry.json;governance/LEAKAGE_SCENARIO_CATALOG.csv;tests/test_temporal_governance.py,W08 proves temporal contract/synthetic behavior only; materialized historical evidence remains owner-wave work.
REQ-305,A,ACTIVE,AC-072,PASS_W08_CONTRACT_SYNTHETIC_REAL_DATA_PENDING,W08-W13,,configs/temporal_registry.json;governance/LEAKAGE_SCENARIO_CATALOG.csv;tests/test_temporal_governance.py,W08 proves temporal contract/synthetic behavior only; materialized historical evidence remains owner-wave work.
REQ-306,A,ACTIVE,AC-016;AC-073,PASS_W08_CONTRACT_SYNTHETIC_REAL_DATA_PENDING,W08-W17,,configs/temporal_registry.json;governance/LEAKAGE_SCENARIO_CATALOG.csv;tests/test_temporal_governance.py,W08 proves temporal contract/synthetic behavior only; materialized historical evidence remains owner-wave work.
REQ-307,A,ACTIVE,AC-011;AC-067,PASS_W08_CONTRACT_SYNTHETIC_REAL_DATA_PENDING,W08+,,configs/temporal_registry.json;governance/LEAKAGE_SCENARIO_CATALOG.csv;tests/test_temporal_governance.py,W08 proves temporal contract/synthetic behavior only; materialized historical evidence remains owner-wave work.
REQ-308,A,ACTIVE,AC-012,PASS_W08_CONTRACT_SYNTHETIC_REAL_DATA_PENDING,W08+,,configs/temporal_registry.json;governance/LEAKAGE_SCENARIO_CATALOG.csv;tests/test_temporal_governance.py,W08 proves temporal contract/synthetic behavior only; materialized historical evidence remains owner-wave work.
REQ-309,A,ACTIVE,AC-067,PASS_W08_CONTRACT_SYNTHETIC_REAL_DATA_PENDING,W08+,,configs/temporal_registry.json;governance/LEAKAGE_SCENARIO_CATALOG.csv;tests/test_temporal_governance.py,W08 proves temporal contract/synthetic behavior only; materialized historical evidence remains owner-wave work.
REQ-310,A,ACTIVE,AC-068,PASS_W08_CONTRACT_SYNTHETIC_REAL_DATA_PENDING,W08+,,configs/temporal_registry.json;governance/LEAKAGE_SCENARIO_CATALOG.csv;tests/test_temporal_governance.py,W08 proves temporal contract/synthetic behavior only; materialized historical evidence remains owner-wave work.
REQ-311,A,ACTIVE,AC-074,VERIFIED_W22_FUNCTIONAL_STARTER,W08-W22,,configs/temporal_registry.json;governance/LEAKAGE_SCENARIO_CATALOG.csv;tests/test_temporal_governance.py;docs/107_W22_SNAPSHOT_SERVING_PRODUCT.md;tests/test_w22_product_serving.py,W08 proves temporal contract/synthetic behavior only; materialized historical evidence remains owner-wave work. W22 evidence is functional/synthetic where noted; no protected model metric implied.
REQ-312,A,ACTIVE,AC-076;AC-012,PASS_W08_CONTRACT_SYNTHETIC_REAL_DATA_PENDING,W08-W17,,configs/temporal_registry.json;governance/LEAKAGE_SCENARIO_CATALOG.csv;tests/test_temporal_governance.py,W08 proves temporal contract/synthetic behavior only; materialized historical evidence remains owner-wave work.
REQ-313,A,ACTIVE,AC-077,PASS_W09_CONTRACT_OR_PENDING_OWNER_EVIDENCE,W09+,,governance/RAW_FIELD_REGISTRY.csv;configs/raw_feature_registry.json,W09 contract evidence; materialized/population/statistical evidence remains with owning later waves.
REQ-314,A,ACTIVE,AC-077,PASS_W09_CONTRACT_OR_PENDING_OWNER_EVIDENCE,W09+,,governance/RAW_FIELD_REGISTRY.csv;configs/raw_feature_registry.json,W09 contract evidence; materialized/population/statistical evidence remains with owning later waves.
REQ-315,A,ACTIVE,AC-077,PASS_W09_CONTRACT_OR_PENDING_OWNER_EVIDENCE,W09+,,governance/RAW_FIELD_REGISTRY.csv;configs/raw_feature_registry.json,W09 contract evidence; materialized/population/statistical evidence remains with owning later waves.
REQ-316,A,ACTIVE,AC-077,PASS_W09_CONTRACT_OR_PENDING_OWNER_EVIDENCE,W09-W19,,governance/RAW_FIELD_REGISTRY.csv;configs/raw_feature_registry.json,W09 contract evidence; materialized/population/statistical evidence remains with owning later waves.
REQ-317,A,ACTIVE,AC-078,PASS_W09_CONTRACT_OR_PENDING_OWNER_EVIDENCE,W09+,,governance/RAW_FIELD_REGISTRY.csv;configs/raw_feature_registry.json,W09 contract evidence; materialized/population/statistical evidence remains with owning later waves.
REQ-318,A,ACTIVE,AC-078,PASS_W09_CONTRACT_OR_PENDING_OWNER_EVIDENCE,W09+,,governance/RAW_FIELD_REGISTRY.csv;configs/raw_feature_registry.json,W09 contract evidence; materialized/population/statistical evidence remains with owning later waves.
REQ-319,A,ACTIVE,AC-078,PASS_W09_CONTRACT_OR_PENDING_OWNER_EVIDENCE,W09+,,governance/RAW_FIELD_REGISTRY.csv;configs/raw_feature_registry.json,W09 contract evidence; materialized/population/statistical evidence remains with owning later waves.
REQ-320,A,ACTIVE,AC-078,PASS_W09_CONTRACT_OR_PENDING_OWNER_EVIDENCE,W09+,,governance/RAW_FIELD_REGISTRY.csv;configs/raw_feature_registry.json,W09 contract evidence; materialized/population/statistical evidence remains with owning later waves.
REQ-321,A,ACTIVE,AC-079,PASS_W09_CONTRACT_OR_PENDING_OWNER_EVIDENCE,W09+,,governance/RAW_FIELD_REGISTRY.csv;configs/raw_feature_registry.json,W09 contract evidence; materialized/population/statistical evidence remains with owning later waves.
REQ-322,B,DEFAULT,AC-079,PASS_W09_CONTRACT_OR_PENDING_OWNER_EVIDENCE,W09-W19,,governance/RAW_FIELD_REGISTRY.csv;configs/raw_feature_registry.json,W09 contract evidence; materialized/population/statistical evidence remains with owning later waves.
REQ-323,A,ACTIVE,AC-079,PASS_W09_CONTRACT_OR_PENDING_OWNER_EVIDENCE,W09+,,governance/RAW_FIELD_REGISTRY.csv;configs/raw_feature_registry.json,W09 contract evidence; materialized/population/statistical evidence remains with owning later waves.
REQ-324,A,ACTIVE,AC-079,PASS_W09_CONTRACT_OR_PENDING_OWNER_EVIDENCE,W09-W19,,governance/RAW_FIELD_REGISTRY.csv;configs/raw_feature_registry.json,W09 contract evidence; materialized/population/statistical evidence remains with owning later waves.
REQ-325,A,ACTIVE,AC-081,PASS_W09_CONTRACT_OR_PENDING_OWNER_EVIDENCE,W09+,,governance/RAW_FIELD_REGISTRY.csv;configs/raw_feature_registry.json,W09 contract evidence; materialized/population/statistical evidence remains with owning later waves.
REQ-326,A,ACTIVE,AC-081,PASS_W09_CONTRACT_OR_PENDING_OWNER_EVIDENCE,W09+,,governance/RAW_FIELD_REGISTRY.csv;configs/raw_feature_registry.json,W09 contract evidence; materialized/population/statistical evidence remains with owning later waves.
REQ-327,A,ACTIVE,AC-082,PASS_W09_CONTRACT_OR_PENDING_OWNER_EVIDENCE,W09+,,governance/RAW_FIELD_REGISTRY.csv;configs/raw_feature_registry.json,W09 contract evidence; materialized/population/statistical evidence remains with owning later waves.
REQ-328,A,ACTIVE,AC-082,PASS_W09_CONTRACT_OR_PENDING_OWNER_EVIDENCE,W09+,,governance/RAW_FIELD_REGISTRY.csv;configs/raw_feature_registry.json,W09 contract evidence; materialized/population/statistical evidence remains with owning later waves.
REQ-329,A,ACTIVE,AC-081,PASS_W09_CONTRACT_OR_PENDING_OWNER_EVIDENCE,W09+,,configs/feature_lifecycle_registry.json;governance/FEATURE_*;tools/validate_feature_lifecycle.py,W09 contract evidence; materialized/population/statistical evidence remains with owning later waves.
REQ-330,A,ACTIVE,AC-083,PASS_W09_CONTRACT_OR_PENDING_OWNER_EVIDENCE,W09-W10,,governance/RAW_FIELD_REGISTRY.csv;configs/raw_feature_registry.json,W09 contract evidence; materialized/population/statistical evidence remains with owning later waves.
REQ-331,A,ACTIVE,AC-083,PASS_W09_CONTRACT_OR_PENDING_OWNER_EVIDENCE,W09-W10,,governance/RAW_FIELD_REGISTRY.csv;configs/raw_feature_registry.json,W09 contract evidence; materialized/population/statistical evidence remains with owning later waves.
REQ-332,A,ACTIVE,AC-083,PASS_W09_CONTRACT_OR_PENDING_OWNER_EVIDENCE,W09-W10,,governance/RAW_FIELD_REGISTRY.csv;configs/raw_feature_registry.json,W09 contract evidence; materialized/population/statistical evidence remains with owning later waves.
REQ-333,A,ACTIVE,AC-083,PASS_W09_CONTRACT_OR_PENDING_OWNER_EVIDENCE,W09-W10,,governance/RAW_FIELD_REGISTRY.csv;configs/raw_feature_registry.json,W09 contract evidence; materialized/population/statistical evidence remains with owning later waves.
REQ-334,A,ACTIVE,AC-083,PASS_W09_CONTRACT_OR_PENDING_OWNER_EVIDENCE,W09-W10,,governance/RAW_FIELD_REGISTRY.csv;configs/raw_feature_registry.json,W09 contract evidence; materialized/population/statistical evidence remains with owning later waves.
REQ-335,A,ACTIVE,AC-083,PASS_W09_CONTRACT_OR_PENDING_OWNER_EVIDENCE,W09-W10,,governance/RAW_FIELD_REGISTRY.csv;configs/raw_feature_registry.json,W09 contract evidence; materialized/population/statistical evidence remains with owning later waves.
REQ-336,A,ACTIVE,AC-082,PASS_W09_CONTRACT_OR_PENDING_OWNER_EVIDENCE,W09-W10,,configs/feature_lifecycle_registry.json;governance/FEATURE_*;tools/validate_feature_lifecycle.py,W09 contract evidence; materialized/population/statistical evidence remains with owning later waves.
REQ-337,A,ACTIVE,AC-084,PASS_W09_CONTRACT_OR_PENDING_OWNER_EVIDENCE,W09+,,governance/RAW_FIELD_REGISTRY.csv;configs/raw_feature_registry.json,W09 contract evidence; materialized/population/statistical evidence remains with owning later waves.
REQ-338,A,ACTIVE,AC-083,PASS_W09_CONTRACT_OR_PENDING_OWNER_EVIDENCE,W09-W10,,governance/RAW_FIELD_REGISTRY.csv;configs/raw_feature_registry.json,W09 contract evidence; materialized/population/statistical evidence remains with owning later waves.
REQ-339,A,ACTIVE,AC-083,PASS_W09_CONTRACT_OR_PENDING_OWNER_EVIDENCE,W09+,,governance/RAW_FIELD_REGISTRY.csv;configs/raw_feature_registry.json,W09 contract evidence; materialized/population/statistical evidence remains with owning later waves.
REQ-340,A,ACTIVE,AC-083,PASS_W09_CONTRACT_OR_PENDING_OWNER_EVIDENCE,W09+,,configs/feature_lifecycle_registry.json;governance/FEATURE_*;tools/validate_feature_lifecycle.py,W09 contract evidence; materialized/population/statistical evidence remains with owning later waves.
REQ-341,A,ACTIVE,AC-085,CONTRACT_VERIFIED_W10_EMPIRICAL_PENDING,W10+,,configs/feature_lifecycle_registry.json;governance/FEATURE_*,W10 contract/synthetic evidence; real-data promotion evidence remains owning-wave work.
REQ-342,A,ACTIVE,AC-086,CONTRACT_VERIFIED_W10_EMPIRICAL_PENDING,W10+,,configs/feature_lifecycle_registry.json;governance/FEATURE_*,W10 contract/synthetic evidence; real-data promotion evidence remains owning-wave work.
REQ-343,A,ACTIVE,AC-085;AC-090,CONTRACT_VERIFIED_W10_EMPIRICAL_PENDING,W10+,,configs/feature_lifecycle_registry.json;governance/FEATURE_*,W10 contract/synthetic evidence; real-data promotion evidence remains owning-wave work.
REQ-344,C,RESEARCH,AC-087,EXPERIMENT_REQUIRED_NONBLOCKING_UNTIL_PROMOTION,W10-W17,,configs/feature_lifecycle_registry.json;governance/FEATURE_*,W10 contract/synthetic evidence; real-data promotion evidence remains owning-wave work.
REQ-345,A,ACTIVE,AC-087,CONTRACT_VERIFIED_W10_EMPIRICAL_PENDING,W10-W19,,configs/feature_lifecycle_registry.json;governance/FEATURE_*,W10 contract/synthetic evidence; real-data promotion evidence remains owning-wave work.
REQ-346,A,ACTIVE,AC-087,CONTRACT_VERIFIED_W10_EMPIRICAL_PENDING,W10-W17,,configs/feature_lifecycle_registry.json;governance/FEATURE_*,W10 contract/synthetic evidence; real-data promotion evidence remains owning-wave work.
REQ-347,A,ACTIVE,AC-087,CONTRACT_VERIFIED_W10_EMPIRICAL_PENDING,W10-W17,,configs/feature_lifecycle_registry.json;governance/FEATURE_*,W10 contract/synthetic evidence; real-data promotion evidence remains owning-wave work.
REQ-348,A,ACTIVE,AC-087,CONTRACT_VERIFIED_W10_EMPIRICAL_PENDING,W10-W17,,configs/feature_lifecycle_registry.json;governance/FEATURE_*,W10 contract/synthetic evidence; real-data promotion evidence remains owning-wave work.
REQ-349,A,ACTIVE,AC-087,CONTRACT_VERIFIED_W10_EMPIRICAL_PENDING,W10-W17,,configs/feature_lifecycle_registry.json;governance/FEATURE_*,W10 contract/synthetic evidence; real-data promotion evidence remains owning-wave work.
REQ-350,A,ACTIVE,AC-088,CONTRACT_VERIFIED_W10_EMPIRICAL_PENDING,W10-W17,THR-007,configs/feature_lifecycle_registry.json;governance/FEATURE_*,W10 contract/synthetic evidence; real-data promotion evidence remains owning-wave work.
REQ-351,A,ACTIVE,AC-088,CONTRACT_VERIFIED_W10_EMPIRICAL_PENDING,W10-W17,THR-007,configs/feature_lifecycle_registry.json;governance/FEATURE_*,W10 contract/synthetic evidence; real-data promotion evidence remains owning-wave work.
REQ-352,A,ACTIVE,AC-088,CONTRACT_VERIFIED_W10_EMPIRICAL_PENDING,W10-W17,THR-007,configs/feature_lifecycle_registry.json;governance/FEATURE_*,W10 contract/synthetic evidence; real-data promotion evidence remains owning-wave work.
REQ-353,A,ACTIVE,AC-089,CONTRACT_VERIFIED_W10_EMPIRICAL_PENDING,W10+,THR-007,configs/feature_lifecycle_registry.json;governance/FEATURE_*,W10 contract/synthetic evidence; real-data promotion evidence remains owning-wave work.
REQ-354,A,ACTIVE,AC-091,CONTRACT_VERIFIED_W10_EMPIRICAL_PENDING,W10+,,configs/feature_lifecycle_registry.json;governance/FEATURE_*,W10 contract/synthetic evidence; real-data promotion evidence remains owning-wave work.
REQ-355,A,ACTIVE,AC-090,CONTRACT_VERIFIED_W10_EMPIRICAL_PENDING,W10+,,configs/feature_lifecycle_registry.json;governance/FEATURE_*,W10 contract/synthetic evidence; real-data promotion evidence remains owning-wave work.
REQ-356,A,ACTIVE,AC-090,CONTRACT_VERIFIED_W10_EMPIRICAL_PENDING,W10+,,configs/feature_lifecycle_registry.json;governance/FEATURE_*,W10 contract/synthetic evidence; real-data promotion evidence remains owning-wave work.
REQ-357,A,ACTIVE,AC-090,CONTRACT_VERIFIED_W10_EMPIRICAL_PENDING,W10+,,configs/feature_lifecycle_registry.json;governance/FEATURE_*,W10 contract/synthetic evidence; real-data promotion evidence remains owning-wave work.
REQ-358,A,ACTIVE,AC-088,CONTRACT_VERIFIED_W10_EMPIRICAL_PENDING,W10-W17,THR-007,configs/feature_lifecycle_registry.json;governance/FEATURE_*,W10 contract/synthetic evidence; real-data promotion evidence remains owning-wave work.
REQ-359,A,ACTIVE,AC-085;AC-090,CONTRACT_VERIFIED_W10_EMPIRICAL_PENDING,W10+,,configs/feature_lifecycle_registry.json;governance/FEATURE_*,W10 contract/synthetic evidence; real-data promotion evidence remains owning-wave work.
REQ-360,A,ACTIVE,AC-092,CURRENTLY_VERIFIED_W10,W10-W17,,configs/feature_lifecycle_registry.json;governance/FEATURE_*,W10 contract/synthetic evidence; real-data promotion evidence remains owning-wave work.
REQ-361,B,ACTIVE,AC-087,CONTRACT_VERIFIED_W10_EMPIRICAL_PENDING,W10-W17,,configs/feature_lifecycle_registry.json;governance/FEATURE_*,W10 contract/synthetic evidence; real-data promotion evidence remains owning-wave work.
REQ-362,A,ACTIVE,AC-087,CONTRACT_VERIFIED_W10_EMPIRICAL_PENDING,W10-W23,,configs/feature_lifecycle_registry.json;governance/FEATURE_*,W10 contract/synthetic evidence; real-data promotion evidence remains owning-wave work.
REQ-363,A,ACTIVE,AC-094,CURRENTLY_VERIFIED_W11_CONTRACT,W11+,,configs/team_state_registry.json;governance/TEAM_STATE_*;governance/HISTORICAL_WEIGHTING_CANDIDATES.csv,W11 contract/reference evidence; real chronological parameter selection remains W17/W19.
REQ-364,A,ACTIVE,AC-093,CURRENTLY_VERIFIED_W11_CONTRACT,W11+,,configs/team_state_registry.json;governance/TEAM_STATE_*;governance/HISTORICAL_WEIGHTING_CANDIDATES.csv,W11 contract/reference evidence; real chronological parameter selection remains W17/W19.
REQ-365,A,ACTIVE,AC-093,CONTRACT_VERIFIED_W11_EMPIRICAL_PENDING,W11+,,configs/team_state_registry.json;governance/TEAM_STATE_*;governance/HISTORICAL_WEIGHTING_CANDIDATES.csv,W11 contract/reference evidence; real chronological parameter selection remains W17/W19.
REQ-366,A,ACTIVE,AC-093,CURRENTLY_VERIFIED_W11_CONTRACT,W11-W12,,configs/team_state_registry.json;governance/TEAM_STATE_*;governance/HISTORICAL_WEIGHTING_CANDIDATES.csv,W11 contract/reference evidence; real chronological parameter selection remains W17/W19.
REQ-367,B,DEFAULT,AC-095,CONTRACT_VERIFIED_W11_EMPIRICAL_PENDING,W11-W17,,configs/team_state_registry.json;governance/TEAM_STATE_*;governance/HISTORICAL_WEIGHTING_CANDIDATES.csv,W11 contract/reference evidence; real chronological parameter selection remains W17/W19.
REQ-368,A,ACTIVE,AC-095;AC-011,CONTRACT_VERIFIED_W11_EMPIRICAL_PENDING,W11+,,configs/team_state_registry.json;governance/TEAM_STATE_*;governance/HISTORICAL_WEIGHTING_CANDIDATES.csv,W11 contract/reference evidence; real chronological parameter selection remains W17/W19.
REQ-369,A,ACTIVE,AC-095;AC-100,CONTRACT_VERIFIED_W11_EMPIRICAL_PENDING,W17-W19,,configs/team_state_registry.json;governance/TEAM_STATE_*;governance/HISTORICAL_WEIGHTING_CANDIDATES.csv,W11 contract/reference evidence; real chronological parameter selection remains W17/W19.
REQ-370,B,DEFAULT,AC-095;AC-100,CONTRACT_VERIFIED_W11_EMPIRICAL_PENDING,W11-W17,,configs/team_state_registry.json;governance/TEAM_STATE_*;governance/HISTORICAL_WEIGHTING_CANDIDATES.csv,W11 contract/reference evidence; real chronological parameter selection remains W17/W19.
REQ-371,B,DEFAULT,AC-095,CONTRACT_VERIFIED_W11_EMPIRICAL_PENDING,W11-W17,,configs/team_state_registry.json;governance/TEAM_STATE_*;governance/HISTORICAL_WEIGHTING_CANDIDATES.csv,W11 contract/reference evidence; real chronological parameter selection remains W17/W19.
REQ-372,A,ACTIVE,AC-096,CONTRACT_VERIFIED_W11_EMPIRICAL_PENDING,W11+,,configs/team_state_registry.json;governance/TEAM_STATE_*;governance/HISTORICAL_WEIGHTING_CANDIDATES.csv,W11 contract/reference evidence; real chronological parameter selection remains W17/W19.
REQ-373,C,RESEARCH,AC-096,EXPERIMENT_REQUIRED_NONBLOCKING_UNTIL_PROMOTION,W11-W17,,configs/team_state_registry.json;governance/TEAM_STATE_*;governance/HISTORICAL_WEIGHTING_CANDIDATES.csv,W11 contract/reference evidence; real chronological parameter selection remains W17/W19.
REQ-374,B,DEFAULT,AC-096;AC-097,CONTRACT_VERIFIED_W11_EMPIRICAL_PENDING,W11-W17,,configs/team_state_registry.json;governance/TEAM_STATE_*;governance/HISTORICAL_WEIGHTING_CANDIDATES.csv,W11 contract/reference evidence; real chronological parameter selection remains W17/W19.
REQ-375,A,ACTIVE,AC-097,CONTRACT_VERIFIED_W11_EMPIRICAL_PENDING,W11+,,configs/team_state_registry.json;governance/TEAM_STATE_*;governance/HISTORICAL_WEIGHTING_CANDIDATES.csv,W11 contract/reference evidence; real chronological parameter selection remains W17/W19.
REQ-376,A,ACTIVE,AC-097,CURRENTLY_VERIFIED_W11_CONTRACT,W11+,,configs/team_state_registry.json;governance/TEAM_STATE_*;governance/HISTORICAL_WEIGHTING_CANDIDATES.csv,W11 contract/reference evidence; real chronological parameter selection remains W17/W19.
REQ-377,B,DEFAULT,AC-097,CONTRACT_VERIFIED_W11_EMPIRICAL_PENDING,W11-W17,,configs/team_state_registry.json;governance/TEAM_STATE_*;governance/HISTORICAL_WEIGHTING_CANDIDATES.csv,W11 contract/reference evidence; real chronological parameter selection remains W17/W19.
REQ-378,A,ACTIVE,AC-099,CONTRACT_VERIFIED_W11_EMPIRICAL_PENDING,W11+,,configs/team_state_registry.json;governance/TEAM_STATE_*;governance/HISTORICAL_WEIGHTING_CANDIDATES.csv,W11 contract/reference evidence; real chronological parameter selection remains W17/W19.
REQ-379,A,ACTIVE,AC-098;AC-099,CONTRACT_VERIFIED_W11_EMPIRICAL_PENDING,W11+,,configs/team_state_registry.json;governance/TEAM_STATE_*;governance/HISTORICAL_WEIGHTING_CANDIDATES.csv,W11 contract/reference evidence; real chronological parameter selection remains W17/W19.
REQ-380,B,DEFAULT,AC-098,CONTRACT_VERIFIED_W11_EMPIRICAL_PENDING,W11+,,configs/team_state_registry.json;governance/TEAM_STATE_*;governance/HISTORICAL_WEIGHTING_CANDIDATES.csv,W11 contract/reference evidence; real chronological parameter selection remains W17/W19.
REQ-381,B,DEFAULT,AC-098,CONTRACT_VERIFIED_W11_EMPIRICAL_PENDING,W11+,,configs/team_state_registry.json;governance/TEAM_STATE_*;governance/HISTORICAL_WEIGHTING_CANDIDATES.csv,W11 contract/reference evidence; real chronological parameter selection remains W17/W19.
REQ-382,A,ACTIVE,AC-098,CURRENTLY_VERIFIED_W11_CONTRACT,W11+,,configs/team_state_registry.json;governance/TEAM_STATE_*;governance/HISTORICAL_WEIGHTING_CANDIDATES.csv,W11 contract/reference evidence; real chronological parameter selection remains W17/W19.
REQ-383,A,ACTIVE,AC-099,CONTRACT_VERIFIED_W11_EMPIRICAL_PENDING,W11-W17,,configs/team_state_registry.json;governance/TEAM_STATE_*;governance/HISTORICAL_WEIGHTING_CANDIDATES.csv,W11 contract/reference evidence; real chronological parameter selection remains W17/W19.
REQ-384,A,ACTIVE,AC-099,CONTRACT_VERIFIED_W11_EMPIRICAL_PENDING,W11+,,configs/team_state_registry.json;governance/TEAM_STATE_*;governance/HISTORICAL_WEIGHTING_CANDIDATES.csv,W11 contract/reference evidence; real chronological parameter selection remains W17/W19.
REQ-385,A,ACTIVE,AC-099;AC-100,CONTRACT_VERIFIED_W11_EMPIRICAL_PENDING,W11-W16,,configs/team_state_registry.json;governance/TEAM_STATE_*;governance/HISTORICAL_WEIGHTING_CANDIDATES.csv,W11 contract/reference evidence; real chronological parameter selection remains W17/W19.
REQ-386,A,ACTIVE,AC-099,CONTRACT_VERIFIED_W11_EMPIRICAL_PENDING,W11-W16,,configs/team_state_registry.json;governance/TEAM_STATE_*;governance/HISTORICAL_WEIGHTING_CANDIDATES.csv,W11 contract/reference evidence; real chronological parameter selection remains W17/W19.
REQ-387,A,ACTIVE,AC-100,CONTRACT_VERIFIED_W11_EMPIRICAL_PENDING,W11-W19,,configs/team_state_registry.json;governance/TEAM_STATE_*;governance/HISTORICAL_WEIGHTING_CANDIDATES.csv,W11 contract/reference evidence; real chronological parameter selection remains W17/W19.
REQ-388,A,ACTIVE,AC-101,CURRENTLY_VERIFIED_W11_CONTRACT,W11,,configs/team_state_registry.json;governance/TEAM_STATE_*;governance/HISTORICAL_WEIGHTING_CANDIDATES.csv,W11 contract/reference evidence; real chronological parameter selection remains W17/W19.
REQ-389,A,ACTIVE,AC-102,CURRENTLY_VERIFIED_W12_CONTRACT,W12,,governance/ROSTER_DEPTH_STATE_CONTRACTS.csv;schemas/players/player_state.json,W12 contract/reference evidence only; no empirical predictive promotion.
REQ-390,A,ACTIVE,AC-102,CURRENTLY_VERIFIED_W12_CONTRACT,W12,,governance/ROSTER_DEPTH_STATE_CONTRACTS.csv;schemas/players/player_state.json,W12 contract/reference evidence only; no empirical predictive promotion.
REQ-391,A,ACTIVE,AC-102,CURRENTLY_VERIFIED_W12_CONTRACT,W12,,governance/ROSTER_DEPTH_STATE_CONTRACTS.csv,W12 contract/reference evidence only; no empirical predictive promotion.
REQ-392,A,ACTIVE,AC-102,CURRENTLY_VERIFIED_W12_CONTRACT,W12,,governance/ROSTER_DEPTH_STATE_CONTRACTS.csv;tools/validate_player_intelligence.py,W12 contract/reference evidence only; no empirical predictive promotion.
REQ-393,A,ACTIVE,AC-102,CURRENTLY_VERIFIED_W12_CONTRACT,W12,,governance/PLAYER_STATE_COMPONENTS.csv;governance/REPLACEMENT_VALUE_CONTRACTS.csv,W12 contract/reference evidence only; no empirical predictive promotion.
REQ-394,A,ACTIVE,AC-103,CURRENTLY_VERIFIED_W12_CONTRACT,W12,,governance/PLAYER_VALUE_EVIDENCE_CATALOG.csv;schemas/players/player_value_estimate.json,W12 contract/reference evidence only; no empirical predictive promotion.
REQ-395,A,ACTIVE,AC-103,CURRENTLY_VERIFIED_W12_CONTRACT,W12,,configs/player_intelligence_registry.json;governance/PLAYER_VALUE_EVIDENCE_CATALOG.csv,W12 contract/reference evidence only; no empirical predictive promotion.
REQ-396,A,ACTIVE,AC-104,CURRENTLY_VERIFIED_W12_CONTRACT,W12,,governance/AVAILABILITY_STATE_CONTRACT.csv;schemas/players/availability_state.json,W12 contract/reference evidence only; no empirical predictive promotion.
REQ-397,A,ACTIVE,AC-104,CURRENTLY_VERIFIED_W12_CONTRACT,W12,,governance/AVAILABILITY_STATE_CONTRACT.csv,W12 contract/reference evidence only; no empirical predictive promotion.
REQ-398,A,ACTIVE,AC-104,CURRENTLY_VERIFIED_W12_CONTRACT,W12,,configs/player_intelligence_registry.json,W12 contract/reference evidence only; no empirical predictive promotion.
REQ-399,A,ACTIVE,AC-106,CURRENTLY_VERIFIED_W12_CONTRACT,W12,,governance/AVAILABILITY_EVIDENCE_CONFIDENCE.csv,W12 contract/reference evidence only; no empirical predictive promotion.
REQ-400,A,ACTIVE,AC-106;AC-110,CURRENTLY_VERIFIED_W12_CONTRACT,W12,,governance/AVAILABILITY_EVIDENCE_CONFIDENCE.csv;governance/AVAILABILITY_SOURCE_LANE.csv,W12 contract/reference evidence only; no empirical predictive promotion.
REQ-401,A,ACTIVE,AC-105,CURRENTLY_VERIFIED_W12_CONTRACT,W12,,governance/REPLACEMENT_VALUE_CONTRACTS.csv;schemas/players/replacement_state.json,W12 contract/reference evidence only; no empirical predictive promotion.
REQ-402,A,ACTIVE,AC-105,CURRENTLY_VERIFIED_W12_CONTRACT,W12,,governance/REPLACEMENT_VALUE_CONTRACTS.csv,W12 contract/reference evidence only; no empirical predictive promotion.
REQ-403,A,ACTIVE,AC-105,CURRENTLY_VERIFIED_W12_CONTRACT,W12,,docs/35_PLAYER_VALUE_REPLACEMENT_AND_AVAILABILITY.md,W12 contract/reference evidence only; no empirical predictive promotion.
REQ-404,A,ACTIVE,AC-105,CURRENTLY_VERIFIED_W12_CONTRACT,W12,,docs/39_PLAYER_INTELLIGENCE_GATE_AND_HANDOFF.md,W12 contract/reference evidence only; no empirical predictive promotion.
REQ-405,A,ACTIVE,AC-107,CURRENTLY_VERIFIED_W12_CONTRACT,W12,,governance/RECRUITING_PROSPECT_PRIOR_CATALOG.csv;schemas/players/prospect_prior.json,W12 contract/reference evidence only; no empirical predictive promotion.
REQ-406,A,ACTIVE,AC-107,CURRENTLY_VERIFIED_W12_CONTRACT,W12,,governance/TRANSFER_FRESHMAN_UNCERTAINTY_CATALOG.csv,W12 contract/reference evidence only; no empirical predictive promotion.
REQ-407,A,ACTIVE,AC-108,CURRENTLY_VERIFIED_W12_CONTRACT,W12,,governance/TRANSFER_EPISODE_CONTRACTS.csv;schemas/players/transfer_episode.json,W12 contract/reference evidence only; no empirical predictive promotion.
REQ-408,A,ACTIVE,AC-108;AC-111,CURRENTLY_VERIFIED_W12_CONTRACT,W12,,governance/TRANSFER_EPISODE_CONTRACTS.csv;governance/TRANSFER_RECRUITING_PROVENANCE_AUDIT.csv,W12 contract/reference evidence only; no empirical predictive promotion.
REQ-409,A,ACTIVE,AC-108,CURRENTLY_VERIFIED_W12_CONTRACT,W12,,governance/TRANSFER_TRANSLATION_EXPERIMENT_PLAN.csv,W12 contract/reference evidence only; no empirical predictive promotion.
REQ-410,A,ACTIVE,AC-108,CURRENTLY_VERIFIED_W12_CONTRACT,W12,,governance/TRANSFER_TRANSLATION_EXPERIMENT_PLAN.csv;src/aggie_analytics/player_intelligence/transfer.py,W12 contract/reference evidence only; no empirical predictive promotion.
REQ-411,B,DEFAULT,AC-108,CURRENTLY_VERIFIED_W12_CONTRACT,W12,,governance/TRANSFER_TRANSLATION_EXPERIMENT_PLAN.csv,W12 contract/reference evidence only; no empirical predictive promotion.
REQ-412,A,ACTIVE,AC-108,CURRENTLY_VERIFIED_W12_CONTRACT,W12,,governance/TRANSFER_TRANSLATION_EXPERIMENT_PLAN.csv;governance/TRANSFER_FRESHMAN_UNCERTAINTY_CATALOG.csv,W12 contract/reference evidence only; no empirical predictive promotion.
REQ-413,B,DEFAULT,AC-109,CURRENTLY_VERIFIED_W12_CONTRACT,W12,,governance/PRESEASON_HONOR_CANDIDATE_CONTRACTS.csv,W12 contract/reference evidence only; no empirical predictive promotion.
REQ-414,A,ACTIVE,AC-109,CURRENTLY_VERIFIED_W12_CONTRACT,W12,,governance/PRESEASON_HONOR_CANDIDATE_CONTRACTS.csv,W12 contract/reference evidence only; no empirical predictive promotion.
REQ-415,A,ACTIVE,AC-109,CURRENTLY_VERIFIED_W12_CONTRACT,W12,,governance/DRAFT_DEVELOPMENT_CANDIDATE_CONTRACTS.csv,W12 contract/reference evidence only; no empirical predictive promotion.
REQ-416,B,DEFAULT,AC-109,CURRENTLY_VERIFIED_W12_CONTRACT,W12,,governance/DRAFT_DEVELOPMENT_CANDIDATE_CONTRACTS.csv,W12 contract/reference evidence only; no empirical predictive promotion.
REQ-417,A,ACTIVE,AC-110,CURRENTLY_VERIFIED_W12_CONTRACT,W12,,governance/AVAILABILITY_SOURCE_LANE.csv,W12 contract/reference evidence only; no empirical predictive promotion.
REQ-418,A,ACTIVE,AC-110,CURRENTLY_VERIFIED_W12_CONTRACT,W12,,governance/AVAILABILITY_SOURCE_LANE.csv,W12 contract/reference evidence only; no empirical predictive promotion.
REQ-419,A,ACTIVE,AC-111,CURRENTLY_VERIFIED_W12_CONTRACT,W12,,governance/DATASET_SCHEMA_REGISTRY.csv;governance/TRANSFER_RECRUITING_PROVENANCE_AUDIT.csv,W12 contract/reference evidence only; no empirical predictive promotion.
REQ-420,C,RESEARCH,AC-112,EXPERIMENT_REQUIRED_NONBLOCKING_UNTIL_PROMOTION,W17,,governance/PLAYER_INTELLIGENCE_GATE_STATUS.csv,Level-C hypothesis remains nonblocking until protected empirical promotion.
REQ-421,C,RESEARCH,AC-112,EXPERIMENT_REQUIRED_NONBLOCKING_UNTIL_PROMOTION,W17,,governance/PLAYER_INTELLIGENCE_GATE_STATUS.csv,Level-C hypothesis remains nonblocking until protected empirical promotion.
REQ-422,A,ACTIVE,AC-113,PASS_W13_CONTRACT,W13,,W13 context/coaching/mechanics registries + validator,
REQ-423,A,ACTIVE,AC-113,PASS_W13_CONTRACT,W13,,W13 context/coaching/mechanics registries + validator,
REQ-424,B,DEFAULT,AC-114,DEFINED_W13_PENDING_EMPIRICAL,W13,,W13 context/coaching/mechanics registries + validator,No empirical effect/feature promotion implied.
REQ-425,B,DEFAULT,AC-114,DEFINED_W13_PENDING_EMPIRICAL,W13,,W13 context/coaching/mechanics registries + validator,No empirical effect/feature promotion implied.
REQ-426,A,ACTIVE,AC-114,PASS_W13_CONTRACT,W13,,W13 context/coaching/mechanics registries + validator,
REQ-427,A,ACTIVE,AC-115,PASS_W13_CONTRACT,W13,,W13 context/coaching/mechanics registries + validator,
REQ-428,A,ACTIVE,AC-115,PASS_W13_CONTRACT,W13,,W13 context/coaching/mechanics registries + validator,
REQ-429,C,RESEARCH,AC-114,EXPERIMENT_REQUIRED_NONBLOCKING_UNTIL_PROMOTION,W13,,W13 context/coaching/mechanics registries + validator,No empirical effect/feature promotion implied.
REQ-430,C,RESEARCH,AC-114,EXPERIMENT_REQUIRED_NONBLOCKING_UNTIL_PROMOTION,W13,,W13 context/coaching/mechanics registries + validator,No empirical effect/feature promotion implied.
REQ-431,A,ACTIVE,AC-114,PASS_W13_CONTRACT,W13,,W13 context/coaching/mechanics registries + validator,
REQ-432,A,ACTIVE,AC-116,PASS_W13_CONTRACT,W13,,W13 context/coaching/mechanics registries + validator,
REQ-433,A,ACTIVE,AC-116,PASS_W13_CONTRACT,W13,,W13 context/coaching/mechanics registries + validator,
REQ-434,B,DEFAULT,AC-116,DEFINED_W13_PENDING_EMPIRICAL,W13,,W13 context/coaching/mechanics registries + validator,No empirical effect/feature promotion implied.
REQ-435,A,ACTIVE,AC-117,PASS_W13_CONTRACT,W13,,W13 context/coaching/mechanics registries + validator,
REQ-436,A,ACTIVE,AC-117,PASS_W13_CONTRACT,W13,,W13 context/coaching/mechanics registries + validator,
REQ-437,B,DEFAULT,AC-118,DEFINED_W13_PENDING_EMPIRICAL,W13,,W13 context/coaching/mechanics registries + validator,No empirical effect/feature promotion implied.
REQ-438,A,ACTIVE,AC-118,PASS_W13_CONTRACT,W13,,W13 context/coaching/mechanics registries + validator,
REQ-439,A,ACTIVE,AC-123,PASS_W13_CONTRACT,W13,,W13 context/coaching/mechanics registries + validator,
REQ-440,A,ACTIVE,AC-119,PASS_W13_CONTRACT,W13,,W13 context/coaching/mechanics registries + validator,
REQ-441,A,ACTIVE,AC-119,PASS_W13_CONTRACT,W13,,W13 context/coaching/mechanics registries + validator,
REQ-442,A,ACTIVE,AC-120,PASS_W13_CONTRACT,W13,,W13 context/coaching/mechanics registries + validator,
REQ-443,B,DEFAULT,AC-120,DEFINED_W13_PENDING_EMPIRICAL,W13,,W13 context/coaching/mechanics registries + validator,No empirical effect/feature promotion implied.
REQ-444,A,ACTIVE,AC-120,PASS_W13_CONTRACT,W13,,W13 context/coaching/mechanics registries + validator,
REQ-445,B,DEFAULT,AC-120,DEFINED_W13_PENDING_EMPIRICAL,W13,,W13 context/coaching/mechanics registries + validator,No empirical effect/feature promotion implied.
REQ-446,C,RESEARCH,AC-120,EXPERIMENT_REQUIRED_NONBLOCKING_UNTIL_PROMOTION,W13,,W13 context/coaching/mechanics registries + validator,No empirical effect/feature promotion implied.
REQ-447,A,ACTIVE,AC-121,PASS_W13_CONTRACT,W13,,W13 context/coaching/mechanics registries + validator,
REQ-448,B,DEFAULT,AC-120,DEFINED_W13_PENDING_EMPIRICAL,W13,,W13 context/coaching/mechanics registries + validator,No empirical effect/feature promotion implied.
REQ-449,C,RESEARCH,AC-121,EXPERIMENT_REQUIRED_NONBLOCKING_UNTIL_PROMOTION,W13,,W13 context/coaching/mechanics registries + validator,No empirical effect/feature promotion implied.
REQ-450,A,ACTIVE,AC-122,PASS_W13_CONTRACT,W13,,W13 context/coaching/mechanics registries + validator,
REQ-451,C,RESEARCH,AC-122,EXPERIMENT_REQUIRED_NONBLOCKING_UNTIL_PROMOTION,W13,,W13 context/coaching/mechanics registries + validator,No empirical effect/feature promotion implied.
REQ-452,A,ACTIVE,AC-123,PASS_W13_CONTRACT,W13,,W13 context/coaching/mechanics registries + validator,
REQ-453,A,ACTIVE,AC-123,PASS_W13_CONTRACT,W13,,W13 context/coaching/mechanics registries + validator,
REQ-454,A,ACTIVE,AC-124,PASS_W13_CONTRACT,W13,,W13 context/coaching/mechanics registries + validator,
REQ-455,A,ACTIVE,AC-124,PASS_W13_CONTRACT,W13,,W13 context/coaching/mechanics registries + validator,
REQ-456,A,ACTIVE,AC-125,PASS_W13_CONTRACT,W13,,W13 context/coaching/mechanics registries + validator,
REQ-457,A,ACTIVE,AC-125,PASS_W13_CONTRACT,W13,,W13 context/coaching/mechanics registries + validator,
REQ-458,A,ACTIVE,AC-125,PASS_W13_CONTRACT,W13,,W13 context/coaching/mechanics registries + validator,
REQ-459,A,ACTIVE,AC-117,PASS_W13_CONTRACT,W13,,W13 context/coaching/mechanics registries + validator,
REQ-460,A,ACTIVE,AC-116,PASS_W13_CONTRACT,W13,,W13 context/coaching/mechanics registries + validator,
REQ-461,A,ACTIVE,AC-126,PASS_W13_CONTRACT,W13,,W13 context/coaching/mechanics registries + validator,
REQ-462,A,ACTIVE,AC-127,PASS_W14_CONTRACT,W14,,W14 A&M specialization registries + validator,Empirical selection deferred to W16/W17 where applicable.
REQ-463,A,ACTIVE,AC-127;AC-133,PASS_W14_CONTRACT,W14,,W14 A&M specialization registries + validator,Empirical selection deferred to W16/W17 where applicable.
REQ-464,A,ACTIVE,AC-128,PASS_W14_CONTRACT,W14,,W14 A&M specialization registries + validator,Empirical selection deferred to W16/W17 where applicable.
REQ-465,B,DEFAULT,AC-129,PASS_W14_CONTRACT,W14,,W14 A&M specialization registries + validator,Empirical selection deferred to W16/W17 where applicable.
REQ-466,A,ACTIVE,AC-129,PASS_W14_CONTRACT,W14,,W14 A&M specialization registries + validator,Empirical selection deferred to W16/W17 where applicable.
REQ-467,A,ACTIVE,AC-129,PASS_W14_CONTRACT,W14,,W14 A&M specialization registries + validator,Empirical selection deferred to W16/W17 where applicable.
REQ-468,A,ACTIVE,AC-129,PASS_W14_CONTRACT,W14,,W14 A&M specialization registries + validator,Empirical selection deferred to W16/W17 where applicable.
REQ-469,B,DEFAULT,AC-130,PASS_W14_CONTRACT,W14,,W14 A&M specialization registries + validator,Empirical selection deferred to W16/W17 where applicable.
REQ-470,A,ACTIVE,AC-130,PASS_W14_CONTRACT,W14,,W14 A&M specialization registries + validator,Empirical selection deferred to W16/W17 where applicable.
REQ-471,A,ACTIVE,AC-131,PASS_W14_CONTRACT,W14,,W14 A&M specialization registries + validator,Empirical selection deferred to W16/W17 where applicable.
REQ-472,A,ACTIVE,AC-132,PASS_W14_CONTRACT,W14,,W14 A&M specialization registries + validator,Empirical selection deferred to W16/W17 where applicable.
REQ-473,A,ACTIVE,AC-132,PASS_W14_CONTRACT,W14,,W14 A&M specialization registries + validator,Empirical selection deferred to W16/W17 where applicable.
REQ-474,A,ACTIVE,AC-133,PASS_W14_CONTRACT,W14,,W14 A&M specialization registries + validator,Empirical selection deferred to W16/W17 where applicable.
REQ-475,A,ACTIVE,AC-134;AC-135,PASS_W14_CONTRACT,W14,,W14 A&M specialization registries + validator,Empirical selection deferred to W16/W17 where applicable.
REQ-476,A,ACTIVE,AC-134,PASS_W14_CONTRACT,W14,,W14 A&M specialization registries + validator,Empirical selection deferred to W16/W17 where applicable.
REQ-477,C,RESEARCH,AC-135,EXPERIMENT_REQUIRED_NONBLOCKING_UNTIL_PROMOTION,W14-W17,THR-005,W14 A&M specialization registries + validator,Empirical selection deferred to W16/W17 where applicable.
REQ-478,C,RESEARCH,AC-135,EXPERIMENT_REQUIRED_NONBLOCKING_UNTIL_PROMOTION,W14-W17,THR-005,W14 A&M specialization registries + validator,Empirical selection deferred to W16/W17 where applicable.
REQ-479,C,RESEARCH,AC-135,EXPERIMENT_REQUIRED_NONBLOCKING_UNTIL_PROMOTION,W14-W17,THR-005,W14 A&M specialization registries + validator,Empirical selection deferred to W16/W17 where applicable.
REQ-480,A,ACTIVE,AC-134,PASS_W14_CONTRACT,W14,,W14 A&M specialization registries + validator,Empirical selection deferred to W16/W17 where applicable.
REQ-481,A,ACTIVE,AC-135,PASS_W14_CONTRACT,W14,THR-005,W14 A&M specialization registries + validator,Empirical selection deferred to W16/W17 where applicable.
REQ-482,A,ACTIVE,AC-135,PASS_W14_CONTRACT,W14,,W14 A&M specialization registries + validator,Empirical selection deferred to W16/W17 where applicable.
REQ-483,A,ACTIVE,AC-136,PASS_W14_CONTRACT,W14,THR-005,W14 A&M specialization registries + validator,Empirical selection deferred to W16/W17 where applicable.
REQ-484,A,ACTIVE,AC-136,PASS_W14_CONTRACT,W14,THR-005,W14 A&M specialization registries + validator,Empirical selection deferred to W16/W17 where applicable.
REQ-485,B,DEFAULT,AC-136,PASS_W14_CONTRACT,W14,THR-005,W14 A&M specialization registries + validator,Empirical selection deferred to W16/W17 where applicable.
REQ-486,A,ACTIVE,AC-136,PASS_W14_CONTRACT,W14,,W14 A&M specialization registries + validator,Empirical selection deferred to W16/W17 where applicable.
REQ-487,A,ACTIVE,AC-137,PASS_W14_CONTRACT,W14,,W14 A&M specialization registries + validator,Empirical selection deferred to W16/W17 where applicable.
REQ-488,A,ACTIVE,AC-137,PASS_W14_CONTRACT,W14,,W14 A&M specialization registries + validator,Empirical selection deferred to W16/W17 where applicable.
REQ-489,A,ACTIVE,AC-137,PASS_W14_CONTRACT,W14,,W14 A&M specialization registries + validator,Empirical selection deferred to W16/W17 where applicable.
REQ-490,A,ACTIVE,AC-137,PASS_W14_CONTRACT,W14,,W14 A&M specialization registries + validator,Empirical selection deferred to W16/W17 where applicable.
REQ-491,A,ACTIVE,AC-133,PASS_W14_CONTRACT,W14,,W14 A&M specialization registries + validator,Empirical selection deferred to W16/W17 where applicable.
REQ-492,A,ACTIVE,AC-138,PASS_W14_CONTRACT,W14,,W14 A&M specialization registries + validator,Empirical selection deferred to W16/W17 where applicable.
REQ-493,A,ACTIVE,AC-138,PASS_W14_CONTRACT,W14,,W14 A&M specialization registries + validator,Empirical selection deferred to W16/W17 where applicable.
REQ-494,A,ACTIVE,AC-139,PASS_W15_CONTRACT,W15+,,W15 BAS scientific registries + validator,No W15 empirical BAS effect/significance claim.
REQ-495,A,ACTIVE,AC-139,PASS_W15_CONTRACT,W15+,,W15 BAS scientific registries + validator,No W15 empirical BAS effect/significance claim.
REQ-496,A,ACTIVE,AC-139,PASS_W15_CONTRACT,W15+,,W15 BAS scientific registries + validator,No W15 empirical BAS effect/significance claim.
REQ-497,A,ACTIVE,AC-140,PASS_W15_CONTRACT,W15+,,W15 BAS scientific registries + validator,No W15 empirical BAS effect/significance claim.
REQ-498,A,ACTIVE,AC-140,PASS_W15_CONTRACT,W15+,,W15 BAS scientific registries + validator,No W15 empirical BAS effect/significance claim.
REQ-499,A,ACTIVE,AC-140,PASS_W15_CONTRACT,W15+,,W15 BAS scientific registries + validator,No W15 empirical BAS effect/significance claim.
REQ-500,A,ACTIVE,AC-141,PASS_W15_CONTRACT,W15-W20,,W15 BAS scientific registries + validator,No W15 empirical BAS effect/significance claim.
REQ-501,A,ACTIVE,AC-142,PASS_W15_CONTRACT,W15+,,W15 BAS scientific registries + validator,No W15 empirical BAS effect/significance claim.
REQ-502,A,ACTIVE,AC-142,PASS_W15_CONTRACT,W15+,,W15 BAS scientific registries + validator,No W15 empirical BAS effect/significance claim.
REQ-503,A,ACTIVE,AC-150;AC-151,PASS_W15_CONTRACT,W15-W17,THR-006,W15 BAS scientific registries + validator,No W15 empirical BAS effect/significance claim.
REQ-504,A,ACTIVE,AC-141,PASS_W15_CONTRACT,W15+,,W15 BAS scientific registries + validator,No W15 empirical BAS effect/significance claim.
REQ-505,A,ACTIVE,AC-143,CONTRACT_DEFINED_W15_EMPIRICAL_PENDING,W15-W17,,W15 BAS scientific registries + validator,No W15 empirical BAS effect/significance claim.
REQ-506,A,ACTIVE,AC-143,CONTRACT_DEFINED_W15_EMPIRICAL_PENDING,W15-W17,,W15 BAS scientific registries + validator,No W15 empirical BAS effect/significance claim.
REQ-507,A,ACTIVE,AC-144,CONTRACT_DEFINED_W15_EMPIRICAL_PENDING,W15-W17,THR-006,W15 BAS scientific registries + validator,No W15 empirical BAS effect/significance claim.
REQ-508,A,ACTIVE,AC-145,PASS_W15_CONTRACT,W15-W17,,W15 BAS scientific registries + validator,No W15 empirical BAS effect/significance claim.
REQ-509,A,ACTIVE,AC-145,PASS_W15_CONTRACT,W15-W17,,W15 BAS scientific registries + validator,No W15 empirical BAS effect/significance claim.
REQ-510,A,ACTIVE,AC-148,CONTRACT_DEFINED_W15_EMPIRICAL_PENDING,W17,THR-006,W15 BAS scientific registries + validator,No W15 empirical BAS effect/significance claim.
REQ-511,A,ACTIVE,AC-148,CONTRACT_DEFINED_W15_EMPIRICAL_PENDING,W17,THR-006,W15 BAS scientific registries + validator,No W15 empirical BAS effect/significance claim.
REQ-512,A,ACTIVE,AC-148,CONTRACT_DEFINED_W15_EMPIRICAL_PENDING,W17,THR-006,W15 BAS scientific registries + validator,No W15 empirical BAS effect/significance claim.
REQ-513,A,ACTIVE,AC-150,PASS_W15_CONTRACT,W15-W17,THR-006,W15 BAS scientific registries + validator,No W15 empirical BAS effect/significance claim.
REQ-514,A,ACTIVE,AC-146,PASS_W15_CONTRACT,W15-W17,,W15 BAS scientific registries + validator,No W15 empirical BAS effect/significance claim.
REQ-515,B,DEFAULT,AC-146,PASS_W15_CONTRACT,W15-W17,,W15 BAS scientific registries + validator,No W15 empirical BAS effect/significance claim.
REQ-516,B,DEFAULT,AC-146,PASS_W15_CONTRACT,W15-W17,,W15 BAS scientific registries + validator,No W15 empirical BAS effect/significance claim.
REQ-517,A,ACTIVE,AC-146,PASS_W15_CONTRACT,W15-W17,,W15 BAS scientific registries + validator,No W15 empirical BAS effect/significance claim.
REQ-518,A,ACTIVE,AC-146,PASS_W15_CONTRACT,W15-W17,,W15 BAS scientific registries + validator,No W15 empirical BAS effect/significance claim.
REQ-519,A,ACTIVE,AC-147,PASS_W15_CONTRACT,W15-W18,,W15 BAS scientific registries + validator,No W15 empirical BAS effect/significance claim.
REQ-520,A,ACTIVE,AC-146,PASS_W15_CONTRACT,W15-W17,,W15 BAS scientific registries + validator,No W15 empirical BAS effect/significance claim.
REQ-521,A,ACTIVE,AC-149,CONTRACT_DEFINED_W15_EMPIRICAL_PENDING,W17,THR-003,W15 BAS scientific registries + validator,No W15 empirical BAS effect/significance claim.
REQ-522,A,ACTIVE,AC-149,CONTRACT_DEFINED_W15_EMPIRICAL_PENDING,W16-W17,THR-003,W15 BAS scientific registries + validator,No W15 empirical BAS effect/significance claim.
REQ-523,A,ACTIVE,AC-142;AC-148,CONTRACT_DEFINED_W15_EMPIRICAL_PENDING,W16-W17,THR-006,W15 BAS scientific registries + validator,No W15 empirical BAS effect/significance claim.
REQ-524,A,ACTIVE,AC-144,CONTRACT_DEFINED_W15_EMPIRICAL_PENDING,W17+,THR-006,W15 BAS scientific registries + validator,No W15 empirical BAS effect/significance claim.
REQ-525,A,ACTIVE,AC-142;AC-146,PASS_W15_CONTRACT,W15+,,W15 BAS scientific registries + validator,No W15 empirical BAS effect/significance claim.
REQ-526,A,ACTIVE,AC-150,PASS_W15_CONTRACT,W15,THR-006,W15 BAS scientific registries + validator,No W15 empirical BAS effect/significance claim.
REQ-527,A,COMPLETE_W15,AC-151,PASS_W15,W15,,W15 BAS scientific registries + validator,No W15 empirical BAS effect/significance claim.
REQ-528,A,ACTIVE,AC-151,PASS_W15_CONTRACT,W16,,W15 BAS scientific registries + validator,No W15 empirical BAS effect/significance claim.
REQ-529,A,ACTIVE,AC-152;AC-153;AC-154;AC-155,PASS_W16_CONTRACT,W16+,,W16 model architecture registries + validator,Contract/reference evidence only; protected empirical selection remains later.
REQ-530,A,ACTIVE,AC-152;AC-153;AC-154;AC-155,PASS_W16_CONTRACT,W16+,,W16 model architecture registries + validator,Contract/reference evidence only; protected empirical selection remains later.
REQ-531,A,ACTIVE,AC-152;AC-153;AC-154;AC-155,PASS_W16_CONTRACT,W16+,,W16 model architecture registries + validator,Contract/reference evidence only; protected empirical selection remains later.
REQ-532,A,ACTIVE,AC-152;AC-153;AC-154;AC-155,PASS_W16_CONTRACT,W16+,,W16 model architecture registries + validator,Contract/reference evidence only; protected empirical selection remains later.
REQ-533,A,ACTIVE,AC-152;AC-153;AC-154;AC-155,PASS_W16_CONTRACT,W16+,,W16 model architecture registries + validator,Contract/reference evidence only; protected empirical selection remains later.
REQ-534,A,ACTIVE,AC-152;AC-153;AC-154;AC-155,PASS_W16_CONTRACT,W16+,,W16 model architecture registries + validator,Contract/reference evidence only; protected empirical selection remains later.
REQ-535,A,ACTIVE,AC-152;AC-153;AC-154;AC-155,PASS_W16_CONTRACT,W16+,,W16 model architecture registries + validator,Contract/reference evidence only; protected empirical selection remains later.
REQ-536,A,ACTIVE,AC-152;AC-153;AC-154;AC-155,PASS_W16_CONTRACT,W16+,,W16 model architecture registries + validator,Contract/reference evidence only; protected empirical selection remains later.
REQ-537,A,ACTIVE,AC-152;AC-154;AC-149,PASS_W16_CONTRACT,W16+,,W16 model architecture registries + validator,Contract/reference evidence only; protected empirical selection remains later.
REQ-538,A,ACTIVE,AC-152;AC-154;AC-149,PASS_W16_CONTRACT,W16+,,W16 model architecture registries + validator,Contract/reference evidence only; protected empirical selection remains later.
REQ-539,A,ACTIVE,AC-152;AC-154;AC-149,PASS_W16_CONTRACT,W16+,,W16 model architecture registries + validator,Contract/reference evidence only; protected empirical selection remains later.
REQ-540,A,ACTIVE,AC-156;AC-161,PASS_W16_CONTRACT,W16-W20,,W16 model architecture registries + validator,Contract/reference evidence only; protected empirical selection remains later.
REQ-541,A,ACTIVE,AC-156;AC-161,PASS_W16_CONTRACT,W16+,,W16 model architecture registries + validator,Contract/reference evidence only; protected empirical selection remains later.
REQ-542,B,DEFAULT,AC-156;AC-161,EXPERIMENT_REQUIRED_NONBLOCKING_UNTIL_PROMOTION,W16-W17,,W16 model architecture registries + validator,Contract/reference evidence only; protected empirical selection remains later.
REQ-543,B,DEFAULT,AC-156;AC-161,EXPERIMENT_REQUIRED_NONBLOCKING_UNTIL_PROMOTION,W16-W20,,W16 model architecture registries + validator,Contract/reference evidence only; protected empirical selection remains later.
REQ-544,C,RESEARCH,AC-156;AC-161,EXPERIMENT_REQUIRED_NONBLOCKING_UNTIL_PROMOTION,W17+,,W16 model architecture registries + validator,Contract/reference evidence only; protected empirical selection remains later.
REQ-545,A,ACTIVE,AC-159,PASS_W16_CONTRACT,W16+,,W16 model architecture registries + validator,Contract/reference evidence only; protected empirical selection remains later.
REQ-546,A,ACTIVE,AC-159,PASS_W16_CONTRACT,W16+,,W16 model architecture registries + validator,Contract/reference evidence only; protected empirical selection remains later.
REQ-547,A,ACTIVE,AC-159,PASS_W16_CONTRACT,W16+,,W16 model architecture registries + validator,Contract/reference evidence only; protected empirical selection remains later.
REQ-548,A,ACTIVE,AC-159,PASS_W16_CONTRACT,W16+,,W16 model architecture registries + validator,Contract/reference evidence only; protected empirical selection remains later.
REQ-549,A,ACTIVE,AC-157,PASS_W16_CONTRACT,W16+,,W16 model architecture registries + validator,Contract/reference evidence only; protected empirical selection remains later.
REQ-550,A,ACTIVE,AC-157,PASS_W16_CONTRACT,W16+,,W16 model architecture registries + validator,Contract/reference evidence only; protected empirical selection remains later.
REQ-551,A,ACTIVE,AC-157,PASS_W16_CONTRACT,W16+,,W16 model architecture registries + validator,Contract/reference evidence only; protected empirical selection remains later.
REQ-552,A,ACTIVE,AC-157,PASS_W16_CONTRACT,W16+,,W16 model architecture registries + validator,Contract/reference evidence only; protected empirical selection remains later.
REQ-553,A,ACTIVE,AC-157,PASS_W16_CONTRACT,W16+,,W16 model architecture registries + validator,Contract/reference evidence only; protected empirical selection remains later.
REQ-554,A,ACTIVE,AC-157,PASS_W16_CONTRACT,W16+,,W16 model architecture registries + validator,Contract/reference evidence only; protected empirical selection remains later.
REQ-555,A,ACTIVE,AC-158,PASS_W16_CONTRACT,W16+,THR-014;THR-015,W16 model architecture registries + validator,Contract/reference evidence only; protected empirical selection remains later.
REQ-556,A,ACTIVE,AC-158,PASS_W16_CONTRACT,W16+,THR-014;THR-015,W16 model architecture registries + validator,Contract/reference evidence only; protected empirical selection remains later.
REQ-557,A,ACTIVE,AC-158,PASS_W16_CONTRACT,W17,THR-014;THR-015,W16 model architecture registries + validator,Contract/reference evidence only; protected empirical selection remains later.
REQ-558,A,ACTIVE,AC-158,PASS_W16_CONTRACT,W17,THR-014;THR-015,W16 model architecture registries + validator,Contract/reference evidence only; protected empirical selection remains later.
REQ-559,A,ACTIVE,AC-158,PASS_W16_CONTRACT,W16+,THR-014;THR-015,W16 model architecture registries + validator,Contract/reference evidence only; protected empirical selection remains later.
REQ-560,A,ACTIVE,AC-160,PASS_W16_CONTRACT,W16+,,W16 model architecture registries + validator,Contract/reference evidence only; protected empirical selection remains later.
REQ-561,A,ACTIVE,AC-160,PASS_W16_CONTRACT,W16+,,W16 model architecture registries + validator,Contract/reference evidence only; protected empirical selection remains later.
REQ-562,A,ACTIVE,AC-160,PASS_W16_CONTRACT,W17+,,W16 model architecture registries + validator,Contract/reference evidence only; protected empirical selection remains later.
REQ-563,A,ACTIVE,AC-154;AC-157,PASS_W16_CONTRACT,W20+,,W16 model architecture registries + validator,Contract/reference evidence only; protected empirical selection remains later.
REQ-564,A,ACTIVE,AC-154;AC-157,PASS_W16_CONTRACT,W17+,,W16 model architecture registries + validator,Contract/reference evidence only; protected empirical selection remains later.
REQ-565,A,ACTIVE,AC-161;AC-162,PASS_W16_CONTRACT,W17,,W16 model architecture registries + validator,Contract/reference evidence only; protected empirical selection remains later.
REQ-566,A,COMPLETE_W16,AC-161;AC-162,PASS_W16_CONTRACT,W16,,W16 model architecture registries + validator,Contract/reference evidence only; protected empirical selection remains later.
REQ-567,A,ACTIVE,AC-161;AC-162,PASS_W16_CONTRACT,W17,,W16 model architecture registries + validator,Contract/reference evidence only; protected empirical selection remains later.
REQ-568,A,COMPLETE_W16,AC-161;AC-162,PASS_W16_CONTRACT,W16,,W16 model architecture registries + validator,Contract/reference evidence only; protected empirical selection remains later.
REQ-569,A,COMPLETE_W17,AC-163;AC-024,PROTOCOL_VERIFIED_W17_REAL_EVIDENCE_PENDING,W17,,configs/validation_science_registry.json;governance/METRIC_REGISTRY.csv;governance/PROTECTED_SPLIT_REGISTRY.csv,W17 freezes protocol/reference gate; trained protected empirical values remain absent unless explicitly stated.
REQ-570,A,COMPLETE_W17,AC-163;AC-168;AC-018,PROTOCOL_VERIFIED_W17_REAL_EVIDENCE_PENDING,W17,,configs/validation_science_registry.json;governance/METRIC_REGISTRY.csv;governance/PROTECTED_SPLIT_REGISTRY.csv,W17 freezes protocol/reference gate; trained protected empirical values remain absent unless explicitly stated.
REQ-571,A,COMPLETE_W17,AC-163;AC-164;AC-024,PROTOCOL_VERIFIED_W17_REAL_EVIDENCE_PENDING,W17,,configs/validation_science_registry.json;governance/METRIC_REGISTRY.csv;governance/PROTECTED_SPLIT_REGISTRY.csv,W17 freezes protocol/reference gate; trained protected empirical values remain absent unless explicitly stated.
REQ-572,A,COMPLETE_W17,AC-163;AC-169,PROTOCOL_VERIFIED_W17_REAL_EVIDENCE_PENDING,W17,,configs/validation_science_registry.json;governance/METRIC_REGISTRY.csv;governance/PROTECTED_SPLIT_REGISTRY.csv,W17 freezes protocol/reference gate; trained protected empirical values remain absent unless explicitly stated.
REQ-573,A,COMPLETE_W17,AC-165,PROTOCOL_VERIFIED_W17_REAL_EVIDENCE_PENDING,W17,,configs/validation_science_registry.json;governance/METRIC_REGISTRY.csv;governance/PROTECTED_SPLIT_REGISTRY.csv,W17 freezes protocol/reference gate; trained protected empirical values remain absent unless explicitly stated.
REQ-574,A,COMPLETE_W17,AC-164;AC-024,PROTOCOL_VERIFIED_W17_REAL_EVIDENCE_PENDING,W17,,configs/validation_science_registry.json;governance/METRIC_REGISTRY.csv;governance/PROTECTED_SPLIT_REGISTRY.csv,W17 freezes protocol/reference gate; trained protected empirical values remain absent unless explicitly stated.
REQ-575,A,COMPLETE_W17,AC-164;AC-170,PROTOCOL_VERIFIED_W17_REAL_EVIDENCE_PENDING,W17,,configs/validation_science_registry.json;governance/METRIC_REGISTRY.csv;governance/PROTECTED_SPLIT_REGISTRY.csv,W17 freezes protocol/reference gate; trained protected empirical values remain absent unless explicitly stated.
REQ-576,A,COMPLETE_W17,AC-023;AC-163,PROTOCOL_VERIFIED_W17_REAL_EVIDENCE_PENDING,W17,,configs/validation_science_registry.json;governance/METRIC_REGISTRY.csv;governance/PROTECTED_SPLIT_REGISTRY.csv,W17 freezes protocol/reference gate; trained protected empirical values remain absent unless explicitly stated.
REQ-577,A,COMPLETE_W17,AC-166;AC-025,PROTOCOL_VERIFIED_W17_REAL_EVIDENCE_PENDING,W17,THR-001,configs/validation_science_registry.json;governance/METRIC_REGISTRY.csv;governance/PROTECTED_SPLIT_REGISTRY.csv,W17 freezes protocol/reference gate; trained protected empirical values remain absent unless explicitly stated.
REQ-578,A,COMPLETE_W17,AC-166;AC-025,PROTOCOL_VERIFIED_W17_REAL_EVIDENCE_PENDING,W17,THR-002,configs/validation_science_registry.json;governance/METRIC_REGISTRY.csv;governance/PROTECTED_SPLIT_REGISTRY.csv,W17 freezes protocol/reference gate; trained protected empirical values remain absent unless explicitly stated.
REQ-579,A,COMPLETE_W17,AC-166;AC-025,PROTOCOL_VERIFIED_W17_REAL_EVIDENCE_PENDING,W17,THR-003,configs/validation_science_registry.json;governance/METRIC_REGISTRY.csv;governance/PROTECTED_SPLIT_REGISTRY.csv,W17 freezes protocol/reference gate; trained protected empirical values remain absent unless explicitly stated.
REQ-580,A,COMPLETE_W17,AC-166,PROTOCOL_VERIFIED_W17_REAL_EVIDENCE_PENDING,W17,THR-004,configs/validation_science_registry.json;governance/METRIC_REGISTRY.csv;governance/PROTECTED_SPLIT_REGISTRY.csv,W17 freezes protocol/reference gate; trained protected empirical values remain absent unless explicitly stated.
REQ-581,A,COMPLETE_W17,AC-166;AC-026,PROTOCOL_VERIFIED_W17_REAL_EVIDENCE_PENDING,W17,,configs/validation_science_registry.json;governance/METRIC_REGISTRY.csv;governance/PROTECTED_SPLIT_REGISTRY.csv,W17 freezes protocol/reference gate; trained protected empirical values remain absent unless explicitly stated.
REQ-582,A,COMPLETE_W17,AC-166;AC-172;AC-028,PROTOCOL_VERIFIED_W17_REAL_EVIDENCE_PENDING,W17,THR-006,configs/validation_science_registry.json;governance/METRIC_REGISTRY.csv;governance/PROTECTED_SPLIT_REGISTRY.csv,W17 freezes protocol/reference gate; trained protected empirical values remain absent unless explicitly stated.
REQ-583,A,COMPLETE_W17,AC-167;AC-173,PROTOCOL_VERIFIED_W17_REAL_EVIDENCE_PENDING,W17,THR-005,configs/validation_science_registry.json;governance/METRIC_REGISTRY.csv;governance/PROTECTED_SPLIT_REGISTRY.csv,W17 freezes protocol/reference gate; trained protected empirical values remain absent unless explicitly stated.
REQ-584,A,COMPLETE_W17,AC-167,PROTOCOL_VERIFIED_W17_REAL_EVIDENCE_PENDING,W17,,configs/validation_science_registry.json;governance/METRIC_REGISTRY.csv;governance/PROTECTED_SPLIT_REGISTRY.csv,W17 freezes protocol/reference gate; trained protected empirical values remain absent unless explicitly stated.
REQ-585,B,COMPLETE_W17,AC-167,PROTOCOL_VERIFIED_W17_REAL_EVIDENCE_PENDING,W17,,configs/validation_science_registry.json;governance/METRIC_REGISTRY.csv;governance/PROTECTED_SPLIT_REGISTRY.csv,W17 freezes protocol/reference gate; trained protected empirical values remain absent unless explicitly stated.
REQ-586,A,COMPLETE_W17,AC-167;AC-169,PROTOCOL_VERIFIED_W17_REAL_EVIDENCE_PENDING,W17,,configs/validation_science_registry.json;governance/METRIC_REGISTRY.csv;governance/PROTECTED_SPLIT_REGISTRY.csv,W17 freezes protocol/reference gate; trained protected empirical values remain absent unless explicitly stated.
REQ-587,A,COMPLETE_W17,AC-171;AC-022,PROTOCOL_VERIFIED_W17_REAL_EVIDENCE_PENDING,W17,THR-001;THR-002;THR-003;THR-004,configs/validation_science_registry.json;governance/METRIC_REGISTRY.csv;governance/PROTECTED_SPLIT_REGISTRY.csv,W17 freezes protocol/reference gate; trained protected empirical values remain absent unless explicitly stated.
REQ-588,A,COMPLETE_W17,AC-168,PROTOCOL_VERIFIED_W17_REAL_EVIDENCE_PENDING,W17,,configs/validation_science_registry.json;governance/METRIC_REGISTRY.csv;governance/PROTECTED_SPLIT_REGISTRY.csv,W17 freezes protocol/reference gate; trained protected empirical values remain absent unless explicitly stated.
REQ-589,A,COMPLETE_W17,AC-169,PROTOCOL_VERIFIED_W17_REAL_EVIDENCE_PENDING,W17,THR-001;THR-002;THR-003;THR-004;THR-005;THR-006;THR-007;THR-014;THR-015,configs/validation_science_registry.json;governance/METRIC_REGISTRY.csv;governance/PROTECTED_SPLIT_REGISTRY.csv,W17 freezes protocol/reference gate; trained protected empirical values remain absent unless explicitly stated.
REQ-590,A,COMPLETE_W17,AC-169;AC-024,PROTOCOL_VERIFIED_W17_REAL_EVIDENCE_PENDING,W17,,configs/validation_science_registry.json;governance/METRIC_REGISTRY.csv;governance/PROTECTED_SPLIT_REGISTRY.csv,W17 freezes protocol/reference gate; trained protected empirical values remain absent unless explicitly stated.
REQ-591,A,COMPLETE_W17,AC-170;AC-175,PROTOCOL_VERIFIED_W17_REAL_EVIDENCE_PENDING,W17,THR-001;THR-002;THR-003;THR-004;THR-005;THR-006;THR-007;THR-014;THR-015,configs/validation_science_registry.json;governance/METRIC_REGISTRY.csv;governance/PROTECTED_SPLIT_REGISTRY.csv,W17 freezes protocol/reference gate; trained protected empirical values remain absent unless explicitly stated.
REQ-592,A,COMPLETE_W17,AC-175,PROTOCOL_VERIFIED_W17_REAL_EVIDENCE_PENDING,W17,,configs/validation_science_registry.json;governance/METRIC_REGISTRY.csv;governance/PROTECTED_SPLIT_REGISTRY.csv,W17 freezes protocol/reference gate; trained protected empirical values remain absent unless explicitly stated.
REQ-593,A,COMPLETE_W17,AC-175;AC-031;AC-032;AC-178;AC-185,REFERENCE_VERIFIED_W18,W17,,configs/validation_science_registry.json;governance/METRIC_REGISTRY.csv;governance/PROTECTED_SPLIT_REGISTRY.csv,W17 freezes protocol/reference gate; trained protected empirical values remain absent unless explicitly stated.
REQ-594,A,COMPLETE_W17,AC-172;AC-144;AC-029,PROTOCOL_VERIFIED_W17_REAL_EVIDENCE_PENDING,W17,THR-006,configs/validation_science_registry.json;governance/METRIC_REGISTRY.csv;governance/PROTECTED_SPLIT_REGISTRY.csv,W17 freezes protocol/reference gate; trained protected empirical values remain absent unless explicitly stated.
REQ-595,A,COMPLETE_W17,AC-172;AC-148,PROTOCOL_VERIFIED_W17_REAL_EVIDENCE_PENDING,W17,THR-006,configs/validation_science_registry.json;governance/METRIC_REGISTRY.csv;governance/PROTECTED_SPLIT_REGISTRY.csv,W17 freezes protocol/reference gate; trained protected empirical values remain absent unless explicitly stated.
REQ-596,A,COMPLETE_W17,AC-173;AC-030,PROTOCOL_VERIFIED_W17_REAL_EVIDENCE_PENDING,W17,THR-005,configs/validation_science_registry.json;governance/METRIC_REGISTRY.csv;governance/PROTECTED_SPLIT_REGISTRY.csv,W17 freezes protocol/reference gate; trained protected empirical values remain absent unless explicitly stated.
REQ-597,A,COMPLETE_W17,AC-174;AC-014,PROTOCOL_VERIFIED_W17_REAL_EVIDENCE_PENDING,W17,THR-001;THR-002;THR-003;THR-004,configs/validation_science_registry.json;governance/METRIC_REGISTRY.csv;governance/PROTECTED_SPLIT_REGISTRY.csv,W17 freezes protocol/reference gate; trained protected empirical values remain absent unless explicitly stated.
REQ-598,A,COMPLETE_W17,AC-174;AC-027,PROTOCOL_VERIFIED_W17_REAL_EVIDENCE_PENDING,W17,THR-014,configs/validation_science_registry.json;governance/METRIC_REGISTRY.csv;governance/PROTECTED_SPLIT_REGISTRY.csv,W17 freezes protocol/reference gate; trained protected empirical values remain absent unless explicitly stated.
REQ-599,A,COMPLETE_W17,AC-174;AC-027,PROTOCOL_VERIFIED_W17_REAL_EVIDENCE_PENDING,W17,THR-015,configs/validation_science_registry.json;governance/METRIC_REGISTRY.csv;governance/PROTECTED_SPLIT_REGISTRY.csv,W17 freezes protocol/reference gate; trained protected empirical values remain absent unless explicitly stated.
REQ-600,A,COMPLETE_W17,AC-174;AC-027,PROTOCOL_VERIFIED_W17_REAL_EVIDENCE_PENDING,W17,,configs/validation_science_registry.json;governance/METRIC_REGISTRY.csv;governance/PROTECTED_SPLIT_REGISTRY.csv,W17 freezes protocol/reference gate; trained protected empirical values remain absent unless explicitly stated.
REQ-601,A,COMPLETE_W17,AC-175;AC-031,PROTOCOL_VERIFIED_W17_REAL_EVIDENCE_PENDING,W17,,configs/validation_science_registry.json;governance/METRIC_REGISTRY.csv;governance/PROTECTED_SPLIT_REGISTRY.csv,W17 freezes protocol/reference gate; trained protected empirical values remain absent unless explicitly stated.
REQ-602,A,COMPLETE_W17,AC-176,PASS_W17,W17,,configs/validation_science_registry.json;governance/METRIC_REGISTRY.csv;governance/PROTECTED_SPLIT_REGISTRY.csv,W17 freezes protocol/reference gate; trained protected empirical values remain absent unless explicitly stated.
REQ-603,A,COMPLETE_W18,AC-177,REFERENCE_VERIFIED_W18_REAL_RUNS_PENDING,W18+,,configs/experiment_research_registry.json;governance/PROTECTED_JUDGING_RULE_SEAL.csv,W18 research-governance/reference evidence; no trained empirical winner claimed.
REQ-604,A,COMPLETE_W18,AC-178,REFERENCE_VERIFIED_W18_REAL_RUNS_PENDING,W18+,,configs/experiment_research_registry.json;governance/PROTECTED_JUDGING_RULE_SEAL.csv,W18 research-governance/reference evidence; no trained empirical winner claimed.
REQ-605,A,COMPLETE_W18,AC-179,REFERENCE_VERIFIED_W18_REAL_RUNS_PENDING,W18+,,configs/experiment_research_registry.json;governance/PROTECTED_JUDGING_RULE_SEAL.csv,W18 research-governance/reference evidence; no trained empirical winner claimed.
REQ-606,A,COMPLETE_W18,AC-180,REFERENCE_VERIFIED_W18_REAL_RUNS_PENDING,W18+,,configs/experiment_research_registry.json;governance/PROTECTED_JUDGING_RULE_SEAL.csv,W18 research-governance/reference evidence; no trained empirical winner claimed.
REQ-607,A,COMPLETE_W18,AC-181,REFERENCE_VERIFIED_W18_REAL_RUNS_PENDING,W18+,,configs/experiment_research_registry.json;governance/PROTECTED_JUDGING_RULE_SEAL.csv,W18 research-governance/reference evidence; no trained empirical winner claimed.
REQ-608,A,COMPLETE_W18,AC-182,REFERENCE_VERIFIED_W18_REAL_RUNS_PENDING,W18+,,configs/experiment_research_registry.json;governance/PROTECTED_JUDGING_RULE_SEAL.csv,W18 research-governance/reference evidence; no trained empirical winner claimed.
REQ-609,A,COMPLETE_W18,AC-183,REFERENCE_VERIFIED_W18_REAL_RUNS_PENDING,W18+,,configs/experiment_research_registry.json;governance/PROTECTED_JUDGING_RULE_SEAL.csv,W18 research-governance/reference evidence; no trained empirical winner claimed.
REQ-610,A,COMPLETE_W18,AC-184,REFERENCE_VERIFIED_W18_REAL_RUNS_PENDING,W18+,,configs/experiment_research_registry.json;governance/PROTECTED_JUDGING_RULE_SEAL.csv,W18 research-governance/reference evidence; no trained empirical winner claimed.
REQ-611,A,COMPLETE_W18,AC-185,REFERENCE_VERIFIED_W18_REAL_RUNS_PENDING,W18+,,configs/experiment_research_registry.json;governance/PROTECTED_JUDGING_RULE_SEAL.csv,W18 research-governance/reference evidence; no trained empirical winner claimed.
REQ-612,B,COMPLETE_W18,AC-186,REFERENCE_VERIFIED_W18_REAL_RUNS_PENDING,W18+,,configs/experiment_research_registry.json;governance/PROTECTED_JUDGING_RULE_SEAL.csv,W18 research-governance/reference evidence; no trained empirical winner claimed.
REQ-613,B,COMPLETE_W18,AC-187,REFERENCE_VERIFIED_W18_REAL_RUNS_PENDING,W18+,,configs/experiment_research_registry.json;governance/PROTECTED_JUDGING_RULE_SEAL.csv,W18 research-governance/reference evidence; no trained empirical winner claimed.
REQ-614,A,COMPLETE_W18,AC-188,REFERENCE_VERIFIED_W18_REAL_RUNS_PENDING,W18+,,configs/experiment_research_registry.json;governance/PROTECTED_JUDGING_RULE_SEAL.csv,W18 research-governance/reference evidence; no trained empirical winner claimed.
REQ-615,B,COMPLETE_W18,AC-189,REFERENCE_VERIFIED_W18_REAL_RUNS_PENDING,W18+,,configs/experiment_research_registry.json;governance/PROTECTED_JUDGING_RULE_SEAL.csv,W18 research-governance/reference evidence; no trained empirical winner claimed.
REQ-616,A,COMPLETE_W18,AC-190,PASS_W18,W18+,,configs/experiment_research_registry.json;governance/PROTECTED_JUDGING_RULE_SEAL.csv,W18 research-governance/reference evidence; no trained empirical winner claimed.
REQ-617,A,COMPLETE_W18,AC-177,REFERENCE_VERIFIED_W18_REAL_RUNS_PENDING,W18+,,configs/experiment_research_registry.json;governance/PROTECTED_JUDGING_RULE_SEAL.csv,W18 research-governance/reference evidence; no trained empirical winner claimed.
REQ-618,A,COMPLETE_W18,AC-178,REFERENCE_VERIFIED_W18_REAL_RUNS_PENDING,W18+,,configs/experiment_research_registry.json;governance/PROTECTED_JUDGING_RULE_SEAL.csv,W18 research-governance/reference evidence; no trained empirical winner claimed.
REQ-619,A,COMPLETE_W18,AC-179,REFERENCE_VERIFIED_W18_REAL_RUNS_PENDING,W18+,,configs/experiment_research_registry.json;governance/PROTECTED_JUDGING_RULE_SEAL.csv,W18 research-governance/reference evidence; no trained empirical winner claimed.
REQ-620,A,COMPLETE_W18,AC-180,REFERENCE_VERIFIED_W18_REAL_RUNS_PENDING,W18+,,configs/experiment_research_registry.json;governance/PROTECTED_JUDGING_RULE_SEAL.csv,W18 research-governance/reference evidence; no trained empirical winner claimed.
REQ-621,A,COMPLETE_W18,AC-181,REFERENCE_VERIFIED_W18_REAL_RUNS_PENDING,W18+,,configs/experiment_research_registry.json;governance/PROTECTED_JUDGING_RULE_SEAL.csv,W18 research-governance/reference evidence; no trained empirical winner claimed.
REQ-622,A,COMPLETE_W18,AC-182,REFERENCE_VERIFIED_W18_REAL_RUNS_PENDING,W18+,,configs/experiment_research_registry.json;governance/PROTECTED_JUDGING_RULE_SEAL.csv,W18 research-governance/reference evidence; no trained empirical winner claimed.
REQ-623,A,COMPLETE_W18,AC-183,REFERENCE_VERIFIED_W18_REAL_RUNS_PENDING,W18+,,configs/experiment_research_registry.json;governance/PROTECTED_JUDGING_RULE_SEAL.csv,W18 research-governance/reference evidence; no trained empirical winner claimed.
REQ-624,A,COMPLETE_W18,AC-184,REFERENCE_VERIFIED_W18_REAL_RUNS_PENDING,W18+,,configs/experiment_research_registry.json;governance/PROTECTED_JUDGING_RULE_SEAL.csv,W18 research-governance/reference evidence; no trained empirical winner claimed.
REQ-625,A,COMPLETE_W18,AC-185,REFERENCE_VERIFIED_W18_REAL_RUNS_PENDING,W18+,,configs/experiment_research_registry.json;governance/PROTECTED_JUDGING_RULE_SEAL.csv,W18 research-governance/reference evidence; no trained empirical winner claimed.
REQ-626,A,COMPLETE_W18,AC-186,REFERENCE_VERIFIED_W18_REAL_RUNS_PENDING,W18+,,configs/experiment_research_registry.json;governance/PROTECTED_JUDGING_RULE_SEAL.csv,W18 research-governance/reference evidence; no trained empirical winner claimed.
REQ-627,A,COMPLETE_W18,AC-187,REFERENCE_VERIFIED_W18_REAL_RUNS_PENDING,W18+,,configs/experiment_research_registry.json;governance/PROTECTED_JUDGING_RULE_SEAL.csv,W18 research-governance/reference evidence; no trained empirical winner claimed.
REQ-628,A,COMPLETE_W18,AC-188,REFERENCE_VERIFIED_W18_REAL_RUNS_PENDING,W18+,,configs/experiment_research_registry.json;governance/PROTECTED_JUDGING_RULE_SEAL.csv,W18 research-governance/reference evidence; no trained empirical winner claimed.
REQ-629,A,COMPLETE_W18,AC-189,REFERENCE_VERIFIED_W18_REAL_RUNS_PENDING,W18+,,configs/experiment_research_registry.json;governance/PROTECTED_JUDGING_RULE_SEAL.csv,W18 research-governance/reference evidence; no trained empirical winner claimed.
REQ-630,A,COMPLETE_W18,AC-190,PASS_W18,W18+,,configs/experiment_research_registry.json;governance/PROTECTED_JUDGING_RULE_SEAL.csv,W18 research-governance/reference evidence; no trained empirical winner claimed.
REQ-631,A,COMPLETE_W18,AC-177,REFERENCE_VERIFIED_W18_REAL_RUNS_PENDING,W18+,,configs/experiment_research_registry.json;governance/PROTECTED_JUDGING_RULE_SEAL.csv,W18 research-governance/reference evidence; no trained empirical winner claimed.
REQ-632,A,COMPLETE_W18,AC-178,REFERENCE_VERIFIED_W18_REAL_RUNS_PENDING,W18+,,configs/experiment_research_registry.json;governance/PROTECTED_JUDGING_RULE_SEAL.csv,W18 research-governance/reference evidence; no trained empirical winner claimed.
REQ-633,A,COMPLETE_W18,AC-179,REFERENCE_VERIFIED_W18_REAL_RUNS_PENDING,W18+,,configs/experiment_research_registry.json;governance/PROTECTED_JUDGING_RULE_SEAL.csv,W18 research-governance/reference evidence; no trained empirical winner claimed.
REQ-634,A,COMPLETE_W18,AC-180,REFERENCE_VERIFIED_W18_REAL_RUNS_PENDING,W18+,,configs/experiment_research_registry.json;governance/PROTECTED_JUDGING_RULE_SEAL.csv,W18 research-governance/reference evidence; no trained empirical winner claimed.
REQ-635,A,COMPLETE_W18,AC-181,REFERENCE_VERIFIED_W18_REAL_RUNS_PENDING,W18+,,configs/experiment_research_registry.json;governance/PROTECTED_JUDGING_RULE_SEAL.csv,W18 research-governance/reference evidence; no trained empirical winner claimed.
REQ-636,A,COMPLETE_W18,AC-182,REFERENCE_VERIFIED_W18_REAL_RUNS_PENDING,W18+,,configs/experiment_research_registry.json;governance/PROTECTED_JUDGING_RULE_SEAL.csv,W18 research-governance/reference evidence; no trained empirical winner claimed.
REQ-637,A,COMPLETE_W18,AC-183,REFERENCE_VERIFIED_W18_REAL_RUNS_PENDING,W18+,,configs/experiment_research_registry.json;governance/PROTECTED_JUDGING_RULE_SEAL.csv,W18 research-governance/reference evidence; no trained empirical winner claimed.
REQ-638,A,COMPLETE_W18,AC-184,REFERENCE_VERIFIED_W18_REAL_RUNS_PENDING,W18+,,configs/experiment_research_registry.json;governance/PROTECTED_JUDGING_RULE_SEAL.csv,W18 research-governance/reference evidence; no trained empirical winner claimed.
REQ-639,A,COMPLETE_W18,AC-185,REFERENCE_VERIFIED_W18_REAL_RUNS_PENDING,W18+,,configs/experiment_research_registry.json;governance/PROTECTED_JUDGING_RULE_SEAL.csv,W18 research-governance/reference evidence; no trained empirical winner claimed.
REQ-640,A,COMPLETE_W18,AC-186,REFERENCE_VERIFIED_W18_REAL_RUNS_PENDING,W18+,,configs/experiment_research_registry.json;governance/PROTECTED_JUDGING_RULE_SEAL.csv,W18 research-governance/reference evidence; no trained empirical winner claimed.
REQ-641,A,COMPLETE_W18,AC-191,REFERENCE_VERIFIED_W18_CORRECTED_REAL_RUNS_PENDING,W18+,,governance/W18_MASTER_REQUIREMENT_COVERAGE.csv;configs/experiment_research_registry.json,Corrected W18 reference evidence; no trained/protected empirical winner claimed.
REQ-642,A,COMPLETE_W18,AC-191,REFERENCE_VERIFIED_W18_CORRECTED_REAL_RUNS_PENDING,W18+,,governance/W18_MASTER_REQUIREMENT_COVERAGE.csv;configs/experiment_research_registry.json,Corrected W18 reference evidence; no trained/protected empirical winner claimed.
REQ-643,A,COMPLETE_W18,AC-191,REFERENCE_VERIFIED_W18_CORRECTED_REAL_RUNS_PENDING,W18+,,governance/W18_MASTER_REQUIREMENT_COVERAGE.csv;configs/experiment_research_registry.json,Corrected W18 reference evidence; no trained/protected empirical winner claimed.
REQ-644,B,COMPLETE_W18,AC-191,REFERENCE_VERIFIED_W18_CORRECTED_REAL_RUNS_PENDING,W18+,,governance/W18_MASTER_REQUIREMENT_COVERAGE.csv;configs/experiment_research_registry.json,Corrected W18 reference evidence; no trained/protected empirical winner claimed.
REQ-645,B,COMPLETE_W18,AC-191,REFERENCE_VERIFIED_W18_CORRECTED_REAL_RUNS_PENDING,W18+,,governance/W18_MASTER_REQUIREMENT_COVERAGE.csv;configs/experiment_research_registry.json,Corrected W18 reference evidence; no trained/protected empirical winner claimed.
REQ-646,A,COMPLETE_W18,AC-191,REFERENCE_VERIFIED_W18_CORRECTED_REAL_RUNS_PENDING,W18+,,governance/W18_MASTER_REQUIREMENT_COVERAGE.csv;configs/experiment_research_registry.json,Corrected W18 reference evidence; no trained/protected empirical winner claimed.
REQ-647,A,COMPLETE_W18,AC-191,REFERENCE_VERIFIED_W18_CORRECTED_REAL_RUNS_PENDING,W18+,,governance/W18_MASTER_REQUIREMENT_COVERAGE.csv;configs/experiment_research_registry.json,Corrected W18 reference evidence; no trained/protected empirical winner claimed.
REQ-648,A,COMPLETE_W18,AC-192,REFERENCE_VERIFIED_W18_CORRECTED_REAL_RUNS_PENDING,W18+,,governance/W18_MASTER_REQUIREMENT_COVERAGE.csv;configs/experiment_research_registry.json,Corrected W18 reference evidence; no trained/protected empirical winner claimed.
REQ-649,A,COMPLETE_W18,AC-192,REFERENCE_VERIFIED_W18_CORRECTED_REAL_RUNS_PENDING,W18+,,governance/W18_MASTER_REQUIREMENT_COVERAGE.csv;configs/experiment_research_registry.json,Corrected W18 reference evidence; no trained/protected empirical winner claimed.
REQ-650,A,COMPLETE_W18,AC-192,REFERENCE_VERIFIED_W18_CORRECTED_REAL_RUNS_PENDING,W18+,,governance/W18_MASTER_REQUIREMENT_COVERAGE.csv;configs/experiment_research_registry.json,Corrected W18 reference evidence; no trained/protected empirical winner claimed.
REQ-651,A,COMPLETE_W18,AC-192,REFERENCE_VERIFIED_W18_CORRECTED_REAL_RUNS_PENDING,W18+,,governance/W18_MASTER_REQUIREMENT_COVERAGE.csv;configs/experiment_research_registry.json,Corrected W18 reference evidence; no trained/protected empirical winner claimed.
REQ-652,A,COMPLETE_W18,AC-192,REFERENCE_VERIFIED_W18_CORRECTED_REAL_RUNS_PENDING,W18+,,governance/W18_MASTER_REQUIREMENT_COVERAGE.csv;configs/experiment_research_registry.json,Corrected W18 reference evidence; no trained/protected empirical winner claimed.
REQ-653,A,COMPLETE_W18,AC-192,REFERENCE_VERIFIED_W18_CORRECTED_REAL_RUNS_PENDING,W18+,,governance/W18_MASTER_REQUIREMENT_COVERAGE.csv;configs/experiment_research_registry.json,Corrected W18 reference evidence; no trained/protected empirical winner claimed.
REQ-654,A,COMPLETE_W18,AC-192,REFERENCE_VERIFIED_W18_CORRECTED_REAL_RUNS_PENDING,W18+,,governance/W18_MASTER_REQUIREMENT_COVERAGE.csv;configs/experiment_research_registry.json,Corrected W18 reference evidence; no trained/protected empirical winner claimed.
REQ-655,A,COMPLETE_W18,AC-194,REFERENCE_VERIFIED_W18_CORRECTED_REAL_RUNS_PENDING,W18+,,governance/W18_MASTER_REQUIREMENT_COVERAGE.csv;configs/experiment_research_registry.json,Corrected W18 reference evidence; no trained/protected empirical winner claimed.
REQ-656,A,COMPLETE_W18,AC-194,REFERENCE_VERIFIED_W18_CORRECTED_REAL_RUNS_PENDING,W18+,,governance/W18_MASTER_REQUIREMENT_COVERAGE.csv;configs/experiment_research_registry.json,Corrected W18 reference evidence; no trained/protected empirical winner claimed.
REQ-657,A,COMPLETE_W18,AC-194,REFERENCE_VERIFIED_W18_CORRECTED_REAL_RUNS_PENDING,W18+,,governance/W18_MASTER_REQUIREMENT_COVERAGE.csv;configs/experiment_research_registry.json,Corrected W18 reference evidence; no trained/protected empirical winner claimed.
REQ-658,A,COMPLETE_W18,AC-194,REFERENCE_VERIFIED_W18_CORRECTED_REAL_RUNS_PENDING,W18+,,governance/W18_MASTER_REQUIREMENT_COVERAGE.csv;configs/experiment_research_registry.json,Corrected W18 reference evidence; no trained/protected empirical winner claimed.
REQ-659,A,COMPLETE_W18,AC-194,REFERENCE_VERIFIED_W18_CORRECTED_REAL_RUNS_PENDING,W18+,,governance/W18_MASTER_REQUIREMENT_COVERAGE.csv;configs/experiment_research_registry.json,Corrected W18 reference evidence; no trained/protected empirical winner claimed.
REQ-660,A,COMPLETE_W18,AC-194,REFERENCE_VERIFIED_W18_CORRECTED_REAL_RUNS_PENDING,W18+,,governance/W18_MASTER_REQUIREMENT_COVERAGE.csv;configs/experiment_research_registry.json,Corrected W18 reference evidence; no trained/protected empirical winner claimed.
REQ-661,A,COMPLETE_W18,AC-194,REFERENCE_VERIFIED_W18_CORRECTED_REAL_RUNS_PENDING,W18+,,governance/W18_MASTER_REQUIREMENT_COVERAGE.csv;configs/experiment_research_registry.json,Corrected W18 reference evidence; no trained/protected empirical winner claimed.
REQ-662,B,COMPLETE_W18,AC-194,REFERENCE_VERIFIED_W18_CORRECTED_REAL_RUNS_PENDING,W18+,,governance/W18_MASTER_REQUIREMENT_COVERAGE.csv;configs/experiment_research_registry.json,Corrected W18 reference evidence; no trained/protected empirical winner claimed.
REQ-663,B,COMPLETE_W18,AC-194,REFERENCE_VERIFIED_W18_CORRECTED_REAL_RUNS_PENDING,W18+,,governance/W18_MASTER_REQUIREMENT_COVERAGE.csv;configs/experiment_research_registry.json,Corrected W18 reference evidence; no trained/protected empirical winner claimed.
REQ-664,A,COMPLETE_W18,AC-197,REFERENCE_VERIFIED_W18_CORRECTED_REAL_RUNS_PENDING,W18+,,governance/W18_MASTER_REQUIREMENT_COVERAGE.csv;configs/experiment_research_registry.json,Corrected W18 reference evidence; no trained/protected empirical winner claimed.
REQ-665,A,COMPLETE_W18,AC-197,REFERENCE_VERIFIED_W18_CORRECTED_REAL_RUNS_PENDING,W18+,,governance/W18_MASTER_REQUIREMENT_COVERAGE.csv;configs/experiment_research_registry.json,Corrected W18 reference evidence; no trained/protected empirical winner claimed.
REQ-666,A,COMPLETE_W18,AC-197,REFERENCE_VERIFIED_W18_CORRECTED_REAL_RUNS_PENDING,W18+,,governance/W18_MASTER_REQUIREMENT_COVERAGE.csv;configs/experiment_research_registry.json,Corrected W18 reference evidence; no trained/protected empirical winner claimed.
REQ-667,A,COMPLETE_W18,AC-197,REFERENCE_VERIFIED_W18_CORRECTED_REAL_RUNS_PENDING,W18+,,governance/W18_MASTER_REQUIREMENT_COVERAGE.csv;configs/experiment_research_registry.json,Corrected W18 reference evidence; no trained/protected empirical winner claimed.
REQ-668,A,COMPLETE_W18,AC-198,REFERENCE_VERIFIED_W18_CORRECTED_REAL_RUNS_PENDING,W18+,,governance/W18_MASTER_REQUIREMENT_COVERAGE.csv;configs/experiment_research_registry.json,Corrected W18 reference evidence; no trained/protected empirical winner claimed.
REQ-669,A,COMPLETE_W18,AC-198,REFERENCE_VERIFIED_W18_CORRECTED_REAL_RUNS_PENDING,W18+,,governance/W18_MASTER_REQUIREMENT_COVERAGE.csv;configs/experiment_research_registry.json,Corrected W18 reference evidence; no trained/protected empirical winner claimed.
REQ-670,A,COMPLETE_W18,AC-198,REFERENCE_VERIFIED_W18_CORRECTED_REAL_RUNS_PENDING,W18+,,governance/W18_MASTER_REQUIREMENT_COVERAGE.csv;configs/experiment_research_registry.json,Corrected W18 reference evidence; no trained/protected empirical winner claimed.
REQ-671,A,COMPLETE_W18,AC-200,REFERENCE_VERIFIED_W18_CORRECTED_REAL_RUNS_PENDING,W18+,,governance/W18_MASTER_REQUIREMENT_COVERAGE.csv;configs/experiment_research_registry.json,Corrected W18 reference evidence; no trained/protected empirical winner claimed.
REQ-672,A,COMPLETE_W18,AC-200,REFERENCE_VERIFIED_W18_CORRECTED_REAL_RUNS_PENDING,W18+,,governance/W18_MASTER_REQUIREMENT_COVERAGE.csv;configs/experiment_research_registry.json,Corrected W18 reference evidence; no trained/protected empirical winner claimed.
REQ-673,A,COMPLETE_W18,AC-200,REFERENCE_VERIFIED_W18_CORRECTED_REAL_RUNS_PENDING,W18+,,governance/W18_MASTER_REQUIREMENT_COVERAGE.csv;configs/experiment_research_registry.json,Corrected W18 reference evidence; no trained/protected empirical winner claimed.
REQ-674,A,COMPLETE_W18,AC-200,REFERENCE_VERIFIED_W18_CORRECTED_REAL_RUNS_PENDING,W18+,,governance/W18_MASTER_REQUIREMENT_COVERAGE.csv;configs/experiment_research_registry.json,Corrected W18 reference evidence; no trained/protected empirical winner claimed.
REQ-675,A,COMPLETE_W18,AC-200,REFERENCE_VERIFIED_W18_CORRECTED_REAL_RUNS_PENDING,W18+,,governance/W18_MASTER_REQUIREMENT_COVERAGE.csv;configs/experiment_research_registry.json,Corrected W18 reference evidence; no trained/protected empirical winner claimed.
REQ-676,A,COMPLETE_W18,AC-200,REFERENCE_VERIFIED_W18_CORRECTED_REAL_RUNS_PENDING,W18+,,governance/W18_MASTER_REQUIREMENT_COVERAGE.csv;configs/experiment_research_registry.json,Corrected W18 reference evidence; no trained/protected empirical winner claimed.
REQ-677,A,COMPLETE_W18,AC-205,REFERENCE_VERIFIED_W18_CORRECTED_REAL_RUNS_PENDING,W18+,,governance/W18_MASTER_REQUIREMENT_COVERAGE.csv;configs/experiment_research_registry.json,Corrected W18 reference evidence; no trained/protected empirical winner claimed.
REQ-678,A,COMPLETE_W18,AC-205,REFERENCE_VERIFIED_W18_CORRECTED_REAL_RUNS_PENDING,W18+,,governance/W18_MASTER_REQUIREMENT_COVERAGE.csv;configs/experiment_research_registry.json,Corrected W18 reference evidence; no trained/protected empirical winner claimed.
REQ-679,A,COMPLETE_W18,AC-205,REFERENCE_VERIFIED_W18_CORRECTED_REAL_RUNS_PENDING,W18+,,governance/W18_MASTER_REQUIREMENT_COVERAGE.csv;configs/experiment_research_registry.json,Corrected W18 reference evidence; no trained/protected empirical winner claimed.
REQ-680,A,COMPLETE_W18,AC-205,REFERENCE_VERIFIED_W18_CORRECTED_REAL_RUNS_PENDING,W18+,,governance/W18_MASTER_REQUIREMENT_COVERAGE.csv;configs/experiment_research_registry.json,Corrected W18 reference evidence; no trained/protected empirical winner claimed.
REQ-681,A,COMPLETE_W18,AC-209,PASS_W18_FULL_REFERENCE,W18,,docs/94_W18_ACCEPTANCE_TRACEABILITY.md;governance/W18_FULL_REQUIREMENT_TO_ARTIFACT_MATRIX.csv;tests/,Reference/governance implementation verified; real empirical research remains pending W19/W20 materialization.
REQ-682,A,COMPLETE_W18,AC-210,PASS_W18_FULL_REFERENCE,W18,,docs/94_W18_ACCEPTANCE_TRACEABILITY.md;governance/W18_FULL_REQUIREMENT_TO_ARTIFACT_MATRIX.csv;tests/,Reference/governance implementation verified; real empirical research remains pending W19/W20 materialization.
REQ-683,A,COMPLETE_W18,AC-211,PASS_W18_FULL_REFERENCE,W18,,docs/94_W18_ACCEPTANCE_TRACEABILITY.md;governance/W18_FULL_REQUIREMENT_TO_ARTIFACT_MATRIX.csv;tests/,Reference/governance implementation verified; real empirical research remains pending W19/W20 materialization.
REQ-684,A,COMPLETE_W18,AC-212,PASS_W18_FULL_REFERENCE,W18,,docs/94_W18_ACCEPTANCE_TRACEABILITY.md;governance/W18_FULL_REQUIREMENT_TO_ARTIFACT_MATRIX.csv;tests/,Reference/governance implementation verified; real empirical research remains pending W19/W20 materialization.
REQ-685,A,COMPLETE_W18,AC-213,PASS_W18_FULL_REFERENCE,W18,,docs/94_W18_ACCEPTANCE_TRACEABILITY.md;governance/W18_FULL_REQUIREMENT_TO_ARTIFACT_MATRIX.csv;tests/,Reference/governance implementation verified; real empirical research remains pending W19/W20 materialization.
REQ-686,A,COMPLETE_W18,AC-214,PASS_W18_FULL_REFERENCE,W18,,docs/94_W18_ACCEPTANCE_TRACEABILITY.md;governance/W18_FULL_REQUIREMENT_TO_ARTIFACT_MATRIX.csv;tests/,Reference/governance implementation verified; real empirical research remains pending W19/W20 materialization.
REQ-687,B,COMPLETE_W18,AC-215,PASS_W18_FULL_REFERENCE,W18,,docs/94_W18_ACCEPTANCE_TRACEABILITY.md;governance/W18_FULL_REQUIREMENT_TO_ARTIFACT_MATRIX.csv;tests/,Reference/governance implementation verified; real empirical research remains pending W19/W20 materialization.
REQ-688,A,COMPLETE_W18,AC-216,PASS_W18_FULL_REFERENCE,W18,,docs/94_W18_ACCEPTANCE_TRACEABILITY.md;governance/W18_FULL_REQUIREMENT_TO_ARTIFACT_MATRIX.csv;tests/,Reference/governance implementation verified; real empirical research remains pending W19/W20 materialization.
REQ-689,A,COMPLETE_W18,AC-217,PASS_W18_FULL_REFERENCE,W18,,docs/94_W18_ACCEPTANCE_TRACEABILITY.md;governance/W18_FULL_REQUIREMENT_TO_ARTIFACT_MATRIX.csv;tests/,Reference/governance implementation verified; real empirical research remains pending W19/W20 materialization.
REQ-690,A,COMPLETE_W18,AC-218,PASS_W18_FULL_REFERENCE,W18,,docs/94_W18_ACCEPTANCE_TRACEABILITY.md;governance/W18_FULL_REQUIREMENT_TO_ARTIFACT_MATRIX.csv;tests/,Reference/governance implementation verified; real empirical research remains pending W19/W20 materialization.
REQ-691,B,COMPLETE_W18,AC-219,PASS_W18_FULL_REFERENCE,W18,,docs/94_W18_ACCEPTANCE_TRACEABILITY.md;governance/W18_FULL_REQUIREMENT_TO_ARTIFACT_MATRIX.csv;tests/,Reference/governance implementation verified; real empirical research remains pending W19/W20 materialization.
REQ-692,B,COMPLETE_W18,AC-220,PASS_W18_FULL_REFERENCE,W18,,docs/94_W18_ACCEPTANCE_TRACEABILITY.md;governance/W18_FULL_REQUIREMENT_TO_ARTIFACT_MATRIX.csv;tests/,Reference/governance implementation verified; real empirical research remains pending W19/W20 materialization.
REQ-693,A,COMPLETE_W18,AC-221,PASS_W18_FULL_REFERENCE,W18,,docs/94_W18_ACCEPTANCE_TRACEABILITY.md;governance/W18_FULL_REQUIREMENT_TO_ARTIFACT_MATRIX.csv;tests/,Reference/governance implementation verified; real empirical research remains pending W19/W20 materialization.
REQ-694,A,COMPLETE_W18,AC-222,PASS_W18_FULL_REFERENCE,W18,,docs/94_W18_ACCEPTANCE_TRACEABILITY.md;governance/W18_FULL_REQUIREMENT_TO_ARTIFACT_MATRIX.csv;tests/,Reference/governance implementation verified; real empirical research remains pending W19/W20 materialization.
REQ-695,A,COMPLETE_W18,AC-223,PASS_W18_FULL_REFERENCE,W18,,docs/94_W18_ACCEPTANCE_TRACEABILITY.md;governance/W18_FULL_REQUIREMENT_TO_ARTIFACT_MATRIX.csv;tests/,Reference/governance implementation verified; real empirical research remains pending W19/W20 materialization.
REQ-696,B,COMPLETE_W18,AC-224,PASS_W18_FULL_REFERENCE,W18,,docs/94_W18_ACCEPTANCE_TRACEABILITY.md;governance/W18_FULL_REQUIREMENT_TO_ARTIFACT_MATRIX.csv;tests/,Reference/governance implementation verified; real empirical research remains pending W19/W20 materialization.
REQ-697,A,COMPLETE_W18,AC-225,PASS_W18_FULL_REFERENCE,W18,,docs/94_W18_ACCEPTANCE_TRACEABILITY.md;governance/W18_FULL_REQUIREMENT_TO_ARTIFACT_MATRIX.csv;tests/,Reference/governance implementation verified; real empirical research remains pending W19/W20 materialization.
REQ-698,A,COMPLETE_W18,AC-226,PASS_W18_FULL_REFERENCE,W18,,docs/94_W18_ACCEPTANCE_TRACEABILITY.md;governance/W18_FULL_REQUIREMENT_TO_ARTIFACT_MATRIX.csv;tests/,Reference/governance implementation verified; real empirical research remains pending W19/W20 materialization.
REQ-699,A,COMPLETE_W18,AC-227,PASS_W18_FULL_REFERENCE,W18,,docs/94_W18_ACCEPTANCE_TRACEABILITY.md;governance/W18_FULL_REQUIREMENT_TO_ARTIFACT_MATRIX.csv;tests/,Reference/governance implementation verified; real empirical research remains pending W19/W20 materialization.
REQ-700,A,COMPLETE_W18,AC-228,PASS_W18_FULL_REFERENCE,W18,,docs/94_W18_ACCEPTANCE_TRACEABILITY.md;governance/W18_FULL_REQUIREMENT_TO_ARTIFACT_MATRIX.csv;tests/,Reference/governance implementation verified; real empirical research remains pending W19/W20 materialization.
REQ-701,A,COMPLETE_W19,AC-008;AC-055;AC-056,VERIFIED_W19_FUNCTIONAL_STARTER,W19,,docs/101_W19_FOUNDATION_IMPLEMENTATION.md;tests/test_w19_foundation.py,W19 executable starter evidence; no empirical model/feature claim.
REQ-702,A,COMPLETE_W19,AC-055;AC-056,VERIFIED_W19_FUNCTIONAL_STARTER,W19,,docs/101_W19_FOUNDATION_IMPLEMENTATION.md;tests/test_w19_foundation.py,W19 executable starter evidence; no empirical model/feature claim.
REQ-703,A,COMPLETE_W19,AC-008;AC-055;AC-056,VERIFIED_W19_FUNCTIONAL_STARTER,W19,,docs/101_W19_FOUNDATION_IMPLEMENTATION.md;tests/test_w19_foundation.py,W19 executable starter evidence; no empirical model/feature claim.
REQ-704,A,COMPLETE_W19,AC-008;AC-055;AC-056,VERIFIED_W19_FUNCTIONAL_STARTER,W19,,docs/101_W19_FOUNDATION_IMPLEMENTATION.md;tests/test_w19_foundation.py,W19 executable starter evidence; no empirical model/feature claim.
REQ-705,A,COMPLETE_W19,AC-008;AC-055;AC-056,VERIFIED_W19_FUNCTIONAL_STARTER,W19,,docs/101_W19_FOUNDATION_IMPLEMENTATION.md;tests/test_w19_foundation.py,W19 executable starter evidence; no empirical model/feature claim.
REQ-706,A,COMPLETE_W20,AC-022;AC-055;AC-056,VERIFIED_W20_FUNCTIONAL_STARTER,W20,,docs/103_W20_MODEL_CALIBRATION_BAS_IMPLEMENTATION.md;tests/test_w20_model_starter.py,Executable starter evidence; protected empirical results not inspected.
REQ-707,A,COMPLETE_W20,AC-022;AC-025;AC-026;AC-055;AC-056,VERIFIED_W20_FUNCTIONAL_STARTER,W20,,docs/103_W20_MODEL_CALIBRATION_BAS_IMPLEMENTATION.md;tests/test_w20_model_starter.py,Executable starter evidence; protected empirical results not inspected.
REQ-708,B,COMPLETE_W20,AC-022;AC-055;AC-056,VERIFIED_W20_FUNCTIONAL_STARTER,W20,,docs/103_W20_MODEL_CALIBRATION_BAS_IMPLEMENTATION.md;tests/test_w20_model_starter.py,Executable starter evidence; protected empirical results not inspected.
REQ-709,A,COMPLETE_W20,AC-022;AC-033;AC-034;AC-035;AC-055;AC-056,VERIFIED_W20_FUNCTIONAL_STARTER,W20,,docs/103_W20_MODEL_CALIBRATION_BAS_IMPLEMENTATION.md;tests/test_w20_model_starter.py,Executable starter evidence; protected empirical results not inspected.
REQ-710,A,COMPLETE_W20,AC-033;AC-055;AC-056,VERIFIED_W20_FUNCTIONAL_STARTER,W20,,docs/103_W20_MODEL_CALIBRATION_BAS_IMPLEMENTATION.md;tests/test_w20_model_starter.py,Executable starter evidence; protected empirical results not inspected.
REQ-711,A,COMPLETE_W20,AC-028;AC-033;AC-055;AC-056,VERIFIED_W20_FUNCTIONAL_STARTER,W20,,docs/103_W20_MODEL_CALIBRATION_BAS_IMPLEMENTATION.md;tests/test_w20_model_starter.py,Executable starter evidence; protected empirical results not inspected.
REQ-712,A,COMPLETE_W20,AC-030;AC-033;AC-055;AC-056,VERIFIED_W20_FUNCTIONAL_STARTER,W20,,docs/103_W20_MODEL_CALIBRATION_BAS_IMPLEMENTATION.md;tests/test_w20_model_starter.py,Executable starter evidence; protected empirical results not inspected.
REQ-713,A,COMPLETE_W20,AC-022;AC-028;AC-030;AC-033;AC-055;AC-056,VERIFIED_W20_FUNCTIONAL_STARTER,W20,,docs/103_W20_MODEL_CALIBRATION_BAS_IMPLEMENTATION.md;tests/test_w20_model_starter.py,Executable starter evidence; protected empirical results not inspected.
REQ-714,A,COMPLETE_W21,AC-036;AC-055;AC-056,VERIFIED_W21_FUNCTIONAL_STARTER,W21,,src/aggie_analytics/orchestration/checkpoints.py;src/aggie_analytics/orchestration/weekly.py;tests/test_w21_weekly_mlops.py,Executable W21 starter evidence. No protected empirical metric is exposed to the research/orchestration search plane.
REQ-715,A,COMPLETE_W21,AC-020;AC-036;AC-055;AC-056,VERIFIED_W21_FUNCTIONAL_STARTER,W21,,src/aggie_analytics/orchestration/weekly.py;tests/test_w21_weekly_mlops.py,Executable W21 starter evidence. No protected empirical metric is exposed to the research/orchestration search plane.
REQ-716,B,COMPLETE_W21,AC-032;AC-055;AC-056,VERIFIED_W21_FUNCTIONAL_STARTER,W21,,docs/105_W21_AUTONOMOUS_WEEKLY_MLOPS.md;src/aggie_analytics/orchestration/weekly.py,Executable W21 starter evidence. No protected empirical metric is exposed to the research/orchestration search plane.
REQ-717,A,COMPLETE_W21,AC-031;AC-055;AC-056,VERIFIED_W21_FUNCTIONAL_STARTER,W21,,src/aggie_analytics/orchestration/promotion.py;tests/test_w21_weekly_mlops.py,Executable W21 starter evidence. No protected empirical metric is exposed to the research/orchestration search plane.
REQ-718,A,COMPLETE_W21,AC-031;AC-039;AC-055;AC-056,VERIFIED_W21_FUNCTIONAL_STARTER,W21,,src/aggie_analytics/orchestration/promotion.py;tests/test_w21_weekly_mlops.py,Executable W21 starter evidence. No protected empirical metric is exposed to the research/orchestration search plane.
REQ-719,A,COMPLETE_W21,AC-033;AC-037;AC-055;AC-056,VERIFIED_W21_FUNCTIONAL_STARTER,W21,,src/aggie_analytics/orchestration/publication.py;tests/test_w21_weekly_mlops.py,Executable W21 starter evidence. No protected empirical metric is exposed to the research/orchestration search plane.
REQ-720,A,COMPLETE_W21,AC-033;AC-039;AC-055;AC-056,VERIFIED_W21_FUNCTIONAL_STARTER,W21,,src/aggie_analytics/orchestration/postmortem.py;tests/test_w21_weekly_mlops.py,Executable W21 starter evidence. No protected empirical metric is exposed to the research/orchestration search plane.
REQ-721,A,COMPLETE_W21,AC-031;AC-033;AC-034;AC-035;AC-036;AC-037;AC-038;AC-039;AC-055;AC-056,VERIFIED_W21_FUNCTIONAL_STARTER,W21,,tools/validate_w21_mlops.py;governance/W21_VALIDATION_REPORT.md;tests/test_w21_weekly_mlops.py,Executable W21 starter evidence. No protected empirical metric is exposed to the research/orchestration search plane.
REQ-722,A,COMPLETE_W22,AC-046;AC-055;AC-056,VERIFIED_W22_FUNCTIONAL_STARTER,W22+,,src/aggie_analytics/product/service.py;tools/validate_w22_product.py,Executable W22 snapshot-only serving evidence.
REQ-723,A,COMPLETE_W22,AC-033;AC-046;AC-055;AC-056,VERIFIED_W22_FUNCTIONAL_STARTER,W22+,,docs/product/API_CONTRACT.md;tests/test_w22_product_serving.py,Executable W22 API/lane evidence.
REQ-724,A,COMPLETE_W22,AC-037;AC-055;AC-056,VERIFIED_W22_FUNCTIONAL_STARTER_THRESHOLD_TBD,W22+,THR-010,src/aggie_analytics/product/freshness.py;tests/test_w22_product_serving.py,Stale visibility is tested; production threshold remains intentionally TBD.
REQ-725,A,COMPLETE_W22,AC-033;AC-037;AC-055;AC-056,VERIFIED_W22_FUNCTIONAL_STARTER,W22+,,src/aggie_analytics/product/service.py;src/aggie_analytics/product/static/index.html,Product surfaces are executable; real upstream evidence quality remains separate.
REQ-726,A,COMPLETE_W22,AC-046;AC-055;AC-056,VERIFIED_W22_FUNCTIONAL_STARTER,W22+,,src/aggie_analytics/product/explainability.py;tests/test_w22_product_serving.py,Precomputed/non-causal serving boundary tested.
REQ-727,A,COMPLETE_W22,AC-033;AC-046;AC-055;AC-056,VERIFIED_W22_FUNCTIONAL_STARTER,W22+,,src/aggie_analytics/product/service.py;tests/test_w22_product_serving.py,Model/feature/data/source lineage exposed from immutable snapshot.
REQ-728,B,COMPLETE_W22,AC-046;AC-055;AC-056,VERIFIED_W22_ARCHITECTURE_DECISION,W22-W23,,docs/product/FRAMEWORK_DECISION.md;pyproject.toml,FastAPI optional adapter; Streamlit/React remain alternatives.
REQ-729,A,COMPLETE_W22,AC-033;AC-037;AC-046;AC-055;AC-056,VERIFIED_W22_FUNCTIONAL_STARTER,W22,,tools/validate_w22_product.py;governance/W22_VALIDATION_REPORT.md;tests/test_w22_product_serving.py,Executable W22 product gate evidence.
REQ-730,A,COMPLETE_W23,AC-002;AC-041;AC-055;AC-056,VERIFIED_W23_REFERENCE_CI,W23+,,.github/workflows/ci.yml;requirements/product.lock,Core/product CI and pin policy implemented; hosted runs occur after repository push.
REQ-731,A,COMPLETE_W23,AC-042;AC-055;AC-056,VERIFIED_W23_REFERENCE,W23+,,src/aggie_analytics/operations/observability.py;tests/test_w23_operations.py,Redaction/structured telemetry tests pass.
REQ-732,A,COMPLETE_W23,AC-034;AC-055;AC-056,VERIFIED_W23_REFERENCE,W23+,,src/aggie_analytics/operations/environment.py;tools/capture_runtime_manifest.py,Runtime manifest captures version evidence with safe env allowlist.
REQ-733,A,BLOCKED_TARGET_HARDWARE_W23,AC-038;AC-055;AC-056,BLOCKED_W23_TARGET_HARDWARE,W23,THR-011;THR-012,governance/W23_NON_TARGET_BENCHMARK_SMOKE.json;docs/operations/TARGET_HARDWARE_BENCHMARK.md,Harness implemented; current smoke is explicitly non-authoritative.
REQ-734,A,COMPLETE_W23,AC-039;AC-040;AC-055;AC-056,VERIFIED_W23_REFERENCE,W23+,,src/aggie_analytics/operations/backup.py;tests/test_w23_operations.py,Round-trip/tamper/path-safe restore reference evidence.
REQ-735,A,COMPLETE_W23,AC-039;AC-055;AC-056,VERIFIED_W23_POLICY,W23+,,src/aggie_analytics/operations/retention.py;docs/operations/BACKUP_RESTORE_RETENTION_RUNBOOK.md,Protected immutable histories are non-auto-delete.
REQ-736,A,COMPLETE_W23,AC-038;AC-055;AC-056,VERIFIED_W23_FAIL_HONEST,W23,THR-011;THR-012,tools/validate_w23_operations.py;governance/W23_ADAPTIVE_REVIEW.md,W23 cannot clear or advance while AC-038 is blocked.
REQ-737,A,COMPLETE_W24,AC-233;AC-055;AC-056,VERIFIED_W24_CONTROLLED_OVERRIDE,W24-W25,THR-011;THR-012,governance/W24_ADAPTIVE_REVIEW.md;docs/architecture/W24_FINAL_ARCHITECTURE_CHALLENGE.md,Sequencing override only; W23 target evidence remains blocked.
REQ-738,A,COMPLETE_W24,AC-229;AC-055;AC-056,VERIFIED_W24_REFERENCE,W24,,src/aggie_analytics/readiness/e2e.py;tests/test_w24_readiness.py,Cross-layer synthetic E2E.
REQ-739,A,COMPLETE_W24,AC-229;AC-055;AC-056,VERIFIED_W24_FAIL_HONEST,W24-W25,,docs/readiness/W24_END_TO_END_READINESS.md;tests/test_w24_readiness.py,Readiness explicitly differs from empirical replay.
REQ-740,A,COMPLETE_W24,AC-230;AC-011;AC-012,VERIFIED_W24_REFERENCE,W24+,,src/aggie_analytics/temporal/eligibility.py;tests/test_w24_readiness.py,Target-game output identity guard.
REQ-741,A,COMPLETE_W24,AC-231;AC-057;AC-058;AC-059,VERIFIED_W24_CURRENT_RESEARCH,W24,,docs/data_research/w24/SOURCE_REFRESH_DELTA.csv;docs/data_research/w24/SOURCE_RESEARCH_LOG.csv,Targeted current source refresh.
REQ-742,A,COMPLETE_W24,AC-231;AC-009;AC-010,VERIFIED_W24_PROVENANCE,W24+,,docs/data_research/w24/SOURCE_REFRESH_DELTA.csv,Shared upstream cannot count as independent corroboration.
REQ-743,A,COMPLETE_W24,AC-231;AC-013;AC-059,VERIFIED_W24_SOURCE_GOVERNANCE,W24+,,docs/data_research/w24/SOURCE_REFRESH_DELTA.csv,Weather access/history semantics documented.
REQ-744,A,COMPLETE_W24,AC-232;AC-055;AC-056,VERIFIED_W24_ARCHITECTURE_AUDIT,W24,,docs/architecture/W24_FINAL_ARCHITECTURE_CHALLENGE.md,Major decisions classified.
REQ-745,A,ACTIVE_CARRIED_W25,AC-233;AC-234;AC-038,CARRIED_TO_W25_UNRESOLVED_TARGET_HARDWARE,W24-W25,THR-011;THR-012,governance/NEXT_WAVE.md;docs/architecture/W24_FINAL_ARCHITECTURE_CHALLENGE.md,W25 cannot overstate local production readiness if target evidence remains absent.
