requirement_id,task_id,mapping_role,notes
REQ-001,TASK-187,PRIMARY,W05 implementation traceability baseline; revise through controlled plan changes when evidence changes.
REQ-002,TASK-187,PRIMARY,W05 implementation traceability baseline; revise through controlled plan changes when evidence changes.
REQ-003,TASK-186,PRIMARY,W05 implementation traceability baseline; revise through controlled plan changes when evidence changes.
REQ-004,TASK-186,PRIMARY,W05 implementation traceability baseline; revise through controlled plan changes when evidence changes.
REQ-005,TASK-186,PRIMARY,W05 implementation traceability baseline; revise through controlled plan changes when evidence changes.
REQ-006,TASK-186,PRIMARY,W05 implementation traceability baseline; revise through controlled plan changes when evidence changes.
REQ-007,TASK-187,PRIMARY,W05 implementation traceability baseline; revise through controlled plan changes when evidence changes.
REQ-008,TASK-187,PRIMARY,W05 implementation traceability baseline; revise through controlled plan changes when evidence changes.
REQ-009,TASK-187,PRIMARY,W05 implementation traceability baseline; revise through controlled plan changes when evidence changes.
REQ-010,TASK-187,PRIMARY,W05 implementation traceability baseline; revise through controlled plan changes when evidence changes.
REQ-011,TASK-187,PRIMARY,W05 implementation traceability baseline; revise through controlled plan changes when evidence changes.
REQ-012,TASK-187,PRIMARY,W05 implementation traceability baseline; revise through controlled plan changes when evidence changes.
REQ-013,TASK-187,PRIMARY,W05 implementation traceability baseline; revise through controlled plan changes when evidence changes.
REQ-014,TASK-187,PRIMARY,W05 implementation traceability baseline; revise through controlled plan changes when evidence changes.
REQ-015,TASK-187,PRIMARY,W05 implementation traceability baseline; revise through controlled plan changes when evidence changes.
REQ-016,TASK-187,PRIMARY,W05 implementation traceability baseline; revise through controlled plan changes when evidence changes.
REQ-017,TASK-187,PRIMARY,W05 implementation traceability baseline; revise through controlled plan changes when evidence changes.
REQ-018,TASK-187,PRIMARY,W05 implementation traceability baseline; revise through controlled plan changes when evidence changes.
REQ-019,TASK-139,PRIMARY,W05 implementation traceability baseline; revise through controlled plan changes when evidence changes.
REQ-020,TASK-187,PRIMARY,W05 implementation traceability baseline; revise through controlled plan changes when evidence changes.
REQ-021,TASK-099,PRIMARY,W05 implementation traceability baseline; revise through controlled plan changes when evidence changes.
REQ-022,TASK-099,PRIMARY,W05 implementation traceability baseline; revise through controlled plan changes when evidence changes.
REQ-023,TASK-082,PRIMARY,W05 implementation traceability baseline; revise through controlled plan changes when evidence changes.
REQ-024,TASK-184,PRIMARY,W05 implementation traceability baseline; revise through controlled plan changes when evidence changes.
REQ-025,TASK-099,PRIMARY,W05 implementation traceability baseline; revise through controlled plan changes when evidence changes.
REQ-026,TASK-099,PRIMARY,W05 implementation traceability baseline; revise through controlled plan changes when evidence changes.
REQ-027,TASK-099,PRIMARY,W05 implementation traceability baseline; revise through controlled plan changes when evidence changes.
REQ-028,TASK-099,PRIMARY,W05 implementation traceability baseline; revise through controlled plan changes when evidence changes.
REQ-029,TASK-157,PRIMARY,W05 implementation traceability baseline; revise through controlled plan changes when evidence changes.
REQ-030,TASK-157,PRIMARY,W05 implementation traceability baseline; revise through controlled plan changes when evidence changes.
REQ-031,TASK-052,PRIMARY,W05 implementation traceability baseline; revise through controlled plan changes when evidence changes.
REQ-032,TASK-157,PRIMARY,W05 implementation traceability baseline; revise through controlled plan changes when evidence changes.
REQ-033,TASK-157,PRIMARY,W05 implementation traceability baseline; revise through controlled plan changes when evidence changes.
REQ-034,TASK-157,PRIMARY,W05 implementation traceability baseline; revise through controlled plan changes when evidence changes.
REQ-035,TASK-184,PRIMARY,W05 implementation traceability baseline; revise through controlled plan changes when evidence changes.
REQ-036,TASK-184,PRIMARY,W05 implementation traceability baseline; revise through controlled plan changes when evidence changes.
REQ-037,TASK-052,PRIMARY,W05 implementation traceability baseline; revise through controlled plan changes when evidence changes.
REQ-038,TASK-012,PRIMARY,W05 implementation traceability baseline; revise through controlled plan changes when evidence changes.
REQ-039,TASK-018,PRIMARY,W05 implementation traceability baseline; revise through controlled plan changes when evidence changes.
REQ-040,TASK-012,PRIMARY,W05 implementation traceability baseline; revise through controlled plan changes when evidence changes.
REQ-041,TASK-018,PRIMARY,W05 implementation traceability baseline; revise through controlled plan changes when evidence changes.
REQ-042,TASK-018,PRIMARY,W05 implementation traceability baseline; revise through controlled plan changes when evidence changes.
REQ-043,TASK-070,PRIMARY,W05 implementation traceability baseline; revise through controlled plan changes when evidence changes.
REQ-044,TASK-018,PRIMARY,W05 implementation traceability baseline; revise through controlled plan changes when evidence changes.
REQ-045,TASK-052,PRIMARY,W05 implementation traceability baseline; revise through controlled plan changes when evidence changes.
REQ-046,TASK-052,PRIMARY,W05 implementation traceability baseline; revise through controlled plan changes when evidence changes.
REQ-047,TASK-052,PRIMARY,W05 implementation traceability baseline; revise through controlled plan changes when evidence changes.
REQ-048,TASK-070,PRIMARY,W05 implementation traceability baseline; revise through controlled plan changes when evidence changes.
REQ-049,TASK-012,PRIMARY,W05 implementation traceability baseline; revise through controlled plan changes when evidence changes.
REQ-050,TASK-099,PRIMARY,W05 implementation traceability baseline; revise through controlled plan changes when evidence changes.
REQ-051,TASK-023,PRIMARY,W05 implementation traceability baseline; revise through controlled plan changes when evidence changes.
REQ-052,TASK-023,PRIMARY,W05 implementation traceability baseline; revise through controlled plan changes when evidence changes.
REQ-053,TASK-046,PRIMARY,W05 implementation traceability baseline; revise through controlled plan changes when evidence changes.
REQ-054,TASK-006,PRIMARY,W05 implementation traceability baseline; revise through controlled plan changes when evidence changes.
REQ-055,TASK-046,PRIMARY,W05 implementation traceability baseline; revise through controlled plan changes when evidence changes.
REQ-056,TASK-187,PRIMARY,W05 implementation traceability baseline; revise through controlled plan changes when evidence changes.
REQ-057,TASK-006,PRIMARY,W05 implementation traceability baseline; revise through controlled plan changes when evidence changes.
REQ-058,TASK-012,PRIMARY,W05 implementation traceability baseline; revise through controlled plan changes when evidence changes.
REQ-059,TASK-076,PRIMARY,W05 implementation traceability baseline; revise through controlled plan changes when evidence changes.
REQ-060,TASK-133,PRIMARY,W05 implementation traceability baseline; revise through controlled plan changes when evidence changes.
REQ-061,TASK-133,PRIMARY,W05 implementation traceability baseline; revise through controlled plan changes when evidence changes.
REQ-062,TASK-012,PRIMARY,W05 implementation traceability baseline; revise through controlled plan changes when evidence changes.
REQ-063,TASK-076,PRIMARY,W05 implementation traceability baseline; revise through controlled plan changes when evidence changes.
REQ-064,TASK-029,PRIMARY,W05 implementation traceability baseline; revise through controlled plan changes when evidence changes.
REQ-065,TASK-029,PRIMARY,W05 implementation traceability baseline; revise through controlled plan changes when evidence changes.
REQ-066,TASK-029,PRIMARY,W05 implementation traceability baseline; revise through controlled plan changes when evidence changes.
REQ-067,TASK-164,PRIMARY,W05 implementation traceability baseline; revise through controlled plan changes when evidence changes.
REQ-068,TASK-082,PRIMARY,W05 implementation traceability baseline; revise through controlled plan changes when evidence changes.
REQ-069,TASK-052,PRIMARY,W05 implementation traceability baseline; revise through controlled plan changes when evidence changes.
REQ-070,TASK-035,PRIMARY,W05 implementation traceability baseline; revise through controlled plan changes when evidence changes.
REQ-071,TASK-052,PRIMARY,W05 implementation traceability baseline; revise through controlled plan changes when evidence changes.
REQ-072,TASK-052,PRIMARY,W05 implementation traceability baseline; revise through controlled plan changes when evidence changes.
REQ-073,TASK-052,PRIMARY,W05 implementation traceability baseline; revise through controlled plan changes when evidence changes.
REQ-074,TASK-052,PRIMARY,W05 implementation traceability baseline; revise through controlled plan changes when evidence changes.
REQ-075,TASK-052,PRIMARY,W05 implementation traceability baseline; revise through controlled plan changes when evidence changes.
REQ-076,TASK-064,PRIMARY,W05 implementation traceability baseline; revise through controlled plan changes when evidence changes.
REQ-077,TASK-064,PRIMARY,W05 implementation traceability baseline; revise through controlled plan changes when evidence changes.
REQ-078,TASK-070,PRIMARY,W05 implementation traceability baseline; revise through controlled plan changes when evidence changes.
REQ-079,TASK-070,PRIMARY,W05 implementation traceability baseline; revise through controlled plan changes when evidence changes.
REQ-080,TASK-070,PRIMARY,W05 implementation traceability baseline; revise through controlled plan changes when evidence changes.
REQ-081,TASK-076,PRIMARY,W05 implementation traceability baseline; revise through controlled plan changes when evidence changes.
REQ-082,TASK-076,PRIMARY,W05 implementation traceability baseline; revise through controlled plan changes when evidence changes.
REQ-083,TASK-070,PRIMARY,W05 implementation traceability baseline; revise through controlled plan changes when evidence changes.
REQ-084,TASK-164,PRIMARY,W05 implementation traceability baseline; revise through controlled plan changes when evidence changes.
REQ-085,TASK-164,PRIMARY,W05 implementation traceability baseline; revise through controlled plan changes when evidence changes.
REQ-086,TASK-076,PRIMARY,W05 implementation traceability baseline; revise through controlled plan changes when evidence changes.
REQ-087,TASK-052,PRIMARY,W05 implementation traceability baseline; revise through controlled plan changes when evidence changes.
REQ-088,TASK-164,PRIMARY,W05 implementation traceability baseline; revise through controlled plan changes when evidence changes.
REQ-089,TASK-164,PRIMARY,W05 implementation traceability baseline; revise through controlled plan changes when evidence changes.
REQ-090,TASK-121,PRIMARY,W05 implementation traceability baseline; revise through controlled plan changes when evidence changes.
REQ-091,TASK-018,PRIMARY,W05 implementation traceability baseline; revise through controlled plan changes when evidence changes.
REQ-092,TASK-121,PRIMARY,W05 implementation traceability baseline; revise through controlled plan changes when evidence changes.
REQ-093,TASK-121,PRIMARY,W05 implementation traceability baseline; revise through controlled plan changes when evidence changes.
REQ-094,TASK-121,PRIMARY,W05 implementation traceability baseline; revise through controlled plan changes when evidence changes.
REQ-095,TASK-104,PRIMARY,W05 implementation traceability baseline; revise through controlled plan changes when evidence changes.
REQ-095,TASK-110,SUPPORTING,W05 implementation traceability baseline; revise through controlled plan changes when evidence changes.
REQ-096,TASK-104,PRIMARY,W05 implementation traceability baseline; revise through controlled plan changes when evidence changes.
REQ-096,TASK-110,SUPPORTING,W05 implementation traceability baseline; revise through controlled plan changes when evidence changes.
REQ-097,TASK-104,PRIMARY,W05 implementation traceability baseline; revise through controlled plan changes when evidence changes.
REQ-097,TASK-110,SUPPORTING,W05 implementation traceability baseline; revise through controlled plan changes when evidence changes.
REQ-098,TASK-164,PRIMARY,W05 implementation traceability baseline; revise through controlled plan changes when evidence changes.
REQ-099,TASK-099,PRIMARY,W05 implementation traceability baseline; revise through controlled plan changes when evidence changes.
REQ-100,TASK-099,PRIMARY,W05 implementation traceability baseline; revise through controlled plan changes when evidence changes.
REQ-101,TASK-099,PRIMARY,W05 implementation traceability baseline; revise through controlled plan changes when evidence changes.
REQ-102,TASK-099,PRIMARY,W05 implementation traceability baseline; revise through controlled plan changes when evidence changes.
REQ-103,TASK-104,PRIMARY,W05 implementation traceability baseline; revise through controlled plan changes when evidence changes.
REQ-103,TASK-110,SUPPORTING,W05 implementation traceability baseline; revise through controlled plan changes when evidence changes.
REQ-104,TASK-104,PRIMARY,W05 implementation traceability baseline; revise through controlled plan changes when evidence changes.
REQ-104,TASK-110,SUPPORTING,W05 implementation traceability baseline; revise through controlled plan changes when evidence changes.
REQ-105,TASK-104,PRIMARY,W05 implementation traceability baseline; revise through controlled plan changes when evidence changes.
REQ-105,TASK-110,SUPPORTING,W05 implementation traceability baseline; revise through controlled plan changes when evidence changes.
REQ-106,TASK-121,PRIMARY,W05 implementation traceability baseline; revise through controlled plan changes when evidence changes.
REQ-107,TASK-121,PRIMARY,W05 implementation traceability baseline; revise through controlled plan changes when evidence changes.
REQ-108,TASK-121,PRIMARY,W05 implementation traceability baseline; revise through controlled plan changes when evidence changes.
REQ-109,TASK-121,PRIMARY,W05 implementation traceability baseline; revise through controlled plan changes when evidence changes.
REQ-110,TASK-052,PRIMARY,W05 implementation traceability baseline; revise through controlled plan changes when evidence changes.
REQ-111,TASK-139,PRIMARY,W05 implementation traceability baseline; revise through controlled plan changes when evidence changes.
REQ-112,TASK-163,PRIMARY,W05 implementation traceability baseline; revise through controlled plan changes when evidence changes.
REQ-113,TASK-163,PRIMARY,W05 implementation traceability baseline; revise through controlled plan changes when evidence changes.
REQ-114,TASK-163,PRIMARY,W05 implementation traceability baseline; revise through controlled plan changes when evidence changes.
REQ-115,TASK-151,PRIMARY,W05 implementation traceability baseline; revise through controlled plan changes when evidence changes.
REQ-116,TASK-052,PRIMARY,W05 implementation traceability baseline; revise through controlled plan changes when evidence changes.
REQ-117,TASK-151,PRIMARY,W05 implementation traceability baseline; revise through controlled plan changes when evidence changes.
REQ-118,TASK-187,PRIMARY,W05 implementation traceability baseline; revise through controlled plan changes when evidence changes.
REQ-119,TASK-163,PRIMARY,W05 implementation traceability baseline; revise through controlled plan changes when evidence changes.
REQ-120,TASK-163,PRIMARY,W05 implementation traceability baseline; revise through controlled plan changes when evidence changes.
REQ-121,TASK-139,PRIMARY,W05 implementation traceability baseline; revise through controlled plan changes when evidence changes.
REQ-122,TASK-157,PRIMARY,W05 implementation traceability baseline; revise through controlled plan changes when evidence changes.
REQ-123,TASK-163,PRIMARY,W05 implementation traceability baseline; revise through controlled plan changes when evidence changes.
REQ-124,TASK-046,PRIMARY,W05 implementation traceability baseline; revise through controlled plan changes when evidence changes.
REQ-125,TASK-187,PRIMARY,W05 implementation traceability baseline; revise through controlled plan changes when evidence changes.
REQ-126,TASK-187,PRIMARY,W05 implementation traceability baseline; revise through controlled plan changes when evidence changes.
REQ-127,TASK-187,PRIMARY,W05 implementation traceability baseline; revise through controlled plan changes when evidence changes.
REQ-128,TASK-139,PRIMARY,W05 implementation traceability baseline; revise through controlled plan changes when evidence changes.
REQ-129,TASK-139,PRIMARY,W05 implementation traceability baseline; revise through controlled plan changes when evidence changes.
REQ-130,TASK-184,PRIMARY,W05 implementation traceability baseline; revise through controlled plan changes when evidence changes.
REQ-131,TASK-187,PRIMARY,W05 implementation traceability baseline; revise through controlled plan changes when evidence changes.
REQ-132,TASK-187,PRIMARY,W05 implementation traceability baseline; revise through controlled plan changes when evidence changes.
REQ-133,TASK-187,PRIMARY,W05 implementation traceability baseline; revise through controlled plan changes when evidence changes.
REQ-134,TASK-163,PRIMARY,W05 implementation traceability baseline; revise through controlled plan changes when evidence changes.
REQ-135,TASK-163,PRIMARY,W05 implementation traceability baseline; revise through controlled plan changes when evidence changes.
REQ-136,TASK-121,PRIMARY,W05 implementation traceability baseline; revise through controlled plan changes when evidence changes.
REQ-137,TASK-186,PRIMARY,W05 implementation traceability baseline; revise through controlled plan changes when evidence changes.
REQ-138,TASK-163,PRIMARY,W05 implementation traceability baseline; revise through controlled plan changes when evidence changes.
REQ-138,TASK-186,SUPPORTING,W05 implementation traceability baseline; revise through controlled plan changes when evidence changes.
REQ-139,TASK-186,PRIMARY,W05 implementation traceability baseline; revise through controlled plan changes when evidence changes.
REQ-140,TASK-163,PRIMARY,W05 implementation traceability baseline; revise through controlled plan changes when evidence changes.
REQ-141,TASK-163,PRIMARY,W05 implementation traceability baseline; revise through controlled plan changes when evidence changes.
REQ-142,TASK-187,PRIMARY,W05 implementation traceability baseline; revise through controlled plan changes when evidence changes.
REQ-143,TASK-187,PRIMARY,W05 implementation traceability baseline; revise through controlled plan changes when evidence changes.
REQ-144,TASK-187,PRIMARY,W05 implementation traceability baseline; revise through controlled plan changes when evidence changes.
REQ-145,TASK-163,PRIMARY,W05 implementation traceability baseline; revise through controlled plan changes when evidence changes.
REQ-146,TASK-187,PRIMARY,W05 implementation traceability baseline; revise through controlled plan changes when evidence changes.
REQ-147,TASK-186,PRIMARY,W05 implementation traceability baseline; revise through controlled plan changes when evidence changes.
REQ-148,TASK-121,PRIMARY,W05 implementation traceability baseline; revise through controlled plan changes when evidence changes.
REQ-149,TASK-163,PRIMARY,W05 implementation traceability baseline; revise through controlled plan changes when evidence changes.
REQ-150,TASK-187,PRIMARY,W05 implementation traceability baseline; revise through controlled plan changes when evidence changes.
REQ-151,TASK-187,PRIMARY,W05 implementation traceability baseline; revise through controlled plan changes when evidence changes.
REQ-152,TASK-152,PRIMARY,W05 implementation traceability baseline; revise through controlled plan changes when evidence changes.
REQ-152,TASK-187,SUPPORTING,W05 implementation traceability baseline; revise through controlled plan changes when evidence changes.
REQ-153,TASK-187,PRIMARY,W05 implementation traceability baseline; revise through controlled plan changes when evidence changes.
REQ-154,TASK-187,PRIMARY,W05 implementation traceability baseline; revise through controlled plan changes when evidence changes.
REQ-155,TASK-012,PRIMARY,W05 implementation traceability baseline; revise through controlled plan changes when evidence changes.
REQ-156,TASK-046,PRIMARY,W05 implementation traceability baseline; revise through controlled plan changes when evidence changes.
REQ-157,TASK-121,PRIMARY,W05 implementation traceability baseline; revise through controlled plan changes when evidence changes.
REQ-158,TASK-018,PRIMARY,W05 implementation traceability baseline; revise through controlled plan changes when evidence changes.
REQ-159,TASK-012,PRIMARY,W05 implementation traceability baseline; revise through controlled plan changes when evidence changes.
REQ-160,TASK-099,PRIMARY,W05 implementation traceability baseline; revise through controlled plan changes when evidence changes.
REQ-161,TASK-099,PRIMARY,W05 implementation traceability baseline; revise through controlled plan changes when evidence changes.
REQ-162,TASK-099,PRIMARY,W05 implementation traceability baseline; revise through controlled plan changes when evidence changes.
REQ-163,TASK-121,PRIMARY,W05 implementation traceability baseline; revise through controlled plan changes when evidence changes.
REQ-164,TASK-104,PRIMARY,W05 implementation traceability baseline; revise through controlled plan changes when evidence changes.
REQ-164,TASK-110,SUPPORTING,W05 implementation traceability baseline; revise through controlled plan changes when evidence changes.
REQ-165,TASK-127,PRIMARY,W05 implementation traceability baseline; revise through controlled plan changes when evidence changes.
REQ-166,TASK-187,PRIMARY,W05 implementation traceability baseline; revise through controlled plan changes when evidence changes.
REQ-167,TASK-046,PRIMARY,W05 implementation traceability baseline; revise through controlled plan changes when evidence changes.
REQ-168,TASK-012,PRIMARY,W05 implementation traceability baseline; revise through controlled plan changes when evidence changes.
REQ-169,TASK-152,PRIMARY,W05 implementation traceability baseline; revise through controlled plan changes when evidence changes.
REQ-169,TASK-187,SUPPORTING,W05 implementation traceability baseline; revise through controlled plan changes when evidence changes.
REQ-170,TASK-187,PRIMARY,W05 implementation traceability baseline; revise through controlled plan changes when evidence changes.
REQ-171,TASK-152,PRIMARY,W05 implementation traceability baseline; revise through controlled plan changes when evidence changes.
REQ-171,TASK-187,SUPPORTING,W05 implementation traceability baseline; revise through controlled plan changes when evidence changes.
REQ-172,TASK-139,PRIMARY,W05 implementation traceability baseline; revise through controlled plan changes when evidence changes.
REQ-173,TASK-187,PRIMARY,W05 implementation traceability baseline; revise through controlled plan changes when evidence changes.
REQ-174,TASK-121,PRIMARY,W05 implementation traceability baseline; revise through controlled plan changes when evidence changes.
REQ-175,TASK-163,PRIMARY,W05 implementation traceability baseline; revise through controlled plan changes when evidence changes.
REQ-176,TASK-187,PRIMARY,W05 implementation traceability baseline; revise through controlled plan changes when evidence changes.
REQ-177,TASK-187,PRIMARY,W05 implementation traceability baseline; revise through controlled plan changes when evidence changes.
REQ-178,TASK-187,PRIMARY,W05 implementation traceability baseline; revise through controlled plan changes when evidence changes.
REQ-179,TASK-133,PRIMARY,W05 implementation traceability baseline; revise through controlled plan changes when evidence changes.
REQ-180,TASK-187,PRIMARY,W05 implementation traceability baseline; revise through controlled plan changes when evidence changes.
REQ-181,TASK-187,PRIMARY,W05 implementation traceability baseline; revise through controlled plan changes when evidence changes.
REQ-182,TASK-187,PRIMARY,W05 implementation traceability baseline; revise through controlled plan changes when evidence changes.
REQ-183,TASK-139,PRIMARY,W05 implementation traceability baseline; revise through controlled plan changes when evidence changes.
REQ-184,TASK-163,PRIMARY,W05 implementation traceability baseline; revise through controlled plan changes when evidence changes.
REQ-184,TASK-186,SUPPORTING,W05 implementation traceability baseline; revise through controlled plan changes when evidence changes.
REQ-185,TASK-163,PRIMARY,W05 implementation traceability baseline; revise through controlled plan changes when evidence changes.
REQ-185,TASK-186,SUPPORTING,W05 implementation traceability baseline; revise through controlled plan changes when evidence changes.
REQ-186,TASK-163,PRIMARY,W05 implementation traceability baseline; revise through controlled plan changes when evidence changes.
REQ-186,TASK-186,SUPPORTING,W05 implementation traceability baseline; revise through controlled plan changes when evidence changes.
REQ-187,TASK-163,PRIMARY,W05 implementation traceability baseline; revise through controlled plan changes when evidence changes.
REQ-187,TASK-186,SUPPORTING,W05 implementation traceability baseline; revise through controlled plan changes when evidence changes.
REQ-188,TASK-163,PRIMARY,W05 implementation traceability baseline; revise through controlled plan changes when evidence changes.
REQ-188,TASK-186,SUPPORTING,W05 implementation traceability baseline; revise through controlled plan changes when evidence changes.
REQ-189,TASK-163,PRIMARY,W05 implementation traceability baseline; revise through controlled plan changes when evidence changes.
REQ-189,TASK-186,SUPPORTING,W05 implementation traceability baseline; revise through controlled plan changes when evidence changes.
REQ-190,TASK-121,PRIMARY,W05 implementation traceability baseline; revise through controlled plan changes when evidence changes.
REQ-191,TASK-018,PRIMARY,W05 implementation traceability baseline; revise through controlled plan changes when evidence changes.
REQ-192,TASK-145,PRIMARY,W05 implementation traceability baseline; revise through controlled plan changes when evidence changes.
REQ-193,TASK-121,PRIMARY,W05 implementation traceability baseline; revise through controlled plan changes when evidence changes.
REQ-194,TASK-133,PRIMARY,W05 implementation traceability baseline; revise through controlled plan changes when evidence changes.
REQ-195,TASK-076,PRIMARY,W05 implementation traceability baseline; revise through controlled plan changes when evidence changes.
REQ-196,TASK-012,PRIMARY,W05 implementation traceability baseline; revise through controlled plan changes when evidence changes.
REQ-197,TASK-023,PRIMARY,W05 implementation traceability baseline; revise through controlled plan changes when evidence changes.
REQ-198,TASK-006,PRIMARY,W05 implementation traceability baseline; revise through controlled plan changes when evidence changes.
REQ-199,TASK-018,PRIMARY,W05 implementation traceability baseline; revise through controlled plan changes when evidence changes.
REQ-200,TASK-046,PRIMARY,W05 implementation traceability baseline; revise through controlled plan changes when evidence changes.
REQ-201,TASK-046,PRIMARY,W05 implementation traceability baseline; revise through controlled plan changes when evidence changes.
REQ-202,TASK-046,PRIMARY,W05 implementation traceability baseline; revise through controlled plan changes when evidence changes.
REQ-203,TASK-151,PRIMARY,W05 implementation traceability baseline; revise through controlled plan changes when evidence changes.
REQ-204,TASK-187,PRIMARY,W05 implementation traceability baseline; revise through controlled plan changes when evidence changes.
REQ-205,TASK-076,PRIMARY,W05 implementation traceability baseline; revise through controlled plan changes when evidence changes.
REQ-206,TASK-133,PRIMARY,W05 implementation traceability baseline; revise through controlled plan changes when evidence changes.
REQ-207,TASK-133,PRIMARY,W05 implementation traceability baseline; revise through controlled plan changes when evidence changes.
REQ-208,TASK-187,PRIMARY,W05 implementation traceability baseline; revise through controlled plan changes when evidence changes.
REQ-209,TASK-187,PRIMARY,W05 implementation traceability baseline; revise through controlled plan changes when evidence changes.
REQ-210,TASK-187,PRIMARY,W05 implementation traceability baseline; revise through controlled plan changes when evidence changes.
REQ-211,TASK-006,PRIMARY,W05 implementation traceability baseline; revise through controlled plan changes when evidence changes.
REQ-212,TASK-157,PRIMARY,W05 implementation traceability baseline; revise through controlled plan changes when evidence changes.
REQ-213,TASK-076,PRIMARY,W05 implementation traceability baseline; revise through controlled plan changes when evidence changes.
REQ-214,TASK-151,PRIMARY,W05 implementation traceability baseline; revise through controlled plan changes when evidence changes.
REQ-215,TASK-187,PRIMARY,W05 implementation traceability baseline; revise through controlled plan changes when evidence changes.
REQ-216,TASK-187,PRIMARY,W05 implementation traceability baseline; revise through controlled plan changes when evidence changes.
REQ-217,TASK-187,PRIMARY,W05 implementation traceability baseline; revise through controlled plan changes when evidence changes.
REQ-218,TASK-187,PRIMARY,W05 implementation traceability baseline; revise through controlled plan changes when evidence changes.
REQ-219,TASK-187,PRIMARY,W05 implementation traceability baseline; revise through controlled plan changes when evidence changes.
REQ-220,TASK-187,PRIMARY,W05 implementation traceability baseline; revise through controlled plan changes when evidence changes.
REQ-221,TASK-187,PRIMARY,W05 implementation traceability baseline; revise through controlled plan changes when evidence changes.
REQ-222,TASK-188,PRIMARY,W05 implementation traceability baseline; revise through controlled plan changes when evidence changes.
REQ-223,TASK-187,PRIMARY,W05 implementation traceability baseline; revise through controlled plan changes when evidence changes.
REQ-224,TASK-006,PRIMARY,W05 implementation traceability baseline; revise through controlled plan changes when evidence changes.
REQ-225,TASK-006,PRIMARY,W05 implementation traceability baseline; revise through controlled plan changes when evidence changes.
REQ-226,TASK-187,PRIMARY,W05 implementation traceability baseline; revise through controlled plan changes when evidence changes.
REQ-227,TASK-187,PRIMARY,W05 implementation traceability baseline; revise through controlled plan changes when evidence changes.
REQ-228,TASK-187,PRIMARY,W05 implementation traceability baseline; revise through controlled plan changes when evidence changes.
REQ-229,TASK-187,PRIMARY,W05 implementation traceability baseline; revise through controlled plan changes when evidence changes.
REQ-230,TASK-189,PRIMARY,W05 implementation traceability baseline; revise through controlled plan changes when evidence changes.
REQ-231,TASK-187,PRIMARY,W05 implementation traceability baseline; revise through controlled plan changes when evidence changes.
REQ-232,TASK-187,PRIMARY,W05 implementation traceability baseline; revise through controlled plan changes when evidence changes.
REQ-233,TASK-187,PRIMARY,W05 implementation traceability baseline; revise through controlled plan changes when evidence changes.
REQ-234,TASK-188,PRIMARY,W05 implementation traceability baseline; revise through controlled plan changes when evidence changes.
REQ-235,TASK-187,PRIMARY,W05 implementation traceability baseline; revise through controlled plan changes when evidence changes.
REQ-236,TASK-187,PRIMARY,W05 implementation traceability baseline; revise through controlled plan changes when evidence changes.
REQ-237,TASK-188,PRIMARY,W05 implementation traceability baseline; revise through controlled plan changes when evidence changes.
REQ-238,TASK-187,PRIMARY,W05 implementation traceability baseline; revise through controlled plan changes when evidence changes.
REQ-239,TASK-187,PRIMARY,W05 implementation traceability baseline; revise through controlled plan changes when evidence changes.
REQ-240,TASK-188,PRIMARY,W05 implementation traceability baseline; revise through controlled plan changes when evidence changes.
REQ-232,TASK-001,TASK_ANCHOR,W05 task-level semantic/plan trace; does not imply later-wave evidence is complete.
REQ-198,TASK-001,TASK_ANCHOR,W05 task-level semantic/plan trace; does not imply later-wave evidence is complete.
REQ-233,TASK-001,TASK_ANCHOR,W05 task-level semantic/plan trace; does not imply later-wave evidence is complete.
REQ-232,TASK-002,TASK_ANCHOR,W05 task-level semantic/plan trace; does not imply later-wave evidence is complete.
REQ-198,TASK-002,TASK_ANCHOR,W05 task-level semantic/plan trace; does not imply later-wave evidence is complete.
REQ-233,TASK-002,TASK_ANCHOR,W05 task-level semantic/plan trace; does not imply later-wave evidence is complete.
REQ-232,TASK-003,TASK_ANCHOR,W05 task-level semantic/plan trace; does not imply later-wave evidence is complete.
REQ-198,TASK-003,TASK_ANCHOR,W05 task-level semantic/plan trace; does not imply later-wave evidence is complete.
REQ-233,TASK-003,TASK_ANCHOR,W05 task-level semantic/plan trace; does not imply later-wave evidence is complete.
REQ-232,TASK-004,TASK_ANCHOR,W05 task-level semantic/plan trace; does not imply later-wave evidence is complete.
REQ-198,TASK-004,TASK_ANCHOR,W05 task-level semantic/plan trace; does not imply later-wave evidence is complete.
REQ-233,TASK-004,TASK_ANCHOR,W05 task-level semantic/plan trace; does not imply later-wave evidence is complete.
REQ-232,TASK-005,TASK_ANCHOR,W05 task-level semantic/plan trace; does not imply later-wave evidence is complete.
REQ-198,TASK-005,TASK_ANCHOR,W05 task-level semantic/plan trace; does not imply later-wave evidence is complete.
REQ-233,TASK-005,TASK_ANCHOR,W05 task-level semantic/plan trace; does not imply later-wave evidence is complete.
REQ-233,TASK-006,TASK_ANCHOR,W05 task-level semantic/plan trace; does not imply later-wave evidence is complete.
REQ-232,TASK-006,TASK_ANCHOR,W05 task-level semantic/plan trace; does not imply later-wave evidence is complete.
REQ-232,TASK-007,TASK_ANCHOR,W05 task-level semantic/plan trace; does not imply later-wave evidence is complete.
REQ-037,TASK-007,TASK_ANCHOR,W05 task-level semantic/plan trace; does not imply later-wave evidence is complete.
REQ-233,TASK-007,TASK_ANCHOR,W05 task-level semantic/plan trace; does not imply later-wave evidence is complete.
REQ-232,TASK-008,TASK_ANCHOR,W05 task-level semantic/plan trace; does not imply later-wave evidence is complete.
REQ-037,TASK-008,TASK_ANCHOR,W05 task-level semantic/plan trace; does not imply later-wave evidence is complete.
REQ-233,TASK-008,TASK_ANCHOR,W05 task-level semantic/plan trace; does not imply later-wave evidence is complete.
REQ-232,TASK-009,TASK_ANCHOR,W05 task-level semantic/plan trace; does not imply later-wave evidence is complete.
REQ-037,TASK-009,TASK_ANCHOR,W05 task-level semantic/plan trace; does not imply later-wave evidence is complete.
REQ-233,TASK-009,TASK_ANCHOR,W05 task-level semantic/plan trace; does not imply later-wave evidence is complete.
REQ-232,TASK-010,TASK_ANCHOR,W05 task-level semantic/plan trace; does not imply later-wave evidence is complete.
REQ-037,TASK-010,TASK_ANCHOR,W05 task-level semantic/plan trace; does not imply later-wave evidence is complete.
REQ-233,TASK-010,TASK_ANCHOR,W05 task-level semantic/plan trace; does not imply later-wave evidence is complete.
REQ-232,TASK-011,TASK_ANCHOR,W05 task-level semantic/plan trace; does not imply later-wave evidence is complete.
REQ-037,TASK-011,TASK_ANCHOR,W05 task-level semantic/plan trace; does not imply later-wave evidence is complete.
REQ-233,TASK-011,TASK_ANCHOR,W05 task-level semantic/plan trace; does not imply later-wave evidence is complete.
REQ-233,TASK-012,TASK_ANCHOR,W05 task-level semantic/plan trace; does not imply later-wave evidence is complete.
REQ-037,TASK-012,TASK_ANCHOR,W05 task-level semantic/plan trace; does not imply later-wave evidence is complete.
REQ-232,TASK-012,TASK_ANCHOR,W05 task-level semantic/plan trace; does not imply later-wave evidence is complete.
REQ-233,TASK-013,TASK_ANCHOR,W05 task-level semantic/plan trace; does not imply later-wave evidence is complete.
REQ-232,TASK-013,TASK_ANCHOR,W05 task-level semantic/plan trace; does not imply later-wave evidence is complete.
REQ-059,TASK-013,TASK_ANCHOR,W05 task-level semantic/plan trace; does not imply later-wave evidence is complete.
REQ-233,TASK-014,TASK_ANCHOR,W05 task-level semantic/plan trace; does not imply later-wave evidence is complete.
REQ-232,TASK-014,TASK_ANCHOR,W05 task-level semantic/plan trace; does not imply later-wave evidence is complete.
REQ-059,TASK-014,TASK_ANCHOR,W05 task-level semantic/plan trace; does not imply later-wave evidence is complete.
REQ-233,TASK-015,TASK_ANCHOR,W05 task-level semantic/plan trace; does not imply later-wave evidence is complete.
REQ-232,TASK-015,TASK_ANCHOR,W05 task-level semantic/plan trace; does not imply later-wave evidence is complete.
REQ-059,TASK-015,TASK_ANCHOR,W05 task-level semantic/plan trace; does not imply later-wave evidence is complete.
REQ-233,TASK-016,TASK_ANCHOR,W05 task-level semantic/plan trace; does not imply later-wave evidence is complete.
REQ-232,TASK-016,TASK_ANCHOR,W05 task-level semantic/plan trace; does not imply later-wave evidence is complete.
REQ-059,TASK-016,TASK_ANCHOR,W05 task-level semantic/plan trace; does not imply later-wave evidence is complete.
REQ-233,TASK-017,TASK_ANCHOR,W05 task-level semantic/plan trace; does not imply later-wave evidence is complete.
REQ-232,TASK-017,TASK_ANCHOR,W05 task-level semantic/plan trace; does not imply later-wave evidence is complete.
REQ-059,TASK-017,TASK_ANCHOR,W05 task-level semantic/plan trace; does not imply later-wave evidence is complete.
REQ-233,TASK-018,TASK_ANCHOR,W05 task-level semantic/plan trace; does not imply later-wave evidence is complete.
REQ-156,TASK-018,TASK_ANCHOR,W05 task-level semantic/plan trace; does not imply later-wave evidence is complete.
REQ-059,TASK-018,TASK_ANCHOR,W05 task-level semantic/plan trace; does not imply later-wave evidence is complete.
REQ-232,TASK-018,TASK_ANCHOR,W05 task-level semantic/plan trace; does not imply later-wave evidence is complete.
REQ-233,TASK-019,TASK_ANCHOR,W05 task-level semantic/plan trace; does not imply later-wave evidence is complete.
REQ-232,TASK-019,TASK_ANCHOR,W05 task-level semantic/plan trace; does not imply later-wave evidence is complete.
REQ-051,TASK-019,TASK_ANCHOR,W05 task-level semantic/plan trace; does not imply later-wave evidence is complete.
REQ-233,TASK-020,TASK_ANCHOR,W05 task-level semantic/plan trace; does not imply later-wave evidence is complete.
REQ-232,TASK-020,TASK_ANCHOR,W05 task-level semantic/plan trace; does not imply later-wave evidence is complete.
REQ-051,TASK-020,TASK_ANCHOR,W05 task-level semantic/plan trace; does not imply later-wave evidence is complete.
REQ-233,TASK-021,TASK_ANCHOR,W05 task-level semantic/plan trace; does not imply later-wave evidence is complete.
REQ-232,TASK-021,TASK_ANCHOR,W05 task-level semantic/plan trace; does not imply later-wave evidence is complete.
REQ-051,TASK-021,TASK_ANCHOR,W05 task-level semantic/plan trace; does not imply later-wave evidence is complete.
REQ-233,TASK-022,TASK_ANCHOR,W05 task-level semantic/plan trace; does not imply later-wave evidence is complete.
REQ-232,TASK-022,TASK_ANCHOR,W05 task-level semantic/plan trace; does not imply later-wave evidence is complete.
REQ-051,TASK-022,TASK_ANCHOR,W05 task-level semantic/plan trace; does not imply later-wave evidence is complete.
REQ-233,TASK-023,TASK_ANCHOR,W05 task-level semantic/plan trace; does not imply later-wave evidence is complete.
REQ-232,TASK-023,TASK_ANCHOR,W05 task-level semantic/plan trace; does not imply later-wave evidence is complete.
REQ-063,TASK-023,TASK_ANCHOR,W05 task-level semantic/plan trace; does not imply later-wave evidence is complete.
REQ-064,TASK-024,TASK_ANCHOR,W05 task-level semantic/plan trace; does not imply later-wave evidence is complete.
REQ-232,TASK-024,TASK_ANCHOR,W05 task-level semantic/plan trace; does not imply later-wave evidence is complete.
REQ-233,TASK-024,TASK_ANCHOR,W05 task-level semantic/plan trace; does not imply later-wave evidence is complete.
REQ-064,TASK-025,TASK_ANCHOR,W05 task-level semantic/plan trace; does not imply later-wave evidence is complete.
REQ-232,TASK-025,TASK_ANCHOR,W05 task-level semantic/plan trace; does not imply later-wave evidence is complete.
REQ-233,TASK-025,TASK_ANCHOR,W05 task-level semantic/plan trace; does not imply later-wave evidence is complete.
REQ-064,TASK-026,TASK_ANCHOR,W05 task-level semantic/plan trace; does not imply later-wave evidence is complete.
REQ-232,TASK-026,TASK_ANCHOR,W05 task-level semantic/plan trace; does not imply later-wave evidence is complete.
REQ-233,TASK-026,TASK_ANCHOR,W05 task-level semantic/plan trace; does not imply later-wave evidence is complete.
REQ-064,TASK-027,TASK_ANCHOR,W05 task-level semantic/plan trace; does not imply later-wave evidence is complete.
REQ-232,TASK-027,TASK_ANCHOR,W05 task-level semantic/plan trace; does not imply later-wave evidence is complete.
REQ-233,TASK-027,TASK_ANCHOR,W05 task-level semantic/plan trace; does not imply later-wave evidence is complete.
REQ-064,TASK-028,TASK_ANCHOR,W05 task-level semantic/plan trace; does not imply later-wave evidence is complete.
REQ-232,TASK-028,TASK_ANCHOR,W05 task-level semantic/plan trace; does not imply later-wave evidence is complete.
REQ-233,TASK-028,TASK_ANCHOR,W05 task-level semantic/plan trace; does not imply later-wave evidence is complete.
REQ-233,TASK-029,TASK_ANCHOR,W05 task-level semantic/plan trace; does not imply later-wave evidence is complete.
REQ-232,TASK-029,TASK_ANCHOR,W05 task-level semantic/plan trace; does not imply later-wave evidence is complete.
REQ-233,TASK-030,TASK_ANCHOR,W05 task-level semantic/plan trace; does not imply later-wave evidence is complete.
REQ-232,TASK-030,TASK_ANCHOR,W05 task-level semantic/plan trace; does not imply later-wave evidence is complete.
REQ-023,TASK-030,TASK_ANCHOR,W05 task-level semantic/plan trace; does not imply later-wave evidence is complete.
REQ-233,TASK-031,TASK_ANCHOR,W05 task-level semantic/plan trace; does not imply later-wave evidence is complete.
REQ-232,TASK-031,TASK_ANCHOR,W05 task-level semantic/plan trace; does not imply later-wave evidence is complete.
REQ-023,TASK-031,TASK_ANCHOR,W05 task-level semantic/plan trace; does not imply later-wave evidence is complete.
REQ-233,TASK-032,TASK_ANCHOR,W05 task-level semantic/plan trace; does not imply later-wave evidence is complete.
REQ-232,TASK-032,TASK_ANCHOR,W05 task-level semantic/plan trace; does not imply later-wave evidence is complete.
REQ-023,TASK-032,TASK_ANCHOR,W05 task-level semantic/plan trace; does not imply later-wave evidence is complete.
REQ-233,TASK-033,TASK_ANCHOR,W05 task-level semantic/plan trace; does not imply later-wave evidence is complete.
REQ-232,TASK-033,TASK_ANCHOR,W05 task-level semantic/plan trace; does not imply later-wave evidence is complete.
REQ-023,TASK-033,TASK_ANCHOR,W05 task-level semantic/plan trace; does not imply later-wave evidence is complete.
REQ-233,TASK-034,TASK_ANCHOR,W05 task-level semantic/plan trace; does not imply later-wave evidence is complete.
REQ-232,TASK-034,TASK_ANCHOR,W05 task-level semantic/plan trace; does not imply later-wave evidence is complete.
REQ-023,TASK-034,TASK_ANCHOR,W05 task-level semantic/plan trace; does not imply later-wave evidence is complete.
REQ-233,TASK-035,TASK_ANCHOR,W05 task-level semantic/plan trace; does not imply later-wave evidence is complete.
REQ-071,TASK-035,TASK_ANCHOR,W05 task-level semantic/plan trace; does not imply later-wave evidence is complete.
REQ-023,TASK-035,TASK_ANCHOR,W05 task-level semantic/plan trace; does not imply later-wave evidence is complete.
REQ-232,TASK-035,TASK_ANCHOR,W05 task-level semantic/plan trace; does not imply later-wave evidence is complete.
REQ-106,TASK-036,TASK_ANCHOR,W05 task-level semantic/plan trace; does not imply later-wave evidence is complete.
REQ-232,TASK-036,TASK_ANCHOR,W05 task-level semantic/plan trace; does not imply later-wave evidence is complete.
REQ-233,TASK-036,TASK_ANCHOR,W05 task-level semantic/plan trace; does not imply later-wave evidence is complete.
REQ-106,TASK-037,TASK_ANCHOR,W05 task-level semantic/plan trace; does not imply later-wave evidence is complete.
REQ-232,TASK-037,TASK_ANCHOR,W05 task-level semantic/plan trace; does not imply later-wave evidence is complete.
REQ-233,TASK-037,TASK_ANCHOR,W05 task-level semantic/plan trace; does not imply later-wave evidence is complete.
REQ-106,TASK-038,TASK_ANCHOR,W05 task-level semantic/plan trace; does not imply later-wave evidence is complete.
REQ-232,TASK-038,TASK_ANCHOR,W05 task-level semantic/plan trace; does not imply later-wave evidence is complete.
REQ-233,TASK-038,TASK_ANCHOR,W05 task-level semantic/plan trace; does not imply later-wave evidence is complete.
REQ-106,TASK-039,TASK_ANCHOR,W05 task-level semantic/plan trace; does not imply later-wave evidence is complete.
REQ-232,TASK-039,TASK_ANCHOR,W05 task-level semantic/plan trace; does not imply later-wave evidence is complete.
REQ-233,TASK-039,TASK_ANCHOR,W05 task-level semantic/plan trace; does not imply later-wave evidence is complete.
REQ-106,TASK-040,TASK_ANCHOR,W05 task-level semantic/plan trace; does not imply later-wave evidence is complete.
REQ-232,TASK-040,TASK_ANCHOR,W05 task-level semantic/plan trace; does not imply later-wave evidence is complete.
REQ-233,TASK-040,TASK_ANCHOR,W05 task-level semantic/plan trace; does not imply later-wave evidence is complete.
REQ-232,TASK-041,TASK_ANCHOR,W05 task-level semantic/plan trace; does not imply later-wave evidence is complete.
REQ-058,TASK-041,TASK_ANCHOR,W05 task-level semantic/plan trace; does not imply later-wave evidence is complete.
REQ-233,TASK-041,TASK_ANCHOR,W05 task-level semantic/plan trace; does not imply later-wave evidence is complete.
REQ-232,TASK-042,TASK_ANCHOR,W05 task-level semantic/plan trace; does not imply later-wave evidence is complete.
REQ-058,TASK-042,TASK_ANCHOR,W05 task-level semantic/plan trace; does not imply later-wave evidence is complete.
REQ-233,TASK-042,TASK_ANCHOR,W05 task-level semantic/plan trace; does not imply later-wave evidence is complete.
REQ-232,TASK-043,TASK_ANCHOR,W05 task-level semantic/plan trace; does not imply later-wave evidence is complete.
REQ-058,TASK-043,TASK_ANCHOR,W05 task-level semantic/plan trace; does not imply later-wave evidence is complete.
REQ-233,TASK-043,TASK_ANCHOR,W05 task-level semantic/plan trace; does not imply later-wave evidence is complete.
REQ-232,TASK-044,TASK_ANCHOR,W05 task-level semantic/plan trace; does not imply later-wave evidence is complete.
REQ-058,TASK-044,TASK_ANCHOR,W05 task-level semantic/plan trace; does not imply later-wave evidence is complete.
REQ-233,TASK-044,TASK_ANCHOR,W05 task-level semantic/plan trace; does not imply later-wave evidence is complete.
REQ-232,TASK-045,TASK_ANCHOR,W05 task-level semantic/plan trace; does not imply later-wave evidence is complete.
REQ-058,TASK-045,TASK_ANCHOR,W05 task-level semantic/plan trace; does not imply later-wave evidence is complete.
REQ-233,TASK-045,TASK_ANCHOR,W05 task-level semantic/plan trace; does not imply later-wave evidence is complete.
REQ-058,TASK-046,TASK_ANCHOR,W05 task-level semantic/plan trace; does not imply later-wave evidence is complete.
REQ-233,TASK-046,TASK_ANCHOR,W05 task-level semantic/plan trace; does not imply later-wave evidence is complete.
REQ-155,TASK-046,TASK_ANCHOR,W05 task-level semantic/plan trace; does not imply later-wave evidence is complete.
REQ-232,TASK-046,TASK_ANCHOR,W05 task-level semantic/plan trace; does not imply later-wave evidence is complete.
REQ-072,TASK-047,TASK_ANCHOR,W05 task-level semantic/plan trace; does not imply later-wave evidence is complete.
REQ-232,TASK-047,TASK_ANCHOR,W05 task-level semantic/plan trace; does not imply later-wave evidence is complete.
REQ-233,TASK-047,TASK_ANCHOR,W05 task-level semantic/plan trace; does not imply later-wave evidence is complete.
REQ-072,TASK-048,TASK_ANCHOR,W05 task-level semantic/plan trace; does not imply later-wave evidence is complete.
REQ-232,TASK-048,TASK_ANCHOR,W05 task-level semantic/plan trace; does not imply later-wave evidence is complete.
REQ-233,TASK-048,TASK_ANCHOR,W05 task-level semantic/plan trace; does not imply later-wave evidence is complete.
REQ-072,TASK-049,TASK_ANCHOR,W05 task-level semantic/plan trace; does not imply later-wave evidence is complete.
REQ-232,TASK-049,TASK_ANCHOR,W05 task-level semantic/plan trace; does not imply later-wave evidence is complete.
REQ-233,TASK-049,TASK_ANCHOR,W05 task-level semantic/plan trace; does not imply later-wave evidence is complete.
REQ-072,TASK-050,TASK_ANCHOR,W05 task-level semantic/plan trace; does not imply later-wave evidence is complete.
REQ-232,TASK-050,TASK_ANCHOR,W05 task-level semantic/plan trace; does not imply later-wave evidence is complete.
REQ-233,TASK-050,TASK_ANCHOR,W05 task-level semantic/plan trace; does not imply later-wave evidence is complete.
REQ-072,TASK-051,TASK_ANCHOR,W05 task-level semantic/plan trace; does not imply later-wave evidence is complete.
REQ-232,TASK-051,TASK_ANCHOR,W05 task-level semantic/plan trace; does not imply later-wave evidence is complete.
REQ-233,TASK-051,TASK_ANCHOR,W05 task-level semantic/plan trace; does not imply later-wave evidence is complete.
REQ-233,TASK-052,TASK_ANCHOR,W05 task-level semantic/plan trace; does not imply later-wave evidence is complete.
REQ-232,TASK-052,TASK_ANCHOR,W05 task-level semantic/plan trace; does not imply later-wave evidence is complete.
REQ-074,TASK-053,TASK_ANCHOR,W05 task-level semantic/plan trace; does not imply later-wave evidence is complete.
REQ-232,TASK-053,TASK_ANCHOR,W05 task-level semantic/plan trace; does not imply later-wave evidence is complete.
REQ-233,TASK-053,TASK_ANCHOR,W05 task-level semantic/plan trace; does not imply later-wave evidence is complete.
REQ-074,TASK-054,TASK_ANCHOR,W05 task-level semantic/plan trace; does not imply later-wave evidence is complete.
REQ-232,TASK-054,TASK_ANCHOR,W05 task-level semantic/plan trace; does not imply later-wave evidence is complete.
REQ-233,TASK-054,TASK_ANCHOR,W05 task-level semantic/plan trace; does not imply later-wave evidence is complete.
REQ-074,TASK-055,TASK_ANCHOR,W05 task-level semantic/plan trace; does not imply later-wave evidence is complete.
REQ-232,TASK-055,TASK_ANCHOR,W05 task-level semantic/plan trace; does not imply later-wave evidence is complete.
REQ-233,TASK-055,TASK_ANCHOR,W05 task-level semantic/plan trace; does not imply later-wave evidence is complete.
REQ-074,TASK-056,TASK_ANCHOR,W05 task-level semantic/plan trace; does not imply later-wave evidence is complete.
REQ-232,TASK-056,TASK_ANCHOR,W05 task-level semantic/plan trace; does not imply later-wave evidence is complete.
REQ-233,TASK-056,TASK_ANCHOR,W05 task-level semantic/plan trace; does not imply later-wave evidence is complete.
REQ-074,TASK-057,TASK_ANCHOR,W05 task-level semantic/plan trace; does not imply later-wave evidence is complete.
REQ-232,TASK-057,TASK_ANCHOR,W05 task-level semantic/plan trace; does not imply later-wave evidence is complete.
REQ-233,TASK-057,TASK_ANCHOR,W05 task-level semantic/plan trace; does not imply later-wave evidence is complete.
REQ-074,TASK-058,TASK_ANCHOR,W05 task-level semantic/plan trace; does not imply later-wave evidence is complete.
REQ-232,TASK-058,TASK_ANCHOR,W05 task-level semantic/plan trace; does not imply later-wave evidence is complete.
REQ-075,TASK-058,TASK_ANCHOR,W05 task-level semantic/plan trace; does not imply later-wave evidence is complete.
REQ-233,TASK-058,TASK_ANCHOR,W05 task-level semantic/plan trace; does not imply later-wave evidence is complete.
REQ-076,TASK-059,TASK_ANCHOR,W05 task-level semantic/plan trace; does not imply later-wave evidence is complete.
REQ-232,TASK-059,TASK_ANCHOR,W05 task-level semantic/plan trace; does not imply later-wave evidence is complete.
REQ-233,TASK-059,TASK_ANCHOR,W05 task-level semantic/plan trace; does not imply later-wave evidence is complete.
REQ-076,TASK-060,TASK_ANCHOR,W05 task-level semantic/plan trace; does not imply later-wave evidence is complete.
REQ-232,TASK-060,TASK_ANCHOR,W05 task-level semantic/plan trace; does not imply later-wave evidence is complete.
REQ-233,TASK-060,TASK_ANCHOR,W05 task-level semantic/plan trace; does not imply later-wave evidence is complete.
REQ-076,TASK-061,TASK_ANCHOR,W05 task-level semantic/plan trace; does not imply later-wave evidence is complete.
REQ-232,TASK-061,TASK_ANCHOR,W05 task-level semantic/plan trace; does not imply later-wave evidence is complete.
REQ-233,TASK-061,TASK_ANCHOR,W05 task-level semantic/plan trace; does not imply later-wave evidence is complete.
REQ-076,TASK-062,TASK_ANCHOR,W05 task-level semantic/plan trace; does not imply later-wave evidence is complete.
REQ-232,TASK-062,TASK_ANCHOR,W05 task-level semantic/plan trace; does not imply later-wave evidence is complete.
REQ-233,TASK-062,TASK_ANCHOR,W05 task-level semantic/plan trace; does not imply later-wave evidence is complete.
REQ-076,TASK-063,TASK_ANCHOR,W05 task-level semantic/plan trace; does not imply later-wave evidence is complete.
REQ-232,TASK-063,TASK_ANCHOR,W05 task-level semantic/plan trace; does not imply later-wave evidence is complete.
REQ-233,TASK-063,TASK_ANCHOR,W05 task-level semantic/plan trace; does not imply later-wave evidence is complete.
REQ-232,TASK-064,TASK_ANCHOR,W05 task-level semantic/plan trace; does not imply later-wave evidence is complete.
REQ-233,TASK-064,TASK_ANCHOR,W05 task-level semantic/plan trace; does not imply later-wave evidence is complete.
REQ-233,TASK-065,TASK_ANCHOR,W05 task-level semantic/plan trace; does not imply later-wave evidence is complete.
REQ-232,TASK-065,TASK_ANCHOR,W05 task-level semantic/plan trace; does not imply later-wave evidence is complete.
REQ-043,TASK-065,TASK_ANCHOR,W05 task-level semantic/plan trace; does not imply later-wave evidence is complete.
REQ-233,TASK-066,TASK_ANCHOR,W05 task-level semantic/plan trace; does not imply later-wave evidence is complete.
REQ-232,TASK-066,TASK_ANCHOR,W05 task-level semantic/plan trace; does not imply later-wave evidence is complete.
REQ-043,TASK-066,TASK_ANCHOR,W05 task-level semantic/plan trace; does not imply later-wave evidence is complete.
REQ-233,TASK-067,TASK_ANCHOR,W05 task-level semantic/plan trace; does not imply later-wave evidence is complete.
REQ-232,TASK-067,TASK_ANCHOR,W05 task-level semantic/plan trace; does not imply later-wave evidence is complete.
REQ-043,TASK-067,TASK_ANCHOR,W05 task-level semantic/plan trace; does not imply later-wave evidence is complete.
REQ-233,TASK-068,TASK_ANCHOR,W05 task-level semantic/plan trace; does not imply later-wave evidence is complete.
REQ-232,TASK-068,TASK_ANCHOR,W05 task-level semantic/plan trace; does not imply later-wave evidence is complete.
REQ-043,TASK-068,TASK_ANCHOR,W05 task-level semantic/plan trace; does not imply later-wave evidence is complete.
REQ-233,TASK-069,TASK_ANCHOR,W05 task-level semantic/plan trace; does not imply later-wave evidence is complete.
REQ-232,TASK-069,TASK_ANCHOR,W05 task-level semantic/plan trace; does not imply later-wave evidence is complete.
REQ-043,TASK-069,TASK_ANCHOR,W05 task-level semantic/plan trace; does not imply later-wave evidence is complete.
REQ-233,TASK-070,TASK_ANCHOR,W05 task-level semantic/plan trace; does not imply later-wave evidence is complete.
REQ-232,TASK-070,TASK_ANCHOR,W05 task-level semantic/plan trace; does not imply later-wave evidence is complete.
REQ-081,TASK-071,TASK_ANCHOR,W05 task-level semantic/plan trace; does not imply later-wave evidence is complete.
REQ-232,TASK-071,TASK_ANCHOR,W05 task-level semantic/plan trace; does not imply later-wave evidence is complete.
REQ-233,TASK-071,TASK_ANCHOR,W05 task-level semantic/plan trace; does not imply later-wave evidence is complete.
REQ-081,TASK-072,TASK_ANCHOR,W05 task-level semantic/plan trace; does not imply later-wave evidence is complete.
REQ-232,TASK-072,TASK_ANCHOR,W05 task-level semantic/plan trace; does not imply later-wave evidence is complete.
REQ-233,TASK-072,TASK_ANCHOR,W05 task-level semantic/plan trace; does not imply later-wave evidence is complete.
REQ-081,TASK-073,TASK_ANCHOR,W05 task-level semantic/plan trace; does not imply later-wave evidence is complete.
REQ-232,TASK-073,TASK_ANCHOR,W05 task-level semantic/plan trace; does not imply later-wave evidence is complete.
REQ-233,TASK-073,TASK_ANCHOR,W05 task-level semantic/plan trace; does not imply later-wave evidence is complete.
REQ-081,TASK-074,TASK_ANCHOR,W05 task-level semantic/plan trace; does not imply later-wave evidence is complete.
REQ-232,TASK-074,TASK_ANCHOR,W05 task-level semantic/plan trace; does not imply later-wave evidence is complete.
REQ-233,TASK-074,TASK_ANCHOR,W05 task-level semantic/plan trace; does not imply later-wave evidence is complete.
REQ-081,TASK-075,TASK_ANCHOR,W05 task-level semantic/plan trace; does not imply later-wave evidence is complete.
REQ-232,TASK-075,TASK_ANCHOR,W05 task-level semantic/plan trace; does not imply later-wave evidence is complete.
REQ-233,TASK-075,TASK_ANCHOR,W05 task-level semantic/plan trace; does not imply later-wave evidence is complete.
REQ-233,TASK-076,TASK_ANCHOR,W05 task-level semantic/plan trace; does not imply later-wave evidence is complete.
REQ-083,TASK-076,TASK_ANCHOR,W05 task-level semantic/plan trace; does not imply later-wave evidence is complete.
REQ-232,TASK-076,TASK_ANCHOR,W05 task-level semantic/plan trace; does not imply later-wave evidence is complete.
REQ-084,TASK-076,TASK_ANCHOR,W05 task-level semantic/plan trace; does not imply later-wave evidence is complete.
REQ-233,TASK-077,TASK_ANCHOR,W05 task-level semantic/plan trace; does not imply later-wave evidence is complete.
REQ-232,TASK-077,TASK_ANCHOR,W05 task-level semantic/plan trace; does not imply later-wave evidence is complete.
REQ-068,TASK-077,TASK_ANCHOR,W05 task-level semantic/plan trace; does not imply later-wave evidence is complete.
REQ-233,TASK-078,TASK_ANCHOR,W05 task-level semantic/plan trace; does not imply later-wave evidence is complete.
REQ-232,TASK-078,TASK_ANCHOR,W05 task-level semantic/plan trace; does not imply later-wave evidence is complete.
REQ-068,TASK-078,TASK_ANCHOR,W05 task-level semantic/plan trace; does not imply later-wave evidence is complete.
REQ-233,TASK-079,TASK_ANCHOR,W05 task-level semantic/plan trace; does not imply later-wave evidence is complete.
REQ-232,TASK-079,TASK_ANCHOR,W05 task-level semantic/plan trace; does not imply later-wave evidence is complete.
REQ-068,TASK-079,TASK_ANCHOR,W05 task-level semantic/plan trace; does not imply later-wave evidence is complete.
REQ-233,TASK-080,TASK_ANCHOR,W05 task-level semantic/plan trace; does not imply later-wave evidence is complete.
REQ-232,TASK-080,TASK_ANCHOR,W05 task-level semantic/plan trace; does not imply later-wave evidence is complete.
REQ-068,TASK-080,TASK_ANCHOR,W05 task-level semantic/plan trace; does not imply later-wave evidence is complete.
REQ-233,TASK-081,TASK_ANCHOR,W05 task-level semantic/plan trace; does not imply later-wave evidence is complete.
REQ-232,TASK-081,TASK_ANCHOR,W05 task-level semantic/plan trace; does not imply later-wave evidence is complete.
REQ-068,TASK-081,TASK_ANCHOR,W05 task-level semantic/plan trace; does not imply later-wave evidence is complete.
REQ-089,TASK-082,TASK_ANCHOR,W05 task-level semantic/plan trace; does not imply later-wave evidence is complete.
REQ-233,TASK-082,TASK_ANCHOR,W05 task-level semantic/plan trace; does not imply later-wave evidence is complete.
REQ-232,TASK-082,TASK_ANCHOR,W05 task-level semantic/plan trace; does not imply later-wave evidence is complete.
REQ-064,TASK-083,TASK_ANCHOR,W05 task-level semantic/plan trace; does not imply later-wave evidence is complete.
REQ-232,TASK-083,TASK_ANCHOR,W05 task-level semantic/plan trace; does not imply later-wave evidence is complete.
REQ-233,TASK-083,TASK_ANCHOR,W05 task-level semantic/plan trace; does not imply later-wave evidence is complete.
REQ-064,TASK-084,TASK_ANCHOR,W05 task-level semantic/plan trace; does not imply later-wave evidence is complete.
REQ-232,TASK-084,TASK_ANCHOR,W05 task-level semantic/plan trace; does not imply later-wave evidence is complete.
REQ-233,TASK-084,TASK_ANCHOR,W05 task-level semantic/plan trace; does not imply later-wave evidence is complete.
REQ-064,TASK-085,TASK_ANCHOR,W05 task-level semantic/plan trace; does not imply later-wave evidence is complete.
REQ-232,TASK-085,TASK_ANCHOR,W05 task-level semantic/plan trace; does not imply later-wave evidence is complete.
REQ-233,TASK-085,TASK_ANCHOR,W05 task-level semantic/plan trace; does not imply later-wave evidence is complete.
REQ-064,TASK-086,TASK_ANCHOR,W05 task-level semantic/plan trace; does not imply later-wave evidence is complete.
REQ-232,TASK-086,TASK_ANCHOR,W05 task-level semantic/plan trace; does not imply later-wave evidence is complete.
REQ-233,TASK-086,TASK_ANCHOR,W05 task-level semantic/plan trace; does not imply later-wave evidence is complete.
REQ-064,TASK-087,TASK_ANCHOR,W05 task-level semantic/plan trace; does not imply later-wave evidence is complete.
REQ-233,TASK-087,TASK_ANCHOR,W05 task-level semantic/plan trace; does not imply later-wave evidence is complete.
REQ-232,TASK-087,TASK_ANCHOR,W05 task-level semantic/plan trace; does not imply later-wave evidence is complete.
REQ-202,TASK-087,TASK_ANCHOR,W05 task-level semantic/plan trace; does not imply later-wave evidence is complete.
REQ-233,TASK-088,TASK_ANCHOR,W05 task-level semantic/plan trace; does not imply later-wave evidence is complete.
REQ-232,TASK-088,TASK_ANCHOR,W05 task-level semantic/plan trace; does not imply later-wave evidence is complete.
REQ-099,TASK-088,TASK_ANCHOR,W05 task-level semantic/plan trace; does not imply later-wave evidence is complete.
REQ-233,TASK-089,TASK_ANCHOR,W05 task-level semantic/plan trace; does not imply later-wave evidence is complete.
REQ-232,TASK-089,TASK_ANCHOR,W05 task-level semantic/plan trace; does not imply later-wave evidence is complete.
REQ-099,TASK-089,TASK_ANCHOR,W05 task-level semantic/plan trace; does not imply later-wave evidence is complete.
REQ-233,TASK-090,TASK_ANCHOR,W05 task-level semantic/plan trace; does not imply later-wave evidence is complete.
REQ-232,TASK-090,TASK_ANCHOR,W05 task-level semantic/plan trace; does not imply later-wave evidence is complete.
REQ-099,TASK-090,TASK_ANCHOR,W05 task-level semantic/plan trace; does not imply later-wave evidence is complete.
REQ-233,TASK-091,TASK_ANCHOR,W05 task-level semantic/plan trace; does not imply later-wave evidence is complete.
REQ-232,TASK-091,TASK_ANCHOR,W05 task-level semantic/plan trace; does not imply later-wave evidence is complete.
REQ-099,TASK-091,TASK_ANCHOR,W05 task-level semantic/plan trace; does not imply later-wave evidence is complete.
REQ-233,TASK-092,TASK_ANCHOR,W05 task-level semantic/plan trace; does not imply later-wave evidence is complete.
REQ-232,TASK-092,TASK_ANCHOR,W05 task-level semantic/plan trace; does not imply later-wave evidence is complete.
REQ-099,TASK-092,TASK_ANCHOR,W05 task-level semantic/plan trace; does not imply later-wave evidence is complete.
REQ-100,TASK-093,TASK_ANCHOR,W05 task-level semantic/plan trace; does not imply later-wave evidence is complete.
REQ-232,TASK-093,TASK_ANCHOR,W05 task-level semantic/plan trace; does not imply later-wave evidence is complete.
REQ-233,TASK-093,TASK_ANCHOR,W05 task-level semantic/plan trace; does not imply later-wave evidence is complete.
REQ-099,TASK-093,TASK_ANCHOR,W05 task-level semantic/plan trace; does not imply later-wave evidence is complete.
REQ-232,TASK-094,TASK_ANCHOR,W05 task-level semantic/plan trace; does not imply later-wave evidence is complete.
REQ-160,TASK-094,TASK_ANCHOR,W05 task-level semantic/plan trace; does not imply later-wave evidence is complete.
REQ-233,TASK-094,TASK_ANCHOR,W05 task-level semantic/plan trace; does not imply later-wave evidence is complete.
REQ-232,TASK-095,TASK_ANCHOR,W05 task-level semantic/plan trace; does not imply later-wave evidence is complete.
REQ-160,TASK-095,TASK_ANCHOR,W05 task-level semantic/plan trace; does not imply later-wave evidence is complete.
REQ-233,TASK-095,TASK_ANCHOR,W05 task-level semantic/plan trace; does not imply later-wave evidence is complete.
REQ-232,TASK-096,TASK_ANCHOR,W05 task-level semantic/plan trace; does not imply later-wave evidence is complete.
REQ-160,TASK-096,TASK_ANCHOR,W05 task-level semantic/plan trace; does not imply later-wave evidence is complete.
REQ-233,TASK-096,TASK_ANCHOR,W05 task-level semantic/plan trace; does not imply later-wave evidence is complete.
REQ-232,TASK-097,TASK_ANCHOR,W05 task-level semantic/plan trace; does not imply later-wave evidence is complete.
REQ-160,TASK-097,TASK_ANCHOR,W05 task-level semantic/plan trace; does not imply later-wave evidence is complete.
REQ-233,TASK-097,TASK_ANCHOR,W05 task-level semantic/plan trace; does not imply later-wave evidence is complete.
REQ-232,TASK-098,TASK_ANCHOR,W05 task-level semantic/plan trace; does not imply later-wave evidence is complete.
REQ-160,TASK-098,TASK_ANCHOR,W05 task-level semantic/plan trace; does not imply later-wave evidence is complete.
REQ-233,TASK-098,TASK_ANCHOR,W05 task-level semantic/plan trace; does not imply later-wave evidence is complete.
REQ-233,TASK-099,TASK_ANCHOR,W05 task-level semantic/plan trace; does not imply later-wave evidence is complete.
REQ-232,TASK-099,TASK_ANCHOR,W05 task-level semantic/plan trace; does not imply later-wave evidence is complete.
REQ-232,TASK-100,TASK_ANCHOR,W05 task-level semantic/plan trace; does not imply later-wave evidence is complete.
REQ-034,TASK-100,TASK_ANCHOR,W05 task-level semantic/plan trace; does not imply later-wave evidence is complete.
REQ-233,TASK-100,TASK_ANCHOR,W05 task-level semantic/plan trace; does not imply later-wave evidence is complete.
REQ-232,TASK-101,TASK_ANCHOR,W05 task-level semantic/plan trace; does not imply later-wave evidence is complete.
REQ-034,TASK-101,TASK_ANCHOR,W05 task-level semantic/plan trace; does not imply later-wave evidence is complete.
REQ-233,TASK-101,TASK_ANCHOR,W05 task-level semantic/plan trace; does not imply later-wave evidence is complete.
REQ-232,TASK-102,TASK_ANCHOR,W05 task-level semantic/plan trace; does not imply later-wave evidence is complete.
REQ-034,TASK-102,TASK_ANCHOR,W05 task-level semantic/plan trace; does not imply later-wave evidence is complete.
REQ-233,TASK-102,TASK_ANCHOR,W05 task-level semantic/plan trace; does not imply later-wave evidence is complete.
REQ-232,TASK-103,TASK_ANCHOR,W05 task-level semantic/plan trace; does not imply later-wave evidence is complete.
REQ-034,TASK-103,TASK_ANCHOR,W05 task-level semantic/plan trace; does not imply later-wave evidence is complete.
REQ-233,TASK-103,TASK_ANCHOR,W05 task-level semantic/plan trace; does not imply later-wave evidence is complete.
REQ-233,TASK-104,TASK_ANCHOR,W05 task-level semantic/plan trace; does not imply later-wave evidence is complete.
REQ-232,TASK-104,TASK_ANCHOR,W05 task-level semantic/plan trace; does not imply later-wave evidence is complete.
REQ-034,TASK-104,TASK_ANCHOR,W05 task-level semantic/plan trace; does not imply later-wave evidence is complete.
REQ-233,TASK-105,TASK_ANCHOR,W05 task-level semantic/plan trace; does not imply later-wave evidence is complete.
REQ-232,TASK-105,TASK_ANCHOR,W05 task-level semantic/plan trace; does not imply later-wave evidence is complete.
REQ-097,TASK-105,TASK_ANCHOR,W05 task-level semantic/plan trace; does not imply later-wave evidence is complete.
REQ-233,TASK-106,TASK_ANCHOR,W05 task-level semantic/plan trace; does not imply later-wave evidence is complete.
REQ-232,TASK-106,TASK_ANCHOR,W05 task-level semantic/plan trace; does not imply later-wave evidence is complete.
REQ-097,TASK-106,TASK_ANCHOR,W05 task-level semantic/plan trace; does not imply later-wave evidence is complete.
REQ-233,TASK-107,TASK_ANCHOR,W05 task-level semantic/plan trace; does not imply later-wave evidence is complete.
REQ-232,TASK-107,TASK_ANCHOR,W05 task-level semantic/plan trace; does not imply later-wave evidence is complete.
REQ-097,TASK-107,TASK_ANCHOR,W05 task-level semantic/plan trace; does not imply later-wave evidence is complete.
REQ-233,TASK-108,TASK_ANCHOR,W05 task-level semantic/plan trace; does not imply later-wave evidence is complete.
REQ-232,TASK-108,TASK_ANCHOR,W05 task-level semantic/plan trace; does not imply later-wave evidence is complete.
REQ-097,TASK-108,TASK_ANCHOR,W05 task-level semantic/plan trace; does not imply later-wave evidence is complete.
REQ-233,TASK-109,TASK_ANCHOR,W05 task-level semantic/plan trace; does not imply later-wave evidence is complete.
REQ-232,TASK-109,TASK_ANCHOR,W05 task-level semantic/plan trace; does not imply later-wave evidence is complete.
REQ-097,TASK-109,TASK_ANCHOR,W05 task-level semantic/plan trace; does not imply later-wave evidence is complete.
REQ-233,TASK-110,TASK_ANCHOR,W05 task-level semantic/plan trace; does not imply later-wave evidence is complete.
REQ-098,TASK-110,TASK_ANCHOR,W05 task-level semantic/plan trace; does not imply later-wave evidence is complete.
REQ-232,TASK-110,TASK_ANCHOR,W05 task-level semantic/plan trace; does not imply later-wave evidence is complete.
REQ-232,TASK-111,TASK_ANCHOR,W05 task-level semantic/plan trace; does not imply later-wave evidence is complete.
REQ-025,TASK-111,TASK_ANCHOR,W05 task-level semantic/plan trace; does not imply later-wave evidence is complete.
REQ-233,TASK-111,TASK_ANCHOR,W05 task-level semantic/plan trace; does not imply later-wave evidence is complete.
REQ-232,TASK-112,TASK_ANCHOR,W05 task-level semantic/plan trace; does not imply later-wave evidence is complete.
REQ-025,TASK-112,TASK_ANCHOR,W05 task-level semantic/plan trace; does not imply later-wave evidence is complete.
REQ-233,TASK-112,TASK_ANCHOR,W05 task-level semantic/plan trace; does not imply later-wave evidence is complete.
REQ-232,TASK-113,TASK_ANCHOR,W05 task-level semantic/plan trace; does not imply later-wave evidence is complete.
REQ-025,TASK-113,TASK_ANCHOR,W05 task-level semantic/plan trace; does not imply later-wave evidence is complete.
REQ-233,TASK-113,TASK_ANCHOR,W05 task-level semantic/plan trace; does not imply later-wave evidence is complete.
REQ-232,TASK-114,TASK_ANCHOR,W05 task-level semantic/plan trace; does not imply later-wave evidence is complete.
REQ-025,TASK-114,TASK_ANCHOR,W05 task-level semantic/plan trace; does not imply later-wave evidence is complete.
REQ-233,TASK-114,TASK_ANCHOR,W05 task-level semantic/plan trace; does not imply later-wave evidence is complete.
REQ-232,TASK-115,TASK_ANCHOR,W05 task-level semantic/plan trace; does not imply later-wave evidence is complete.
REQ-025,TASK-115,TASK_ANCHOR,W05 task-level semantic/plan trace; does not imply later-wave evidence is complete.
REQ-034,TASK-115,TASK_ANCHOR,W05 task-level semantic/plan trace; does not imply later-wave evidence is complete.
REQ-233,TASK-115,TASK_ANCHOR,W05 task-level semantic/plan trace; does not imply later-wave evidence is complete.
REQ-232,TASK-116,TASK_ANCHOR,W05 task-level semantic/plan trace; does not imply later-wave evidence is complete.
REQ-026,TASK-116,TASK_ANCHOR,W05 task-level semantic/plan trace; does not imply later-wave evidence is complete.
REQ-233,TASK-116,TASK_ANCHOR,W05 task-level semantic/plan trace; does not imply later-wave evidence is complete.
REQ-232,TASK-117,TASK_ANCHOR,W05 task-level semantic/plan trace; does not imply later-wave evidence is complete.
REQ-026,TASK-117,TASK_ANCHOR,W05 task-level semantic/plan trace; does not imply later-wave evidence is complete.
REQ-233,TASK-117,TASK_ANCHOR,W05 task-level semantic/plan trace; does not imply later-wave evidence is complete.
REQ-232,TASK-118,TASK_ANCHOR,W05 task-level semantic/plan trace; does not imply later-wave evidence is complete.
REQ-026,TASK-118,TASK_ANCHOR,W05 task-level semantic/plan trace; does not imply later-wave evidence is complete.
REQ-233,TASK-118,TASK_ANCHOR,W05 task-level semantic/plan trace; does not imply later-wave evidence is complete.
REQ-232,TASK-119,TASK_ANCHOR,W05 task-level semantic/plan trace; does not imply later-wave evidence is complete.
REQ-026,TASK-119,TASK_ANCHOR,W05 task-level semantic/plan trace; does not imply later-wave evidence is complete.
REQ-233,TASK-119,TASK_ANCHOR,W05 task-level semantic/plan trace; does not imply later-wave evidence is complete.
REQ-232,TASK-120,TASK_ANCHOR,W05 task-level semantic/plan trace; does not imply later-wave evidence is complete.
REQ-026,TASK-120,TASK_ANCHOR,W05 task-level semantic/plan trace; does not imply later-wave evidence is complete.
REQ-233,TASK-120,TASK_ANCHOR,W05 task-level semantic/plan trace; does not imply later-wave evidence is complete.
REQ-110,TASK-121,TASK_ANCHOR,W05 task-level semantic/plan trace; does not imply later-wave evidence is complete.
REQ-232,TASK-121,TASK_ANCHOR,W05 task-level semantic/plan trace; does not imply later-wave evidence is complete.
REQ-029,TASK-121,TASK_ANCHOR,W05 task-level semantic/plan trace; does not imply later-wave evidence is complete.
REQ-026,TASK-121,TASK_ANCHOR,W05 task-level semantic/plan trace; does not imply later-wave evidence is complete.
REQ-027,TASK-121,TASK_ANCHOR,W05 task-level semantic/plan trace; does not imply later-wave evidence is complete.
REQ-233,TASK-121,TASK_ANCHOR,W05 task-level semantic/plan trace; does not imply later-wave evidence is complete.
REQ-232,TASK-122,TASK_ANCHOR,W05 task-level semantic/plan trace; does not imply later-wave evidence is complete.
REQ-030,TASK-122,TASK_ANCHOR,W05 task-level semantic/plan trace; does not imply later-wave evidence is complete.
REQ-233,TASK-122,TASK_ANCHOR,W05 task-level semantic/plan trace; does not imply later-wave evidence is complete.
REQ-232,TASK-123,TASK_ANCHOR,W05 task-level semantic/plan trace; does not imply later-wave evidence is complete.
REQ-030,TASK-123,TASK_ANCHOR,W05 task-level semantic/plan trace; does not imply later-wave evidence is complete.
REQ-233,TASK-123,TASK_ANCHOR,W05 task-level semantic/plan trace; does not imply later-wave evidence is complete.
REQ-232,TASK-124,TASK_ANCHOR,W05 task-level semantic/plan trace; does not imply later-wave evidence is complete.
REQ-030,TASK-124,TASK_ANCHOR,W05 task-level semantic/plan trace; does not imply later-wave evidence is complete.
REQ-233,TASK-124,TASK_ANCHOR,W05 task-level semantic/plan trace; does not imply later-wave evidence is complete.
REQ-232,TASK-125,TASK_ANCHOR,W05 task-level semantic/plan trace; does not imply later-wave evidence is complete.
REQ-030,TASK-125,TASK_ANCHOR,W05 task-level semantic/plan trace; does not imply later-wave evidence is complete.
REQ-233,TASK-125,TASK_ANCHOR,W05 task-level semantic/plan trace; does not imply later-wave evidence is complete.
REQ-232,TASK-126,TASK_ANCHOR,W05 task-level semantic/plan trace; does not imply later-wave evidence is complete.
REQ-030,TASK-126,TASK_ANCHOR,W05 task-level semantic/plan trace; does not imply later-wave evidence is complete.
REQ-233,TASK-126,TASK_ANCHOR,W05 task-level semantic/plan trace; does not imply later-wave evidence is complete.
REQ-233,TASK-127,TASK_ANCHOR,W05 task-level semantic/plan trace; does not imply later-wave evidence is complete.
REQ-093,TASK-127,TASK_ANCHOR,W05 task-level semantic/plan trace; does not imply later-wave evidence is complete.
REQ-232,TASK-127,TASK_ANCHOR,W05 task-level semantic/plan trace; does not imply later-wave evidence is complete.
REQ-094,TASK-127,TASK_ANCHOR,W05 task-level semantic/plan trace; does not imply later-wave evidence is complete.
REQ-030,TASK-127,TASK_ANCHOR,W05 task-level semantic/plan trace; does not imply later-wave evidence is complete.
REQ-233,TASK-128,TASK_ANCHOR,W05 task-level semantic/plan trace; does not imply later-wave evidence is complete.
REQ-232,TASK-128,TASK_ANCHOR,W05 task-level semantic/plan trace; does not imply later-wave evidence is complete.
REQ-060,TASK-128,TASK_ANCHOR,W05 task-level semantic/plan trace; does not imply later-wave evidence is complete.
REQ-233,TASK-129,TASK_ANCHOR,W05 task-level semantic/plan trace; does not imply later-wave evidence is complete.
REQ-232,TASK-129,TASK_ANCHOR,W05 task-level semantic/plan trace; does not imply later-wave evidence is complete.
REQ-060,TASK-129,TASK_ANCHOR,W05 task-level semantic/plan trace; does not imply later-wave evidence is complete.
REQ-233,TASK-130,TASK_ANCHOR,W05 task-level semantic/plan trace; does not imply later-wave evidence is complete.
REQ-232,TASK-130,TASK_ANCHOR,W05 task-level semantic/plan trace; does not imply later-wave evidence is complete.
REQ-060,TASK-130,TASK_ANCHOR,W05 task-level semantic/plan trace; does not imply later-wave evidence is complete.
REQ-233,TASK-131,TASK_ANCHOR,W05 task-level semantic/plan trace; does not imply later-wave evidence is complete.
REQ-232,TASK-131,TASK_ANCHOR,W05 task-level semantic/plan trace; does not imply later-wave evidence is complete.
REQ-060,TASK-131,TASK_ANCHOR,W05 task-level semantic/plan trace; does not imply later-wave evidence is complete.
REQ-233,TASK-132,TASK_ANCHOR,W05 task-level semantic/plan trace; does not imply later-wave evidence is complete.
REQ-232,TASK-132,TASK_ANCHOR,W05 task-level semantic/plan trace; does not imply later-wave evidence is complete.
REQ-060,TASK-132,TASK_ANCHOR,W05 task-level semantic/plan trace; does not imply later-wave evidence is complete.
REQ-233,TASK-133,TASK_ANCHOR,W05 task-level semantic/plan trace; does not imply later-wave evidence is complete.
REQ-106,TASK-133,TASK_ANCHOR,W05 task-level semantic/plan trace; does not imply later-wave evidence is complete.
REQ-232,TASK-133,TASK_ANCHOR,W05 task-level semantic/plan trace; does not imply later-wave evidence is complete.
REQ-232,TASK-134,TASK_ANCHOR,W05 task-level semantic/plan trace; does not imply later-wave evidence is complete.
REQ-019,TASK-134,TASK_ANCHOR,W05 task-level semantic/plan trace; does not imply later-wave evidence is complete.
REQ-233,TASK-134,TASK_ANCHOR,W05 task-level semantic/plan trace; does not imply later-wave evidence is complete.
REQ-232,TASK-135,TASK_ANCHOR,W05 task-level semantic/plan trace; does not imply later-wave evidence is complete.
REQ-019,TASK-135,TASK_ANCHOR,W05 task-level semantic/plan trace; does not imply later-wave evidence is complete.
REQ-233,TASK-135,TASK_ANCHOR,W05 task-level semantic/plan trace; does not imply later-wave evidence is complete.
REQ-232,TASK-136,TASK_ANCHOR,W05 task-level semantic/plan trace; does not imply later-wave evidence is complete.
REQ-019,TASK-136,TASK_ANCHOR,W05 task-level semantic/plan trace; does not imply later-wave evidence is complete.
REQ-233,TASK-136,TASK_ANCHOR,W05 task-level semantic/plan trace; does not imply later-wave evidence is complete.
REQ-232,TASK-137,TASK_ANCHOR,W05 task-level semantic/plan trace; does not imply later-wave evidence is complete.
REQ-019,TASK-137,TASK_ANCHOR,W05 task-level semantic/plan trace; does not imply later-wave evidence is complete.
REQ-233,TASK-137,TASK_ANCHOR,W05 task-level semantic/plan trace; does not imply later-wave evidence is complete.
REQ-232,TASK-138,TASK_ANCHOR,W05 task-level semantic/plan trace; does not imply later-wave evidence is complete.
REQ-019,TASK-138,TASK_ANCHOR,W05 task-level semantic/plan trace; does not imply later-wave evidence is complete.
REQ-233,TASK-138,TASK_ANCHOR,W05 task-level semantic/plan trace; does not imply later-wave evidence is complete.
REQ-233,TASK-139,TASK_ANCHOR,W05 task-level semantic/plan trace; does not imply later-wave evidence is complete.
REQ-232,TASK-139,TASK_ANCHOR,W05 task-level semantic/plan trace; does not imply later-wave evidence is complete.
REQ-179,TASK-139,TASK_ANCHOR,W05 task-level semantic/plan trace; does not imply later-wave evidence is complete.
REQ-119,TASK-139,TASK_ANCHOR,W05 task-level semantic/plan trace; does not imply later-wave evidence is complete.
REQ-232,TASK-140,TASK_ANCHOR,W05 task-level semantic/plan trace; does not imply later-wave evidence is complete.
REQ-092,TASK-140,TASK_ANCHOR,W05 task-level semantic/plan trace; does not imply later-wave evidence is complete.
REQ-233,TASK-140,TASK_ANCHOR,W05 task-level semantic/plan trace; does not imply later-wave evidence is complete.
REQ-232,TASK-141,TASK_ANCHOR,W05 task-level semantic/plan trace; does not imply later-wave evidence is complete.
REQ-092,TASK-141,TASK_ANCHOR,W05 task-level semantic/plan trace; does not imply later-wave evidence is complete.
REQ-233,TASK-141,TASK_ANCHOR,W05 task-level semantic/plan trace; does not imply later-wave evidence is complete.
REQ-232,TASK-142,TASK_ANCHOR,W05 task-level semantic/plan trace; does not imply later-wave evidence is complete.
REQ-092,TASK-142,TASK_ANCHOR,W05 task-level semantic/plan trace; does not imply later-wave evidence is complete.
REQ-233,TASK-142,TASK_ANCHOR,W05 task-level semantic/plan trace; does not imply later-wave evidence is complete.
REQ-232,TASK-143,TASK_ANCHOR,W05 task-level semantic/plan trace; does not imply later-wave evidence is complete.
REQ-092,TASK-143,TASK_ANCHOR,W05 task-level semantic/plan trace; does not imply later-wave evidence is complete.
REQ-233,TASK-143,TASK_ANCHOR,W05 task-level semantic/plan trace; does not imply later-wave evidence is complete.
REQ-232,TASK-144,TASK_ANCHOR,W05 task-level semantic/plan trace; does not imply later-wave evidence is complete.
REQ-092,TASK-144,TASK_ANCHOR,W05 task-level semantic/plan trace; does not imply later-wave evidence is complete.
REQ-233,TASK-144,TASK_ANCHOR,W05 task-level semantic/plan trace; does not imply later-wave evidence is complete.
REQ-233,TASK-145,TASK_ANCHOR,W05 task-level semantic/plan trace; does not imply later-wave evidence is complete.
REQ-092,TASK-145,TASK_ANCHOR,W05 task-level semantic/plan trace; does not imply later-wave evidence is complete.
REQ-106,TASK-145,TASK_ANCHOR,W05 task-level semantic/plan trace; does not imply later-wave evidence is complete.
REQ-232,TASK-145,TASK_ANCHOR,W05 task-level semantic/plan trace; does not imply later-wave evidence is complete.
REQ-115,TASK-146,TASK_ANCHOR,W05 task-level semantic/plan trace; does not imply later-wave evidence is complete.
REQ-232,TASK-146,TASK_ANCHOR,W05 task-level semantic/plan trace; does not imply later-wave evidence is complete.
REQ-233,TASK-146,TASK_ANCHOR,W05 task-level semantic/plan trace; does not imply later-wave evidence is complete.
REQ-115,TASK-147,TASK_ANCHOR,W05 task-level semantic/plan trace; does not imply later-wave evidence is complete.
REQ-232,TASK-147,TASK_ANCHOR,W05 task-level semantic/plan trace; does not imply later-wave evidence is complete.
REQ-233,TASK-147,TASK_ANCHOR,W05 task-level semantic/plan trace; does not imply later-wave evidence is complete.
REQ-115,TASK-148,TASK_ANCHOR,W05 task-level semantic/plan trace; does not imply later-wave evidence is complete.
REQ-232,TASK-148,TASK_ANCHOR,W05 task-level semantic/plan trace; does not imply later-wave evidence is complete.
REQ-233,TASK-148,TASK_ANCHOR,W05 task-level semantic/plan trace; does not imply later-wave evidence is complete.
REQ-115,TASK-149,TASK_ANCHOR,W05 task-level semantic/plan trace; does not imply later-wave evidence is complete.
REQ-232,TASK-149,TASK_ANCHOR,W05 task-level semantic/plan trace; does not imply later-wave evidence is complete.
REQ-233,TASK-149,TASK_ANCHOR,W05 task-level semantic/plan trace; does not imply later-wave evidence is complete.
REQ-115,TASK-150,TASK_ANCHOR,W05 task-level semantic/plan trace; does not imply later-wave evidence is complete.
REQ-232,TASK-150,TASK_ANCHOR,W05 task-level semantic/plan trace; does not imply later-wave evidence is complete.
REQ-233,TASK-150,TASK_ANCHOR,W05 task-level semantic/plan trace; does not imply later-wave evidence is complete.
REQ-233,TASK-151,TASK_ANCHOR,W05 task-level semantic/plan trace; does not imply later-wave evidence is complete.
REQ-232,TASK-151,TASK_ANCHOR,W05 task-level semantic/plan trace; does not imply later-wave evidence is complete.
REQ-233,TASK-152,TASK_ANCHOR,W05 task-level semantic/plan trace; does not imply later-wave evidence is complete.
REQ-232,TASK-152,TASK_ANCHOR,W05 task-level semantic/plan trace; does not imply later-wave evidence is complete.
REQ-122,TASK-152,TASK_ANCHOR,W05 task-level semantic/plan trace; does not imply later-wave evidence is complete.
REQ-233,TASK-153,TASK_ANCHOR,W05 task-level semantic/plan trace; does not imply later-wave evidence is complete.
REQ-232,TASK-153,TASK_ANCHOR,W05 task-level semantic/plan trace; does not imply later-wave evidence is complete.
REQ-122,TASK-153,TASK_ANCHOR,W05 task-level semantic/plan trace; does not imply later-wave evidence is complete.
REQ-233,TASK-154,TASK_ANCHOR,W05 task-level semantic/plan trace; does not imply later-wave evidence is complete.
REQ-232,TASK-154,TASK_ANCHOR,W05 task-level semantic/plan trace; does not imply later-wave evidence is complete.
REQ-122,TASK-154,TASK_ANCHOR,W05 task-level semantic/plan trace; does not imply later-wave evidence is complete.
REQ-233,TASK-155,TASK_ANCHOR,W05 task-level semantic/plan trace; does not imply later-wave evidence is complete.
REQ-232,TASK-155,TASK_ANCHOR,W05 task-level semantic/plan trace; does not imply later-wave evidence is complete.
REQ-122,TASK-155,TASK_ANCHOR,W05 task-level semantic/plan trace; does not imply later-wave evidence is complete.
REQ-233,TASK-156,TASK_ANCHOR,W05 task-level semantic/plan trace; does not imply later-wave evidence is complete.
REQ-232,TASK-156,TASK_ANCHOR,W05 task-level semantic/plan trace; does not imply later-wave evidence is complete.
REQ-122,TASK-156,TASK_ANCHOR,W05 task-level semantic/plan trace; does not imply later-wave evidence is complete.
REQ-233,TASK-157,TASK_ANCHOR,W05 task-level semantic/plan trace; does not imply later-wave evidence is complete.
REQ-232,TASK-157,TASK_ANCHOR,W05 task-level semantic/plan trace; does not imply later-wave evidence is complete.
REQ-152,TASK-157,TASK_ANCHOR,W05 task-level semantic/plan trace; does not imply later-wave evidence is complete.
REQ-123,TASK-158,TASK_ANCHOR,W05 task-level semantic/plan trace; does not imply later-wave evidence is complete.
REQ-232,TASK-158,TASK_ANCHOR,W05 task-level semantic/plan trace; does not imply later-wave evidence is complete.
REQ-233,TASK-158,TASK_ANCHOR,W05 task-level semantic/plan trace; does not imply later-wave evidence is complete.
REQ-123,TASK-159,TASK_ANCHOR,W05 task-level semantic/plan trace; does not imply later-wave evidence is complete.
REQ-232,TASK-159,TASK_ANCHOR,W05 task-level semantic/plan trace; does not imply later-wave evidence is complete.
REQ-233,TASK-159,TASK_ANCHOR,W05 task-level semantic/plan trace; does not imply later-wave evidence is complete.
REQ-123,TASK-160,TASK_ANCHOR,W05 task-level semantic/plan trace; does not imply later-wave evidence is complete.
REQ-232,TASK-160,TASK_ANCHOR,W05 task-level semantic/plan trace; does not imply later-wave evidence is complete.
REQ-233,TASK-160,TASK_ANCHOR,W05 task-level semantic/plan trace; does not imply later-wave evidence is complete.
REQ-123,TASK-161,TASK_ANCHOR,W05 task-level semantic/plan trace; does not imply later-wave evidence is complete.
REQ-232,TASK-161,TASK_ANCHOR,W05 task-level semantic/plan trace; does not imply later-wave evidence is complete.
REQ-233,TASK-161,TASK_ANCHOR,W05 task-level semantic/plan trace; does not imply later-wave evidence is complete.
REQ-123,TASK-162,TASK_ANCHOR,W05 task-level semantic/plan trace; does not imply later-wave evidence is complete.
REQ-232,TASK-162,TASK_ANCHOR,W05 task-level semantic/plan trace; does not imply later-wave evidence is complete.
REQ-233,TASK-162,TASK_ANCHOR,W05 task-level semantic/plan trace; does not imply later-wave evidence is complete.
REQ-232,TASK-163,TASK_ANCHOR,W05 task-level semantic/plan trace; does not imply later-wave evidence is complete.
REQ-202,TASK-163,TASK_ANCHOR,W05 task-level semantic/plan trace; does not imply later-wave evidence is complete.
REQ-233,TASK-163,TASK_ANCHOR,W05 task-level semantic/plan trace; does not imply later-wave evidence is complete.
REQ-233,TASK-164,TASK_ANCHOR,W05 task-level semantic/plan trace; does not imply later-wave evidence is complete.
REQ-232,TASK-164,TASK_ANCHOR,W05 task-level semantic/plan trace; does not imply later-wave evidence is complete.
REQ-108,TASK-164,TASK_ANCHOR,W05 task-level semantic/plan trace; does not imply later-wave evidence is complete.
REQ-233,TASK-165,TASK_ANCHOR,W05 task-level semantic/plan trace; does not imply later-wave evidence is complete.
REQ-232,TASK-165,TASK_ANCHOR,W05 task-level semantic/plan trace; does not imply later-wave evidence is complete.
REQ-108,TASK-165,TASK_ANCHOR,W05 task-level semantic/plan trace; does not imply later-wave evidence is complete.
REQ-233,TASK-166,TASK_ANCHOR,W05 task-level semantic/plan trace; does not imply later-wave evidence is complete.
REQ-232,TASK-166,TASK_ANCHOR,W05 task-level semantic/plan trace; does not imply later-wave evidence is complete.
REQ-108,TASK-166,TASK_ANCHOR,W05 task-level semantic/plan trace; does not imply later-wave evidence is complete.
REQ-233,TASK-167,TASK_ANCHOR,W05 task-level semantic/plan trace; does not imply later-wave evidence is complete.
REQ-232,TASK-167,TASK_ANCHOR,W05 task-level semantic/plan trace; does not imply later-wave evidence is complete.
REQ-108,TASK-167,TASK_ANCHOR,W05 task-level semantic/plan trace; does not imply later-wave evidence is complete.
REQ-233,TASK-168,TASK_ANCHOR,W05 task-level semantic/plan trace; does not imply later-wave evidence is complete.
REQ-232,TASK-168,TASK_ANCHOR,W05 task-level semantic/plan trace; does not imply later-wave evidence is complete.
REQ-108,TASK-168,TASK_ANCHOR,W05 task-level semantic/plan trace; does not imply later-wave evidence is complete.
REQ-232,TASK-169,TASK_ANCHOR,W05 task-level semantic/plan trace; does not imply later-wave evidence is complete.
REQ-166,TASK-169,TASK_ANCHOR,W05 task-level semantic/plan trace; does not imply later-wave evidence is complete.
REQ-233,TASK-169,TASK_ANCHOR,W05 task-level semantic/plan trace; does not imply later-wave evidence is complete.
REQ-232,TASK-170,TASK_ANCHOR,W05 task-level semantic/plan trace; does not imply later-wave evidence is complete.
REQ-166,TASK-170,TASK_ANCHOR,W05 task-level semantic/plan trace; does not imply later-wave evidence is complete.
REQ-233,TASK-170,TASK_ANCHOR,W05 task-level semantic/plan trace; does not imply later-wave evidence is complete.
REQ-232,TASK-171,TASK_ANCHOR,W05 task-level semantic/plan trace; does not imply later-wave evidence is complete.
REQ-166,TASK-171,TASK_ANCHOR,W05 task-level semantic/plan trace; does not imply later-wave evidence is complete.
REQ-233,TASK-171,TASK_ANCHOR,W05 task-level semantic/plan trace; does not imply later-wave evidence is complete.
REQ-232,TASK-172,TASK_ANCHOR,W05 task-level semantic/plan trace; does not imply later-wave evidence is complete.
REQ-166,TASK-172,TASK_ANCHOR,W05 task-level semantic/plan trace; does not imply later-wave evidence is complete.
REQ-233,TASK-172,TASK_ANCHOR,W05 task-level semantic/plan trace; does not imply later-wave evidence is complete.
REQ-129,TASK-173,TASK_ANCHOR,W05 task-level semantic/plan trace; does not imply later-wave evidence is complete.
REQ-232,TASK-173,TASK_ANCHOR,W05 task-level semantic/plan trace; does not imply later-wave evidence is complete.
REQ-233,TASK-173,TASK_ANCHOR,W05 task-level semantic/plan trace; does not imply later-wave evidence is complete.
REQ-129,TASK-174,TASK_ANCHOR,W05 task-level semantic/plan trace; does not imply later-wave evidence is complete.
REQ-232,TASK-174,TASK_ANCHOR,W05 task-level semantic/plan trace; does not imply later-wave evidence is complete.
REQ-233,TASK-174,TASK_ANCHOR,W05 task-level semantic/plan trace; does not imply later-wave evidence is complete.
REQ-129,TASK-175,TASK_ANCHOR,W05 task-level semantic/plan trace; does not imply later-wave evidence is complete.
REQ-232,TASK-175,TASK_ANCHOR,W05 task-level semantic/plan trace; does not imply later-wave evidence is complete.
REQ-233,TASK-175,TASK_ANCHOR,W05 task-level semantic/plan trace; does not imply later-wave evidence is complete.
REQ-129,TASK-176,TASK_ANCHOR,W05 task-level semantic/plan trace; does not imply later-wave evidence is complete.
REQ-232,TASK-176,TASK_ANCHOR,W05 task-level semantic/plan trace; does not imply later-wave evidence is complete.
REQ-233,TASK-176,TASK_ANCHOR,W05 task-level semantic/plan trace; does not imply later-wave evidence is complete.
REQ-129,TASK-177,TASK_ANCHOR,W05 task-level semantic/plan trace; does not imply later-wave evidence is complete.
REQ-232,TASK-177,TASK_ANCHOR,W05 task-level semantic/plan trace; does not imply later-wave evidence is complete.
REQ-233,TASK-177,TASK_ANCHOR,W05 task-level semantic/plan trace; does not imply later-wave evidence is complete.
REQ-129,TASK-178,TASK_ANCHOR,W05 task-level semantic/plan trace; does not imply later-wave evidence is complete.
REQ-232,TASK-178,TASK_ANCHOR,W05 task-level semantic/plan trace; does not imply later-wave evidence is complete.
REQ-233,TASK-178,TASK_ANCHOR,W05 task-level semantic/plan trace; does not imply later-wave evidence is complete.
REQ-130,TASK-179,TASK_ANCHOR,W05 task-level semantic/plan trace; does not imply later-wave evidence is complete.
REQ-232,TASK-179,TASK_ANCHOR,W05 task-level semantic/plan trace; does not imply later-wave evidence is complete.
REQ-233,TASK-179,TASK_ANCHOR,W05 task-level semantic/plan trace; does not imply later-wave evidence is complete.
REQ-130,TASK-180,TASK_ANCHOR,W05 task-level semantic/plan trace; does not imply later-wave evidence is complete.
REQ-232,TASK-180,TASK_ANCHOR,W05 task-level semantic/plan trace; does not imply later-wave evidence is complete.
REQ-233,TASK-180,TASK_ANCHOR,W05 task-level semantic/plan trace; does not imply later-wave evidence is complete.
REQ-130,TASK-181,TASK_ANCHOR,W05 task-level semantic/plan trace; does not imply later-wave evidence is complete.
REQ-232,TASK-181,TASK_ANCHOR,W05 task-level semantic/plan trace; does not imply later-wave evidence is complete.
REQ-233,TASK-181,TASK_ANCHOR,W05 task-level semantic/plan trace; does not imply later-wave evidence is complete.
REQ-130,TASK-182,TASK_ANCHOR,W05 task-level semantic/plan trace; does not imply later-wave evidence is complete.
REQ-232,TASK-182,TASK_ANCHOR,W05 task-level semantic/plan trace; does not imply later-wave evidence is complete.
REQ-233,TASK-182,TASK_ANCHOR,W05 task-level semantic/plan trace; does not imply later-wave evidence is complete.
REQ-130,TASK-183,TASK_ANCHOR,W05 task-level semantic/plan trace; does not imply later-wave evidence is complete.
REQ-232,TASK-183,TASK_ANCHOR,W05 task-level semantic/plan trace; does not imply later-wave evidence is complete.
REQ-233,TASK-183,TASK_ANCHOR,W05 task-level semantic/plan trace; does not imply later-wave evidence is complete.
REQ-233,TASK-184,TASK_ANCHOR,W05 task-level semantic/plan trace; does not imply later-wave evidence is complete.
REQ-232,TASK-184,TASK_ANCHOR,W05 task-level semantic/plan trace; does not imply later-wave evidence is complete.
REQ-232,TASK-185,TASK_ANCHOR,W05 task-level semantic/plan trace; does not imply later-wave evidence is complete.
REQ-001,TASK-185,TASK_ANCHOR,W05 task-level semantic/plan trace; does not imply later-wave evidence is complete.
REQ-233,TASK-185,TASK_ANCHOR,W05 task-level semantic/plan trace; does not imply later-wave evidence is complete.
REQ-233,TASK-186,TASK_ANCHOR,W05 task-level semantic/plan trace; does not imply later-wave evidence is complete.
REQ-001,TASK-186,TASK_ANCHOR,W05 task-level semantic/plan trace; does not imply later-wave evidence is complete.
REQ-232,TASK-186,TASK_ANCHOR,W05 task-level semantic/plan trace; does not imply later-wave evidence is complete.
REQ-233,TASK-188,TASK_ANCHOR,W05 task-level semantic/plan trace; does not imply later-wave evidence is complete.
REQ-001,TASK-188,TASK_ANCHOR,W05 task-level semantic/plan trace; does not imply later-wave evidence is complete.
REQ-232,TASK-188,TASK_ANCHOR,W05 task-level semantic/plan trace; does not imply later-wave evidence is complete.
REQ-232,TASK-189,TASK_ANCHOR,W05 task-level semantic/plan trace; does not imply later-wave evidence is complete.
REQ-001,TASK-189,TASK_ANCHOR,W05 task-level semantic/plan trace; does not imply later-wave evidence is complete.
REQ-233,TASK-189,TASK_ANCHOR,W05 task-level semantic/plan trace; does not imply later-wave evidence is complete.
REQ-241,TASK-001,PRIMARY,W06 research/replan mapping.
REQ-241,TASK-002,SUPPORTING,W06 research/replan mapping.
REQ-241,TASK-006,SUPPORTING,W06 research/replan mapping.
REQ-242,TASK-002,PRIMARY,W06 research/replan mapping.
REQ-242,TASK-006,SUPPORTING,W06 research/replan mapping.
REQ-243,TASK-001,PRIMARY,W06 research/replan mapping.
REQ-243,TASK-201,SUPPORTING,W06 research/replan mapping.
REQ-244,TASK-005,PRIMARY,W06 research/replan mapping.
REQ-244,TASK-201,SUPPORTING,W06 research/replan mapping.
REQ-245,TASK-192,PRIMARY,W06 research/replan mapping.
REQ-246,TASK-192,PRIMARY,W06 research/replan mapping.
REQ-247,TASK-190,PRIMARY,W06 research/replan mapping.
REQ-247,TASK-191,SUPPORTING,W06 research/replan mapping.
REQ-247,TASK-193,SUPPORTING,W06 research/replan mapping.
REQ-248,TASK-191,PRIMARY,W06 research/replan mapping.
REQ-248,TASK-193,SUPPORTING,W06 research/replan mapping.
REQ-249,TASK-194,PRIMARY,W06 research/replan mapping.
REQ-250,TASK-195,PRIMARY,W06 research/replan mapping.
REQ-251,TASK-196,PRIMARY,W06 research/replan mapping.
REQ-252,TASK-190,PRIMARY,W06 research/replan mapping.
REQ-252,TASK-197,SUPPORTING,W06 research/replan mapping.
REQ-252,TASK-200,SUPPORTING,W06 research/replan mapping.
REQ-253,TASK-196,PRIMARY,W06 research/replan mapping.
REQ-253,TASK-200,SUPPORTING,W06 research/replan mapping.
REQ-254,TASK-197,PRIMARY,W06 research/replan mapping.
REQ-254,TASK-200,SUPPORTING,W06 research/replan mapping.
REQ-255,TASK-198,PRIMARY,W06 research/replan mapping.
REQ-256,TASK-190,PRIMARY,W06 research/replan mapping.
REQ-257,TASK-199,PRIMARY,W06 research/replan mapping.
REQ-258,TASK-006,PRIMARY,W06 research/replan mapping.
REQ-259,TASK-193,PRIMARY,W06 research/replan mapping.
REQ-260,TASK-190,PRIMARY,W06 research/replan mapping.
REQ-260,TASK-197,SUPPORTING,W06 research/replan mapping.
REQ-261,TASK-007,PRIMARY,W07 canonical identity/source-mapping/resolution contract mapping.
REQ-262,TASK-007,PRIMARY,W07 canonical identity/source-mapping/resolution contract mapping.
REQ-263,TASK-007,PRIMARY,W07 canonical identity/source-mapping/resolution contract mapping.
REQ-264,TASK-007,PRIMARY,W07 canonical identity/source-mapping/resolution contract mapping.
REQ-265,TASK-008,PRIMARY,W07 canonical identity/source-mapping/resolution contract mapping.
REQ-266,TASK-009,PRIMARY,W07 canonical identity/source-mapping/resolution contract mapping.
REQ-267,TASK-008,PRIMARY,W07 canonical identity/source-mapping/resolution contract mapping.
REQ-268,TASK-007,PRIMARY,W07 canonical identity/source-mapping/resolution contract mapping.
REQ-269,TASK-007,PRIMARY,W07 canonical identity/source-mapping/resolution contract mapping.
REQ-270,TASK-007,PRIMARY,W07 canonical identity/source-mapping/resolution contract mapping.
REQ-271,TASK-007,PRIMARY,W07 canonical identity/source-mapping/resolution contract mapping.
REQ-272,TASK-007,PRIMARY,W07 canonical identity/source-mapping/resolution contract mapping.
REQ-273,TASK-007,PRIMARY,W07 canonical identity/source-mapping/resolution contract mapping.
REQ-274,TASK-009,PRIMARY,W07 canonical identity/source-mapping/resolution contract mapping.
REQ-275,TASK-190,PRIMARY,W07 canonical identity/source-mapping/resolution contract mapping.
REQ-276,TASK-190,PRIMARY,W07 canonical identity/source-mapping/resolution contract mapping.
REQ-277,TASK-010,PRIMARY,W07 canonical identity/source-mapping/resolution contract mapping.
REQ-278,TASK-009,PRIMARY,W07 canonical identity/source-mapping/resolution contract mapping.
REQ-279,TASK-010,PRIMARY,W07 canonical identity/source-mapping/resolution contract mapping.
REQ-280,TASK-010,PRIMARY,W07 canonical identity/source-mapping/resolution contract mapping.
REQ-281,TASK-011,PRIMARY,W07 canonical identity/source-mapping/resolution contract mapping.
REQ-282,TASK-009,PRIMARY,W07 canonical identity/source-mapping/resolution contract mapping.
REQ-283,TASK-013,PRIMARY,W08 temporal implementation/contract traceability.
REQ-284,TASK-013,PRIMARY,W08 temporal implementation/contract traceability.
REQ-285,TASK-013,PRIMARY,W08 temporal implementation/contract traceability.
REQ-286,TASK-013,PRIMARY,W08 temporal implementation/contract traceability.
REQ-287,TASK-013,PRIMARY,W08 temporal implementation/contract traceability.
REQ-288,TASK-014,PRIMARY,W08 temporal implementation/contract traceability.
REQ-289,TASK-014,PRIMARY,W08 temporal implementation/contract traceability.
REQ-290,TASK-014,PRIMARY,W08 temporal implementation/contract traceability.
REQ-291,TASK-016,PRIMARY,W08 temporal implementation/contract traceability.
REQ-292,TASK-016,PRIMARY,W08 temporal implementation/contract traceability.
REQ-293,TASK-017,PRIMARY,W08 temporal implementation/contract traceability.
REQ-294,TASK-017,PRIMARY,W08 temporal implementation/contract traceability.
REQ-295,TASK-014,PRIMARY,W08 temporal implementation/contract traceability.
REQ-296,TASK-015,PRIMARY,W08 temporal implementation/contract traceability.
REQ-297,TASK-015,PRIMARY,W08 temporal implementation/contract traceability.
REQ-298,TASK-192,PRIMARY,W08 temporal implementation/contract traceability.
REQ-299,TASK-192,PRIMARY,W08 temporal implementation/contract traceability.
REQ-300,TASK-191,PRIMARY,W08 temporal implementation/contract traceability.
REQ-301,TASK-191,PRIMARY,W08 temporal implementation/contract traceability.
REQ-302,TASK-191,PRIMARY,W08 temporal implementation/contract traceability.
REQ-303,TASK-015,PRIMARY,W08 temporal implementation/contract traceability.
REQ-304,TASK-015,PRIMARY,W08 temporal implementation/contract traceability.
REQ-305,TASK-015,PRIMARY,W08 temporal implementation/contract traceability.
REQ-306,TASK-016,PRIMARY,W08 temporal implementation/contract traceability.
REQ-307,TASK-018,PRIMARY,W08 temporal implementation/contract traceability.
REQ-308,TASK-016,PRIMARY,W08 temporal implementation/contract traceability.
REQ-309,TASK-013,PRIMARY,W08 temporal implementation/contract traceability.
REQ-310,TASK-013,PRIMARY,W08 temporal implementation/contract traceability.
REQ-311,TASK-017,PRIMARY,W08 temporal implementation/contract traceability.
REQ-312,TASK-017,PRIMARY,W08 temporal implementation/contract traceability.
REQ-313,TASK-019,PRIMARY,W09 raw-feature/schema-discovery implementation traceability.
REQ-314,TASK-019,PRIMARY,W09 raw-feature/schema-discovery implementation traceability.
REQ-315,TASK-019,PRIMARY,W09 raw-feature/schema-discovery implementation traceability.
REQ-316,TASK-019,PRIMARY,W09 raw-feature/schema-discovery implementation traceability.
REQ-317,TASK-019,PRIMARY,W09 raw-feature/schema-discovery implementation traceability.
REQ-318,TASK-020,PRIMARY,W09 raw-feature/schema-discovery implementation traceability.
REQ-319,TASK-020,PRIMARY,W09 raw-feature/schema-discovery implementation traceability.
REQ-320,TASK-020,PRIMARY,W09 raw-feature/schema-discovery implementation traceability.
REQ-321,TASK-020,PRIMARY,W09 raw-feature/schema-discovery implementation traceability.
REQ-322,TASK-020,PRIMARY,W09 raw-feature/schema-discovery implementation traceability.
REQ-323,TASK-021,PRIMARY,W09 raw-feature/schema-discovery implementation traceability.
REQ-324,TASK-021,PRIMARY,W09 raw-feature/schema-discovery implementation traceability.
REQ-325,TASK-021,PRIMARY,W09 raw-feature/schema-discovery implementation traceability.
REQ-326,TASK-021,PRIMARY,W09 raw-feature/schema-discovery implementation traceability.
REQ-333,TASK-021,PRIMARY,W09 raw-feature/schema-discovery implementation traceability.
REQ-334,TASK-021,PRIMARY,W09 raw-feature/schema-discovery implementation traceability.
REQ-335,TASK-021,PRIMARY,W09 raw-feature/schema-discovery implementation traceability.
REQ-336,TASK-021,PRIMARY,W09 raw-feature/schema-discovery implementation traceability.
REQ-337,TASK-021,PRIMARY,W09 raw-feature/schema-discovery implementation traceability.
REQ-327,TASK-022,PRIMARY,W09 raw-feature/schema-discovery implementation traceability.
REQ-328,TASK-022,PRIMARY,W09 raw-feature/schema-discovery implementation traceability.
REQ-329,TASK-022,PRIMARY,W09 raw-feature/schema-discovery implementation traceability.
REQ-330,TASK-023,PRIMARY,W09 raw-feature/schema-discovery implementation traceability.
REQ-331,TASK-023,PRIMARY,W09 raw-feature/schema-discovery implementation traceability.
REQ-332,TASK-023,PRIMARY,W09 raw-feature/schema-discovery implementation traceability.
REQ-338,TASK-023,PRIMARY,W09 raw-feature/schema-discovery implementation traceability.
REQ-339,TASK-023,PRIMARY,W09 raw-feature/schema-discovery implementation traceability.
REQ-340,TASK-023,PRIMARY,W09 raw-feature/schema-discovery implementation traceability.
REQ-341,TASK-024,PRIMARY,W10 feature-engineering/lifecycle implementation trace.
REQ-342,TASK-024,PRIMARY,W10 feature-engineering/lifecycle implementation trace.
REQ-343,TASK-024,PRIMARY,W10 feature-engineering/lifecycle implementation trace.
REQ-344,TASK-024,PRIMARY,W10 feature-engineering/lifecycle implementation trace.
REQ-359,TASK-024,PRIMARY,W10 feature-engineering/lifecycle implementation trace.
REQ-353,TASK-025,PRIMARY,W10 feature-engineering/lifecycle implementation trace.
REQ-354,TASK-025,PRIMARY,W10 feature-engineering/lifecycle implementation trace.
REQ-345,TASK-026,PRIMARY,W10 feature-engineering/lifecycle implementation trace.
REQ-346,TASK-026,PRIMARY,W10 feature-engineering/lifecycle implementation trace.
REQ-347,TASK-026,PRIMARY,W10 feature-engineering/lifecycle implementation trace.
REQ-348,TASK-026,PRIMARY,W10 feature-engineering/lifecycle implementation trace.
REQ-349,TASK-026,PRIMARY,W10 feature-engineering/lifecycle implementation trace.
REQ-361,TASK-026,PRIMARY,W10 feature-engineering/lifecycle implementation trace.
REQ-362,TASK-026,PRIMARY,W10 feature-engineering/lifecycle implementation trace.
REQ-350,TASK-027,PRIMARY,W10 feature-engineering/lifecycle implementation trace.
REQ-351,TASK-027,PRIMARY,W10 feature-engineering/lifecycle implementation trace.
REQ-352,TASK-027,PRIMARY,W10 feature-engineering/lifecycle implementation trace.
REQ-358,TASK-027,PRIMARY,W10 feature-engineering/lifecycle implementation trace.
REQ-355,TASK-028,PRIMARY,W10 feature-engineering/lifecycle implementation trace.
REQ-356,TASK-028,PRIMARY,W10 feature-engineering/lifecycle implementation trace.
REQ-357,TASK-028,PRIMARY,W10 feature-engineering/lifecycle implementation trace.
REQ-360,TASK-029,PRIMARY,W10 feature-engineering/lifecycle implementation trace.
REQ-363,TASK-030,PRIMARY,W11 team-state/early-season/historical-weighting/lower-division trace.
REQ-363,TASK-035,PRIMARY,W11 team-state/early-season/historical-weighting/lower-division trace.
REQ-364,TASK-030,PRIMARY,W11 team-state/early-season/historical-weighting/lower-division trace.
REQ-364,TASK-035,PRIMARY,W11 team-state/early-season/historical-weighting/lower-division trace.
REQ-365,TASK-030,PRIMARY,W11 team-state/early-season/historical-weighting/lower-division trace.
REQ-366,TASK-030,PRIMARY,W11 team-state/early-season/historical-weighting/lower-division trace.
REQ-366,TASK-035,PRIMARY,W11 team-state/early-season/historical-weighting/lower-division trace.
REQ-367,TASK-031,PRIMARY,W11 team-state/early-season/historical-weighting/lower-division trace.
REQ-368,TASK-031,PRIMARY,W11 team-state/early-season/historical-weighting/lower-division trace.
REQ-369,TASK-031,PRIMARY,W11 team-state/early-season/historical-weighting/lower-division trace.
REQ-369,TASK-034,PRIMARY,W11 team-state/early-season/historical-weighting/lower-division trace.
REQ-370,TASK-031,PRIMARY,W11 team-state/early-season/historical-weighting/lower-division trace.
REQ-370,TASK-034,PRIMARY,W11 team-state/early-season/historical-weighting/lower-division trace.
REQ-371,TASK-031,PRIMARY,W11 team-state/early-season/historical-weighting/lower-division trace.
REQ-372,TASK-032,PRIMARY,W11 team-state/early-season/historical-weighting/lower-division trace.
REQ-372,TASK-035,PRIMARY,W11 team-state/early-season/historical-weighting/lower-division trace.
REQ-373,TASK-032,PRIMARY,W11 team-state/early-season/historical-weighting/lower-division trace.
REQ-373,TASK-034,PRIMARY,W11 team-state/early-season/historical-weighting/lower-division trace.
REQ-374,TASK-032,PRIMARY,W11 team-state/early-season/historical-weighting/lower-division trace.
REQ-374,TASK-034,PRIMARY,W11 team-state/early-season/historical-weighting/lower-division trace.
REQ-375,TASK-032,PRIMARY,W11 team-state/early-season/historical-weighting/lower-division trace.
REQ-375,TASK-034,PRIMARY,W11 team-state/early-season/historical-weighting/lower-division trace.
REQ-376,TASK-032,PRIMARY,W11 team-state/early-season/historical-weighting/lower-division trace.
REQ-377,TASK-032,PRIMARY,W11 team-state/early-season/historical-weighting/lower-division trace.
REQ-378,TASK-033,PRIMARY,W11 team-state/early-season/historical-weighting/lower-division trace.
REQ-378,TASK-035,PRIMARY,W11 team-state/early-season/historical-weighting/lower-division trace.
REQ-379,TASK-033,PRIMARY,W11 team-state/early-season/historical-weighting/lower-division trace.
REQ-379,TASK-194,PRIMARY,W11 team-state/early-season/historical-weighting/lower-division trace.
REQ-380,TASK-033,PRIMARY,W11 team-state/early-season/historical-weighting/lower-division trace.
REQ-380,TASK-194,PRIMARY,W11 team-state/early-season/historical-weighting/lower-division trace.
REQ-381,TASK-033,PRIMARY,W11 team-state/early-season/historical-weighting/lower-division trace.
REQ-381,TASK-194,PRIMARY,W11 team-state/early-season/historical-weighting/lower-division trace.
REQ-382,TASK-033,PRIMARY,W11 team-state/early-season/historical-weighting/lower-division trace.
REQ-382,TASK-194,PRIMARY,W11 team-state/early-season/historical-weighting/lower-division trace.
REQ-383,TASK-033,PRIMARY,W11 team-state/early-season/historical-weighting/lower-division trace.
REQ-383,TASK-034,PRIMARY,W11 team-state/early-season/historical-weighting/lower-division trace.
REQ-383,TASK-194,PRIMARY,W11 team-state/early-season/historical-weighting/lower-division trace.
REQ-384,TASK-033,PRIMARY,W11 team-state/early-season/historical-weighting/lower-division trace.
REQ-385,TASK-030,PRIMARY,W11 team-state/early-season/historical-weighting/lower-division trace.
REQ-385,TASK-033,PRIMARY,W11 team-state/early-season/historical-weighting/lower-division trace.
REQ-385,TASK-034,PRIMARY,W11 team-state/early-season/historical-weighting/lower-division trace.
REQ-386,TASK-030,PRIMARY,W11 team-state/early-season/historical-weighting/lower-division trace.
REQ-386,TASK-034,PRIMARY,W11 team-state/early-season/historical-weighting/lower-division trace.
REQ-387,TASK-034,PRIMARY,W11 team-state/early-season/historical-weighting/lower-division trace.
REQ-387,TASK-035,PRIMARY,W11 team-state/early-season/historical-weighting/lower-division trace.
REQ-388,TASK-034,PRIMARY,W11 team-state/early-season/historical-weighting/lower-division trace.
REQ-388,TASK-035,PRIMARY,W11 team-state/early-season/historical-weighting/lower-division trace.
REQ-389,TASK-047,PRIMARY,W12 player/availability/transfer contract trace.
REQ-389,TASK-052,SUPPORTING,W12 player/availability/transfer contract trace.
REQ-390,TASK-047,PRIMARY,W12 player/availability/transfer contract trace.
REQ-391,TASK-047,PRIMARY,W12 player/availability/transfer contract trace.
REQ-392,TASK-047,PRIMARY,W12 player/availability/transfer contract trace.
REQ-393,TASK-047,PRIMARY,W12 player/availability/transfer contract trace.
REQ-394,TASK-048,PRIMARY,W12 player/availability/transfer contract trace.
REQ-394,TASK-052,SUPPORTING,W12 player/availability/transfer contract trace.
REQ-395,TASK-048,PRIMARY,W12 player/availability/transfer contract trace.
REQ-396,TASK-049,PRIMARY,W12 player/availability/transfer contract trace.
REQ-396,TASK-052,SUPPORTING,W12 player/availability/transfer contract trace.
REQ-397,TASK-049,PRIMARY,W12 player/availability/transfer contract trace.
REQ-398,TASK-049,PRIMARY,W12 player/availability/transfer contract trace.
REQ-399,TASK-049,PRIMARY,W12 player/availability/transfer contract trace.
REQ-399,TASK-051,SUPPORTING,W12 player/availability/transfer contract trace.
REQ-400,TASK-049,PRIMARY,W12 player/availability/transfer contract trace.
REQ-400,TASK-051,SUPPORTING,W12 player/availability/transfer contract trace.
REQ-400,TASK-193,SUPPORTING,W12 player/availability/transfer contract trace.
REQ-401,TASK-050,PRIMARY,W12 player/availability/transfer contract trace.
REQ-401,TASK-052,SUPPORTING,W12 player/availability/transfer contract trace.
REQ-402,TASK-050,PRIMARY,W12 player/availability/transfer contract trace.
REQ-403,TASK-050,PRIMARY,W12 player/availability/transfer contract trace.
REQ-403,TASK-052,SUPPORTING,W12 player/availability/transfer contract trace.
REQ-404,TASK-050,PRIMARY,W12 player/availability/transfer contract trace.
REQ-404,TASK-052,SUPPORTING,W12 player/availability/transfer contract trace.
REQ-405,TASK-053,PRIMARY,W12 player/availability/transfer contract trace.
REQ-405,TASK-058,SUPPORTING,W12 player/availability/transfer contract trace.
REQ-406,TASK-053,PRIMARY,W12 player/availability/transfer contract trace.
REQ-406,TASK-057,SUPPORTING,W12 player/availability/transfer contract trace.
REQ-407,TASK-054,PRIMARY,W12 player/availability/transfer contract trace.
REQ-407,TASK-058,SUPPORTING,W12 player/availability/transfer contract trace.
REQ-408,TASK-054,PRIMARY,W12 player/availability/transfer contract trace.
REQ-408,TASK-200,SUPPORTING,W12 player/availability/transfer contract trace.
REQ-409,TASK-055,PRIMARY,W12 player/availability/transfer contract trace.
REQ-409,TASK-058,SUPPORTING,W12 player/availability/transfer contract trace.
REQ-410,TASK-055,PRIMARY,W12 player/availability/transfer contract trace.
REQ-411,TASK-055,PRIMARY,W12 player/availability/transfer contract trace.
REQ-412,TASK-055,PRIMARY,W12 player/availability/transfer contract trace.
REQ-412,TASK-057,SUPPORTING,W12 player/availability/transfer contract trace.
REQ-413,TASK-056,PRIMARY,W12 player/availability/transfer contract trace.
REQ-413,TASK-058,SUPPORTING,W12 player/availability/transfer contract trace.
REQ-414,TASK-056,PRIMARY,W12 player/availability/transfer contract trace.
REQ-415,TASK-056,PRIMARY,W12 player/availability/transfer contract trace.
REQ-415,TASK-058,SUPPORTING,W12 player/availability/transfer contract trace.
REQ-416,TASK-056,PRIMARY,W12 player/availability/transfer contract trace.
REQ-417,TASK-193,PRIMARY,W12 player/availability/transfer contract trace.
REQ-418,TASK-193,PRIMARY,W12 player/availability/transfer contract trace.
REQ-419,TASK-054,PRIMARY,W12 player/availability/transfer contract trace.
REQ-419,TASK-197,SUPPORTING,W12 player/availability/transfer contract trace.
REQ-419,TASK-200,SUPPORTING,W12 player/availability/transfer contract trace.
REQ-420,TASK-048,PRIMARY,W12 player/availability/transfer contract trace.
REQ-420,TASK-052,SUPPORTING,W12 player/availability/transfer contract trace.
REQ-421,TASK-055,PRIMARY,W12 player/availability/transfer contract trace.
REQ-421,TASK-056,SUPPORTING,W12 player/availability/transfer contract trace.
REQ-421,TASK-058,SUPPORTING,W12 player/availability/transfer contract trace.
REQ-422,TASK-059,PRIMARY_W13,W13 contract/reference scope; later empirical/materialization evidence where specified.
REQ-423,TASK-059,PRIMARY_W13,W13 contract/reference scope; later empirical/materialization evidence where specified.
REQ-424,TASK-060,PRIMARY_W13,W13 contract/reference scope; later empirical/materialization evidence where specified.
REQ-425,TASK-063,PRIMARY_W13,W13 contract/reference scope; later empirical/materialization evidence where specified.
REQ-426,TASK-064,PRIMARY_W13,W13 contract/reference scope; later empirical/materialization evidence where specified.
REQ-427,TASK-061,PRIMARY_W13,W13 contract/reference scope; later empirical/materialization evidence where specified.
REQ-428,TASK-061,PRIMARY_W13,W13 contract/reference scope; later empirical/materialization evidence where specified.
REQ-429,TASK-062,PRIMARY_W13,W13 contract/reference scope; later empirical/materialization evidence where specified.
REQ-430,TASK-062,PRIMARY_W13,W13 contract/reference scope; later empirical/materialization evidence where specified.
REQ-431,TASK-064,PRIMARY_W13,W13 contract/reference scope; later empirical/materialization evidence where specified.
REQ-432,TASK-065,PRIMARY_W13,W13 contract/reference scope; later empirical/materialization evidence where specified.
REQ-433,TASK-066,PRIMARY_W13,W13 contract/reference scope; later empirical/materialization evidence where specified.
REQ-434,TASK-066,PRIMARY_W13,W13 contract/reference scope; later empirical/materialization evidence where specified.
REQ-435,TASK-067,PRIMARY_W13,W13 contract/reference scope; later empirical/materialization evidence where specified.
REQ-436,TASK-198,PRIMARY_W13,W13 contract/reference scope; later empirical/materialization evidence where specified.
REQ-437,TASK-068,PRIMARY_W13,W13 contract/reference scope; later empirical/materialization evidence where specified.
REQ-438,TASK-068,PRIMARY_W13,W13 contract/reference scope; later empirical/materialization evidence where specified.
REQ-439,TASK-069,PRIMARY_W13,W13 contract/reference scope; later empirical/materialization evidence where specified.
REQ-440,TASK-195,PRIMARY_W13,W13 contract/reference scope; later empirical/materialization evidence where specified.
REQ-441,TASK-195,PRIMARY_W13,W13 contract/reference scope; later empirical/materialization evidence where specified.
REQ-442,TASK-071,PRIMARY_W13,W13 contract/reference scope; later empirical/materialization evidence where specified.
REQ-443,TASK-071,PRIMARY_W13,W13 contract/reference scope; later empirical/materialization evidence where specified.
REQ-444,TASK-072,PRIMARY_W13,W13 contract/reference scope; later empirical/materialization evidence where specified.
REQ-445,TASK-073,PRIMARY_W13,W13 contract/reference scope; later empirical/materialization evidence where specified.
REQ-446,TASK-073,PRIMARY_W13,W13 contract/reference scope; later empirical/materialization evidence where specified.
REQ-447,TASK-074,PRIMARY_W13,W13 contract/reference scope; later empirical/materialization evidence where specified.
REQ-448,TASK-075,PRIMARY_W13,W13 contract/reference scope; later empirical/materialization evidence where specified.
REQ-449,TASK-075,PRIMARY_W13,W13 contract/reference scope; later empirical/materialization evidence where specified.
REQ-450,TASK-077,PRIMARY_W13,W13 contract/reference scope; later empirical/materialization evidence where specified.
REQ-451,TASK-078,PRIMARY_W13,W13 contract/reference scope; later empirical/materialization evidence where specified.
REQ-452,TASK-079,PRIMARY_W13,W13 contract/reference scope; later empirical/materialization evidence where specified.
REQ-453,TASK-080,PRIMARY_W13,W13 contract/reference scope; later empirical/materialization evidence where specified.
REQ-454,TASK-081,PRIMARY_W13,W13 contract/reference scope; later empirical/materialization evidence where specified.
REQ-455,TASK-201,PRIMARY_W13,W13 contract/reference scope; later empirical/materialization evidence where specified.
REQ-456,TASK-082,PRIMARY_W13,W13 contract/reference scope; later empirical/materialization evidence where specified.
REQ-457,TASK-082,PRIMARY_W13,W13 contract/reference scope; later empirical/materialization evidence where specified.
REQ-458,TASK-082,PRIMARY_W13,W13 contract/reference scope; later empirical/materialization evidence where specified.
REQ-459,TASK-067,PRIMARY_W13,W13 contract/reference scope; later empirical/materialization evidence where specified.
REQ-460,TASK-065,PRIMARY_W13,W13 contract/reference scope; later empirical/materialization evidence where specified.
REQ-461,TASK-082,PRIMARY_W13,W13 contract/reference scope; later empirical/materialization evidence where specified.
REQ-462,TASK-088,PRIMARY_W14,W14 contract/reference scope; later empirical/materialization evidence where specified.
REQ-463,TASK-088,PRIMARY_W14,W14 contract/reference scope; later empirical/materialization evidence where specified.
REQ-464,TASK-088,PRIMARY_W14,W14 contract/reference scope; later empirical/materialization evidence where specified.
REQ-465,TASK-089,PRIMARY_W14,W14 contract/reference scope; later empirical/materialization evidence where specified.
REQ-466,TASK-090,PRIMARY_W14,W14 contract/reference scope; later empirical/materialization evidence where specified.
REQ-467,TASK-090,PRIMARY_W14,W14 contract/reference scope; later empirical/materialization evidence where specified.
REQ-468,TASK-088,PRIMARY_W14,W14 contract/reference scope; later empirical/materialization evidence where specified.
REQ-469,TASK-091,PRIMARY_W14,W14 contract/reference scope; later empirical/materialization evidence where specified.
REQ-470,TASK-091,PRIMARY_W14,W14 contract/reference scope; later empirical/materialization evidence where specified.
REQ-471,TASK-092,PRIMARY_W14,W14 contract/reference scope; later empirical/materialization evidence where specified.
REQ-472,TASK-092,PRIMARY_W14,W14 contract/reference scope; later empirical/materialization evidence where specified.
REQ-473,TASK-092,PRIMARY_W14,W14 contract/reference scope; later empirical/materialization evidence where specified.
REQ-474,TASK-094,PRIMARY_W14,W14 contract/reference scope; later empirical/materialization evidence where specified.
REQ-475,TASK-097,PRIMARY_W14,W14 contract/reference scope; later empirical/materialization evidence where specified.
REQ-476,TASK-094,PRIMARY_W14,W14 contract/reference scope; later empirical/materialization evidence where specified.
REQ-477,TASK-095,PRIMARY_W14,W14 contract/reference scope; later empirical/materialization evidence where specified.
REQ-478,TASK-096,PRIMARY_W14,W14 contract/reference scope; later empirical/materialization evidence where specified.
REQ-479,TASK-096,PRIMARY_W14,W14 contract/reference scope; later empirical/materialization evidence where specified.
REQ-480,TASK-097,PRIMARY_W14,W14 contract/reference scope; later empirical/materialization evidence where specified.
REQ-481,TASK-097,PRIMARY_W14,W14 contract/reference scope; later empirical/materialization evidence where specified.
REQ-482,TASK-097,PRIMARY_W14,W14 contract/reference scope; later empirical/materialization evidence where specified.
REQ-483,TASK-098,PRIMARY_W14,W14 contract/reference scope; later empirical/materialization evidence where specified.
REQ-484,TASK-098,PRIMARY_W14,W14 contract/reference scope; later empirical/materialization evidence where specified.
REQ-485,TASK-098,PRIMARY_W14,W14 contract/reference scope; later empirical/materialization evidence where specified.
REQ-486,TASK-098,PRIMARY_W14,W14 contract/reference scope; later empirical/materialization evidence where specified.
REQ-487,TASK-097,PRIMARY_W14,W14 contract/reference scope; later empirical/materialization evidence where specified.
REQ-488,TASK-099,PRIMARY_W14,W14 contract/reference scope; later empirical/materialization evidence where specified.
REQ-489,TASK-097,PRIMARY_W14,W14 contract/reference scope; later empirical/materialization evidence where specified.
REQ-490,TASK-097,PRIMARY_W14,W14 contract/reference scope; later empirical/materialization evidence where specified.
REQ-491,TASK-094,PRIMARY_W14,W14 contract/reference scope; later empirical/materialization evidence where specified.
REQ-492,TASK-099,PRIMARY_W14,W14 contract/reference scope; later empirical/materialization evidence where specified.
REQ-493,TASK-099,PRIMARY_W14,W14 contract/reference scope; later empirical/materialization evidence where specified.
REQ-494,TASK-100,PRIMARY_W15,W15 BAS contract/reference scope; later empirical/model evidence where specified.
REQ-495,TASK-100,PRIMARY_W15,W15 BAS contract/reference scope; later empirical/model evidence where specified.
REQ-495,TASK-102,SUPPORTING,W15 BAS contract/reference scope; later empirical/model evidence where specified.
REQ-496,TASK-102,PRIMARY_W15,W15 BAS contract/reference scope; later empirical/model evidence where specified.
REQ-497,TASK-101,PRIMARY_W15,W15 BAS contract/reference scope; later empirical/model evidence where specified.
REQ-498,TASK-101,PRIMARY_W15,W15 BAS contract/reference scope; later empirical/model evidence where specified.
REQ-499,TASK-101,PRIMARY_W15,W15 BAS contract/reference scope; later empirical/model evidence where specified.
REQ-499,TASK-103,SUPPORTING,W15 BAS contract/reference scope; later empirical/model evidence where specified.
REQ-500,TASK-101,PRIMARY_W15,W15 BAS contract/reference scope; later empirical/model evidence where specified.
REQ-500,TASK-104,SUPPORTING,W15 BAS contract/reference scope; later empirical/model evidence where specified.
REQ-501,TASK-101,PRIMARY_W15,W15 BAS contract/reference scope; later empirical/model evidence where specified.
REQ-501,TASK-103,SUPPORTING,W15 BAS contract/reference scope; later empirical/model evidence where specified.
REQ-502,TASK-101,PRIMARY_W15,W15 BAS contract/reference scope; later empirical/model evidence where specified.
REQ-502,TASK-103,SUPPORTING,W15 BAS contract/reference scope; later empirical/model evidence where specified.
REQ-503,TASK-104,PRIMARY_W15,W15 BAS contract/reference scope; later empirical/model evidence where specified.
REQ-503,TASK-116,SUPPORTING,W15 BAS contract/reference scope; later empirical/model evidence where specified.
REQ-504,TASK-104,PRIMARY_W15,W15 BAS contract/reference scope; later empirical/model evidence where specified.
REQ-505,TASK-105,PRIMARY_W15,W15 BAS contract/reference scope; later empirical/model evidence where specified.
REQ-506,TASK-105,PRIMARY_W15,W15 BAS contract/reference scope; later empirical/model evidence where specified.
REQ-507,TASK-106,PRIMARY_W15,W15 BAS contract/reference scope; later empirical/model evidence where specified.
REQ-507,TASK-109,SUPPORTING,W15 BAS contract/reference scope; later empirical/model evidence where specified.
REQ-508,TASK-106,PRIMARY_W15,W15 BAS contract/reference scope; later empirical/model evidence where specified.
REQ-509,TASK-106,PRIMARY_W15,W15 BAS contract/reference scope; later empirical/model evidence where specified.
REQ-509,TASK-108,SUPPORTING,W15 BAS contract/reference scope; later empirical/model evidence where specified.
REQ-510,TASK-108,PRIMARY_W15,W15 BAS contract/reference scope; later empirical/model evidence where specified.
REQ-510,TASK-109,SUPPORTING,W15 BAS contract/reference scope; later empirical/model evidence where specified.
REQ-511,TASK-108,PRIMARY_W15,W15 BAS contract/reference scope; later empirical/model evidence where specified.
REQ-511,TASK-109,SUPPORTING,W15 BAS contract/reference scope; later empirical/model evidence where specified.
REQ-512,TASK-108,PRIMARY_W15,W15 BAS contract/reference scope; later empirical/model evidence where specified.
REQ-512,TASK-109,SUPPORTING,W15 BAS contract/reference scope; later empirical/model evidence where specified.
REQ-513,TASK-108,PRIMARY_W15,W15 BAS contract/reference scope; later empirical/model evidence where specified.
REQ-513,TASK-109,SUPPORTING,W15 BAS contract/reference scope; later empirical/model evidence where specified.
REQ-514,TASK-107,PRIMARY_W15,W15 BAS contract/reference scope; later empirical/model evidence where specified.
REQ-514,TASK-110,SUPPORTING,W15 BAS contract/reference scope; later empirical/model evidence where specified.
REQ-515,TASK-107,PRIMARY_W15,W15 BAS contract/reference scope; later empirical/model evidence where specified.
REQ-516,TASK-107,PRIMARY_W15,W15 BAS contract/reference scope; later empirical/model evidence where specified.
REQ-517,TASK-107,PRIMARY_W15,W15 BAS contract/reference scope; later empirical/model evidence where specified.
REQ-518,TASK-107,PRIMARY_W15,W15 BAS contract/reference scope; later empirical/model evidence where specified.
REQ-519,TASK-107,PRIMARY_W15,W15 BAS contract/reference scope; later empirical/model evidence where specified.
REQ-520,TASK-107,PRIMARY_W15,W15 BAS contract/reference scope; later empirical/model evidence where specified.
REQ-521,TASK-108,PRIMARY_W15,W15 BAS contract/reference scope; later empirical/model evidence where specified.
REQ-521,TASK-116,SUPPORTING,W15 BAS contract/reference scope; later empirical/model evidence where specified.
REQ-522,TASK-108,PRIMARY_W15,W15 BAS contract/reference scope; later empirical/model evidence where specified.
REQ-522,TASK-116,SUPPORTING,W15 BAS contract/reference scope; later empirical/model evidence where specified.
REQ-523,TASK-106,PRIMARY_W15,W15 BAS contract/reference scope; later empirical/model evidence where specified.
REQ-523,TASK-108,SUPPORTING,W15 BAS contract/reference scope; later empirical/model evidence where specified.
REQ-524,TASK-106,PRIMARY_W15,W15 BAS contract/reference scope; later empirical/model evidence where specified.
REQ-524,TASK-108,SUPPORTING,W15 BAS contract/reference scope; later empirical/model evidence where specified.
REQ-524,TASK-110,SUPPORTING,W15 BAS contract/reference scope; later empirical/model evidence where specified.
REQ-525,TASK-103,PRIMARY_W15,W15 BAS contract/reference scope; later empirical/model evidence where specified.
REQ-525,TASK-107,SUPPORTING,W15 BAS contract/reference scope; later empirical/model evidence where specified.
REQ-526,TASK-104,PRIMARY_W15,W15 BAS contract/reference scope; later empirical/model evidence where specified.
REQ-526,TASK-108,SUPPORTING,W15 BAS contract/reference scope; later empirical/model evidence where specified.
REQ-527,TASK-101,PRIMARY_W15,W15 BAS contract/reference scope; later empirical/model evidence where specified.
REQ-527,TASK-116,SUPPORTING,W15 BAS contract/reference scope; later empirical/model evidence where specified.
REQ-528,TASK-116,PRIMARY_W15,W15 BAS contract/reference scope; later empirical/model evidence where specified.
REQ-529,TASK-116,PRIMARY_W16,W16 contract/reference artifact; empirical evidence later where applicable.
REQ-530,TASK-116,PRIMARY_W16,W16 contract/reference artifact; empirical evidence later where applicable.
REQ-531,TASK-116,PRIMARY_W16,W16 contract/reference artifact; empirical evidence later where applicable.
REQ-532,TASK-116,PRIMARY_W16,W16 contract/reference artifact; empirical evidence later where applicable.
REQ-533,TASK-116,PRIMARY_W16,W16 contract/reference artifact; empirical evidence later where applicable.
REQ-534,TASK-116,PRIMARY_W16,W16 contract/reference artifact; empirical evidence later where applicable.
REQ-535,TASK-116,PRIMARY_W16,W16 contract/reference artifact; empirical evidence later where applicable.
REQ-536,TASK-116,PRIMARY_W16,W16 contract/reference artifact; empirical evidence later where applicable.
REQ-537,TASK-116,PRIMARY_W16,W16 contract/reference artifact; empirical evidence later where applicable.
REQ-538,TASK-116,PRIMARY_W16,W16 contract/reference artifact; empirical evidence later where applicable.
REQ-539,TASK-116,PRIMARY_W16,W16 contract/reference artifact; empirical evidence later where applicable.
REQ-540,TASK-036,PRIMARY_W16,W16 contract/reference artifact; empirical evidence later where applicable.
REQ-541,TASK-036,PRIMARY_W16,W16 contract/reference artifact; empirical evidence later where applicable.
REQ-542,TASK-036,PRIMARY_W16,W16 contract/reference artifact; empirical evidence later where applicable.
REQ-543,TASK-037,PRIMARY_W16,W16 contract/reference artifact; empirical evidence later where applicable.
REQ-544,TASK-037,PRIMARY_W16,W16 contract/reference artifact; empirical evidence later where applicable.
REQ-545,TASK-124,PRIMARY_W16,W16 contract/reference artifact; empirical evidence later where applicable.
REQ-546,TASK-125,PRIMARY_W16,W16 contract/reference artifact; empirical evidence later where applicable.
REQ-547,TASK-125,PRIMARY_W16,W16 contract/reference artifact; empirical evidence later where applicable.
REQ-548,TASK-125,PRIMARY_W16,W16 contract/reference artifact; empirical evidence later where applicable.
REQ-549,TASK-119,PRIMARY_W16,W16 contract/reference artifact; empirical evidence later where applicable.
REQ-550,TASK-119,PRIMARY_W16,W16 contract/reference artifact; empirical evidence later where applicable.
REQ-551,TASK-119,PRIMARY_W16,W16 contract/reference artifact; empirical evidence later where applicable.
REQ-552,TASK-119,PRIMARY_W16,W16 contract/reference artifact; empirical evidence later where applicable.
REQ-553,TASK-120,PRIMARY_W16,W16 contract/reference artifact; empirical evidence later where applicable.
REQ-554,TASK-120,PRIMARY_W16,W16 contract/reference artifact; empirical evidence later where applicable.
REQ-555,TASK-122,PRIMARY_W16,W16 contract/reference artifact; empirical evidence later where applicable.
REQ-556,TASK-123,PRIMARY_W16,W16 contract/reference artifact; empirical evidence later where applicable.
REQ-557,TASK-123,PRIMARY_W16,W16 contract/reference artifact; empirical evidence later where applicable.
REQ-558,TASK-123,PRIMARY_W16,W16 contract/reference artifact; empirical evidence later where applicable.
REQ-559,TASK-123,PRIMARY_W16,W16 contract/reference artifact; empirical evidence later where applicable.
REQ-560,TASK-121,PRIMARY_W16,W16 contract/reference artifact; empirical evidence later where applicable.
REQ-561,TASK-121,PRIMARY_W16,W16 contract/reference artifact; empirical evidence later where applicable.
REQ-562,TASK-121,PRIMARY_W16,W16 contract/reference artifact; empirical evidence later where applicable.
REQ-563,TASK-038,PRIMARY_W16,W16 contract/reference artifact; empirical evidence later where applicable.
REQ-564,TASK-038,PRIMARY_W16,W16 contract/reference artifact; empirical evidence later where applicable.
REQ-565,TASK-121,PRIMARY_W16,W16 contract/reference artifact; empirical evidence later where applicable.
REQ-566,TASK-121,PRIMARY_W16,W16 contract/reference artifact; empirical evidence later where applicable.
REQ-567,TASK-121,PRIMARY_W16,W16 contract/reference artifact; empirical evidence later where applicable.
REQ-568,TASK-121,PRIMARY_W16,W16 contract/reference artifact; empirical evidence later where applicable.
REQ-569,TASK-128,PRIMARY,W17 validation/promotion protocol traceability.
REQ-570,TASK-128,PRIMARY,W17 validation/promotion protocol traceability.
REQ-571,TASK-128,PRIMARY,W17 validation/promotion protocol traceability.
REQ-572,TASK-128,PRIMARY,W17 validation/promotion protocol traceability.
REQ-572,TASK-131,PRIMARY,W17 validation/promotion protocol traceability.
REQ-573,TASK-128,PRIMARY,W17 validation/promotion protocol traceability.
REQ-574,TASK-128,PRIMARY,W17 validation/promotion protocol traceability.
REQ-575,TASK-128,PRIMARY,W17 validation/promotion protocol traceability.
REQ-575,TASK-132,PRIMARY,W17 validation/promotion protocol traceability.
REQ-576,TASK-128,PRIMARY,W17 validation/promotion protocol traceability.
REQ-577,TASK-129,PRIMARY,W17 validation/promotion protocol traceability.
REQ-578,TASK-129,PRIMARY,W17 validation/promotion protocol traceability.
REQ-579,TASK-129,PRIMARY,W17 validation/promotion protocol traceability.
REQ-580,TASK-129,PRIMARY,W17 validation/promotion protocol traceability.
REQ-581,TASK-129,PRIMARY,W17 validation/promotion protocol traceability.
REQ-582,TASK-109,PRIMARY,W17 validation/promotion protocol traceability.
REQ-583,TASK-130,PRIMARY,W17 validation/promotion protocol traceability.
REQ-583,TASK-133,PRIMARY,W17 validation/promotion protocol traceability.
REQ-584,TASK-130,PRIMARY,W17 validation/promotion protocol traceability.
REQ-585,TASK-130,PRIMARY,W17 validation/promotion protocol traceability.
REQ-586,TASK-130,PRIMARY,W17 validation/promotion protocol traceability.
REQ-586,TASK-131,PRIMARY,W17 validation/promotion protocol traceability.
REQ-587,TASK-039,PRIMARY,W17 validation/promotion protocol traceability.
REQ-587,TASK-040,PRIMARY,W17 validation/promotion protocol traceability.
REQ-588,TASK-129,PRIMARY,W17 validation/promotion protocol traceability.
REQ-588,TASK-039,PRIMARY,W17 validation/promotion protocol traceability.
REQ-589,TASK-131,PRIMARY,W17 validation/promotion protocol traceability.
REQ-590,TASK-131,PRIMARY,W17 validation/promotion protocol traceability.
REQ-591,TASK-132,PRIMARY,W17 validation/promotion protocol traceability.
REQ-592,TASK-132,PRIMARY,W17 validation/promotion protocol traceability.
REQ-593,TASK-132,PRIMARY,W17 validation/promotion protocol traceability.
REQ-593,TASK-133,PRIMARY,W17 validation/promotion protocol traceability.
REQ-594,TASK-109,PRIMARY,W17 validation/promotion protocol traceability.
REQ-594,TASK-110,PRIMARY,W17 validation/promotion protocol traceability.
REQ-595,TASK-109,PRIMARY,W17 validation/promotion protocol traceability.
REQ-595,TASK-110,PRIMARY,W17 validation/promotion protocol traceability.
REQ-596,TASK-133,PRIMARY,W17 validation/promotion protocol traceability.
REQ-597,TASK-126,PRIMARY,W17 validation/promotion protocol traceability.
REQ-597,TASK-127,PRIMARY,W17 validation/promotion protocol traceability.
REQ-598,TASK-126,PRIMARY,W17 validation/promotion protocol traceability.
REQ-598,TASK-127,PRIMARY,W17 validation/promotion protocol traceability.
REQ-599,TASK-126,PRIMARY,W17 validation/promotion protocol traceability.
REQ-599,TASK-127,PRIMARY,W17 validation/promotion protocol traceability.
REQ-600,TASK-126,PRIMARY,W17 validation/promotion protocol traceability.
REQ-601,TASK-132,PRIMARY,W17 validation/promotion protocol traceability.
REQ-601,TASK-133,PRIMARY,W17 validation/promotion protocol traceability.
REQ-602,TASK-133,PRIMARY,W17 validation/promotion protocol traceability.
REQ-603,TASK-134,PRIMARY,W18 experimentation/autonomous research governance traceability.
REQ-604,TASK-134,PRIMARY,W18 experimentation/autonomous research governance traceability.
REQ-605,TASK-134,PRIMARY,W18 experimentation/autonomous research governance traceability.
REQ-606,TASK-134,PRIMARY,W18 experimentation/autonomous research governance traceability.
REQ-607,TASK-134,PRIMARY,W18 experimentation/autonomous research governance traceability.
REQ-608,TASK-137,PRIMARY,W18 experimentation/autonomous research governance traceability.
REQ-609,TASK-137,PRIMARY,W18 experimentation/autonomous research governance traceability.
REQ-610,TASK-137,PRIMARY,W18 experimentation/autonomous research governance traceability.
REQ-611,TASK-135,PRIMARY,W18 experimentation/autonomous research governance traceability.
REQ-612,TASK-135,PRIMARY,W18 experimentation/autonomous research governance traceability.
REQ-613,TASK-135,PRIMARY,W18 experimentation/autonomous research governance traceability.
REQ-614,TASK-135,PRIMARY,W18 experimentation/autonomous research governance traceability.
REQ-615,TASK-135,PRIMARY,W18 experimentation/autonomous research governance traceability.
REQ-616,TASK-135,PRIMARY,W18 experimentation/autonomous research governance traceability.
REQ-617,TASK-136,PRIMARY,W18 experimentation/autonomous research governance traceability.
REQ-618,TASK-136,PRIMARY,W18 experimentation/autonomous research governance traceability.
REQ-619,TASK-136,PRIMARY,W18 experimentation/autonomous research governance traceability.
REQ-620,TASK-138,PRIMARY,W18 experimentation/autonomous research governance traceability.
REQ-621,TASK-136,PRIMARY,W18 experimentation/autonomous research governance traceability.
REQ-622,TASK-136,PRIMARY,W18 experimentation/autonomous research governance traceability.
REQ-623,TASK-136,PRIMARY,W18 experimentation/autonomous research governance traceability.
REQ-624,TASK-138,PRIMARY,W18 experimentation/autonomous research governance traceability.
REQ-625,TASK-138,PRIMARY,W18 experimentation/autonomous research governance traceability.
REQ-626,TASK-138,PRIMARY,W18 experimentation/autonomous research governance traceability.
REQ-627,TASK-138,PRIMARY,W18 experimentation/autonomous research governance traceability.
REQ-628,TASK-138,PRIMARY,W18 experimentation/autonomous research governance traceability.
REQ-629,TASK-138,PRIMARY,W18 experimentation/autonomous research governance traceability.
REQ-630,TASK-139,PRIMARY,W18 experimentation/autonomous research governance traceability.
REQ-631,TASK-139,PRIMARY,W18 experimentation/autonomous research governance traceability.
REQ-632,TASK-139,PRIMARY,W18 experimentation/autonomous research governance traceability.
REQ-633,TASK-139,PRIMARY,W18 experimentation/autonomous research governance traceability.
REQ-634,TASK-135,PRIMARY,W18 experimentation/autonomous research governance traceability.
REQ-635,TASK-139,PRIMARY,W18 experimentation/autonomous research governance traceability.
REQ-636,TASK-139,PRIMARY,W18 experimentation/autonomous research governance traceability.
REQ-637,TASK-139,PRIMARY,W18 experimentation/autonomous research governance traceability.
REQ-638,TASK-139,PRIMARY,W18 experimentation/autonomous research governance traceability.
REQ-639,TASK-139,PRIMARY,W18 experimentation/autonomous research governance traceability.
REQ-640,TASK-139,PRIMARY,W18 experimentation/autonomous research governance traceability.
REQ-019,TASK-139,GOVERNANCE_GATE,W18 autonomous research protection gate.
REQ-111,TASK-139,GOVERNANCE_GATE,W18 autonomous research protection gate.
REQ-119,TASK-139,GOVERNANCE_GATE,W18 autonomous research protection gate.
REQ-121,TASK-139,GOVERNANCE_GATE,W18 autonomous research protection gate.
REQ-153,TASK-139,GOVERNANCE_GATE,W18 autonomous research protection gate.
REQ-172,TASK-139,GOVERNANCE_GATE,W18 autonomous research protection gate.
REQ-179,TASK-139,GOVERNANCE_GATE,W18 autonomous research protection gate.
REQ-183,TASK-139,GOVERNANCE_GATE,W18 autonomous research protection gate.
REQ-593,TASK-139,GOVERNANCE_GATE,W18 autonomous research protection gate.
REQ-641,TASK-138,PRIMARY,Corrected W18 tournament/HPO/replay/research governance requirement.
REQ-642,TASK-138,PRIMARY,Corrected W18 tournament/HPO/replay/research governance requirement.
REQ-643,TASK-138,PRIMARY,Corrected W18 tournament/HPO/replay/research governance requirement.
REQ-644,TASK-138,PRIMARY,Corrected W18 tournament/HPO/replay/research governance requirement.
REQ-645,TASK-138,PRIMARY,Corrected W18 tournament/HPO/replay/research governance requirement.
REQ-646,TASK-138,PRIMARY,Corrected W18 tournament/HPO/replay/research governance requirement.
REQ-647,TASK-138,PRIMARY,Corrected W18 tournament/HPO/replay/research governance requirement.
REQ-648,TASK-138,PRIMARY,Corrected W18 tournament/HPO/replay/research governance requirement.
REQ-649,TASK-138,PRIMARY,Corrected W18 tournament/HPO/replay/research governance requirement.
REQ-650,TASK-138,PRIMARY,Corrected W18 tournament/HPO/replay/research governance requirement.
REQ-651,TASK-138,PRIMARY,Corrected W18 tournament/HPO/replay/research governance requirement.
REQ-652,TASK-138,PRIMARY,Corrected W18 tournament/HPO/replay/research governance requirement.
REQ-653,TASK-138,PRIMARY,Corrected W18 tournament/HPO/replay/research governance requirement.
REQ-654,TASK-138,PRIMARY,Corrected W18 tournament/HPO/replay/research governance requirement.
REQ-655,TASK-135,PRIMARY,Corrected W18 tournament/HPO/replay/research governance requirement.
REQ-656,TASK-135,PRIMARY,Corrected W18 tournament/HPO/replay/research governance requirement.
REQ-657,TASK-135,PRIMARY,Corrected W18 tournament/HPO/replay/research governance requirement.
REQ-658,TASK-135,PRIMARY,Corrected W18 tournament/HPO/replay/research governance requirement.
REQ-659,TASK-135,PRIMARY,Corrected W18 tournament/HPO/replay/research governance requirement.
REQ-660,TASK-135,PRIMARY,Corrected W18 tournament/HPO/replay/research governance requirement.
REQ-661,TASK-135,PRIMARY,Corrected W18 tournament/HPO/replay/research governance requirement.
REQ-662,TASK-135,PRIMARY,Corrected W18 tournament/HPO/replay/research governance requirement.
REQ-663,TASK-135,PRIMARY,Corrected W18 tournament/HPO/replay/research governance requirement.
REQ-664,TASK-136,PRIMARY,Corrected W18 tournament/HPO/replay/research governance requirement.
REQ-665,TASK-136,PRIMARY,Corrected W18 tournament/HPO/replay/research governance requirement.
REQ-666,TASK-136,PRIMARY,Corrected W18 tournament/HPO/replay/research governance requirement.
REQ-667,TASK-136,PRIMARY,Corrected W18 tournament/HPO/replay/research governance requirement.
REQ-668,TASK-136,PRIMARY,Corrected W18 tournament/HPO/replay/research governance requirement.
REQ-669,TASK-136,PRIMARY,Corrected W18 tournament/HPO/replay/research governance requirement.
REQ-670,TASK-136,PRIMARY,Corrected W18 tournament/HPO/replay/research governance requirement.
REQ-671,TASK-138,PRIMARY,Corrected W18 tournament/HPO/replay/research governance requirement.
REQ-672,TASK-138,PRIMARY,Corrected W18 tournament/HPO/replay/research governance requirement.
REQ-673,TASK-138,PRIMARY,Corrected W18 tournament/HPO/replay/research governance requirement.
REQ-674,TASK-138,PRIMARY,Corrected W18 tournament/HPO/replay/research governance requirement.
REQ-675,TASK-138,PRIMARY,Corrected W18 tournament/HPO/replay/research governance requirement.
REQ-676,TASK-138,PRIMARY,Corrected W18 tournament/HPO/replay/research governance requirement.
REQ-677,TASK-139,PRIMARY,Corrected W18 tournament/HPO/replay/research governance requirement.
REQ-678,TASK-139,PRIMARY,Corrected W18 tournament/HPO/replay/research governance requirement.
REQ-679,TASK-139,PRIMARY,Corrected W18 tournament/HPO/replay/research governance requirement.
REQ-680,TASK-139,PRIMARY,Corrected W18 tournament/HPO/replay/research governance requirement.
REQ-681,TASK-134,PRIMARY,W18 full-rebuild subsystem requirement.
REQ-682,TASK-136,PRIMARY,W18 full-rebuild subsystem requirement.
REQ-683,TASK-136,PRIMARY,W18 full-rebuild subsystem requirement.
REQ-684,TASK-136,PRIMARY,W18 full-rebuild subsystem requirement.
REQ-685,TASK-136,PRIMARY,W18 full-rebuild subsystem requirement.
REQ-686,TASK-138,PRIMARY,W18 full-rebuild subsystem requirement.
REQ-687,TASK-138,PRIMARY,W18 full-rebuild subsystem requirement.
REQ-688,TASK-138,PRIMARY,W18 full-rebuild subsystem requirement.
REQ-689,TASK-137,PRIMARY,W18 full-rebuild subsystem requirement.
REQ-690,TASK-138,PRIMARY,W18 full-rebuild subsystem requirement.
REQ-691,TASK-138,PRIMARY,W18 full-rebuild subsystem requirement.
REQ-692,TASK-135,PRIMARY,W18 full-rebuild subsystem requirement.
REQ-693,TASK-135,PRIMARY,W18 full-rebuild subsystem requirement.
REQ-694,TASK-135,PRIMARY,W18 full-rebuild subsystem requirement.
REQ-695,TASK-138,PRIMARY,W18 full-rebuild subsystem requirement.
REQ-696,TASK-136,PRIMARY,W18 full-rebuild subsystem requirement.
REQ-697,TASK-138,PRIMARY,W18 full-rebuild subsystem requirement.
REQ-698,TASK-136,PRIMARY,W18 full-rebuild subsystem requirement.
REQ-699,TASK-139,PRIMARY,W18 full-rebuild subsystem requirement.
REQ-700,TASK-139,PRIMARY,W18 full-rebuild subsystem requirement.
REQ-631,TASK-164,PRIMARY_W18_ADVANCED_CHALLENGER,Full-rebuild W18 closes advanced challenger owner task.
REQ-632,TASK-164,PRIMARY_W18_ADVANCED_CHALLENGER,Full-rebuild W18 closes advanced challenger owner task.
REQ-701,TASK-041,PRIMARY,W19 implementation evidence mapping.
REQ-702,TASK-042,PRIMARY,W19 implementation evidence mapping.
REQ-703,TASK-044,PRIMARY,W19 implementation evidence mapping.
REQ-704,TASK-043,PRIMARY,W19 implementation evidence mapping.
REQ-705,TASK-046,PRIMARY,W19 implementation evidence mapping.
REQ-706,TASK-140,PRIMARY,W20 functional implementation evidence mapping.
REQ-707,TASK-142,PRIMARY,W20 functional implementation evidence mapping.
REQ-708,TASK-141,PRIMARY,W20 functional implementation evidence mapping.
REQ-709,TASK-143,PRIMARY,W20 functional implementation evidence mapping.
REQ-710,TASK-144,PRIMARY,W20 functional implementation evidence mapping.
REQ-711,TASK-112,PRIMARY,W20 functional implementation evidence mapping.
REQ-712,TASK-113,PRIMARY,W20 functional implementation evidence mapping.
REQ-713,TASK-145,PRIMARY,W20 functional implementation evidence mapping.
REQ-714,TASK-151,PRIMARY,W21 functional implementation evidence mapping.
REQ-715,TASK-147,PRIMARY,W21 functional implementation evidence mapping.
REQ-716,TASK-146,PRIMARY,W21 functional implementation evidence mapping.
REQ-717,TASK-149,PRIMARY,W21 functional implementation evidence mapping.
REQ-718,TASK-149,PRIMARY,W21 functional implementation evidence mapping.
REQ-719,TASK-149,PRIMARY,W21 functional implementation evidence mapping.
REQ-720,TASK-150,PRIMARY,W21 functional implementation evidence mapping.
REQ-721,TASK-151,PRIMARY,W21 functional implementation evidence mapping.
REQ-722,TASK-152,PRIMARY,W22 snapshot-only serving contract.
REQ-723,TASK-152,PRIMARY,W22 versioned API/lane contract.
REQ-724,TASK-155,PRIMARY,W22 freshness/warning behavior.
REQ-725,TASK-155,PRIMARY,W22 product context surfaces.
REQ-726,TASK-155,PRIMARY,W22 precomputed explanation boundary.
REQ-727,TASK-156,PRIMARY,W22 model/feature/data/source lineage display.
REQ-728,TASK-153,PRIMARY,W22 product framework decision.
REQ-729,TASK-157,PRIMARY,W22 executable acceptance gate.
REQ-730,TASK-158,PRIMARY,W23 implementation/evidence mapping.
REQ-731,TASK-160,PRIMARY,W23 implementation/evidence mapping.
REQ-732,TASK-160,PRIMARY,W23 implementation/evidence mapping.
REQ-733,TASK-161,PRIMARY,W23 implementation/evidence mapping.
REQ-734,TASK-162,PRIMARY,W23 implementation/evidence mapping.
REQ-735,TASK-162,PRIMARY,W23 implementation/evidence mapping.
REQ-736,TASK-163,PRIMARY,W23 implementation/evidence mapping.
REQ-737,TASK-177,PRIMARY,W24 controlled sequencing override/carry-forward governance.
REQ-738,TASK-173,PRIMARY,W24 synthetic E2E.
REQ-739,TASK-173,PRIMARY,Replay-readiness honesty.
REQ-740,TASK-174,PRIMARY,Leakage battery and repair.
REQ-741,TASK-175,PRIMARY,Current source refresh.
REQ-742,TASK-175,PRIMARY,SportsDataverse provenance refinement.
REQ-743,TASK-175,PRIMARY,Weather access/ensemble refinement.
REQ-744,TASK-176,PRIMARY,Final architecture challenge.
REQ-745,TASK-178,PRIMARY,W24 gate carries AC-038 into W25.
REQ-058,TASK-202,PRIMARY,Universal private-research acquisition policy and external immutable capture boundary
REQ-252,TASK-202,PRIMARY,Preserve upstream provenance while making rights metadata nonblocking
REQ-254,TASK-202,PRIMARY,Preserve access and license metadata without a private-use approval gate
REQ-742,TASK-202,PRIMARY,Retain upstream identity and avoid false independent corroboration
