path,status,parent_size_bytes,current_size_bytes,parent_sha256,current_sha256
.codex/README.md,UNCHANGED,494,494,3df7dd57ee2740974effbfc0b098f1029249f9e9008ea1ee1e770395e40269ec,3df7dd57ee2740974effbfc0b098f1029249f9e9008ea1ee1e770395e40269ec
.codex/TASK_PACKET_TEMPLATE.md,UNCHANGED,406,406,1aba392336974c435c26cdc1c52bce8c70f500491cea04bce41566da75aec342,1aba392336974c435c26cdc1c52bce8c70f500491cea04bce41566da75aec342
.codex/WORKTREE_POLICY.md,UNCHANGED,668,668,d1ebc535fd41b1adccf8f0b50de7d4921713e0b933f939c12de8290ad8065b9f,d1ebc535fd41b1adccf8f0b50de7d4921713e0b933f939c12de8290ad8065b9f
.editorconfig,UNCHANGED,240,240,815a7443611a1a19ce656968bc9aefd29eb8bff77308398a0a7ed17768f71d52,815a7443611a1a19ce656968bc9aefd29eb8bff77308398a0a7ed17768f71d52
.env.example,UNCHANGED,223,223,3a13639a1997c5dc0954861f521049f9d28647ccfe96c8b68948c30ee3ef7658,3a13639a1997c5dc0954861f521049f9d28647ccfe96c8b68948c30ee3ef7658
.gitattributes,UNCHANGED,195,195,8132bdd5edd20f90efda8954a3c10df05b96cf7bb34b15a1eac80c6a9c15cf0f,8132bdd5edd20f90efda8954a3c10df05b96cf7bb34b15a1eac80c6a9c15cf0f
.github/CODEOWNERS,UNCHANGED,196,196,9c418a8473c73a52303004f4f3121d41aaa09d257dca58477fcd8cc445eb129f,9c418a8473c73a52303004f4f3121d41aaa09d257dca58477fcd8cc445eb129f
.github/ISSUE_TEMPLATE/bug_report.yml,UNCHANGED,634,634,5646a4c16ac5c3a0e300263d0d72ba5bff648f80eb79c0b5e28d02c2cbe1e19a,5646a4c16ac5c3a0e300263d0d72ba5bff648f80eb79c0b5e28d02c2cbe1e19a
.github/ISSUE_TEMPLATE/config.yml,UNCHANGED,27,27,13064e7bea658e01e718b414fbb7b3b244f36411fe25ee2055c151f7b534547a,13064e7bea658e01e718b414fbb7b3b244f36411fe25ee2055c151f7b534547a
.github/pull_request_template.md,UNCHANGED,452,452,6b9946aaedce6304edc81b7ad79f9d3d67317511bcb1d9b40cf4d3e8b1404ca7,6b9946aaedce6304edc81b7ad79f9d3d67317511bcb1d9b40cf4d3e8b1404ca7
.github/workflows/ci.yml,UNCHANGED,679,679,5b5dd283073f295aa9d487f5b886c5e25f8984b60e3c07dd239ec3fa5e75898a,5b5dd283073f295aa9d487f5b886c5e25f8984b60e3c07dd239ec3fa5e75898a
.gitignore,MODIFIED,673,806,a5fc18c568ef0d6d5f1fa064e05ce38cfc02046b8c37acf95ca6d681e8c32c76,05a587aa01c3b526854e8d48fcc3a211b53cdec6a43e8a488c43a5eab8155a33
.python-version,UNCHANGED,5,5,7b55f8e67b5623c4bef3fa691288da9437d79d3aba156de48d481db32ac7d16d,7b55f8e67b5623c4bef3fa691288da9437d79d3aba156de48d481db32ac7d16d
AGENTS.md,MODIFIED,1785,2381,20e7a2ec86a9511115582a9a6a320dfb7479d91824f619fdcda3977f62e099c3,3e06ee276851b65a612108686ebf46242697b81d167ec82543c06bf3fee4acdc
CHANGELOG.md,MODIFIED,13563,15306,ff84177e372ab86f15a1922ee29d7040930234ee6bce3cfc5db1183ca14973eb,efcdca73da311749c67bfefaacfc91d3b99f7a8d3f6ab5673c6044e199484e82
CONTRIBUTING.md,UNCHANGED,893,893,0c8dea47db129c5286b441f0c01c881eb0b464b8f26d405540be67d4eded9a53,0c8dea47db129c5286b441f0c01c881eb0b464b8f26d405540be67d4eded9a53
README.md,MODIFIED,1826,3818,5b8a73d6d91d3d63ee20a72b7df117db3352a71d1cb686a9a6fb243438ca4338,f4f5547e7d27982d7d6ede3e5b02d3e0fa3d579509cb486426bb986fbcbb373f
artifacts/README.md,UNCHANGED,258,258,3b602ad9a9f5a02011952964ded73f392d6f9a73c93b0f77a35173ff7ad23f2b,3b602ad9a9f5a02011952964ded73f392d6f9a73c93b0f77a35173ff7ad23f2b
configs/acceptance_registry.json,MODIFIED,493568,594955,157f3bb34e279d5025b48da2a7b874360e421f6738df62cf1fe681e4adf928af,7e15638c9d8b1e1ba8f022045d1f9b2e2e4a5bd8f46715c771a44d13324efdfa
configs/architecture_registry.json,UNCHANGED,14629,14629,a13ada012009709d0511c6e043e6b38306e44d6a1c0572792108ab9e6ea1c91c,a13ada012009709d0511c6e043e6b38306e44d6a1c0572792108ab9e6ea1c91c
configs/backlog_policy.json,MODIFIED,1693,1926,5a111297510f76a5b4a7247bdcfcd48076c83bb802d04a2991433fc1bcd76f37,2c570c0d260ea4b5f2c211f474928ffede7253ca7e5d1659e007c93638ae6a8e
configs/bas_science_registry.json,UNCHANGED,1799,1799,d4eb21b5902d084824f1965ba116260e99771ba59045674dee662511bd6cf808,d4eb21b5902d084824f1965ba116260e99771ba59045674dee662511bd6cf808
configs/context_intelligence_registry.json,UNCHANGED,1849,1849,8f9b7cbd0de5b9ec32e5f68802da1d548c68bd5117778fd6553ce1c08408cfb6,8f9b7cbd0de5b9ec32e5f68802da1d548c68bd5117778fd6553ce1c08408cfb6
configs/entity_registry.json,UNCHANGED,16533,16533,66f4c69f830e34c23745b42bbcbc98b482bf141c3cb8a0e49bfd32c7fc99c647,66f4c69f830e34c23745b42bbcbc98b482bf141c3cb8a0e49bfd32c7fc99c647
configs/experiment_artifact_policy.json,ADDED,,281,,9e56bf71e65541df1701c46337f7367f9b792064afc72ea8834ee29ff07ee861
configs/experiment_research_registry.json,ADDED,,5374,,f2ed563906cd8914618bf4073bd2e95e2ea3635e16e7bbb664a14c2d37f270e6
configs/experiment_store_policy.json,ADDED,,521,,eaf37aad659ebf07e84b92b858adf117eefa22bc963920a77f9fbf12593c35da
configs/feature_lifecycle_registry.json,UNCHANGED,2033,2033,66b7549d373507277498bb945ae9923704d7097f14a36240fac3d331fcb1a943,66b7549d373507277498bb945ae9923704d7097f14a36240fac3d331fcb1a943
configs/hpo_registry.json,ADDED,,476,,9c0f7862b5ca901687c6f7c0ffdd775996d90b5ce41f4a5782d6ae2aa1f25f6e
configs/hydration_manifest.json,MODIFIED,40045,53526,59dfafa11d044c94b8610bd097cd26f4a8305be66977e4057914c13bb2446dc8,5509565c04e5231109f884bae9fe9f3d57cde2d750febd4ff41de2ebff296e17
configs/implementation_plan.json,MODIFIED,176093,178101,326f23b3159e350ffd8725cbe0032a00e2175d12c082030b61468f4275a1a018,d3eb1bcbf47ec32a7d2db5c5e5280cf7f33772528a3dc4d731bc42c81ee266d2
configs/judging_rule_seal.json,ADDED,,3936,,8e1cb61d850babc5e80bd156aa79f6bbd5575d461df0d83ec6f6eed2a71fe758
configs/model_architecture_registry.json,UNCHANGED,1913,1913,635228c63cf38a044b3b6fa8a6779aed2c577ebd2f492b9b45d0e0f1727fb820,635228c63cf38a044b3b6fa8a6779aed2c577ebd2f492b9b45d0e0f1727fb820
configs/player_intelligence_registry.json,UNCHANGED,2615,2615,7ef331f15d8e341e823be1089d5f136fa8c00dbbdccf70d164002146c9e89a22,7ef331f15d8e341e823be1089d5f136fa8c00dbbdccf70d164002146c9e89a22
configs/raw_feature_registry.json,UNCHANGED,3789,3789,2e88c24bff06accc1231aad953e9657f7a52158983de4cf24586a95b16c44f69,2e88c24bff06accc1231aad953e9657f7a52158983de4cf24586a95b16c44f69
configs/repository_policy.json,UNCHANGED,1004,1004,4e46a40ce4fe6d1bc8faa049c5f74aad5db1fe01eb0be2b431b9d25b41132839,4e46a40ce4fe6d1bc8faa049c5f74aad5db1fe01eb0be2b431b9d25b41132839
configs/research_execution_registry.json,ADDED,,476,,55011de6949802cf563c7a79f55420157c8ca641edf69f40fcbf2085b3be7938
configs/research_resource_policy.json,ADDED,,383,,acc7721bac101384e457ab89a774843a3c067a34c047e06093187ca4b6d2f279
configs/result_comparison_policy.json,ADDED,,486,,57c253b7b41ed00b61fa33003c7b27a1d1ac2b3fedf658ef91d867f314cba6fc
configs/tamu_specialization_registry.json,UNCHANGED,1816,1816,f30bc0fa6c9f939cac8327cfc8e00120ee8ffacef6fdc10c6934e20f67038d48,f30bc0fa6c9f939cac8327cfc8e00120ee8ffacef6fdc10c6934e20f67038d48
configs/team_state_registry.json,UNCHANGED,2898,2898,5342e3ba89afa2d0bca57acdc7c75239d7ba7b0b26bf2a306161531015fc7975,5342e3ba89afa2d0bca57acdc7c75239d7ba7b0b26bf2a306161531015fc7975
configs/temporal_registry.json,UNCHANGED,16583,16583,0319642bfaef5000535227d30bce3a6654e38e8df82a57cce4e7803ffe36eb6b,0319642bfaef5000535227d30bce3a6654e38e8df82a57cce4e7803ffe36eb6b
configs/tournament_registry.json,ADDED,,631,,be1f301f4ad7f1c29f55c05ed5029babf58d8199b98580a2d235fe859066a393
configs/validation_science_registry.json,UNCHANGED,2609,2609,b9a01439c457232102b3d0f24f599a6cf852c712122574a64fb91c87d7c33c21,b9a01439c457232102b3d0f24f599a6cf852c712122574a64fb91c87d7c33c21
data/README.md,UNCHANGED,302,302,00ac41f052e61b9868a179def34bccfac8df9b3227b90dcafa2c2abdb21c52d9,00ac41f052e61b9868a179def34bccfac8df9b3227b90dcafa2c2abdb21c52d9
docs/00_PROJECT_CHARTER.md,UNCHANGED,1400,1400,6ba75c6cecc607bc43adf7ec90f8596064f2146c48b32df586b53d4975e9a152,6ba75c6cecc607bc43adf7ec90f8596064f2146c48b32df586b53d4975e9a152
docs/00_TERMINOLOGY.md,UNCHANGED,1532,1532,3b4874ca3e0dba4f188b717ff75b70a7f47709a7667f45658b28098ff6db0bc2,3b4874ca3e0dba4f188b717ff75b70a7f47709a7667f45658b28098ff6db0bc2
docs/01_ARCHITECTURE.md,UNCHANGED,6679,6679,a6f53bb36f185be5000a833dfb4caf5a99432f37575cd6d9908eb16e7f0c9381,a6f53bb36f185be5000a833dfb4caf5a99432f37575cd6d9908eb16e7f0c9381
docs/01_SOURCE_SYNTHESIS.md,UNCHANGED,2017,2017,4bc8cde084797a3315bae218ebce6ea84218774235fed53cca2d8526f289dd63,4bc8cde084797a3315bae218ebce6ea84218774235fed53cca2d8526f289dd63
docs/02_RECONNAISSANCE_FINDINGS_INDEX.md,UNCHANGED,2015,2015,08c1553df1a1b82e2c0f770e750c94b9e1b9f4fd1accc160bb73bc0a25e61be1,08c1553df1a1b82e2c0f770e750c94b9e1b9f4fd1accc160bb73bc0a25e61be1
docs/03_REQUIREMENTS_BASELINE.md,UNCHANGED,2658,2658,bfa3f9965178fb579a1c1991e015db532f8bc8d289b697077f5038e5b913c92f,bfa3f9965178fb579a1c1991e015db532f8bc8d289b697077f5038e5b913c92f
docs/04_REPOSITORY_OPERATIONS.md,UNCHANGED,1613,1613,2caf76a8a85592adf1fea83b4aff6867b622d25ff2975af555eeb1a6a8146868,2caf76a8a85592adf1fea83b4aff6867b622d25ff2975af555eeb1a6a8146868
docs/05_LOCAL_WINDOWS_SETUP.md,UNCHANGED,1147,1147,34d6b5c81b35ab1967e5d2a061eab604f597d53ca1eebf4df6eb3f33dcba5c80,34d6b5c81b35ab1967e5d2a061eab604f597d53ca1eebf4df6eb3f33dcba5c80
docs/06_GITHUB_CODEX_WORKFLOW.md,UNCHANGED,934,934,3ff557c129c061fb1be7a26a42b17c3ea31b00e4ab35a4d59cbaec030a6fe8da,3ff557c129c061fb1be7a26a42b17c3ea31b00e4ab35a4d59cbaec030a6fe8da
docs/07_PACKAGING_INTEGRITY.md,UNCHANGED,1691,1691,25e08209e76a304e2fae09835b90fa5741f506856d84747df066485e0c4c04b2,25e08209e76a304e2fae09835b90fa5741f506856d84747df066485e0c4c04b2
docs/08_REQUIREMENTS_AND_ACCEPTANCE_ARCHITECTURE.md,UNCHANGED,3473,3473,9cbad42b6035b8aeb421bb38dd4e0e99055574d590348da0a1db2fae95ac0043,9cbad42b6035b8aeb421bb38dd4e0e99055574d590348da0a1db2fae95ac0043
docs/09_SECURITY_REPRODUCIBILITY_PERFORMANCE_GOVERNANCE.md,UNCHANGED,1815,1815,42b76936922ee5095954b39cc0805f88113f4040793fc3e70d6c05fcfbd70742,42b76936922ee5095954b39cc0805f88113f4040793fc3e70d6c05fcfbd70742
docs/100_W18_FULL_IMPLEMENTATION_INVENTORY.md,ADDED,,1802,,dd278da52d7c11af54b4fb009d63416271c0afdd4bf317b46fb0164e39d0bc4b
docs/10_IMPLEMENTATION_MASTER_PLAN.md,UNCHANGED,3261,3261,0a66613bfa4056b47ddc560c96d4d039cf07c5d42945c795f5c04c4ba808bcb6,0a66613bfa4056b47ddc560c96d4d039cf07c5d42945c795f5c04c4ba808bcb6
docs/11_CODEX_EXECUTION_STRATEGY.md,UNCHANGED,2160,2160,045cb173be633f17964842ccbda6da5f6e6dbc244c0473df08be92dc05175cca,045cb173be633f17964842ccbda6da5f6e6dbc244c0473df08be92dc05175cca
docs/12_SHARED_CONTRACT_AND_WORKTREE_STRATEGY.md,UNCHANGED,840,840,3649169c14020b0976cf10f24936e453b18cff37ff3837ae1aa8bb449f73f3ea,3649169c14020b0976cf10f24936e453b18cff37ff3837ae1aa8bb449f73f3ea
docs/13_IMPLEMENTATION_EVIDENCE_GATES.md,UNCHANGED,975,975,cff0f23c88c74b78a9e2c300f5aa1928fdc83fb7cd946522c2041c67031bb5ec,cff0f23c88c74b78a9e2c300f5aa1928fdc83fb7cd946522c2041c67031bb5ec
docs/14_CANONICAL_ENTITY_ARCHITECTURE.md,UNCHANGED,3752,3752,44e0f776dbbb6d8e31f307fac37683fe8c86528c7c353c7e4d10220e4fedb595,44e0f776dbbb6d8e31f307fac37683fe8c86528c7c353c7e4d10220e4fedb595
docs/15_SOURCE_MAPPING_AND_EVIDENCE_IDENTITY.md,UNCHANGED,2303,2303,9fbf23d76009407c25ac28070668325e1df0739d655ccfc5d90ef5f53e9de71d,9fbf23d76009407c25ac28070668325e1df0739d655ccfc5d90ef5f53e9de71d
docs/16_ENTITY_RESOLUTION_AND_REVIEW.md,UNCHANGED,2410,2410,b9b4845be3f8fa2adcd4348c25e1a3d37dd0ca30bdb974c5e980e01584f0c08f,b9b4845be3f8fa2adcd4348c25e1a3d37dd0ca30bdb974c5e980e01584f0c08f
docs/17_ENTITY_STORAGE_EVALUATION.md,UNCHANGED,2162,2162,258a85bef9f21de348ad81736158f7c6dbfd7066fe9ff45769b6239f10a1a860,258a85bef9f21de348ad81736158f7c6dbfd7066fe9ff45769b6239f10a1a860
docs/18_POINT_IN_TIME_DATA_ARCHITECTURE.md,UNCHANGED,2310,2310,c1bde8d7eee342d75908fa18330edcff814c7d84327a29d78ab4da47363750fe,c1bde8d7eee342d75908fa18330edcff814c7d84327a29d78ab4da47363750fe
docs/19_ASOF_QUERY_AND_CUTOFF_CONTRACT.md,UNCHANGED,1582,1582,5b94506cd458825048a1e74a443d683cc056a37d2f3d19c4ddc479709f77940d,5b94506cd458825048a1e74a443d683cc056a37d2f3d19c4ddc479709f77940d
docs/20_MUTABLE_DOMAIN_SNAPSHOT_POLICIES.md,UNCHANGED,1734,1734,d8f6cd0c2d6994cb7d4293da0d70021820777b4a12bc30451266e5cb9b08b1ee,d8f6cd0c2d6994cb7d4293da0d70021820777b4a12bc30451266e5cb9b08b1ee
docs/21_LEAKAGE_AND_REPLAY_TEST_SPEC.md,UNCHANGED,915,915,a21ebe22ad0a2663d1281258c48dda9d127d75656009573323a9316d2a3eb508,a21ebe22ad0a2663d1281258c48dda9d127d75656009573323a9316d2a3eb508
docs/22_RAW_FEATURE_REGISTRY_ARCHITECTURE.md,UNCHANGED,1648,1648,b45a118fc0da6f90747c821f185a00fa49d9bae1927a3e7e80e53000e9910ad7,b45a118fc0da6f90747c821f185a00fa49d9bae1927a3e7e80e53000e9910ad7
docs/23_SCHEMA_DISCOVERY_AND_RECONCILIATION.md,UNCHANGED,923,923,5a2fe37b22a3ac99e8157349066031ff35a867663affd2026a878cb307c1ece8,5a2fe37b22a3ac99e8157349066031ff35a867663affd2026a878cb307c1ece8
docs/24_RAW_FIELD_TO_CANDIDATE_HANDOFF.md,UNCHANGED,798,798,103c57900477460d8bc9c6a4ef4bbcd658a5d3ee2d9d2a3cdd8c8ab74bec274c,103c57900477460d8bc9c6a4ef4bbcd658a5d3ee2d9d2a3cdd8c8ab74bec274c
docs/25_FEATURE_ENGINEERING_ARCHITECTURE.md,UNCHANGED,1944,1944,bb484a2ff370389fef538c4e571e4200e10022a6a059a90799292e203a9de757,bb484a2ff370389fef538c4e571e4200e10022a6a059a90799292e203a9de757
docs/26_FEATURE_SCREENING_AND_SELECTION.md,UNCHANGED,1554,1554,b4b7c8f9223be05e116981cf5e6d8edca03f2b2294c0694bfd32088f949bca86,b4b7c8f9223be05e116981cf5e6d8edca03f2b2294c0694bfd32088f949bca86
docs/27_FEATURE_LIFECYCLE_GOVERNANCE.md,UNCHANGED,1379,1379,05c31feafeea7702a4714860ea1f853f23d9f61aa022e94f74ece3276564972c,05c31feafeea7702a4714860ea1f853f23d9f61aa022e94f74ece3276564972c
docs/28_FEATURE_ABLATION_AND_STABILITY.md,UNCHANGED,1267,1267,8703e0580e45289f7796bce2adadfedf5575034d0ef60fb35d40c43a324d8698,8703e0580e45289f7796bce2adadfedf5575034d0ef60fb35d40c43a324d8698
docs/29_COACHING_INTELLIGENCE_ARCHITECTURE.md,UNCHANGED,1308,1308,34f1738f58366efc3e6e2feea431399bfa1a8a1735d3f24c1084a81a5c790150,34f1738f58366efc3e6e2feea431399bfa1a8a1735d3f24c1084a81a5c790150
docs/29_TEAM_STATE_ARCHITECTURE.md,UNCHANGED,1614,1614,8ab42b7f390655052e19b0dc72947b2f26690f31f199fd8cf3fa99bfb38b0bba,8ab42b7f390655052e19b0dc72947b2f26690f31f199fd8cf3fa99bfb38b0bba
docs/30_EARLY_SEASON_PRIORS_AND_BLENDING.md,UNCHANGED,1432,1432,b9393b5bda8e705c1980245700e9fcf6f3bd184e6692afc3bb6f4627c5585a35,b9393b5bda8e705c1980245700e9fcf6f3bd184e6692afc3bb6f4627c5585a35
docs/30_ENVIRONMENT_RESOURCE_CONTEXT_ARCHITECTURE.md,UNCHANGED,1451,1451,ffef412c1d3ef4e6ce65bf8f09b6bff5a50aebbe1ed42d8123086bfbe878f44e,ffef412c1d3ef4e6ce65bf8f09b6bff5a50aebbe1ed42d8123086bfbe878f44e
docs/31_HISTORICAL_WEIGHTING_AND_REGIME.md,UNCHANGED,1396,1396,96a689987ca717cfd7af013777c681adbd83397ba1b42822c8a44a616de66c67,96a689987ca717cfd7af013777c681adbd83397ba1b42822c8a44a616de66c67
docs/31_REGULATORY_ENVIRONMENT_ARCHITECTURE.md,UNCHANGED,682,682,f51f19e341b4282ec8dacd74f892cd8b00edbfc07e266c5a865a3dce8b068c08,f51f19e341b4282ec8dacd74f892cd8b00edbfc07e266c5a865a3dce8b068c08
docs/32_GAME_MECHANICS_ARCHITECTURE.md,UNCHANGED,1041,1041,c12aa1cce4bdc5560425648638894c7964a4451512cd8cbf5a0241359d956c37,c12aa1cce4bdc5560425648638894c7964a4451512cd8cbf5a0241359d956c37
docs/32_LOWER_DIVISION_STRENGTH_AND_UNCERTAINTY.md,UNCHANGED,1288,1288,206f1ca5aef2ce2b2f3e6d4a17c8703dcfca9ae781f43b808c3a0a69327ebed0,206f1ca5aef2ce2b2f3e6d4a17c8703dcfca9ae781f43b808c3a0a69327ebed0
docs/33_OPPONENT_STYLE_SCHEDULE_OFFICIATING.md,UNCHANGED,1164,1164,31e70588f04c5c019512471f60cc0701a69425833ec357c1c4078bb9a5228d37,31e70588f04c5c019512471f60cc0701a69425833ec357c1c4078bb9a5228d37
docs/33_TEAM_STATE_COMPARISON_AND_GATE.md,UNCHANGED,1143,1143,c3804ea97b25fa644ff52b679af97668d87e11ec6694eca348894b4133e18a35,c3804ea97b25fa644ff52b679af97668d87e11ec6694eca348894b4133e18a35
docs/34_PLAYER_ROSTER_DEPTH_ARCHITECTURE.md,UNCHANGED,2113,2113,81f740dd0d7fd17dc1050d147b2c2bea909c7c07a62eaa661517c82d7a462b54,81f740dd0d7fd17dc1050d147b2c2bea909c7c07a62eaa661517c82d7a462b54
docs/34_W13_EXPERIMENT_BOUNDARIES.md,UNCHANGED,623,623,be35187b0d886e6780ff0e0fd3ac8b277d502dab6d06d32854adfb25d154ff3a,be35187b0d886e6780ff0e0fd3ac8b277d502dab6d06d32854adfb25d154ff3a
docs/35_PLAYER_VALUE_REPLACEMENT_AND_AVAILABILITY.md,UNCHANGED,2032,2032,b31df121dc75f3bf1a5d7d4912f090240f6e5e52a0aefe3bd6eb6cdcf65b5dac,b31df121dc75f3bf1a5d7d4912f090240f6e5e52a0aefe3bd6eb6cdcf65b5dac
docs/35_W13_TO_W14_HANDOFF.md,UNCHANGED,705,705,af2cd0f93eafee70cdebb333d15741547c7bd9e3c6f2d98d2c800eca0cabc5ab,af2cd0f93eafee70cdebb333d15741547c7bd9e3c6f2d98d2c800eca0cabc5ab
docs/36_AVAILABILITY_EVIDENCE_AND_OFFICIAL_REPORTS.md,UNCHANGED,1593,1593,2837c318b5afa052ecfbdc0804c14254007058c331e7dbc9116d8d059a59945e,2837c318b5afa052ecfbdc0804c14254007058c331e7dbc9116d8d059a59945e
docs/37_RECRUITING_TRANSFER_AND_FRESHMAN_INTELLIGENCE.md,UNCHANGED,1627,1627,37af6220d726b9cb4667d2535dd44fd6282955dd734375025035653e1e05feb2,37af6220d726b9cb4667d2535dd44fd6282955dd734375025035653e1e05feb2
docs/38_PRESEASON_HONORS_AND_DRAFT_DEVELOPMENT.md,UNCHANGED,1352,1352,aefc24da060abbdd419ccac730d1f005f4517e592a3df607c95ec93409ef7e32,aefc24da060abbdd419ccac730d1f005f4517e592a3df607c95ec93409ef7e32
docs/39_PLAYER_INTELLIGENCE_GATE_AND_HANDOFF.md,UNCHANGED,1494,1494,00d7357136935a00beb3231968ced35bf0913b22f9eb2640f12971f872832f7a,00d7357136935a00beb3231968ced35bf0913b22f9eb2640f12971f872832f7a
docs/40_TEXAS_AM_SPECIALIZATION_ARCHITECTURE.md,UNCHANGED,1241,1241,c8a8aff2a83d4272fbe860eb67913788580124cf674d6155bb72d7780cbf0718,c8a8aff2a83d4272fbe860eb67913788580124cf674d6155bb72d7780cbf0718
docs/41_TAMU_HIGH_RESOLUTION_STATE.md,UNCHANGED,789,789,26f144da14356dc18a6db41056dad517b1a2c7b17dbc92f772c79317ffd7d373,26f144da14356dc18a6db41056dad517b1a2c7b17dbc92f772c79317ffd7d373
docs/42_TAMU_PEERS_ANALOGS_AND_SNAPSHOTS.md,UNCHANGED,728,728,3b4e0ba68f742b539499646b0f18ba6518ac5015d9a35d83623e8c7b2c491aab,3b4e0ba68f742b539499646b0f18ba6518ac5015d9a35d83623e8c7b2c491aab
docs/43_TAMU_SPECIALIZATION_CANDIDATES_AND_OVERFIT_GUARDS.md,UNCHANGED,732,732,3e46e6ced0fe09fe6c1a8a747ac0b9d83cf308b0c054f9dcbda5ebe8e99b8816,3e46e6ced0fe09fe6c1a8a747ac0b9d83cf308b0c054f9dcbda5ebe8e99b8816
docs/44_W14_TO_W15_HANDOFF.md,UNCHANGED,509,509,3d370d69e58fa0905d747b715a5d06b15d891e65abe05cbdbb8de8a91db29272,3d370d69e58fa0905d747b715a5d06b15d891e65abe05cbdbb8de8a91db29272
docs/45_SCIENTIFIC_BAS_SPECIFICATION.md,UNCHANGED,1509,1509,5686b9fc38c62ce089e0e2b277356d32101b6de1593f334bbf95dc3518f73065,5686b9fc38c62ce089e0e2b277356d32101b6de1593f334bbf95dc3518f73065
docs/46_BAS_CROSSFIT_LABELING_AND_ANTI_CIRCULARITY.md,UNCHANGED,848,848,3e5ccf7426247265a0549806ffa879d812f71745123689e9aa2807e3e4857d0e,3e5ccf7426247265a0549806ffa879d812f71745123689e9aa2807e3e4857d0e
docs/47_BAS_GENERAL_FBS_AGGIE_EXCESS_AND_PEERS.md,UNCHANGED,855,855,9e00d6badf24665d5fbb668e16b9921604cbb96225a20810b75bcdbd6dbfc624,9e00d6badf24665d5fbb668e16b9921604cbb96225a20810b75bcdbd6dbfc624
docs/48_BAS_COMPONENTS_REGIME_STABILITY_AND_CALIBRATION.md,UNCHANGED,913,913,b0326bac2afe72c6b97abc8fc487343fbfd8d87c802de852664deb32234b7323,b0326bac2afe72c6b97abc8fc487343fbfd8d87c802de852664deb32234b7323
docs/49_W15_EXPERIMENT_BOUNDARIES.md,UNCHANGED,516,516,7105d948bd16c7f92f7ce8af985d8e53e175a542d1430efca214cdc42a88b2ed,7105d948bd16c7f92f7ce8af985d8e53e175a542d1430efca214cdc42a88b2ed
docs/50_W15_TO_W16_HANDOFF.md,UNCHANGED,687,687,3f54d7387a78c3da1768ec3ca572268ae2287c7a1ddd0af0c199b816065a2635,3f54d7387a78c3da1768ec3ca572268ae2287c7a1ddd0af0c199b816065a2635
docs/51_MODEL_TARGETS_AND_OUTPUT_COHERENCE.md,UNCHANGED,1668,1668,0a9ef5d0cc74649cb829719c389f4d9941d40bd4b9eab83870c931b3a16d861d,0a9ef5d0cc74649cb829719c389f4d9941d40bd4b9eab83870c931b3a16d861d
docs/52_MODEL_ARCHITECTURE_CANDIDATES.md,UNCHANGED,1361,1361,99be1aaa01490817a06f76e778fb6d098b8fdf6e3a596ee1a453bc85d0402925,99be1aaa01490817a06f76e778fb6d098b8fdf6e3a596ee1a453bc85d0402925
docs/53_JOINT_SCORE_AND_SIMULATION.md,UNCHANGED,1311,1311,8d76729ed1b772b0861568309948ca4e7c713940c460dfe5ac1d13fadf987fde,8d76729ed1b772b0861568309948ca4e7c713940c460dfe5ac1d13fadf987fde
docs/54_UNCERTAINTY_OOD_AND_MARKET_LANES.md,UNCHANGED,1397,1397,98e0478a2eb1e611ba2de6145bea6bbb96f4e46e952663b418096f6fd57fc305,98e0478a2eb1e611ba2de6145bea6bbb96f4e46e952663b418096f6fd57fc305
docs/55_W16_EXPERIMENT_BOUNDARIES_AND_W17_HANDOFF.md,UNCHANGED,1461,1461,faaf29e1f32aa6f512adf6cf8869a578a9353ac4e6d3388cfcd908d443e076b2,faaf29e1f32aa6f512adf6cf8869a578a9353ac4e6d3388cfcd908d443e076b2
docs/56_VALIDATION_AND_PROTECTED_SPLITS.md,UNCHANGED,2044,2044,c868b8d962482fca305db33d230d4338d32f1de6282476829eb62afc06bb3bf2,c868b8d962482fca305db33d230d4338d32f1de6282476829eb62afc06bb3bf2
docs/57_SCORING_CALIBRATION_AND_SCORECARDS.md,UNCHANGED,1619,1619,17fc5e920fd0879788ce41b7222083730af8491f53580831425be8c0c6b8a1fd,17fc5e920fd0879788ce41b7222083730af8491f53580831425be8c0c6b8a1fd
docs/58_MODEL_PROMOTION_AND_THRESHOLD_PRECOMMITMENT.md,UNCHANGED,1389,1389,2e53f84fb0398a7fc9870e4d890a0f28346843e6467433dfb11cce564d3deff1,2e53f84fb0398a7fc9870e4d890a0f28346843e6467433dfb11cce564d3deff1
docs/59_BAS_TAMU_UNCERTAINTY_MARKET_EVALUATION.md,UNCHANGED,1347,1347,057f643e092b467d666c0a0eb1d98c2b51a08822bf19aedbac406cfd1a0c487b,057f643e092b467d666c0a0eb1d98c2b51a08822bf19aedbac406cfd1a0c487b
docs/60_W17_EXPERIMENT_BOUNDARIES_AND_W18_HANDOFF.md,UNCHANGED,1088,1088,15eab56b2ed0131eb72a8b6c70832a4f73048fb581be612f12d349e7e2eaa28b,15eab56b2ed0131eb72a8b6c70832a4f73048fb581be612f12d349e7e2eaa28b
docs/61_EXPERIMENTATION_AND_AUTONOMOUS_RESEARCH_ARCHITECTURE.md,ADDED,,4600,,62f3975a83ccb504bb5d4c1f52a6de15214b6adda1ab80faf0773aabb9ad7021
docs/62_EXPERIMENT_IDENTITY_LINEAGE_AND_REPLAY.md,ADDED,,1899,,03e2b05253c77cb7a2d0b4d00dfd13b91fde06d98ed9239977637b05fd7db53e
docs/63_AUTONOMOUS_RESEARCH_GOVERNANCE.md,ADDED,,1802,,21791c54018967552a989448e554d510a488ae7391d7e9a2fa457e37b6dc1552
docs/64_TRACKING_HPO_AND_WORKTREE_EXECUTION.md,ADDED,,1669,,75e9514d29fb9deb6b031c6621bcc355042ba1770d95145b13f08187720d562d
docs/65_FEATURE_TOURNAMENT.md,ADDED,,1594,,95493a98ad24f20b378acf349611a65fae2b4837b80adb7bb8cf4d1ccddbd2a3
docs/66_MODEL_TOURNAMENT.md,ADDED,,1796,,55b40988af0c4a5a29ed42530e041a4fae4b3a350f81b094903b81a6ba875bd9
docs/67_HYPOTHESIS_AND_EXPERIMENT_QUEUE.md,ADDED,,1577,,373db208c1eb63842d8167ac9b13ee29273ca6c48e80edc1195de4286a71d0c3
docs/68_REPLAY_RESULT_COMPARISON_AND_ADOPTION.md,ADDED,,1363,,04e3811993509e96a1b663e76c03b59638da00989551065ed4711b1de3c23c2f
docs/69_WORKTREE_CONCURRENCY_AND_RESOURCE_GOVERNANCE.md,ADDED,,1148,,605e38771639fd63587755fa6137fc02eb875dc9b7c1ad8a847fbc040f37bcad
docs/70_MLFLOW_TRACKING_ADAPTER.md,ADDED,,1192,,917ad30335a750507724e181b4d0a371d2e5f1acc83233998f0f91c7fad8c928
docs/71_OPTUNA_HPO_ADAPTER.md,ADDED,,1338,,174ead29f9cb535fbd23e6d466c11412ba7f923456511050799cb23a8bb69dd3
docs/72_ADVANCED_CHALLENGER_ADMISSION.md,ADDED,,1046,,a85c3fec0664327320cd9e64442599c84767dc36ad90ed6a40137cd2bf4986ef
docs/73_NEGATIVE_RESULTS_FAILURES_AND_RETRY_POLICY.md,ADDED,,1047,,1e29fdc661af773ff183444494e68970732378110b52973c138423478df0a503
docs/74_W18_IMPLEMENTATION_AND_VALIDATION_INVENTORY.md,ADDED,,1253,,53f0b291ca1568c3b00a5e1717aab0a46c42153e23f968b462b898582aff6f6c
docs/75_W18_TO_W19_HANDOFF.md,ADDED,,1624,,04a0694ad0e95380c6d6369071ecf6946876cb6d2ec3dcb73d018dc7d3a70df2
docs/76_CANONICAL_EXPERIMENT_SPEC.md,ADDED,,3737,,ab1bdceff17caf322819c445103d9b40164c7ecaadf48f6ea01c104cc76ff973
docs/77_LOCAL_EXPERIMENT_STORE.md,ADDED,,2383,,f5c2a9a80918210a5702e5b55799134bdfeb142dfc06140bd97b78738c270c00
docs/78_RESEARCH_QUEUE_SCHEDULER.md,ADDED,,2445,,776b5236dcc426f245e88d203be3f67f4d3ad43c300d6133075066e5c3dc50e4
docs/79_FEATURE_TOURNAMENT_PROTOCOL.md,ADDED,,3287,,afa7d9bec5c3a06bb671fb1fd74fd53cbdc2405310a59066121922bbad66aaa5
docs/80_MODEL_TOURNAMENT_PROTOCOL.md,ADDED,,2744,,fccbbd26f971842cc8e9eb3ee0b054605adc9b20a2d10d73da02d9e42aacc353
docs/81_HPO_STUDY_GOVERNANCE.md,ADDED,,2146,,3f48c9f9c87cbbacd0b1d60b1c0348cce6ff4b5dd8a1f66933a1089172409bfd
docs/82_HPO_PRUNING_AND_STOPPING.md,ADDED,,1507,,580fed63f4cfec1fcaa847e513a4eb42492797296e52cc1be2c963172a557a39
docs/83_RESULT_PACKET_AND_EVIDENCE.md,ADDED,,1610,,591011f9720ecf92e0c3873bbc5b784bde5a4fd1e1a2055cbb131b3c35012ac1
docs/84_REPLAY_ENGINE.md,ADDED,,1719,,1a8ac59b0aa5739ec91f1bb81624bd1958d16cf2ea3a64b3e1fb809c9bd4227f
docs/85_WORKTREE_ISOLATION.md,ADDED,,1598,,2cf480999bb0c2f76167b6ab6765bbfddc89c6c07e52bd284a18b8f0d3150e28
docs/86_ARTIFACT_RETENTION.md,ADDED,,1524,,4bb02995ec2c70c3d6f83b16107bc3a87b2d36541774e4b648413e5a4d925eb9
docs/87_FAILURE_AND_NEGATIVE_EVIDENCE.md,ADDED,,1613,,6ee2fcf9e80e6df3c007f78c945c2b0604b0381072fc3d4d06302a7d94c2453c
docs/88_CHALLENGER_ADOPTION.md,ADDED,,1280,,88cf470c4a27466fe0ef04796348ff0836d61e88b2252ca53e295e63f7297592
docs/89_RESEARCH_THREAT_MODEL.md,ADDED,,1594,,717b11eb90c5c69024d9450b089aaa4bad43167395518eb83f7ff582d4ae9abf
docs/90_LOCAL_RESOURCE_ORCHESTRATION.md,ADDED,,1311,,f933c2a7d6fb8f216f190cde1297a4371a5c19711f2748f00529da8e7acf3238
docs/91_ADVANCED_CHALLENGER_GATE.md,ADDED,,1229,,bbcacb288290681536034694f91fbd6a3db98105bae5f79c466f84bd647420e6
docs/92_MLFLOW_ADAPTER.md,ADDED,,1613,,93e55fe54234ae2fff65f2e8b662a4f6bd8bebb47d6c5fb651d2230c24a79271
docs/93_OPTUNA_ADAPTER.md,ADDED,,1559,,b127ebb33b1ded3d03b2339be9e80f8e94e1bc2f3cc9488c82497e1fbb68e3ab
docs/94_W18_ACCEPTANCE_TRACEABILITY.md,ADDED,,1630,,926ea451391ded5e3f1dbf0c05d10089c4a06988fdb9a5c33704b2897eed88af
docs/95_W18_W19_INTEGRATION.md,ADDED,,1369,,19e3c76af1d7efc93fb149fdab0cc4f76b6831bf79f5d3576822e9719460d077
docs/96_W18_OPERATOR_RUNBOOK.md,ADDED,,1902,,aad9d84226a5be443719f4832920fd367717d973f23dbff5a449f60dbe99e9e4
docs/97_EXPERIMENT_EXAMPLES.md,ADDED,,1874,,0dbbda1130650713c89c0d47ff0509890ab19878a88eacfd5ad2a4837a5be86a
docs/98_RESEARCH_PROVENANCE.md,ADDED,,1496,,11aaf51cd2d120d2a28724e570520069ef819b86def7e88f811a4ef6e2bd7d15
docs/99_FULL_REBUILD_AUDIT_METHOD.md,ADDED,,1331,,c4296db6e438758673347da20fb9f76c85cf8d6ed73460856276a83eab31ed42
docs/architecture/DATAFLOW_AND_STORAGE.md,UNCHANGED,3025,3025,4af509a9e4c0402f7bc3333078d35978a7c743b11ebeef5905bf3fcf66ff99e9,4af509a9e4c0402f7bc3333078d35978a7c743b11ebeef5905bf3fcf66ff99e9
docs/architecture/DEPLOYMENT_AND_EXECUTION_LANES.md,UNCHANGED,1254,1254,373bbae28fb40c4d24015d7a1d4b1c4107ecbfb59533ef0860f289b07d4e321c,373bbae28fb40c4d24015d7a1d4b1c4107ecbfb59533ef0860f289b07d4e321c
docs/architecture/INTERFACE_CONTRACTS.md,UNCHANGED,2302,2302,60671d5c6b7ea7e3202d6f91300bcba75973078bad75e2f771011dd0d25eda5b,60671d5c6b7ea7e3202d6f91300bcba75973078bad75e2f771011dd0d25eda5b
docs/architecture/MODEL_LAYERS.md,UNCHANGED,1753,1753,e0ffb855fb0ef66e9479348712fec5392421caf78f41da35abe3b1beacd119b0,e0ffb855fb0ef66e9479348712fec5392421caf78f41da35abe3b1beacd119b0
docs/architecture/NATIONAL_TAMU_INTERFACE.md,UNCHANGED,1325,1325,c409e537167e830cc9c7e455a325c52efcab06bd164d4b074252207b957730fa,c409e537167e830cc9c7e455a325c52efcab06bd164d4b074252207b957730fa
docs/architecture/PREDICTION_PIPELINE.md,UNCHANGED,1828,1828,58fa7e399dbdcf0483f3ec42e3b0d51c5072c3e29829300667f716f033adc4c2,58fa7e399dbdcf0483f3ec42e3b0d51c5072c3e29829300667f716f033adc4c2
docs/architecture/RESEARCH_AND_LLM_PLANE.md,UNCHANGED,1435,1435,17511efb815e063fd881ab4dce5a841ae3cfc71aec1e3594be26536a8bb2c294,17511efb815e063fd881ab4dce5a841ae3cfc71aec1e3594be26536a8bb2c294
docs/architecture/SYSTEM_BOUNDARIES.md,UNCHANGED,2962,2962,db74bcff43a0ec8dba4bcc94d2fae12b8285a328139ae4c5fbadc4e222a461b4,db74bcff43a0ec8dba4bcc94d2fae12b8285a328139ae4c5fbadc4e222a461b4
docs/context/ACCEPTANCE_CONTEXT.md,UNCHANGED,598,598,96e6f209115fa169f2c86044eb303b933e6458a2a92c32f497bc615dbb969840,96e6f209115fa169f2c86044eb303b933e6458a2a92c32f497bc615dbb969840
docs/context/ADAPTIVE_ARCHITECTURE_CONTEXT.md,UNCHANGED,1400,1400,1c2a980dc24f71d3cba9c461fb2b56d9e6325679eafb0344c0c2e21254372b9c,1c2a980dc24f71d3cba9c461fb2b56d9e6325679eafb0344c0c2e21254372b9c
docs/context/AUTONOMY_MLOPS_CONTEXT.md,MODIFIED,954,1484,921f6af3d0b54629974df3638bd99f9e80fe5cd1fac5a95ea99100d63464cc55,b2442e38489e86f17273c5ad3b9bf1f99cdbf844bfc2e393e60859cc5033bbe9
docs/context/BAS_CONTEXT.md,UNCHANGED,1584,1584,66b99db2029d6409cd22cbee33754af1e5b7e2c1159f4c30bb638012d46c2ebe,66b99db2029d6409cd22cbee33754af1e5b7e2c1159f4c30bb638012d46c2ebe
docs/context/CONTEXT_INTELLIGENCE_CONTEXT.md,UNCHANGED,902,902,86e5c90bcca7b7aaafbea3bbc79b343afda8fdec37185d56f8d72a6679a7e59f,86e5c90bcca7b7aaafbea3bbc79b343afda8fdec37185d56f8d72a6679a7e59f
docs/context/CURRENT_RESEARCH_FINDINGS.md,MODIFIED,1183,982,e7fd276d2ef54ee1e6763d2451179f9746f1c46da2086b74ab5805793ed4a1ab,b46696c2e8405c0e723a84d00554d292249425237ae3818522790e6fdc88dd00
docs/context/DATA_CONTEXT.md,UNCHANGED,1245,1245,9ca9c678fc3757046d2207126845779baade9a96102bc9835bdaeb0a820537ec,9ca9c678fc3757046d2207126845779baade9a96102bc9835bdaeb0a820537ec
docs/context/ENTITY_CONTEXT.md,UNCHANGED,1112,1112,1f70222c7b1f4c245ec82fa4b10ea0a11c12524adb5d17c1c1535164f8034550,1f70222c7b1f4c245ec82fa4b10ea0a11c12524adb5d17c1c1535164f8034550
docs/context/FEATURE_LIFECYCLE_CONTEXT.md,UNCHANGED,514,514,6b1f5d81bb3d3caacf1c8b4a233989b23a117393e19d00017c6aec8964100ab4,6b1f5d81bb3d3caacf1c8b4a233989b23a117393e19d00017c6aec8964100ab4
docs/context/FEATURE_REGISTRY_CONTEXT.md,UNCHANGED,602,602,4887e3632b8590387ca4f75741fdfea7e89ff34422e379461078811ad8bee1fa,4887e3632b8590387ca4f75741fdfea7e89ff34422e379461078811ad8bee1fa
docs/context/IMPLEMENTATION_CONTEXT.md,MODIFIED,928,767,84e7a3bb14d015e303e2892c3b05ef41a1eb17b59e81f7b1467ac26d4ff71cad,d96b6cd54454485546c6ab2179be87e8b5b0442537b6dc2bb2308994a7a7b39b
docs/context/MODELING_CONTEXT.md,UNCHANGED,2471,2471,2360e8f1cc26d482c175dcb24797ccea95097871bf582b641779cb3030ed796b,2360e8f1cc26d482c175dcb24797ccea95097871bf582b641779cb3030ed796b
docs/context/PLAYER_INTELLIGENCE_CONTEXT.md,UNCHANGED,851,851,2a67fa546b22ea23d6b1d67f3702fbdccc91a700576856a927d6cdc2d1f9819d,2a67fa546b22ea23d6b1d67f3702fbdccc91a700576856a927d6cdc2d1f9819d
docs/context/TAMU_SPECIALIZATION_CONTEXT.md,UNCHANGED,1398,1398,fb07aff3a1231e9958a0847d2168c3f137b7923e0b029d36115b0e4f56fa54d1,fb07aff3a1231e9958a0847d2168c3f137b7923e0b029d36115b0e4f56fa54d1
docs/context/TEAM_STATE_CONTEXT.md,UNCHANGED,528,528,f4e4a7c0ec5ab890ac09ddd498a2c6491ed7808da2bc2d2cc9079f6cb774279d,f4e4a7c0ec5ab890ac09ddd498a2c6491ed7808da2bc2d2cc9079f6cb774279d
docs/context/TEMPORAL_CONTEXT.md,UNCHANGED,827,827,32d99170dba6c0918d6384ba71407acd94d06919cd7cc92385be18be0b9bb5ea,32d99170dba6c0918d6384ba71407acd94d06919cd7cc92385be18be0b9bb5ea
docs/context/UNRESOLVED_DATA_CONTEXT.md,UNCHANGED,1309,1309,1bd0101afc1d14dc3f69735112334f565ae7660091220889ec0a9d1b5bcb8d32,1bd0101afc1d14dc3f69735112334f565ae7660091220889ec0a9d1b5bcb8d32
docs/data_research/w06/DATASET_ENDPOINT_COLUMN_INVENTORY.csv,UNCHANGED,30225,30225,9b267279c2541dfa3c135b83d50cedf6b02afb553c1a32a15b7bd8db70791e21,9b267279c2541dfa3c135b83d50cedf6b02afb553c1a32a15b7bd8db70791e21
docs/data_research/w06/DATA_ACQUISITION_PLAN.md,UNCHANGED,2033,2033,a658fa6a6aa448448671095be0e23b500c74088544ff11efa4782fc96466c4df,a658fa6a6aa448448671095be0e23b500c74088544ff11efa4782fc96466c4df
docs/data_research/w06/DATA_DOMAIN_COVERAGE_MATRIX.csv,UNCHANGED,7652,7652,a99b14e27391fe2577e152cf3390e4cfb83b592f1a29b6f8022c07fcf1b9bd7d,a99b14e27391fe2577e152cf3390e4cfb83b592f1a29b6f8022c07fcf1b9bd7d
docs/data_research/w06/DATA_MISSINGNESS_STRATEGY.md,UNCHANGED,1599,1599,2097ab4b02aa017981846921e60f8a9b099a2adee95af305f4e11a0cf04287a2,2097ab4b02aa017981846921e60f8a9b099a2adee95af305f4e11a0cf04287a2
docs/data_research/w06/DATA_RESEARCH_FINDINGS.md,UNCHANGED,4039,4039,25eebe79c0dafd3c26c7f66ffc04dbc5ca52ddb7e67e3ef7a617e69df7c8d832,25eebe79c0dafd3c26c7f66ffc04dbc5ca52ddb7e67e3ef7a617e69df7c8d832
docs/data_research/w06/DATA_RESEARCH_METHOD.md,UNCHANGED,1431,1431,bdf6753947afd9f385d928d0493e3f1954ce26f055cce39fffc4b86ac426eba2,bdf6753947afd9f385d928d0493e3f1954ce26f055cce39fffc4b86ac426eba2
docs/data_research/w06/DATA_SOURCE_RISK_REGISTER.csv,UNCHANGED,3754,3754,2831f88c2b456489a210f5f465bc84192b4fbaa39e154f4934879f8db4bfff83,2831f88c2b456489a210f5f465bc84192b4fbaa39e154f4934879f8db4bfff83
docs/data_research/w06/DATA_UNIVERSE_MASTER.csv,UNCHANGED,39857,39857,fe840803e0c29ac7eca712dfd10f5c775dd61c0d2a1efc5b0791a93c6425f46a,fe840803e0c29ac7eca712dfd10f5c775dd61c0d2a1efc5b0791a93c6425f46a
docs/data_research/w06/POINT_IN_TIME_FEASIBILITY_MATRIX.csv,UNCHANGED,17389,17389,796a549707fffe7621a065ba817435aaa259f9615649163a44504868cb62ca78,796a549707fffe7621a065ba817435aaa259f9615649163a44504868cb62ca78
docs/data_research/w06/RESEARCH_EVIDENCE_INDEX.csv,UNCHANGED,4674,4674,dc2a80b14f0bc22ab2ec60687a15e74608f64e8b1c7ee9a86f8e7eac73f37137,dc2a80b14f0bc22ab2ec60687a15e74608f64e8b1c7ee9a86f8e7eac73f37137
docs/data_research/w06/SOURCE_ACCESS_LICENSE_MATRIX.csv,UNCHANGED,18672,18672,1f3f2403743cf308910e4bfbc3508198489757bee1edf086e67d8c3f3f4b2752,1f3f2403743cf308910e4bfbc3508198489757bee1edf086e67d8c3f3f4b2752
docs/data_research/w06/SOURCE_PRIORITY_DECISIONS.md,UNCHANGED,9582,9582,8f13dc956eee85129148e5390c018d1b4ca85fdf5c96f8a1f4751d49edc13650,8f13dc956eee85129148e5390c018d1b4ca85fdf5c96f8a1f4751d49edc13650
docs/data_research/w06/SOURCE_REDUNDANCY_MAP.csv,UNCHANGED,2566,2566,1757f8332994aa38358315b1bd24bd82829f60300bf51aea7bacc9e798b56c20,1757f8332994aa38358315b1bd24bd82829f60300bf51aea7bacc9e798b56c20
docs/data_research/w06/SOURCE_RESEARCH_LOG.csv,UNCHANGED,11948,11948,85feade679f2233f4df255b5caef9ef1a59082c71beb506300438ccf0e75f91a,85feade679f2233f4df255b5caef9ef1a59082c71beb506300438ccf0e75f91a
docs/data_research/w06/WAVE_06_ARCHITECTURE_IMPACT.md,UNCHANGED,2412,2412,ba7dc1003d3286e9cc6776de93a463d757921d9e885c07fae1608641af7fddcf,ba7dc1003d3286e9cc6776de93a463d757921d9e885c07fae1608641af7fddcf
fixtures/bas/synthetic_bas_cases.json,UNCHANGED,554,554,00413c96c36edd7c6140bc259b6653a2ea0f3ddc7199905181e9b462bea5dce2,00413c96c36edd7c6140bc259b6653a2ea0f3ddc7199905181e9b462bea5dce2
fixtures/experimentation/advanced_challenger_blocked.json,ADDED,,536,,f7086d872a8f3a6e86a4031be03c57cd8f3317fc01a33bf771896b50f114ea2d
fixtures/experimentation/experiment_spec_margin.json,ADDED,,602,,4b00de5cf00b2bfaa49616a683f9a322db3b80723dd20887c5f0c6f662a24916
fixtures/experimentation/feature_tournament_evidence.json,ADDED,,377,,af66cdb93a43d0ac37b78c352b6234e3e6436851aa8daf6d1a25e8e3f504c400
fixtures/experimentation/hpo_grid_study.json,ADDED,,255,,677848583ce68b0d8d99d7163b7433efb0017973ef6e35ef8073e401a9dfc935
fixtures/experimentation/model_tournament_plan.json,ADDED,,957,,cae3c64a30070d09821806feaa54d1ff37bf81574f1da0b20af51fabfe01a97e
fixtures/experimentation/queue_candidates.json,ADDED,,790,,40d9aa2a9e1b1327fb6260fe7099ba92e12c7062c9dc16cfd71f6e43134bfc87
fixtures/experimentation/resource_pool_local.json,ADDED,,133,,1cd5a99294bece9e7576da3402b784a7fee8e69c5db83f0dba32bd26e399a7f7
fixtures/pit/leakage_cases.json,UNCHANGED,4529,4529,ad4e4300988c6ffdfd54112513a862a334152025f8ef0c22316951ac49fcb140,ad4e4300988c6ffdfd54112513a862a334152025f8ef0c22316951ac49fcb140
fixtures/pit/observations.json,UNCHANGED,2046,2046,7785a076cbf90f760e685335a9005aebd385200de990d9ddaff37e4d52ee11f6,7785a076cbf90f760e685335a9005aebd385200de990d9ddaff37e4d52ee11f6
governance/ACCEPTANCE_CONTROL_CATALOG.csv,MODIFIED,40377,50939,74b856a31f8e2e51d95f7f6d75ecfdb294bcfced4d07723b4d3900aece5b0d36,d4b15c03b9c8e5098a02c0d04159d6ebdeac0206712d05cfb66e71f5bf8719e6
governance/ACCEPTANCE_STATUS.json,MODIFIED,1642,2416,821bd1b227d4395e27f112a6aa1b0265fd517ddcbab16c5c48b2eacdb78bf5a0,ecddd39e744d08ea5b9ee5899f2c013a29479626c379366c5d4397471f41df9e
governance/ACCEPTANCE_TASK_TRACEABILITY.csv,MODIFIED,113494,118750,ae330d3a5adb299143e0463a854b3578ae6b4d4aa0cb74e05f406aa3e7f9354a,bcfc6072bfb0f85010982f5d7e430aa78dd3ad7fd9ce7b8437db1948a6782a2e
governance/ACCEPTANCE_THRESHOLD_REGISTRY.csv,UNCHANGED,2970,2970,e6a642f661b830ff5ee7379442bc8b02b6956ed78586fdb64c137e50dd5ab8d2,e6a642f661b830ff5ee7379442bc8b02b6956ed78586fdb64c137e50dd5ab8d2
governance/ADAPTIVE_CHANGE_LOG.csv,MODIFIED,26141,32996,0b0849033ac282c7ffdfcf492e13115390cb9f6ad73522cda8bf3b6839ba46e4,5c2c216aff58a0bc3ae5299af7ee40440d6d3d403b059fcc1d98e7b25c240ec0
governance/ADAPTIVE_CHANGE_LOG.md,MODIFIED,27397,32567,812112cdc35bc5a06868d2346a8788b3cf1d6a21c27bee6f91d888a1a4e5a062,7a6263c943ae51ff931684b3b42be835e2b99d76121b5006ec3ff0903674ba37
governance/ADR_ACCEPTANCE_TRACEABILITY.csv,MODIFIED,30388,34748,8325faa2064d6f1910b6a6aae1e450ecb020c05759e20400b8bc722ffb7ea480,408bb8dcbde568adef7d7e3cad49f8ec845fb8f37635ac6a32f8117e5df5b167
governance/ADR_INDEX.csv,MODIFIED,60735,74368,ce3c2ce98064a89e09d12688b908b6c0f141808673c716ac35bcb5b403773def,8641f7767daccd90cf4f12c45cf9ed1dacd0d8a8fc95b126cffca67b40065d5e
governance/ADVANCED_CHALLENGER_ADMISSION.csv,ADDED,,1076,,151543563b98fca337b1f0d2caf01cd3fed9801d7610d7b178f8912bd4bdd78e
governance/ARCHITECTURE_ALTERNATIVES.md,UNCHANGED,4212,4212,397ed824ba5f87fe78efd5a39782c6c18c034910b61642222387727358ff1f61,397ed824ba5f87fe78efd5a39782c6c18c034910b61642222387727358ff1f61
governance/ARCHITECTURE_DECISION_MATRIX.csv,UNCHANGED,2860,2860,98ce0ce5a6008de649c7071638b372513c4a0072d827c8cca143b30fe2f720d6,98ce0ce5a6008de649c7071638b372513c4a0072d827c8cca143b30fe2f720d6
governance/ARTIFACT_CLASS_CATALOG.csv,ADDED,,976,,8074e84594956c115c0759abe971243f8bfd841a8c64542fa35107494cf94736
governance/ASSUMPTIONS.csv,UNCHANGED,7778,7778,45df3c07189abf2687823cd8fddbe2ed7d08d3f85488c4d01a97522e63bb4e98,45df3c07189abf2687823cd8fddbe2ed7d08d3f85488c4d01a97522e63bb4e98
governance/ASSUMPTIONS.md,UNCHANGED,11638,11638,786b8a0be8ee679ee0a8b07efc82c65d2c71da56ff81d51f46384434e1bd8d16,786b8a0be8ee679ee0a8b07efc82c65d2c71da56ff81d51f46384434e1bd8d16
governance/ASSUMPTION_CHALLENGE_LOG.csv,UNCHANGED,6519,6519,f64e3df4652bc81f0e595d76a257368b588da4a751510a28535a46a5065f3cfd,f64e3df4652bc81f0e595d76a257368b588da4a751510a28535a46a5065f3cfd
governance/ASSUMPTION_CHALLENGE_LOG.md,UNCHANGED,13108,13108,d326f2fbcbe22305f451d00c220329042a21ca7bb3df8e237e52e13e2d7c4ba9,d326f2fbcbe22305f451d00c220329042a21ca7bb3df8e237e52e13e2d7c4ba9
governance/AVAILABILITY_EVIDENCE_CONFIDENCE.csv,UNCHANGED,1075,1075,8c52a6b4b5f176a8f1d2c15cabb28edfefcd20952048933008b3d56503ae9d6c,8c52a6b4b5f176a8f1d2c15cabb28edfefcd20952048933008b3d56503ae9d6c
governance/AVAILABILITY_SOURCE_LANE.csv,UNCHANGED,3295,3295,eb69ae1e7c133984ef34092016893a0dd0db36fae62282bcf5d6aed4d405c782,eb69ae1e7c133984ef34092016893a0dd0db36fae62282bcf5d6aed4d405c782
governance/AVAILABILITY_STATE_CONTRACT.csv,UNCHANGED,1299,1299,6b89422ac04772928e7d89c137bc6890d3c69354b2d9bfac603ba5d72c110861,6b89422ac04772928e7d89c137bc6890d3c69354b2d9bfac603ba5d72c110861
governance/BASELINE_MODEL_CANDIDATES.csv,UNCHANGED,576,576,feafd74125ba85314e275630ac79a591694fe37b8c07d46518be253c3be6b763,feafd74125ba85314e275630ac79a591694fe37b8c07d46518be253c3be6b763
governance/BAS_AGGIE_EXCESS_TEST_PLAN.csv,UNCHANGED,1761,1761,2bc74c0a2423604dc6010feb3aadb8ff693ebbd0b0f8a0b66cbfd47693ebe581,2bc74c0a2423604dc6010feb3aadb8ff693ebbd0b0f8a0b66cbfd47693ebe581
governance/BAS_ANTI_CIRCULARITY_RULES.csv,UNCHANGED,1626,1626,9917d9cbc14abb1cc4388b6ace97995a5b4ad0ee07889ae91a01bb7850e81f71,9917d9cbc14abb1cc4388b6ace97995a5b4ad0ee07889ae91a01bb7850e81f71
governance/BAS_COMPONENT_CANDIDATES.csv,UNCHANGED,1281,1281,8a1fcecef729ec89fb888063a1a521b6cad105899cd60075f25fb6de6593ce42,8a1fcecef729ec89fb888063a1a521b6cad105899cd60075f25fb6de6593ce42
governance/BAS_EVALUATION_PROTOCOL.csv,UNCHANGED,1176,1176,a1dc53953f127002b31834449c72db84f9d1dd6212606f65c8907c01cbfec240,a1dc53953f127002b31834449c72db84f9d1dd6212606f65c8907c01cbfec240
governance/BAS_EXPECTATION_CROSSFIT_CONTRACTS.csv,UNCHANGED,1789,1789,ddfaff692706a5da16b67a5e86b79b5a7503726496d2f646b8a8f055461df4e9,ddfaff692706a5da16b67a5e86b79b5a7503726496d2f646b8a8f055461df4e9
governance/BAS_GATE_STATUS.csv,UNCHANGED,387,387,e523ae88a6c3a99a547a9747613236899a7113f2fd79f8a42c30781702d8f793,e523ae88a6c3a99a547a9747613236899a7113f2fd79f8a42c30781702d8f793
governance/BAS_GENERAL_FBS_BASELINE_CONTRACTS.csv,UNCHANGED,850,850,4edc552de80d1060ad726d91327322ee16ae868a5b98d88c0a521a3ec231899d,4edc552de80d1060ad726d91327322ee16ae868a5b98d88c0a521a3ec231899d
governance/BAS_LABEL_CONTRACT.csv,UNCHANGED,1107,1107,6f4e45894805de592aef92794632c6042acaa4fb9c3290566a4ac7b46e4056ff,6f4e45894805de592aef92794632c6042acaa4fb9c3290566a4ac7b46e4056ff
governance/BAS_NULL_RESULT_POLICY.csv,UNCHANGED,689,689,1098edd17e0c30ec5e67d38d4b4139415acd63f9d85311134fe2ad1ba7a8c2ba,1098edd17e0c30ec5e67d38d4b4139415acd63f9d85311134fe2ad1ba7a8c2ba
governance/BAS_REGIME_STABILITY_CALIBRATION_PLAN.csv,UNCHANGED,1512,1512,1506aa2d6f2d25873e42012bb5aaaa39383d8d58b680488ca0fd8dab03c330df,1506aa2d6f2d25873e42012bb5aaaa39383d8d58b680488ca0fd8dab03c330df
governance/CANONICAL_ENTITY_CATALOG.csv,UNCHANGED,2774,2774,4066e1b58d8dccde2ecb9481c74ab2d4e4a3e92da48ad6aed4149bd392d479ce,4066e1b58d8dccde2ecb9481c74ab2d4e4a3e92da48ad6aed4149bd392d479ce
governance/CANONICAL_RELATIONSHIP_CATALOG.csv,UNCHANGED,1408,1408,05d2478f87468cc5965cff4a10241f642c96c295c27dae6cbcfd1c6e3c9251d0,05d2478f87468cc5965cff4a10241f642c96c295c27dae6cbcfd1c6e3c9251d0
governance/CHANGE_POINT_CANDIDATES.csv,UNCHANGED,1239,1239,03b1d6503b4082dad01201caec2fb2c7f1b95119c08cc8913074b0dfc902a828,03b1d6503b4082dad01201caec2fb2c7f1b95119c08cc8913074b0dfc902a828
governance/COACHING_INTELLIGENCE_GATE_STATUS.csv,UNCHANGED,209,209,80c94684e13897e172263f030b5dbfd57d24b16fb7813e56b60dffae22d23b62,80c94684e13897e172263f030b5dbfd57d24b16fb7813e56b60dffae22d23b62
governance/COACH_CONFOUND_CONTROL_CATALOG.csv,UNCHANGED,376,376,2042fe8413144407d02177c749e921551cd5b31658d3f84eec7ebd2715b94bb6,2042fe8413144407d02177c749e921551cd5b31658d3f84eec7ebd2715b94bb6
governance/COACH_DECISION_EVIDENCE_CANDIDATES.csv,UNCHANGED,572,572,6c940cc462eeba58ffb97060d0a023befda1e19e9f7657f81aa559ca42ce935b,6c940cc462eeba58ffb97060d0a023befda1e19e9f7657f81aa559ca42ce935b
governance/COACH_DEVELOPMENT_RESIDUAL_CONTRACTS.csv,UNCHANGED,1142,1142,45391aff3e17761770df41e017e340a26aeeffa0e93f29b31e3a98fd57a16fb1,45391aff3e17761770df41e017e340a26aeeffa0e93f29b31e3a98fd57a16fb1
governance/COACH_ROLE_EPISODE_CONTRACTS.csv,UNCHANGED,1144,1144,a2bbb9c9bedc9794e474b857abace831736a610f8cbafc50bb3cb10d16d40e07,a2bbb9c9bedc9794e474b857abace831736a610f8cbafc50bb3cb10d16d40e07
governance/CODEX_WORK_PACKET_QUEUE.csv,MODIFIED,13521,13356,4502cd81e047e538d0b9c57c94b647b337a71f2c6350d9b3c751d7ab2b2ffb3c,4ce8d0bffed68ba1ad4b964a1ad38cae91a3111f8e472174f9a5bcd870a60477
governance/CONSTRAINT_CLASSIFICATION.md,UNCHANGED,1826,1826,528eb8940e4c309284c1aed79667ebfdaaee937912a27204a3ecc98096269f53,528eb8940e4c309284c1aed79667ebfdaaee937912a27204a3ecc98096269f53
governance/CONSTRAINT_CLASSIFICATION_AUDIT.csv,UNCHANGED,32059,32059,775b24d49d486437d3d06f2b8d4470cadece9eb09be1b35854f441ca53d9ddfb,775b24d49d486437d3d06f2b8d4470cadece9eb09be1b35854f441ca53d9ddfb
governance/CONTEXT_GATE_STATUS.csv,UNCHANGED,224,224,e7575fd6482fba28b94ee25e036db1d512242af5cba9531b19daf4823277150f,e7575fd6482fba28b94ee25e036db1d512242af5cba9531b19daf4823277150f
governance/CRITICAL_PATH.csv,UNCHANGED,2830,2830,a9aba6e76a4f6f188aa3c08fd4d1f66547665e1f5b9eaffeb1ffe4d921efebb3,a9aba6e76a4f6f188aa3c08fd4d1f66547665e1f5b9eaffeb1ffe4d921efebb3
governance/CRITICAL_PATH.md,UNCHANGED,1753,1753,450b2eed9b19e818887f264c630464680b347e579310b203637819233be704fc,450b2eed9b19e818887f264c630464680b347e579310b203637819233be704fc
governance/CURRENT_BACKLOG.yaml,MODIFIED,632,1401,37d4f2e6388676f585a8dc900cd586692af24f77be2537e0e8885b98cb32b36e,88c857770d4164ac200dc9e2bc4c0e10ae235e593787ac84e9c820efdd99ffc4
governance/CURRENT_STATE.yaml,MODIFIED,1517,2098,2f048b18131b9b5b8f44ef8f87df01689df6f31d3c3eb9ba40c358cd69482232,3e8e587e0c224f258b901dc0053ad42aebbeec71ecf7f0cdad3c219a72c81d09
governance/DATASET_SCHEMA_REGISTRY.csv,UNCHANGED,68120,68120,a8d81e4973e55cde9bc117340cbe4bd68200cc1b1ed42d2f2585e0a44d7ac753,a8d81e4973e55cde9bc117340cbe4bd68200cc1b1ed42d2f2585e0a44d7ac753
governance/DECISION_LEDGER.md,MODIFIED,47605,56872,90eb95a214ffc645a00fbcc2f66528dbc040a548f03fdbe321b90ad492207adf,8c878e010a52a25ebb563ee26768728384c35cbf11a088f7f5ae3b7babe40dfd
governance/DO_NOT_DRIFT.md,UNCHANGED,4912,4912,13e3712dc3f9cb22d65e23953ac040ee2daefff16364d38d195432110a2d3404,13e3712dc3f9cb22d65e23953ac040ee2daefff16364d38d195432110a2d3404
governance/DRAFT_DEVELOPMENT_CANDIDATE_CONTRACTS.csv,UNCHANGED,938,938,703bd95825d18b32e4ae8d7c31572193383f1b68a335bce7dab28729dca24c36,703bd95825d18b32e4ae8d7c31572193383f1b68a335bce7dab28729dca24c36
governance/EARLY_SEASON_BLEND_CANDIDATES.csv,UNCHANGED,873,873,12d0b0c2f3dee7350938528d1b2ac223213f98b3a7cc53524c6609372cc479c9,12d0b0c2f3dee7350938528d1b2ac223213f98b3a7cc53524c6609372cc479c9
governance/ENTITY_RESOLUTION_STATES.csv,UNCHANGED,705,705,b0c0ac7009e4cb0eefcb4b751b2ffd9dd8d3bddb267a0084b05f184adbfc1ef1,b0c0ac7009e4cb0eefcb4b751b2ffd9dd8d3bddb267a0084b05f184adbfc1ef1
governance/ENTITY_STORAGE_DECISION_MATRIX.csv,UNCHANGED,1033,1033,e3a201943f694e890a80ce19147d3c369b886b5f0624d3ea9814afd825a22753,e3a201943f694e890a80ce19147d3c369b886b5f0624d3ea9814afd825a22753
governance/EPIC_CATALOG.csv,UNCHANGED,7000,7000,18997364f9d770530aaba346b1fb4342bd8a02710d98d7e0f3b1b34b5307cfff,18997364f9d770530aaba346b1fb4342bd8a02710d98d7e0f3b1b34b5307cfff
governance/EVALUATION_SCORECARD_REGISTRY.csv,UNCHANGED,1883,1883,4006696063ab78171ed73fb33a237a6e9a691dc106dd829ab2cf31d2aaa4b338,4006696063ab78171ed73fb33a237a6e9a691dc106dd829ab2cf31d2aaa4b338
governance/EXPERIMENT_ARTIFACT_POLICY.csv,ADDED,,503,,13141c46a825cf448eccb061215e3bdb7e9db721737bf6fa2c993a756f6aa24c
governance/EXPERIMENT_GATE_STATUS.csv,ADDED,,1705,,e5b60b0214be285f70ea477b9cd7f9e1840de8afecb9b30aeb382f3239563fc5
governance/EXPERIMENT_IDENTITY_FIELDS.csv,ADDED,,1530,,b81321f08ca5cc53afebe3c285c6c1ee0c6816c60ac2156815f017d792a48e70
governance/EXPERIMENT_QUEUE_POLICY.csv,ADDED,,1321,,b1b88cc7f8c4c670eae0327333d8b7620b66c0e32d3560694e6d96ca91114126
governance/EXPERIMENT_REPLAY_CONTRACT.csv,ADDED,,864,,29ff258c85b24c6f18534f84bcde67c7b760dabdcd05a96a229ea9c6c1f7403c
governance/EXPERIMENT_RESULT_EVIDENCE_CONTRACT.csv,ADDED,,1444,,827344595a75d268a8d89814f9932ea680988a9e2c34527c7d892f290382fdab
governance/EXPERIMENT_STATE_MACHINE.csv,ADDED,,1442,,88454f7a9c1b34d3f07ab30e3742cc15b472804f44fb4086117021ec1962cc66
governance/EXPERIMENT_STORE_SCHEMA_CATALOG.csv,ADDED,,1282,,dbc075b2fa2d2f228515bf05abacd0408d4201cfce5a71ebdf63cbeaf260ac77
governance/EXPERIMENT_TOOL_DECISION_MATRIX.csv,ADDED,,1352,,3ad1f09cf53b4960b74c3b2ebbbb423628feaeb0ad2880279c43803d84aff895
governance/EXPERIMENT_TOOL_RESEARCH_EVIDENCE.csv,ADDED,,2765,,bd98f1ee50ded23dfd5f55944857008593fe40049627533a4429540163469067
governance/FEATURE_CANDIDATE_SEEDS.csv,UNCHANGED,291388,291388,c1769929206cf7612af4732ed9d9073715c60edf0af09abcdaf8570435d4113f,c1769929206cf7612af4732ed9d9073715c60edf0af09abcdaf8570435d4113f
governance/FEATURE_EVIDENCE_REQUIREMENTS.csv,UNCHANGED,1609,1609,c1c18bbcd00e476b5b9ee1c9eb46e288ea7c9b3e6b224ca6155ca9f8e046a9c3,c1c18bbcd00e476b5b9ee1c9eb46e288ea7c9b3e6b224ca6155ca9f8e046a9c3
governance/FEATURE_FAMILY_EXPERIMENT_PLAN.csv,UNCHANGED,4385,4385,523f6961b841fb9a50db4ce74141a3c0229e564f069e5dd025cda121ce478473,523f6961b841fb9a50db4ce74141a3c0229e564f069e5dd025cda121ce478473
governance/FEATURE_LIFECYCLE_DECISION_LOG.csv,UNCHANGED,127,127,661cf0326debe3739ea16495b6fb84024fa55bf09970350e03811fe3558a57de,661cf0326debe3739ea16495b6fb84024fa55bf09970350e03811fe3558a57de
governance/FEATURE_LIFECYCLE_STATES.csv,UNCHANGED,1111,1111,6df10fc6bd875863192ab616d2bb56beb3df0c2876e73922fbef73e3f0837015,6df10fc6bd875863192ab616d2bb56beb3df0c2876e73922fbef73e3f0837015
governance/FEATURE_LIFECYCLE_TRANSITIONS.csv,UNCHANGED,1506,1506,2890127a63c54c1a052fac112dd2683ec79ba896fa05fb683b9818e481f0d1ad,2890127a63c54c1a052fac112dd2683ec79ba896fa05fb683b9818e481f0d1ad
governance/FEATURE_SCREENING_METHODS.csv,UNCHANGED,2571,2571,c6b2833696a365e089367f0bd34e07539821d17007b9bb202c17b65b195fa358,c6b2833696a365e089367f0bd34e07539821d17007b9bb202c17b65b195fa358
governance/FEATURE_TOURNAMENT_POLICY.csv,ADDED,,1234,,77bb783f18cefb393a78188ea022c55c2b35cc9e5de8065f2351af2ac9ec9daf
governance/FEATURE_TOURNAMENT_STAGE_MATRIX.csv,ADDED,,1104,,41f361f9ba1d4fe23d171457865aa84fcdc44ad4551da4ceae3a1f63911072d6
governance/FEATURE_TRANSFORMATION_CATALOG.csv,UNCHANGED,2983,2983,7e215697d0434a6dcb2bf9af71364fc1b2ffd06de03a3703c2bf30d5c7c7d4b8,7e215697d0434a6dcb2bf9af71364fc1b2ffd06de03a3703c2bf30d5c7c7d4b8
governance/FIELD_CLASSIFICATION_RECONCILIATION.csv,UNCHANGED,1888,1888,19aab4e7c1ccfcf2fd32064c5daf8a0c6ad30093a0c06156453b7e0d1130c367,19aab4e7c1ccfcf2fd32064c5daf8a0c6ad30093a0c06156453b7e0d1130c367
governance/FIELD_POSITION_HIDDEN_YARDS_CONTRACTS.csv,UNCHANGED,659,659,12a3ee28f945eecd1e722ff570f3933818f5668c039d64e35dadefd0928569bd,12a3ee28f945eecd1e722ff570f3933818f5668c039d64e35dadefd0928569bd
governance/FORECAST_LANES.csv,UNCHANGED,723,723,6b13c68338ca7fc6e821decb4fc5523636cfda0a3f1064fbb33ab96fe34a3633,6b13c68338ca7fc6e821decb4fc5523636cfda0a3f1064fbb33ab96fe34a3633
governance/GAME_CONTEXT_CONTRACTS.csv,UNCHANGED,612,612,6f986817077abee19432e3ca314ef81c67a2137ba08e1e87301893dca881b5ac,6f986817077abee19432e3ca314ef81c67a2137ba08e1e87301893dca881b5ac
governance/HISTORICAL_WEIGHTING_CANDIDATES.csv,UNCHANGED,1188,1188,8f300c1ea8c36a5fde4466de67a4f27ec0158abb3509e1b6b344976dd5c18fb1,8f300c1ea8c36a5fde4466de67a4f27ec0158abb3509e1b6b344976dd5c18fb1
governance/HOME_FIELD_EXPERIMENT_PLAN.csv,UNCHANGED,524,524,e9c4a9ffa27b911806daae2644d4c32e6f71aae53caf4caa054f3ed017f05507,e9c4a9ffa27b911806daae2644d4c32e6f71aae53caf4caa054f3ed017f05507
governance/HPO_PARAMETER_TYPE_CATALOG.csv,ADDED,,547,,84a8c2e52d265d2942e57880cb36ea9fb4dfc9a645ce448caa7c1984fa4192ad
governance/HPO_PRUNING_POLICY.csv,ADDED,,567,,c6dec9a8a65198b382eebf7dec0bf73445ad238635c1736de46b085a86b9d283
governance/HPO_SEARCH_SPACE_POLICY.csv,ADDED,,356,,3a23cc5a141092a8a1ad4cf4cae872540886014bfd8741c9bd10231e11653b5f
governance/HPO_STUDY_POLICY.csv,ADDED,,663,,f292f03c86af5d71c86bcfc5bbaf37b6ae00ec60f8beb1c6bb7a51d51090d08f
governance/HYPOTHESIS_LEDGER.csv,MODIFIED,12013,15881,b5854f8e3acaec43019658333aa29e02782a6b9e53c67a9fc5a39a059e164a37,5d6470ad0f2d6fbd622ba64d61d0f13b2873711168baabcb07ab78994b10795e
governance/HYPOTHESIS_QUEUE_POLICY.csv,ADDED,,659,,edf44178b50d72a9d2c3b0ce2ec57cf299b0bfd3335c315a1851697cac574a4e
governance/IMMUTABLE_RULES.md,UNCHANGED,2271,2271,f4acc7179ab46c00952ee9ff6a040bdaa5a3df61e7ff914895d9e2f892ab807b,f4acc7179ab46c00952ee9ff6a040bdaa5a3df61e7ff914895d9e2f892ab807b
governance/IMPLEMENTATION_COMPLEXITY_CLASSES.csv,UNCHANGED,697,697,22f424b0b688163a6134fa649881c6aed539af673edea2dfc8ef34fdfb7ca53a,22f424b0b688163a6134fa649881c6aed539af673edea2dfc8ef34fdfb7ca53a
governance/IMPLEMENTATION_PHASES.csv,UNCHANGED,1948,1948,be40bc500aeeaa4c9f0da4d5130698a63c191c91c0baa4a1947ea14965a46cba,be40bc500aeeaa4c9f0da4d5130698a63c191c91c0baa4a1947ea14965a46cba
governance/IMPLEMENTATION_WBS.csv,MODIFIED,68608,70432,3a14b202724aa295d6692c3a44211afe33aeecaca6d3af20524125da4b7eaf87,6ae142e6a72df32edc764de12123325b7cf930961d8d79fc5d68606cf5e20435
governance/JOINT_SCORE_CANDIDATES.csv,UNCHANGED,918,918,63c06205862d76c7c1c49a9a4813a2b918896b593d90a7e4cb59d89cdea410c9,63c06205862d76c7c1c49a9a4813a2b918896b593d90a7e4cb59d89cdea410c9
governance/JOIN_PATH_REGISTRY.csv,UNCHANGED,33448,33448,50ed7a63f613f6ad68fe9d7c4f51f609813404dbd5720a70187493428e53d8ba,50ed7a63f613f6ad68fe9d7c4f51f609813404dbd5720a70187493428e53d8ba
governance/LEAKAGE_SCENARIO_CATALOG.csv,UNCHANGED,2082,2082,d283ad51fbb88822302fb21320a9c56d638eeff2ad57e40a85a0328a3c624d20,d283ad51fbb88822302fb21320a9c56d638eeff2ad57e40a85a0328a3c624d20
governance/LOWER_DIVISION_TRANSLATION_CONTRACTS.csv,UNCHANGED,582,582,667e057b1a4f471793d0a569c650ba7ee5cbdc29a457e2d4061923009906174c,667e057b1a4f471793d0a569c650ba7ee5cbdc29a457e2d4061923009906174c
governance/MARKET_LANE_RULES.csv,UNCHANGED,704,704,15659db273396751e1f951754f86e2f4b8dd072e9364a89393875a479e24d533,15659db273396751e1f951754f86e2f4b8dd072e9364a89393875a479e24d533
governance/MATCHUP_CONTEXT_GATE_STATUS.csv,UNCHANGED,231,231,0b6b2501b2355e5e8cde0cdeff25f1272d526b9086439c2bc536f6585c37dcc5,0b6b2501b2355e5e8cde0cdeff25f1272d526b9086439c2bc536f6585c37dcc5
governance/MECHANICS_GATE_STATUS.csv,UNCHANGED,190,190,b557358813fa014a6511ed3fb6801cddf222852c3f7046c6f1bd8688f1eba113,b557358813fa014a6511ed3fb6801cddf222852c3f7046c6f1bd8688f1eba113
governance/MECHANICS_INTERACTION_CANDIDATES.csv,UNCHANGED,493,493,a7e4e698e3c1fc905ff326163a5cdb4a7ff5e82abc4150ea97a3c418d4cbfe21,a7e4e698e3c1fc905ff326163a5cdb4a7ff5e82abc4150ea97a3c418d4cbfe21
governance/METRIC_REGISTRY.csv,UNCHANGED,2570,2570,72e9834e7a372955c6491dcd433d9c5a0348ae1693f60bb39f99f62cd638e160,72e9834e7a372955c6491dcd433d9c5a0348ae1693f60bb39f99f62cd638e160
governance/MISSINGNESS_EVIDENCE_REGISTRY.csv,UNCHANGED,72076,72076,da7c95f169a67948db1379f59e5e52dd356912fc02d9b614ed9a8e3f9dd18381,da7c95f169a67948db1379f59e5e52dd356912fc02d9b614ed9a8e3f9dd18381
governance/MLFLOW_FIELD_MAPPING.csv,ADDED,,951,,45d05329bf8bade3e76fdebb3a209bd13ee2206c6b2dde09d71eacd2bf3d341f
governance/MODEL_ARCHITECTURE_CANDIDATES.csv,UNCHANGED,1776,1776,c7dacfff5e5baa815ab4e1259b90b20c2c0a68517a38ceba3c4b25cd5c51bc79,c7dacfff5e5baa815ab4e1259b90b20c2c0a68517a38ceba3c4b25cd5c51bc79
governance/MODEL_ARCHITECTURE_GATE_STATUS.csv,UNCHANGED,495,495,bf625654910d2c5286c3d051989204a5bb3fe125a1c5adec41d9359314717f4f,bf625654910d2c5286c3d051989204a5bb3fe125a1c5adec41d9359314717f4f
governance/MODEL_DERIVATION_CONTRACT.csv,UNCHANGED,1504,1504,1e82be5fea8f9145df6a4c1db81666ff18c119e4c03d12236710443b90a476a5,1e82be5fea8f9145df6a4c1db81666ff18c119e4c03d12236710443b90a476a5
governance/MODEL_DISAGREEMENT_CONTRACTS.csv,UNCHANGED,695,695,bcca65606a04504682dbe77f4f3d4cd50d45b1bb554438278a4cc843eac5cd33,bcca65606a04504682dbe77f4f3d4cd50d45b1bb554438278a4cc843eac5cd33
governance/MODEL_TARGET_CONTRACT.csv,UNCHANGED,2473,2473,39f06c5f30a0cf9426647adf18b83db79b154f121967ce2564cbdf33daab7813,39f06c5f30a0cf9426647adf18b83db79b154f121967ce2564cbdf33daab7813
governance/MODEL_TOURNAMENT_BASELINE_MATRIX.csv,ADDED,,593,,c2fcb696f71475a811ee697a5cb47dca26de30ae6c70a0945709d15616124e68
governance/MODEL_TOURNAMENT_COMPATIBILITY_MATRIX.csv,ADDED,,875,,c6b75aefd242fe529f36d7579099dbd47893293108f7d9ad09ac03490654ba6f
governance/MODEL_TOURNAMENT_POLICY.csv,ADDED,,1088,,19c232d3d77f0b7a63a5627ec578def7c603786c50cbd6c55b3b2f2f92153a04
governance/NEXT_WAVE.md,MODIFIED,957,1235,a91df8e33cadbfe77045d736528d1d66f68e9cc01a8591846f288168618f20a6,4c5dc790f6b4de6c366ed5a9a8e0dfb4512140a1b8b678fb6738c2aca745b231
governance/OFFICIATING_EXPERIMENT_POLICY.csv,UNCHANGED,579,579,65d6e15eb9454f41d52dc00335848f4b78b3a4ab94cafd275d4b2e6f8bc8afd4,65d6e15eb9454f41d52dc00335848f4b78b3a4ab94cafd275d4b2e6f8bc8afd4
governance/OOD_DETECTION_CANDIDATES.csv,UNCHANGED,873,873,8cbccb92410389aaeef0c960366d8cd39b325a67f52448b24e00eaa356e9889b,8cbccb92410389aaeef0c960366d8cd39b325a67f52448b24e00eaa356e9889b
governance/OPEN_ISSUES.md,MODIFIED,24914,25360,ae11141dee4c7b098b8c92b807031ec8922331e811a083d287a321f86558c3ed,31aa9b64a4a691db83aaad88be0cb3754881dde9b2f3ee3ed9bf9c2a21ed2b54
governance/OPPONENT_ADJUSTMENT_CANDIDATES.csv,UNCHANGED,479,479,dd0b0c84e15469ecf75543585a6a7c66b8775156e84dfc41120a2b1099cd910d,dd0b0c84e15469ecf75543585a6a7c66b8775156e84dfc41120a2b1099cd910d
governance/OPPONENT_STRENGTH_HIERARCHY.csv,UNCHANGED,869,869,e29f275eb3257e0463f5f660b7463f0e5bc812277cd69988dd802bb1a9f89b0a,e29f275eb3257e0463f5f660b7463f0e5bc812277cd69988dd802bb1a9f89b0a
governance/OPPORTUNITY_BACKLOG.yaml,MODIFIED,6737,6758,fa743cfa1d672fabff9936efc1cdcd91095feb5ffc792a8e2aa3bf18428f0253,80a9a01a09211d2724883102c0d66becd3f6185d5c5a824ceba1688c3a5af60b
governance/OPTUNA_FIELD_MAPPING.csv,ADDED,,937,,76f2c1af15a725a5ce458015af9ba64b82995d6ddb3484d952e1004a484914e5
governance/PIT_DOMAIN_POLICY.csv,UNCHANGED,2930,2930,1e9f7465018242fef18261f0f1c2849b080f878cf6fff96360976e7d68fc1ed9,1e9f7465018242fef18261f0f1c2849b080f878cf6fff96360976e7d68fc1ed9
governance/PIT_GATEWAY_RULES.csv,UNCHANGED,1750,1750,a0c15f6d95f7ab272840f9387babcd7b506c59bb30d4a4ec3fd5ee1f195063d3,a0c15f6d95f7ab272840f9387babcd7b506c59bb30d4a4ec3fd5ee1f195063d3
governance/PLAYER_INTELLIGENCE_GATE_STATUS.csv,UNCHANGED,318,318,6e000250153b11cd51f9b00f7659e41d4c75912bde6d7a0d623f0de0ed486bca,6e000250153b11cd51f9b00f7659e41d4c75912bde6d7a0d623f0de0ed486bca
governance/PLAYER_STATE_COMPONENTS.csv,UNCHANGED,1426,1426,69ee73840b613454a095eebe5609ff0adb78d046144845647d164acc3b635b89,69ee73840b613454a095eebe5609ff0adb78d046144845647d164acc3b635b89
governance/PLAYER_VALUE_EVIDENCE_CATALOG.csv,UNCHANGED,1620,1620,409fbd1f4160020e6783c65906669910fc5db750482a642408fb363433260623,409fbd1f4160020e6783c65906669910fc5db750482a642408fb363433260623
governance/POSSESSION_TEMPO_CONTRACTS.csv,UNCHANGED,383,383,70396726adf19971c87fa65f5d154188b5407812b55f35ecc08a2d71368211b0,70396726adf19971c87fa65f5d154188b5407812b55f35ecc08a2d71368211b0
governance/PRESEASON_HONOR_CANDIDATE_CONTRACTS.csv,UNCHANGED,769,769,b8e8985dad2deaa324fc96512c86a5e42b105f05bd3210a454399e25f50e0f7d,b8e8985dad2deaa324fc96512c86a5e42b105f05bd3210a454399e25f50e0f7d
governance/PRIVATE_RESOURCE_PROXY_CONTRACTS.csv,UNCHANGED,324,324,ec0a3a1ff1670fb2ffc8deb02f8d33df16452be80b9430d17b397a17df63987d,ec0a3a1ff1670fb2ffc8deb02f8d33df16452be80b9430d17b397a17df63987d
governance/PROGRAM_RESOURCE_LANES.csv,UNCHANGED,581,581,d9ab6e07b638dd606140cab9ee44d0d17b27939be357bb9a6ccdbe2756f10823,d9ab6e07b638dd606140cab9ee44d0d17b27939be357bb9a6ccdbe2756f10823
governance/PROJECT_IDENTITY.yaml,MODIFIED,377,402,25b73fd84adc321c47384b0feced8971d7b7e464c360c5bd776d24072dfbf55e,d20f53f1ea4e58e28fe79d18f6cf99dd2c9266a4e3c6bf8c32b9573523d229cd
governance/PROMOTION_DECISION_STATES.csv,UNCHANGED,1010,1010,e9f0f483e66c799ebf88dbbeb13fa1dc722aac5fa932bfd9bb87fb879163531b,e9f0f483e66c799ebf88dbbeb13fa1dc722aac5fa932bfd9bb87fb879163531b
governance/PROTECTED_ACCEPTANCE_RULES.md,UNCHANGED,1438,1438,e881e25c6338b000253405d9fce02592b6f9254bf193a4c8e3901a9a954b42ec,e881e25c6338b000253405d9fce02592b6f9254bf193a4c8e3901a9a954b42ec
governance/PROTECTED_JUDGING_RULE_SEAL.csv,ADDED,,2351,,7bf245d93d1d0fc6b87f55dddcacec76ced222279ffa09b7b1ab08ba36667356
governance/PROTECTED_SPLIT_REGISTRY.csv,UNCHANGED,1168,1168,6b90ef6fb09abd89d7a82a8b5835b00615671a7742839269c7401a2d0af5f764,6b90ef6fb09abd89d7a82a8b5835b00615671a7742839269c7401a2d0af5f764
governance/RAW_FIELD_HANDOFF_STATES.csv,UNCHANGED,868,868,e8eed9051f5b4c1923a57286498ea9e40307d693ea440cb476edbdd4e9927dc8,e8eed9051f5b4c1923a57286498ea9e40307d693ea440cb476edbdd4e9927dc8
governance/RAW_FIELD_REGISTRY.csv,UNCHANGED,709732,709732,32c0c2a2809859817fb90632183daaf60ddb4b8cdd06f9108237836678298246,32c0c2a2809859817fb90632183daaf60ddb4b8cdd06f9108237836678298246
governance/RECRUITING_PROSPECT_PRIOR_CATALOG.csv,UNCHANGED,928,928,161295cdb8ad7b0e75b399ed4c31f23aaf9f9b74ffd2df41b8c7c05d1782f6ff,161295cdb8ad7b0e75b399ed4c31f23aaf9f9b74ffd2df41b8c7c05d1782f6ff
governance/REDUNDANCY_CLUSTER_REGISTRY.csv,UNCHANGED,39970,39970,5027f7a51472295aec95c86b1ab2f7e34986f4953b5bdf794eccfc799b788313,5027f7a51472295aec95c86b1ab2f7e34986f4953b5bdf794eccfc799b788313
governance/REGIME_SIMILARITY_FACTORS.csv,UNCHANGED,860,860,271a9659493cedcc03bc1f3d7e75ab1ee9ae9e774e64e8001e0058c2fe67a530,271a9659493cedcc03bc1f3d7e75ab1ee9ae9e774e64e8001e0058c2fe67a530
governance/REGULATORY_ENVIRONMENT_CONTRACTS.csv,UNCHANGED,787,787,2d19c358d8b8c25ce16f279b0572f895fd1d780d59b128b40223333764d3d929,2d19c358d8b8c25ce16f279b0572f895fd1d780d59b128b40223333764d3d929
governance/REPLACEMENT_VALUE_CONTRACTS.csv,UNCHANGED,881,881,01dbd3d67d65b1d7b4ad34491ee3724e7605719f0cb416b521eabbcdd0f69220,01dbd3d67d65b1d7b4ad34491ee3724e7605719f0cb416b521eabbcdd0f69220
governance/REPLAY_CHECK_CATALOG.csv,ADDED,,777,,ab64b9fe2e918854506e3572820363d5bec21eec5bad473e64e1b48ffc5416a1
governance/REPLAY_FAILURE_POLICY.csv,ADDED,,655,,1eaffe74cd7396ffb0f980297609cb035f1813664d1a9599436d99ed6260d2b7
governance/REQUIREMENTS_INDEX.csv,MODIFIED,132009,156802,f838aa8e7f42fe860a3021e9f8c484eeb31d0a50926f9b35ef87c0f6c14566ac,bd8605c7dfbf0e3713a85dfe66da777dfbc74c4320e64c34d129ff4be18a6067
governance/REQUIREMENTS_TRACEABILITY.csv,MODIFIED,96698,117053,89e8d00700a68c9f3adbe78407dbe553eb980e6ae2d73eb58e8df6f74234869c,b021dd96c2d25b433092f526533eb058c73d2221cffbef811701cbe97433c585
governance/REQUIREMENT_ACCEPTANCE_MATRIX.csv,MODIFIED,143039,168048,a52b622aac87dd8ad46cec2501aed45ee9ba12105e8ff7aff97c1c70f1b5fc76,fa11e555839d0c61ff1896b369d8e2b0f3be2aff086b1458135092d56b35d296
governance/REQUIREMENT_TASK_TRACEABILITY.csv,MODIFIED,140291,149756,864d622ff48c487277fc933012931185da76bb2f8cc0d396f2cc27df0b32e0be,60fbf3c3af2c1040080d7d9bf8cde76bc4be7eb4cc733ca0057138d98331d564
governance/RESEARCH_BACKEND_CAPABILITIES.csv,ADDED,,728,,50e2a3e1a881bbc7c16f0b64a9ae14d99988daedaeb7c32bc66be223d10e2e05
governance/RESEARCH_FAILURE_TAXONOMY.csv,ADDED,,853,,fa334fb1e71a1a24cd55c0285ce96bd7e7e24939b205fbdd8ec58d70b4e3c856
governance/RESEARCH_RESOURCE_BUDGET_POLICY.csv,ADDED,,556,,d749eacaf54bffbdb49c9e65dbc464729dadb14f67d5a836970e6b6a65baf7fc
governance/RESEARCH_ROLE_CAPABILITIES.csv,ADDED,,1493,,cd2878a83c0f0beac82039817d67960f6f91b0c59e50519b70dc7427bf148990
governance/RESOURCE_ADMISSION_RULES.csv,ADDED,,1149,,34384d1c29e15941fa139faa5cd0eac96f9efdb8b0ec1e58b7c85023cad8cf81
governance/RESULT_ADOPTION_POLICY.csv,ADDED,,357,,b68658818e6c0808d326ddc72ba3896b26f8962773f855cdda43dd829300e534
governance/RESULT_PACKET_FIELD_CATALOG.csv,ADDED,,1129,,f09439248487a1f315d3752df90e252ab6087a8d118458ef83534444aafe96e4
governance/RISKS.md,MODIFIED,29653,31317,6b47f9f790a2377040ea65aa2b7b335e530c7ecce5554ceb728f2929fee4c8a0,8c149169b358dcbce47f223124d2b3dc1ade89a263416160f1758102820d7b99
governance/RISK_ACCEPTANCE_TRACEABILITY.csv,MODIFIED,25864,30490,bfad027b8d77d1ab0478c05f011def52abaac9bd3f6d961c1af9c58835c25013,1272ebef9853d5557e00f51c329c6694f329376c94c6681a7301323cf5423027
governance/RISK_REGISTER.csv,MODIFIED,41291,50116,f0d2f706d9400260fafd40f39d9a0f41eec69b144dc608ec2f42733f4292e381,af63890f6088f11256cf275aa8b49130e6d3803c55d4b379cc93966533a1133e
governance/ROSTER_DEPTH_STATE_CONTRACTS.csv,UNCHANGED,1159,1159,a7595b65ac4ea190e0e0e1beaa7b71ffeb362668ce00e3c2ab73e330e3eacb3b,a7595b65ac4ea190e0e0e1beaa7b71ffeb362668ce00e3c2ab73e330e3eacb3b
governance/SCHEDULE_STRESS_CONTRACTS.csv,UNCHANGED,614,614,063b7e125179ae781ebfafd902a8b10a9ace57e6531809dc8724c29cce61542f,063b7e125179ae781ebfafd902a8b10a9ace57e6531809dc8724c29cce61542f
governance/SCHEME_PLAY_CALLER_TENDENCY_CONTRACTS.csv,UNCHANGED,585,585,8ce68ad0a558ec613d1541c051c37c288733bd4038e074c75088c3ac65456d15,8ce68ad0a558ec613d1541c051c37c288733bd4038e074c75088c3ac65456d15
governance/SCORE_STATE_POLICY_CANDIDATES.csv,UNCHANGED,530,530,24598954f3f3ab08082206feabe06d339201d4bf4fd40b6a9a2fc22356ee0913,24598954f3f3ab08082206feabe06d339201d4bf4fd40b6a9a2fc22356ee0913
governance/SHARED_CONTRACT_OWNERSHIP.csv,UNCHANGED,1503,1503,84917341a39f3e7b038a7f593594bcd7e003adf6f803397e6a5745d78634def1,84917341a39f3e7b038a7f593594bcd7e003adf6f803397e6a5745d78634def1
governance/SIMULATION_SCENARIO_CONTRACTS.csv,UNCHANGED,957,957,306c7c7dc63ea8f234a91e365b575645eb615d942f321cc9cddf0f4582d61302,306c7c7dc63ea8f234a91e365b575645eb615d942f321cc9cddf0f4582d61302
governance/SOURCE_MAPPING_METHODS.csv,UNCHANGED,918,918,9c6ccbd6a2d06fd61f9b6a57ac3b0e3e37b8566f72fe51ab2236bae2704d4b8d,9c6ccbd6a2d06fd61f9b6a57ac3b0e3e37b8566f72fe51ab2236bae2704d4b8d
governance/SOURCE_OF_TRUTH_MAP.md,UNCHANGED,7129,7129,060fbc65f5b40b2515dd4033943b26bb229579fa1a957ac3ddeaaae9d3f20920,060fbc65f5b40b2515dd4033943b26bb229579fa1a957ac3ddeaaae9d3f20920
governance/SPECIAL_TEAMS_COMPONENT_CONTRACTS.csv,UNCHANGED,562,562,276a44ccbdbe8fae2b4799531b08c6454de3f5aaa5e5333c9bd81fef792f2275,276a44ccbdbe8fae2b4799531b08c6454de3f5aaa5e5333c9bd81fef792f2275
governance/STYLE_SIMILARITY_CANDIDATES.csv,UNCHANGED,371,371,d931b54d7e4e2408b2d160b9de3b42626667ad1be0ab6eca98fbdd00fb234500,d931b54d7e4e2408b2d160b9de3b42626667ad1be0ab6eca98fbdd00fb234500
governance/SUPERSEDED_DECISIONS.csv,UNCHANGED,3392,3392,58e93a37bab2c1d81a173e96b4855334e5e83fbda854b56e4bcdacc9e21d0620,58e93a37bab2c1d81a173e96b4855334e5e83fbda854b56e4bcdacc9e21d0620
governance/SUPERSEDED_DECISIONS.md,UNCHANGED,4915,4915,0b65bf3d135816e257430f809a6352961edfa298b59c7807b14fd3e2f511fd13,0b65bf3d135816e257430f809a6352961edfa298b59c7807b14fd3e2f511fd13
governance/TAMU_ANALOG_CONTRACTS.csv,UNCHANGED,640,640,3fc173ee6b5611fe23a474bf3cdd9c38f8b276c743e67bee4eef87685b2d89ed,3fc173ee6b5611fe23a474bf3cdd9c38f8b276c743e67bee4eef87685b2d89ed
governance/TAMU_EVALUATION_SLICES.csv,UNCHANGED,1169,1169,7f1cd4674d87115685ae30ceac5728c08d38aba7582dea86e8be346c5b1c5b60,7f1cd4674d87115685ae30ceac5728c08d38aba7582dea86e8be346c5b1c5b60
governance/TAMU_EVIDENCE_RESOLUTION_LANES.csv,UNCHANGED,1499,1499,9d863a8d5adf0a3dff2429387d0d7da88a5c8af4f9e0e40c52c4bd7279083fe8,9d863a8d5adf0a3dff2429387d0d7da88a5c8af4f9e0e40c52c4bd7279083fe8
governance/TAMU_PEER_COHORT_CONTRACTS.csv,UNCHANGED,640,640,9888f5b9468742ce41cbc88b82746cc794f071808030694f0ad187fc1ced612a,9888f5b9468742ce41cbc88b82746cc794f071808030694f0ad187fc1ced612a
governance/TAMU_SNAPSHOT_CADENCE_CANDIDATES.csv,UNCHANGED,790,790,c98a9deed24a586d17efc3149fee2e0105a9a291515bf778554580fa925bacfb,c98a9deed24a586d17efc3149fee2e0105a9a291515bf778554580fa925bacfb
governance/TAMU_SPECIALIZATION_CANDIDATES.csv,UNCHANGED,1266,1266,3b7cd01822ba969b142ba3daf9a877dd3f29edf09b923eeb539e3180e76e3ce8,3b7cd01822ba969b142ba3daf9a877dd3f29edf09b923eeb539e3180e76e3ce8
governance/TAMU_SPECIALIZATION_GATE_STATUS.csv,UNCHANGED,311,311,6a5875c60f6741ee2c7e895a12619595d9e03338a32f4bdb0b8b5924896bf929,6a5875c60f6741ee2c7e895a12619595d9e03338a32f4bdb0b8b5924896bf929
governance/TAMU_SPECIALIZATION_OVERFIT_GUARDS.csv,UNCHANGED,1541,1541,e68f5923d56645c831a3763c5ae8be888610043b9831eafe5dc9687ee22f1bc3,e68f5923d56645c831a3763c5ae8be888610043b9831eafe5dc9687ee22f1bc3
governance/TAMU_STATE_COMPONENTS.csv,UNCHANGED,2433,2433,98048d696d13f075e270af822fa088d478c1bd5eb19013fc66e524d5cc0624a7,98048d696d13f075e270af822fa088d478c1bd5eb19013fc66e524d5cc0624a7
governance/TAMU_STATE_GATE_STATUS.csv,UNCHANGED,274,274,73e809b957b45eb6b6a7f89f02c2cd7a7c9c3ef07781b5c7b1aea1dec10a82fb,73e809b957b45eb6b6a7f89f02c2cd7a7c9c3ef07781b5c7b1aea1dec10a82fb
governance/TAMU_UNIT_STATE_CONTRACTS.csv,UNCHANGED,871,871,ef09a0ebcb910bc5915dae6d7082f57144dfa2a26064662f9bcee016bb50dee6,ef09a0ebcb910bc5915dae6d7082f57144dfa2a26064662f9bcee016bb50dee6
governance/TARGET_FEATURE_POLICY.csv,UNCHANGED,1683,1683,2244adb066fbca1fe77ca12d3a738a231b97fd58127f5b8afb5f0c8ef18b7e88,2244adb066fbca1fe77ca12d3a738a231b97fd58127f5b8afb5f0c8ef18b7e88
governance/TASK_DEPENDENCIES.csv,MODIFIED,15155,15586,5ed13912f70b19aa336853b67d3ba2d99fbeb8f04c71b6a775d52a5a84cfc789,8b6ca16cb889e7183bd7bb026451e2d91f63f7d30200fa0591f97b26a7911574
governance/TEAM_STATE_COMPARISON_PLAN.csv,UNCHANGED,968,968,53e7fff1fc909f8d5b19fc0374b99b4273d784a794f0a78a1e55df1c3aa71be3,53e7fff1fc909f8d5b19fc0374b99b4273d784a794f0a78a1e55df1c3aa71be3
governance/TEAM_STATE_COMPONENTS.csv,UNCHANGED,1081,1081,bea314feb2ad56385b824ad0cec475b08f9aab54a5618794fb3976271d3b275f,bea314feb2ad56385b824ad0cec475b08f9aab54a5618794fb3976271d3b275f
governance/TEAM_STATE_GATE_STATUS.csv,UNCHANGED,350,350,1100189fd43154ca691e0ab253f0e3a8d3342b9d7e59a2a2eadc248906c5118b,1100189fd43154ca691e0ab253f0e3a8d3342b9d7e59a2a2eadc248906c5118b
governance/TEAM_STATE_PRIOR_COMPONENTS.csv,UNCHANGED,1332,1332,84f8154fa3dda385d6191533431bcd640241f41f772661ccb73b0ff09eab25e3,84f8154fa3dda385d6191533431bcd640241f41f772661ccb73b0ff09eab25e3
governance/TEAM_STATE_UNCERTAINTY_CATALOG.csv,UNCHANGED,850,850,992a8761b999cebfae710990810267ece70befe62afa80dac943dbebb161f880,992a8761b999cebfae710990810267ece70befe62afa80dac943dbebb161f880
governance/TEMPORAL_FIELD_SEMANTICS.csv,UNCHANGED,3562,3562,97cd402021d737b11638d34c9d1e92ae4a9a44d96f63f54a34c269c639c65b9f,97cd402021d737b11638d34c9d1e92ae4a9a44d96f63f54a34c269c639c65b9f
governance/THRESHOLD_PRECOMMITMENT_REGISTRY.csv,UNCHANGED,1561,1561,85da9ddb97eb1144914d41f1445609e3b0e1c50a3c3e9abdd97cb64d37940e0e,85da9ddb97eb1144914d41f1445609e3b0e1c50a3c3e9abdd97cb64d37940e0e
governance/TOURNAMENT_COMPARISON_POLICY.csv,ADDED,,503,,2e6393117cae462fc9710022ab5b6395bbd3a133dcea80cbae11e422541bd45f
governance/TOURNAMENT_STAGE_CATALOG.csv,ADDED,,560,,13a92f927f8fca380b7a301c545ddeeef34020c35e14aff2ac6a8846d4af1f87
governance/TRANSFER_EPISODE_CONTRACTS.csv,UNCHANGED,1025,1025,02564f6228f216d6ce838668d78ba2fc62662af0b53c000c07fd6fb8a957deae,02564f6228f216d6ce838668d78ba2fc62662af0b53c000c07fd6fb8a957deae
governance/TRANSFER_FRESHMAN_UNCERTAINTY_CATALOG.csv,UNCHANGED,843,843,386c590402d69783af81f8c46f165d510caa657a043eda7960a57893e261f160,386c590402d69783af81f8c46f165d510caa657a043eda7960a57893e261f160
governance/TRANSFER_RECRUITING_PROVENANCE_AUDIT.csv,UNCHANGED,2200,2200,4f19c19cafc2cf95b9af8509ba0d1cec342f646f6fb45f17253405bf391e61e4,4f19c19cafc2cf95b9af8509ba0d1cec342f646f6fb45f17253405bf391e61e4
governance/TRANSFER_TRANSLATION_EXPERIMENT_PLAN.csv,UNCHANGED,1354,1354,7a0920c858978aa4c8bea3bf4a5e3b14b98678a677bab9cb9e0ff128d981c75b,7a0920c858978aa4c8bea3bf4a5e3b14b98678a677bab9cb9e0ff128d981c75b
governance/UNCERTAINTY_COMPONENTS.csv,UNCHANGED,1120,1120,075c260a87012c5b557e46a273ca9f0378cc031f2428b1cf429d0809e4435d64,075c260a87012c5b557e46a273ca9f0378cc031f2428b1cf429d0809e4435d64
governance/UNCERTAINTY_OOD_MARKET_EVALUATION.csv,UNCHANGED,1009,1009,bd7f5a199599b023954b949a1361c2fdfe429a10325884fc16b4ffd2ecb66a9b,bd7f5a199599b023954b949a1361c2fdfe429a10325884fc16b4ffd2ecb66a9b
governance/UNRESOLVED_QUESTIONS.csv,UNCHANGED,6969,6969,95f7de0e3b79fc5cf13ebf1430c110787b12f9363c8289f7424ddd73deb27a05,95f7de0e3b79fc5cf13ebf1430c110787b12f9363c8289f7424ddd73deb27a05
governance/VENUE_TRAVEL_REST_CONTRACTS.csv,UNCHANGED,789,789,4e19a3f632b8e1cfab252325ec5da908cde0baa10a8c0fd3dc76720c5836c72d,4e19a3f632b8e1cfab252325ec5da908cde0baa10a8c0fd3dc76720c5836c72d
governance/W01_VALIDATION_REPORT.md,UNCHANGED,832,832,e6036d0e40f917b1d0b2ceeec198950881855102b99e3fbfbd50ca996e5329bc,e6036d0e40f917b1d0b2ceeec198950881855102b99e3fbfbd50ca996e5329bc
governance/W02_ADAPTIVE_REVIEW.md,UNCHANGED,1651,1651,e22f2bef9830f6d07b15d151ee72292d1e66d2dd3ca804f1f51a9b839621b4b0,e22f2bef9830f6d07b15d151ee72292d1e66d2dd3ca804f1f51a9b839621b4b0
governance/W02_VALIDATION_REPORT.md,UNCHANGED,2545,2545,75ade198593a40f3002ae47a6781563c5261ad649240b364ebbe20c399570e5c,75ade198593a40f3002ae47a6781563c5261ad649240b364ebbe20c399570e5c
governance/W03_ADAPTIVE_REVIEW.md,UNCHANGED,2981,2981,14d4a91a9cb551d4f2c3172d68e9538bf04e4e68b1c1763287cd9a973e859272,14d4a91a9cb551d4f2c3172d68e9538bf04e4e68b1c1763287cd9a973e859272
governance/W03_VALIDATION_REPORT.md,UNCHANGED,4853,4853,ba9542feabff94ee84a0f104b8ca5efa4ec8e832ef491e9a01d69ef6ab1afb44,ba9542feabff94ee84a0f104b8ca5efa4ec8e832ef491e9a01d69ef6ab1afb44
governance/W04_ADAPTIVE_REVIEW.md,UNCHANGED,1616,1616,4aa43ae85071f9b523e5628e12b8ac1112a65577fc95e229c12f4267fa8bf7da,4aa43ae85071f9b523e5628e12b8ac1112a65577fc95e229c12f4267fa8bf7da
governance/W04_VALIDATION_REPORT.md,UNCHANGED,3864,3864,e0ece7524b5f6750d2a69c7c9f67e4f5a0d19bb6d0aa70dad692bc0f65fab2ed,e0ece7524b5f6750d2a69c7c9f67e4f5a0d19bb6d0aa70dad692bc0f65fab2ed
governance/W05_ADAPTIVE_REVIEW.md,UNCHANGED,1726,1726,62ec99dd59f1d5da8b2a8e35a69211cb4ac910ce54b3aa4321048ff8f67600be,62ec99dd59f1d5da8b2a8e35a69211cb4ac910ce54b3aa4321048ff8f67600be
governance/W05_VALIDATION_REPORT.md,UNCHANGED,4298,4298,0f53012f4c55f49bdb02a3d7047dd98e3b602701916fcd992b9420c17961ce2b,0f53012f4c55f49bdb02a3d7047dd98e3b602701916fcd992b9420c17961ce2b
governance/W06_ADAPTIVE_REVIEW.md,UNCHANGED,996,996,44292c9aa44841de362d805cdbedf024fdd11caa1e44526e772fc44c49cdfdae,44292c9aa44841de362d805cdbedf024fdd11caa1e44526e772fc44c49cdfdae
governance/W06_VALIDATION_REPORT.md,UNCHANGED,2865,2865,c26e603b106e42af6d81e30f3b4960a6c2cf8d705d9c6375f0403dd3afab5da6,c26e603b106e42af6d81e30f3b4960a6c2cf8d705d9c6375f0403dd3afab5da6
governance/W07_ADAPTIVE_REVIEW.md,UNCHANGED,1565,1565,a0a44ee8af5f4fd1bafe9506b2208d3c8f59dcd1c72a3ae0b02dd921bad182cd,a0a44ee8af5f4fd1bafe9506b2208d3c8f59dcd1c72a3ae0b02dd921bad182cd
governance/W07_VALIDATION_REPORT.md,UNCHANGED,2737,2737,4d6c3487646cc7526e751cfa4fa9c7d13ff84fae3829efa92a9efc91d6b13a95,4d6c3487646cc7526e751cfa4fa9c7d13ff84fae3829efa92a9efc91d6b13a95
governance/W08_ADAPTIVE_REVIEW.md,UNCHANGED,983,983,9a0d5d09b97ee4e85e0786f7999344087336d43913864441b9ac4c5eac0e8928,9a0d5d09b97ee4e85e0786f7999344087336d43913864441b9ac4c5eac0e8928
governance/W08_VALIDATION_REPORT.md,UNCHANGED,2798,2798,fd2a5ca94b91b4446d2127600af95f53c7fab4b250ca90edd9616b52d4de3322,fd2a5ca94b91b4446d2127600af95f53c7fab4b250ca90edd9616b52d4de3322
governance/W09_ADAPTIVE_REVIEW.md,UNCHANGED,702,702,6da79c6a9d48b8dfc3d19feefd72729e68fdee42c2b56ca94045d8fd74195aa2,6da79c6a9d48b8dfc3d19feefd72729e68fdee42c2b56ca94045d8fd74195aa2
governance/W09_VALIDATION_REPORT.md,UNCHANGED,1809,1809,1343a5671552d4dcbd2469e49480979187d32c78931adeede2a59adce1a6dce3,1343a5671552d4dcbd2469e49480979187d32c78931adeede2a59adce1a6dce3
governance/W10_ADAPTIVE_REVIEW.md,UNCHANGED,1141,1141,11cebfe7f984a54bf02220ae006b2a5a94dc75f03147493d2a137203a48551f8,11cebfe7f984a54bf02220ae006b2a5a94dc75f03147493d2a137203a48551f8
governance/W10_VALIDATION_REPORT.md,UNCHANGED,1709,1709,407f72a2a968ce1ae4d2be501c1cbf6fd9c2278a99dd2c776f1f23f3b5726423,407f72a2a968ce1ae4d2be501c1cbf6fd9c2278a99dd2c776f1f23f3b5726423
governance/W11_ADAPTIVE_REVIEW.md,UNCHANGED,1266,1266,1ebd74fa5c2e8c36583df706791f955de0385bc27b4053e3b32e62773a7a7106,1ebd74fa5c2e8c36583df706791f955de0385bc27b4053e3b32e62773a7a7106
governance/W11_VALIDATION_REPORT.md,UNCHANGED,1963,1963,e89d6da7cbcb421af1bbd69ec8eb517f512a2cb43b0a915eb93151132df9dba4,e89d6da7cbcb421af1bbd69ec8eb517f512a2cb43b0a915eb93151132df9dba4
governance/W12_ADAPTIVE_REVIEW.md,UNCHANGED,1618,1618,3665eb9156192324a3d740da589848bb973c32dc02295691b38cfd35510d6083,3665eb9156192324a3d740da589848bb973c32dc02295691b38cfd35510d6083
governance/W12_VALIDATION_REPORT.md,UNCHANGED,2211,2211,f2b91af1ee55b593bd75cef5b9547d57179cfbf10b0bd7070dd7881b54785c59,f2b91af1ee55b593bd75cef5b9547d57179cfbf10b0bd7070dd7881b54785c59
governance/W13_ADAPTIVE_REVIEW.md,UNCHANGED,1561,1561,d32eb157a954ea26b2a161996aaf2b6e52534fc99a298ce6b3c909917051a3d1,d32eb157a954ea26b2a161996aaf2b6e52534fc99a298ce6b3c909917051a3d1
governance/W13_VALIDATION_REPORT.md,UNCHANGED,2293,2293,dd32edf308ba4622b58fc1127c2bfcb6066181bbf6f0a4a655395e6de00619b2,dd32edf308ba4622b58fc1127c2bfcb6066181bbf6f0a4a655395e6de00619b2
governance/W15_ADAPTIVE_REVIEW.md,UNCHANGED,1081,1081,fdd850d63caf115db6d45a88a40f2ccdc1672fe307f5cab7b7aa86714302c4b7,fdd850d63caf115db6d45a88a40f2ccdc1672fe307f5cab7b7aa86714302c4b7
governance/W15_VALIDATION_REPORT.md,UNCHANGED,1680,1680,44790a0fd37c39ebe5c86418e66d76c1807ebea18dd2f6d4c068ffff5f7212e6,44790a0fd37c39ebe5c86418e66d76c1807ebea18dd2f6d4c068ffff5f7212e6
governance/W16_ADAPTIVE_REVIEW.md,UNCHANGED,1277,1277,317a07f02ebd364f05f93a9efec394e09159c86007044dbdeebb6d021ca38d91,317a07f02ebd364f05f93a9efec394e09159c86007044dbdeebb6d021ca38d91
governance/W16_VALIDATION_REPORT.md,UNCHANGED,2140,2140,d431219a70a2a23568d49bdc509fdf05108c48d1379a5a8f80d37884a0232450,d431219a70a2a23568d49bdc509fdf05108c48d1379a5a8f80d37884a0232450
governance/W17_ADAPTIVE_REVIEW.md,UNCHANGED,1180,1180,4c9e0b95cf598a4ce9d8d2a2bd4ec7763bec1ce377a74d89ada37e53fe544d95,4c9e0b95cf598a4ce9d8d2a2bd4ec7763bec1ce377a74d89ada37e53fe544d95
governance/W17_VALIDATION_REPORT.md,UNCHANGED,1374,1374,47955dc32e8f7714568bb7276d8aeb20db2aa7c9e20c9f64982996c4fe67b3b0,47955dc32e8f7714568bb7276d8aeb20db2aa7c9e20c9f64982996c4fe67b3b0
governance/W18_ADAPTIVE_REVIEW.md,ADDED,,1200,,ce7d6edd31aa7d78e73c1d0ba4cc7a3ebf531c318042e63ae3437b8e66d0bc18
governance/W18_CORRECTION_AUDIT.md,ADDED,,4635,,22ba11be76278277bc7633a5a1a6deefd862eb3639f286752ae6395b5fd95b95
governance/W18_FULL_REQUIREMENT_TO_ARTIFACT_MATRIX.csv,ADDED,,49587,,374d29dde50c609af92dcec84bb2c588f0ddc4b0c6433656dc374af316a650dd
governance/W18_MASTER_REQUIREMENT_COVERAGE.csv,ADDED,,2954,,1c1da9e00b6096dd7e67493617d189b6e32252a02c19332aa2490ff8d5edcd73
governance/W18_NEW_FILE_INVENTORY.csv,ADDED,,26961,,ec95948681327c72d5573daa1b18390498d73bd486b437df8a3abd522a55b9c7
governance/W18_SUBSYSTEM_COMPLETENESS.csv,ADDED,,2649,,62a1013f66dde57a01ec995122137e2afa0f8dcabd45857762e8d034abadb1ed
governance/W18_TASK_TO_TEST_MATRIX.csv,ADDED,,3226,,3c6253f9129fff271b6ea24ab8881f8607c21633d5216b81f575ef143430d151
governance/W18_VALIDATION_REPORT.md,ADDED,,3679,,50cb3da5cc218583bf3a63b6861ba09e594dd69ab961638c25c638756e5861a3
governance/W18_W17_PARENT_PRESERVATION.csv,ADDED,,99312,,106e39c6a7130ad93206eb1faab5786f5b7fee29a8f2c078eb4257d4a827c2cd
governance/WAVE_LEDGER.md,MODIFIED,7825,9750,a4c45cd8724bd02bc952f8da39414529e609537468522479c0ee829fef08a6f4,8e13046b7efc7f3e1f35863295d53f086f890ffdae13073b6a08c5cdae7924c5
governance/WAVE_PLAN.md,MODIFIED,8264,9549,487dc99ba0c116521bb62bd448f82cc90b32ecb236c84801136dcbc4f9ffe4a3,d8c6481b2199606ccb5a0f85608b62b14fc1e152bef36171cd4e2daaa3caaacc
governance/WAVE_PLAN_REVISIONS.md,UNCHANGED,9538,9538,7d6220ce317a3fe23d42a28bf691f738085769c4e7e831b5ff0ca0ae66bad57e,7d6220ce317a3fe23d42a28bf691f738085769c4e7e831b5ff0ca0ae66bad57e
governance/WEATHER_CONTEXT_CONTRACTS.csv,UNCHANGED,443,443,7e5658ecab8ca78d1e020c53b9f3a242ede610315e96cca183f4bac211fe9f49,7e5658ecab8ca78d1e020c53b9f3a242ede610315e96cca183f4bac211fe9f49
governance/WORKTREE_EXECUTION_POLICY.csv,ADDED,,517,,3cd90deac880a56fb5d002ad6c99be0c6b9b4a493095aca1185f1c71bbbd2009
governance/WORKTREE_LOCK_CATALOG.csv,ADDED,,755,,41674ce777e9c203423b14b7ad787a23ab09326d05fa0faf1575e828fc9ef6a6
provenance/CURRENT_TREE.txt,MODIFIED,20235,28354,e8665d13e55bce79d8e1d900a5faee4f94f5b599e69c081e05bc893f2453a565,dd6a693deaf5299d46baa1f29fcc60288a8c8965e3c8d6b8bc0885324284c925
provenance/INPUT_ARTIFACTS.csv,UNCHANGED,828,828,f93ecd9c38c5cebca0855f2e57f0d3e5437ba3b23715949669c6658d1502ac41,f93ecd9c38c5cebca0855f2e57f0d3e5437ba3b23715949669c6658d1502ac41
provenance/MANIFEST_POLICY.md,UNCHANGED,824,824,6ccf5b7a51185dc09140ee7b917af0344a2be5a1b34d6e592018206d37da1dce,6ccf5b7a51185dc09140ee7b917af0344a2be5a1b34d6e592018206d37da1dce
provenance/PROJECT_FILE_HASHES.sha256,MODIFIED,54442,75827,ef0ee744dfde8b74a50f3bd35ab5429d0f16c2af24deb477c67239ec7b039d3f,99aec9122c4645d4fff149ce8f1850283d26ca21ed0216d4076a9ec8a4544817
provenance/PROJECT_FILE_MANIFEST.csv,MODIFIED,56419,78535,89f639baaa7c9c789b4c62dc66c52fc583647c2ffae98f25c22314ca61ee4d99,43ec40d1c4be3db77726a526688342215280d1300d16e7b8db8e58827d85c9d6
provenance/RECONNAISSANCE_FILE_INDEX.csv,UNCHANGED,28691,28691,9db10f8fc1ee2c55c8334f7949197925717d1784cd28469da73e4281855ee95f,9db10f8fc1ee2c55c8334f7949197925717d1784cd28469da73e4281855ee95f
provenance/RECON_REQUIRED_READING_STATUS.csv,UNCHANGED,9460,9460,3ced155176b08607d4d69b0955a61e0c36c440c637da42d32e717dd15d750275,3ced155176b08607d4d69b0955a61e0c36c440c637da42d32e717dd15d750275
provenance/SOURCE_CHAT_LOG_INDEX.csv,UNCHANGED,6631,6631,00cc255ee5edde8999cabf0855ac743ce8f5a418857f8b0ff1deac8dd2e4d7a4,00cc255ee5edde8999cabf0855ac743ce8f5a418857f8b0ff1deac8dd2e4d7a4
provenance/W02_FILE_CHANGE_SUMMARY.csv,UNCHANGED,18371,18371,02b5c46849bf26623d7a7fa1784a7e405c09a60fc1e61435695c3e1f0f393299,02b5c46849bf26623d7a7fa1784a7e405c09a60fc1e61435695c3e1f0f393299
provenance/W02_INPUT_ARTIFACTS.csv,UNCHANGED,871,871,355c3319a02386c5bdf2f3b54c3444f8fc191f47d57ca9182602b3560330d6e0,355c3319a02386c5bdf2f3b54c3444f8fc191f47d57ca9182602b3560330d6e0
provenance/W03_FILE_CHANGE_SUMMARY.csv,UNCHANGED,19225,19225,a0868a9e4c341615d627e758462ac6b1feba07d0b96e3d699f89202e525fcd93,a0868a9e4c341615d627e758462ac6b1feba07d0b96e3d699f89202e525fcd93
provenance/W03_INPUT_ARTIFACTS.csv,UNCHANGED,935,935,0f661e31fc51723d03862061a7c645b061b462b514aebf81037b9114326649b8,0f661e31fc51723d03862061a7c645b061b462b514aebf81037b9114326649b8
provenance/W04_FILE_CHANGE_SUMMARY.csv,UNCHANGED,23793,23793,f42e1b16abca05e1e87e0ebd456931326d6fca30e733c9db0e610452eddca0ef,f42e1b16abca05e1e87e0ebd456931326d6fca30e733c9db0e610452eddca0ef
provenance/W04_INPUT_ARTIFACTS.csv,UNCHANGED,935,935,5e563e471bc63909c401b95f2099525f5257c00475e7941fff291cfe419160dc,5e563e471bc63909c401b95f2099525f5257c00475e7941fff291cfe419160dc
provenance/W05_FILE_CHANGE_SUMMARY.csv,UNCHANGED,27849,27849,6d1db2843223821286094801da5d9542b4744e92083ef85b45d323d2aa1cdcab,6d1db2843223821286094801da5d9542b4744e92083ef85b45d323d2aa1cdcab
provenance/W05_INPUT_ARTIFACTS.csv,UNCHANGED,946,946,339c840503c25db5e7610825d495c817eb8e9f016c39aa2e28538f28e31a54d9,339c840503c25db5e7610825d495c817eb8e9f016c39aa2e28538f28e31a54d9
provenance/W06_FILE_CHANGE_SUMMARY.csv,UNCHANGED,30567,30567,8191ee5a2603639485cb3a3507bc722642b74de369ec09a0cd4c4052d2eb2740,8191ee5a2603639485cb3a3507bc722642b74de369ec09a0cd4c4052d2eb2740
provenance/W06_INPUT_ARTIFACTS.csv,UNCHANGED,655,655,73c9493ee4ebe7e2a9fd70174cb3b20812bcecfd489c971e0572f0587e1cc8c7,73c9493ee4ebe7e2a9fd70174cb3b20812bcecfd489c971e0572f0587e1cc8c7
provenance/W07_FILE_CHANGE_SUMMARY.csv,UNCHANGED,11522,11522,de82b419ee7a3495b5e6584f8f4845ba36669bd98cb31a47ce4a76536f6b7160,de82b419ee7a3495b5e6584f8f4845ba36669bd98cb31a47ce4a76536f6b7160
provenance/W07_INPUT_ARTIFACTS.csv,UNCHANGED,820,820,511099b924c927f4213bd66377f700dcf10416d444d514175aa449d0c7424199,511099b924c927f4213bd66377f700dcf10416d444d514175aa449d0c7424199
provenance/W08_FILE_CHANGES.csv,UNCHANGED,8151,8151,5cf89a41a62406dd3380e61bcca45f5a115aab51b17c59f7c649c0215babf5e4,5cf89a41a62406dd3380e61bcca45f5a115aab51b17c59f7c649c0215babf5e4
provenance/W08_INPUT_ARTIFACTS.csv,UNCHANGED,770,770,306ccb6591fe1b7aa458c3b4c541327c5beda9a6c4d9add7f800d9ad6941cd02,306ccb6591fe1b7aa458c3b4c541327c5beda9a6c4d9add7f800d9ad6941cd02
provenance/W09_FILE_CHANGE_SUMMARY.csv,UNCHANGED,12398,12398,100e699402399da84e6f43cfa6a9aefe54ddfc505cd604322b9f4a8d625b268a,100e699402399da84e6f43cfa6a9aefe54ddfc505cd604322b9f4a8d625b268a
provenance/W09_INPUT_ARTIFACTS.csv,UNCHANGED,776,776,aca24190ac60123fa370f9a9abbfa70eaf4179b75dde02dca9ec36d11e8ae604,aca24190ac60123fa370f9a9abbfa70eaf4179b75dde02dca9ec36d11e8ae604
provenance/W09_SOURCE_CLASSIFICATION_HASHES.csv,UNCHANGED,1407,1407,5db2487235dd04fba67b92c9a4e1ee124eacf1d8ab457713b13c7ef2994990b4,5db2487235dd04fba67b92c9a4e1ee124eacf1d8ab457713b13c7ef2994990b4
provenance/W11_FILE_CHANGES.csv,UNCHANGED,52520,52520,d6f8c917187cb5d9ee1a84f0365b21476cab4516726236b0a4497bb6ab658392,d6f8c917187cb5d9ee1a84f0365b21476cab4516726236b0a4497bb6ab658392
provenance/W11_INPUT_ARTIFACTS.csv,UNCHANGED,799,799,01330b88501d7b3a6bef4cea008154eab34a5e7d65b11020ab84c40ac6b1c74b,01330b88501d7b3a6bef4cea008154eab34a5e7d65b11020ab84c40ac6b1c74b
provenance/W12_FILE_CHANGES.csv,UNCHANGED,13983,13983,902eb5549f99a6fa3bced385eec8477fcea246907a912fbb33b190917758c624,902eb5549f99a6fa3bced385eec8477fcea246907a912fbb33b190917758c624
provenance/W12_INPUT_ARTIFACTS.csv,UNCHANGED,1092,1092,b2c565fc464033813f9ab0515a829811dee9b16b6836a77188bdab321c32ac2c,b2c565fc464033813f9ab0515a829811dee9b16b6836a77188bdab321c32ac2c
provenance/W13_FILE_CHANGES.csv,UNCHANGED,14771,14771,3e220860b762985ffa504db9fe49ad24e82e72462b078402a26a51f224b027de,3e220860b762985ffa504db9fe49ad24e82e72462b078402a26a51f224b027de
provenance/W13_INPUT_ARTIFACTS.csv,UNCHANGED,1094,1094,9466ecdbfb4f5fb5dcb6a9fa91ae0a40b9fd16f92b495fb496fec3c2680160f0,9466ecdbfb4f5fb5dcb6a9fa91ae0a40b9fd16f92b495fb496fec3c2680160f0
provenance/W14_ADAPTIVE_REVIEW.md,UNCHANGED,732,732,23a3e26af8fb291bd78b3d9a547cf3eb4a21d4a1044060f4314175aaff46818c,23a3e26af8fb291bd78b3d9a547cf3eb4a21d4a1044060f4314175aaff46818c
provenance/W14_INPUT_ARTIFACTS.csv,UNCHANGED,562,562,e9dc9c0e3199011b9652ce9e69e7c832714c23ccc16e488de26bfb311669e9f9,e9dc9c0e3199011b9652ce9e69e7c832714c23ccc16e488de26bfb311669e9f9
provenance/W14_INPUT_ARTIFACTS.md,UNCHANGED,405,405,eb94c28174413f92fbd82b72a890ccc73106cc9d64ec5819fd12c127a49297f7,eb94c28174413f92fbd82b72a890ccc73106cc9d64ec5819fd12c127a49297f7
provenance/W14_VALIDATION.md,UNCHANGED,747,747,96bfab2adfb680572382e5c5e76538b87c6692cfee3e7e56a2765361d6db3245,96bfab2adfb680572382e5c5e76538b87c6692cfee3e7e56a2765361d6db3245
provenance/W15_FILE_CHANGES.csv,UNCHANGED,11490,11490,45f3fe9f259af57b2ac5e7879af9c23f0b6b8a7428abce3db01969c976e8f983,45f3fe9f259af57b2ac5e7879af9c23f0b6b8a7428abce3db01969c976e8f983
provenance/W15_INPUT_ARTIFACTS.csv,UNCHANGED,791,791,04dc07e5165f999862402e641d974c5d84f10c7812791100bfb5b80c2eb0081c,04dc07e5165f999862402e641d974c5d84f10c7812791100bfb5b80c2eb0081c
provenance/W16_FILE_CHANGES.csv,UNCHANGED,12628,12628,ba9b5dda7f4700061d016a40d0e52eacd64e0617607452254b2dfb36f8fdacd0,ba9b5dda7f4700061d016a40d0e52eacd64e0617607452254b2dfb36f8fdacd0
provenance/W16_INPUT_ARTIFACTS.csv,UNCHANGED,1029,1029,f2037c7b7a1d3e895eebf2076c385d708ec4ca3a48b468ca2b13213bc62aecd0,f2037c7b7a1d3e895eebf2076c385d708ec4ca3a48b468ca2b13213bc62aecd0
provenance/W17_FILE_CHANGES.csv,UNCHANGED,91857,91857,ca9e0f1191f42b8021f5c6fe9da894cc24ad7e16b25d6d6748466fdcff308483,ca9e0f1191f42b8021f5c6fe9da894cc24ad7e16b25d6d6748466fdcff308483
provenance/W17_INPUT_ARTIFACTS.csv,UNCHANGED,668,668,3eef2e9bc5b230d8760ca03e3811bc2878174b8b77e5ee806c87821d7b0252b8,3eef2e9bc5b230d8760ca03e3811bc2878174b8b77e5ee806c87821d7b0252b8
provenance/W18_INPUT_ARTIFACTS.csv,ADDED,,1436,,138fcb477f54c5040ea6343fe9db902fabd50ab8c0a9413389246d31b7635516
pyproject.toml,MODIFIED,475,475,2ab9bd108d51c323a0d1cca06b496ac4525e0187b91c55d179ce7d485269ce80,7f3af3ec1d558ecc71b212e96a2d1b3fbf1212c3aa0756c464c0c0bc3e65b371
schemas/bas/bas_label.json,UNCHANGED,1323,1323,973c60d831bb91229c5d17fe42a6371b0bb8fae05df5bbc46e520695897b7152,973c60d831bb91229c5d17fe42a6371b0bb8fae05df5bbc46e520695897b7152
schemas/bas/component_residual.json,UNCHANGED,884,884,14841383d04ee527dc2d487f7ef5b40ee34f2b2048c4a7df91800e51dafd546a,14841383d04ee527dc2d487f7ef5b40ee34f2b2048c4a7df91800e51dafd546a
schemas/bas/expected_margin_evidence.json,UNCHANGED,1310,1310,0981890edf4dbd09cbe923a2ab8b53d0542ba274fd55fafba21682e8cd43fdfe,0981890edf4dbd09cbe923a2ab8b53d0542ba274fd55fafba21682e8cd43fdfe
schemas/canonical/entities.json,UNCHANGED,657,657,fd1585a329ffeed3a7774aca8068c8bf6d52ca8018e0d95359842ec2cd0dc69e,fd1585a329ffeed3a7774aca8068c8bf6d52ca8018e0d95359842ec2cd0dc69e
schemas/canonical/evidence_identity.json,UNCHANGED,1044,1044,7ab79f4874f404031be17ecaf872c69d63dffef713f0aadee3e8d465613b66ab,7ab79f4874f404031be17ecaf872c69d63dffef713f0aadee3e8d465613b66ab
schemas/canonical/resolution_decision.json,UNCHANGED,837,837,3226369588556f44c0fea1749ea245edc300b9af044965e891ac45d0c6329c89,3226369588556f44c0fea1749ea245edc300b9af044965e891ac45d0c6329c89
schemas/canonical/source_mapping.json,UNCHANGED,612,612,c5976da7110e389705621498449dfc556b7bc3a928ef39264cf01553de4f84a2,c5976da7110e389705621498449dfc556b7bc3a928ef39264cf01553de4f84a2
schemas/context_intelligence/coach_role_episode.json,UNCHANGED,1036,1036,8c233fc210c892b89175b9e868d4cb3f28f9fafa0c92fd8619ca53f3886950d8,8c233fc210c892b89175b9e868d4cb3f28f9fafa0c92fd8619ca53f3886950d8
schemas/context_intelligence/game_context_snapshot.json,UNCHANGED,999,999,2036a15cba140b01d7a114dfeae62767d5999706e3a875972450ddf0e8cce9aa,2036a15cba140b01d7a114dfeae62767d5999706e3a875972450ddf0e8cce9aa
schemas/context_intelligence/mechanics_state.json,UNCHANGED,777,777,03218ac421cee7e8d3cb37fd79f34c0a8bc029c88212c9e78bfc6bce46662344,03218ac421cee7e8d3cb37fd79f34c0a8bc029c88212c9e78bfc6bce46662344
schemas/context_intelligence/officiating_evidence.json,UNCHANGED,631,631,e3931b1bcd2babb9212f2b7aba332f1c561ea9c1b7c6d1758e76bcdf9d0c197f,e3931b1bcd2babb9212f2b7aba332f1c561ea9c1b7c6d1758e76bcdf9d0c197f
schemas/context_intelligence/regulatory_environment.json,UNCHANGED,707,707,197bb21ce0d414364e10d424aeaedb4f9da02f9b59ecd78ff48eb4bdbd79498c,197bb21ce0d414364e10d424aeaedb4f9da02f9b59ecd78ff48eb4bdbd79498c
schemas/experiments/adoption_decision.json,ADDED,,631,,9332028d6922ffb6edc70423dc8fb09ebb5c412008554e2df545cf3fbee7819b
schemas/experiments/advanced_challenger_evidence.json,ADDED,,1399,,5e35e97d92f0ed055185e5d654e70c64b1f2745138905bbbfa547f25585a5e77
schemas/experiments/artifact_manifest.json,ADDED,,1088,,4a27928a6b4beb487b36a615098dc4394181b458cd2e220a8a47720659ae3bbf
schemas/experiments/experiment_spec.json,ADDED,,1553,,8de9790a79b061bee9768a025d2b27927acb8fa7590fda5dc0a64c4e16a41b1e
schemas/experiments/experiment_store_record.json,ADDED,,577,,e4365431180f420d6adaab279bad0f3ed3b3a43e75451eae2c396da5e9940ae4
schemas/experiments/feature_family_candidate.json,ADDED,,1144,,e23eb9040aa27a40b7bdf2566964b3dbc04a1c6c66fe33e898c270405d0c60f9
schemas/experiments/feature_tournament_evidence.json,ADDED,,1228,,95719990ce46132362428c983554adfa40938258468f3e85d8e52a4849644adc
schemas/experiments/hpo_study.json,ADDED,,990,,3795b623eb9be670f751fb8d66c53f7dd6b12deb650a4fe55f29998f156ef767
schemas/experiments/hypothesis_record.json,ADDED,,812,,2d95d6017d7a327eef22b0a3eafdcf13f84beb5a558bff0cf8e68e0846bbf5ec
schemas/experiments/judging_rule_seal.json,ADDED,,473,,048cb109df23c3bf7eaccd2aba07efcd3d27bfbbe2976b2b51276633c42cd351
schemas/experiments/local_tracker_event.json,ADDED,,418,,fc3b318c25b66ce605dfe3d693c60418d756b5966203732f811795e2420dcb45
schemas/experiments/metric_compatibility.json,ADDED,,827,,4c84d486d589a0aa21917ee99eba3a8ba989156e875397ac98f5a577fdab4aa5
schemas/experiments/model_entrant.json,ADDED,,1095,,a3a5a67c0b7234fe09b84d41a1865deb208b31e0895d5294235fcc731f7ec24d
schemas/experiments/model_tournament_plan.json,ADDED,,1043,,c40fdd37e8e44e3742d5a4d05f0fe6cf2c2f6bcc46c987468dccb486163b3077
schemas/experiments/promotion_review_packet.json,ADDED,,934,,c3aa223e779cd96b398e65d778393a43022cd0d1c832e6ee171a4a0c311e65f8
schemas/experiments/queue_candidate.json,ADDED,,1094,,153211299923f2d6df1ed2529cb7e87acc5db1ff22b2ad012b45d75922920be5
schemas/experiments/queue_event.json,ADDED,,685,,faabf4547066165defc32455f901062eea655235cfda3fdfb68bf3c040bb5c48
schemas/experiments/replay_plan_v2.json,ADDED,,1337,,a8cb27456430acb10ed1bf799f689c95ca2618fa82539fc216b395fbcbfcf550
schemas/experiments/replay_report.json,ADDED,,998,,e01578a52ce089702431a15e6c60460e0d59b08c27ee9e0f0a389ec6b3042f8b
schemas/experiments/research_failure_record.json,ADDED,,1022,,42fe23920e6ff22ebf2b509f5dec0394acb0a5705592da3391de1e220e04ba71
schemas/experiments/resource_request.json,ADDED,,954,,14d218579c96916518fb68f3da2f2e230fdd3beb99362611689bf9b1b762976d
schemas/experiments/result_packet.json,ADDED,,1228,,a1f9109dacd56d7a1d3c90c18730e8eb2b565306d46863e54d123ce4c91edbce
schemas/experiments/search_multiplicity_record.json,ADDED,,1042,,233d8448c887b99429bda84bccc6f1c1cb6f95cee97ca583bd1230b5ea301071
schemas/experiments/tournament_entry.json,ADDED,,749,,9f85fbf500783eea9d02efbb347e2f09a0e2316c9267ef9640d094e9fe1a4ae4
schemas/experiments/tournament_spec.json,ADDED,,1003,,eee4039526f4945de574b2f1ca970612265ab0752c9be2d6b9d147a187bdfe06
schemas/experiments/worktree_lock.json,ADDED,,556,,9c0a92c8e338fc1f715e19abda47ff9f2613a67aae27166aacd4d5658c1e8d64
schemas/experiments/worktree_plan.json,ADDED,,764,,c14117befb7848e676053781acd9a212fc8698c122a08fdf793cabe949e16d5b
schemas/features/feature_candidate.json,UNCHANGED,998,998,60936038b2a2747208cc311c4e686a0e402e15f9a96fb16add9365e1d38adbc3,60936038b2a2747208cc311c4e686a0e402e15f9a96fb16add9365e1d38adbc3
schemas/features/feature_evidence.json,UNCHANGED,998,998,803fd00cd453d6faf3acf885f80e44a713a98da3e3f3fc12dec51dca07c5ef7a,803fd00cd453d6faf3acf885f80e44a713a98da3e3f3fc12dec51dca07c5ef7a
schemas/features/lifecycle_decision.json,UNCHANGED,751,751,325f498080854f358c72b162256d8d45a47761a00aa9ca152c664743665ba559,325f498080854f358c72b162256d8d45a47761a00aa9ca152c664743665ba559
schemas/features/raw_field.json,UNCHANGED,1686,1686,2b8d44960f10a45dbb01152dff69825e78ca72724d7127492c37c62896dfe893,2b8d44960f10a45dbb01152dff69825e78ca72724d7127492c37c62896dfe893
schemas/features/schema_scan.json,UNCHANGED,939,939,a5e190e654b14caa2b2f7f7fdbabdff05da70490e6dc91f0c688e7fd198eb17f,a5e190e654b14caa2b2f7f7fdbabdff05da70490e6dc91f0c688e7fd198eb17f
schemas/models/forecast_model_output.json,UNCHANGED,869,869,41b632424151c9036d6cb51fb005a7b3123c7f5b15da3fe02887ea40c0cabb2e,41b632424151c9036d6cb51fb005a7b3123c7f5b15da3fe02887ea40c0cabb2e
schemas/models/joint_score_distribution.json,UNCHANGED,1224,1224,938c5f4249092cc6660ad18e2a48ea1bee26a37c20a8e76398782aaadf12cf16,938c5f4249092cc6660ad18e2a48ea1bee26a37c20a8e76398782aaadf12cf16
schemas/models/model_target.json,UNCHANGED,627,627,9109304f3a5bc5e2fb51daecab7452d66d661004fd4e85b87ab700ff6c27719f,9109304f3a5bc5e2fb51daecab7452d66d661004fd4e85b87ab700ff6c27719f
schemas/models/simulation_scenario.json,UNCHANGED,544,544,1fce17bd6afea888217ae8a8ce5c5d502849d81340df2fe2e5da12fdc092b9ea,1fce17bd6afea888217ae8a8ce5c5d502849d81340df2fe2e5da12fdc092b9ea
schemas/players/availability_state.json,UNCHANGED,1569,1569,a0d84d7ab7bfbbb5295fa2ca2030e05ec24dc60ea33450e5d240b11ade4c1511,a0d84d7ab7bfbbb5295fa2ca2030e05ec24dc60ea33450e5d240b11ade4c1511
schemas/players/honor_observation.json,UNCHANGED,1022,1022,a6ca551522719dc8f9dee20d30745b0b408b2e83b026336adba5c0d438e49639,a6ca551522719dc8f9dee20d30745b0b408b2e83b026336adba5c0d438e49639
schemas/players/player_state.json,UNCHANGED,1626,1626,27872ede84074e76120ad6771a21414778224db40725c38cc0fe945ce2466f0d,27872ede84074e76120ad6771a21414778224db40725c38cc0fe945ce2466f0d
schemas/players/player_value_estimate.json,UNCHANGED,715,715,5ddfe8d24adf42423d83086f3d6c90b3f31970997214af3688c9d963ea5f4d70,5ddfe8d24adf42423d83086f3d6c90b3f31970997214af3688c9d963ea5f4d70
schemas/players/prospect_prior.json,UNCHANGED,831,831,c1750ff367e36af92eaf95da137c7d341ab8765fe9099bb1bc644e58ef9a979e,c1750ff367e36af92eaf95da137c7d341ab8765fe9099bb1bc644e58ef9a979e
schemas/players/replacement_state.json,UNCHANGED,1089,1089,f78ab70e026e2a1c7aa6f7b66c311958a7add545e12e47b2659a205bbbff5369,f78ab70e026e2a1c7aa6f7b66c311958a7add545e12e47b2659a205bbbff5369
schemas/players/transfer_episode.json,UNCHANGED,1290,1290,9bfc42bce38a44bff19964dc970d8a9ca7a62f715bb28408adb5e9821db47b9b,9bfc42bce38a44bff19964dc970d8a9ca7a62f715bb28408adb5e9821db47b9b
schemas/tamu/peer_analog_query.json,UNCHANGED,567,567,d1f9208cc1358042da5b56d02b0a1ddbea51cc107a89a8f8e29f4b96c8d5775e,d1f9208cc1358042da5b56d02b0a1ddbea51cc107a89a8f8e29f4b96c8d5775e
schemas/tamu/snapshot_candidate.json,UNCHANGED,514,514,71d171b613b635fe7487224c3b4559af12f6728b24ae3027d568b09c584b3443,71d171b613b635fe7487224c3b4559af12f6728b24ae3027d568b09c584b3443
schemas/tamu/specialization_signal.json,UNCHANGED,771,771,426f215cd9627bd19817290881b83c58bc1a3cdb69c14f01f50ef9a66fca16d1,426f215cd9627bd19817290881b83c58bc1a3cdb69c14f01f50ef9a66fca16d1
schemas/tamu/tamu_state.json,UNCHANGED,805,805,5dad084b3bc775670960adfe0a1e43a826b9399e015990f061cfedd9c41c592f,5dad084b3bc775670960adfe0a1e43a826b9399e015990f061cfedd9c41c592f
schemas/team_state/historical_weighting_candidate.json,UNCHANGED,627,627,8031999265dadc461372d3114ed7a1bd50aaf53cb04fe001f77621a32b49b81c,8031999265dadc461372d3114ed7a1bd50aaf53cb04fe001f77621a32b49b81c
schemas/team_state/opponent_strength.json,UNCHANGED,646,646,bfe34df93c12c091d4885deba34627270b5725f5ecb72646990419fa550f4969,bfe34df93c12c091d4885deba34627270b5725f5ecb72646990419fa550f4969
schemas/team_state/team_state.json,UNCHANGED,1852,1852,96b55a0111c278a5fd5e23bec5557c90b4497732b3c200b423c1be51c11c98d6,96b55a0111c278a5fd5e23bec5557c90b4497732b3c200b423c1be51c11c98d6
schemas/temporal/availability_observation.json,UNCHANGED,1442,1442,56d753a6254ef2044e4f033f991ddc6a5dbd204ddd139ecda89e7ca6db30cb55,56d753a6254ef2044e4f033f991ddc6a5dbd204ddd139ecda89e7ca6db30cb55
schemas/temporal/forecast_cutoff.json,UNCHANGED,1340,1340,0aa3205474b35279e5eaa56c1ebc28286a20ca8274ba9c80afbac7bffbea3471,0aa3205474b35279e5eaa56c1ebc28286a20ca8274ba9c80afbac7bffbea3471
schemas/temporal/market_observation.json,UNCHANGED,1265,1265,ed0acaed1cb6832d8005aa16abb1af5bd6ddef6a5038804114d2e5e564bf0134,ed0acaed1cb6832d8005aa16abb1af5bd6ddef6a5038804114d2e5e564bf0134
schemas/temporal/observation.json,UNCHANGED,1934,1934,cabe3128f78e47c740d4e68af5eaa169e6f696a268b5172fdbf6f9604f3c852e,cabe3128f78e47c740d4e68af5eaa169e6f696a268b5172fdbf6f9604f3c852e
schemas/temporal/regulatory_observation.json,UNCHANGED,1150,1150,116d172d9b7e0974dcdf0022278480a1758700f91c8acfd87181654e8693ae3a,116d172d9b7e0974dcdf0022278480a1758700f91c8acfd87181654e8693ae3a
schemas/temporal/weather_forecast_observation.json,UNCHANGED,1250,1250,a00dcb164e0e8221f49891a33b4e33eb75ca6bb48eb6ceaaeb7c779c33448e87,a00dcb164e0e8221f49891a33b4e33eb75ca6bb48eb6ceaaeb7c779c33448e87
schemas/validation/evaluation_result.json,UNCHANGED,679,679,9d2e2b89ae5d35a4c854bb430b3ae0c5f9d4933b7150d3d2ea41617e0bde0fcb,9d2e2b89ae5d35a4c854bb430b3ae0c5f9d4933b7150d3d2ea41617e0bde0fcb
schemas/validation/promotion_decision.json,UNCHANGED,1042,1042,d5110ba9ab8099daf19eb824dbd48f19e6489265d21058a1650756e626c768a9,d5110ba9ab8099daf19eb824dbd48f19e6489265d21058a1650756e626c768a9
schemas/validation/protected_split.json,UNCHANGED,764,764,7af8ed6d0b13a02540665af8b82f2eb0191d6a0363e106c249f5e820cb9b8fce,7af8ed6d0b13a02540665af8b82f2eb0191d6a0363e106c249f5e820cb9b8fce
scripts/bootstrap.ps1,UNCHANGED,353,353,ab458732b0a9f98ae656bbccd9e8a2b31b21a33dcede6493953d10338ed3323e,ab458732b0a9f98ae656bbccd9e8a2b31b21a33dcede6493953d10338ed3323e
scripts/bootstrap.py,UNCHANGED,1160,1160,cc7dda6ddeb1b00db23db44c3df091045f23887d7a0e6294a623a49d9df3b99c,cc7dda6ddeb1b00db23db44c3df091045f23887d7a0e6294a623a49d9df3b99c
scripts/new_worktree.ps1,UNCHANGED,725,725,77b69a40e25dbc03cfe142892736667c8359e7d36b19b0627ba3dac97514899e,77b69a40e25dbc03cfe142892736667c8359e7d36b19b0627ba3dac97514899e
scripts/package_wave.ps1,UNCHANGED,442,442,24fc0fd6e2df0974e7c516360babd69c21d8271cc1b1f493abeecef40e89f9fa,24fc0fd6e2df0974e7c516360babd69c21d8271cc1b1f493abeecef40e89f9fa
scripts/validate_repo.ps1,UNCHANGED,225,225,68438ffaa3956a175793079c874af2857d0b327bfcaecdaf77ca46a90c0c636c,68438ffaa3956a175793079c874af2857d0b327bfcaecdaf77ca46a90c0c636c
scripts/verify_prior_wave.ps1,UNCHANGED,510,510,4c69068a9e61bbeb71c648423d0c83a8c414ce933de174c50fb10af54f7f6acd,4c69068a9e61bbeb71c648423d0c83a8c414ce933de174c50fb10af54f7f6acd
sql/README.md,ADDED,,331,,905f18707304426974cd1dcd8ad100eb89ec66b09f41c9c6eab4db1f60290264
sql/experimentation/experiment_store.sql,ADDED,,2290,,e8cde2754516e55d49d7732696277cd615bc2ee515a9187cb3e29340e2f1f692
src/aggie_analytics/__init__.py,MODIFIED,143,159,df2d14baf6da7ca9596c6208e9373e74680b8a6c74c5f2d60fab688f1d54217c,4be8c763516ee5975989445afe864d822b8e33bb1190fd8bbb14584dd9ef3247
src/aggie_analytics/architecture/__init__.py,UNCHANGED,415,415,5be8d8a526d191804ad08f8ccbb24f3e8325cce36a89315a69d05e1c79fa20f4,5be8d8a526d191804ad08f8ccbb24f3e8325cce36a89315a69d05e1c79fa20f4
src/aggie_analytics/architecture/contracts.py,UNCHANGED,1156,1156,3a8bc06e2dc6af77d2b4505d7b23ce3eec8321582493a97a24722fb795b667b5,3a8bc06e2dc6af77d2b4505d7b23ce3eec8321582493a97a24722fb795b667b5
src/aggie_analytics/architecture/registry.py,UNCHANGED,653,653,4a57c9f8be9f3b0b50618ae8cf539915baa49b3812943d1f3e604398e501d972,4a57c9f8be9f3b0b50618ae8cf539915baa49b3812943d1f3e604398e501d972
src/aggie_analytics/bas/__init__.py,UNCHANGED,574,574,9bf8aafa103c2aad97888455754105b60696bcde12151113e611e496be88c2f2,9bf8aafa103c2aad97888455754105b60696bcde12151113e611e496be88c2f2
src/aggie_analytics/bas/contracts.py,UNCHANGED,1705,1705,4db391c284f450497fcdd23a6184ee925cd48944ea4719d71dd7a3eda88aa2e3,4db391c284f450497fcdd23a6184ee925cd48944ea4719d71dd7a3eda88aa2e3
src/aggie_analytics/bas/labels.py,UNCHANGED,1849,1849,f9f7d0d6feca7b835b14d75855e66a3dc52d4b80be48bb793b626df08034bfd2,f9f7d0d6feca7b835b14d75855e66a3dc52d4b80be48bb793b626df08034bfd2
src/aggie_analytics/context_intelligence/__init__.py,UNCHANGED,643,643,cacd1fb2314922b38b1b81ae52b521875e842e5b3a23c43dbc0a792d35419d59,cacd1fb2314922b38b1b81ae52b521875e842e5b3a23c43dbc0a792d35419d59
src/aggie_analytics/context_intelligence/coaching.py,UNCHANGED,1072,1072,10c25c9c8308556df1a11b2b83e1bcd8f109c314020ed6ff26ba3b57818ddede,10c25c9c8308556df1a11b2b83e1bcd8f109c314020ed6ff26ba3b57818ddede
src/aggie_analytics/context_intelligence/context.py,UNCHANGED,1563,1563,2125d4b7d8b8cc22bae0f093b1cb496dafa87e5a27693506a106180baab08b37,2125d4b7d8b8cc22bae0f093b1cb496dafa87e5a27693506a106180baab08b37
src/aggie_analytics/context_intelligence/mechanics.py,UNCHANGED,1299,1299,4b36e4dd1acecc489979997af3c8b24873af41a317ae87e8aa006d25ee63d698,4b36e4dd1acecc489979997af3c8b24873af41a317ae87e8aa006d25ee63d698
src/aggie_analytics/entities/__init__.py,UNCHANGED,434,434,10346983fd9b326838f427ec6e3ff29b6f4a9a45faf97b782ca6560cd1a36a51,10346983fd9b326838f427ec6e3ff29b6f4a9a45faf97b782ca6560cd1a36a51
src/aggie_analytics/entities/contracts.py,UNCHANGED,758,758,4ccf21ede675a4de43e7d21701319a9e4b2778fc1ce5da336bbbd086a9eb706b,4ccf21ede675a4de43e7d21701319a9e4b2778fc1ce5da336bbbd086a9eb706b
src/aggie_analytics/entities/ids.py,UNCHANGED,1010,1010,249dac1046a3bcc8e75fa065b0eaa17ca401dd16ce4cb973bfefeaec5066d81e,249dac1046a3bcc8e75fa065b0eaa17ca401dd16ce4cb973bfefeaec5066d81e
src/aggie_analytics/experimentation/__init__.py,ADDED,,1031,,3f9513433ac05947186cb9c27e7af610cc3d516720d8774f87dbcfce7818d682
src/aggie_analytics/experimentation/adapters.py,ADDED,,496,,7b489dc4ead9c0b2db9c47cb516bc78f9fa728c90417509ccd1c994f6fbfe2ef
src/aggie_analytics/experimentation/adoption.py,ADDED,,608,,a35cbf188c542114dff3f5f7333d1bdea6ffde727d31ed36ffba4298ea0ea5ba
src/aggie_analytics/experimentation/advanced_challengers.py,ADDED,,1875,,f30053e402f26df4d76afd00db5ed937ec4e997c69047d267eddbe48ec74baf3
src/aggie_analytics/experimentation/artifacts.py,ADDED,,1197,,589b01e35e6a2f90bce2b1089fb9db4bcd4d1e2b7fe9734a79bf0e1634be6ca1
src/aggie_analytics/experimentation/artifacts_v2.py,ADDED,,2682,,aa6e1eef14a001bc2658acd74b82fea85db806e8eee59caf64b00d8cace5fb53
src/aggie_analytics/experimentation/comparison.py,ADDED,,2936,,7e417fbd0ae6dda0d92cea69c89f24c61857767ec50a19604dac2f8d014ccb87
src/aggie_analytics/experimentation/contracts.py,ADDED,,3300,,c2b582f9185f33b34025cab795c465e1362672d0e62c7ac2da6d2c87dbec5e73
src/aggie_analytics/experimentation/feature_tournament.py,ADDED,,2879,,36a2819c1670ba57e1956b5902d49f3c4a60cc9bad54e381bab10aaacf8d82b2
src/aggie_analytics/experimentation/governance.py,ADDED,,1262,,f3929ebb70846ec9237fea7e9b4a803647e658ab50b68ed05b62811d35d8719a
src/aggie_analytics/experimentation/hpo.py,ADDED,,3065,,16c83e8addf1a342769bfe4a3fc6404a4bd3e423e342918bb64e42652b620d0d
src/aggie_analytics/experimentation/hpo_engine.py,ADDED,,2280,,e86eb13965c2a6d2ad7e57f60124e8fb48550495596d7876112fa0e2de8007ac
src/aggie_analytics/experimentation/hypotheses.py,ADDED,,1185,,27c2098d53d664d3c22406e1a5f04d32e917a0f0c547bee42be389c9d8d3a86d
src/aggie_analytics/experimentation/identity.py,ADDED,,408,,c1806d285bfa30a993a073367d58c3a6cb5327f368d16dab6a830051bde12a60
src/aggie_analytics/experimentation/lineage.py,ADDED,,3098,,7e0484c22253932a83bdbf1f67ed2a7893c46a0cf87dd2b97774ed32e36806b6
src/aggie_analytics/experimentation/local_tracker.py,ADDED,,1414,,754dc389915577d656ceefcdea98ce76ce4cd193d9241cc26c32548097ce6c23
src/aggie_analytics/experimentation/locks.py,ADDED,,1755,,fc75bc041dc04e09fb7831e9df8d99b5b55a158dba15b93eaad2c03ab186001f
src/aggie_analytics/experimentation/model_tournament.py,ADDED,,2581,,1669b2f62c1e9cf1f69a0fd27127ac6560eae0aac9334347a8a87017edd8d6ba
src/aggie_analytics/experimentation/promotion_bridge.py,ADDED,,1576,,a69e99eae063cc361416e4b3e8af305472e96620caae6a6d09d82032779d792c
src/aggie_analytics/experimentation/queue.py,ADDED,,1906,,1017592b958086cd37795c00ebd210189bb676a92fdfb72f1ea7eaab7e67c59f
src/aggie_analytics/experimentation/replay.py,ADDED,,834,,374dd0452aeb4d1891717ae2eacfe4a0682068e10f6e681ac6ff842758482329
src/aggie_analytics/experimentation/replay_engine.py,ADDED,,2386,,970859c65dd137a30cc1ee161090a71a8ca874793472dd74b01e3cc080e3b9ba
src/aggie_analytics/experimentation/scheduler.py,ADDED,,3783,,54dca64bcdbf63a8b74b186db65fce9d6dbf3776f822365a884e71bdc94acc63
src/aggie_analytics/experimentation/store.py,ADDED,,10290,,ef136979ef135d678014e46cbc66d475825f6c6b464082b94e33c8639b418e66
src/aggie_analytics/experimentation/tournaments.py,ADDED,,2634,,7a6d2f0d2c8c86d92d19f4d733c81b8c30ac85359569355301673e4149e231cf
src/aggie_analytics/experimentation/worktree.py,ADDED,,1175,,1c49c3c5a756c4652e641b06d4999cbb16c942bb7f30ab7449b5c516353d84cb
src/aggie_analytics/features/__init__.py,UNCHANGED,600,600,fdc46b5ee5f5ff351a07f0838be8a216e0bc4852264ca6492ba6e4c39857e03c,fdc46b5ee5f5ff351a07f0838be8a216e0bc4852264ca6492ba6e4c39857e03c
src/aggie_analytics/features/lifecycle.py,UNCHANGED,2074,2074,a05dc7bdf752a822a0898ffcb264bdb44940da9126a36eec0a5face9be56ef8c,a05dc7bdf752a822a0898ffcb264bdb44940da9126a36eec0a5face9be56ef8c
src/aggie_analytics/features/registry.py,UNCHANGED,1215,1215,436b54d74771afcee33f5dda61b03a0e4f86996395f63013b2e7563e5401becd,436b54d74771afcee33f5dda61b03a0e4f86996395f63013b2e7563e5401becd
src/aggie_analytics/features/screening.py,UNCHANGED,2166,2166,3e66a120a2ef1cf013103188ed72db3ae978893c78a442b1fce954b76b1a4391,3e66a120a2ef1cf013103188ed72db3ae978893c78a442b1fce954b76b1a4391
src/aggie_analytics/features/transforms.py,UNCHANGED,3043,3043,7be60a45639575f4f2a37065ce96462341bc57f0c527dcd2271b66a19ea3c6b8,7be60a45639575f4f2a37065ce96462341bc57f0c527dcd2271b66a19ea3c6b8
src/aggie_analytics/modeling/__init__.py,UNCHANGED,599,599,4bef9cb409ecf303f77e31099303259aefe3529c81a00b94f9847dfca7428565,4bef9cb409ecf303f77e31099303259aefe3529c81a00b94f9847dfca7428565
src/aggie_analytics/modeling/coherence.py,UNCHANGED,2159,2159,883d09af5fd04bcbe3f3c3dc97badb4fe7670feb65957a68af9c0fbee742e8c6,883d09af5fd04bcbe3f3c3dc97badb4fe7670feb65957a68af9c0fbee742e8c6
src/aggie_analytics/modeling/contracts.py,UNCHANGED,3129,3129,4c7eb557a4dd3d6d5f2f21f60ffd3b49f3456d996ffba4de0d9b13eb5b1586a1,4c7eb557a4dd3d6d5f2f21f60ffd3b49f3456d996ffba4de0d9b13eb5b1586a1
src/aggie_analytics/modeling/simulation.py,UNCHANGED,2206,2206,5ec172848995725a1ff179eb4e449b70470ffa0d1b82302a42c3db5170ae1c86,5ec172848995725a1ff179eb4e449b70470ffa0d1b82302a42c3db5170ae1c86
src/aggie_analytics/modeling/uncertainty.py,UNCHANGED,913,913,5a43d0eef6aa895a006dfb6d5aaa6e03fb3a36331757125113101a1897183b91,5a43d0eef6aa895a006dfb6d5aaa6e03fb3a36331757125113101a1897183b91
src/aggie_analytics/player_intelligence/__init__.py,UNCHANGED,805,805,24ce97d550e079e66c38d61778f4302a7d2bfe67cef2bca7fbeb50ca4aeeea73,24ce97d550e079e66c38d61778f4302a7d2bfe67cef2bca7fbeb50ca4aeeea73
src/aggie_analytics/player_intelligence/availability.py,UNCHANGED,1200,1200,65a9f92b438d4bdd1f56583f199231c9e9853a7ba56fd63f56065b8a632662b0,65a9f92b438d4bdd1f56583f199231c9e9853a7ba56fd63f56065b8a632662b0
src/aggie_analytics/player_intelligence/prospects.py,UNCHANGED,799,799,09adef61bae86dc511f13d3d760c87ff8e72e99cd74c4c1d7def24f99a49734a,09adef61bae86dc511f13d3d760c87ff8e72e99cd74c4c1d7def24f99a49734a
src/aggie_analytics/player_intelligence/state.py,UNCHANGED,2533,2533,336f5c6b8ee57d7ca363b5d02dca9727934dd8f7d8ef615886abf46544dd55be,336f5c6b8ee57d7ca363b5d02dca9727934dd8f7d8ef615886abf46544dd55be
src/aggie_analytics/player_intelligence/transfer.py,UNCHANGED,1012,1012,d343616658fed6b61ce8dc872096984375e9d1c46ea87138460702924213f3a9,d343616658fed6b61ce8dc872096984375e9d1c46ea87138460702924213f3a9
src/aggie_analytics/tamu/__init__.py,UNCHANGED,338,338,e6aad20b76c9399c6e15ae8c73ca73d132f8c7d14313c615167aa992b0b11e9b,e6aad20b76c9399c6e15ae8c73ca73d132f8c7d14313c615167aa992b0b11e9b
src/aggie_analytics/tamu/specialization.py,UNCHANGED,2040,2040,8e880ea497ccf0751470bb88d3fcee19c93c3d2376255afaa3f3fcdc7a351fb6,8e880ea497ccf0751470bb88d3fcee19c93c3d2376255afaa3f3fcdc7a351fb6
src/aggie_analytics/tamu/state.py,UNCHANGED,1234,1234,ee0c10b31d9410552977db8d921fc1e4e7a64194dcd548d5e0ac3897c2e5f1cb,ee0c10b31d9410552977db8d921fc1e4e7a64194dcd548d5e0ac3897c2e5f1cb
src/aggie_analytics/team_state/__init__.py,UNCHANGED,492,492,5a94ca79f7aef68ffec1e058e6f70fce645f8fae051cd4e9dda0b27d67fc44b7,5a94ca79f7aef68ffec1e058e6f70fce645f8fae051cd4e9dda0b27d67fc44b7
src/aggie_analytics/team_state/hierarchy.py,UNCHANGED,1079,1079,077f28895224ba98be48abac3135fb27c7bc8cbd3514cc29e74c97935bbac7d0,077f28895224ba98be48abac3135fb27c7bc8cbd3514cc29e74c97935bbac7d0
src/aggie_analytics/team_state/state.py,UNCHANGED,1453,1453,05bfac012b25b6f783dbb15f9b0597711f30775549ee7b041b71ec3ceb9e2666,05bfac012b25b6f783dbb15f9b0597711f30775549ee7b041b71ec3ceb9e2666
src/aggie_analytics/team_state/weighting.py,UNCHANGED,3495,3495,2dbe6abad29ee7d3791599103b929026155d76319f01480f7d20d774d125e1dc,2dbe6abad29ee7d3791599103b929026155d76319f01480f7d20d774d125e1dc
src/aggie_analytics/temporal/__init__.py,UNCHANGED,538,538,b6e3a782dd444aeb870cdb9ac9eed0aa0761280b081fd9e1706ff89db5420e35,b6e3a782dd444aeb870cdb9ac9eed0aa0761280b081fd9e1706ff89db5420e35
src/aggie_analytics/temporal/contracts.py,UNCHANGED,2300,2300,df92b5d4bc7aad6bf6c3ece617564e6b8fe07d1904f9249d11f9f793ec5bebed,df92b5d4bc7aad6bf6c3ece617564e6b8fe07d1904f9249d11f9f793ec5bebed
src/aggie_analytics/temporal/eligibility.py,UNCHANGED,4445,4445,53e277534e58856b206b4c1f95482b314c6a321d2115df30f9a9a5574ded917c,53e277534e58856b206b4c1f95482b314c6a321d2115df30f9a9a5574ded917c
src/aggie_analytics/validation/__init__.py,UNCHANGED,432,432,ac52f007fcac5273bc15fa3de6c99ce34a571bdf258cc638584fae2bb7b81546,ac52f007fcac5273bc15fa3de6c99ce34a571bdf258cc638584fae2bb7b81546
src/aggie_analytics/validation/metrics.py,UNCHANGED,2970,2970,6ac6c3f16c009161668aab160152578d49bcc90b8a2d77f1eb7c5836d2eeba98,6ac6c3f16c009161668aab160152578d49bcc90b8a2d77f1eb7c5836d2eeba98
src/aggie_analytics/validation/promotion.py,UNCHANGED,1012,1012,41c08679be4dede1f41af326babef316f97ccc51061170236c0ad9326d183f8c,41c08679be4dede1f41af326babef316f97ccc51061170236c0ad9326d183f8c
src/aggie_analytics/validation/protected.py,UNCHANGED,721,721,83dbcac6aaa01f45b998e48a600e13f5244efac6ea5726fed37f31505a4e6e92,83dbcac6aaa01f45b998e48a600e13f5244efac6ea5726fed37f31505a4e6e92
tests/test_acceptance_governance.py,UNCHANGED,2592,2592,ada3a2b998b52d8a75e30fc4a0920825d590f53ad805d0c3cac697625c8d8a24,ada3a2b998b52d8a75e30fc4a0920825d590f53ad805d0c3cac697625c8d8a24
tests/test_advanced_challenger_full.py,ADDED,,1233,,e5eda8906b2aaf32c9efce52e3d86c60c7a3125627f041c06b31de66973a69ed
tests/test_architecture.py,UNCHANGED,1248,1248,fa3cb74aff21162eef1b0c2ba59d7747c212cfce2ec86540bff84786fa4286eb,fa3cb74aff21162eef1b0c2ba59d7747c212cfce2ec86540bff84786fa4286eb
tests/test_artifact_manifest.py,ADDED,,584,,eb9745a0d49b38d54314df5fbc95872eb445f36965ac71be6d32a283f9da761d
tests/test_artifact_policy_full.py,ADDED,,980,,79c45572a926471e9b38cc715731db16e2020453bc264f12bdda439566e1aa08
tests/test_backlog_governance.py,UNCHANGED,2014,2014,1d9a4f959d5b4f91ac7968f97b5207221958bcbdc98722c0e489f4afd9aa593d,1d9a4f959d5b4f91ac7968f97b5207221958bcbdc98722c0e489f4afd9aa593d
tests/test_bas_science_governance.py,UNCHANGED,2466,2466,e55cb376cd60d8cbeebeee4c79cc6de1a203d4636f0aa76d5ef0b2ca6e49cc54,e55cb376cd60d8cbeebeee4c79cc6de1a203d4636f0aa76d5ef0b2ca6e49cc54
tests/test_context_intelligence_governance.py,UNCHANGED,3192,3192,a9d6c18cec7f3568c405a381651b125accd1fb0ba9690e8ac4d0df01944abd90,a9d6c18cec7f3568c405a381651b125accd1fb0ba9690e8ac4d0df01944abd90
tests/test_data_research.py,UNCHANGED,709,709,13222b29759d3250607b1dceefb0a9b9483c019c87f2e8af75c579f6a943ffd6,13222b29759d3250607b1dceefb0a9b9483c019c87f2e8af75c579f6a943ffd6
tests/test_entity_governance.py,UNCHANGED,1243,1243,67d49b627949c7e2a2b3240a9c7a44b526ed245f40c8483038e6201191d932b0,67d49b627949c7e2a2b3240a9c7a44b526ed245f40c8483038e6201191d932b0
tests/test_experiment_store_full.py,ADDED,,2221,,f086336c6bd87ce72225c6de945a2ccbd30e4359643e44cc2081463935c71aa3
tests/test_experimentation_governance.py,ADDED,,3323,,80c208392a23c351ffebf2b3db6f96836b748052d078792ccde2259885235165
tests/test_feature_lifecycle_governance.py,UNCHANGED,2642,2642,7bc6cf085cc225981d12f506f6e470177776f9eb63da828a9aa518fece247f80,7bc6cf085cc225981d12f506f6e470177776f9eb63da828a9aa518fece247f80
tests/test_feature_registry_governance.py,UNCHANGED,2023,2023,a845427f40a9107a9d4e7c1e9284e2afdac3cf34113500cf0bdde455af1ea0a8,a845427f40a9107a9d4e7c1e9284e2afdac3cf34113500cf0bdde455af1ea0a8
tests/test_feature_tournament.py,ADDED,,1142,,f50e591388a433e1c0774fb452e6081ff913760bd7a2312b72e924aef6bc2c31
tests/test_feature_tournament_full.py,ADDED,,908,,181e04cdf30d2d67462ed797e073fc187175a2eb048afd46da8fe87d4d234bcf
tests/test_hpo_engine_full.py,ADDED,,685,,c0214a07a541774e396f61e072cfb4b1f62d22949a348c04316db19f3d7b459a
tests/test_hpo_governance.py,ADDED,,1303,,2649a396645d9cdf3b48b7ff2a05ddb71e75e90d7b57ed528339cc94234c4aae
tests/test_hypothesis_queue.py,ADDED,,668,,b61dcdf82efc3a646f2fba6458d945775d179991fc2e59b743559e4288148908
tests/test_lineage_full.py,ADDED,,928,,ff947e6cf3ead5caa9677e2524f7813bf654f9873be55b35b5818020ca57590e
tests/test_local_tracker_full.py,ADDED,,547,,2eb346ab5b4d5e28185cf139414fa14c28967c207c181db1b10d37f4f5dae29c
tests/test_locks_full.py,ADDED,,628,,7d4c8c6920bc3823b14423be661abadce7b027d5dbe16bad213e66a49b85a99d
tests/test_model_architecture_governance.py,UNCHANGED,3114,3114,19acadb595068d59b0f0ab57e3e526ebc3bafa7cb6814a6e16d3727b88b093de,19acadb595068d59b0f0ab57e3e526ebc3bafa7cb6814a6e16d3727b88b093de
tests/test_model_tournament.py,ADDED,,860,,e973bdad14b4d58e363d1abd89425d491434858ccc01f0fe89edbeb99986ff18
tests/test_model_tournament_full.py,ADDED,,1340,,19fde1d053de4e8ab535e22f361f6c2ba6226ed70a22b3676afbe6c575631595
tests/test_package_scaffold.py,MODIFIED,488,504,341a381af851c275715ab704cf062a60841ccc66e99abf04467c2695627cd056,18fbf50ce3f05b1ef0790f212422f4bd8023dc7d7f5bbeb8f9fb48cb95047599
tests/test_player_intelligence_governance.py,UNCHANGED,2834,2834,23cb894538e4271db8049fa84f0ef289e120a82c5231bb13f17f7d8e6f609737,23cb894538e4271db8049fa84f0ef289e120a82c5231bb13f17f7d8e6f609737
tests/test_promotion_bridge_full.py,ADDED,,742,,efb08430eb301b8eb6eb115a1c5fbe1a3c5639ee1d789017790c7cd245e808c8
tests/test_replay_adoption.py,ADDED,,1085,,67d953f32d1e5deb99077f13ddd5dfe64bb5614c88a55157545ab5b3e77c5b9c
tests/test_replay_engine_full.py,ADDED,,962,,45c13e0ba07d12bb4a625a356ba1c547f85d7965468632c5ef9f7ccd87d01da8
tests/test_repo_integrity_tools.py,UNCHANGED,1792,1792,8f8170ae2472455e4f9c45e0fd94f01d8850f38d30a97f3cacc31acf4fb544da,8f8170ae2472455e4f9c45e0fd94f01d8850f38d30a97f3cacc31acf4fb544da
tests/test_resource_scheduler_full.py,ADDED,,1333,,c4411c2bc5b359b39c3e77111c9d898a27227812493425423ee52a1b02c1ed04
tests/test_result_comparison_full.py,ADDED,,1250,,432a113a035907c8ca8e6f9b1b605d31aa9b9f4517a18cb9270a8da0a194f7b5
tests/test_tamu_specialization_governance.py,UNCHANGED,3259,3259,50a18f4ea1fd69de191868abc77f9c410db45e2d3e737b6cef46946661878e98,50a18f4ea1fd69de191868abc77f9c410db45e2d3e737b6cef46946661878e98
tests/test_team_state_governance.py,UNCHANGED,3098,3098,30b7ef4fa0939f578878e8143d315160ce83f76cb3979b57832a43353cfb0654,30b7ef4fa0939f578878e8143d315160ce83f76cb3979b57832a43353cfb0654
tests/test_temporal_governance.py,UNCHANGED,2071,2071,b5dd90c6d17d8a0bda840cf043ee290247d8ad418388f308e1b87fb98e3ca2a2,b5dd90c6d17d8a0bda840cf043ee290247d8ad418388f308e1b87fb98e3ca2a2
tests/test_validation_science_governance.py,UNCHANGED,2166,2166,86a3012eb96d300ec2e7a9fc0ad55fd5d17903ea1c0f1a5e06c1fbb1d176cf55,86a3012eb96d300ec2e7a9fc0ad55fd5d17903ea1c0f1a5e06c1fbb1d176cf55
tests/test_w18_full_gate.py,ADDED,,1239,,04f4c8dbd49ea404596cd81873b92e58e27de76b1cb3e7b5b685415968a12edc
tests/test_wave03_governance.py,UNCHANGED,1025,1025,03ef7fc09adb2ad536fc9e4ffd988bbcd8f4cac832fca125426abb85d3954c12,03ef7fc09adb2ad536fc9e4ffd988bbcd8f4cac832fca125426abb85d3954c12
tests/test_worktree_resource_policy.py,ADDED,,778,,b51833b738dff611c18ac0c7d879743fae1dac19f71e87b32bb3b54ceae92b31
tools/__init__.py,UNCHANGED,61,61,efba3e38d7c65a07fb837354b33776aecd4fb11dad137e26ebed95b050d1f8f4,efba3e38d7c65a07fb837354b33776aecd4fb11dad137e26ebed95b050d1f8f4
tools/build_artifact_record.py,ADDED,,849,,2b2b0b8d56c5be4e48f0d389f948ff1fff8b2fbcfaf652caa072e8cd770d4cf1
tools/check_advanced_challenger_admission.py,ADDED,,611,,086847923d500722cd99f0295798c2931f23e69795cc286db6f6743083bd742c
tools/compare_development_results.py,ADDED,,924,,45a4932c55e100627c8ae2f2352c319181e9874fb1ea9b133b6f4d566e1a807e
tools/create_experiment.py,ADDED,,928,,93d4bc5849be713832f9582d0fbc31b0cd381783d142d41fae85855dcbe9d5eb
tools/create_research_packet.py,ADDED,,734,,bb8507ecc5f97ab948447ac21d2101ff4e98169781aa43c4ae4c8c61c42e19ef
tools/experiment_store_cli.py,ADDED,,1308,,f93acf069cfa716af43a860fdbcfe8793ecd507f213acfffa9adb5e3ac79be65
tools/freeze_experiment_spec.py,ADDED,,795,,f0a1d2d994054689e62157d566c1131af87ac99f5bb4c5c32bc0d4aecc763f9b
tools/init_experiment_store.py,ADDED,,606,,7a09729bab41b187d4583988e8ccef5406329b0da0500c2f5b37e68b2e05c30c
tools/package_wave.py,UNCHANGED,2868,2868,d06ac78614c2592e285d68e39bd46544757312ac583641fa9149b529ebb3176f,d06ac78614c2592e285d68e39bd46544757312ac583641fa9149b529ebb3176f
tools/packaging.py,UNCHANGED,11659,11659,dc5c8ce29d600260493259f7ef60e4dbcc22ae8d16d58a9876b965ed1f127fa0,dc5c8ce29d600260493259f7ef60e4dbcc22ae8d16d58a9876b965ed1f127fa0
tools/repo_integrity.py,UNCHANGED,8057,8057,268de064f3197c39138429c8097dc2fc263f58aee3ced3718f1de3ddc3911752,268de064f3197c39138429c8097dc2fc263f58aee3ced3718f1de3ddc3911752
tools/run_reference_feature_tournament.py,ADDED,,596,,3c49faa71cb4298f207f2147de6e5516949644296b8984b5da1a28891b665f4f
tools/run_reference_hpo_grid.py,ADDED,,690,,2f9771d557966516430738d28369e81cf4a871a66a18c05161edaef018673cf1
tools/run_tournament_reference.py,ADDED,,934,,882a8515a24c9f7a39e17f6cc0cafd4a6aeda647ac75584523d3f9a6f209eeac
tools/schedule_research_queue.py,ADDED,,911,,d8ce50f1e5124ada775ce11543d8801b640d5d3492d6755c9a765e28ccbff90c
tools/schema_discovery.py,UNCHANGED,3920,3920,dd4cf0cb54923dc5eb027f88a3f65480a5a28db1d79675a6850cb5f2461c4ecc,dd4cf0cb54923dc5eb027f88a3f65480a5a28db1d79675a6850cb5f2461c4ecc
tools/validate_acceptance.py,UNCHANGED,4161,4161,5cc254cc3bd0c11e85f67241075a820a1bd91aaaf54c18a8e8275cd2a59145fb,5cc254cc3bd0c11e85f67241075a820a1bd91aaaf54c18a8e8275cd2a59145fb
tools/validate_architecture.py,UNCHANGED,5010,5010,16e31ee27bd970b8ba002ce304810273daf64961213c08204a33fab52a2614d7,16e31ee27bd970b8ba002ce304810273daf64961213c08204a33fab52a2614d7
tools/validate_backlog.py,UNCHANGED,5040,5040,3593fd55533d29408fc32aa070dfafe581b7dbd67f9e231e517ad4b5e78b6699,3593fd55533d29408fc32aa070dfafe581b7dbd67f9e231e517ad4b5e78b6699
tools/validate_bas_science.py,UNCHANGED,4335,4335,ada88e6a6a599dbb9ed0cd7cdf13a2590d5b0caf6dbc599fcf632504e536f01c,ada88e6a6a599dbb9ed0cd7cdf13a2590d5b0caf6dbc599fcf632504e536f01c
tools/validate_context_intelligence.py,UNCHANGED,6502,6502,98c28785fa782dcf3281e4f4ab2fdddec03f9c2d5c4220da35d949c693fe6292,98c28785fa782dcf3281e4f4ab2fdddec03f9c2d5c4220da35d949c693fe6292
tools/validate_data_research.py,UNCHANGED,5216,5216,c75721d6b55a25b952500a1bab82bba4d725d96b4fad559bfe3a9fbbbfd432d5,c75721d6b55a25b952500a1bab82bba4d725d96b4fad559bfe3a9fbbbfd432d5
tools/validate_entities.py,UNCHANGED,4328,4328,f4293b7cfdc2fcac8394dfe968886f91c08619e82d97b42e280c2f38ee535fc1,f4293b7cfdc2fcac8394dfe968886f91c08619e82d97b42e280c2f38ee535fc1
tools/validate_experimentation.py,ADDED,,7680,,b9902b12024cf6f381253cd387a58266490ecece347eae6a852d890e573ee9ef
tools/validate_feature_lifecycle.py,UNCHANGED,3654,3654,54318298439691b85aaf58475bdab33a567bbd28bb94feb24f7bc43e899fed0b,54318298439691b85aaf58475bdab33a567bbd28bb94feb24f7bc43e899fed0b
tools/validate_feature_registry.py,UNCHANGED,3732,3732,8870145704a1be579171d02554bbd6a2494c652e3038b89b57f6bf07058c8dc7,8870145704a1be579171d02554bbd6a2494c652e3038b89b57f6bf07058c8dc7
tools/validate_model_architecture.py,UNCHANGED,4148,4148,91ebd4997785819fc9553f3405b8108a475547c75037b40a7fed27f5d763fd8f,91ebd4997785819fc9553f3405b8108a475547c75037b40a7fed27f5d763fd8f
tools/validate_model_tournament_plan.py,ADDED,,549,,d95c5ab89fe81696d86603589dbfb6fa9bfaa73a2fa66af2748d1e1009c7d6d5
tools/validate_player_intelligence.py,UNCHANGED,6996,6996,18af81922e78b9b619137dc34b8617786bc4e325e24266fcc1ed7a15881803af,18af81922e78b9b619137dc34b8617786bc4e325e24266fcc1ed7a15881803af
tools/validate_repository.py,UNCHANGED,7118,7118,669707ea08d1968c80911cf36b1be649a440eedffa97145dfab6f1728895d2c9,669707ea08d1968c80911cf36b1be649a440eedffa97145dfab6f1728895d2c9
tools/validate_tamu_specialization.py,UNCHANGED,5401,5401,8560d4db578f9d3838885806fcfc0eadd57ac56acf5d3032bfa6f1e2e2fe7e5d,8560d4db578f9d3838885806fcfc0eadd57ac56acf5d3032bfa6f1e2e2fe7e5d
tools/validate_team_state.py,UNCHANGED,4412,4412,56c65ad4b76f4ab6ddae887fab5a3eaa791e844642561822df7fff73ecb59061,56c65ad4b76f4ab6ddae887fab5a3eaa791e844642561822df7fff73ecb59061
tools/validate_temporal.py,UNCHANGED,3900,3900,0a39180ec81784d3a2e833af689f41381572554fd29d8ac2f568e3074873e206,0a39180ec81784d3a2e833af689f41381572554fd29d8ac2f568e3074873e206
tools/validate_tournament.py,ADDED,,2046,,af22fdd9d1f4d4f41ac464a700cdd2b1fb7cbb1aa60574d1e58cf0b453877d0f
tools/validate_validation_science.py,MODIFIED,4802,4828,771c01336a4afcc2a116cb53d533bcd2bc6c88beaab0e8e6010ebb024c40e691,5aad861f938cdb63c74710822406d0a1c542d189a086b73045b0caf40f6b5011
tools/validate_w18_full_rebuild.py,ADDED,,2563,,739226160c5c328c1d00fc2893d6c9fe674302f6991325bfabce9cb227e6bebc
tools/validate_wave_pair.py,UNCHANGED,3174,3174,37e10d8195abb27a18d4ef74630721048526469aee72168dba30305d4372ab6d,37e10d8195abb27a18d4ef74630721048526469aee72168dba30305d4372ab6d
tools/verify_experiment_replay.py,ADDED,,797,,3cf8c014c529e7de29bc34796bdf5c56be0682739f79f36ad8022e10f1606789
tools/verify_judging_seal.py,ADDED,,635,,ec8d35492fb23412d2288d882d32002309f2a56f2329f6cdc543f799dcc47bbd
tools/verify_prior_wave.py,UNCHANGED,1201,1201,4931413bc72b63008b0ff718603844b30935415b446ed9c520da21fe030ae054,4931413bc72b63008b0ff718603844b30935415b446ed9c520da21fe030ae054
tools/verify_replay_inputs.py,ADDED,,732,,130d2b9cd291718a05f2691c8ebb44fef9d591781e0b110b1500e0c0b427e0a5
