id,section,section_title,obligation,status,evidence,validation,verification_note
MPR-01-001,1,PRIMARY MISSION,"Create a complete, production-quality autonomous-development instruction pack for future Codex Desktop implementation sessions.",CONTROL_IMPLEMENTED,instructions/START_HERE.md;instructions/04_AUTONOMOUS_OPERATING_CONTRACT.md;instructions/06_TASK_EXECUTION_AND_MEANINGFUL_PROGRESS.md;instructions/03_REPOSITORY_ARCHITECTURE_AND_NAVIGATION.md;instructions/20_INSTRUCTION_MAINTENANCE_AND_CHANGE_CONTROL.md;instructions/manifest.json;instructions/templates/TASK_EXECUTION_PACKET.md,VAL-COMPLIANCE;VAL-LINKS;VAL-MANIFEST;VAL-READ-BUDGET;VAL-EXECUTION-LOOP;VAL-MEANINGFUL-PROGRESS,The referenced canonical control and validation mapping implement this obligation in the delivered repository control system.
MPR-01-002,1,PRIMARY MISSION,Teach the agent how to understand the project before modifying it.,CONTROL_IMPLEMENTED,instructions/START_HERE.md;instructions/04_AUTONOMOUS_OPERATING_CONTRACT.md;instructions/06_TASK_EXECUTION_AND_MEANINGFUL_PROGRESS.md;instructions/templates/TASK_EXECUTION_PACKET.md,VAL-COMPLIANCE;VAL-LINKS;VAL-EXECUTION-LOOP;VAL-MEANINGFUL-PROGRESS,The referenced canonical control and validation mapping implement this obligation in the delivered repository control system.
MPR-01-003,1,PRIMARY MISSION,Teach the agent how to determine the correct next work item.,CONTROL_IMPLEMENTED,instructions/START_HERE.md;instructions/04_AUTONOMOUS_OPERATING_CONTRACT.md;instructions/06_TASK_EXECUTION_AND_MEANINGFUL_PROGRESS.md;instructions/05_TASK_SELECTION_AND_SEQUENCING.md;instructions/policies/task_selection_policy.json;tools/select_next_work.py,VAL-COMPLIANCE;VAL-LINKS;VAL-TASK-SELECTION,The referenced canonical control and validation mapping implement this obligation in the delivered repository control system.
MPR-01-004,1,PRIMARY MISSION,Teach the agent how to use accepted project plans and governance.,CONTROL_IMPLEMENTED,instructions/START_HERE.md;instructions/04_AUTONOMOUS_OPERATING_CONTRACT.md;instructions/06_TASK_EXECUTION_AND_MEANINGFUL_PROGRESS.md,VAL-COMPLIANCE;VAL-LINKS,The referenced canonical control and validation mapping implement this obligation in the delivered repository control system.
MPR-01-005,1,PRIMARY MISSION,Teach the agent how to use Jira correctly.,CONTROL_IMPLEMENTED,instructions/START_HERE.md;instructions/04_AUTONOMOUS_OPERATING_CONTRACT.md;instructions/06_TASK_EXECUTION_AND_MEANINGFUL_PROGRESS.md;instructions/07_JIRA_OPERATING_CONTRACT.md;instructions/08_LOCAL_JIRA_MIRROR_AND_SYNC.md;instructions/policies/jira_operating_policy.json;jira/README.md,VAL-COMPLIANCE;VAL-LINKS;VAL-JIRA-POLICY;VAL-JIRA,The referenced canonical control and validation mapping implement this obligation in the delivered repository control system.
MPR-01-006,1,PRIMARY MISSION,Teach the agent how to use GitHub correctly.,CONTROL_IMPLEMENTED,instructions/START_HERE.md;instructions/04_AUTONOMOUS_OPERATING_CONTRACT.md;instructions/06_TASK_EXECUTION_AND_MEANINGFUL_PROGRESS.md;instructions/11_PULL_REQUEST_REVIEW_MERGE_AND_CLEANUP.md;instructions/19_GITHUB_ENFORCEMENT_RECOMMENDATIONS.md;.github/pull_request_template.md,VAL-COMPLIANCE;VAL-LINKS;VAL-PR-LIFECYCLE;VAL-GITHUB-ENFORCEMENT,The referenced canonical control and validation mapping implement this obligation in the delivered repository control system.
MPR-01-007,1,PRIMARY MISSION,"Teach the agent safe Git branch, commit, worktree, and pull-request behavior.",CONTROL_IMPLEMENTED,instructions/START_HERE.md;instructions/04_AUTONOMOUS_OPERATING_CONTRACT.md;instructions/06_TASK_EXECUTION_AND_MEANINGFUL_PROGRESS.md;instructions/09_GIT_REPOSITORY_SAFETY_AND_RECOVERY.md;instructions/10_BRANCH_WORKTREE_AND_COMMIT_POLICY.md;instructions/runbooks/REPOSITORY_IDENTITY_AND_REMOTE_RECONCILIATION.md,VAL-COMPLIANCE;VAL-LINKS;VAL-GIT-POLICY;VAL-WORKTREE-POLICY,The referenced canonical control and validation mapping implement this obligation in the delivered repository control system.
MPR-01-008,1,PRIMARY MISSION,Teach the agent repository hygiene and prohibit destructive or unnecessary Git behavior.,CONTROL_IMPLEMENTED,instructions/START_HERE.md;instructions/04_AUTONOMOUS_OPERATING_CONTRACT.md;instructions/06_TASK_EXECUTION_AND_MEANINGFUL_PROGRESS.md;instructions/09_GIT_REPOSITORY_SAFETY_AND_RECOVERY.md;instructions/10_BRANCH_WORKTREE_AND_COMMIT_POLICY.md;instructions/runbooks/REPOSITORY_IDENTITY_AND_REMOTE_RECONCILIATION.md,VAL-COMPLIANCE;VAL-LINKS;VAL-GIT-POLICY;VAL-WORKTREE-POLICY,The referenced canonical control and validation mapping implement this obligation in the delivered repository control system.
MPR-01-009,1,PRIMARY MISSION,"Teach the agent progressive, intelligent testing.",CONTROL_IMPLEMENTED,instructions/START_HERE.md;instructions/04_AUTONOMOUS_OPERATING_CONTRACT.md;instructions/06_TASK_EXECUTION_AND_MEANINGFUL_PROGRESS.md;instructions/12_CI_TESTING_EVIDENCE_AND_DEFINITION_OF_DONE.md;instructions/policies/definition_of_done.json;instructions/catalogs/validation_command_catalog.json,VAL-COMPLIANCE;VAL-LINKS;VAL-TESTING-POLICY;VAL-DOD,The referenced canonical control and validation mapping implement this obligation in the delivered repository control system.
MPR-01-010,1,PRIMARY MISSION,Require continuous meaningful implementation progress.,CONTROL_IMPLEMENTED,instructions/START_HERE.md;instructions/04_AUTONOMOUS_OPERATING_CONTRACT.md;instructions/06_TASK_EXECUTION_AND_MEANINGFUL_PROGRESS.md;instructions/templates/TASK_EXECUTION_PACKET.md,VAL-COMPLIANCE;VAL-LINKS;VAL-EXECUTION-LOOP;VAL-MEANINGFUL-PROGRESS,The referenced canonical control and validation mapping implement this obligation in the delivered repository control system.
MPR-01-011,1,PRIMARY MISSION,Detect and recover from loops.,CONTROL_IMPLEMENTED,instructions/START_HERE.md;instructions/04_AUTONOMOUS_OPERATING_CONTRACT.md;instructions/06_TASK_EXECUTION_AND_MEANINGFUL_PROGRESS.md;instructions/17_BLOCKERS_LOOPS_OVERENGINEERING_AND_RECOVERY.md;instructions/18_OPERATIONAL_RUNBOOKS.md;instructions/policies/loop_and_retry_policy.json,VAL-COMPLIANCE;VAL-LINKS;VAL-LOOP-POLICY;VAL-BLOCKER-POLICY;VAL-OVERENGINEERING,The referenced canonical control and validation mapping implement this obligation in the delivered repository control system.
MPR-01-012,1,PRIMARY MISSION,Prevent overengineering.,CONTROL_IMPLEMENTED,instructions/START_HERE.md;instructions/04_AUTONOMOUS_OPERATING_CONTRACT.md;instructions/06_TASK_EXECUTION_AND_MEANINGFUL_PROGRESS.md;instructions/17_BLOCKERS_LOOPS_OVERENGINEERING_AND_RECOVERY.md;instructions/18_OPERATIONAL_RUNBOOKS.md;instructions/policies/loop_and_retry_policy.json,VAL-COMPLIANCE;VAL-LINKS;VAL-LOOP-POLICY;VAL-BLOCKER-POLICY;VAL-OVERENGINEERING,The referenced canonical control and validation mapping implement this obligation in the delivered repository control system.
MPR-01-013,1,PRIMARY MISSION,Classify and manage blockers.,CONTROL_IMPLEMENTED,instructions/START_HERE.md;instructions/04_AUTONOMOUS_OPERATING_CONTRACT.md;instructions/06_TASK_EXECUTION_AND_MEANINGFUL_PROGRESS.md;instructions/17_BLOCKERS_LOOPS_OVERENGINEERING_AND_RECOVERY.md;instructions/18_OPERATIONAL_RUNBOOKS.md;instructions/policies/loop_and_retry_policy.json,VAL-COMPLIANCE;VAL-LINKS;VAL-LOOP-POLICY;VAL-BLOCKER-POLICY;VAL-OVERENGINEERING,The referenced canonical control and validation mapping implement this obligation in the delivered repository control system.
MPR-01-014,1,PRIMARY MISSION,Coordinate safe parallel work.,CONTROL_IMPLEMENTED,instructions/START_HERE.md;instructions/04_AUTONOMOUS_OPERATING_CONTRACT.md;instructions/06_TASK_EXECUTION_AND_MEANINGFUL_PROGRESS.md;instructions/16_PARALLELISM_RESOURCES_CONTEXT_AND_HANDOFF.md;instructions/policies/parallelism_policy.json;instructions/templates/HANDOFF_RECORD.md,VAL-COMPLIANCE;VAL-LINKS;VAL-PARALLELISM;VAL-HANDOFF,The referenced canonical control and validation mapping implement this obligation in the delivered repository control system.
MPR-01-015,1,PRIMARY MISSION,Preserve source-of-truth relationships.,CONTROL_IMPLEMENTED,instructions/START_HERE.md;instructions/04_AUTONOMOUS_OPERATING_CONTRACT.md;instructions/06_TASK_EXECUTION_AND_MEANINGFUL_PROGRESS.md;instructions/02_SOURCE_OF_TRUTH_AND_CONFLICT_RESOLUTION.md;instructions/policies/source_precedence.json,VAL-COMPLIANCE;VAL-LINKS;VAL-SOURCE-PRECEDENCE,The referenced canonical control and validation mapping implement this obligation in the delivered repository control system.
MPR-01-016,1,PRIMARY MISSION,"Maintain traceability among plans, Jira, code, tests, evidence, commits, and PRs.",CONTROL_IMPLEMENTED,instructions/START_HERE.md;instructions/04_AUTONOMOUS_OPERATING_CONTRACT.md;instructions/06_TASK_EXECUTION_AND_MEANINGFUL_PROGRESS.md;instructions/07_JIRA_OPERATING_CONTRACT.md;instructions/08_LOCAL_JIRA_MIRROR_AND_SYNC.md;instructions/policies/jira_operating_policy.json;jira/README.md;instructions/11_PULL_REQUEST_REVIEW_MERGE_AND_CLEANUP.md,VAL-COMPLIANCE;VAL-LINKS;VAL-JIRA-POLICY;VAL-JIRA;VAL-PR-LIFECYCLE;VAL-GITHUB-ENFORCEMENT;VAL-GIT-POLICY;VAL-WORKTREE-POLICY,The referenced canonical control and validation mapping implement this obligation in the delivered repository control system.
MPR-01-017,1,PRIMARY MISSION,Persist continuity across long or interrupted autonomous sessions.,CONTROL_IMPLEMENTED,instructions/START_HERE.md;instructions/04_AUTONOMOUS_OPERATING_CONTRACT.md;instructions/06_TASK_EXECUTION_AND_MEANINGFUL_PROGRESS.md,VAL-COMPLIANCE;VAL-LINKS,The referenced canonical control and validation mapping implement this obligation in the delivered repository control system.
MPR-01-018,1,PRIMARY MISSION,Prevent drift from accepted architecture and objectives.,CONTROL_IMPLEMENTED,instructions/START_HERE.md;instructions/04_AUTONOMOUS_OPERATING_CONTRACT.md;instructions/06_TASK_EXECUTION_AND_MEANINGFUL_PROGRESS.md;instructions/15_ARCHITECTURE_DOCUMENTATION_RELEASE_AND_ROLLBACK.md;instructions/templates/ARCHITECTURE_CHANGE_PROPOSAL.md;instructions/templates/RELEASE_READINESS_CHECKLIST.md,VAL-COMPLIANCE;VAL-LINKS;VAL-ARCHITECTURE-CHANGE;VAL-DOCUMENTATION-POLICY,The referenced canonical control and validation mapping implement this obligation in the delivered repository control system.
MPR-01-019,1,PRIMARY MISSION,"Model the combined discipline of principal engineering, architecture, ML/MLOps, technical program management, DevOps, and GitHub/Jira administration.",CONTROL_IMPLEMENTED,instructions/START_HERE.md;instructions/04_AUTONOMOUS_OPERATING_CONTRACT.md;instructions/06_TASK_EXECUTION_AND_MEANINGFUL_PROGRESS.md;instructions/07_JIRA_OPERATING_CONTRACT.md;instructions/08_LOCAL_JIRA_MIRROR_AND_SYNC.md;instructions/policies/jira_operating_policy.json;jira/README.md;instructions/11_PULL_REQUEST_REVIEW_MERGE_AND_CLEANUP.md,VAL-COMPLIANCE;VAL-LINKS;VAL-JIRA-POLICY;VAL-JIRA;VAL-PR-LIFECYCLE;VAL-GITHUB-ENFORCEMENT;VAL-ML-GOVERNANCE;VAL-PROTECTED,The referenced canonical control and validation mapping implement this obligation in the delivered repository control system.
MPR-01-020,1,PRIMARY MISSION,Treat the instruction/control system as the primary deliverable.,CONTROL_IMPLEMENTED,instructions/START_HERE.md;instructions/04_AUTONOMOUS_OPERATING_CONTRACT.md;instructions/06_TASK_EXECUTION_AND_MEANINGFUL_PROGRESS.md,VAL-COMPLIANCE;VAL-LINKS,The referenced canonical control and validation mapping implement this obligation in the delivered repository control system.
MPR-01-021,1,PRIMARY MISSION,Do not arbitrarily implement the remaining product backlog during instruction-pack construction.,CONTROL_IMPLEMENTED,instructions/START_HERE.md;instructions/04_AUTONOMOUS_OPERATING_CONTRACT.md;instructions/06_TASK_EXECUTION_AND_MEANINGFUL_PROGRESS.md;instructions/templates/TASK_EXECUTION_PACKET.md,VAL-COMPLIANCE;VAL-LINKS;VAL-EXECUTION-LOOP;VAL-MEANINGFUL-PROGRESS,The referenced canonical control and validation mapping implement this obligation in the delivered repository control system.
MPR-01-022,1,PRIMARY MISSION,Limit repository mutations to control files and directly related alignment required by the instruction system.,CONTROL_IMPLEMENTED,instructions/START_HERE.md;instructions/04_AUTONOMOUS_OPERATING_CONTRACT.md;instructions/06_TASK_EXECUTION_AND_MEANINGFUL_PROGRESS.md;instructions/03_REPOSITORY_ARCHITECTURE_AND_NAVIGATION.md;instructions/20_INSTRUCTION_MAINTENANCE_AND_CHANGE_CONTROL.md;instructions/manifest.json,VAL-COMPLIANCE;VAL-LINKS;VAL-MANIFEST;VAL-READ-BUDGET,The referenced canonical control and validation mapping implement this obligation in the delivered repository control system.
MPR-02-001,2,OUTPUT LOCATION,Define C:\BatteredAggieSyndrome\instructions as the canonical installation directory.,CONTROL_IMPLEMENTED,instructions/21_PACKAGING_INTEGRITY_AND_INSTALLATION.md;tools/package_instructions.py;tools/package_repository_export.py,VAL-PACKAGE;VAL-SECRET;VAL-PACKAGE-REPOSITORY,The referenced canonical control and validation mapping implement this obligation in the delivered repository control system.
MPR-02-002,2,OUTPUT LOCATION,Produce a live usable instructions directory in the repository staging tree.,CONTROL_IMPLEMENTED,instructions/21_PACKAGING_INTEGRITY_AND_INSTALLATION.md;tools/package_instructions.py,VAL-PACKAGE;VAL-SECRET,The referenced canonical control and validation mapping implement this obligation in the delivered repository control system.
MPR-02-003,2,OUTPUT LOCATION,"Produce a complete standalone ZIP export for backup, transfer, and hydration.",CONTROL_IMPLEMENTED,instructions/21_PACKAGING_INTEGRITY_AND_INSTALLATION.md;tools/package_instructions.py;tools/package_repository_export.py,VAL-PACKAGE;VAL-SECRET;VAL-PACKAGE-REPOSITORY,The referenced canonical control and validation mapping implement this obligation in the delivered repository control system.
MPR-02-004,2,OUTPUT LOCATION,Use a professional semantic/versioned ZIP name.,CONTROL_IMPLEMENTED,instructions/21_PACKAGING_INTEGRITY_AND_INSTALLATION.md;tools/package_instructions.py;tools/package_repository_export.py,VAL-PACKAGE;VAL-SECRET;VAL-PACKAGE-REPOSITORY,The referenced canonical control and validation mapping implement this obligation in the delivered repository control system.
MPR-02-005,2,OUTPUT LOCATION,Place generated exports outside versioned repository content unless release policy explicitly says otherwise.,CONTROL_IMPLEMENTED,instructions/21_PACKAGING_INTEGRITY_AND_INSTALLATION.md;tools/package_instructions.py;tools/package_repository_export.py,VAL-PACKAGE;VAL-SECRET;VAL-PACKAGE-REPOSITORY,The referenced canonical control and validation mapping implement this obligation in the delivered repository control system.
MPR-02-006,2,OUTPUT LOCATION,"Exclude .env and all credentials, tokens, passwords, and secret values from exports.",CONTROL_IMPLEMENTED,instructions/21_PACKAGING_INTEGRITY_AND_INSTALLATION.md;tools/package_instructions.py;instructions/13_SECURITY_SECRETS_DATA_RIGHTS_AND_DEPENDENCIES.md;instructions/policies/security_policy.json;tools/package_repository_export.py,VAL-PACKAGE;VAL-SECRET;VAL-SECURITY-POLICY;VAL-PACKAGE-REPOSITORY,The referenced canonical control and validation mapping implement this obligation in the delivered repository control system.
MPR-02-007,2,OUTPUT LOCATION,Exclude raw restricted data from exports.,CONTROL_IMPLEMENTED,instructions/21_PACKAGING_INTEGRITY_AND_INSTALLATION.md;tools/package_instructions.py;tools/package_repository_export.py,VAL-PACKAGE;VAL-SECRET;VAL-PACKAGE-REPOSITORY,The referenced canonical control and validation mapping implement this obligation in the delivered repository control system.
MPR-02-008,2,OUTPUT LOCATION,"Exclude caches, virtual environments, temporary worktrees, and unrelated artifacts from exports.",CONTROL_IMPLEMENTED,instructions/21_PACKAGING_INTEGRITY_AND_INSTALLATION.md;tools/package_instructions.py;tools/package_repository_export.py,VAL-PACKAGE;VAL-SECRET;VAL-PACKAGE-REPOSITORY,The referenced canonical control and validation mapping implement this obligation in the delivered repository control system.
MPR-02-009,2,OUTPUT LOCATION,Run a secret scan before final packaging.,CONTROL_IMPLEMENTED,instructions/21_PACKAGING_INTEGRITY_AND_INSTALLATION.md;tools/package_instructions.py;instructions/13_SECURITY_SECRETS_DATA_RIGHTS_AND_DEPENDENCIES.md;instructions/policies/security_policy.json,VAL-PACKAGE;VAL-SECRET;VAL-SECURITY-POLICY,The referenced canonical control and validation mapping implement this obligation in the delivered repository control system.
MPR-02-010,2,OUTPUT LOCATION,"Run a content-integrity, CRC, member-set, and extraction review before declaring the ZIP valid.",CONTROL_IMPLEMENTED,instructions/21_PACKAGING_INTEGRITY_AND_INSTALLATION.md;tools/package_instructions.py;instructions/12_CI_TESTING_EVIDENCE_AND_DEFINITION_OF_DONE.md;instructions/policies/definition_of_done.json;instructions/catalogs/validation_command_catalog.json;tools/package_repository_export.py,VAL-PACKAGE;VAL-SECRET;VAL-TESTING-POLICY;VAL-DOD;VAL-PACKAGE-REPOSITORY,The referenced canonical control and validation mapping implement this obligation in the delivered repository control system.
MPR-02-011,2,OUTPUT LOCATION,Document the installation boundary because this environment cannot write directly to the user’s Windows path.,CONTROL_IMPLEMENTED_EXTERNAL_ACTIVATION_REQUIRED,instructions/21_PACKAGING_INTEGRITY_AND_INSTALLATION.md;tools/package_instructions.py;tools/package_repository_export.py,VAL-PACKAGE;VAL-SECRET;VAL-PACKAGE-REPOSITORY,"The durable control is implemented, but activation or direct verification of the referenced live Windows/GitHub/Jira state requires the correct local checkout, authorized account, or explicit high-risk approval. No value was invented."
MPR-03-001,3,PROJECT LOCATIONS,Treat C:\BatteredAggieSyndrome as the one canonical local repository path.,CONTROL_IMPLEMENTED,instructions/01_PROJECT_IDENTITY_AND_HANDOFF.md;instructions/23_ACTIVATION_AND_NEXT_SESSION.md;instructions/audit/EXTERNAL_INTEGRATION_AUDIT.md,VAL-CONTROL-PLANE;VAL-JIRA,The referenced canonical control and validation mapping implement this obligation in the delivered repository control system.
MPR-03-002,3,PROJECT LOCATIONS,Verify actual repository directories instead of blindly assuming the illustrative list is current.,CONTROL_IMPLEMENTED,instructions/01_PROJECT_IDENTITY_AND_HANDOFF.md;instructions/23_ACTIVATION_AND_NEXT_SESSION.md;instructions/audit/EXTERNAL_INTEGRATION_AUDIT.md,VAL-CONTROL-PLANE;VAL-JIRA,The referenced canonical control and validation mapping implement this obligation in the delivered repository control system.
MPR-03-003,3,PROJECT LOCATIONS,"Recognize and navigate .codex, .github, artifacts, configs, data, docs, fixtures, governance, jira, provenance, requirements, schemas, scripts, sql, src, tests, tools, and instructions when present.",CONTROL_IMPLEMENTED,instructions/01_PROJECT_IDENTITY_AND_HANDOFF.md;instructions/23_ACTIVATION_AND_NEXT_SESSION.md;instructions/audit/EXTERNAL_INTEGRATION_AUDIT.md;instructions/07_JIRA_OPERATING_CONTRACT.md;instructions/08_LOCAL_JIRA_MIRROR_AND_SYNC.md;instructions/policies/jira_operating_policy.json;jira/README.md;instructions/11_PULL_REQUEST_REVIEW_MERGE_AND_CLEANUP.md,VAL-CONTROL-PLANE;VAL-JIRA;VAL-JIRA-POLICY;VAL-PR-LIFECYCLE;VAL-GITHUB-ENFORCEMENT,The referenced canonical control and validation mapping implement this obligation in the delivered repository control system.
MPR-03-004,3,PROJECT LOCATIONS,Treat the local-to-GitHub relationship as unverified until reconciled.,CONTROL_IMPLEMENTED_EXTERNAL_ACTIVATION_REQUIRED,instructions/01_PROJECT_IDENTITY_AND_HANDOFF.md;instructions/23_ACTIVATION_AND_NEXT_SESSION.md;instructions/audit/EXTERNAL_INTEGRATION_AUDIT.md;instructions/11_PULL_REQUEST_REVIEW_MERGE_AND_CLEANUP.md;instructions/19_GITHUB_ENFORCEMENT_RECOMMENDATIONS.md;.github/pull_request_template.md,VAL-CONTROL-PLANE;VAL-JIRA;VAL-PR-LIFECYCLE;VAL-GITHUB-ENFORCEMENT,"The durable control is implemented, but activation or direct verification of the referenced live Windows/GitHub/Jira state requires the correct local checkout, authorized account, or explicit high-risk approval. No value was invented."
MPR-03-005,3,PROJECT LOCATIONS,Inspect the specified GitHub repository read-only before choosing branch or publication behavior.,CONTROL_IMPLEMENTED,instructions/01_PROJECT_IDENTITY_AND_HANDOFF.md;instructions/23_ACTIVATION_AND_NEXT_SESSION.md;instructions/audit/EXTERNAL_INTEGRATION_AUDIT.md;instructions/11_PULL_REQUEST_REVIEW_MERGE_AND_CLEANUP.md;instructions/19_GITHUB_ENFORCEMENT_RECOMMENDATIONS.md;.github/pull_request_template.md;instructions/09_GIT_REPOSITORY_SAFETY_AND_RECOVERY.md;instructions/10_BRANCH_WORKTREE_AND_COMMIT_POLICY.md,VAL-CONTROL-PLANE;VAL-JIRA;VAL-PR-LIFECYCLE;VAL-GITHUB-ENFORCEMENT;VAL-GIT-POLICY;VAL-WORKTREE-POLICY;VAL-AUDIT,The referenced canonical control and validation mapping implement this obligation in the delivered repository control system.
MPR-03-006,3,PROJECT LOCATIONS,"Do not force-push, delete history, reset local work, create arbitrary replacement clones, recreate the repository elsewhere, or overwrite one side to resolve discrepancies.",CONTROL_IMPLEMENTED,instructions/01_PROJECT_IDENTITY_AND_HANDOFF.md;instructions/23_ACTIVATION_AND_NEXT_SESSION.md;instructions/audit/EXTERNAL_INTEGRATION_AUDIT.md;instructions/09_GIT_REPOSITORY_SAFETY_AND_RECOVERY.md;instructions/10_BRANCH_WORKTREE_AND_COMMIT_POLICY.md;instructions/runbooks/REPOSITORY_IDENTITY_AND_REMOTE_RECONCILIATION.md,VAL-CONTROL-PLANE;VAL-JIRA;VAL-GIT-POLICY;VAL-WORKTREE-POLICY,The referenced canonical control and validation mapping implement this obligation in the delivered repository control system.
MPR-03-007,3,PROJECT LOCATIONS,Perform a safe local/remote reconciliation first.,CONTROL_IMPLEMENTED_EXTERNAL_ACTIVATION_REQUIRED,instructions/01_PROJECT_IDENTITY_AND_HANDOFF.md;instructions/23_ACTIVATION_AND_NEXT_SESSION.md;instructions/audit/EXTERNAL_INTEGRATION_AUDIT.md;instructions/09_GIT_REPOSITORY_SAFETY_AND_RECOVERY.md;instructions/10_BRANCH_WORKTREE_AND_COMMIT_POLICY.md;instructions/runbooks/REPOSITORY_IDENTITY_AND_REMOTE_RECONCILIATION.md,VAL-CONTROL-PLANE;VAL-JIRA;VAL-GIT-POLICY;VAL-WORKTREE-POLICY,"The durable control is implemented, but activation or direct verification of the referenced live Windows/GitHub/Jira state requires the correct local checkout, authorized account, or explicit high-risk approval. No value was invented."
MPR-03-008,3,PROJECT LOCATIONS,Target Jira project BAT at the requested Atlassian site and board URL.,CONTROL_IMPLEMENTED,instructions/01_PROJECT_IDENTITY_AND_HANDOFF.md;instructions/23_ACTIVATION_AND_NEXT_SESSION.md;instructions/audit/EXTERNAL_INTEGRATION_AUDIT.md;instructions/07_JIRA_OPERATING_CONTRACT.md;instructions/08_LOCAL_JIRA_MIRROR_AND_SYNC.md;instructions/policies/jira_operating_policy.json;jira/README.md,VAL-CONTROL-PLANE;VAL-JIRA;VAL-JIRA-POLICY,The referenced canonical control and validation mapping implement this obligation in the delivered repository control system.
MPR-03-009,3,PROJECT LOCATIONS,"Treat the local jira directory as something to inspect and formally define, not assume populated.",CONTROL_IMPLEMENTED,instructions/01_PROJECT_IDENTITY_AND_HANDOFF.md;instructions/23_ACTIVATION_AND_NEXT_SESSION.md;instructions/audit/EXTERNAL_INTEGRATION_AUDIT.md;instructions/07_JIRA_OPERATING_CONTRACT.md;instructions/08_LOCAL_JIRA_MIRROR_AND_SYNC.md;instructions/policies/jira_operating_policy.json;jira/README.md;instructions/audit/REPOSITORY_DISCOVERY_REPORT.md,VAL-CONTROL-PLANE;VAL-JIRA;VAL-JIRA-POLICY;VAL-AUDIT,The referenced canonical control and validation mapping implement this obligation in the delivered repository control system.
MPR-03-010,3,PROJECT LOCATIONS,Treat C:\BatteredAggieSyndrome\.env as the expected local secret path but verify the actual configuration on the machine.,CONTROL_IMPLEMENTED,instructions/01_PROJECT_IDENTITY_AND_HANDOFF.md;instructions/23_ACTIVATION_AND_NEXT_SESSION.md;instructions/audit/EXTERNAL_INTEGRATION_AUDIT.md;instructions/13_SECURITY_SECRETS_DATA_RIGHTS_AND_DEPENDENCIES.md;instructions/policies/security_policy.json,VAL-CONTROL-PLANE;VAL-JIRA;VAL-SECURITY-POLICY;VAL-SECRET,The referenced canonical control and validation mapping implement this obligation in the delivered repository control system.
MPR-03-011,3,PROJECT LOCATIONS,Access credentials through environment variables or secure local configuration.,CONTROL_IMPLEMENTED,instructions/01_PROJECT_IDENTITY_AND_HANDOFF.md;instructions/23_ACTIVATION_AND_NEXT_SESSION.md;instructions/audit/EXTERNAL_INTEGRATION_AUDIT.md;instructions/13_SECURITY_SECRETS_DATA_RIGHTS_AND_DEPENDENCIES.md;instructions/policies/security_policy.json,VAL-CONTROL-PLANE;VAL-JIRA;VAL-SECURITY-POLICY;VAL-SECRET,The referenced canonical control and validation mapping implement this obligation in the delivered repository control system.
MPR-03-012,3,PROJECT LOCATIONS,"Never copy secret values into instructions, Markdown, committed JSON/YAML, Jira, GitHub, commits, logs, fixtures, ZIPs, screenshots, or provenance.",CONTROL_IMPLEMENTED,instructions/01_PROJECT_IDENTITY_AND_HANDOFF.md;instructions/23_ACTIVATION_AND_NEXT_SESSION.md;instructions/audit/EXTERNAL_INTEGRATION_AUDIT.md;instructions/07_JIRA_OPERATING_CONTRACT.md;instructions/08_LOCAL_JIRA_MIRROR_AND_SYNC.md;instructions/policies/jira_operating_policy.json;jira/README.md;instructions/11_PULL_REQUEST_REVIEW_MERGE_AND_CLEANUP.md,VAL-CONTROL-PLANE;VAL-JIRA;VAL-JIRA-POLICY;VAL-PR-LIFECYCLE;VAL-GITHUB-ENFORCEMENT;VAL-GIT-POLICY;VAL-WORKTREE-POLICY;VAL-SECURITY-POLICY,The referenced canonical control and validation mapping implement this obligation in the delivered repository control system.
MPR-03-013,3,PROJECT LOCATIONS,Refer only to environment-variable names or secret aliases in documentation.,CONTROL_IMPLEMENTED,instructions/01_PROJECT_IDENTITY_AND_HANDOFF.md;instructions/23_ACTIVATION_AND_NEXT_SESSION.md;instructions/audit/EXTERNAL_INTEGRATION_AUDIT.md;instructions/13_SECURITY_SECRETS_DATA_RIGHTS_AND_DEPENDENCIES.md;instructions/policies/security_policy.json,VAL-CONTROL-PLANE;VAL-JIRA;VAL-SECURITY-POLICY;VAL-SECRET,The referenced canonical control and validation mapping implement this obligation in the delivered repository control system.
MPR-04-001,4,FIRST ACTION — COMPLETE REPOSITORY DISCOVERY,Perform a comprehensive read-only repository discovery pass before designing or creating large numbers of instruction files.,CONTROL_IMPLEMENTED,instructions/audit/REPOSITORY_DISCOVERY_REPORT.md;instructions/audit/repository_inventory.json;instructions/audit/external_access_audit.json;tools/audit_control_plane.py;instructions/03_REPOSITORY_ARCHITECTURE_AND_NAVIGATION.md;instructions/20_INSTRUCTION_MAINTENANCE_AND_CHANGE_CONTROL.md;instructions/manifest.json;instructions/audit/EXTERNAL_INTEGRATION_AUDIT.md,VAL-CONTROL-PLANE;VAL-AUDIT;VAL-MANIFEST;VAL-READ-BUDGET,The referenced canonical control and validation mapping implement this obligation in the delivered repository control system.
MPR-04-002,4,FIRST ACTION — COMPLETE REPOSITORY DISCOVERY,"Inspect AGENTS.md, README.md, CONTRIBUTING.md, .gitignore, .gitattributes, and .env.example.",CONTROL_IMPLEMENTED,instructions/audit/REPOSITORY_DISCOVERY_REPORT.md;instructions/audit/repository_inventory.json;instructions/audit/external_access_audit.json;tools/audit_control_plane.py;instructions/audit/EXTERNAL_INTEGRATION_AUDIT.md,VAL-CONTROL-PLANE;VAL-AUDIT,The referenced canonical control and validation mapping implement this obligation in the delivered repository control system.
MPR-04-003,4,FIRST ACTION — COMPLETE REPOSITORY DISCOVERY,"Inspect .codex/README.md, .codex/TASK_PACKET_TEMPLATE.md, and .codex/WORKTREE_POLICY.md.",CONTROL_IMPLEMENTED,instructions/audit/REPOSITORY_DISCOVERY_REPORT.md;instructions/audit/repository_inventory.json;instructions/audit/external_access_audit.json;tools/audit_control_plane.py;instructions/audit/EXTERNAL_INTEGRATION_AUDIT.md,VAL-CONTROL-PLANE;VAL-AUDIT,The referenced canonical control and validation mapping implement this obligation in the delivered repository control system.
MPR-04-004,4,FIRST ACTION — COMPLETE REPOSITORY DISCOVERY,"Inspect .github/CODEOWNERS, pull-request template, issue templates, and workflows.",CONTROL_IMPLEMENTED,instructions/audit/REPOSITORY_DISCOVERY_REPORT.md;instructions/audit/repository_inventory.json;instructions/audit/external_access_audit.json;tools/audit_control_plane.py;instructions/07_JIRA_OPERATING_CONTRACT.md;instructions/08_LOCAL_JIRA_MIRROR_AND_SYNC.md;instructions/policies/jira_operating_policy.json;jira/README.md,VAL-CONTROL-PLANE;VAL-AUDIT;VAL-JIRA-POLICY;VAL-JIRA;VAL-PR-LIFECYCLE;VAL-GITHUB-ENFORCEMENT,The referenced canonical control and validation mapping implement this obligation in the delivered repository control system.
MPR-04-005,4,FIRST ACTION — COMPLETE REPOSITORY DISCOVERY,"Inspect repository-operations, GitHub/Codex workflow, implementation master plan, Codex execution strategy, shared-contract/worktree strategy, evidence gates, W25 final consolidation, and final Codex handoff documents.",CONTROL_IMPLEMENTED,instructions/audit/REPOSITORY_DISCOVERY_REPORT.md;instructions/audit/repository_inventory.json;instructions/audit/external_access_audit.json;tools/audit_control_plane.py;instructions/07_JIRA_OPERATING_CONTRACT.md;instructions/08_LOCAL_JIRA_MIRROR_AND_SYNC.md;instructions/policies/jira_operating_policy.json;jira/README.md,VAL-CONTROL-PLANE;VAL-AUDIT;VAL-JIRA-POLICY;VAL-JIRA;VAL-PR-LIFECYCLE;VAL-GITHUB-ENFORCEMENT;VAL-GIT-POLICY;VAL-WORKTREE-POLICY,The referenced canonical control and validation mapping implement this obligation in the delivered repository control system.
MPR-04-006,4,FIRST ACTION — COMPLETE REPOSITORY DISCOVERY,"Inspect final component maturity, known gaps, implementation priority, and first-72-hour queue.",CONTROL_IMPLEMENTED,instructions/audit/REPOSITORY_DISCOVERY_REPORT.md;instructions/audit/repository_inventory.json;instructions/audit/external_access_audit.json;tools/audit_control_plane.py;instructions/audit/EXTERNAL_INTEGRATION_AUDIT.md,VAL-CONTROL-PLANE;VAL-AUDIT,The referenced canonical control and validation mapping implement this obligation in the delivered repository control system.
MPR-04-007,4,FIRST ACTION — COMPLETE REPOSITORY DISCOVERY,"Inspect current state, current backlog, next-wave pointer, critical path, immutable rules, and do-not-drift governance.",CONTROL_IMPLEMENTED,instructions/audit/REPOSITORY_DISCOVERY_REPORT.md;instructions/audit/repository_inventory.json;instructions/audit/external_access_audit.json;tools/audit_control_plane.py;instructions/audit/EXTERNAL_INTEGRATION_AUDIT.md,VAL-CONTROL-PLANE;VAL-AUDIT,The referenced canonical control and validation mapping implement this obligation in the delivered repository control system.
MPR-04-008,4,FIRST ACTION — COMPLETE REPOSITORY DISCOVERY,Inspect protected judging/evaluation rules.,CONTROL_IMPLEMENTED,instructions/audit/REPOSITORY_DISCOVERY_REPORT.md;instructions/audit/repository_inventory.json;instructions/audit/external_access_audit.json;tools/audit_control_plane.py;instructions/audit/EXTERNAL_INTEGRATION_AUDIT.md,VAL-CONTROL-PLANE;VAL-AUDIT,The referenced canonical control and validation mapping implement this obligation in the delivered repository control system.
MPR-04-009,4,FIRST ACTION — COMPLETE REPOSITORY DISCOVERY,"Inspect implementation WBS, task dependencies, requirements traceability, ADR traceability, acceptance traceability, work-packet queue, source/provenance registries, and repository policy.",CONTROL_IMPLEMENTED,instructions/audit/REPOSITORY_DISCOVERY_REPORT.md;instructions/audit/repository_inventory.json;instructions/audit/external_access_audit.json;tools/audit_control_plane.py;instructions/14_DATA_ML_PIT_PROVENANCE_AND_EVALUATION.md;instructions/policies/protected_scope_policy.json;governance/PROTECTED_ACCEPTANCE_RULES.md;instructions/audit/EXTERNAL_INTEGRATION_AUDIT.md,VAL-CONTROL-PLANE;VAL-AUDIT;VAL-ML-GOVERNANCE;VAL-PROTECTED,The referenced canonical control and validation mapping implement this obligation in the delivered repository control system.
MPR-04-010,4,FIRST ACTION — COMPLETE REPOSITORY DISCOVERY,"Inspect tests, tools, scripts, schemas, and current implementation code.",CONTROL_IMPLEMENTED,instructions/audit/REPOSITORY_DISCOVERY_REPORT.md;instructions/audit/repository_inventory.json;instructions/audit/external_access_audit.json;tools/audit_control_plane.py;instructions/12_CI_TESTING_EVIDENCE_AND_DEFINITION_OF_DONE.md;instructions/policies/definition_of_done.json;instructions/catalogs/validation_command_catalog.json;instructions/audit/EXTERNAL_INTEGRATION_AUDIT.md,VAL-CONTROL-PLANE;VAL-AUDIT;VAL-TESTING-POLICY;VAL-DOD,The referenced canonical control and validation mapping implement this obligation in the delivered repository control system.
MPR-04-011,4,FIRST ACTION — COMPLETE REPOSITORY DISCOVERY,"Inspect current Git branch, worktree, untracked, modified, staged, local/remote branches, remotes, upstream, graph, tags, and worktrees when .git is available.",CONTROL_IMPLEMENTED_EXTERNAL_ACTIVATION_REQUIRED,instructions/audit/REPOSITORY_DISCOVERY_REPORT.md;instructions/audit/repository_inventory.json;instructions/audit/external_access_audit.json;tools/audit_control_plane.py;instructions/09_GIT_REPOSITORY_SAFETY_AND_RECOVERY.md;instructions/10_BRANCH_WORKTREE_AND_COMMIT_POLICY.md;instructions/runbooks/REPOSITORY_IDENTITY_AND_REMOTE_RECONCILIATION.md;instructions/14_DATA_ML_PIT_PROVENANCE_AND_EVALUATION.md,VAL-CONTROL-PLANE;VAL-AUDIT;VAL-GIT-POLICY;VAL-WORKTREE-POLICY;VAL-ML-GOVERNANCE;VAL-PROTECTED,"The durable control is implemented, but activation or direct verification of the referenced live Windows/GitHub/Jira state requires the correct local checkout, authorized account, or explicit high-risk approval. No value was invented."
MPR-04-012,4,FIRST ACTION — COMPLETE REPOSITORY DISCOVERY,Inspect GitHub remotely before proposing branch or PR strategy.,CONTROL_IMPLEMENTED,instructions/audit/REPOSITORY_DISCOVERY_REPORT.md;instructions/audit/repository_inventory.json;instructions/audit/external_access_audit.json;tools/audit_control_plane.py;instructions/11_PULL_REQUEST_REVIEW_MERGE_AND_CLEANUP.md;instructions/19_GITHUB_ENFORCEMENT_RECOMMENDATIONS.md;.github/pull_request_template.md;instructions/09_GIT_REPOSITORY_SAFETY_AND_RECOVERY.md,VAL-CONTROL-PLANE;VAL-AUDIT;VAL-PR-LIFECYCLE;VAL-GITHUB-ENFORCEMENT;VAL-GIT-POLICY;VAL-WORKTREE-POLICY,The referenced canonical control and validation mapping implement this obligation in the delivered repository control system.
MPR-04-013,4,FIRST ACTION — COMPLETE REPOSITORY DISCOVERY,Inspect Jira BAT before writing workflow instructions when the target site is accessible.,CONTROL_IMPLEMENTED_EXTERNAL_ACTIVATION_REQUIRED,instructions/audit/REPOSITORY_DISCOVERY_REPORT.md;instructions/audit/repository_inventory.json;instructions/audit/external_access_audit.json;tools/audit_control_plane.py;instructions/07_JIRA_OPERATING_CONTRACT.md;instructions/08_LOCAL_JIRA_MIRROR_AND_SYNC.md;instructions/policies/jira_operating_policy.json;jira/README.md,VAL-CONTROL-PLANE;VAL-AUDIT;VAL-JIRA-POLICY;VAL-JIRA,"The durable control is implemented, but activation or direct verification of the referenced live Windows/GitHub/Jira state requires the correct local checkout, authorized account, or explicit high-risk approval. No value was invented."
MPR-04-014,4,FIRST ACTION — COMPLETE REPOSITORY DISCOVERY,Record unavailable .git and Jira evidence as explicit discovery gaps rather than inventing facts.,CONTROL_IMPLEMENTED,instructions/audit/REPOSITORY_DISCOVERY_REPORT.md;instructions/audit/repository_inventory.json;instructions/audit/external_access_audit.json;tools/audit_control_plane.py;instructions/07_JIRA_OPERATING_CONTRACT.md;instructions/08_LOCAL_JIRA_MIRROR_AND_SYNC.md;instructions/policies/jira_operating_policy.json;jira/README.md,VAL-CONTROL-PLANE;VAL-AUDIT;VAL-JIRA-POLICY;VAL-JIRA;VAL-GIT-POLICY;VAL-WORKTREE-POLICY,The referenced canonical control and validation mapping implement this obligation in the delivered repository control system.
MPR-04-015,4,FIRST ACTION — COMPLETE REPOSITORY DISCOVERY,Fit the instruction pack to the real repository instead of creating a generic coding workflow.,CONTROL_IMPLEMENTED,instructions/audit/REPOSITORY_DISCOVERY_REPORT.md;instructions/audit/repository_inventory.json;instructions/audit/external_access_audit.json;tools/audit_control_plane.py;instructions/07_JIRA_OPERATING_CONTRACT.md;instructions/08_LOCAL_JIRA_MIRROR_AND_SYNC.md;instructions/policies/jira_operating_policy.json;jira/README.md,VAL-CONTROL-PLANE;VAL-AUDIT;VAL-JIRA-POLICY;VAL-JIRA;VAL-MANIFEST;VAL-READ-BUDGET,The referenced canonical control and validation mapping implement this obligation in the delivered repository control system.
MPR-05-001,5,EXISTING PROJECT STATE YOU MUST PRESERVE,Preserve the fact that the exactly-25-wave architecture/planning program is complete.,CONTROL_IMPLEMENTED,instructions/01_PROJECT_IDENTITY_AND_HANDOFF.md;instructions/14_DATA_ML_PIT_PROVENANCE_AND_EVALUATION.md;instructions/policies/protected_scope_policy.json;docs/final/CODEX_HANDOFF.md;governance/CURRENT_STATE.yaml,VAL-NO-W26;VAL-PROTECTED,The referenced canonical control and validation mapping implement this obligation in the delivered repository control system.
MPR-05-002,5,EXISTING PROJECT STATE YOU MUST PRESERVE,Treat the current state as a post-W25 Codex implementation handoff.,CONTROL_IMPLEMENTED,instructions/01_PROJECT_IDENTITY_AND_HANDOFF.md;instructions/14_DATA_ML_PIT_PROVENANCE_AND_EVALUATION.md;instructions/policies/protected_scope_policy.json;docs/final/CODEX_HANDOFF.md;governance/CURRENT_STATE.yaml,VAL-NO-W26;VAL-PROTECTED,The referenced canonical control and validation mapping implement this obligation in the delivered repository control system.
MPR-05-003,5,EXISTING PROJECT STATE YOU MUST PRESERVE,"Prohibit Wave 26, Wave 27, or resurrection of the historical wave-generation process.",CONTROL_IMPLEMENTED,instructions/01_PROJECT_IDENTITY_AND_HANDOFF.md;instructions/14_DATA_ML_PIT_PROVENANCE_AND_EVALUATION.md;instructions/policies/protected_scope_policy.json;docs/final/CODEX_HANDOFF.md;governance/CURRENT_STATE.yaml,VAL-NO-W26;VAL-PROTECTED,The referenced canonical control and validation mapping implement this obligation in the delivered repository control system.
MPR-05-004,5,EXISTING PROJECT STATE YOU MUST PRESERVE,Preserve national historical learning with deep Texas A&M specialization.,CONTROL_IMPLEMENTED,instructions/01_PROJECT_IDENTITY_AND_HANDOFF.md;instructions/14_DATA_ML_PIT_PROVENANCE_AND_EVALUATION.md;instructions/policies/protected_scope_policy.json;governance/PROTECTED_ACCEPTANCE_RULES.md,VAL-NO-W26;VAL-PROTECTED;VAL-ML-GOVERNANCE,The referenced canonical control and validation mapping implement this obligation in the delivered repository control system.
MPR-05-005,5,EXISTING PROJECT STATE YOU MUST PRESERVE,Preserve point-in-time correctness and target-game outcome exclusion.,CONTROL_IMPLEMENTED,instructions/01_PROJECT_IDENTITY_AND_HANDOFF.md;instructions/14_DATA_ML_PIT_PROVENANCE_AND_EVALUATION.md;instructions/policies/protected_scope_policy.json;governance/PROTECTED_ACCEPTANCE_RULES.md,VAL-NO-W26;VAL-PROTECTED;VAL-ML-GOVERNANCE,The referenced canonical control and validation mapping implement this obligation in the delivered repository control system.
MPR-05-006,5,EXISTING PROJECT STATE YOU MUST PRESERVE,"Preserve immutable source and forecast snapshots, canonical identity, and provenance.",CONTROL_IMPLEMENTED,instructions/01_PROJECT_IDENTITY_AND_HANDOFF.md;instructions/14_DATA_ML_PIT_PROVENANCE_AND_EVALUATION.md;instructions/policies/protected_scope_policy.json;governance/PROTECTED_ACCEPTANCE_RULES.md,VAL-NO-W26;VAL-PROTECTED;VAL-ML-GOVERNANCE,The referenced canonical control and validation mapping implement this obligation in the delivered repository control system.
MPR-05-007,5,EXISTING PROJECT STATE YOU MUST PRESERVE,Preserve empirical feature/model promotion and protected evaluation rules.,CONTROL_IMPLEMENTED,instructions/01_PROJECT_IDENTITY_AND_HANDOFF.md;instructions/14_DATA_ML_PIT_PROVENANCE_AND_EVALUATION.md;instructions/policies/protected_scope_policy.json;governance/PROTECTED_ACCEPTANCE_RULES.md,VAL-NO-W26;VAL-PROTECTED;VAL-ML-GOVERNANCE,The referenced canonical control and validation mapping implement this obligation in the delivered repository control system.
MPR-05-008,5,EXISTING PROJECT STATE YOU MUST PRESERVE,"Prohibit fabricated model performance, BAS effects, or A&M specialization lift.",CONTROL_IMPLEMENTED,instructions/01_PROJECT_IDENTITY_AND_HANDOFF.md;instructions/14_DATA_ML_PIT_PROVENANCE_AND_EVALUATION.md;instructions/policies/protected_scope_policy.json;governance/PROTECTED_ACCEPTANCE_RULES.md,VAL-NO-W26;VAL-PROTECTED;VAL-ML-GOVERNANCE,The referenced canonical control and validation mapping implement this obligation in the delivered repository control system.
MPR-05-009,5,EXISTING PROJECT STATE YOU MUST PRESERVE,Preserve the unresolved requirement for real historical data materialization.,CONTROL_IMPLEMENTED,instructions/01_PROJECT_IDENTITY_AND_HANDOFF.md;instructions/14_DATA_ML_PIT_PROVENANCE_AND_EVALUATION.md;instructions/policies/protected_scope_policy.json,VAL-NO-W26;VAL-PROTECTED,The referenced canonical control and validation mapping implement this obligation in the delivered repository control system.
MPR-05-010,5,EXISTING PROJECT STATE YOU MUST PRESERVE,Preserve unresolved target-hardware validation.,CONTROL_IMPLEMENTED,instructions/01_PROJECT_IDENTITY_AND_HANDOFF.md;instructions/14_DATA_ML_PIT_PROVENANCE_AND_EVALUATION.md;instructions/policies/protected_scope_policy.json,VAL-NO-W26;VAL-PROTECTED,The referenced canonical control and validation mapping implement this obligation in the delivered repository control system.
MPR-05-011,5,EXISTING PROJECT STATE YOU MUST PRESERVE,"Keep neural, graph, sequence, and live work conditional rather than automatically justified.",CONTROL_IMPLEMENTED,instructions/01_PROJECT_IDENTITY_AND_HANDOFF.md;instructions/14_DATA_ML_PIT_PROVENANCE_AND_EVALUATION.md;instructions/policies/protected_scope_policy.json;governance/PROTECTED_ACCEPTANCE_RULES.md,VAL-NO-W26;VAL-PROTECTED;VAL-ML-GOVERNANCE,The referenced canonical control and validation mapping implement this obligation in the delivered repository control system.
MPR-06-001,6,SOURCE-OF-TRUTH PRECEDENCE,Create a formal source-of-truth and conflict-resolution policy.,CONTROL_IMPLEMENTED,instructions/02_SOURCE_OF_TRUTH_AND_CONFLICT_RESOLUTION.md;instructions/policies/source_precedence.json,VAL-SOURCE-PRECEDENCE,The referenced canonical control and validation mapping implement this obligation in the delivered repository control system.
MPR-06-002,6,SOURCE-OF-TRUTH PRECEDENCE,"Place current explicit user instruction first subject to safety, legal, and access constraints.",CONTROL_IMPLEMENTED,instructions/02_SOURCE_OF_TRUTH_AND_CONFLICT_RESOLUTION.md;instructions/policies/source_precedence.json,VAL-SOURCE-PRECEDENCE,The referenced canonical control and validation mapping implement this obligation in the delivered repository control system.
MPR-06-003,6,SOURCE-OF-TRUTH PRECEDENCE,Place security/legal/access restrictions ahead of repository policies when applicable.,CONTROL_IMPLEMENTED,instructions/02_SOURCE_OF_TRUTH_AND_CONFLICT_RESOLUTION.md;instructions/policies/source_precedence.json,VAL-SOURCE-PRECEDENCE,The referenced canonical control and validation mapping implement this obligation in the delivered repository control system.
MPR-06-004,6,SOURCE-OF-TRUTH PRECEDENCE,Recognize AGENTS.md as the repository-wide agent contract.,CONTROL_IMPLEMENTED,instructions/02_SOURCE_OF_TRUTH_AND_CONFLICT_RESOLUTION.md;instructions/policies/source_precedence.json,VAL-SOURCE-PRECEDENCE,The referenced canonical control and validation mapping implement this obligation in the delivered repository control system.
MPR-06-005,6,SOURCE-OF-TRUTH PRECEDENCE,Prioritize final W25 handoff and immutable/protected governance over stale operational prose.,CONTROL_IMPLEMENTED,instructions/02_SOURCE_OF_TRUTH_AND_CONFLICT_RESOLUTION.md;instructions/policies/source_precedence.json;instructions/01_PROJECT_IDENTITY_AND_HANDOFF.md;docs/final/CODEX_HANDOFF.md;governance/CURRENT_STATE.yaml,VAL-SOURCE-PRECEDENCE;VAL-NO-W26;VAL-PROTECTED,The referenced canonical control and validation mapping implement this obligation in the delivered repository control system.
MPR-06-006,6,SOURCE-OF-TRUTH PRECEDENCE,"Prioritize current state, backlog, known gaps, and final implementation priority over historical wave pointers.",CONTROL_IMPLEMENTED,instructions/02_SOURCE_OF_TRUTH_AND_CONFLICT_RESOLUTION.md;instructions/policies/source_precedence.json;instructions/01_PROJECT_IDENTITY_AND_HANDOFF.md;docs/final/CODEX_HANDOFF.md;governance/CURRENT_STATE.yaml,VAL-SOURCE-PRECEDENCE;VAL-NO-W26;VAL-PROTECTED,The referenced canonical control and validation mapping implement this obligation in the delivered repository control system.
MPR-06-007,6,SOURCE-OF-TRUTH PRECEDENCE,"Use machine-readable requirements, ADR, acceptance, task, dependency, schema, and source registries as canonical structured evidence.",CONTROL_IMPLEMENTED,instructions/02_SOURCE_OF_TRUTH_AND_CONFLICT_RESOLUTION.md;instructions/policies/source_precedence.json,VAL-SOURCE-PRECEDENCE,The referenced canonical control and validation mapping implement this obligation in the delivered repository control system.
MPR-06-008,6,SOURCE-OF-TRUTH PRECEDENCE,Use task-linked project plans and architecture documents for implementation detail.,CONTROL_IMPLEMENTED,instructions/02_SOURCE_OF_TRUTH_AND_CONFLICT_RESOLUTION.md;instructions/policies/source_precedence.json,VAL-SOURCE-PRECEDENCE,The referenced canonical control and validation mapping implement this obligation in the delivered repository control system.
MPR-06-009,6,SOURCE-OF-TRUTH PRECEDENCE,"Use live Jira for mutable execution metadata, with the local Jira mirror below live Jira.",CONTROL_IMPLEMENTED,instructions/02_SOURCE_OF_TRUTH_AND_CONFLICT_RESOLUTION.md;instructions/policies/source_precedence.json;instructions/07_JIRA_OPERATING_CONTRACT.md;instructions/08_LOCAL_JIRA_MIRROR_AND_SYNC.md;instructions/policies/jira_operating_policy.json;jira/README.md,VAL-SOURCE-PRECEDENCE;VAL-JIRA-POLICY;VAL-JIRA,The referenced canonical control and validation mapping implement this obligation in the delivered repository control system.
MPR-06-010,6,SOURCE-OF-TRUTH PRECEDENCE,"Use historical wave documents as provenance, not current execution authority.",CONTROL_IMPLEMENTED,instructions/02_SOURCE_OF_TRUTH_AND_CONFLICT_RESOLUTION.md;instructions/policies/source_precedence.json;instructions/01_PROJECT_IDENTITY_AND_HANDOFF.md;docs/final/CODEX_HANDOFF.md;governance/CURRENT_STATE.yaml,VAL-SOURCE-PRECEDENCE;VAL-NO-W26;VAL-PROTECTED,The referenced canonical control and validation mapping implement this obligation in the delivered repository control system.
MPR-06-011,6,SOURCE-OF-TRUTH PRECEDENCE,Use agent inference last and label it.,CONTROL_IMPLEMENTED,instructions/02_SOURCE_OF_TRUTH_AND_CONFLICT_RESOLUTION.md;instructions/policies/source_precedence.json,VAL-SOURCE-PRECEDENCE,The referenced canonical control and validation mapping implement this obligation in the delivered repository control system.
MPR-06-012,6,SOURCE-OF-TRUTH PRECEDENCE,"When same-rank sources conflict, identify the conflict, search for a canonical resolver, record the resolution, and block only for material risk.",CONTROL_IMPLEMENTED,instructions/02_SOURCE_OF_TRUTH_AND_CONFLICT_RESOLUTION.md;instructions/policies/source_precedence.json,VAL-SOURCE-PRECEDENCE,The referenced canonical control and validation mapping implement this obligation in the delivered repository control system.
MPR-06-013,6,SOURCE-OF-TRUTH PRECEDENCE,Do not silently improvise conflict resolution.,CONTROL_IMPLEMENTED,instructions/02_SOURCE_OF_TRUTH_AND_CONFLICT_RESOLUTION.md;instructions/policies/source_precedence.json,VAL-SOURCE-PRECEDENCE,The referenced canonical control and validation mapping implement this obligation in the delivered repository control system.
MPR-06-014,6,SOURCE-OF-TRUTH PRECEDENCE,Do not rewrite historical documents merely because current operational status supersedes them.,CONTROL_IMPLEMENTED,instructions/02_SOURCE_OF_TRUTH_AND_CONFLICT_RESOLUTION.md;instructions/policies/source_precedence.json;instructions/07_JIRA_OPERATING_CONTRACT.md;instructions/08_LOCAL_JIRA_MIRROR_AND_SYNC.md;instructions/policies/jira_operating_policy.json;jira/README.md,VAL-SOURCE-PRECEDENCE;VAL-JIRA-POLICY;VAL-JIRA,The referenced canonical control and validation mapping implement this obligation in the delivered repository control system.
MPR-07-001,7,SINGLE CANONICAL INSTRUCTION SYSTEM,Create one canonical instruction system rather than multiple competing systems.,CONTROL_IMPLEMENTED,instructions/START_HERE.md;instructions/20_INSTRUCTION_MAINTENANCE_AND_CHANGE_CONTROL.md;instructions/03_REPOSITORY_ARCHITECTURE_AND_NAVIGATION.md;instructions/manifest.json,VAL-ENTRYPOINT;VAL-DUPLICATION;VAL-MANIFEST;VAL-READ-BUDGET,The referenced canonical control and validation mapping implement this obligation in the delivered repository control system.
MPR-07-002,7,SINGLE CANONICAL INSTRUCTION SYSTEM,"Orchestrate and reference AGENTS.md, .codex, .github, governance, plans, and final handoff instead of duplicating them wholesale.",CONTROL_IMPLEMENTED,instructions/START_HERE.md;instructions/20_INSTRUCTION_MAINTENANCE_AND_CHANGE_CONTROL.md,VAL-ENTRYPOINT;VAL-DUPLICATION,The referenced canonical control and validation mapping implement this obligation in the delivered repository control system.
MPR-07-003,7,SINGLE CANONICAL INSTRUCTION SYSTEM,Provide instructions/START_HERE.md as the obvious single entrypoint.,CONTROL_IMPLEMENTED,instructions/START_HERE.md;instructions/20_INSTRUCTION_MAINTENANCE_AND_CHANGE_CONTROL.md;instructions/03_REPOSITORY_ARCHITECTURE_AND_NAVIGATION.md;instructions/manifest.json,VAL-ENTRYPOINT;VAL-DUPLICATION;VAL-MANIFEST;VAL-READ-BUDGET,The referenced canonical control and validation mapping implement this obligation in the delivered repository control system.
MPR-07-004,7,SINGLE CANONICAL INSTRUCTION SYSTEM,"Make the entrypoint explain what to read, read order, work selection, execution, validation, Jira, GitHub, blockers, and continuation.",CONTROL_IMPLEMENTED,instructions/START_HERE.md;instructions/20_INSTRUCTION_MAINTENANCE_AND_CHANGE_CONTROL.md,VAL-ENTRYPOINT;VAL-DUPLICATION,The referenced canonical control and validation mapping implement this obligation in the delivered repository control system.
MPR-07-005,7,SINGLE CANONICAL INSTRUCTION SYSTEM,Give every major policy one canonical home.,CONTROL_IMPLEMENTED,instructions/START_HERE.md;instructions/20_INSTRUCTION_MAINTENANCE_AND_CHANGE_CONTROL.md,VAL-ENTRYPOINT;VAL-DUPLICATION,The referenced canonical control and validation mapping implement this obligation in the delivered repository control system.
MPR-07-006,7,SINGLE CANONICAL INSTRUCTION SYSTEM,Use links or compatibility pointers instead of slightly different restatements.,CONTROL_IMPLEMENTED,instructions/START_HERE.md;instructions/20_INSTRUCTION_MAINTENANCE_AND_CHANGE_CONTROL.md,VAL-ENTRYPOINT;VAL-DUPLICATION,The referenced canonical control and validation mapping implement this obligation in the delivered repository control system.
MPR-07-007,7,SINGLE CANONICAL INSTRUCTION SYSTEM,Validate against policy duplication and stale competing numbered documents.,CONTROL_IMPLEMENTED,instructions/START_HERE.md;instructions/20_INSTRUCTION_MAINTENANCE_AND_CHANGE_CONTROL.md,VAL-ENTRYPOINT;VAL-DUPLICATION,The referenced canonical control and validation mapping implement this obligation in the delivered repository control system.
MPR-08-001,8,REQUIRED INSTRUCTION-PACK COVERAGE,"Cover project identity, operating contract, source precedence, architecture navigation, task selection, sequencing, Definition of Done, and continuation.",CONTROL_IMPLEMENTED,instructions/START_HERE.md;instructions/manifest.json;instructions/22_MASTER_PROMPT_COMPLIANCE_LEDGER.md;instructions/12_CI_TESTING_EVIDENCE_AND_DEFINITION_OF_DONE.md;instructions/policies/definition_of_done.json;instructions/catalogs/validation_command_catalog.json;instructions/15_ARCHITECTURE_DOCUMENTATION_RELEASE_AND_ROLLBACK.md;instructions/templates/ARCHITECTURE_CHANGE_PROPOSAL.md,VAL-MANIFEST;VAL-COMPLIANCE;VAL-TESTING-POLICY;VAL-DOD;VAL-ARCHITECTURE-CHANGE;VAL-DOCUMENTATION-POLICY;VAL-READ-BUDGET;VAL-SOURCE-PRECEDENCE,The referenced canonical control and validation mapping implement this obligation in the delivered repository control system.
MPR-08-002,8,REQUIRED INSTRUCTION-PACK COVERAGE,"Cover Jira hierarchy, selection, source traceability, dependencies, transitions, local mirror, synchronization, evidence, blockers, hygiene, and anti-spam.",CONTROL_IMPLEMENTED,instructions/START_HERE.md;instructions/manifest.json;instructions/22_MASTER_PROMPT_COMPLIANCE_LEDGER.md;instructions/07_JIRA_OPERATING_CONTRACT.md;instructions/08_LOCAL_JIRA_MIRROR_AND_SYNC.md;instructions/policies/jira_operating_policy.json;jira/README.md;instructions/17_BLOCKERS_LOOPS_OVERENGINEERING_AND_RECOVERY.md,VAL-MANIFEST;VAL-COMPLIANCE;VAL-JIRA-POLICY;VAL-JIRA;VAL-LOOP-POLICY;VAL-BLOCKER-POLICY;VAL-OVERENGINEERING;VAL-TASK-SELECTION,The referenced canonical control and validation mapping implement this obligation in the delivered repository control system.
MPR-08-003,8,REQUIRED INSTRUCTION-PACK COVERAGE,"Cover canonical repository, local/remote reconciliation, hygiene, branches, worktrees, commits, PRs, merge, cleanup, stale branches, dirty recovery, CI, reviews, and release/tag policy.",CONTROL_IMPLEMENTED,instructions/runbooks/STALE_BRANCH_AND_WORKTREE.md;instructions/START_HERE.md;instructions/manifest.json;instructions/22_MASTER_PROMPT_COMPLIANCE_LEDGER.md;instructions/11_PULL_REQUEST_REVIEW_MERGE_AND_CLEANUP.md;instructions/19_GITHUB_ENFORCEMENT_RECOMMENDATIONS.md;.github/pull_request_template.md;instructions/09_GIT_REPOSITORY_SAFETY_AND_RECOVERY.md,VAL-RUNBOOKS;VAL-MANIFEST;VAL-COMPLIANCE;VAL-PR-LIFECYCLE;VAL-GITHUB-ENFORCEMENT;VAL-GIT-POLICY;VAL-WORKTREE-POLICY;VAL-TESTING-POLICY,The referenced canonical control and validation mapping implement this obligation in the delivered repository control system.
MPR-08-004,8,REQUIRED INSTRUCTION-PACK COVERAGE,"Cover startup, execution loop, meaningful progress, anti-loop, retry, blockers, context recovery, continuation, concurrency, ownership, and resources.",CONTROL_IMPLEMENTED,instructions/START_HERE.md;instructions/manifest.json;instructions/22_MASTER_PROMPT_COMPLIANCE_LEDGER.md;instructions/17_BLOCKERS_LOOPS_OVERENGINEERING_AND_RECOVERY.md;instructions/18_OPERATIONAL_RUNBOOKS.md;instructions/policies/loop_and_retry_policy.json;instructions/16_PARALLELISM_RESOURCES_CONTEXT_AND_HANDOFF.md;instructions/policies/parallelism_policy.json,VAL-MANIFEST;VAL-COMPLIANCE;VAL-LOOP-POLICY;VAL-BLOCKER-POLICY;VAL-OVERENGINEERING;VAL-PARALLELISM;VAL-HANDOFF;VAL-EXECUTION-LOOP,The referenced canonical control and validation mapping implement this obligation in the delivered repository control system.
MPR-08-005,8,REQUIRED INSTRUCTION-PACK COVERAGE,"Cover testing, validation, documentation, architecture changes, dependencies, security, secrets, provenance, data protection, ML evidence, rollback, observability, and release readiness.",CONTROL_IMPLEMENTED,instructions/START_HERE.md;instructions/manifest.json;instructions/22_MASTER_PROMPT_COMPLIANCE_LEDGER.md;instructions/12_CI_TESTING_EVIDENCE_AND_DEFINITION_OF_DONE.md;instructions/policies/definition_of_done.json;instructions/catalogs/validation_command_catalog.json;instructions/13_SECURITY_SECRETS_DATA_RIGHTS_AND_DEPENDENCIES.md;instructions/policies/security_policy.json,VAL-MANIFEST;VAL-COMPLIANCE;VAL-TESTING-POLICY;VAL-DOD;VAL-SECURITY-POLICY;VAL-SECRET;VAL-ML-GOVERNANCE;VAL-PROTECTED,The referenced canonical control and validation mapping implement this obligation in the delivered repository control system.
MPR-08-006,8,REQUIRED INSTRUCTION-PACK COVERAGE,Provide only templates and checklists that materially improve AI execution.,CONTROL_IMPLEMENTED,instructions/START_HERE.md;instructions/manifest.json;instructions/22_MASTER_PROMPT_COMPLIANCE_LEDGER.md,VAL-MANIFEST;VAL-COMPLIANCE,The referenced canonical control and validation mapping implement this obligation in the delivered repository control system.
MPR-08-007,8,REQUIRED INSTRUCTION-PACK COVERAGE,Avoid increasing file count merely for appearance.,CONTROL_IMPLEMENTED,instructions/START_HERE.md;instructions/manifest.json;instructions/22_MASTER_PROMPT_COMPLIANCE_LEDGER.md,VAL-MANIFEST;VAL-COMPLIANCE,The referenced canonical control and validation mapping implement this obligation in the delivered repository control system.
MPR-09-001,9,JIRA OPERATING MODEL,Establish Jira as the execution/work-state system while repository artifacts remain technical truth where appropriate.,CONTROL_IMPLEMENTED,instructions/07_JIRA_OPERATING_CONTRACT.md;instructions/policies/jira_operating_policy.json;instructions/08_LOCAL_JIRA_MIRROR_AND_SYNC.md;jira/README.md,VAL-JIRA;VAL-JIRA-POLICY,The referenced canonical control and validation mapping implement this obligation in the delivered repository control system.
MPR-09-002,9,JIRA OPERATING MODEL,Prohibit implementation from a Jira summary alone.,CONTROL_IMPLEMENTED,instructions/07_JIRA_OPERATING_CONTRACT.md;instructions/policies/jira_operating_policy.json;instructions/08_LOCAL_JIRA_MIRROR_AND_SYNC.md;jira/README.md;instructions/04_AUTONOMOUS_OPERATING_CONTRACT.md;instructions/06_TASK_EXECUTION_AND_MEANINGFUL_PROGRESS.md;instructions/templates/TASK_EXECUTION_PACKET.md,VAL-JIRA;VAL-JIRA-POLICY;VAL-EXECUTION-LOOP;VAL-MEANINGFUL-PROGRESS,The referenced canonical control and validation mapping implement this obligation in the delivered repository control system.
MPR-09-003,9,JIRA OPERATING MODEL,"Require reading the Jira issue, parent chain, dependencies/blockers, internal epic/task IDs, REQs, ADRs, acceptance controls, project plans, architecture, protected rules, code, tests, schemas, and interfaces before planning.",CONTROL_IMPLEMENTED,instructions/07_JIRA_OPERATING_CONTRACT.md;instructions/policies/jira_operating_policy.json;instructions/08_LOCAL_JIRA_MIRROR_AND_SYNC.md;jira/README.md;instructions/12_CI_TESTING_EVIDENCE_AND_DEFINITION_OF_DONE.md;instructions/policies/definition_of_done.json;instructions/catalogs/validation_command_catalog.json,VAL-JIRA;VAL-JIRA-POLICY;VAL-TESTING-POLICY;VAL-DOD,The referenced canonical control and validation mapping implement this obligation in the delivered repository control system.
MPR-09-004,9,JIRA OPERATING MODEL,Require the agent to formulate an implementation plan after the mandatory reading sequence.,CONTROL_IMPLEMENTED,instructions/07_JIRA_OPERATING_CONTRACT.md;instructions/policies/jira_operating_policy.json;instructions/04_AUTONOMOUS_OPERATING_CONTRACT.md;instructions/06_TASK_EXECUTION_AND_MEANINGFUL_PROGRESS.md;instructions/templates/TASK_EXECUTION_PACKET.md,VAL-JIRA;VAL-EXECUTION-LOOP;VAL-MEANINGFUL-PROGRESS,The referenced canonical control and validation mapping implement this obligation in the delivered repository control system.
MPR-09-005,9,JIRA OPERATING MODEL,"Map BAT issues to internal EPIC, TASK, REQ, ADR, and AC identifiers.",CONTROL_IMPLEMENTED,instructions/07_JIRA_OPERATING_CONTRACT.md;instructions/policies/jira_operating_policy.json;instructions/08_LOCAL_JIRA_MIRROR_AND_SYNC.md;jira/README.md,VAL-JIRA;VAL-JIRA-POLICY,The referenced canonical control and validation mapping implement this obligation in the delivered repository control system.
MPR-09-006,9,JIRA OPERATING MODEL,"Make every material issue explain why it exists, source requirement, acceptance, dependencies, affected components, completion evidence, and implementing PR.",CONTROL_IMPLEMENTED,instructions/07_JIRA_OPERATING_CONTRACT.md;instructions/policies/jira_operating_policy.json;instructions/08_LOCAL_JIRA_MIRROR_AND_SYNC.md;jira/README.md;instructions/11_PULL_REQUEST_REVIEW_MERGE_AND_CLEANUP.md;instructions/19_GITHUB_ENFORCEMENT_RECOMMENDATIONS.md;.github/pull_request_template.md;instructions/04_AUTONOMOUS_OPERATING_CONTRACT.md,VAL-JIRA;VAL-JIRA-POLICY;VAL-PR-LIFECYCLE;VAL-GITHUB-ENFORCEMENT;VAL-EXECUTION-LOOP;VAL-MEANINGFUL-PROGRESS,The referenced canonical control and validation mapping implement this obligation in the delivered repository control system.
MPR-09-007,9,JIRA OPERATING MODEL,Create a machine-readable Jira source-map contract.,CONTROL_IMPLEMENTED,instructions/07_JIRA_OPERATING_CONTRACT.md;instructions/policies/jira_operating_policy.json;instructions/08_LOCAL_JIRA_MIRROR_AND_SYNC.md;jira/README.md,VAL-JIRA;VAL-JIRA-POLICY,The referenced canonical control and validation mapping implement this obligation in the delivered repository control system.
MPR-09-008,9,JIRA OPERATING MODEL,Do not duplicate entire project plans in Jira; reference canonical documents.,CONTROL_IMPLEMENTED,instructions/07_JIRA_OPERATING_CONTRACT.md;instructions/policies/jira_operating_policy.json;instructions/08_LOCAL_JIRA_MIRROR_AND_SYNC.md;jira/README.md,VAL-JIRA;VAL-JIRA-POLICY,The referenced canonical control and validation mapping implement this obligation in the delivered repository control system.
MPR-10-001,10,LOCAL JIRA DIRECTORY,Define the role of C:\BatteredAggieSyndrome\jira.,CONTROL_IMPLEMENTED,instructions/08_LOCAL_JIRA_MIRROR_AND_SYNC.md;jira/README.md;jira/schemas/issue_source_map.schema.json;instructions/07_JIRA_OPERATING_CONTRACT.md;instructions/policies/jira_operating_policy.json,VAL-JIRA;VAL-JIRA-POLICY,The referenced canonical control and validation mapping implement this obligation in the delivered repository control system.
MPR-10-002,10,LOCAL JIRA DIRECTORY,Optimize the local Jira directory for AI-readable indexing and traceability.,CONTROL_IMPLEMENTED,instructions/08_LOCAL_JIRA_MIRROR_AND_SYNC.md;jira/README.md;jira/schemas/issue_source_map.schema.json;instructions/07_JIRA_OPERATING_CONTRACT.md;instructions/policies/jira_operating_policy.json,VAL-JIRA;VAL-JIRA-POLICY,The referenced canonical control and validation mapping implement this obligation in the delivered repository control system.
MPR-10-003,10,LOCAL JIRA DIRECTORY,Prevent the local directory from becoming an uncontrolled second Jira database.,CONTROL_IMPLEMENTED,instructions/08_LOCAL_JIRA_MIRROR_AND_SYNC.md;jira/README.md;jira/schemas/issue_source_map.schema.json;instructions/07_JIRA_OPERATING_CONTRACT.md;instructions/policies/jira_operating_policy.json,VAL-JIRA;VAL-JIRA-POLICY,The referenced canonical control and validation mapping implement this obligation in the delivered repository control system.
MPR-10-004,10,LOCAL JIRA DIRECTORY,"Support verified project metadata, issue-source mappings, snapshots, dependency exports, sync metadata, field/status mappings, schemas, and templates where useful.",CONTROL_IMPLEMENTED,instructions/08_LOCAL_JIRA_MIRROR_AND_SYNC.md;jira/README.md;jira/schemas/issue_source_map.schema.json;instructions/07_JIRA_OPERATING_CONTRACT.md;instructions/policies/jira_operating_policy.json,VAL-JIRA;VAL-JIRA-POLICY,The referenced canonical control and validation mapping implement this obligation in the delivered repository control system.
MPR-10-005,10,LOCAL JIRA DIRECTORY,Make live Jira authoritative for workflow state.,CONTROL_IMPLEMENTED,instructions/08_LOCAL_JIRA_MIRROR_AND_SYNC.md;jira/README.md;jira/schemas/issue_source_map.schema.json;instructions/07_JIRA_OPERATING_CONTRACT.md;instructions/policies/jira_operating_policy.json,VAL-JIRA;VAL-JIRA-POLICY,The referenced canonical control and validation mapping implement this obligation in the delivered repository control system.
MPR-10-006,10,LOCAL JIRA DIRECTORY,Make repository governance authoritative for technical requirements and accepted architecture.,CONTROL_IMPLEMENTED,instructions/08_LOCAL_JIRA_MIRROR_AND_SYNC.md;jira/README.md;jira/schemas/issue_source_map.schema.json,VAL-JIRA,The referenced canonical control and validation mapping implement this obligation in the delivered repository control system.
MPR-10-007,10,LOCAL JIRA DIRECTORY,Make the local Jira directory a synchronized mirror/index/traceability layer.,CONTROL_IMPLEMENTED,instructions/08_LOCAL_JIRA_MIRROR_AND_SYNC.md;jira/README.md;jira/schemas/issue_source_map.schema.json;instructions/07_JIRA_OPERATING_CONTRACT.md;instructions/policies/jira_operating_policy.json,VAL-JIRA;VAL-JIRA-POLICY,The referenced canonical control and validation mapping implement this obligation in the delivered repository control system.
MPR-10-008,10,LOCAL JIRA DIRECTORY,Document and validate any change to that authority model.,CONTROL_IMPLEMENTED,instructions/08_LOCAL_JIRA_MIRROR_AND_SYNC.md;jira/README.md;jira/schemas/issue_source_map.schema.json;instructions/02_SOURCE_OF_TRUTH_AND_CONFLICT_RESOLUTION.md;instructions/policies/source_precedence.json,VAL-JIRA;VAL-SOURCE-PRECEDENCE,The referenced canonical control and validation mapping implement this obligation in the delivered repository control system.
MPR-10-009,10,LOCAL JIRA DIRECTORY,Keep private full issue caches local-only by default.,CONTROL_IMPLEMENTED,instructions/08_LOCAL_JIRA_MIRROR_AND_SYNC.md;jira/README.md;jira/schemas/issue_source_map.schema.json;instructions/07_JIRA_OPERATING_CONTRACT.md;instructions/policies/jira_operating_policy.json,VAL-JIRA;VAL-JIRA-POLICY,The referenced canonical control and validation mapping implement this obligation in the delivered repository control system.
MPR-11-001,11,JIRA STATUS HYGIENE,Inspect the real BAT workflow instead of inventing status names.,CONTROL_IMPLEMENTED_EXTERNAL_ACTIVATION_REQUIRED,instructions/07_JIRA_OPERATING_CONTRACT.md;instructions/policies/task_state_machine.json;jira/status_map.json;instructions/08_LOCAL_JIRA_MIRROR_AND_SYNC.md;instructions/policies/jira_operating_policy.json;jira/README.md,VAL-JIRA;VAL-JIRA-POLICY,"The durable control is implemented, but activation or direct verification of the referenced live Windows/GitHub/Jira state requires the correct local checkout, authorized account, or explicit high-risk approval. No value was invented."
MPR-11-002,11,JIRA STATUS HYGIENE,"Define conceptual backlog, ready, in-progress, blocked, review, done, and canceled states without claiming live mappings until verified.",CONTROL_IMPLEMENTED,instructions/07_JIRA_OPERATING_CONTRACT.md;instructions/policies/task_state_machine.json;jira/status_map.json,VAL-JIRA,The referenced canonical control and validation mapping implement this obligation in the delivered repository control system.
MPR-11-003,11,JIRA STATUS HYGIENE,Require exact live status and transition-ID verification before Jira transitions.,CONTROL_IMPLEMENTED_EXTERNAL_ACTIVATION_REQUIRED,instructions/07_JIRA_OPERATING_CONTRACT.md;instructions/policies/task_state_machine.json;jira/status_map.json;instructions/08_LOCAL_JIRA_MIRROR_AND_SYNC.md;instructions/policies/jira_operating_policy.json;jira/README.md,VAL-JIRA;VAL-JIRA-POLICY,"The durable control is implemented, but activation or direct verification of the referenced live Windows/GitHub/Jira state requires the correct local checkout, authorized account, or explicit high-risk approval. No value was invented."
MPR-11-004,11,JIRA STATUS HYGIENE,Prohibit fake progress and treating code-written as Done.,CONTROL_IMPLEMENTED,instructions/07_JIRA_OPERATING_CONTRACT.md;instructions/policies/task_state_machine.json;jira/status_map.json,VAL-JIRA,The referenced canonical control and validation mapping implement this obligation in the delivered repository control system.
MPR-11-005,11,JIRA STATUS HYGIENE,Require applicable Definition-of-Done evidence before Done.,CONTROL_IMPLEMENTED,instructions/07_JIRA_OPERATING_CONTRACT.md;instructions/policies/task_state_machine.json;jira/status_map.json,VAL-JIRA,The referenced canonical control and validation mapping implement this obligation in the delivered repository control system.
MPR-11-006,11,JIRA STATUS HYGIENE,"Record active agent/session, branch/worktree, and implementation unit when beginning work.",CONTROL_IMPLEMENTED,instructions/07_JIRA_OPERATING_CONTRACT.md;instructions/policies/task_state_machine.json;jira/status_map.json;instructions/09_GIT_REPOSITORY_SAFETY_AND_RECOVERY.md;instructions/10_BRANCH_WORKTREE_AND_COMMIT_POLICY.md;instructions/runbooks/REPOSITORY_IDENTITY_AND_REMOTE_RECONCILIATION.md,VAL-JIRA;VAL-GIT-POLICY;VAL-WORKTREE-POLICY,The referenced canonical control and validation mapping implement this obligation in the delivered repository control system.
MPR-11-007,11,JIRA STATUS HYGIENE,"Record summary, acceptance, tests, PR, commits, limitations, and legitimate follow-up when completing work.",CONTROL_IMPLEMENTED,instructions/07_JIRA_OPERATING_CONTRACT.md;instructions/policies/task_state_machine.json;jira/status_map.json;instructions/11_PULL_REQUEST_REVIEW_MERGE_AND_CLEANUP.md;instructions/19_GITHUB_ENFORCEMENT_RECOMMENDATIONS.md;.github/pull_request_template.md;instructions/09_GIT_REPOSITORY_SAFETY_AND_RECOVERY.md;instructions/10_BRANCH_WORKTREE_AND_COMMIT_POLICY.md,VAL-JIRA;VAL-PR-LIFECYCLE;VAL-GITHUB-ENFORCEMENT;VAL-GIT-POLICY;VAL-WORKTREE-POLICY;VAL-TESTING-POLICY;VAL-DOD,The referenced canonical control and validation mapping implement this obligation in the delivered repository control system.
MPR-11-008,11,JIRA STATUS HYGIENE,Avoid repetitive comments for every command or micro-step.,CONTROL_IMPLEMENTED,instructions/07_JIRA_OPERATING_CONTRACT.md;instructions/policies/task_state_machine.json;jira/status_map.json,VAL-JIRA,The referenced canonical control and validation mapping implement this obligation in the delivered repository control system.
MPR-11-009,11,JIRA STATUS HYGIENE,Make Jira updates meaningful and state-changing only when evidence supports them.,CONTROL_IMPLEMENTED,instructions/07_JIRA_OPERATING_CONTRACT.md;instructions/policies/task_state_machine.json;jira/status_map.json;instructions/08_LOCAL_JIRA_MIRROR_AND_SYNC.md;instructions/policies/jira_operating_policy.json;jira/README.md,VAL-JIRA;VAL-JIRA-POLICY,The referenced canonical control and validation mapping implement this obligation in the delivered repository control system.
MPR-12-001,12,JIRA TICKET GRANULARITY — PREVENT AI TICKET EXPLOSION,Prevent autonomous Jira ticket explosion.,CONTROL_IMPLEMENTED,instructions/07_JIRA_OPERATING_CONTRACT.md;instructions/templates/NEW_ISSUE_DECISION.md;instructions/08_LOCAL_JIRA_MIRROR_AND_SYNC.md;instructions/policies/jira_operating_policy.json;jira/README.md,VAL-JIRA-POLICY;VAL-JIRA,The referenced canonical control and validation mapping implement this obligation in the delivered repository control system.
MPR-12-002,12,JIRA TICKET GRANULARITY — PREVENT AI TICKET EXPLOSION,"Do not create one ticket per file, function, refactor, unit test, command, or minor step.",CONTROL_IMPLEMENTED,instructions/07_JIRA_OPERATING_CONTRACT.md;instructions/templates/NEW_ISSUE_DECISION.md;instructions/08_LOCAL_JIRA_MIRROR_AND_SYNC.md;instructions/policies/jira_operating_policy.json;jira/README.md,VAL-JIRA-POLICY;VAL-JIRA,The referenced canonical control and validation mapping implement this obligation in the delivered repository control system.
MPR-12-003,12,JIRA TICKET GRANULARITY — PREVENT AI TICKET EXPLOSION,Define Epic as a substantial capability/outcome.,CONTROL_IMPLEMENTED,instructions/07_JIRA_OPERATING_CONTRACT.md;instructions/templates/NEW_ISSUE_DECISION.md,VAL-JIRA-POLICY,The referenced canonical control and validation mapping implement this obligation in the delivered repository control system.
MPR-12-004,12,JIRA TICKET GRANULARITY — PREVENT AI TICKET EXPLOSION,Define Story/Task as an independently meaningful implementation or deliverable.,CONTROL_IMPLEMENTED,instructions/07_JIRA_OPERATING_CONTRACT.md;instructions/templates/NEW_ISSUE_DECISION.md;instructions/04_AUTONOMOUS_OPERATING_CONTRACT.md;instructions/06_TASK_EXECUTION_AND_MEANINGFUL_PROGRESS.md;instructions/templates/TASK_EXECUTION_PACKET.md,VAL-JIRA-POLICY;VAL-EXECUTION-LOOP;VAL-MEANINGFUL-PROGRESS,The referenced canonical control and validation mapping implement this obligation in the delivered repository control system.
MPR-12-005,12,JIRA TICKET GRANULARITY — PREVENT AI TICKET EXPLOSION,Use Subtasks only when separate tracking is beneficial.,CONTROL_IMPLEMENTED,instructions/07_JIRA_OPERATING_CONTRACT.md;instructions/templates/NEW_ISSUE_DECISION.md,VAL-JIRA-POLICY,The referenced canonical control and validation mapping implement this obligation in the delivered repository control system.
MPR-12-006,12,JIRA TICKET GRANULARITY — PREVENT AI TICKET EXPLOSION,"Keep micro-work in checklists, commits, task packets, or PR descriptions.",CONTROL_IMPLEMENTED,instructions/07_JIRA_OPERATING_CONTRACT.md;instructions/templates/NEW_ISSUE_DECISION.md,VAL-JIRA-POLICY,The referenced canonical control and validation mapping implement this obligation in the delivered repository control system.
MPR-12-007,12,JIRA TICKET GRANULARITY — PREVENT AI TICKET EXPLOSION,Require a new-issue decision gate and duplicate search before issue creation.,CONTROL_IMPLEMENTED,instructions/07_JIRA_OPERATING_CONTRACT.md;instructions/templates/NEW_ISSUE_DECISION.md;instructions/08_LOCAL_JIRA_MIRROR_AND_SYNC.md;instructions/policies/jira_operating_policy.json;jira/README.md,VAL-JIRA-POLICY;VAL-JIRA,The referenced canonical control and validation mapping implement this obligation in the delivered repository control system.
MPR-13-001,13,TASK SELECTION AND BUILD SEQUENCE,Use dependency-driven execution rather than random interesting work.,CONTROL_IMPLEMENTED,instructions/05_TASK_SELECTION_AND_SEQUENCING.md;instructions/policies/task_selection_policy.json;tools/select_next_work.py,VAL-TASK-SELECTION,The referenced canonical control and validation mapping implement this obligation in the delivered repository control system.
MPR-13-002,13,TASK SELECTION AND BUILD SEQUENCE,"Prioritize P0 target/source access, rights, real history, canonical identity, PIT state, and leakage/replay validation.",CONTROL_IMPLEMENTED,instructions/05_TASK_SELECTION_AND_SEQUENCING.md;instructions/policies/task_selection_policy.json;tools/select_next_work.py;instructions/14_DATA_ML_PIT_PROVENANCE_AND_EVALUATION.md;instructions/policies/protected_scope_policy.json;governance/PROTECTED_ACCEPTANCE_RULES.md,VAL-TASK-SELECTION;VAL-ML-GOVERNANCE;VAL-PROTECTED,The referenced canonical control and validation mapping implement this obligation in the delivered repository control system.
MPR-13-003,13,TASK SELECTION AND BUILD SEQUENCE,"Prioritize P1 baselines, chronological evaluation, calibration, promotion, A&M specialization, and BAS validation after P0.",CONTROL_IMPLEMENTED,instructions/05_TASK_SELECTION_AND_SEQUENCING.md;instructions/policies/task_selection_policy.json;tools/select_next_work.py;instructions/14_DATA_ML_PIT_PROVENANCE_AND_EVALUATION.md;instructions/policies/protected_scope_policy.json;governance/PROTECTED_ACCEPTANCE_RULES.md,VAL-TASK-SELECTION;VAL-ML-GOVERNANCE;VAL-PROTECTED,The referenced canonical control and validation mapping implement this obligation in the delivered repository control system.
MPR-13-004,13,TASK SELECTION AND BUILD SEQUENCE,"Prioritize P2 weekly operations, immutable publishing, serving, freshness, backup/restore, observability, security, and drift after P1.",CONTROL_IMPLEMENTED,instructions/05_TASK_SELECTION_AND_SEQUENCING.md;instructions/policies/task_selection_policy.json;tools/select_next_work.py,VAL-TASK-SELECTION,The referenced canonical control and validation mapping implement this obligation in the delivered repository control system.
MPR-13-005,13,TASK SELECTION AND BUILD SEQUENCE,"Admit P3 neural, sequence, graph, live, or complex infrastructure only after simpler foundations and evidence.",CONTROL_IMPLEMENTED,instructions/05_TASK_SELECTION_AND_SEQUENCING.md;instructions/policies/task_selection_policy.json;tools/select_next_work.py;instructions/14_DATA_ML_PIT_PROVENANCE_AND_EVALUATION.md;instructions/policies/protected_scope_policy.json;governance/PROTECTED_ACCEPTANCE_RULES.md,VAL-TASK-SELECTION;VAL-ML-GOVERNANCE;VAL-PROTECTED,The referenced canonical control and validation mapping implement this obligation in the delivered repository control system.
MPR-13-006,13,TASK SELECTION AND BUILD SEQUENCE,"Consider priority, dependencies, blocking impact, source readiness, ownership, risk, and evidence value.",CONTROL_IMPLEMENTED,instructions/05_TASK_SELECTION_AND_SEQUENCING.md;instructions/policies/task_selection_policy.json;tools/select_next_work.py,VAL-TASK-SELECTION,The referenced canonical control and validation mapping implement this obligation in the delivered repository control system.
MPR-13-007,13,TASK SELECTION AND BUILD SEQUENCE,"When blocked, select another independent Ready task rather than meaningless housekeeping.",CONTROL_IMPLEMENTED,instructions/05_TASK_SELECTION_AND_SEQUENCING.md;instructions/policies/task_selection_policy.json;tools/select_next_work.py;instructions/17_BLOCKERS_LOOPS_OVERENGINEERING_AND_RECOVERY.md;instructions/18_OPERATIONAL_RUNBOOKS.md;instructions/policies/loop_and_retry_policy.json,VAL-TASK-SELECTION;VAL-LOOP-POLICY;VAL-BLOCKER-POLICY;VAL-OVERENGINEERING,The referenced canonical control and validation mapping implement this obligation in the delivered repository control system.
MPR-13-008,13,TASK SELECTION AND BUILD SEQUENCE,Resume valid unfinished work before claiming new work.,CONTROL_IMPLEMENTED,instructions/05_TASK_SELECTION_AND_SEQUENCING.md;instructions/policies/task_selection_policy.json;tools/select_next_work.py,VAL-TASK-SELECTION,The referenced canonical control and validation mapping implement this obligation in the delivered repository control system.
MPR-13-009,13,TASK SELECTION AND BUILD SEQUENCE,Keep HANDOFF-001 target-host blocked and HANDOFF-002 the repository-evidenced independent fallback subject to live gates.,CONTROL_IMPLEMENTED,instructions/05_TASK_SELECTION_AND_SEQUENCING.md;instructions/policies/task_selection_policy.json;tools/select_next_work.py;instructions/17_BLOCKERS_LOOPS_OVERENGINEERING_AND_RECOVERY.md;instructions/18_OPERATIONAL_RUNBOOKS.md;instructions/policies/loop_and_retry_policy.json;instructions/16_PARALLELISM_RESOURCES_CONTEXT_AND_HANDOFF.md;instructions/policies/parallelism_policy.json,VAL-TASK-SELECTION;VAL-LOOP-POLICY;VAL-BLOCKER-POLICY;VAL-OVERENGINEERING;VAL-PARALLELISM;VAL-HANDOFF,The referenced canonical control and validation mapping implement this obligation in the delivered repository control system.
MPR-14-001,14,GIT/GITHUB OPERATING CONTRACT,Create a complete Git/GitHub operating contract for long-running autonomous AI development.,CONTROL_IMPLEMENTED,instructions/09_GIT_REPOSITORY_SAFETY_AND_RECOVERY.md;instructions/10_BRANCH_WORKTREE_AND_COMMIT_POLICY.md;instructions/11_PULL_REQUEST_REVIEW_MERGE_AND_CLEANUP.md;instructions/policies/git_policy.json;instructions/19_GITHUB_ENFORCEMENT_RECOMMENDATIONS.md;.github/pull_request_template.md;instructions/runbooks/REPOSITORY_IDENTITY_AND_REMOTE_RECONCILIATION.md,VAL-GIT-POLICY;VAL-PR-LIFECYCLE;VAL-GITHUB-ENFORCEMENT;VAL-WORKTREE-POLICY,The referenced canonical control and validation mapping implement this obligation in the delivered repository control system.
MPR-14-002,14,GIT/GITHUB OPERATING CONTRACT,Make the repository resemble disciplined senior-engineering maintenance.,CONTROL_IMPLEMENTED,instructions/09_GIT_REPOSITORY_SAFETY_AND_RECOVERY.md;instructions/10_BRANCH_WORKTREE_AND_COMMIT_POLICY.md;instructions/11_PULL_REQUEST_REVIEW_MERGE_AND_CLEANUP.md;instructions/policies/git_policy.json,VAL-GIT-POLICY,The referenced canonical control and validation mapping implement this obligation in the delivered repository control system.
MPR-14-003,14,GIT/GITHUB OPERATING CONTRACT,Separate documented policy from unverified live remote settings.,CONTROL_IMPLEMENTED_EXTERNAL_ACTIVATION_REQUIRED,instructions/09_GIT_REPOSITORY_SAFETY_AND_RECOVERY.md;instructions/10_BRANCH_WORKTREE_AND_COMMIT_POLICY.md;instructions/11_PULL_REQUEST_REVIEW_MERGE_AND_CLEANUP.md;instructions/policies/git_policy.json;instructions/runbooks/REPOSITORY_IDENTITY_AND_REMOTE_RECONCILIATION.md,VAL-GIT-POLICY;VAL-WORKTREE-POLICY,"The durable control is implemented, but activation or direct verification of the referenced live Windows/GitHub/Jira state requires the correct local checkout, authorized account, or explicit high-risk approval. No value was invented."
MPR-14-004,14,GIT/GITHUB OPERATING CONTRACT,Require read-only reconciliation before Git/GitHub mutation when identity is uncertain.,CONTROL_IMPLEMENTED_EXTERNAL_ACTIVATION_REQUIRED,instructions/09_GIT_REPOSITORY_SAFETY_AND_RECOVERY.md;instructions/10_BRANCH_WORKTREE_AND_COMMIT_POLICY.md;instructions/11_PULL_REQUEST_REVIEW_MERGE_AND_CLEANUP.md;instructions/policies/git_policy.json;instructions/19_GITHUB_ENFORCEMENT_RECOMMENDATIONS.md;.github/pull_request_template.md;instructions/runbooks/REPOSITORY_IDENTITY_AND_REMOTE_RECONCILIATION.md,VAL-GIT-POLICY;VAL-PR-LIFECYCLE;VAL-GITHUB-ENFORCEMENT;VAL-WORKTREE-POLICY,"The durable control is implemented, but activation or direct verification of the referenced live Windows/GitHub/Jira state requires the correct local checkout, authorized account, or explicit high-risk approval. No value was invented."
MPR-15-001,15,CANONICAL REPOSITORY RULE,Enforce one canonical local repository at C:\BatteredAggieSyndrome.,CONTROL_IMPLEMENTED,instructions/09_GIT_REPOSITORY_SAFETY_AND_RECOVERY.md;instructions/policies/git_policy.json,VAL-CANONICAL-REPO,The referenced canonical control and validation mapping implement this obligation in the delivered repository control system.
MPR-15-002,15,CANONICAL REPOSITORY RULE,"Explicitly prohibit -clean, -new, -fixed, -copy, -final2, and similar replacement directories as dirty-state escapes.",CONTROL_IMPLEMENTED,instructions/09_GIT_REPOSITORY_SAFETY_AND_RECOVERY.md;instructions/policies/git_policy.json,VAL-CANONICAL-REPO,The referenced canonical control and validation mapping implement this obligation in the delivered repository control system.
MPR-15-003,15,CANONICAL REPOSITORY RULE,Use proper Git recovery and intentional worktrees rather than replacement clones.,CONTROL_IMPLEMENTED,instructions/09_GIT_REPOSITORY_SAFETY_AND_RECOVERY.md;instructions/policies/git_policy.json;instructions/10_BRANCH_WORKTREE_AND_COMMIT_POLICY.md;instructions/runbooks/REPOSITORY_IDENTITY_AND_REMOTE_RECONCILIATION.md,VAL-CANONICAL-REPO;VAL-GIT-POLICY;VAL-WORKTREE-POLICY,The referenced canonical control and validation mapping implement this obligation in the delivered repository control system.
MPR-15-004,15,CANONICAL REPOSITORY RULE,Allow backup/staging copies only when they are clearly noncanonical and do not replace trusted history.,CONTROL_IMPLEMENTED,instructions/09_GIT_REPOSITORY_SAFETY_AND_RECOVERY.md;instructions/policies/git_policy.json,VAL-CANONICAL-REPO,The referenced canonical control and validation mapping implement this obligation in the delivered repository control system.
MPR-16-001,16,DIRTY REPOSITORY DECISION TREE,Provide an explicit dirty-worktree decision tree.,CONTROL_IMPLEMENTED,instructions/09_GIT_REPOSITORY_SAFETY_AND_RECOVERY.md;instructions/runbooks/DIRTY_WORKTREE_RECOVERY.md;instructions/10_BRANCH_WORKTREE_AND_COMMIT_POLICY.md;instructions/runbooks/REPOSITORY_IDENTITY_AND_REMOTE_RECONCILIATION.md,VAL-GIT-POLICY;VAL-WORKTREE-POLICY,The referenced canonical control and validation mapping implement this obligation in the delivered repository control system.
MPR-16-002,16,DIRTY REPOSITORY DECISION TREE,"Inspect status, staged changes, unstaged changes, and untracked files before action.",CONTROL_IMPLEMENTED,instructions/09_GIT_REPOSITORY_SAFETY_AND_RECOVERY.md;instructions/runbooks/DIRTY_WORKTREE_RECOVERY.md,VAL-GIT-POLICY,The referenced canonical control and validation mapping implement this obligation in the delivered repository control system.
MPR-16-003,16,DIRTY REPOSITORY DECISION TREE,"Determine task ownership, other-agent/worktree ownership, and intentional user changes.",CONTROL_IMPLEMENTED,instructions/09_GIT_REPOSITORY_SAFETY_AND_RECOVERY.md;instructions/runbooks/DIRTY_WORKTREE_RECOVERY.md;instructions/10_BRANCH_WORKTREE_AND_COMMIT_POLICY.md;instructions/runbooks/REPOSITORY_IDENTITY_AND_REMOTE_RECONCILIATION.md,VAL-GIT-POLICY;VAL-WORKTREE-POLICY,The referenced canonical control and validation mapping implement this obligation in the delivered repository control system.
MPR-16-004,16,DIRTY REPOSITORY DECISION TREE,"Never automatically reset --hard, clean -fdx, discard unknown changes, overwrite another task, force-checkout, or clone a replacement repository.",CONTROL_IMPLEMENTED,instructions/09_GIT_REPOSITORY_SAFETY_AND_RECOVERY.md;instructions/runbooks/DIRTY_WORKTREE_RECOVERY.md;instructions/10_BRANCH_WORKTREE_AND_COMMIT_POLICY.md;instructions/runbooks/REPOSITORY_IDENTITY_AND_REMOTE_RECONCILIATION.md,VAL-GIT-POLICY;VAL-WORKTREE-POLICY,The referenced canonical control and validation mapping implement this obligation in the delivered repository control system.
MPR-16-005,16,DIRTY REPOSITORY DECISION TREE,Use an intentional worktree when isolation is required.,CONTROL_IMPLEMENTED,instructions/09_GIT_REPOSITORY_SAFETY_AND_RECOVERY.md;instructions/runbooks/DIRTY_WORKTREE_RECOVERY.md;instructions/10_BRANCH_WORKTREE_AND_COMMIT_POLICY.md;instructions/runbooks/REPOSITORY_IDENTITY_AND_REMOTE_RECONCILIATION.md,VAL-GIT-POLICY;VAL-WORKTREE-POLICY,The referenced canonical control and validation mapping implement this obligation in the delivered repository control system.
MPR-16-006,16,DIRTY REPOSITORY DECISION TREE,Constrain stash usage and record ownership/recovery when used.,CONTROL_IMPLEMENTED,instructions/09_GIT_REPOSITORY_SAFETY_AND_RECOVERY.md;instructions/runbooks/DIRTY_WORKTREE_RECOVERY.md;instructions/10_BRANCH_WORKTREE_AND_COMMIT_POLICY.md;instructions/runbooks/REPOSITORY_IDENTITY_AND_REMOTE_RECONCILIATION.md;instructions/17_BLOCKERS_LOOPS_OVERENGINEERING_AND_RECOVERY.md;instructions/18_OPERATIONAL_RUNBOOKS.md;instructions/policies/loop_and_retry_policy.json,VAL-GIT-POLICY;VAL-WORKTREE-POLICY;VAL-LOOP-POLICY;VAL-BLOCKER-POLICY;VAL-OVERENGINEERING,The referenced canonical control and validation mapping implement this obligation in the delivered repository control system.
MPR-16-007,16,DIRTY REPOSITORY DECISION TREE,Provide a safe recovery order and runbook.,CONTROL_IMPLEMENTED,instructions/09_GIT_REPOSITORY_SAFETY_AND_RECOVERY.md;instructions/runbooks/DIRTY_WORKTREE_RECOVERY.md;instructions/17_BLOCKERS_LOOPS_OVERENGINEERING_AND_RECOVERY.md;instructions/18_OPERATIONAL_RUNBOOKS.md;instructions/policies/loop_and_retry_policy.json,VAL-GIT-POLICY;VAL-LOOP-POLICY;VAL-BLOCKER-POLICY;VAL-OVERENGINEERING,The referenced canonical control and validation mapping implement this obligation in the delivered repository control system.
MPR-17-001,17,BRANCH STRATEGY,Use protected main and short-lived task branches by default.,CONTROL_IMPLEMENTED,instructions/10_BRANCH_WORKTREE_AND_COMMIT_POLICY.md;instructions/policies/git_policy.json;instructions/09_GIT_REPOSITORY_SAFETY_AND_RECOVERY.md;instructions/runbooks/REPOSITORY_IDENTITY_AND_REMOTE_RECONCILIATION.md,VAL-BRANCH-POLICY;VAL-GIT-POLICY;VAL-WORKTREE-POLICY,The referenced canonical control and validation mapping implement this obligation in the delivered repository control system.
MPR-17-002,17,BRANCH STRATEGY,Do not introduce a permanent dev branch without a demonstrated integration need.,CONTROL_IMPLEMENTED,instructions/10_BRANCH_WORKTREE_AND_COMMIT_POLICY.md;instructions/policies/git_policy.json;instructions/09_GIT_REPOSITORY_SAFETY_AND_RECOVERY.md;instructions/runbooks/REPOSITORY_IDENTITY_AND_REMOTE_RECONCILIATION.md,VAL-BRANCH-POLICY;VAL-GIT-POLICY;VAL-WORKTREE-POLICY,The referenced canonical control and validation mapping implement this obligation in the delivered repository control system.
MPR-17-003,17,BRANCH STRATEGY,Reconcile branch policy with the existing .codex worktree convention.,CONTROL_IMPLEMENTED,instructions/10_BRANCH_WORKTREE_AND_COMMIT_POLICY.md;instructions/policies/git_policy.json;instructions/09_GIT_REPOSITORY_SAFETY_AND_RECOVERY.md;instructions/runbooks/REPOSITORY_IDENTITY_AND_REMOTE_RECONCILIATION.md,VAL-BRANCH-POLICY;VAL-GIT-POLICY;VAL-WORKTREE-POLICY,The referenced canonical control and validation mapping implement this obligation in the delivered repository control system.
MPR-17-004,17,BRANCH STRATEGY,"Use a short, deterministic, searchable Jira-linked branch convention.",CONTROL_IMPLEMENTED,instructions/10_BRANCH_WORKTREE_AND_COMMIT_POLICY.md;instructions/policies/git_policy.json;instructions/07_JIRA_OPERATING_CONTRACT.md;instructions/08_LOCAL_JIRA_MIRROR_AND_SYNC.md;instructions/policies/jira_operating_policy.json;jira/README.md;instructions/09_GIT_REPOSITORY_SAFETY_AND_RECOVERY.md;instructions/runbooks/REPOSITORY_IDENTITY_AND_REMOTE_RECONCILIATION.md,VAL-BRANCH-POLICY;VAL-JIRA-POLICY;VAL-JIRA;VAL-GIT-POLICY;VAL-WORKTREE-POLICY,The referenced canonical control and validation mapping implement this obligation in the delivered repository control system.
MPR-17-005,17,BRANCH STRATEGY,Adopt codex/BAT-123-short-description as the canonical active convention.,CONTROL_IMPLEMENTED,instructions/10_BRANCH_WORKTREE_AND_COMMIT_POLICY.md;instructions/policies/git_policy.json;instructions/07_JIRA_OPERATING_CONTRACT.md;instructions/08_LOCAL_JIRA_MIRROR_AND_SYNC.md;instructions/policies/jira_operating_policy.json;jira/README.md,VAL-BRANCH-POLICY;VAL-JIRA-POLICY;VAL-JIRA,The referenced canonical control and validation mapping implement this obligation in the delivered repository control system.
MPR-17-006,17,BRANCH STRATEGY,Avoid taxonomy overengineering.,CONTROL_IMPLEMENTED,instructions/10_BRANCH_WORKTREE_AND_COMMIT_POLICY.md;instructions/policies/git_policy.json,VAL-BRANCH-POLICY,The referenced canonical control and validation mapping implement this obligation in the delivered repository control system.
MPR-17-007,17,BRANCH STRATEGY,Document how historical branch naming remains provenance rather than current policy.,CONTROL_IMPLEMENTED,instructions/10_BRANCH_WORKTREE_AND_COMMIT_POLICY.md;instructions/policies/git_policy.json;instructions/09_GIT_REPOSITORY_SAFETY_AND_RECOVERY.md;instructions/runbooks/REPOSITORY_IDENTITY_AND_REMOTE_RECONCILIATION.md,VAL-BRANCH-POLICY;VAL-GIT-POLICY;VAL-WORKTREE-POLICY,The referenced canonical control and validation mapping implement this obligation in the delivered repository control system.
MPR-18-001,18,WORKTREE STRATEGY,Use Git worktrees for legitimate isolated/parallel work rather than duplicate clones.,CONTROL_IMPLEMENTED,instructions/10_BRANCH_WORKTREE_AND_COMMIT_POLICY.md;.codex/WORKTREE_POLICY.md;scripts/new_worktree.ps1;instructions/09_GIT_REPOSITORY_SAFETY_AND_RECOVERY.md;instructions/runbooks/REPOSITORY_IDENTITY_AND_REMOTE_RECONCILIATION.md;instructions/16_PARALLELISM_RESOURCES_CONTEXT_AND_HANDOFF.md;instructions/policies/parallelism_policy.json;instructions/templates/HANDOFF_RECORD.md,VAL-WORKTREE-POLICY;VAL-GIT-POLICY;VAL-PARALLELISM;VAL-HANDOFF,The referenced canonical control and validation mapping implement this obligation in the delivered repository control system.
MPR-18-002,18,WORKTREE STRATEGY,"Use a worktree for independent safe work, rejectable experiments, occupied canonical worktree, or isolated testing.",CONTROL_IMPLEMENTED,instructions/10_BRANCH_WORKTREE_AND_COMMIT_POLICY.md;.codex/WORKTREE_POLICY.md;scripts/new_worktree.ps1;instructions/09_GIT_REPOSITORY_SAFETY_AND_RECOVERY.md;instructions/runbooks/REPOSITORY_IDENTITY_AND_REMOTE_RECONCILIATION.md;instructions/12_CI_TESTING_EVIDENCE_AND_DEFINITION_OF_DONE.md;instructions/policies/definition_of_done.json;instructions/catalogs/validation_command_catalog.json,VAL-WORKTREE-POLICY;VAL-GIT-POLICY;VAL-TESTING-POLICY;VAL-DOD,The referenced canonical control and validation mapping implement this obligation in the delivered repository control system.
MPR-18-003,18,WORKTREE STRATEGY,"Do not parallelize concurrent mutations to unfrozen schemas, protected rules, PIT semantics, canonical IDs, migrations, manifests, or shared interfaces.",CONTROL_IMPLEMENTED,instructions/10_BRANCH_WORKTREE_AND_COMMIT_POLICY.md;.codex/WORKTREE_POLICY.md;scripts/new_worktree.ps1;instructions/16_PARALLELISM_RESOURCES_CONTEXT_AND_HANDOFF.md;instructions/policies/parallelism_policy.json;instructions/templates/HANDOFF_RECORD.md,VAL-WORKTREE-POLICY;VAL-PARALLELISM;VAL-HANDOFF,The referenced canonical control and validation mapping implement this obligation in the delivered repository control system.
MPR-18-004,18,WORKTREE STRATEGY,Enforce a single mutation owner for protected/shared resources.,CONTROL_IMPLEMENTED,instructions/10_BRANCH_WORKTREE_AND_COMMIT_POLICY.md;.codex/WORKTREE_POLICY.md;scripts/new_worktree.ps1,VAL-WORKTREE-POLICY,The referenced canonical control and validation mapping implement this obligation in the delivered repository control system.
MPR-18-005,18,WORKTREE STRATEGY,Define a safe sibling worktree naming/location convention.,CONTROL_IMPLEMENTED,instructions/10_BRANCH_WORKTREE_AND_COMMIT_POLICY.md;.codex/WORKTREE_POLICY.md;scripts/new_worktree.ps1;instructions/09_GIT_REPOSITORY_SAFETY_AND_RECOVERY.md;instructions/runbooks/REPOSITORY_IDENTITY_AND_REMOTE_RECONCILIATION.md,VAL-WORKTREE-POLICY;VAL-GIT-POLICY,The referenced canonical control and validation mapping implement this obligation in the delivered repository control system.
MPR-18-006,18,WORKTREE STRATEGY,Define ownership/claim preconditions before worktree creation.,CONTROL_IMPLEMENTED,instructions/10_BRANCH_WORKTREE_AND_COMMIT_POLICY.md;.codex/WORKTREE_POLICY.md;scripts/new_worktree.ps1;instructions/09_GIT_REPOSITORY_SAFETY_AND_RECOVERY.md;instructions/runbooks/REPOSITORY_IDENTITY_AND_REMOTE_RECONCILIATION.md,VAL-WORKTREE-POLICY;VAL-GIT-POLICY,The referenced canonical control and validation mapping implement this obligation in the delivered repository control system.
MPR-18-007,18,WORKTREE STRATEGY,Define safe cleanup and prohibit deleting unique uncommitted work.,CONTROL_IMPLEMENTED,instructions/10_BRANCH_WORKTREE_AND_COMMIT_POLICY.md;.codex/WORKTREE_POLICY.md;scripts/new_worktree.ps1,VAL-WORKTREE-POLICY,The referenced canonical control and validation mapping implement this obligation in the delivered repository control system.
MPR-18-008,18,WORKTREE STRATEGY,Provide a worktree creation helper that refuses duplicate branches/paths.,CONTROL_IMPLEMENTED,instructions/10_BRANCH_WORKTREE_AND_COMMIT_POLICY.md;.codex/WORKTREE_POLICY.md;scripts/new_worktree.ps1;instructions/09_GIT_REPOSITORY_SAFETY_AND_RECOVERY.md;instructions/runbooks/REPOSITORY_IDENTITY_AND_REMOTE_RECONCILIATION.md,VAL-WORKTREE-POLICY;VAL-GIT-POLICY,The referenced canonical control and validation mapping implement this obligation in the delivered repository control system.
MPR-19-001,19,COMMIT POLICY,Make commits meaningful engineering units.,CONTROL_IMPLEMENTED,instructions/10_BRANCH_WORKTREE_AND_COMMIT_POLICY.md;instructions/policies/git_policy.json;instructions/09_GIT_REPOSITORY_SAFETY_AND_RECOVERY.md;instructions/runbooks/REPOSITORY_IDENTITY_AND_REMOTE_RECONCILIATION.md,VAL-COMMIT-POLICY;VAL-GIT-POLICY;VAL-WORKTREE-POLICY,The referenced canonical control and validation mapping implement this obligation in the delivered repository control system.
MPR-19-002,19,COMMIT POLICY,Avoid per-edit commits and unrelated mega-commits.,CONTROL_IMPLEMENTED,instructions/10_BRANCH_WORKTREE_AND_COMMIT_POLICY.md;instructions/policies/git_policy.json;instructions/09_GIT_REPOSITORY_SAFETY_AND_RECOVERY.md;instructions/runbooks/REPOSITORY_IDENTITY_AND_REMOTE_RECONCILIATION.md,VAL-COMMIT-POLICY;VAL-GIT-POLICY;VAL-WORKTREE-POLICY,The referenced canonical control and validation mapping implement this obligation in the delivered repository control system.
MPR-19-003,19,COMMIT POLICY,Use professional conventional messages with Jira key where practical.,CONTROL_IMPLEMENTED,instructions/10_BRANCH_WORKTREE_AND_COMMIT_POLICY.md;instructions/policies/git_policy.json;instructions/07_JIRA_OPERATING_CONTRACT.md;instructions/08_LOCAL_JIRA_MIRROR_AND_SYNC.md;instructions/policies/jira_operating_policy.json;jira/README.md,VAL-COMMIT-POLICY;VAL-JIRA-POLICY;VAL-JIRA,The referenced canonical control and validation mapping implement this obligation in the delivered repository control system.
MPR-19-004,19,COMMIT POLICY,Enforce a pattern such as feat(BAT-123): description.,CONTROL_IMPLEMENTED,instructions/10_BRANCH_WORKTREE_AND_COMMIT_POLICY.md;instructions/policies/git_policy.json;instructions/07_JIRA_OPERATING_CONTRACT.md;instructions/08_LOCAL_JIRA_MIRROR_AND_SYNC.md;instructions/policies/jira_operating_policy.json;jira/README.md,VAL-COMMIT-POLICY;VAL-JIRA-POLICY;VAL-JIRA,The referenced canonical control and validation mapping implement this obligation in the delivered repository control system.
MPR-19-005,19,COMMIT POLICY,"Require coherent scope, no secrets, no generated junk, and no unrelated files.",CONTROL_IMPLEMENTED,instructions/10_BRANCH_WORKTREE_AND_COMMIT_POLICY.md;instructions/policies/git_policy.json;instructions/13_SECURITY_SECRETS_DATA_RIGHTS_AND_DEPENDENCIES.md;instructions/policies/security_policy.json,VAL-COMMIT-POLICY;VAL-SECURITY-POLICY;VAL-SECRET,The referenced canonical control and validation mapping implement this obligation in the delivered repository control system.
MPR-19-006,19,COMMIT POLICY,Require explicit path staging and staged-diff review.,CONTROL_IMPLEMENTED,instructions/10_BRANCH_WORKTREE_AND_COMMIT_POLICY.md;instructions/policies/git_policy.json,VAL-COMMIT-POLICY,The referenced canonical control and validation mapping implement this obligation in the delivered repository control system.
MPR-19-007,19,COMMIT POLICY,Prohibit broad staging commands in mixed worktrees.,CONTROL_IMPLEMENTED,instructions/10_BRANCH_WORKTREE_AND_COMMIT_POLICY.md;instructions/policies/git_policy.json;instructions/09_GIT_REPOSITORY_SAFETY_AND_RECOVERY.md;instructions/runbooks/REPOSITORY_IDENTITY_AND_REMOTE_RECONCILIATION.md,VAL-COMMIT-POLICY;VAL-GIT-POLICY;VAL-WORKTREE-POLICY,The referenced canonical control and validation mapping implement this obligation in the delivered repository control system.
MPR-20-001,20,PULL REQUEST POLICY — CRITICAL,Prevent hundreds or thousands of micro-PRs.,CONTROL_IMPLEMENTED,instructions/11_PULL_REQUEST_REVIEW_MERGE_AND_CLEANUP.md;.github/pull_request_template.md;instructions/19_GITHUB_ENFORCEMENT_RECOMMENDATIONS.md,VAL-PR-TEMPLATE;VAL-PR-LIFECYCLE;VAL-GITHUB-ENFORCEMENT,The referenced canonical control and validation mapping implement this obligation in the delivered repository control system.
MPR-20-002,20,PULL REQUEST POLICY — CRITICAL,Define a PR as a review/integration unit rather than a commit substitute.,CONTROL_IMPLEMENTED,instructions/11_PULL_REQUEST_REVIEW_MERGE_AND_CLEANUP.md;.github/pull_request_template.md;instructions/19_GITHUB_ENFORCEMENT_RECOMMENDATIONS.md,VAL-PR-TEMPLATE;VAL-PR-LIFECYCLE;VAL-GITHUB-ENFORCEMENT,The referenced canonical control and validation mapping implement this obligation in the delivered repository control system.
MPR-20-003,20,PULL REQUEST POLICY — CRITICAL,Default to one coherent PR per meaningful Jira implementation unit or vertical slice.,CONTROL_IMPLEMENTED,instructions/11_PULL_REQUEST_REVIEW_MERGE_AND_CLEANUP.md;.github/pull_request_template.md;instructions/07_JIRA_OPERATING_CONTRACT.md;instructions/08_LOCAL_JIRA_MIRROR_AND_SYNC.md;instructions/policies/jira_operating_policy.json;jira/README.md;instructions/19_GITHUB_ENFORCEMENT_RECOMMENDATIONS.md,VAL-PR-TEMPLATE;VAL-JIRA-POLICY;VAL-JIRA;VAL-PR-LIFECYCLE;VAL-GITHUB-ENFORCEMENT,The referenced canonical control and validation mapping implement this obligation in the delivered repository control system.
MPR-20-004,20,PULL REQUEST POLICY — CRITICAL,Permit multiple commits/tests/subtasks in one PR when they deliver one outcome.,CONTROL_IMPLEMENTED,instructions/11_PULL_REQUEST_REVIEW_MERGE_AND_CLEANUP.md;.github/pull_request_template.md;instructions/19_GITHUB_ENFORCEMENT_RECOMMENDATIONS.md,VAL-PR-TEMPLATE;VAL-PR-LIFECYCLE;VAL-GITHUB-ENFORCEMENT,The referenced canonical control and validation mapping implement this obligation in the delivered repository control system.
MPR-20-005,20,PULL REQUEST POLICY — CRITICAL,"Do not create PRs per file, function, test, minor fix, doc tweak, retry, or execution cycle.",CONTROL_IMPLEMENTED,instructions/11_PULL_REQUEST_REVIEW_MERGE_AND_CLEANUP.md;.github/pull_request_template.md;instructions/19_GITHUB_ENFORCEMENT_RECOMMENDATIONS.md,VAL-PR-TEMPLATE;VAL-PR-LIFECYCLE;VAL-GITHUB-ENFORCEMENT,The referenced canonical control and validation mapping implement this obligation in the delivered repository control system.
MPR-20-006,20,PULL REQUEST POLICY — CRITICAL,Reuse an existing open PR for the Jira item.,CONTROL_IMPLEMENTED,instructions/11_PULL_REQUEST_REVIEW_MERGE_AND_CLEANUP.md;.github/pull_request_template.md;instructions/07_JIRA_OPERATING_CONTRACT.md;instructions/08_LOCAL_JIRA_MIRROR_AND_SYNC.md;instructions/policies/jira_operating_policy.json;jira/README.md;instructions/19_GITHUB_ENFORCEMENT_RECOMMENDATIONS.md,VAL-PR-TEMPLATE;VAL-JIRA-POLICY;VAL-JIRA;VAL-PR-LIFECYCLE;VAL-GITHUB-ENFORCEMENT,The referenced canonical control and validation mapping implement this obligation in the delivered repository control system.
MPR-20-007,20,PULL REQUEST POLICY — CRITICAL,"Allow additional PRs only for genuine architecture, risk, rollback, stacked-work, or reviewability boundaries.",CONTROL_IMPLEMENTED,instructions/11_PULL_REQUEST_REVIEW_MERGE_AND_CLEANUP.md;.github/pull_request_template.md;instructions/19_GITHUB_ENFORCEMENT_RECOMMENDATIONS.md;instructions/15_ARCHITECTURE_DOCUMENTATION_RELEASE_AND_ROLLBACK.md;instructions/templates/ARCHITECTURE_CHANGE_PROPOSAL.md;instructions/templates/RELEASE_READINESS_CHECKLIST.md,VAL-PR-TEMPLATE;VAL-PR-LIFECYCLE;VAL-GITHUB-ENFORCEMENT;VAL-ARCHITECTURE-CHANGE;VAL-DOCUMENTATION-POLICY,The referenced canonical control and validation mapping implement this obligation in the delivered repository control system.
MPR-20-008,20,PULL REQUEST POLICY — CRITICAL,Forbid empty or activity-only PRs.,CONTROL_IMPLEMENTED,instructions/11_PULL_REQUEST_REVIEW_MERGE_AND_CLEANUP.md;.github/pull_request_template.md;instructions/19_GITHUB_ENFORCEMENT_RECOMMENDATIONS.md,VAL-PR-TEMPLATE;VAL-PR-LIFECYCLE;VAL-GITHUB-ENFORCEMENT,The referenced canonical control and validation mapping implement this obligation in the delivered repository control system.
MPR-21-001,21,PR LIFECYCLE,Define the task branch to implementation to focused tests to Draft PR lifecycle.,CONTROL_IMPLEMENTED,instructions/11_PULL_REQUEST_REVIEW_MERGE_AND_CLEANUP.md;instructions/templates/PR_READY_CHECKLIST.md;instructions/templates/MERGE_AND_CLEANUP_CHECKLIST.md;instructions/19_GITHUB_ENFORCEMENT_RECOMMENDATIONS.md;.github/pull_request_template.md;instructions/09_GIT_REPOSITORY_SAFETY_AND_RECOVERY.md;instructions/10_BRANCH_WORKTREE_AND_COMMIT_POLICY.md;instructions/runbooks/REPOSITORY_IDENTITY_AND_REMOTE_RECONCILIATION.md,VAL-PR-LIFECYCLE;VAL-GITHUB-ENFORCEMENT;VAL-GIT-POLICY;VAL-WORKTREE-POLICY;VAL-TESTING-POLICY;VAL-DOD,The referenced canonical control and validation mapping implement this obligation in the delivered repository control system.
MPR-21-002,21,PR LIFECYCLE,Continue using the same PR through implementation.,CONTROL_IMPLEMENTED,instructions/11_PULL_REQUEST_REVIEW_MERGE_AND_CLEANUP.md;instructions/templates/PR_READY_CHECKLIST.md;instructions/templates/MERGE_AND_CLEANUP_CHECKLIST.md;instructions/19_GITHUB_ENFORCEMENT_RECOMMENDATIONS.md;.github/pull_request_template.md,VAL-PR-LIFECYCLE;VAL-GITHUB-ENFORCEMENT,The referenced canonical control and validation mapping implement this obligation in the delivered repository control system.
MPR-21-003,21,PR LIFECYCLE,Require self-review and impacted validation.,CONTROL_IMPLEMENTED,instructions/11_PULL_REQUEST_REVIEW_MERGE_AND_CLEANUP.md;instructions/templates/PR_READY_CHECKLIST.md;instructions/templates/MERGE_AND_CLEANUP_CHECKLIST.md;instructions/12_CI_TESTING_EVIDENCE_AND_DEFINITION_OF_DONE.md;instructions/policies/definition_of_done.json;instructions/catalogs/validation_command_catalog.json,VAL-PR-LIFECYCLE;VAL-TESTING-POLICY;VAL-DOD,The referenced canonical control and validation mapping implement this obligation in the delivered repository control system.
MPR-21-004,21,PR LIFECYCLE,Require full applicable gates before Ready.,CONTROL_IMPLEMENTED,instructions/11_PULL_REQUEST_REVIEW_MERGE_AND_CLEANUP.md;instructions/templates/PR_READY_CHECKLIST.md;instructions/templates/MERGE_AND_CLEANUP_CHECKLIST.md,VAL-PR-LIFECYCLE,The referenced canonical control and validation mapping implement this obligation in the delivered repository control system.
MPR-21-005,21,PR LIFECYCLE,Merge only under policy and current head-SHA verification.,CONTROL_IMPLEMENTED,instructions/11_PULL_REQUEST_REVIEW_MERGE_AND_CLEANUP.md;instructions/templates/PR_READY_CHECKLIST.md;instructions/templates/MERGE_AND_CLEANUP_CHECKLIST.md;instructions/19_GITHUB_ENFORCEMENT_RECOMMENDATIONS.md;.github/pull_request_template.md,VAL-PR-LIFECYCLE;VAL-GITHUB-ENFORCEMENT,The referenced canonical control and validation mapping implement this obligation in the delivered repository control system.
MPR-21-006,21,PR LIFECYCLE,Update Jira after integration.,CONTROL_IMPLEMENTED,instructions/11_PULL_REQUEST_REVIEW_MERGE_AND_CLEANUP.md;instructions/templates/PR_READY_CHECKLIST.md;instructions/templates/MERGE_AND_CLEANUP_CHECKLIST.md;instructions/07_JIRA_OPERATING_CONTRACT.md;instructions/08_LOCAL_JIRA_MIRROR_AND_SYNC.md;instructions/policies/jira_operating_policy.json;jira/README.md,VAL-PR-LIFECYCLE;VAL-JIRA-POLICY;VAL-JIRA,The referenced canonical control and validation mapping implement this obligation in the delivered repository control system.
MPR-21-007,21,PR LIFECYCLE,Delete the merged branch/worktree safely.,CONTROL_IMPLEMENTED,instructions/11_PULL_REQUEST_REVIEW_MERGE_AND_CLEANUP.md;instructions/templates/PR_READY_CHECKLIST.md;instructions/templates/MERGE_AND_CLEANUP_CHECKLIST.md;instructions/19_GITHUB_ENFORCEMENT_RECOMMENDATIONS.md;.github/pull_request_template.md;instructions/09_GIT_REPOSITORY_SAFETY_AND_RECOVERY.md;instructions/10_BRANCH_WORKTREE_AND_COMMIT_POLICY.md;instructions/runbooks/REPOSITORY_IDENTITY_AND_REMOTE_RECONCILIATION.md,VAL-PR-LIFECYCLE;VAL-GITHUB-ENFORCEMENT;VAL-GIT-POLICY;VAL-WORKTREE-POLICY,The referenced canonical control and validation mapping implement this obligation in the delivered repository control system.
MPR-21-008,21,PR LIFECYCLE,Do not open meaningless PRs merely to show activity.,CONTROL_IMPLEMENTED,instructions/11_PULL_REQUEST_REVIEW_MERGE_AND_CLEANUP.md;instructions/templates/PR_READY_CHECKLIST.md;instructions/templates/MERGE_AND_CLEANUP_CHECKLIST.md;instructions/19_GITHUB_ENFORCEMENT_RECOMMENDATIONS.md;.github/pull_request_template.md,VAL-PR-LIFECYCLE;VAL-GITHUB-ENFORCEMENT,The referenced canonical control and validation mapping implement this obligation in the delivered repository control system.
MPR-22-001,22,PULL REQUEST TEMPLATE,Audit and upgrade the existing pull-request template instead of creating a conflicting second template.,CONTROL_IMPLEMENTED,.github/pull_request_template.md;instructions/templates/PR_READY_CHECKLIST.md,VAL-PR-TEMPLATE,The referenced canonical control and validation mapping implement this obligation in the delivered repository control system.
MPR-22-002,22,PULL REQUEST TEMPLATE,Include Jira issue and internal project IDs.,CONTROL_IMPLEMENTED,.github/pull_request_template.md;instructions/templates/PR_READY_CHECKLIST.md;instructions/07_JIRA_OPERATING_CONTRACT.md;instructions/08_LOCAL_JIRA_MIRROR_AND_SYNC.md;instructions/policies/jira_operating_policy.json;jira/README.md,VAL-PR-TEMPLATE;VAL-JIRA-POLICY;VAL-JIRA,The referenced canonical control and validation mapping implement this obligation in the delivered repository control system.
MPR-22-003,22,PULL REQUEST TEMPLATE,"Include purpose, scope, source documents, requirements, ADRs, and acceptance controls.",CONTROL_IMPLEMENTED,.github/pull_request_template.md;instructions/templates/PR_READY_CHECKLIST.md,VAL-PR-TEMPLATE,The referenced canonical control and validation mapping implement this obligation in the delivered repository control system.
MPR-22-004,22,PULL REQUEST TEMPLATE,Include implementation decisions and tests/evidence.,CONTROL_IMPLEMENTED,.github/pull_request_template.md;instructions/templates/PR_READY_CHECKLIST.md;instructions/12_CI_TESTING_EVIDENCE_AND_DEFINITION_OF_DONE.md;instructions/policies/definition_of_done.json;instructions/catalogs/validation_command_catalog.json,VAL-PR-TEMPLATE;VAL-TESTING-POLICY;VAL-DOD,The referenced canonical control and validation mapping implement this obligation in the delivered repository control system.
MPR-22-005,22,PULL REQUEST TEMPLATE,Include PIT/leakage implications where applicable.,CONTROL_IMPLEMENTED,.github/pull_request_template.md;instructions/templates/PR_READY_CHECKLIST.md;instructions/14_DATA_ML_PIT_PROVENANCE_AND_EVALUATION.md;instructions/policies/protected_scope_policy.json;governance/PROTECTED_ACCEPTANCE_RULES.md,VAL-PR-TEMPLATE;VAL-ML-GOVERNANCE;VAL-PROTECTED,The referenced canonical control and validation mapping implement this obligation in the delivered repository control system.
MPR-22-006,22,PULL REQUEST TEMPLATE,"Include security/data implications, limitations, follow-up, and maturity/status.",CONTROL_IMPLEMENTED,.github/pull_request_template.md;instructions/templates/PR_READY_CHECKLIST.md;instructions/07_JIRA_OPERATING_CONTRACT.md;instructions/08_LOCAL_JIRA_MIRROR_AND_SYNC.md;instructions/policies/jira_operating_policy.json;jira/README.md;instructions/13_SECURITY_SECRETS_DATA_RIGHTS_AND_DEPENDENCIES.md;instructions/policies/security_policy.json,VAL-PR-TEMPLATE;VAL-JIRA-POLICY;VAL-JIRA;VAL-SECURITY-POLICY;VAL-SECRET,The referenced canonical control and validation mapping implement this obligation in the delivered repository control system.
MPR-22-007,22,PULL REQUEST TEMPLATE,Keep the template useful rather than bureaucratic.,CONTROL_IMPLEMENTED,.github/pull_request_template.md;instructions/templates/PR_READY_CHECKLIST.md,VAL-PR-TEMPLATE,The referenced canonical control and validation mapping implement this obligation in the delivered repository control system.
MPR-23-001,23,MERGE STRATEGY,Inspect actual GitHub merge settings before treating them as active.,CONTROL_IMPLEMENTED_EXTERNAL_ACTIVATION_REQUIRED,instructions/11_PULL_REQUEST_REVIEW_MERGE_AND_CLEANUP.md;instructions/policies/git_policy.json;instructions/19_GITHUB_ENFORCEMENT_RECOMMENDATIONS.md;.github/pull_request_template.md;instructions/audit/REPOSITORY_DISCOVERY_REPORT.md;instructions/audit/EXTERNAL_INTEGRATION_AUDIT.md;tools/audit_control_plane.py,VAL-MERGE-POLICY;VAL-PR-LIFECYCLE;VAL-GITHUB-ENFORCEMENT;VAL-AUDIT;VAL-CONTROL-PLANE,"The durable control is implemented, but activation or direct verification of the referenced live Windows/GitHub/Jira state requires the correct local checkout, authorized account, or explicit high-risk approval. No value was invented."
MPR-23-002,23,MERGE STRATEGY,Use squash merge as the ordinary documented default unless repository evidence requires otherwise.,CONTROL_IMPLEMENTED,instructions/11_PULL_REQUEST_REVIEW_MERGE_AND_CLEANUP.md;instructions/policies/git_policy.json;instructions/19_GITHUB_ENFORCEMENT_RECOMMENDATIONS.md;.github/pull_request_template.md,VAL-MERGE-POLICY;VAL-PR-LIFECYCLE;VAL-GITHUB-ENFORCEMENT,The referenced canonical control and validation mapping implement this obligation in the delivered repository control system.
MPR-23-003,23,MERGE STRATEGY,Protect main from arbitrary direct implementation pushes.,CONTROL_IMPLEMENTED,instructions/11_PULL_REQUEST_REVIEW_MERGE_AND_CLEANUP.md;instructions/policies/git_policy.json;instructions/19_GITHUB_ENFORCEMENT_RECOMMENDATIONS.md,VAL-MERGE-POLICY,The referenced canonical control and validation mapping implement this obligation in the delivered repository control system.
MPR-23-004,23,MERGE STRATEGY,Prohibit force-pushing protected/shared branches.,CONTROL_IMPLEMENTED,instructions/11_PULL_REQUEST_REVIEW_MERGE_AND_CLEANUP.md;instructions/policies/git_policy.json;instructions/19_GITHUB_ENFORCEMENT_RECOMMENDATIONS.md;instructions/09_GIT_REPOSITORY_SAFETY_AND_RECOVERY.md;instructions/10_BRANCH_WORKTREE_AND_COMMIT_POLICY.md;instructions/runbooks/REPOSITORY_IDENTITY_AND_REMOTE_RECONCILIATION.md,VAL-MERGE-POLICY;VAL-GIT-POLICY;VAL-WORKTREE-POLICY,The referenced canonical control and validation mapping implement this obligation in the delivered repository control system.
MPR-23-005,23,MERGE STRATEGY,Constrain force-with-lease to an agent’s own unmerged task branch with remote-SHA verification.,CONTROL_IMPLEMENTED,instructions/11_PULL_REQUEST_REVIEW_MERGE_AND_CLEANUP.md;instructions/policies/git_policy.json;instructions/19_GITHUB_ENFORCEMENT_RECOMMENDATIONS.md;instructions/09_GIT_REPOSITORY_SAFETY_AND_RECOVERY.md;instructions/10_BRANCH_WORKTREE_AND_COMMIT_POLICY.md;instructions/runbooks/REPOSITORY_IDENTITY_AND_REMOTE_RECONCILIATION.md,VAL-MERGE-POLICY;VAL-GIT-POLICY;VAL-WORKTREE-POLICY,The referenced canonical control and validation mapping implement this obligation in the delivered repository control system.
MPR-23-006,23,MERGE STRATEGY,"Require current CI, review, and head-SHA gates before merge.",CONTROL_IMPLEMENTED,instructions/11_PULL_REQUEST_REVIEW_MERGE_AND_CLEANUP.md;instructions/policies/git_policy.json;instructions/19_GITHUB_ENFORCEMENT_RECOMMENDATIONS.md;.github/pull_request_template.md;instructions/12_CI_TESTING_EVIDENCE_AND_DEFINITION_OF_DONE.md;instructions/policies/definition_of_done.json;instructions/catalogs/validation_command_catalog.json,VAL-MERGE-POLICY;VAL-PR-LIFECYCLE;VAL-GITHUB-ENFORCEMENT;VAL-TESTING-POLICY;VAL-DOD,The referenced canonical control and validation mapping implement this obligation in the delivered repository control system.
MPR-24-001,24,BRANCH CLEANUP,Remove merged short-lived branches and completed worktrees after safe integration.,CONTROL_IMPLEMENTED,instructions/11_PULL_REQUEST_REVIEW_MERGE_AND_CLEANUP.md;instructions/runbooks/STALE_BRANCH_AND_WORKTREE.md;instructions/19_GITHUB_ENFORCEMENT_RECOMMENDATIONS.md;.github/pull_request_template.md;instructions/09_GIT_REPOSITORY_SAFETY_AND_RECOVERY.md;instructions/10_BRANCH_WORKTREE_AND_COMMIT_POLICY.md;instructions/runbooks/REPOSITORY_IDENTITY_AND_REMOTE_RECONCILIATION.md,VAL-CLEANUP-POLICY;VAL-PR-LIFECYCLE;VAL-GITHUB-ENFORCEMENT;VAL-GIT-POLICY;VAL-WORKTREE-POLICY,The referenced canonical control and validation mapping implement this obligation in the delivered repository control system.
MPR-24-002,24,BRANCH CLEANUP,Prune stale remote references without deleting unique work.,CONTROL_IMPLEMENTED,instructions/11_PULL_REQUEST_REVIEW_MERGE_AND_CLEANUP.md;instructions/runbooks/STALE_BRANCH_AND_WORKTREE.md;instructions/09_GIT_REPOSITORY_SAFETY_AND_RECOVERY.md;instructions/10_BRANCH_WORKTREE_AND_COMMIT_POLICY.md;instructions/runbooks/REPOSITORY_IDENTITY_AND_REMOTE_RECONCILIATION.md,VAL-CLEANUP-POLICY;VAL-GIT-POLICY;VAL-WORKTREE-POLICY,The referenced canonical control and validation mapping implement this obligation in the delivered repository control system.
MPR-24-003,24,BRANCH CLEANUP,Prevent accumulation of hundreds of merged branches.,CONTROL_IMPLEMENTED,instructions/11_PULL_REQUEST_REVIEW_MERGE_AND_CLEANUP.md;instructions/runbooks/STALE_BRANCH_AND_WORKTREE.md;instructions/19_GITHUB_ENFORCEMENT_RECOMMENDATIONS.md;.github/pull_request_template.md;instructions/09_GIT_REPOSITORY_SAFETY_AND_RECOVERY.md;instructions/10_BRANCH_WORKTREE_AND_COMMIT_POLICY.md;instructions/runbooks/REPOSITORY_IDENTITY_AND_REMOTE_RECONCILIATION.md,VAL-CLEANUP-POLICY;VAL-PR-LIFECYCLE;VAL-GITHUB-ENFORCEMENT;VAL-GIT-POLICY;VAL-WORKTREE-POLICY,The referenced canonical control and validation mapping implement this obligation in the delivered repository control system.
MPR-24-004,24,BRANCH CLEANUP,"Before deletion verify merge/abandonment, unique commits, active PRs, and active ownership.",CONTROL_IMPLEMENTED,instructions/11_PULL_REQUEST_REVIEW_MERGE_AND_CLEANUP.md;instructions/runbooks/STALE_BRANCH_AND_WORKTREE.md;instructions/19_GITHUB_ENFORCEMENT_RECOMMENDATIONS.md;.github/pull_request_template.md;instructions/09_GIT_REPOSITORY_SAFETY_AND_RECOVERY.md;instructions/10_BRANCH_WORKTREE_AND_COMMIT_POLICY.md;instructions/runbooks/REPOSITORY_IDENTITY_AND_REMOTE_RECONCILIATION.md,VAL-CLEANUP-POLICY;VAL-PR-LIFECYCLE;VAL-GITHUB-ENFORCEMENT;VAL-GIT-POLICY;VAL-WORKTREE-POLICY,The referenced canonical control and validation mapping implement this obligation in the delivered repository control system.
MPR-24-005,24,BRANCH CLEANUP,Provide a stale branch/worktree cleanup runbook.,CONTROL_IMPLEMENTED,instructions/runbooks/STALE_BRANCH_AND_WORKTREE.md;instructions/11_PULL_REQUEST_REVIEW_MERGE_AND_CLEANUP.md;instructions/09_GIT_REPOSITORY_SAFETY_AND_RECOVERY.md;instructions/10_BRANCH_WORKTREE_AND_COMMIT_POLICY.md;instructions/runbooks/REPOSITORY_IDENTITY_AND_REMOTE_RECONCILIATION.md,VAL-RUNBOOKS;VAL-CLEANUP-POLICY;VAL-GIT-POLICY;VAL-WORKTREE-POLICY,The referenced canonical control and validation mapping implement this obligation in the delivered repository control system.
MPR-25-001,25,GITHUB ISSUE VS JIRA AUTHORITY,Keep Jira BAT as the primary work tracker.,CONTROL_IMPLEMENTED,instructions/07_JIRA_OPERATING_CONTRACT.md;instructions/11_PULL_REQUEST_REVIEW_MERGE_AND_CLEANUP.md;.github/ISSUE_TEMPLATE/config.yml;instructions/08_LOCAL_JIRA_MIRROR_AND_SYNC.md;instructions/policies/jira_operating_policy.json;jira/README.md,VAL-ISSUE-AUTHORITY;VAL-JIRA-POLICY;VAL-JIRA,The referenced canonical control and validation mapping implement this obligation in the delivered repository control system.
MPR-25-002,25,GITHUB ISSUE VS JIRA AUTHORITY,Do not mirror every Jira issue into GitHub Issues by default.,CONTROL_IMPLEMENTED,instructions/07_JIRA_OPERATING_CONTRACT.md;instructions/11_PULL_REQUEST_REVIEW_MERGE_AND_CLEANUP.md;.github/ISSUE_TEMPLATE/config.yml;instructions/08_LOCAL_JIRA_MIRROR_AND_SYNC.md;instructions/policies/jira_operating_policy.json;jira/README.md;instructions/19_GITHUB_ENFORCEMENT_RECOMMENDATIONS.md;.github/pull_request_template.md,VAL-ISSUE-AUTHORITY;VAL-JIRA-POLICY;VAL-JIRA;VAL-PR-LIFECYCLE;VAL-GITHUB-ENFORCEMENT,The referenced canonical control and validation mapping implement this obligation in the delivered repository control system.
MPR-25-003,25,GITHUB ISSUE VS JIRA AUTHORITY,"Define any GitHub Issues role explicitly, such as external reports or repository-specific defects.",CONTROL_IMPLEMENTED,instructions/07_JIRA_OPERATING_CONTRACT.md;instructions/11_PULL_REQUEST_REVIEW_MERGE_AND_CLEANUP.md;.github/ISSUE_TEMPLATE/config.yml;instructions/08_LOCAL_JIRA_MIRROR_AND_SYNC.md;instructions/policies/jira_operating_policy.json;jira/README.md;instructions/19_GITHUB_ENFORCEMENT_RECOMMENDATIONS.md;.github/pull_request_template.md,VAL-ISSUE-AUTHORITY;VAL-JIRA-POLICY;VAL-JIRA;VAL-PR-LIFECYCLE;VAL-GITHUB-ENFORCEMENT,The referenced canonical control and validation mapping implement this obligation in the delivered repository control system.
MPR-25-004,25,GITHUB ISSUE VS JIRA AUTHORITY,Configure templates to direct planned work to Jira and avoid duplication.,CONTROL_IMPLEMENTED,instructions/07_JIRA_OPERATING_CONTRACT.md;instructions/11_PULL_REQUEST_REVIEW_MERGE_AND_CLEANUP.md;.github/ISSUE_TEMPLATE/config.yml;instructions/08_LOCAL_JIRA_MIRROR_AND_SYNC.md;instructions/policies/jira_operating_policy.json;jira/README.md,VAL-ISSUE-AUTHORITY;VAL-JIRA-POLICY;VAL-JIRA,The referenced canonical control and validation mapping implement this obligation in the delivered repository control system.
MPR-25-005,25,GITHUB ISSUE VS JIRA AUTHORITY,Map any accepted GitHub defect to Jira/internal requirements when it becomes planned work.,CONTROL_IMPLEMENTED,instructions/07_JIRA_OPERATING_CONTRACT.md;instructions/11_PULL_REQUEST_REVIEW_MERGE_AND_CLEANUP.md;.github/ISSUE_TEMPLATE/config.yml;instructions/08_LOCAL_JIRA_MIRROR_AND_SYNC.md;instructions/policies/jira_operating_policy.json;jira/README.md;instructions/19_GITHUB_ENFORCEMENT_RECOMMENDATIONS.md;.github/pull_request_template.md,VAL-ISSUE-AUTHORITY;VAL-JIRA-POLICY;VAL-JIRA;VAL-PR-LIFECYCLE;VAL-GITHUB-ENFORCEMENT,The referenced canonical control and validation mapping implement this obligation in the delivered repository control system.
MPR-26-001,26,GITHUB CI/CD,Audit existing CI/security workflows before changing them.,CONTROL_IMPLEMENTED,instructions/11_PULL_REQUEST_REVIEW_MERGE_AND_CLEANUP.md;instructions/12_CI_TESTING_EVIDENCE_AND_DEFINITION_OF_DONE.md;.github/workflows/ci.yml;instructions/policies/definition_of_done.json;instructions/catalogs/validation_command_catalog.json;instructions/13_SECURITY_SECRETS_DATA_RIGHTS_AND_DEPENDENCIES.md;instructions/policies/security_policy.json;instructions/audit/REPOSITORY_DISCOVERY_REPORT.md,VAL-CI-CONFIG;VAL-TESTING-POLICY;VAL-DOD;VAL-SECURITY-POLICY;VAL-SECRET;VAL-AUDIT;VAL-CONTROL-PLANE,The referenced canonical control and validation mapping implement this obligation in the delivered repository control system.
MPR-26-002,26,GITHUB CI/CD,Preserve valuable validators rather than gratuitously replacing them.,CONTROL_IMPLEMENTED,instructions/11_PULL_REQUEST_REVIEW_MERGE_AND_CLEANUP.md;instructions/12_CI_TESTING_EVIDENCE_AND_DEFINITION_OF_DONE.md;.github/workflows/ci.yml;instructions/policies/definition_of_done.json;instructions/catalogs/validation_command_catalog.json,VAL-CI-CONFIG;VAL-TESTING-POLICY;VAL-DOD,The referenced canonical control and validation mapping implement this obligation in the delivered repository control system.
MPR-26-003,26,GITHUB CI/CD,"Define development, PR-readiness, pre-merge, and security checks.",CONTROL_IMPLEMENTED,instructions/11_PULL_REQUEST_REVIEW_MERGE_AND_CLEANUP.md;instructions/12_CI_TESTING_EVIDENCE_AND_DEFINITION_OF_DONE.md;.github/workflows/ci.yml;instructions/19_GITHUB_ENFORCEMENT_RECOMMENDATIONS.md;.github/pull_request_template.md;instructions/13_SECURITY_SECRETS_DATA_RIGHTS_AND_DEPENDENCIES.md;instructions/policies/security_policy.json,VAL-CI-CONFIG;VAL-PR-LIFECYCLE;VAL-GITHUB-ENFORCEMENT;VAL-SECURITY-POLICY;VAL-SECRET,The referenced canonical control and validation mapping implement this obligation in the delivered repository control system.
MPR-26-004,26,GITHUB CI/CD,Define failed-CI diagnosis before retry.,CONTROL_IMPLEMENTED,instructions/runbooks/FAILED_CI_DIAGNOSIS.md;instructions/11_PULL_REQUEST_REVIEW_MERGE_AND_CLEANUP.md;instructions/12_CI_TESTING_EVIDENCE_AND_DEFINITION_OF_DONE.md;.github/workflows/ci.yml;instructions/policies/definition_of_done.json;instructions/catalogs/validation_command_catalog.json,VAL-RUNBOOKS;VAL-CI-CONFIG;VAL-TESTING-POLICY;VAL-DOD,The referenced canonical control and validation mapping implement this obligation in the delivered repository control system.
MPR-26-005,26,GITHUB CI/CD,Retry only plausible transient failures once.,CONTROL_IMPLEMENTED,instructions/11_PULL_REQUEST_REVIEW_MERGE_AND_CLEANUP.md;instructions/12_CI_TESTING_EVIDENCE_AND_DEFINITION_OF_DONE.md;.github/workflows/ci.yml,VAL-CI-CONFIG,The referenced canonical control and validation mapping implement this obligation in the delivered repository control system.
MPR-26-006,26,GITHUB CI/CD,Do not repeatedly rerun deterministic failures without changed code/configuration or diagnosis.,CONTROL_IMPLEMENTED,instructions/11_PULL_REQUEST_REVIEW_MERGE_AND_CLEANUP.md;instructions/12_CI_TESTING_EVIDENCE_AND_DEFINITION_OF_DONE.md;.github/workflows/ci.yml,VAL-CI-CONFIG,The referenced canonical control and validation mapping implement this obligation in the delivered repository control system.
MPR-26-007,26,GITHUB CI/CD,"Run instruction, Jira, W25, dependency, repository, and unit gates in CI.",CONTROL_IMPLEMENTED,instructions/11_PULL_REQUEST_REVIEW_MERGE_AND_CLEANUP.md;instructions/12_CI_TESTING_EVIDENCE_AND_DEFINITION_OF_DONE.md;.github/workflows/ci.yml;instructions/policies/definition_of_done.json;instructions/catalogs/validation_command_catalog.json,VAL-CI-CONFIG;VAL-TESTING-POLICY;VAL-DOD,The referenced canonical control and validation mapping implement this obligation in the delivered repository control system.
MPR-26-008,26,GITHUB CI/CD,Support both Windows and Linux where repository policy requires it.,CONTROL_IMPLEMENTED,instructions/11_PULL_REQUEST_REVIEW_MERGE_AND_CLEANUP.md;instructions/12_CI_TESTING_EVIDENCE_AND_DEFINITION_OF_DONE.md;.github/workflows/ci.yml,VAL-CI-CONFIG,The referenced canonical control and validation mapping implement this obligation in the delivered repository control system.
MPR-27-001,27,TESTING STRATEGY — PREVENT OVERTESTING,Use progressive testing rather than the full suite after every tiny change.,CONTROL_IMPLEMENTED,instructions/12_CI_TESTING_EVIDENCE_AND_DEFINITION_OF_DONE.md;instructions/policies/test_tiers.json;instructions/policies/definition_of_done.json;instructions/catalogs/validation_command_catalog.json,VAL-TESTING-POLICY;VAL-DOD,The referenced canonical control and validation mapping implement this obligation in the delivered repository control system.
MPR-27-002,27,TESTING STRATEGY — PREVENT OVERTESTING,Run the narrowest relevant tests during implementation.,CONTROL_IMPLEMENTED,instructions/12_CI_TESTING_EVIDENCE_AND_DEFINITION_OF_DONE.md;instructions/policies/test_tiers.json;instructions/policies/definition_of_done.json;instructions/catalogs/validation_command_catalog.json,VAL-TESTING-POLICY;VAL-DOD,The referenced canonical control and validation mapping implement this obligation in the delivered repository control system.
MPR-27-003,27,TESTING STRATEGY — PREVENT OVERTESTING,Run impacted unit/integration tests before commit or PR update.,CONTROL_IMPLEMENTED,instructions/12_CI_TESTING_EVIDENCE_AND_DEFINITION_OF_DONE.md;instructions/policies/test_tiers.json;instructions/policies/definition_of_done.json;instructions/catalogs/validation_command_catalog.json,VAL-TESTING-POLICY;VAL-DOD,The referenced canonical control and validation mapping implement this obligation in the delivered repository control system.
MPR-27-004,27,TESTING STRATEGY — PREVENT OVERTESTING,Run repository-level acceptance/integrity gates before Ready/merge.,CONTROL_IMPLEMENTED,instructions/12_CI_TESTING_EVIDENCE_AND_DEFINITION_OF_DONE.md;instructions/policies/test_tiers.json,VAL-TESTING-POLICY,The referenced canonical control and validation mapping implement this obligation in the delivered repository control system.
MPR-27-005,27,TESTING STRATEGY — PREVENT OVERTESTING,Run the complete appropriate suite at major integration/release checkpoints.,CONTROL_IMPLEMENTED,instructions/12_CI_TESTING_EVIDENCE_AND_DEFINITION_OF_DONE.md;instructions/policies/test_tiers.json,VAL-TESTING-POLICY,The referenced canonical control and validation mapping implement this obligation in the delivered repository control system.
MPR-27-006,27,TESTING STRATEGY — PREVENT OVERTESTING,Reuse existing tools and frameworks instead of duplicating test infrastructure.,CONTROL_IMPLEMENTED,instructions/12_CI_TESTING_EVIDENCE_AND_DEFINITION_OF_DONE.md;instructions/policies/test_tiers.json;instructions/policies/definition_of_done.json;instructions/catalogs/validation_command_catalog.json,VAL-TESTING-POLICY;VAL-DOD,The referenced canonical control and validation mapping implement this obligation in the delivered repository control system.
MPR-27-007,27,TESTING STRATEGY — PREVENT OVERTESTING,Do not add tests merely to inflate test count.,CONTROL_IMPLEMENTED,instructions/12_CI_TESTING_EVIDENCE_AND_DEFINITION_OF_DONE.md;instructions/policies/test_tiers.json;instructions/policies/definition_of_done.json;instructions/catalogs/validation_command_catalog.json,VAL-TESTING-POLICY;VAL-DOD,The referenced canonical control and validation mapping implement this obligation in the delivered repository control system.
MPR-27-008,27,TESTING STRATEGY — PREVENT OVERTESTING,Require meaningful regression or acceptance evidence.,CONTROL_IMPLEMENTED,instructions/12_CI_TESTING_EVIDENCE_AND_DEFINITION_OF_DONE.md;instructions/policies/test_tiers.json;instructions/policies/definition_of_done.json;instructions/catalogs/validation_command_catalog.json,VAL-TESTING-POLICY;VAL-DOD,The referenced canonical control and validation mapping implement this obligation in the delivered repository control system.
MPR-28-001,28,DEFINITION OF DONE,Create one canonical Definition of Done.,CONTROL_IMPLEMENTED,instructions/12_CI_TESTING_EVIDENCE_AND_DEFINITION_OF_DONE.md;instructions/policies/definition_of_done.json;instructions/catalogs/validation_command_catalog.json,VAL-DOD;VAL-TESTING-POLICY,The referenced canonical control and validation mapping implement this obligation in the delivered repository control system.
MPR-28-002,28,DEFINITION OF DONE,"Require Jira acceptance criteria, implementation, tests, integration, repository validation, security, clean worktree, docs, provenance, and traceability as applicable.",CONTROL_IMPLEMENTED,instructions/12_CI_TESTING_EVIDENCE_AND_DEFINITION_OF_DONE.md;instructions/policies/definition_of_done.json;instructions/07_JIRA_OPERATING_CONTRACT.md;instructions/08_LOCAL_JIRA_MIRROR_AND_SYNC.md;instructions/policies/jira_operating_policy.json;jira/README.md;instructions/catalogs/validation_command_catalog.json;instructions/13_SECURITY_SECRETS_DATA_RIGHTS_AND_DEPENDENCIES.md,VAL-DOD;VAL-JIRA-POLICY;VAL-JIRA;VAL-TESTING-POLICY;VAL-SECURITY-POLICY;VAL-SECRET;VAL-ML-GOVERNANCE;VAL-PROTECTED,The referenced canonical control and validation mapping implement this obligation in the delivered repository control system.
MPR-28-003,28,DEFINITION OF DONE,Require no fabricated results or evidence.,CONTROL_IMPLEMENTED,instructions/12_CI_TESTING_EVIDENCE_AND_DEFINITION_OF_DONE.md;instructions/policies/definition_of_done.json,VAL-DOD,The referenced canonical control and validation mapping implement this obligation in the delivered repository control system.
MPR-28-004,28,DEFINITION OF DONE,"Require PR linkage, real Jira state, limitations, rollback, and cleanup.",CONTROL_IMPLEMENTED,instructions/12_CI_TESTING_EVIDENCE_AND_DEFINITION_OF_DONE.md;instructions/policies/definition_of_done.json;instructions/07_JIRA_OPERATING_CONTRACT.md;instructions/08_LOCAL_JIRA_MIRROR_AND_SYNC.md;instructions/policies/jira_operating_policy.json;jira/README.md;instructions/11_PULL_REQUEST_REVIEW_MERGE_AND_CLEANUP.md;instructions/19_GITHUB_ENFORCEMENT_RECOMMENDATIONS.md,VAL-DOD;VAL-JIRA-POLICY;VAL-JIRA;VAL-PR-LIFECYCLE;VAL-GITHUB-ENFORCEMENT;VAL-ARCHITECTURE-CHANGE;VAL-DOCUMENTATION-POLICY,The referenced canonical control and validation mapping implement this obligation in the delivered repository control system.
MPR-28-005,28,DEFINITION OF DONE,Add conditional scientific evidence for data/ML/A&M/BAS tasks.,CONTROL_IMPLEMENTED,instructions/12_CI_TESTING_EVIDENCE_AND_DEFINITION_OF_DONE.md;instructions/policies/definition_of_done.json;instructions/14_DATA_ML_PIT_PROVENANCE_AND_EVALUATION.md;instructions/policies/protected_scope_policy.json;governance/PROTECTED_ACCEPTANCE_RULES.md,VAL-DOD;VAL-ML-GOVERNANCE;VAL-PROTECTED,The referenced canonical control and validation mapping implement this obligation in the delivered repository control system.
MPR-28-006,28,DEFINITION OF DONE,Prohibit changing protected evaluation rules to make a candidate pass.,CONTROL_IMPLEMENTED,instructions/12_CI_TESTING_EVIDENCE_AND_DEFINITION_OF_DONE.md;instructions/policies/definition_of_done.json;instructions/14_DATA_ML_PIT_PROVENANCE_AND_EVALUATION.md;instructions/policies/protected_scope_policy.json;governance/PROTECTED_ACCEPTANCE_RULES.md,VAL-DOD;VAL-ML-GOVERNANCE;VAL-PROTECTED,The referenced canonical control and validation mapping implement this obligation in the delivered repository control system.
MPR-28-007,28,DEFINITION OF DONE,"Do not equate code-written, Draft PR, or Jira status change with Done.",CONTROL_IMPLEMENTED,instructions/12_CI_TESTING_EVIDENCE_AND_DEFINITION_OF_DONE.md;instructions/policies/definition_of_done.json;instructions/07_JIRA_OPERATING_CONTRACT.md;instructions/08_LOCAL_JIRA_MIRROR_AND_SYNC.md;instructions/policies/jira_operating_policy.json;jira/README.md;instructions/11_PULL_REQUEST_REVIEW_MERGE_AND_CLEANUP.md;instructions/19_GITHUB_ENFORCEMENT_RECOMMENDATIONS.md,VAL-DOD;VAL-JIRA-POLICY;VAL-JIRA;VAL-PR-LIFECYCLE;VAL-GITHUB-ENFORCEMENT,The referenced canonical control and validation mapping implement this obligation in the delivered repository control system.
MPR-29-001,29,AUTONOMOUS DEVELOPMENT EXECUTION LOOP,Define an Orient/Understand startup phase.,CONTROL_IMPLEMENTED,instructions/04_AUTONOMOUS_OPERATING_CONTRACT.md;instructions/06_TASK_EXECUTION_AND_MEANINGFUL_PROGRESS.md;instructions/START_HERE.md;instructions/templates/TASK_EXECUTION_PACKET.md,VAL-EXECUTION-LOOP;VAL-MEANINGFUL-PROGRESS,The referenced canonical control and validation mapping implement this obligation in the delivered repository control system.
MPR-29-002,29,AUTONOMOUS DEVELOPMENT EXECUTION LOOP,Define dependency-ready Select and claim behavior.,CONTROL_IMPLEMENTED,instructions/04_AUTONOMOUS_OPERATING_CONTRACT.md;instructions/06_TASK_EXECUTION_AND_MEANINGFUL_PROGRESS.md;instructions/START_HERE.md,VAL-EXECUTION-LOOP,The referenced canonical control and validation mapping implement this obligation in the delivered repository control system.
MPR-29-003,29,AUTONOMOUS DEVELOPMENT EXECUTION LOOP,Define mandatory source/requirement/ADR/acceptance/code/test understanding.,CONTROL_IMPLEMENTED,instructions/04_AUTONOMOUS_OPERATING_CONTRACT.md;instructions/06_TASK_EXECUTION_AND_MEANINGFUL_PROGRESS.md;instructions/START_HERE.md;instructions/12_CI_TESTING_EVIDENCE_AND_DEFINITION_OF_DONE.md;instructions/policies/definition_of_done.json;instructions/catalogs/validation_command_catalog.json,VAL-EXECUTION-LOOP;VAL-TESTING-POLICY;VAL-DOD,The referenced canonical control and validation mapping implement this obligation in the delivered repository control system.
MPR-29-004,29,AUTONOMOUS DEVELOPMENT EXECUTION LOOP,Define smallest coherent Plan behavior.,CONTROL_IMPLEMENTED,instructions/04_AUTONOMOUS_OPERATING_CONTRACT.md;instructions/06_TASK_EXECUTION_AND_MEANINGFUL_PROGRESS.md;instructions/START_HERE.md,VAL-EXECUTION-LOOP,The referenced canonical control and validation mapping implement this obligation in the delivered repository control system.
MPR-29-005,29,AUTONOMOUS DEVELOPMENT EXECUTION LOOP,Define focused Implement behavior.,CONTROL_IMPLEMENTED,instructions/04_AUTONOMOUS_OPERATING_CONTRACT.md;instructions/06_TASK_EXECUTION_AND_MEANINGFUL_PROGRESS.md;instructions/START_HERE.md;instructions/templates/TASK_EXECUTION_PACKET.md,VAL-EXECUTION-LOOP;VAL-MEANINGFUL-PROGRESS,The referenced canonical control and validation mapping implement this obligation in the delivered repository control system.
MPR-29-006,29,AUTONOMOUS DEVELOPMENT EXECUTION LOOP,Define progressive Validate behavior.,CONTROL_IMPLEMENTED,instructions/04_AUTONOMOUS_OPERATING_CONTRACT.md;instructions/06_TASK_EXECUTION_AND_MEANINGFUL_PROGRESS.md;instructions/START_HERE.md,VAL-EXECUTION-LOOP,The referenced canonical control and validation mapping implement this obligation in the delivered repository control system.
MPR-29-007,29,AUTONOMOUS DEVELOPMENT EXECUTION LOOP,Define commit/PR/self-review/CI/merge Integrate behavior.,CONTROL_IMPLEMENTED,instructions/04_AUTONOMOUS_OPERATING_CONTRACT.md;instructions/06_TASK_EXECUTION_AND_MEANINGFUL_PROGRESS.md;instructions/START_HERE.md;instructions/09_GIT_REPOSITORY_SAFETY_AND_RECOVERY.md;instructions/10_BRANCH_WORKTREE_AND_COMMIT_POLICY.md;instructions/runbooks/REPOSITORY_IDENTITY_AND_REMOTE_RECONCILIATION.md;instructions/12_CI_TESTING_EVIDENCE_AND_DEFINITION_OF_DONE.md;instructions/policies/definition_of_done.json,VAL-EXECUTION-LOOP;VAL-GIT-POLICY;VAL-WORKTREE-POLICY;VAL-TESTING-POLICY;VAL-DOD,The referenced canonical control and validation mapping implement this obligation in the delivered repository control system.
MPR-29-008,29,AUTONOMOUS DEVELOPMENT EXECUTION LOOP,Define Jira/provenance Record behavior.,CONTROL_IMPLEMENTED,instructions/04_AUTONOMOUS_OPERATING_CONTRACT.md;instructions/06_TASK_EXECUTION_AND_MEANINGFUL_PROGRESS.md;instructions/START_HERE.md;instructions/07_JIRA_OPERATING_CONTRACT.md;instructions/08_LOCAL_JIRA_MIRROR_AND_SYNC.md;instructions/policies/jira_operating_policy.json;jira/README.md;instructions/templates/TASK_EXECUTION_PACKET.md,VAL-EXECUTION-LOOP;VAL-JIRA-POLICY;VAL-JIRA;VAL-MEANINGFUL-PROGRESS,The referenced canonical control and validation mapping implement this obligation in the delivered repository control system.
MPR-29-009,29,AUTONOMOUS DEVELOPMENT EXECUTION LOOP,Define automatic Continue behavior through Ready work.,CONTROL_IMPLEMENTED,instructions/04_AUTONOMOUS_OPERATING_CONTRACT.md;instructions/06_TASK_EXECUTION_AND_MEANINGFUL_PROGRESS.md;instructions/START_HERE.md;instructions/templates/TASK_EXECUTION_PACKET.md,VAL-EXECUTION-LOOP;VAL-MEANINGFUL-PROGRESS,The referenced canonical control and validation mapping implement this obligation in the delivered repository control system.
MPR-29-010,29,AUTONOMOUS DEVELOPMENT EXECUTION LOOP,"Stop only at genuine approval, protected, or global blocking boundaries.",CONTROL_IMPLEMENTED,instructions/04_AUTONOMOUS_OPERATING_CONTRACT.md;instructions/06_TASK_EXECUTION_AND_MEANINGFUL_PROGRESS.md;instructions/START_HERE.md,VAL-EXECUTION-LOOP,The referenced canonical control and validation mapping implement this obligation in the delivered repository control system.
MPR-30-001,30,MEANINGFUL PROGRESS RULE,Require every cycle to produce or move toward a concrete project outcome.,CONTROL_IMPLEMENTED,instructions/06_TASK_EXECUTION_AND_MEANINGFUL_PROGRESS.md;instructions/templates/TASK_EXECUTION_PACKET.md,VAL-MEANINGFUL-PROGRESS,The referenced canonical control and validation mapping implement this obligation in the delivered repository control system.
MPR-30-002,30,MEANINGFUL PROGRESS RULE,"Recognize implemented behavior, validated code, resolved defects, materialized data, source contracts, evidence, dependencies, acceptance closure, and integrated PRs as meaningful progress.",CONTROL_IMPLEMENTED,instructions/06_TASK_EXECUTION_AND_MEANINGFUL_PROGRESS.md;instructions/templates/TASK_EXECUTION_PACKET.md;instructions/17_BLOCKERS_LOOPS_OVERENGINEERING_AND_RECOVERY.md;instructions/18_OPERATIONAL_RUNBOOKS.md;instructions/policies/loop_and_retry_policy.json;instructions/04_AUTONOMOUS_OPERATING_CONTRACT.md,VAL-MEANINGFUL-PROGRESS;VAL-LOOP-POLICY;VAL-BLOCKER-POLICY;VAL-OVERENGINEERING;VAL-EXECUTION-LOOP,The referenced canonical control and validation mapping implement this obligation in the delivered repository control system.
MPR-30-003,30,MEANINGFUL PROGRESS RULE,"Do not count repeated rereading, Markdown reorganization, cosmetic renaming, redundant planning, repeated status checks, unchanged failed commands, or bookkeeping proliferation as progress by themselves.",CONTROL_IMPLEMENTED,instructions/06_TASK_EXECUTION_AND_MEANINGFUL_PROGRESS.md;instructions/templates/TASK_EXECUTION_PACKET.md,VAL-MEANINGFUL-PROGRESS,The referenced canonical control and validation mapping implement this obligation in the delivered repository control system.
MPR-30-004,30,MEANINGFUL PROGRESS RULE,Permit housekeeping only when it directly unblocks implementation.,CONTROL_IMPLEMENTED,instructions/06_TASK_EXECUTION_AND_MEANINGFUL_PROGRESS.md;instructions/templates/TASK_EXECUTION_PACKET.md;instructions/17_BLOCKERS_LOOPS_OVERENGINEERING_AND_RECOVERY.md;instructions/18_OPERATIONAL_RUNBOOKS.md;instructions/policies/loop_and_retry_policy.json;instructions/04_AUTONOMOUS_OPERATING_CONTRACT.md,VAL-MEANINGFUL-PROGRESS;VAL-LOOP-POLICY;VAL-BLOCKER-POLICY;VAL-OVERENGINEERING;VAL-EXECUTION-LOOP,The referenced canonical control and validation mapping implement this obligation in the delivered repository control system.
MPR-30-005,30,MEANINGFUL PROGRESS RULE,Record a concise progress checkpoint and next concrete action.,CONTROL_IMPLEMENTED,instructions/06_TASK_EXECUTION_AND_MEANINGFUL_PROGRESS.md;instructions/templates/TASK_EXECUTION_PACKET.md;instructions/04_AUTONOMOUS_OPERATING_CONTRACT.md,VAL-MEANINGFUL-PROGRESS;VAL-EXECUTION-LOOP,The referenced canonical control and validation mapping implement this obligation in the delivered repository control system.
MPR-31-001,31,ANTI-LOOP POLICY,"Define loop signals including repeated commands, reverted edits, unchanged failures, cleanup loops, install loops, and document rereading without new information.",CONTROL_IMPLEMENTED,instructions/17_BLOCKERS_LOOPS_OVERENGINEERING_AND_RECOVERY.md;instructions/policies/loop_and_retry_policy.json;instructions/runbooks/AGENT_LOOP_RECOVERY.md;instructions/18_OPERATIONAL_RUNBOOKS.md,VAL-LOOP-POLICY;VAL-BLOCKER-POLICY;VAL-OVERENGINEERING,The referenced canonical control and validation mapping implement this obligation in the delivered repository control system.
MPR-31-002,31,ANTI-LOOP POLICY,Do not repeat the exact failed command indefinitely.,CONTROL_IMPLEMENTED,instructions/17_BLOCKERS_LOOPS_OVERENGINEERING_AND_RECOVERY.md;instructions/policies/loop_and_retry_policy.json;instructions/runbooks/AGENT_LOOP_RECOVERY.md,VAL-LOOP-POLICY,The referenced canonical control and validation mapping implement this obligation in the delivered repository control system.
MPR-31-003,31,ANTI-LOOP POLICY,Retry a plausible transient failure at most once unchanged.,CONTROL_IMPLEMENTED,instructions/17_BLOCKERS_LOOPS_OVERENGINEERING_AND_RECOVERY.md;instructions/policies/loop_and_retry_policy.json;instructions/runbooks/AGENT_LOOP_RECOVERY.md;instructions/18_OPERATIONAL_RUNBOOKS.md,VAL-LOOP-POLICY;VAL-BLOCKER-POLICY;VAL-OVERENGINEERING,The referenced canonical control and validation mapping implement this obligation in the delivered repository control system.
MPR-31-004,31,ANTI-LOOP POLICY,Diagnose repeated failure before retrying.,CONTROL_IMPLEMENTED,instructions/17_BLOCKERS_LOOPS_OVERENGINEERING_AND_RECOVERY.md;instructions/policies/loop_and_retry_policy.json;instructions/runbooks/AGENT_LOOP_RECOVERY.md,VAL-LOOP-POLICY,The referenced canonical control and validation mapping implement this obligation in the delivered repository control system.
MPR-31-005,31,ANTI-LOOP POLICY,Change hypothesis or approach instead of repeating unchanged work.,CONTROL_IMPLEMENTED,instructions/17_BLOCKERS_LOOPS_OVERENGINEERING_AND_RECOVERY.md;instructions/policies/loop_and_retry_policy.json;instructions/runbooks/AGENT_LOOP_RECOVERY.md,VAL-LOOP-POLICY,The referenced canonical control and validation mapping implement this obligation in the delivered repository control system.
MPR-31-006,31,ANTI-LOOP POLICY,Track blocker and attempted resolutions.,CONTROL_IMPLEMENTED,instructions/17_BLOCKERS_LOOPS_OVERENGINEERING_AND_RECOVERY.md;instructions/policies/loop_and_retry_policy.json;instructions/runbooks/AGENT_LOOP_RECOVERY.md;instructions/18_OPERATIONAL_RUNBOOKS.md,VAL-LOOP-POLICY;VAL-BLOCKER-POLICY;VAL-OVERENGINEERING,The referenced canonical control and validation mapping implement this obligation in the delivered repository control system.
MPR-31-007,31,ANTI-LOOP POLICY,"After several genuinely different failures, classify as blocked.",CONTROL_IMPLEMENTED,instructions/17_BLOCKERS_LOOPS_OVERENGINEERING_AND_RECOVERY.md;instructions/policies/loop_and_retry_policy.json;instructions/runbooks/AGENT_LOOP_RECOVERY.md;instructions/18_OPERATIONAL_RUNBOOKS.md,VAL-LOOP-POLICY;VAL-BLOCKER-POLICY;VAL-OVERENGINEERING,The referenced canonical control and validation mapping implement this obligation in the delivered repository control system.
MPR-31-008,31,ANTI-LOOP POLICY,Move to independent Ready work when available.,CONTROL_IMPLEMENTED,instructions/17_BLOCKERS_LOOPS_OVERENGINEERING_AND_RECOVERY.md;instructions/policies/loop_and_retry_policy.json;instructions/runbooks/AGENT_LOOP_RECOVERY.md,VAL-LOOP-POLICY,The referenced canonical control and validation mapping implement this obligation in the delivered repository control system.
MPR-31-009,31,ANTI-LOOP POLICY,Produce a concise blocker state rather than fake housekeeping when no work is Ready.,CONTROL_IMPLEMENTED,instructions/17_BLOCKERS_LOOPS_OVERENGINEERING_AND_RECOVERY.md;instructions/policies/loop_and_retry_policy.json;instructions/runbooks/AGENT_LOOP_RECOVERY.md;instructions/18_OPERATIONAL_RUNBOOKS.md,VAL-LOOP-POLICY;VAL-BLOCKER-POLICY;VAL-OVERENGINEERING,The referenced canonical control and validation mapping implement this obligation in the delivered repository control system.
MPR-31-010,31,ANTI-LOOP POLICY,Provide a Loop Recovery Runbook.,CONTROL_IMPLEMENTED,instructions/17_BLOCKERS_LOOPS_OVERENGINEERING_AND_RECOVERY.md;instructions/policies/loop_and_retry_policy.json;instructions/runbooks/AGENT_LOOP_RECOVERY.md;instructions/18_OPERATIONAL_RUNBOOKS.md,VAL-LOOP-POLICY;VAL-BLOCKER-POLICY;VAL-OVERENGINEERING,The referenced canonical control and validation mapping implement this obligation in the delivered repository control system.
MPR-32-001,32,ANTI-OVERENGINEERING POLICY,Apply YAGNI and evidence-first design.,CONTROL_IMPLEMENTED,instructions/17_BLOCKERS_LOOPS_OVERENGINEERING_AND_RECOVERY.md;instructions/04_AUTONOMOUS_OPERATING_CONTRACT.md;instructions/18_OPERATIONAL_RUNBOOKS.md;instructions/policies/loop_and_retry_policy.json,VAL-OVERENGINEERING;VAL-LOOP-POLICY;VAL-BLOCKER-POLICY,The referenced canonical control and validation mapping implement this obligation in the delivered repository control system.
MPR-32-002,32,ANTI-OVERENGINEERING POLICY,"Do not introduce frameworks, services, databases, queues, abstractions, build systems, distributed infrastructure, agents, orchestration, complex models, schemas, or harnesses without a current requirement.",CONTROL_IMPLEMENTED,instructions/17_BLOCKERS_LOOPS_OVERENGINEERING_AND_RECOVERY.md;instructions/04_AUTONOMOUS_OPERATING_CONTRACT.md,VAL-OVERENGINEERING,The referenced canonical control and validation mapping implement this obligation in the delivered repository control system.
MPR-32-003,32,ANTI-OVERENGINEERING POLICY,"Require a current requirement, simpler-alternative analysis, measurable benefit, maintenance-cost analysis, and simplicity check before significant complexity.",CONTROL_IMPLEMENTED,instructions/17_BLOCKERS_LOOPS_OVERENGINEERING_AND_RECOVERY.md;instructions/04_AUTONOMOUS_OPERATING_CONTRACT.md,VAL-OVERENGINEERING,The referenced canonical control and validation mapping implement this obligation in the delivered repository control system.
MPR-32-004,32,ANTI-OVERENGINEERING POLICY,Prefer the smallest architecture that satisfies current requirements and preserves reasonable extension points.,CONTROL_IMPLEMENTED,instructions/17_BLOCKERS_LOOPS_OVERENGINEERING_AND_RECOVERY.md;instructions/04_AUTONOMOUS_OPERATING_CONTRACT.md;instructions/15_ARCHITECTURE_DOCUMENTATION_RELEASE_AND_ROLLBACK.md;instructions/templates/ARCHITECTURE_CHANGE_PROPOSAL.md;instructions/templates/RELEASE_READINESS_CHECKLIST.md,VAL-OVERENGINEERING;VAL-ARCHITECTURE-CHANGE;VAL-DOCUMENTATION-POLICY,The referenced canonical control and validation mapping implement this obligation in the delivered repository control system.
MPR-32-005,32,ANTI-OVERENGINEERING POLICY,Avoid broad refactors unrelated to the active issue.,CONTROL_IMPLEMENTED,instructions/17_BLOCKERS_LOOPS_OVERENGINEERING_AND_RECOVERY.md;instructions/04_AUTONOMOUS_OPERATING_CONTRACT.md,VAL-OVERENGINEERING,The referenced canonical control and validation mapping implement this obligation in the delivered repository control system.
MPR-32-006,32,ANTI-OVERENGINEERING POLICY,Do not rewrite working code merely for stylistic preference.,CONTROL_IMPLEMENTED,instructions/17_BLOCKERS_LOOPS_OVERENGINEERING_AND_RECOVERY.md;instructions/04_AUTONOMOUS_OPERATING_CONTRACT.md,VAL-OVERENGINEERING,The referenced canonical control and validation mapping implement this obligation in the delivered repository control system.
MPR-32-007,32,ANTI-OVERENGINEERING POLICY,Apply the anti-overengineering gate to instruction-system changes themselves.,CONTROL_IMPLEMENTED,instructions/17_BLOCKERS_LOOPS_OVERENGINEERING_AND_RECOVERY.md;instructions/04_AUTONOMOUS_OPERATING_CONTRACT.md;instructions/18_OPERATIONAL_RUNBOOKS.md;instructions/policies/loop_and_retry_policy.json,VAL-OVERENGINEERING;VAL-LOOP-POLICY;VAL-BLOCKER-POLICY,The referenced canonical control and validation mapping implement this obligation in the delivered repository control system.
MPR-33-001,33,BASELINES BEFORE COMPLEXITY,Require simple baselines before advanced models.,CONTROL_IMPLEMENTED,instructions/05_TASK_SELECTION_AND_SEQUENCING.md;instructions/14_DATA_ML_PIT_PROVENANCE_AND_EVALUATION.md;instructions/policies/protected_scope_policy.json;governance/PROTECTED_ACCEPTANCE_RULES.md,VAL-ML-GOVERNANCE;VAL-PROTECTED,The referenced canonical control and validation mapping implement this obligation in the delivered repository control system.
MPR-33-002,33,BASELINES BEFORE COMPLEXITY,Require chronological validation and calibration before promotion.,CONTROL_IMPLEMENTED,instructions/05_TASK_SELECTION_AND_SEQUENCING.md;instructions/14_DATA_ML_PIT_PROVENANCE_AND_EVALUATION.md;instructions/12_CI_TESTING_EVIDENCE_AND_DEFINITION_OF_DONE.md;instructions/policies/definition_of_done.json;instructions/catalogs/validation_command_catalog.json;instructions/policies/protected_scope_policy.json;governance/PROTECTED_ACCEPTANCE_RULES.md,VAL-ML-GOVERNANCE;VAL-TESTING-POLICY;VAL-DOD;VAL-PROTECTED,The referenced canonical control and validation mapping implement this obligation in the delivered repository control system.
MPR-33-003,33,BASELINES BEFORE COMPLEXITY,Require empirical evidence before challengers replace baselines.,CONTROL_IMPLEMENTED,instructions/05_TASK_SELECTION_AND_SEQUENCING.md;instructions/14_DATA_ML_PIT_PROVENANCE_AND_EVALUATION.md;instructions/policies/protected_scope_policy.json;governance/PROTECTED_ACCEPTANCE_RULES.md,VAL-ML-GOVERNANCE;VAL-PROTECTED,The referenced canonical control and validation mapping implement this obligation in the delivered repository control system.
MPR-33-004,33,BASELINES BEFORE COMPLEXITY,Do not jump directly to neural/graph sophistication.,CONTROL_IMPLEMENTED,instructions/05_TASK_SELECTION_AND_SEQUENCING.md;instructions/14_DATA_ML_PIT_PROVENANCE_AND_EVALUATION.md;instructions/policies/protected_scope_policy.json;governance/PROTECTED_ACCEPTANCE_RULES.md,VAL-ML-GOVERNANCE;VAL-PROTECTED,The referenced canonical control and validation mapping implement this obligation in the delivered repository control system.
MPR-33-005,33,BASELINES BEFORE COMPLEXITY,Require complexity to outperform strong simpler baselines under protected evaluation.,CONTROL_IMPLEMENTED,instructions/05_TASK_SELECTION_AND_SEQUENCING.md;instructions/14_DATA_ML_PIT_PROVENANCE_AND_EVALUATION.md;instructions/policies/protected_scope_policy.json;governance/PROTECTED_ACCEPTANCE_RULES.md,VAL-ML-GOVERNANCE;VAL-PROTECTED,The referenced canonical control and validation mapping implement this obligation in the delivered repository control system.
MPR-33-006,33,BASELINES BEFORE COMPLEXITY,Treat null results as valid.,CONTROL_IMPLEMENTED,instructions/05_TASK_SELECTION_AND_SEQUENCING.md;instructions/14_DATA_ML_PIT_PROVENANCE_AND_EVALUATION.md,VAL-ML-GOVERNANCE,The referenced canonical control and validation mapping implement this obligation in the delivered repository control system.
MPR-33-007,33,BASELINES BEFORE COMPLEXITY,Do not manufacture BAS/Aggie Excess effects because of project theme.,CONTROL_IMPLEMENTED,instructions/05_TASK_SELECTION_AND_SEQUENCING.md;instructions/14_DATA_ML_PIT_PROVENANCE_AND_EVALUATION.md;instructions/policies/protected_scope_policy.json;governance/PROTECTED_ACCEPTANCE_RULES.md,VAL-ML-GOVERNANCE;VAL-PROTECTED,The referenced canonical control and validation mapping implement this obligation in the delivered repository control system.
MPR-34-001,34,BLOCKER MANAGEMENT,"Define dependency, data/source, credential/access, shared-contract, protected-governance, CI/environment, ambiguity, and external-service blocker categories.",CONTROL_IMPLEMENTED,instructions/17_BLOCKERS_LOOPS_OVERENGINEERING_AND_RECOVERY.md;instructions/policies/blocker_taxonomy.json;instructions/templates/BLOCKER_RECORD.md;instructions/18_OPERATIONAL_RUNBOOKS.md;instructions/policies/loop_and_retry_policy.json,VAL-BLOCKER-POLICY;VAL-LOOP-POLICY;VAL-OVERENGINEERING,The referenced canonical control and validation mapping implement this obligation in the delivered repository control system.
MPR-34-002,34,BLOCKER MANAGEMENT,Record the exact blocker and evidence.,CONTROL_IMPLEMENTED,instructions/17_BLOCKERS_LOOPS_OVERENGINEERING_AND_RECOVERY.md;instructions/policies/blocker_taxonomy.json;instructions/templates/BLOCKER_RECORD.md;instructions/18_OPERATIONAL_RUNBOOKS.md;instructions/policies/loop_and_retry_policy.json;instructions/04_AUTONOMOUS_OPERATING_CONTRACT.md;instructions/06_TASK_EXECUTION_AND_MEANINGFUL_PROGRESS.md;instructions/templates/TASK_EXECUTION_PACKET.md,VAL-BLOCKER-POLICY;VAL-LOOP-POLICY;VAL-OVERENGINEERING;VAL-EXECUTION-LOOP;VAL-MEANINGFUL-PROGRESS,The referenced canonical control and validation mapping implement this obligation in the delivered repository control system.
MPR-34-003,34,BLOCKER MANAGEMENT,Record the condition or owner needed to unblock.,CONTROL_IMPLEMENTED,instructions/17_BLOCKERS_LOOPS_OVERENGINEERING_AND_RECOVERY.md;instructions/policies/blocker_taxonomy.json;instructions/templates/BLOCKER_RECORD.md;instructions/04_AUTONOMOUS_OPERATING_CONTRACT.md;instructions/06_TASK_EXECUTION_AND_MEANINGFUL_PROGRESS.md;instructions/templates/TASK_EXECUTION_PACKET.md,VAL-BLOCKER-POLICY;VAL-EXECUTION-LOOP;VAL-MEANINGFUL-PROGRESS,The referenced canonical control and validation mapping implement this obligation in the delivered repository control system.
MPR-34-004,34,BLOCKER MANAGEMENT,Update Jira meaningfully.,CONTROL_IMPLEMENTED,instructions/17_BLOCKERS_LOOPS_OVERENGINEERING_AND_RECOVERY.md;instructions/policies/blocker_taxonomy.json;instructions/templates/BLOCKER_RECORD.md;instructions/07_JIRA_OPERATING_CONTRACT.md;instructions/08_LOCAL_JIRA_MIRROR_AND_SYNC.md;instructions/policies/jira_operating_policy.json;jira/README.md,VAL-BLOCKER-POLICY;VAL-JIRA-POLICY;VAL-JIRA,The referenced canonical control and validation mapping implement this obligation in the delivered repository control system.
MPR-34-005,34,BLOCKER MANAGEMENT,Do not fake completion.,CONTROL_IMPLEMENTED,instructions/17_BLOCKERS_LOOPS_OVERENGINEERING_AND_RECOVERY.md;instructions/policies/blocker_taxonomy.json;instructions/templates/BLOCKER_RECORD.md,VAL-BLOCKER-POLICY,The referenced canonical control and validation mapping implement this obligation in the delivered repository control system.
MPR-34-006,34,BLOCKER MANAGEMENT,Move to independent Ready work when possible.,CONTROL_IMPLEMENTED,instructions/17_BLOCKERS_LOOPS_OVERENGINEERING_AND_RECOVERY.md;instructions/policies/blocker_taxonomy.json;instructions/templates/BLOCKER_RECORD.md,VAL-BLOCKER-POLICY,The referenced canonical control and validation mapping implement this obligation in the delivered repository control system.
MPR-34-007,34,BLOCKER MANAGEMENT,Do not create fake substitute data or invented metrics.,CONTROL_IMPLEMENTED,instructions/17_BLOCKERS_LOOPS_OVERENGINEERING_AND_RECOVERY.md;instructions/policies/blocker_taxonomy.json;instructions/templates/BLOCKER_RECORD.md,VAL-BLOCKER-POLICY,The referenced canonical control and validation mapping implement this obligation in the delivered repository control system.
MPR-34-008,34,BLOCKER MANAGEMENT,Use a lightweight blocker record.,CONTROL_IMPLEMENTED,instructions/17_BLOCKERS_LOOPS_OVERENGINEERING_AND_RECOVERY.md;instructions/policies/blocker_taxonomy.json;instructions/templates/BLOCKER_RECORD.md;instructions/18_OPERATIONAL_RUNBOOKS.md;instructions/policies/loop_and_retry_policy.json;instructions/04_AUTONOMOUS_OPERATING_CONTRACT.md;instructions/06_TASK_EXECUTION_AND_MEANINGFUL_PROGRESS.md;instructions/templates/TASK_EXECUTION_PACKET.md,VAL-BLOCKER-POLICY;VAL-LOOP-POLICY;VAL-OVERENGINEERING;VAL-EXECUTION-LOOP;VAL-MEANINGFUL-PROGRESS,The referenced canonical control and validation mapping implement this obligation in the delivered repository control system.
MPR-35-001,35,AUTONOMY PERMISSION MATRIX,"Create human-readable and machine-readable AUTO, AUTO WITH GATES, and HUMAN REQUIRED permission classes.",CONTROL_IMPLEMENTED,instructions/04_AUTONOMOUS_OPERATING_CONTRACT.md;instructions/policies/autonomy_permissions.json,VAL-AUTONOMY,The referenced canonical control and validation mapping implement this obligation in the delivered repository control system.
MPR-35-002,35,AUTONOMY PERMISSION MATRIX,Allow low-risk reversible routine operations automatically.,CONTROL_IMPLEMENTED,instructions/04_AUTONOMOUS_OPERATING_CONTRACT.md;instructions/policies/autonomy_permissions.json,VAL-AUTONOMY,The referenced canonical control and validation mapping implement this obligation in the delivered repository control system.
MPR-35-003,35,AUTONOMY PERMISSION MATRIX,"Gate commits, pushes, PR readiness, merges, cleanup, dependencies, architecture, publication, and migrations on evidence.",CONTROL_IMPLEMENTED,instructions/04_AUTONOMOUS_OPERATING_CONTRACT.md;instructions/policies/autonomy_permissions.json;instructions/11_PULL_REQUEST_REVIEW_MERGE_AND_CLEANUP.md;instructions/19_GITHUB_ENFORCEMENT_RECOMMENDATIONS.md;.github/pull_request_template.md;instructions/09_GIT_REPOSITORY_SAFETY_AND_RECOVERY.md;instructions/10_BRANCH_WORKTREE_AND_COMMIT_POLICY.md;instructions/runbooks/REPOSITORY_IDENTITY_AND_REMOTE_RECONCILIATION.md,VAL-AUTONOMY;VAL-PR-LIFECYCLE;VAL-GITHUB-ENFORCEMENT;VAL-GIT-POLICY;VAL-WORKTREE-POLICY;VAL-ARCHITECTURE-CHANGE;VAL-DOCUMENTATION-POLICY,The referenced canonical control and validation mapping implement this obligation in the delivered repository control system.
MPR-35-004,35,AUTONOMY PERMISSION MATRIX,"Require human approval for force-pushes, destructive history rewrite, unknown-work deletion, protected-rule weakening, security weakening, destructive migrations, valuable-data deletion, credential-infrastructure deletion, significant spend, access-control bypass, and irreversible production changes.",CONTROL_IMPLEMENTED,instructions/04_AUTONOMOUS_OPERATING_CONTRACT.md;instructions/policies/autonomy_permissions.json;instructions/13_SECURITY_SECRETS_DATA_RIGHTS_AND_DEPENDENCIES.md;instructions/policies/security_policy.json;instructions/15_ARCHITECTURE_DOCUMENTATION_RELEASE_AND_ROLLBACK.md;instructions/templates/ARCHITECTURE_CHANGE_PROPOSAL.md;instructions/templates/RELEASE_READINESS_CHECKLIST.md,VAL-AUTONOMY;VAL-SECURITY-POLICY;VAL-SECRET;VAL-ARCHITECTURE-CHANGE;VAL-DOCUMENTATION-POLICY,The referenced canonical control and validation mapping implement this obligation in the delivered repository control system.
MPR-35-005,35,AUTONOMY PERMISSION MATRIX,Default ambiguous high-impact operations to HUMAN REQUIRED.,CONTROL_IMPLEMENTED,instructions/04_AUTONOMOUS_OPERATING_CONTRACT.md;instructions/policies/autonomy_permissions.json,VAL-AUTONOMY,The referenced canonical control and validation mapping implement this obligation in the delivered repository control system.
MPR-35-006,35,AUTONOMY PERMISSION MATRIX,Preserve routine autonomous implementation progress without human approval for every trivial step.,CONTROL_IMPLEMENTED,instructions/04_AUTONOMOUS_OPERATING_CONTRACT.md;instructions/policies/autonomy_permissions.json,VAL-AUTONOMY,The referenced canonical control and validation mapping implement this obligation in the delivered repository control system.
MPR-36-001,36,PARALLELISM AND MULTIPLE CODEX SESSIONS,Define safe concurrency for multiple Codex sessions.,CONTROL_IMPLEMENTED,instructions/16_PARALLELISM_RESOURCES_CONTEXT_AND_HANDOFF.md;instructions/policies/parallelism_policy.json;instructions/policies/shared_contract_policy.json;instructions/templates/HANDOFF_RECORD.md,VAL-PARALLELISM;VAL-HANDOFF,The referenced canonical control and validation mapping implement this obligation in the delivered repository control system.
MPR-36-002,36,PARALLELISM AND MULTIPLE CODEX SESSIONS,"Require each lane to have Jira ownership, branch, worktree, scope, and shared-contract claim.",CONTROL_IMPLEMENTED,instructions/16_PARALLELISM_RESOURCES_CONTEXT_AND_HANDOFF.md;instructions/policies/parallelism_policy.json;instructions/policies/shared_contract_policy.json;instructions/07_JIRA_OPERATING_CONTRACT.md;instructions/08_LOCAL_JIRA_MIRROR_AND_SYNC.md;instructions/policies/jira_operating_policy.json;jira/README.md;instructions/09_GIT_REPOSITORY_SAFETY_AND_RECOVERY.md,VAL-PARALLELISM;VAL-JIRA-POLICY;VAL-JIRA;VAL-GIT-POLICY;VAL-WORKTREE-POLICY,The referenced canonical control and validation mapping implement this obligation in the delivered repository control system.
MPR-36-003,36,PARALLELISM AND MULTIPLE CODEX SESSIONS,Do not parallelize merely to look busy.,CONTROL_IMPLEMENTED,instructions/16_PARALLELISM_RESOURCES_CONTEXT_AND_HANDOFF.md;instructions/policies/parallelism_policy.json;instructions/policies/shared_contract_policy.json,VAL-PARALLELISM,The referenced canonical control and validation mapping implement this obligation in the delivered repository control system.
MPR-36-004,36,PARALLELISM AND MULTIPLE CODEX SESSIONS,"Bound parallelism by CPU, RAM, GPU, disk, APIs, mutation conflicts, and shared contracts.",CONTROL_IMPLEMENTED,instructions/16_PARALLELISM_RESOURCES_CONTEXT_AND_HANDOFF.md;instructions/policies/parallelism_policy.json;instructions/policies/shared_contract_policy.json;instructions/templates/HANDOFF_RECORD.md,VAL-PARALLELISM;VAL-HANDOFF,The referenced canonical control and validation mapping implement this obligation in the delivered repository control system.
MPR-36-005,36,PARALLELISM AND MULTIPLE CODEX SESSIONS,Serialize protected/shared contracts to one mutation owner.,CONTROL_IMPLEMENTED,instructions/16_PARALLELISM_RESOURCES_CONTEXT_AND_HANDOFF.md;instructions/policies/parallelism_policy.json;instructions/policies/shared_contract_policy.json;instructions/templates/HANDOFF_RECORD.md,VAL-PARALLELISM;VAL-HANDOFF,The referenced canonical control and validation mapping implement this obligation in the delivered repository control system.
MPR-36-006,36,PARALLELISM AND MULTIPLE CODEX SESSIONS,Integrate in dependency order rather than completion order.,CONTROL_IMPLEMENTED,instructions/16_PARALLELISM_RESOURCES_CONTEXT_AND_HANDOFF.md;instructions/policies/parallelism_policy.json;instructions/policies/shared_contract_policy.json,VAL-PARALLELISM,The referenced canonical control and validation mapping implement this obligation in the delivered repository control system.
MPR-36-007,36,PARALLELISM AND MULTIPLE CODEX SESSIONS,Provide resource-aware admission and collision-denial rules.,CONTROL_IMPLEMENTED,instructions/16_PARALLELISM_RESOURCES_CONTEXT_AND_HANDOFF.md;instructions/policies/parallelism_policy.json;instructions/policies/shared_contract_policy.json,VAL-PARALLELISM,The referenced canonical control and validation mapping implement this obligation in the delivered repository control system.
MPR-37-001,37,SESSION STARTUP PROCEDURE,Provide a concise deterministic startup checklist.,CONTROL_IMPLEMENTED,instructions/START_HERE.md;tools/audit_control_plane.py,VAL-ENTRYPOINT;VAL-CONTROL-PLANE,The referenced canonical control and validation mapping implement this obligation in the delivered repository control system.
MPR-37-002,37,SESSION STARTUP PROCEDURE,Verify canonical path and Git state.,CONTROL_IMPLEMENTED,instructions/START_HERE.md;tools/audit_control_plane.py;instructions/09_GIT_REPOSITORY_SAFETY_AND_RECOVERY.md;instructions/10_BRANCH_WORKTREE_AND_COMMIT_POLICY.md;instructions/runbooks/REPOSITORY_IDENTITY_AND_REMOTE_RECONCILIATION.md,VAL-ENTRYPOINT;VAL-CONTROL-PLANE;VAL-GIT-POLICY;VAL-WORKTREE-POLICY,The referenced canonical control and validation mapping implement this obligation in the delivered repository control system.
MPR-37-003,37,SESSION STARTUP PROCEDURE,Fetch remote metadata safely only after remote URL review.,CONTROL_IMPLEMENTED,instructions/START_HERE.md;tools/audit_control_plane.py;instructions/09_GIT_REPOSITORY_SAFETY_AND_RECOVERY.md;instructions/10_BRANCH_WORKTREE_AND_COMMIT_POLICY.md;instructions/runbooks/REPOSITORY_IDENTITY_AND_REMOTE_RECONCILIATION.md,VAL-ENTRYPOINT;VAL-CONTROL-PLANE;VAL-GIT-POLICY;VAL-WORKTREE-POLICY,The referenced canonical control and validation mapping implement this obligation in the delivered repository control system.
MPR-37-004,37,SESSION STARTUP PROCEDURE,Verify branch and worktree.,CONTROL_IMPLEMENTED,instructions/START_HERE.md;tools/audit_control_plane.py;instructions/09_GIT_REPOSITORY_SAFETY_AND_RECOVERY.md;instructions/10_BRANCH_WORKTREE_AND_COMMIT_POLICY.md;instructions/runbooks/REPOSITORY_IDENTITY_AND_REMOTE_RECONCILIATION.md,VAL-ENTRYPOINT;VAL-CONTROL-PLANE;VAL-GIT-POLICY;VAL-WORKTREE-POLICY,The referenced canonical control and validation mapping implement this obligation in the delivered repository control system.
MPR-37-005,37,SESSION STARTUP PROCEDURE,Read AGENTS.md and START_HERE.,CONTROL_IMPLEMENTED,instructions/START_HERE.md;tools/audit_control_plane.py;instructions/03_REPOSITORY_ARCHITECTURE_AND_NAVIGATION.md;instructions/20_INSTRUCTION_MAINTENANCE_AND_CHANGE_CONTROL.md;instructions/manifest.json,VAL-ENTRYPOINT;VAL-CONTROL-PLANE;VAL-MANIFEST;VAL-READ-BUDGET,The referenced canonical control and validation mapping implement this obligation in the delivered repository control system.
MPR-37-006,37,SESSION STARTUP PROCEDURE,Read current state/backlog and inspect active Jira work.,CONTROL_IMPLEMENTED,instructions/START_HERE.md;tools/audit_control_plane.py;instructions/07_JIRA_OPERATING_CONTRACT.md;instructions/08_LOCAL_JIRA_MIRROR_AND_SYNC.md;instructions/policies/jira_operating_policy.json;jira/README.md;instructions/audit/REPOSITORY_DISCOVERY_REPORT.md;instructions/audit/EXTERNAL_INTEGRATION_AUDIT.md,VAL-ENTRYPOINT;VAL-CONTROL-PLANE;VAL-JIRA-POLICY;VAL-JIRA;VAL-AUDIT,The referenced canonical control and validation mapping implement this obligation in the delivered repository control system.
MPR-37-007,37,SESSION STARTUP PROCEDURE,Resolve unfinished prior work before conflicting new work.,CONTROL_IMPLEMENTED,instructions/START_HERE.md;tools/audit_control_plane.py,VAL-ENTRYPOINT;VAL-CONTROL-PLANE,The referenced canonical control and validation mapping implement this obligation in the delivered repository control system.
MPR-37-008,37,SESSION STARTUP PROCEDURE,Choose the next Ready item only after reconciliation.,CONTROL_IMPLEMENTED,instructions/START_HERE.md;tools/audit_control_plane.py,VAL-ENTRYPOINT;VAL-CONTROL-PLANE,The referenced canonical control and validation mapping implement this obligation in the delivered repository control system.
MPR-37-009,37,SESSION STARTUP PROCEDURE,Avoid rereading all repository files each session.,CONTROL_IMPLEMENTED,instructions/START_HERE.md;tools/audit_control_plane.py,VAL-ENTRYPOINT;VAL-CONTROL-PLANE,The referenced canonical control and validation mapping implement this obligation in the delivered repository control system.
MPR-37-010,37,SESSION STARTUP PROCEDURE,Use targeted retrieval based on the active task.,CONTROL_IMPLEMENTED,instructions/START_HERE.md;tools/audit_control_plane.py,VAL-ENTRYPOINT;VAL-CONTROL-PLANE,The referenced canonical control and validation mapping implement this obligation in the delivered repository control system.
MPR-38-001,38,CONTEXT MANAGEMENT,Do not rely solely on chat memory for long-running sessions.,CONTROL_IMPLEMENTED,instructions/16_PARALLELISM_RESOURCES_CONTEXT_AND_HANDOFF.md;instructions/policies/read_budget.json,VAL-READ-BUDGET,The referenced canonical control and validation mapping implement this obligation in the delivered repository control system.
MPR-38-002,38,CONTEXT MANAGEMENT,"Persist durable state in Jira, Git, PRs, governance, source documents, tests, and provenance.",CONTROL_IMPLEMENTED,instructions/16_PARALLELISM_RESOURCES_CONTEXT_AND_HANDOFF.md;instructions/policies/read_budget.json;instructions/07_JIRA_OPERATING_CONTRACT.md;instructions/08_LOCAL_JIRA_MIRROR_AND_SYNC.md;instructions/policies/jira_operating_policy.json;jira/README.md;instructions/09_GIT_REPOSITORY_SAFETY_AND_RECOVERY.md;instructions/10_BRANCH_WORKTREE_AND_COMMIT_POLICY.md,VAL-READ-BUDGET;VAL-JIRA-POLICY;VAL-JIRA;VAL-GIT-POLICY;VAL-WORKTREE-POLICY,The referenced canonical control and validation mapping implement this obligation in the delivered repository control system.
MPR-38-003,38,CONTEXT MANAGEMENT,Define what is durable versus transient.,CONTROL_IMPLEMENTED,instructions/16_PARALLELISM_RESOURCES_CONTEXT_AND_HANDOFF.md;instructions/policies/read_budget.json,VAL-READ-BUDGET,The referenced canonical control and validation mapping implement this obligation in the delivered repository control system.
MPR-38-004,38,CONTEXT MANAGEMENT,Avoid excessive AI memory files.,CONTROL_IMPLEMENTED,instructions/16_PARALLELISM_RESOURCES_CONTEXT_AND_HANDOFF.md;instructions/policies/read_budget.json,VAL-READ-BUDGET,The referenced canonical control and validation mapping implement this obligation in the delivered repository control system.
MPR-38-005,38,CONTEXT MANAGEMENT,Provide read-budget tiers and task-targeted retrieval.,CONTROL_IMPLEMENTED,instructions/16_PARALLELISM_RESOURCES_CONTEXT_AND_HANDOFF.md;instructions/policies/read_budget.json,VAL-READ-BUDGET,The referenced canonical control and validation mapping implement this obligation in the delivered repository control system.
MPR-38-006,38,CONTEXT MANAGEMENT,Allow recovery after interruption from durable artifacts.,CONTROL_IMPLEMENTED,instructions/16_PARALLELISM_RESOURCES_CONTEXT_AND_HANDOFF.md;instructions/policies/read_budget.json,VAL-READ-BUDGET,The referenced canonical control and validation mapping implement this obligation in the delivered repository control system.
MPR-39-001,39,HANDOFF AND CONTINUATION,Provide a lightweight handoff mechanism.,CONTROL_IMPLEMENTED,instructions/16_PARALLELISM_RESOURCES_CONTEXT_AND_HANDOFF.md;instructions/templates/HANDOFF_RECORD.md;instructions/policies/parallelism_policy.json,VAL-HANDOFF;VAL-PARALLELISM,The referenced canonical control and validation mapping implement this obligation in the delivered repository control system.
MPR-39-002,39,HANDOFF AND CONTINUATION,"Record current Jira item, branch/worktree, completed/pending changes, tests, failures, blocker, and next action.",CONTROL_IMPLEMENTED,instructions/16_PARALLELISM_RESOURCES_CONTEXT_AND_HANDOFF.md;instructions/templates/HANDOFF_RECORD.md;instructions/07_JIRA_OPERATING_CONTRACT.md;instructions/08_LOCAL_JIRA_MIRROR_AND_SYNC.md;instructions/policies/jira_operating_policy.json;jira/README.md;instructions/09_GIT_REPOSITORY_SAFETY_AND_RECOVERY.md;instructions/10_BRANCH_WORKTREE_AND_COMMIT_POLICY.md,VAL-HANDOFF;VAL-JIRA-POLICY;VAL-JIRA;VAL-GIT-POLICY;VAL-WORKTREE-POLICY;VAL-TESTING-POLICY;VAL-DOD;VAL-EXECUTION-LOOP,The referenced canonical control and validation mapping implement this obligation in the delivered repository control system.
MPR-39-003,39,HANDOFF AND CONTINUATION,Avoid gigantic session diaries.,CONTROL_IMPLEMENTED,instructions/16_PARALLELISM_RESOURCES_CONTEXT_AND_HANDOFF.md;instructions/templates/HANDOFF_RECORD.md,VAL-HANDOFF,The referenced canonical control and validation mapping implement this obligation in the delivered repository control system.
MPR-39-004,39,HANDOFF AND CONTINUATION,Use task packet and handoff templates only when they improve continuity.,CONTROL_IMPLEMENTED,instructions/16_PARALLELISM_RESOURCES_CONTEXT_AND_HANDOFF.md;instructions/templates/HANDOFF_RECORD.md;instructions/policies/parallelism_policy.json;instructions/04_AUTONOMOUS_OPERATING_CONTRACT.md;instructions/06_TASK_EXECUTION_AND_MEANINGFUL_PROGRESS.md;instructions/templates/TASK_EXECUTION_PACKET.md,VAL-HANDOFF;VAL-PARALLELISM;VAL-EXECUTION-LOOP;VAL-MEANINGFUL-PROGRESS,The referenced canonical control and validation mapping implement this obligation in the delivered repository control system.
MPR-39-005,39,HANDOFF AND CONTINUATION,Require end-of-session minimum state for owned unfinished work.,CONTROL_IMPLEMENTED,instructions/16_PARALLELISM_RESOURCES_CONTEXT_AND_HANDOFF.md;instructions/templates/HANDOFF_RECORD.md,VAL-HANDOFF,The referenced canonical control and validation mapping implement this obligation in the delivered repository control system.
MPR-40-001,40,ARCHITECTURE CHANGE POLICY,Distinguish implementation within accepted design from material architecture change.,CONTROL_IMPLEMENTED,instructions/15_ARCHITECTURE_DOCUMENTATION_RELEASE_AND_ROLLBACK.md;instructions/templates/ARCHITECTURE_CHANGE_PROPOSAL.md;instructions/templates/RELEASE_READINESS_CHECKLIST.md,VAL-ARCHITECTURE-CHANGE;VAL-DOCUMENTATION-POLICY,The referenced canonical control and validation mapping implement this obligation in the delivered repository control system.
MPR-40-002,40,ARCHITECTURE CHANGE POLICY,Do not require a new ADR for routine implementation within accepted design.,CONTROL_IMPLEMENTED,instructions/15_ARCHITECTURE_DOCUMENTATION_RELEASE_AND_ROLLBACK.md;instructions/templates/ARCHITECTURE_CHANGE_PROPOSAL.md;instructions/templates/RELEASE_READINESS_CHECKLIST.md,VAL-ARCHITECTURE-CHANGE;VAL-DOCUMENTATION-POLICY,The referenced canonical control and validation mapping implement this obligation in the delivered repository control system.
MPR-40-003,40,ARCHITECTURE CHANGE POLICY,"For material changes require reason, affected requirements, alternatives, risks, migration, dependencies, and ADR/change record.",CONTROL_IMPLEMENTED,instructions/15_ARCHITECTURE_DOCUMENTATION_RELEASE_AND_ROLLBACK.md;instructions/templates/ARCHITECTURE_CHANGE_PROPOSAL.md;instructions/templates/RELEASE_READINESS_CHECKLIST.md,VAL-ARCHITECTURE-CHANGE;VAL-DOCUMENTATION-POLICY,The referenced canonical control and validation mapping implement this obligation in the delivered repository control system.
MPR-40-004,40,ARCHITECTURE CHANGE POLICY,Do not casually rewrite protected contracts.,CONTROL_IMPLEMENTED,instructions/15_ARCHITECTURE_DOCUMENTATION_RELEASE_AND_ROLLBACK.md;instructions/templates/ARCHITECTURE_CHANGE_PROPOSAL.md,VAL-ARCHITECTURE-CHANGE,The referenced canonical control and validation mapping implement this obligation in the delivered repository control system.
MPR-40-005,40,ARCHITECTURE CHANGE POLICY,Permit evidence-based improvement when governance allows it.,CONTROL_IMPLEMENTED,instructions/15_ARCHITECTURE_DOCUMENTATION_RELEASE_AND_ROLLBACK.md;instructions/templates/ARCHITECTURE_CHANGE_PROPOSAL.md,VAL-ARCHITECTURE-CHANGE,The referenced canonical control and validation mapping implement this obligation in the delivered repository control system.
MPR-40-006,40,ARCHITECTURE CHANGE POLICY,Require compatibility and rollback analysis.,CONTROL_IMPLEMENTED,instructions/15_ARCHITECTURE_DOCUMENTATION_RELEASE_AND_ROLLBACK.md;instructions/templates/ARCHITECTURE_CHANGE_PROPOSAL.md;instructions/templates/RELEASE_READINESS_CHECKLIST.md,VAL-ARCHITECTURE-CHANGE;VAL-DOCUMENTATION-POLICY,The referenced canonical control and validation mapping implement this obligation in the delivered repository control system.
MPR-41-001,41,DOCUMENTATION POLICY,Keep documentation accurate and proportionate.,CONTROL_IMPLEMENTED,instructions/15_ARCHITECTURE_DOCUMENTATION_RELEASE_AND_ROLLBACK.md;instructions/templates/ARCHITECTURE_CHANGE_PROPOSAL.md;instructions/templates/RELEASE_READINESS_CHECKLIST.md,VAL-DOCUMENTATION-POLICY;VAL-ARCHITECTURE-CHANGE,The referenced canonical control and validation mapping implement this obligation in the delivered repository control system.
MPR-41-002,41,DOCUMENTATION POLICY,"Update docs when behavior, interfaces, operations, architecture, or user expectations change.",CONTROL_IMPLEMENTED,instructions/15_ARCHITECTURE_DOCUMENTATION_RELEASE_AND_ROLLBACK.md;instructions/templates/ARCHITECTURE_CHANGE_PROPOSAL.md;instructions/templates/RELEASE_READINESS_CHECKLIST.md,VAL-DOCUMENTATION-POLICY;VAL-ARCHITECTURE-CHANGE,The referenced canonical control and validation mapping implement this obligation in the delivered repository control system.
MPR-41-003,41,DOCUMENTATION POLICY,Do not force documentation edits for inconsequential changes.,CONTROL_IMPLEMENTED,instructions/15_ARCHITECTURE_DOCUMENTATION_RELEASE_AND_ROLLBACK.md;instructions/templates/ARCHITECTURE_CHANGE_PROPOSAL.md;instructions/templates/RELEASE_READINESS_CHECKLIST.md,VAL-DOCUMENTATION-POLICY;VAL-ARCHITECTURE-CHANGE,The referenced canonical control and validation mapping implement this obligation in the delivered repository control system.
MPR-41-004,41,DOCUMENTATION POLICY,Avoid duplicate documents.,CONTROL_IMPLEMENTED,instructions/15_ARCHITECTURE_DOCUMENTATION_RELEASE_AND_ROLLBACK.md,VAL-DOCUMENTATION-POLICY,The referenced canonical control and validation mapping implement this obligation in the delivered repository control system.
MPR-41-005,41,DOCUMENTATION POLICY,Prefer canonical links.,CONTROL_IMPLEMENTED,instructions/15_ARCHITECTURE_DOCUMENTATION_RELEASE_AND_ROLLBACK.md,VAL-DOCUMENTATION-POLICY,The referenced canonical control and validation mapping implement this obligation in the delivered repository control system.
MPR-41-006,41,DOCUMENTATION POLICY,Preserve historical records for provenance.,CONTROL_IMPLEMENTED,instructions/15_ARCHITECTURE_DOCUMENTATION_RELEASE_AND_ROLLBACK.md,VAL-DOCUMENTATION-POLICY,The referenced canonical control and validation mapping implement this obligation in the delivered repository control system.
MPR-41-007,41,DOCUMENTATION POLICY,Validate links and control-file alignment.,CONTROL_IMPLEMENTED,instructions/15_ARCHITECTURE_DOCUMENTATION_RELEASE_AND_ROLLBACK.md,VAL-DOCUMENTATION-POLICY,The referenced canonical control and validation mapping implement this obligation in the delivered repository control system.
MPR-42-001,42,SECURITY AND SECRET HANDLING,Keep .env ignored.,CONTROL_IMPLEMENTED,instructions/13_SECURITY_SECRETS_DATA_RIGHTS_AND_DEPENDENCIES.md;instructions/policies/security_policy.json,VAL-SECRET;VAL-SECURITY-POLICY,The referenced canonical control and validation mapping implement this obligation in the delivered repository control system.
MPR-42-002,42,SECURITY AND SECRET HANDLING,Never commit secrets or print full values.,CONTROL_IMPLEMENTED,instructions/13_SECURITY_SECRETS_DATA_RIGHTS_AND_DEPENDENCIES.md;instructions/policies/security_policy.json,VAL-SECRET;VAL-SECURITY-POLICY,The referenced canonical control and validation mapping implement this obligation in the delivered repository control system.
MPR-42-003,42,SECURITY AND SECRET HANDLING,Redact secrets from logs.,CONTROL_IMPLEMENTED,instructions/13_SECURITY_SECRETS_DATA_RIGHTS_AND_DEPENDENCIES.md;instructions/policies/security_policy.json,VAL-SECRET;VAL-SECURITY-POLICY,The referenced canonical control and validation mapping implement this obligation in the delivered repository control system.
MPR-42-004,42,SECURITY AND SECRET HANDLING,Never place credentials in Jira or GitHub text.,CONTROL_IMPLEMENTED,instructions/13_SECURITY_SECRETS_DATA_RIGHTS_AND_DEPENDENCIES.md;instructions/policies/security_policy.json;instructions/07_JIRA_OPERATING_CONTRACT.md;instructions/08_LOCAL_JIRA_MIRROR_AND_SYNC.md;instructions/policies/jira_operating_policy.json;jira/README.md;instructions/11_PULL_REQUEST_REVIEW_MERGE_AND_CLEANUP.md;instructions/19_GITHUB_ENFORCEMENT_RECOMMENDATIONS.md,VAL-SECRET;VAL-SECURITY-POLICY;VAL-JIRA-POLICY;VAL-JIRA;VAL-PR-LIFECYCLE;VAL-GITHUB-ENFORCEMENT,The referenced canonical control and validation mapping implement this obligation in the delivered repository control system.
MPR-42-005,42,SECURITY AND SECRET HANDLING,Never package secrets.,CONTROL_IMPLEMENTED,instructions/13_SECURITY_SECRETS_DATA_RIGHTS_AND_DEPENDENCIES.md;instructions/policies/security_policy.json;instructions/21_PACKAGING_INTEGRITY_AND_INSTALLATION.md;tools/package_instructions.py;tools/package_repository_export.py,VAL-SECRET;VAL-SECURITY-POLICY;VAL-PACKAGE;VAL-PACKAGE-REPOSITORY,The referenced canonical control and validation mapping implement this obligation in the delivered repository control system.
MPR-42-006,42,SECURITY AND SECRET HANDLING,Use least-privilege credentials.,CONTROL_IMPLEMENTED,instructions/13_SECURITY_SECRETS_DATA_RIGHTS_AND_DEPENDENCIES.md;instructions/policies/security_policy.json,VAL-SECRET;VAL-SECURITY-POLICY,The referenced canonical control and validation mapping implement this obligation in the delivered repository control system.
MPR-42-007,42,SECURITY AND SECRET HANDLING,"Respect API licenses, terms, and rate limits.",CONTROL_IMPLEMENTED,instructions/13_SECURITY_SECRETS_DATA_RIGHTS_AND_DEPENDENCIES.md;instructions/policies/security_policy.json,VAL-SECRET;VAL-SECURITY-POLICY,The referenced canonical control and validation mapping implement this obligation in the delivered repository control system.
MPR-42-008,42,SECURITY AND SECRET HANDLING,Prohibit CAPTCHA or access-control bypass and unauthorized bulk redistribution.,CONTROL_IMPLEMENTED,instructions/13_SECURITY_SECRETS_DATA_RIGHTS_AND_DEPENDENCIES.md;instructions/policies/security_policy.json,VAL-SECRET;VAL-SECURITY-POLICY,The referenced canonical control and validation mapping implement this obligation in the delivered repository control system.
MPR-42-009,42,SECURITY AND SECRET HANDLING,Scan staged changes and release packages.,CONTROL_IMPLEMENTED,instructions/13_SECURITY_SECRETS_DATA_RIGHTS_AND_DEPENDENCIES.md;instructions/policies/security_policy.json;instructions/21_PACKAGING_INTEGRITY_AND_INSTALLATION.md;tools/package_instructions.py;tools/package_repository_export.py,VAL-SECRET;VAL-SECURITY-POLICY;VAL-PACKAGE;VAL-PACKAGE-REPOSITORY,The referenced canonical control and validation mapping implement this obligation in the delivered repository control system.
MPR-42-010,42,SECURITY AND SECRET HANDLING,Provide a secret-incident recovery runbook.,CONTROL_IMPLEMENTED,instructions/13_SECURITY_SECRETS_DATA_RIGHTS_AND_DEPENDENCIES.md;instructions/policies/security_policy.json,VAL-SECRET;VAL-SECURITY-POLICY,The referenced canonical control and validation mapping implement this obligation in the delivered repository control system.
MPR-43-001,43,DATA/ML GOVERNANCE,Make historical predictions reconstructible as of prediction time.,CONTROL_IMPLEMENTED,instructions/14_DATA_ML_PIT_PROVENANCE_AND_EVALUATION.md;instructions/policies/protected_scope_policy.json,VAL-PROTECTED;VAL-ML-GOVERNANCE,The referenced canonical control and validation mapping implement this obligation in the delivered repository control system.
MPR-43-002,43,DATA/ML GOVERNANCE,Prevent future knowledge from leaking backward.,CONTROL_IMPLEMENTED,instructions/14_DATA_ML_PIT_PROVENANCE_AND_EVALUATION.md;instructions/policies/protected_scope_policy.json,VAL-PROTECTED;VAL-ML-GOVERNANCE,The referenced canonical control and validation mapping implement this obligation in the delivered repository control system.
MPR-43-003,43,DATA/ML GOVERNANCE,Exclude target-game outcomes from pregame features.,CONTROL_IMPLEMENTED,instructions/14_DATA_ML_PIT_PROVENANCE_AND_EVALUATION.md;instructions/policies/protected_scope_policy.json;governance/PROTECTED_ACCEPTANCE_RULES.md,VAL-PROTECTED;VAL-ML-GOVERNANCE,The referenced canonical control and validation mapping implement this obligation in the delivered repository control system.
MPR-43-004,43,DATA/ML GOVERNANCE,Do not treat absence of evidence as negative evidence without a source contract.,CONTROL_IMPLEMENTED,instructions/14_DATA_ML_PIT_PROVENANCE_AND_EVALUATION.md;instructions/policies/protected_scope_policy.json,VAL-PROTECTED;VAL-ML-GOVERNANCE,The referenced canonical control and validation mapping implement this obligation in the delivered repository control system.
MPR-43-005,43,DATA/ML GOVERNANCE,Snapshot mutable sources appropriately.,CONTROL_IMPLEMENTED,instructions/14_DATA_ML_PIT_PROVENANCE_AND_EVALUATION.md;instructions/policies/protected_scope_policy.json,VAL-PROTECTED;VAL-ML-GOVERNANCE,The referenced canonical control and validation mapping implement this obligation in the delivered repository control system.
MPR-43-006,43,DATA/ML GOVERNANCE,Promote models and features empirically.,CONTROL_IMPLEMENTED,instructions/14_DATA_ML_PIT_PROVENANCE_AND_EVALUATION.md;instructions/policies/protected_scope_policy.json;governance/PROTECTED_ACCEPTANCE_RULES.md,VAL-PROTECTED;VAL-ML-GOVERNANCE,The referenced canonical control and validation mapping implement this obligation in the delivered repository control system.
MPR-43-007,43,DATA/ML GOVERNANCE,Keep protected evaluation separate from iterative tuning feedback.,CONTROL_IMPLEMENTED,instructions/14_DATA_ML_PIT_PROVENANCE_AND_EVALUATION.md;instructions/policies/protected_scope_policy.json;governance/PROTECTED_ACCEPTANCE_RULES.md,VAL-PROTECTED;VAL-ML-GOVERNANCE,The referenced canonical control and validation mapping implement this obligation in the delivered repository control system.
MPR-43-008,43,DATA/ML GOVERNANCE,Prevent research agents from weakening judging rules.,CONTROL_IMPLEMENTED,instructions/14_DATA_ML_PIT_PROVENANCE_AND_EVALUATION.md;instructions/policies/protected_scope_policy.json,VAL-PROTECTED;VAL-ML-GOVERNANCE,The referenced canonical control and validation mapping implement this obligation in the delivered repository control system.
MPR-43-009,43,DATA/ML GOVERNANCE,Do not use eventual future outcomes as historical features when not known then.,CONTROL_IMPLEMENTED,instructions/14_DATA_ML_PIT_PROVENANCE_AND_EVALUATION.md;instructions/policies/protected_scope_policy.json;governance/PROTECTED_ACCEPTANCE_RULES.md,VAL-PROTECTED;VAL-ML-GOVERNANCE,The referenced canonical control and validation mapping implement this obligation in the delivered repository control system.
MPR-43-010,43,DATA/ML GOVERNANCE,Keep A&M specialization subordinate to national truth.,CONTROL_IMPLEMENTED,instructions/14_DATA_ML_PIT_PROVENANCE_AND_EVALUATION.md;instructions/policies/protected_scope_policy.json;governance/PROTECTED_ACCEPTANCE_RULES.md,VAL-PROTECTED;VAL-ML-GOVERNANCE,The referenced canonical control and validation mapping implement this obligation in the delivered repository control system.
MPR-43-011,43,DATA/ML GOVERNANCE,Do not guarantee an A&M adjustment or BAS effect.,CONTROL_IMPLEMENTED,instructions/14_DATA_ML_PIT_PROVENANCE_AND_EVALUATION.md;instructions/policies/protected_scope_policy.json;governance/PROTECTED_ACCEPTANCE_RULES.md,VAL-PROTECTED;VAL-ML-GOVERNANCE,The referenced canonical control and validation mapping implement this obligation in the delivered repository control system.
MPR-43-012,43,DATA/ML GOVERNANCE,Reference canonical protected documents rather than duplicating all scientific rules.,CONTROL_IMPLEMENTED,instructions/14_DATA_ML_PIT_PROVENANCE_AND_EVALUATION.md;instructions/policies/protected_scope_policy.json,VAL-PROTECTED;VAL-ML-GOVERNANCE,The referenced canonical control and validation mapping implement this obligation in the delivered repository control system.
MPR-43-013,43,DATA/ML GOVERNANCE,Require provenance and immutable evidence for scientific claims.,CONTROL_IMPLEMENTED,instructions/14_DATA_ML_PIT_PROVENANCE_AND_EVALUATION.md;instructions/policies/protected_scope_policy.json;governance/PROTECTED_ACCEPTANCE_RULES.md,VAL-PROTECTED;VAL-ML-GOVERNANCE,The referenced canonical control and validation mapping implement this obligation in the delivered repository control system.
MPR-44-001,44,RESOURCE-AWARE DEVELOPMENT,Respect actual target hardware and environment.,CONTROL_IMPLEMENTED,instructions/16_PARALLELISM_RESOURCES_CONTEXT_AND_HANDOFF.md;instructions/14_DATA_ML_PIT_PROVENANCE_AND_EVALUATION.md,VAL-RESOURCE-POLICY,The referenced canonical control and validation mapping implement this obligation in the delivered repository control system.
MPR-44-002,44,RESOURCE-AWARE DEVELOPMENT,"Do not assume unlimited GPU, cloud, RAM, disk, API, or budget.",CONTROL_IMPLEMENTED,instructions/16_PARALLELISM_RESOURCES_CONTEXT_AND_HANDOFF.md;instructions/14_DATA_ML_PIT_PROVENANCE_AND_EVALUATION.md;instructions/policies/parallelism_policy.json;instructions/templates/HANDOFF_RECORD.md,VAL-RESOURCE-POLICY;VAL-PARALLELISM;VAL-HANDOFF,The referenced canonical control and validation mapping implement this obligation in the delivered repository control system.
MPR-44-003,44,RESOURCE-AWARE DEVELOPMENT,Keep target-hardware thresholds unresolved pending real evidence.,CONTROL_IMPLEMENTED,instructions/16_PARALLELISM_RESOURCES_CONTEXT_AND_HANDOFF.md;instructions/14_DATA_ML_PIT_PROVENANCE_AND_EVALUATION.md,VAL-RESOURCE-POLICY,The referenced canonical control and validation mapping implement this obligation in the delivered repository control system.
MPR-44-004,44,RESOURCE-AWARE DEVELOPMENT,Do not fabricate benchmark numbers.,CONTROL_IMPLEMENTED,instructions/16_PARALLELISM_RESOURCES_CONTEXT_AND_HANDOFF.md;instructions/14_DATA_ML_PIT_PROVENANCE_AND_EVALUATION.md,VAL-RESOURCE-POLICY,The referenced canonical control and validation mapping implement this obligation in the delivered repository control system.
MPR-44-005,44,RESOURCE-AWARE DEVELOPMENT,"Benchmark, measure, adapt, and record evidence when resources matter.",CONTROL_IMPLEMENTED,instructions/16_PARALLELISM_RESOURCES_CONTEXT_AND_HANDOFF.md;instructions/14_DATA_ML_PIT_PROVENANCE_AND_EVALUATION.md,VAL-RESOURCE-POLICY,The referenced canonical control and validation mapping implement this obligation in the delivered repository control system.
MPR-44-006,44,RESOURCE-AWARE DEVELOPMENT,Do not introduce expensive infrastructure without demonstrated need.,CONTROL_IMPLEMENTED,instructions/16_PARALLELISM_RESOURCES_CONTEXT_AND_HANDOFF.md;instructions/14_DATA_ML_PIT_PROVENANCE_AND_EVALUATION.md,VAL-RESOURCE-POLICY,The referenced canonical control and validation mapping implement this obligation in the delivered repository control system.
MPR-44-007,44,RESOURCE-AWARE DEVELOPMENT,Bound parallel sessions and experiments by resource budgets.,CONTROL_IMPLEMENTED,instructions/16_PARALLELISM_RESOURCES_CONTEXT_AND_HANDOFF.md;instructions/14_DATA_ML_PIT_PROVENANCE_AND_EVALUATION.md;instructions/policies/parallelism_policy.json;instructions/templates/HANDOFF_RECORD.md,VAL-RESOURCE-POLICY;VAL-PARALLELISM;VAL-HANDOFF,The referenced canonical control and validation mapping implement this obligation in the delivered repository control system.
MPR-45-001,45,ERROR AND RECOVERY RUNBOOKS,Provide a dirty-repository recovery runbook.,CONTROL_IMPLEMENTED,instructions/runbooks/DIRTY_WORKTREE_RECOVERY.md;instructions/18_OPERATIONAL_RUNBOOKS.md;instructions/runbooks/FAILED_CI_DIAGNOSIS.md;instructions/runbooks/JIRA_GITHUB_DESYNCHRONIZATION.md;instructions/runbooks/INTERRUPTED_SESSION_RECOVERY.md;instructions/runbooks/SOURCE_API_OUTAGE_AND_ACCESS_FAILURE.md;instructions/17_BLOCKERS_LOOPS_OVERENGINEERING_AND_RECOVERY.md;instructions/policies/loop_and_retry_policy.json,VAL-RUNBOOKS;VAL-LOOP-POLICY;VAL-BLOCKER-POLICY;VAL-OVERENGINEERING,The referenced canonical control and validation mapping implement this obligation in the delivered repository control system.
MPR-45-002,45,ERROR AND RECOVERY RUNBOOKS,Provide a merge-conflict resolution runbook that understands both sides.,CONTROL_IMPLEMENTED,instructions/runbooks/MERGE_CONFLICT_RESOLUTION.md;instructions/18_OPERATIONAL_RUNBOOKS.md;instructions/runbooks/DIRTY_WORKTREE_RECOVERY.md;instructions/runbooks/FAILED_CI_DIAGNOSIS.md;instructions/runbooks/JIRA_GITHUB_DESYNCHRONIZATION.md;instructions/runbooks/INTERRUPTED_SESSION_RECOVERY.md;instructions/runbooks/SOURCE_API_OUTAGE_AND_ACCESS_FAILURE.md;instructions/11_PULL_REQUEST_REVIEW_MERGE_AND_CLEANUP.md,VAL-RUNBOOKS;VAL-PR-LIFECYCLE;VAL-GITHUB-ENFORCEMENT,The referenced canonical control and validation mapping implement this obligation in the delivered repository control system.
MPR-45-003,45,ERROR AND RECOVERY RUNBOOKS,Provide failed-CI diagnosis before retry.,CONTROL_IMPLEMENTED,instructions/runbooks/FAILED_CI_DIAGNOSIS.md;instructions/18_OPERATIONAL_RUNBOOKS.md;instructions/runbooks/DIRTY_WORKTREE_RECOVERY.md;instructions/runbooks/JIRA_GITHUB_DESYNCHRONIZATION.md;instructions/runbooks/INTERRUPTED_SESSION_RECOVERY.md;instructions/runbooks/SOURCE_API_OUTAGE_AND_ACCESS_FAILURE.md;instructions/12_CI_TESTING_EVIDENCE_AND_DEFINITION_OF_DONE.md;instructions/policies/definition_of_done.json,VAL-RUNBOOKS;VAL-TESTING-POLICY;VAL-DOD;VAL-LOOP-POLICY;VAL-BLOCKER-POLICY;VAL-OVERENGINEERING,The referenced canonical control and validation mapping implement this obligation in the delivered repository control system.
MPR-45-004,45,ERROR AND RECOVERY RUNBOOKS,Provide dependency-installation isolation/recovery.,CONTROL_IMPLEMENTED,instructions/runbooks/DEPENDENCY_INSTALLATION_FAILURE.md;instructions/18_OPERATIONAL_RUNBOOKS.md;instructions/runbooks/DIRTY_WORKTREE_RECOVERY.md;instructions/runbooks/FAILED_CI_DIAGNOSIS.md;instructions/runbooks/JIRA_GITHUB_DESYNCHRONIZATION.md;instructions/runbooks/INTERRUPTED_SESSION_RECOVERY.md;instructions/runbooks/SOURCE_API_OUTAGE_AND_ACCESS_FAILURE.md;instructions/17_BLOCKERS_LOOPS_OVERENGINEERING_AND_RECOVERY.md,VAL-RUNBOOKS;VAL-LOOP-POLICY;VAL-BLOCKER-POLICY;VAL-OVERENGINEERING,The referenced canonical control and validation mapping implement this obligation in the delivered repository control system.
MPR-45-005,45,ERROR AND RECOVERY RUNBOOKS,Provide Jira/GitHub desynchronization resolution.,CONTROL_IMPLEMENTED,instructions/runbooks/JIRA_GITHUB_DESYNCHRONIZATION.md;instructions/18_OPERATIONAL_RUNBOOKS.md;instructions/runbooks/DIRTY_WORKTREE_RECOVERY.md;instructions/runbooks/FAILED_CI_DIAGNOSIS.md;instructions/runbooks/INTERRUPTED_SESSION_RECOVERY.md;instructions/runbooks/SOURCE_API_OUTAGE_AND_ACCESS_FAILURE.md;instructions/07_JIRA_OPERATING_CONTRACT.md;instructions/08_LOCAL_JIRA_MIRROR_AND_SYNC.md,VAL-RUNBOOKS;VAL-JIRA-POLICY;VAL-JIRA;VAL-PR-LIFECYCLE;VAL-GITHUB-ENFORCEMENT,The referenced canonical control and validation mapping implement this obligation in the delivered repository control system.
MPR-45-006,45,ERROR AND RECOVERY RUNBOOKS,Provide stale branch/worktree ownership and cleanup checks.,CONTROL_IMPLEMENTED,instructions/runbooks/STALE_BRANCH_AND_WORKTREE.md;instructions/18_OPERATIONAL_RUNBOOKS.md;instructions/runbooks/DIRTY_WORKTREE_RECOVERY.md;instructions/runbooks/FAILED_CI_DIAGNOSIS.md;instructions/runbooks/JIRA_GITHUB_DESYNCHRONIZATION.md;instructions/runbooks/INTERRUPTED_SESSION_RECOVERY.md;instructions/runbooks/SOURCE_API_OUTAGE_AND_ACCESS_FAILURE.md;instructions/09_GIT_REPOSITORY_SAFETY_AND_RECOVERY.md,VAL-RUNBOOKS;VAL-GIT-POLICY;VAL-WORKTREE-POLICY,The referenced canonical control and validation mapping implement this obligation in the delivered repository control system.
MPR-45-007,45,ERROR AND RECOVERY RUNBOOKS,Provide agent-loop recovery.,CONTROL_IMPLEMENTED,instructions/runbooks/AGENT_LOOP_RECOVERY.md;instructions/18_OPERATIONAL_RUNBOOKS.md;instructions/runbooks/DIRTY_WORKTREE_RECOVERY.md;instructions/runbooks/FAILED_CI_DIAGNOSIS.md;instructions/runbooks/JIRA_GITHUB_DESYNCHRONIZATION.md;instructions/runbooks/INTERRUPTED_SESSION_RECOVERY.md;instructions/runbooks/SOURCE_API_OUTAGE_AND_ACCESS_FAILURE.md;instructions/17_BLOCKERS_LOOPS_OVERENGINEERING_AND_RECOVERY.md,VAL-RUNBOOKS;VAL-LOOP-POLICY;VAL-BLOCKER-POLICY;VAL-OVERENGINEERING,The referenced canonical control and validation mapping implement this obligation in the delivered repository control system.
MPR-45-008,45,ERROR AND RECOVERY RUNBOOKS,Provide interrupted-session recovery.,CONTROL_IMPLEMENTED,instructions/runbooks/INTERRUPTED_SESSION_RECOVERY.md;instructions/18_OPERATIONAL_RUNBOOKS.md;instructions/runbooks/DIRTY_WORKTREE_RECOVERY.md;instructions/runbooks/FAILED_CI_DIAGNOSIS.md;instructions/runbooks/JIRA_GITHUB_DESYNCHRONIZATION.md;instructions/runbooks/SOURCE_API_OUTAGE_AND_ACCESS_FAILURE.md;instructions/17_BLOCKERS_LOOPS_OVERENGINEERING_AND_RECOVERY.md;instructions/policies/loop_and_retry_policy.json,VAL-RUNBOOKS;VAL-LOOP-POLICY;VAL-BLOCKER-POLICY;VAL-OVERENGINEERING,The referenced canonical control and validation mapping implement this obligation in the delivered repository control system.
MPR-45-009,45,ERROR AND RECOVERY RUNBOOKS,Provide source/API outage/access failure behavior without fabricated data.,CONTROL_IMPLEMENTED,instructions/runbooks/SOURCE_API_OUTAGE_AND_ACCESS_FAILURE.md;instructions/18_OPERATIONAL_RUNBOOKS.md;instructions/runbooks/DIRTY_WORKTREE_RECOVERY.md;instructions/runbooks/FAILED_CI_DIAGNOSIS.md;instructions/runbooks/JIRA_GITHUB_DESYNCHRONIZATION.md;instructions/runbooks/INTERRUPTED_SESSION_RECOVERY.md,VAL-RUNBOOKS,The referenced canonical control and validation mapping implement this obligation in the delivered repository control system.
MPR-45-010,45,ERROR AND RECOVERY RUNBOOKS,Provide repository identity/remote reconciliation.,CONTROL_IMPLEMENTED,instructions/runbooks/REPOSITORY_IDENTITY_AND_REMOTE_RECONCILIATION.md;instructions/18_OPERATIONAL_RUNBOOKS.md;instructions/runbooks/DIRTY_WORKTREE_RECOVERY.md;instructions/runbooks/FAILED_CI_DIAGNOSIS.md;instructions/runbooks/JIRA_GITHUB_DESYNCHRONIZATION.md;instructions/runbooks/INTERRUPTED_SESSION_RECOVERY.md;instructions/runbooks/SOURCE_API_OUTAGE_AND_ACCESS_FAILURE.md;instructions/09_GIT_REPOSITORY_SAFETY_AND_RECOVERY.md,VAL-RUNBOOKS;VAL-GIT-POLICY;VAL-WORKTREE-POLICY,The referenced canonical control and validation mapping implement this obligation in the delivered repository control system.
MPR-45-011,45,ERROR AND RECOVERY RUNBOOKS,"Provide secret incident, migration/data recovery, and instruction-integrity recovery.",CONTROL_IMPLEMENTED,instructions/runbooks/SECRET_OR_SENSITIVE_DATA_INCIDENT.md;instructions/runbooks/MIGRATION_AND_DATA_RECOVERY.md;instructions/runbooks/INSTRUCTION_INTEGRITY_FAILURE.md;instructions/18_OPERATIONAL_RUNBOOKS.md;instructions/runbooks/DIRTY_WORKTREE_RECOVERY.md;instructions/runbooks/FAILED_CI_DIAGNOSIS.md;instructions/runbooks/JIRA_GITHUB_DESYNCHRONIZATION.md;instructions/runbooks/INTERRUPTED_SESSION_RECOVERY.md,VAL-RUNBOOKS;VAL-LOOP-POLICY;VAL-BLOCKER-POLICY;VAL-OVERENGINEERING;VAL-SECURITY-POLICY;VAL-SECRET;VAL-ARCHITECTURE-CHANGE;VAL-DOCUMENTATION-POLICY,The referenced canonical control and validation mapping implement this obligation in the delivered repository control system.
MPR-45-012,45,ERROR AND RECOVERY RUNBOOKS,Consolidate runbooks without unnecessary file proliferation.,CONTROL_IMPLEMENTED,instructions/18_OPERATIONAL_RUNBOOKS.md;instructions/runbooks/DIRTY_WORKTREE_RECOVERY.md;instructions/runbooks/FAILED_CI_DIAGNOSIS.md;instructions/runbooks/JIRA_GITHUB_DESYNCHRONIZATION.md;instructions/runbooks/INTERRUPTED_SESSION_RECOVERY.md;instructions/runbooks/SOURCE_API_OUTAGE_AND_ACCESS_FAILURE.md,VAL-RUNBOOKS,The referenced canonical control and validation mapping implement this obligation in the delivered repository control system.
MPR-46-001,46,MACHINE-READABLE POLICIES,Provide machine-readable policies where they improve deterministic AI behavior.,CONTROL_IMPLEMENTED,instructions/policies/;tools/validate_autonomous_controls.py,VAL-POLICIES,The referenced canonical control and validation mapping implement this obligation in the delivered repository control system.
MPR-46-002,46,MACHINE-READABLE POLICIES,"Provide source precedence, autonomy, Git, Jira, task-state, task-selection, Definition of Done, testing, loop/retry, parallelism, security, protected-scope, release, packaging, and change-control policies.",CONTROL_IMPLEMENTED,instructions/policies/;tools/validate_autonomous_controls.py;instructions/07_JIRA_OPERATING_CONTRACT.md;instructions/08_LOCAL_JIRA_MIRROR_AND_SYNC.md;instructions/policies/jira_operating_policy.json;jira/README.md;instructions/09_GIT_REPOSITORY_SAFETY_AND_RECOVERY.md;instructions/10_BRANCH_WORKTREE_AND_COMMIT_POLICY.md,VAL-POLICIES;VAL-JIRA-POLICY;VAL-JIRA;VAL-GIT-POLICY;VAL-WORKTREE-POLICY;VAL-TESTING-POLICY;VAL-DOD;VAL-LOOP-POLICY,The referenced canonical control and validation mapping implement this obligation in the delivered repository control system.
MPR-46-003,46,MACHINE-READABLE POLICIES,Provide a Jira traceability schema.,CONTROL_IMPLEMENTED,instructions/policies/;tools/validate_autonomous_controls.py;instructions/07_JIRA_OPERATING_CONTRACT.md;instructions/08_LOCAL_JIRA_MIRROR_AND_SYNC.md;instructions/policies/jira_operating_policy.json;jira/README.md,VAL-POLICIES;VAL-JIRA-POLICY;VAL-JIRA,The referenced canonical control and validation mapping implement this obligation in the delivered repository control system.
MPR-46-004,46,MACHINE-READABLE POLICIES,Keep human and machine policies consistent.,CONTROL_IMPLEMENTED,instructions/policies/;tools/validate_autonomous_controls.py,VAL-POLICIES,The referenced canonical control and validation mapping implement this obligation in the delivered repository control system.
MPR-46-005,46,MACHINE-READABLE POLICIES,Identify canonical human documents for machine companions.,CONTROL_IMPLEMENTED,instructions/policies/;tools/validate_autonomous_controls.py,VAL-POLICIES,The referenced canonical control and validation mapping implement this obligation in the delivered repository control system.
MPR-46-006,46,MACHINE-READABLE POLICIES,"Validate policy versions, references, and critical invariants.",CONTROL_IMPLEMENTED,instructions/policies/;tools/validate_autonomous_controls.py,VAL-POLICIES,The referenced canonical control and validation mapping implement this obligation in the delivered repository control system.
MPR-46-007,46,MACHINE-READABLE POLICIES,Avoid schemas that add no operational value.,CONTROL_IMPLEMENTED,instructions/policies/;tools/validate_autonomous_controls.py,VAL-POLICIES,The referenced canonical control and validation mapping implement this obligation in the delivered repository control system.
MPR-47-001,47,INSTRUCTION-PACK MANIFEST,Create an instruction-pack manifest.,CONTROL_IMPLEMENTED,instructions/manifest.json;instructions/policies/instruction_manifest.schema.json;instructions/03_REPOSITORY_ARCHITECTURE_AND_NAVIGATION.md;instructions/20_INSTRUCTION_MAINTENANCE_AND_CHANGE_CONTROL.md,VAL-MANIFEST;VAL-HASHES;VAL-READ-BUDGET,The referenced canonical control and validation mapping implement this obligation in the delivered repository control system.
MPR-47-002,47,INSTRUCTION-PACK MANIFEST,List every instruction file.,CONTROL_IMPLEMENTED,instructions/manifest.json;instructions/policies/instruction_manifest.schema.json;instructions/03_REPOSITORY_ARCHITECTURE_AND_NAVIGATION.md;instructions/20_INSTRUCTION_MAINTENANCE_AND_CHANGE_CONTROL.md,VAL-MANIFEST;VAL-HASHES;VAL-READ-BUDGET,The referenced canonical control and validation mapping implement this obligation in the delivered repository control system.
MPR-47-003,47,INSTRUCTION-PACK MANIFEST,"Record purpose, authority, agent roles, read trigger/tier, dependencies/references, version, topic, and integrity hash.",CONTROL_IMPLEMENTED,instructions/manifest.json;instructions/policies/instruction_manifest.schema.json,VAL-MANIFEST;VAL-HASHES,The referenced canonical control and validation mapping implement this obligation in the delivered repository control system.
MPR-47-004,47,INSTRUCTION-PACK MANIFEST,Provide one obvious entrypoint in the manifest.,CONTROL_IMPLEMENTED,instructions/manifest.json;instructions/policies/instruction_manifest.schema.json;instructions/03_REPOSITORY_ARCHITECTURE_AND_NAVIGATION.md;instructions/20_INSTRUCTION_MAINTENANCE_AND_CHANGE_CONTROL.md,VAL-MANIFEST;VAL-HASHES;VAL-READ-BUDGET,The referenced canonical control and validation mapping implement this obligation in the delivered repository control system.
MPR-47-005,47,INSTRUCTION-PACK MANIFEST,Require exact manifest coverage with no missing or extra files.,CONTROL_IMPLEMENTED,instructions/manifest.json;instructions/policies/instruction_manifest.schema.json;instructions/03_REPOSITORY_ARCHITECTURE_AND_NAVIGATION.md;instructions/20_INSTRUCTION_MAINTENANCE_AND_CHANGE_CONTROL.md,VAL-MANIFEST;VAL-HASHES;VAL-READ-BUDGET,The referenced canonical control and validation mapping implement this obligation in the delivered repository control system.
MPR-47-006,47,INSTRUCTION-PACK MANIFEST,Generate a complete SHA-256 ledger without circular self-hashing.,CONTROL_IMPLEMENTED,instructions/manifest.json;instructions/policies/instruction_manifest.schema.json,VAL-MANIFEST;VAL-HASHES,The referenced canonical control and validation mapping implement this obligation in the delivered repository control system.
MPR-47-007,47,INSTRUCTION-PACK MANIFEST,Fail validation on stale hashes or manifest drift.,CONTROL_IMPLEMENTED,instructions/manifest.json;instructions/policies/instruction_manifest.schema.json;instructions/12_CI_TESTING_EVIDENCE_AND_DEFINITION_OF_DONE.md;instructions/policies/definition_of_done.json;instructions/catalogs/validation_command_catalog.json;instructions/03_REPOSITORY_ARCHITECTURE_AND_NAVIGATION.md;instructions/20_INSTRUCTION_MAINTENANCE_AND_CHANGE_CONTROL.md,VAL-MANIFEST;VAL-HASHES;VAL-TESTING-POLICY;VAL-DOD;VAL-READ-BUDGET,The referenced canonical control and validation mapping implement this obligation in the delivered repository control system.
MPR-48-001,48,INSTRUCTION NAVIGATION / READ BUDGET,Optimize instruction loading for AI context efficiency.,CONTROL_IMPLEMENTED,instructions/START_HERE.md;instructions/policies/read_budget.json;instructions/03_REPOSITORY_ARCHITECTURE_AND_NAVIGATION.md;instructions/20_INSTRUCTION_MAINTENANCE_AND_CHANGE_CONTROL.md;instructions/manifest.json,VAL-READ-BUDGET;VAL-MANIFEST,The referenced canonical control and validation mapping implement this obligation in the delivered repository control system.
MPR-48-002,48,INSTRUCTION NAVIGATION / READ BUDGET,"Define Always Read, task-start, and when-applicable tiers.",CONTROL_IMPLEMENTED,instructions/START_HERE.md;instructions/policies/read_budget.json;instructions/03_REPOSITORY_ARCHITECTURE_AND_NAVIGATION.md,VAL-READ-BUDGET,The referenced canonical control and validation mapping implement this obligation in the delivered repository control system.
MPR-48-003,48,INSTRUCTION NAVIGATION / READ BUDGET,Do not require every policy on every action.,CONTROL_IMPLEMENTED,instructions/START_HERE.md;instructions/policies/read_budget.json;instructions/03_REPOSITORY_ARCHITECTURE_AND_NAVIGATION.md,VAL-READ-BUDGET,The referenced canonical control and validation mapping implement this obligation in the delivered repository control system.
MPR-48-004,48,INSTRUCTION NAVIGATION / READ BUDGET,Use a machine-readable read budget.,CONTROL_IMPLEMENTED,instructions/START_HERE.md;instructions/policies/read_budget.json;instructions/03_REPOSITORY_ARCHITECTURE_AND_NAVIGATION.md;instructions/20_INSTRUCTION_MAINTENANCE_AND_CHANGE_CONTROL.md;instructions/manifest.json,VAL-READ-BUDGET;VAL-MANIFEST,The referenced canonical control and validation mapping implement this obligation in the delivered repository control system.
MPR-48-005,48,INSTRUCTION NAVIGATION / READ BUDGET,Require targeted retrieval and prohibit full-repository rereads each session.,CONTROL_IMPLEMENTED,instructions/START_HERE.md;instructions/policies/read_budget.json;instructions/03_REPOSITORY_ARCHITECTURE_AND_NAVIGATION.md,VAL-READ-BUDGET,The referenced canonical control and validation mapping implement this obligation in the delivered repository control system.
MPR-48-006,48,INSTRUCTION NAVIGATION / READ BUDGET,Define first-activation and context-loss exceptions.,CONTROL_IMPLEMENTED,instructions/START_HERE.md;instructions/policies/read_budget.json;instructions/03_REPOSITORY_ARCHITECTURE_AND_NAVIGATION.md,VAL-READ-BUDGET,The referenced canonical control and validation mapping implement this obligation in the delivered repository control system.
MPR-49-001,49,DO NOT OVERENGINEER THE INSTRUCTION PACK ITSELF,Apply anti-overengineering to the instruction pack itself.,CONTROL_IMPLEMENTED,instructions/20_INSTRUCTION_MAINTENANCE_AND_CHANGE_CONTROL.md;instructions/22_MASTER_PROMPT_COMPLIANCE_LEDGER.md;instructions/17_BLOCKERS_LOOPS_OVERENGINEERING_AND_RECOVERY.md;instructions/18_OPERATIONAL_RUNBOOKS.md;instructions/policies/loop_and_retry_policy.json;instructions/03_REPOSITORY_ARCHITECTURE_AND_NAVIGATION.md;instructions/manifest.json,VAL-DUPLICATION;VAL-LOOP-POLICY;VAL-BLOCKER-POLICY;VAL-OVERENGINEERING;VAL-MANIFEST;VAL-READ-BUDGET,The referenced canonical control and validation mapping implement this obligation in the delivered repository control system.
MPR-49-002,49,DO NOT OVERENGINEER THE INSTRUCTION PACK ITSELF,Avoid 100 competing tiny Markdown policies.,CONTROL_IMPLEMENTED,instructions/20_INSTRUCTION_MAINTENANCE_AND_CHANGE_CONTROL.md;instructions/22_MASTER_PROMPT_COMPLIANCE_LEDGER.md,VAL-DUPLICATION,The referenced canonical control and validation mapping implement this obligation in the delivered repository control system.
MPR-49-003,49,DO NOT OVERENGINEER THE INSTRUCTION PACK ITSELF,Avoid repeating the same rule across many documents.,CONTROL_IMPLEMENTED,instructions/20_INSTRUCTION_MAINTENANCE_AND_CHANGE_CONTROL.md;instructions/22_MASTER_PROMPT_COMPLIANCE_LEDGER.md,VAL-DUPLICATION,The referenced canonical control and validation mapping implement this obligation in the delivered repository control system.
MPR-49-004,49,DO NOT OVERENGINEER THE INSTRUCTION PACK ITSELF,Avoid elaborate schemas merely because possible.,CONTROL_IMPLEMENTED,instructions/20_INSTRUCTION_MAINTENANCE_AND_CHANGE_CONTROL.md;instructions/22_MASTER_PROMPT_COMPLIANCE_LEDGER.md,VAL-DUPLICATION,The referenced canonical control and validation mapping implement this obligation in the delivered repository control system.
MPR-49-005,49,DO NOT OVERENGINEER THE INSTRUCTION PACK ITSELF,Prefer a manageable set of strong canonical human documents with focused companions.,CONTROL_IMPLEMENTED,instructions/20_INSTRUCTION_MAINTENANCE_AND_CHANGE_CONTROL.md;instructions/22_MASTER_PROMPT_COMPLIANCE_LEDGER.md,VAL-DUPLICATION,The referenced canonical control and validation mapping implement this obligation in the delivered repository control system.
MPR-49-006,49,DO NOT OVERENGINEER THE INSTRUCTION PACK ITSELF,"Use templates, runbooks, catalogs, and policies only where they improve deterministic execution.",CONTROL_IMPLEMENTED,instructions/20_INSTRUCTION_MAINTENANCE_AND_CHANGE_CONTROL.md;instructions/22_MASTER_PROMPT_COMPLIANCE_LEDGER.md,VAL-DUPLICATION,The referenced canonical control and validation mapping implement this obligation in the delivered repository control system.
MPR-49-007,49,DO NOT OVERENGINEER THE INSTRUCTION PACK ITSELF,Validate one numbered canonical home per topic.,CONTROL_IMPLEMENTED,instructions/20_INSTRUCTION_MAINTENANCE_AND_CHANGE_CONTROL.md;instructions/22_MASTER_PROMPT_COMPLIANCE_LEDGER.md,VAL-DUPLICATION,The referenced canonical control and validation mapping implement this obligation in the delivered repository control system.
MPR-50-001,50,EXISTING FILE INTEGRATION,"Audit AGENTS.md, .codex controls, PR template, CODEOWNERS, issue templates, workflows, and CONTRIBUTING.md.",CONTROL_IMPLEMENTED,instructions/20_INSTRUCTION_MAINTENANCE_AND_CHANGE_CONTROL.md;instructions/audit/existing_control_alignment.csv;instructions/11_PULL_REQUEST_REVIEW_MERGE_AND_CLEANUP.md;instructions/19_GITHUB_ENFORCEMENT_RECOMMENDATIONS.md;.github/pull_request_template.md;instructions/audit/REPOSITORY_DISCOVERY_REPORT.md;instructions/audit/EXTERNAL_INTEGRATION_AUDIT.md;tools/audit_control_plane.py,VAL-ACTIVE-CONTROLS;VAL-PR-LIFECYCLE;VAL-GITHUB-ENFORCEMENT;VAL-AUDIT;VAL-CONTROL-PLANE,The referenced canonical control and validation mapping implement this obligation in the delivered repository control system.
MPR-50-002,50,EXISTING FILE INTEGRATION,Do not duplicate controls that are already correct.,CONTROL_IMPLEMENTED,instructions/20_INSTRUCTION_MAINTENANCE_AND_CHANGE_CONTROL.md;instructions/audit/existing_control_alignment.csv,VAL-ACTIVE-CONTROLS,The referenced canonical control and validation mapping implement this obligation in the delivered repository control system.
MPR-50-003,50,EXISTING FILE INTEGRATION,"Choose the canonical location when a file is obsolete, contradictory, or incomplete.",CONTROL_IMPLEMENTED,instructions/20_INSTRUCTION_MAINTENANCE_AND_CHANGE_CONTROL.md;instructions/audit/existing_control_alignment.csv,VAL-ACTIVE-CONTROLS,The referenced canonical control and validation mapping implement this obligation in the delivered repository control system.
MPR-50-004,50,EXISTING FILE INTEGRATION,Make the smallest safe alignment change.,CONTROL_IMPLEMENTED,instructions/20_INSTRUCTION_MAINTENANCE_AND_CHANGE_CONTROL.md;instructions/audit/existing_control_alignment.csv,VAL-ACTIVE-CONTROLS,The referenced canonical control and validation mapping implement this obligation in the delivered repository control system.
MPR-50-005,50,EXISTING FILE INTEGRATION,Preserve valid history and policy.,CONTROL_IMPLEMENTED,instructions/20_INSTRUCTION_MAINTENANCE_AND_CHANGE_CONTROL.md;instructions/audit/existing_control_alignment.csv,VAL-ACTIVE-CONTROLS,The referenced canonical control and validation mapping implement this obligation in the delivered repository control system.
MPR-50-006,50,EXISTING FILE INTEGRATION,Document every aligned existing control and rationale.,CONTROL_IMPLEMENTED,instructions/20_INSTRUCTION_MAINTENANCE_AND_CHANGE_CONTROL.md;instructions/audit/existing_control_alignment.csv,VAL-ACTIVE-CONTROLS,The referenced canonical control and validation mapping implement this obligation in the delivered repository control system.
MPR-50-007,50,EXISTING FILE INTEGRATION,Do not gratuitously rewrite unrelated files.,CONTROL_IMPLEMENTED,instructions/20_INSTRUCTION_MAINTENANCE_AND_CHANGE_CONTROL.md;instructions/audit/existing_control_alignment.csv,VAL-ACTIVE-CONTROLS,The referenced canonical control and validation mapping implement this obligation in the delivered repository control system.
MPR-51-001,51,GITHUB ENFORCEMENT RECOMMENDATIONS,Distinguish documentation-only policies from technically enforceable controls.,CONTROL_IMPLEMENTED,instructions/19_GITHUB_ENFORCEMENT_RECOMMENDATIONS.md;instructions/policies/github_enforcement.json;instructions/templates/GITHUB_ENFORCEMENT_ACTIVATION_CHECKLIST.md,VAL-GITHUB-ENFORCEMENT,The referenced canonical control and validation mapping implement this obligation in the delivered repository control system.
MPR-51-002,51,GITHUB ENFORCEMENT RECOMMENDATIONS,"Recommend protected main, required CI, secret scanning, dependency review, CodeQL, PR template, CODEOWNERS where useful, merge settings, and automatic branch deletion.",CONTROL_IMPLEMENTED,instructions/19_GITHUB_ENFORCEMENT_RECOMMENDATIONS.md;instructions/policies/github_enforcement.json;instructions/templates/GITHUB_ENFORCEMENT_ACTIVATION_CHECKLIST.md;instructions/11_PULL_REQUEST_REVIEW_MERGE_AND_CLEANUP.md;.github/pull_request_template.md;instructions/09_GIT_REPOSITORY_SAFETY_AND_RECOVERY.md;instructions/10_BRANCH_WORKTREE_AND_COMMIT_POLICY.md;instructions/runbooks/REPOSITORY_IDENTITY_AND_REMOTE_RECONCILIATION.md,VAL-GITHUB-ENFORCEMENT;VAL-PR-LIFECYCLE;VAL-GIT-POLICY;VAL-WORKTREE-POLICY;VAL-TESTING-POLICY;VAL-DOD;VAL-SECURITY-POLICY;VAL-SECRET,The referenced canonical control and validation mapping implement this obligation in the delivered repository control system.
MPR-51-003,51,GITHUB ENFORCEMENT RECOMMENDATIONS,Prioritize enforcement rollout for the empty/uninitialized remote.,CONTROL_IMPLEMENTED_EXTERNAL_ACTIVATION_REQUIRED,instructions/19_GITHUB_ENFORCEMENT_RECOMMENDATIONS.md;instructions/policies/github_enforcement.json;instructions/templates/GITHUB_ENFORCEMENT_ACTIVATION_CHECKLIST.md;instructions/09_GIT_REPOSITORY_SAFETY_AND_RECOVERY.md;instructions/10_BRANCH_WORKTREE_AND_COMMIT_POLICY.md;instructions/runbooks/REPOSITORY_IDENTITY_AND_REMOTE_RECONCILIATION.md,VAL-GITHUB-ENFORCEMENT;VAL-GIT-POLICY;VAL-WORKTREE-POLICY,"The durable control is implemented, but activation or direct verification of the referenced live Windows/GitHub/Jira state requires the correct local checkout, authorized account, or explicit high-risk approval. No value was invented."
MPR-51-004,51,GITHUB ENFORCEMENT RECOMMENDATIONS,Do not apply remote settings before trusted history and main exist.,CONTROL_IMPLEMENTED_EXTERNAL_ACTIVATION_REQUIRED,instructions/19_GITHUB_ENFORCEMENT_RECOMMENDATIONS.md;instructions/policies/github_enforcement.json;instructions/templates/GITHUB_ENFORCEMENT_ACTIVATION_CHECKLIST.md;instructions/09_GIT_REPOSITORY_SAFETY_AND_RECOVERY.md;instructions/10_BRANCH_WORKTREE_AND_COMMIT_POLICY.md;instructions/runbooks/REPOSITORY_IDENTITY_AND_REMOTE_RECONCILIATION.md,VAL-GITHUB-ENFORCEMENT;VAL-GIT-POLICY;VAL-WORKTREE-POLICY,"The durable control is implemented, but activation or direct verification of the referenced live Windows/GitHub/Jira state requires the correct local checkout, authorized account, or explicit high-risk approval. No value was invented."
MPR-51-005,51,GITHUB ENFORCEMENT RECOMMENDATIONS,Do not require human approval for every trivial change when risk-based automation suffices.,CONTROL_IMPLEMENTED,instructions/19_GITHUB_ENFORCEMENT_RECOMMENDATIONS.md;instructions/policies/github_enforcement.json;instructions/templates/GITHUB_ENFORCEMENT_ACTIVATION_CHECKLIST.md,VAL-GITHUB-ENFORCEMENT,The referenced canonical control and validation mapping implement this obligation in the delivered repository control system.
MPR-51-006,51,GITHUB ENFORCEMENT RECOMMENDATIONS,Use the autonomy-risk model for enforcement.,CONTROL_IMPLEMENTED,instructions/19_GITHUB_ENFORCEMENT_RECOMMENDATIONS.md;instructions/policies/github_enforcement.json;instructions/templates/GITHUB_ENFORCEMENT_ACTIVATION_CHECKLIST.md,VAL-GITHUB-ENFORCEMENT,The referenced canonical control and validation mapping implement this obligation in the delivered repository control system.
MPR-51-007,51,GITHUB ENFORCEMENT RECOMMENDATIONS,Provide an activation checklist and verification cadence.,CONTROL_IMPLEMENTED,instructions/19_GITHUB_ENFORCEMENT_RECOMMENDATIONS.md;instructions/policies/github_enforcement.json;instructions/templates/GITHUB_ENFORCEMENT_ACTIVATION_CHECKLIST.md,VAL-GITHUB-ENFORCEMENT,The referenced canonical control and validation mapping implement this obligation in the delivered repository control system.
MPR-52-001,52,PROFESSIONAL ENGINEERING STANDARD,Use professional engineering judgment for choices not explicitly defined.,CONTROL_IMPLEMENTED,instructions/01_PROJECT_IDENTITY_AND_HANDOFF.md;instructions/04_AUTONOMOUS_OPERATING_CONTRACT.md;instructions/06_TASK_EXECUTION_AND_MEANINGFUL_PROGRESS.md,VAL-OPERATING-STANDARD,The referenced canonical control and validation mapping implement this obligation in the delivered repository control system.
MPR-52-002,52,PROFESSIONAL ENGINEERING STANDARD,"Optimize for correctness, traceability, progress, recoverability, clean history, reliable autonomy, evidence, maintainability, and minimal complexity.",CONTROL_IMPLEMENTED,instructions/01_PROJECT_IDENTITY_AND_HANDOFF.md;instructions/04_AUTONOMOUS_OPERATING_CONTRACT.md;instructions/06_TASK_EXECUTION_AND_MEANINGFUL_PROGRESS.md,VAL-OPERATING-STANDARD,The referenced canonical control and validation mapping implement this obligation in the delivered repository control system.
MPR-52-003,52,PROFESSIONAL ENGINEERING STANDARD,"Do not optimize for maximum files, tests, tickets, branches, PRs, or documentation.",CONTROL_IMPLEMENTED,instructions/01_PROJECT_IDENTITY_AND_HANDOFF.md;instructions/04_AUTONOMOUS_OPERATING_CONTRACT.md;instructions/06_TASK_EXECUTION_AND_MEANINGFUL_PROGRESS.md;instructions/09_GIT_REPOSITORY_SAFETY_AND_RECOVERY.md;instructions/10_BRANCH_WORKTREE_AND_COMMIT_POLICY.md;instructions/runbooks/REPOSITORY_IDENTITY_AND_REMOTE_RECONCILIATION.md;instructions/12_CI_TESTING_EVIDENCE_AND_DEFINITION_OF_DONE.md;instructions/policies/definition_of_done.json,VAL-OPERATING-STANDARD;VAL-GIT-POLICY;VAL-WORKTREE-POLICY;VAL-TESTING-POLICY;VAL-DOD,The referenced canonical control and validation mapping implement this obligation in the delivered repository control system.
MPR-52-004,52,PROFESSIONAL ENGINEERING STANDARD,"Require senior-engineering standards for reviewability, security, and recoverability.",CONTROL_IMPLEMENTED,instructions/01_PROJECT_IDENTITY_AND_HANDOFF.md;instructions/04_AUTONOMOUS_OPERATING_CONTRACT.md;instructions/06_TASK_EXECUTION_AND_MEANINGFUL_PROGRESS.md;instructions/13_SECURITY_SECRETS_DATA_RIGHTS_AND_DEPENDENCIES.md;instructions/policies/security_policy.json,VAL-OPERATING-STANDARD;VAL-SECURITY-POLICY;VAL-SECRET,The referenced canonical control and validation mapping implement this obligation in the delivered repository control system.
MPR-53-001,53,FLEXIBILITY AND IMPROVEMENT AUTHORITY,Allow discovery of better structures and missing categories.,CONTROL_IMPLEMENTED,instructions/15_ARCHITECTURE_DOCUMENTATION_RELEASE_AND_ROLLBACK.md;instructions/20_INSTRUCTION_MAINTENANCE_AND_CHANGE_CONTROL.md,VAL-CHANGE-CONTROL,The referenced canonical control and validation mapping implement this obligation in the delivered repository control system.
MPR-53-002,53,FLEXIBILITY AND IMPROVEMENT AUTHORITY,Consolidate weak or unnecessary prompt suggestions when materially better.,CONTROL_IMPLEMENTED,instructions/15_ARCHITECTURE_DOCUMENTATION_RELEASE_AND_ROLLBACK.md;instructions/20_INSTRUCTION_MAINTENANCE_AND_CHANGE_CONTROL.md,VAL-CHANGE-CONTROL,The referenced canonical control and validation mapping implement this obligation in the delivered repository control system.
MPR-53-003,53,FLEXIBILITY AND IMPROVEMENT AUTHORITY,Identify repository contradictions and missing safeguards.,CONTROL_IMPLEMENTED,instructions/15_ARCHITECTURE_DOCUMENTATION_RELEASE_AND_ROLLBACK.md;instructions/20_INSTRUCTION_MAINTENANCE_AND_CHANGE_CONTROL.md,VAL-CHANGE-CONTROL,The referenced canonical control and validation mapping implement this obligation in the delivered repository control system.
MPR-53-004,53,FLEXIBILITY AND IMPROVEMENT AUTHORITY,Add important runbooks and machine contracts.,CONTROL_IMPLEMENTED,instructions/15_ARCHITECTURE_DOCUMENTATION_RELEASE_AND_ROLLBACK.md;instructions/20_INSTRUCTION_MAINTENANCE_AND_CHANGE_CONTROL.md,VAL-CHANGE-CONTROL,The referenced canonical control and validation mapping implement this obligation in the delivered repository control system.
MPR-53-005,53,FLEXIBILITY AND IMPROVEMENT AUTHORITY,Modify the proposed directory structure when justified.,CONTROL_IMPLEMENTED,instructions/15_ARCHITECTURE_DOCUMENTATION_RELEASE_AND_ROLLBACK.md;instructions/20_INSTRUCTION_MAINTENANCE_AND_CHANGE_CONTROL.md,VAL-CHANGE-CONTROL,The referenced canonical control and validation mapping implement this obligation in the delivered repository control system.
MPR-53-006,53,FLEXIBILITY AND IMPROVEMENT AUTHORITY,Document important deviations and rationale.,CONTROL_IMPLEMENTED,instructions/15_ARCHITECTURE_DOCUMENTATION_RELEASE_AND_ROLLBACK.md;instructions/20_INSTRUCTION_MAINTENANCE_AND_CHANGE_CONTROL.md,VAL-CHANGE-CONTROL,The referenced canonical control and validation mapping implement this obligation in the delivered repository control system.
MPR-53-007,53,FLEXIBILITY AND IMPROVEMENT AUTHORITY,Do not follow a weaker design merely because it appeared as an example.,CONTROL_IMPLEMENTED,instructions/15_ARCHITECTURE_DOCUMENTATION_RELEASE_AND_ROLLBACK.md;instructions/20_INSTRUCTION_MAINTENANCE_AND_CHANGE_CONTROL.md,VAL-CHANGE-CONTROL,The referenced canonical control and validation mapping implement this obligation in the delivered repository control system.
MPR-53-008,53,FLEXIBILITY AND IMPROVEMENT AUTHORITY,Keep improvements subject to protected governance and change control.,CONTROL_IMPLEMENTED,instructions/15_ARCHITECTURE_DOCUMENTATION_RELEASE_AND_ROLLBACK.md;instructions/20_INSTRUCTION_MAINTENANCE_AND_CHANGE_CONTROL.md,VAL-CHANGE-CONTROL,The referenced canonical control and validation mapping implement this obligation in the delivered repository control system.
MPR-54-001,54,REQUIRED FINAL VALIDATION,"Audit correct understanding of the final W25 handoff, no-W26 boundary, and protected rules.",CONTROL_IMPLEMENTED,instructions/24_FINAL_VALIDATION_REPORT.md;tools/validate_autonomous_controls.py;tests/test_autonomous_controls.py;tests/test_jira_control_plane.py;tests/test_instructions_pack.py;instructions/16_PARALLELISM_RESOURCES_CONTEXT_AND_HANDOFF.md;instructions/policies/parallelism_policy.json;instructions/templates/HANDOFF_RECORD.md,VAL-FINAL;VAL-PARALLELISM;VAL-HANDOFF;VAL-NO-W26;VAL-PROTECTED;VAL-AUDIT;VAL-CONTROL-PLANE,The referenced canonical control and validation mapping implement this obligation in the delivered repository control system.
MPR-54-002,54,REQUIRED FINAL VALIDATION,"Verify one clear entrypoint, category coverage, no contradictions, and no unnecessary duplicate rules.",CONTROL_IMPLEMENTED,instructions/24_FINAL_VALIDATION_REPORT.md;tools/validate_autonomous_controls.py;tests/test_autonomous_controls.py;tests/test_jira_control_plane.py;tests/test_instructions_pack.py,VAL-FINAL,The referenced canonical control and validation mapping implement this obligation in the delivered repository control system.
MPR-54-003,54,REQUIRED FINAL VALIDATION,"Verify Jira selection, hierarchy/dependency reading, plan traceability, local mirror, statuses, and anti-spam.",CONTROL_IMPLEMENTED,instructions/24_FINAL_VALIDATION_REPORT.md;tools/validate_autonomous_controls.py;tests/test_autonomous_controls.py;tests/test_jira_control_plane.py;tests/test_instructions_pack.py;instructions/07_JIRA_OPERATING_CONTRACT.md;instructions/08_LOCAL_JIRA_MIRROR_AND_SYNC.md;instructions/policies/jira_operating_policy.json,VAL-FINAL;VAL-JIRA-POLICY;VAL-JIRA;VAL-TASK-SELECTION,The referenced canonical control and validation mapping implement this obligation in the delivered repository control system.
MPR-54-004,54,REQUIRED FINAL VALIDATION,"Verify Git reconciliation, branches, worktrees, PR lifecycle, micro-PR prevention, dirty recovery, cleanup, and CI.",CONTROL_IMPLEMENTED,instructions/24_FINAL_VALIDATION_REPORT.md;tools/validate_autonomous_controls.py;tests/test_autonomous_controls.py;tests/test_jira_control_plane.py;tests/test_instructions_pack.py;instructions/11_PULL_REQUEST_REVIEW_MERGE_AND_CLEANUP.md;instructions/19_GITHUB_ENFORCEMENT_RECOMMENDATIONS.md;.github/pull_request_template.md,VAL-FINAL;VAL-PR-LIFECYCLE;VAL-GITHUB-ENFORCEMENT;VAL-GIT-POLICY;VAL-WORKTREE-POLICY;VAL-TESTING-POLICY;VAL-DOD;VAL-LOOP-POLICY,The referenced canonical control and validation mapping implement this obligation in the delivered repository control system.
MPR-54-005,54,REQUIRED FINAL VALIDATION,"Verify meaningful progress, anti-loop, anti-overengineering, blockers, parallelism, and session recovery.",CONTROL_IMPLEMENTED,instructions/24_FINAL_VALIDATION_REPORT.md;tools/validate_autonomous_controls.py;tests/test_autonomous_controls.py;tests/test_jira_control_plane.py;tests/test_instructions_pack.py;instructions/17_BLOCKERS_LOOPS_OVERENGINEERING_AND_RECOVERY.md;instructions/18_OPERATIONAL_RUNBOOKS.md;instructions/policies/loop_and_retry_policy.json,VAL-FINAL;VAL-LOOP-POLICY;VAL-BLOCKER-POLICY;VAL-OVERENGINEERING;VAL-PARALLELISM;VAL-HANDOFF,The referenced canonical control and validation mapping implement this obligation in the delivered repository control system.
MPR-54-006,54,REQUIRED FINAL VALIDATION,"Verify testing tiers, Definition of Done, architecture change, security/secrets, and data/ML governance.",CONTROL_IMPLEMENTED,instructions/24_FINAL_VALIDATION_REPORT.md;tools/validate_autonomous_controls.py;tests/test_autonomous_controls.py;tests/test_jira_control_plane.py;tests/test_instructions_pack.py;instructions/12_CI_TESTING_EVIDENCE_AND_DEFINITION_OF_DONE.md;instructions/policies/definition_of_done.json;instructions/catalogs/validation_command_catalog.json,VAL-FINAL;VAL-TESTING-POLICY;VAL-DOD;VAL-SECURITY-POLICY;VAL-SECRET;VAL-ARCHITECTURE-CHANGE;VAL-DOCUMENTATION-POLICY,The referenced canonical control and validation mapping implement this obligation in the delivered repository control system.
MPR-54-007,54,REQUIRED FINAL VALIDATION,Verify all internal links and referenced repository paths.,CONTROL_IMPLEMENTED,instructions/24_FINAL_VALIDATION_REPORT.md;tools/validate_autonomous_controls.py;tests/test_autonomous_controls.py;tests/test_jira_control_plane.py;tests/test_instructions_pack.py,VAL-FINAL,The referenced canonical control and validation mapping implement this obligation in the delivered repository control system.
MPR-54-008,54,REQUIRED FINAL VALIDATION,Verify manifest and atomic compliance coverage.,CONTROL_IMPLEMENTED,instructions/24_FINAL_VALIDATION_REPORT.md;tools/validate_autonomous_controls.py;tests/test_autonomous_controls.py;tests/test_jira_control_plane.py;tests/test_instructions_pack.py;instructions/03_REPOSITORY_ARCHITECTURE_AND_NAVIGATION.md;instructions/20_INSTRUCTION_MAINTENANCE_AND_CHANGE_CONTROL.md;instructions/manifest.json,VAL-FINAL;VAL-MANIFEST;VAL-READ-BUDGET,The referenced canonical control and validation mapping implement this obligation in the delivered repository control system.
MPR-54-009,54,REQUIRED FINAL VALIDATION,Verify no secrets or .env.,CONTROL_IMPLEMENTED,instructions/24_FINAL_VALIDATION_REPORT.md;tools/validate_autonomous_controls.py;tests/test_autonomous_controls.py;tests/test_jira_control_plane.py;tests/test_instructions_pack.py;instructions/13_SECURITY_SECRETS_DATA_RIGHTS_AND_DEPENDENCIES.md;instructions/policies/security_policy.json,VAL-FINAL;VAL-SECURITY-POLICY;VAL-SECRET,The referenced canonical control and validation mapping implement this obligation in the delivered repository control system.
MPR-54-010,54,REQUIRED FINAL VALIDATION,"Verify ZIP opens, has safe members, extracts, matches canonical content, and revalidates.",CONTROL_IMPLEMENTED,instructions/24_FINAL_VALIDATION_REPORT.md;tools/validate_autonomous_controls.py;tests/test_autonomous_controls.py;tests/test_jira_control_plane.py;tests/test_instructions_pack.py;instructions/12_CI_TESTING_EVIDENCE_AND_DEFINITION_OF_DONE.md;instructions/policies/definition_of_done.json;instructions/catalogs/validation_command_catalog.json,VAL-FINAL;VAL-TESTING-POLICY;VAL-DOD;VAL-PACKAGE;VAL-PACKAGE-REPOSITORY,The referenced canonical control and validation mapping implement this obligation in the delivered repository control system.
MPR-54-011,54,REQUIRED FINAL VALIDATION,Verify relevant tests and repository validators pass.,CONTROL_IMPLEMENTED,instructions/24_FINAL_VALIDATION_REPORT.md;tools/validate_autonomous_controls.py;tests/test_autonomous_controls.py;tests/test_jira_control_plane.py;tests/test_instructions_pack.py;instructions/12_CI_TESTING_EVIDENCE_AND_DEFINITION_OF_DONE.md;instructions/policies/definition_of_done.json;instructions/catalogs/validation_command_catalog.json,VAL-FINAL;VAL-TESTING-POLICY;VAL-DOD,The referenced canonical control and validation mapping implement this obligation in the delivered repository control system.
MPR-54-012,54,REQUIRED FINAL VALIDATION,Record any external activation gap explicitly rather than claiming it complete.,CONTROL_IMPLEMENTED_EXTERNAL_ACTIVATION_REQUIRED,instructions/24_FINAL_VALIDATION_REPORT.md;tools/validate_autonomous_controls.py;tests/test_autonomous_controls.py;tests/test_jira_control_plane.py;tests/test_instructions_pack.py;instructions/04_AUTONOMOUS_OPERATING_CONTRACT.md;instructions/06_TASK_EXECUTION_AND_MEANINGFUL_PROGRESS.md;instructions/templates/TASK_EXECUTION_PACKET.md,VAL-FINAL;VAL-EXECUTION-LOOP;VAL-MEANINGFUL-PROGRESS;VAL-AUDIT;VAL-CONTROL-PLANE,"The durable control is implemented, but activation or direct verification of the referenced live Windows/GitHub/Jira state requires the correct local checkout, authorized account, or explicit high-risk approval. No value was invented."
MPR-55-001,55,REQUIRED FINAL REPORT,"Produce a final report with instruction-pack location, ZIP location, and version.",CONTROL_IMPLEMENTED,instructions/24_FINAL_VALIDATION_REPORT.md;instructions/21_PACKAGING_INTEGRITY_AND_INSTALLATION.md;tools/package_instructions.py;tools/package_repository_export.py,VAL-FINAL-REPORT;VAL-PACKAGE;VAL-PACKAGE-REPOSITORY,The referenced canonical control and validation mapping implement this obligation in the delivered repository control system.
MPR-55-002,55,REQUIRED FINAL REPORT,"Report important repository systems, conflicts, and stale policies discovered.",CONTROL_IMPLEMENTED,instructions/24_FINAL_VALIDATION_REPORT.md,VAL-FINAL-REPORT,The referenced canonical control and validation mapping implement this obligation in the delivered repository control system.
MPR-55-003,55,REQUIRED FINAL REPORT,Explain instruction architecture and purpose of major files.,CONTROL_IMPLEMENTED,instructions/24_FINAL_VALIDATION_REPORT.md,VAL-FINAL-REPORT,The referenced canonical control and validation mapping implement this obligation in the delivered repository control system.
MPR-55-004,55,REQUIRED FINAL REPORT,"Explain Jira authority, mirror, and source traceability.",CONTROL_IMPLEMENTED,instructions/24_FINAL_VALIDATION_REPORT.md;instructions/07_JIRA_OPERATING_CONTRACT.md;instructions/08_LOCAL_JIRA_MIRROR_AND_SYNC.md;instructions/policies/jira_operating_policy.json;jira/README.md,VAL-FINAL-REPORT;VAL-JIRA-POLICY;VAL-JIRA,The referenced canonical control and validation mapping implement this obligation in the delivered repository control system.
MPR-55-005,55,REQUIRED FINAL REPORT,"Explain branch, PR, worktree, merge, and cleanup strategy.",CONTROL_IMPLEMENTED,instructions/24_FINAL_VALIDATION_REPORT.md;instructions/11_PULL_REQUEST_REVIEW_MERGE_AND_CLEANUP.md;instructions/19_GITHUB_ENFORCEMENT_RECOMMENDATIONS.md;.github/pull_request_template.md;instructions/09_GIT_REPOSITORY_SAFETY_AND_RECOVERY.md;instructions/10_BRANCH_WORKTREE_AND_COMMIT_POLICY.md;instructions/runbooks/REPOSITORY_IDENTITY_AND_REMOTE_RECONCILIATION.md,VAL-FINAL-REPORT;VAL-PR-LIFECYCLE;VAL-GITHUB-ENFORCEMENT;VAL-GIT-POLICY;VAL-WORKTREE-POLICY,The referenced canonical control and validation mapping implement this obligation in the delivered repository control system.
MPR-55-006,55,REQUIRED FINAL REPORT,"Explain execution loop, anti-loop, blockers, and anti-overengineering.",CONTROL_IMPLEMENTED,instructions/24_FINAL_VALIDATION_REPORT.md;instructions/17_BLOCKERS_LOOPS_OVERENGINEERING_AND_RECOVERY.md;instructions/18_OPERATIONAL_RUNBOOKS.md;instructions/policies/loop_and_retry_policy.json;instructions/04_AUTONOMOUS_OPERATING_CONTRACT.md;instructions/06_TASK_EXECUTION_AND_MEANINGFUL_PROGRESS.md;instructions/templates/TASK_EXECUTION_PACKET.md,VAL-FINAL-REPORT;VAL-LOOP-POLICY;VAL-BLOCKER-POLICY;VAL-OVERENGINEERING;VAL-EXECUTION-LOOP;VAL-MEANINGFUL-PROGRESS,The referenced canonical control and validation mapping implement this obligation in the delivered repository control system.
MPR-55-007,55,REQUIRED FINAL REPORT,List existing repository files changed and why.,CONTROL_IMPLEMENTED,instructions/24_FINAL_VALIDATION_REPORT.md,VAL-FINAL-REPORT,The referenced canonical control and validation mapping implement this obligation in the delivered repository control system.
MPR-55-008,55,REQUIRED FINAL REPORT,"Report actual instruction, secret, repository, test, and packaging validation results.",CONTROL_IMPLEMENTED,instructions/24_FINAL_VALIDATION_REPORT.md;instructions/12_CI_TESTING_EVIDENCE_AND_DEFINITION_OF_DONE.md;instructions/policies/definition_of_done.json;instructions/catalogs/validation_command_catalog.json;instructions/13_SECURITY_SECRETS_DATA_RIGHTS_AND_DEPENDENCIES.md;instructions/policies/security_policy.json,VAL-FINAL-REPORT;VAL-TESTING-POLICY;VAL-DOD;VAL-SECURITY-POLICY;VAL-SECRET,The referenced canonical control and validation mapping implement this obligation in the delivered repository control system.
MPR-55-009,55,REQUIRED FINAL REPORT,Report only genuine unresolved questions/risks.,CONTROL_IMPLEMENTED,instructions/24_FINAL_VALIDATION_REPORT.md,VAL-FINAL-REPORT,The referenced canonical control and validation mapping implement this obligation in the delivered repository control system.
MPR-55-010,55,REQUIRED FINAL REPORT,Provide the exact recommended next-session launch action.,CONTROL_IMPLEMENTED,instructions/24_FINAL_VALIDATION_REPORT.md,VAL-FINAL-REPORT,The referenced canonical control and validation mapping implement this obligation in the delivered repository control system.
MPR-55-011,55,REQUIRED FINAL REPORT,Do not use categorical 100-percent language for unavailable local Git or Jira live state.,CONTROL_IMPLEMENTED,instructions/24_FINAL_VALIDATION_REPORT.md;instructions/07_JIRA_OPERATING_CONTRACT.md;instructions/08_LOCAL_JIRA_MIRROR_AND_SYNC.md;instructions/policies/jira_operating_policy.json;jira/README.md;instructions/09_GIT_REPOSITORY_SAFETY_AND_RECOVERY.md;instructions/10_BRANCH_WORKTREE_AND_COMMIT_POLICY.md;instructions/runbooks/REPOSITORY_IDENTITY_AND_REMOTE_RECONCILIATION.md,VAL-FINAL-REPORT;VAL-JIRA-POLICY;VAL-JIRA;VAL-GIT-POLICY;VAL-WORKTREE-POLICY,The referenced canonical control and validation mapping implement this obligation in the delivered repository control system.
MPR-56-001,56,IMPORTANT FINAL OPERATING PRINCIPLE,"Build an AI-operable engineering-management and execution system, not merely documentation.",CONTROL_IMPLEMENTED,instructions/START_HERE.md;instructions/04_AUTONOMOUS_OPERATING_CONTRACT.md;instructions/06_TASK_EXECUTION_AND_MEANINGFUL_PROGRESS.md;instructions/15_ARCHITECTURE_DOCUMENTATION_RELEASE_AND_ROLLBACK.md;instructions/templates/ARCHITECTURE_CHANGE_PROPOSAL.md;instructions/templates/RELEASE_READINESS_CHECKLIST.md,VAL-OPERATING-CYCLE;VAL-ARCHITECTURE-CHANGE;VAL-DOCUMENTATION-POLICY,The referenced canonical control and validation mapping implement this obligation in the delivered repository control system.
MPR-56-002,56,IMPORTANT FINAL OPERATING PRINCIPLE,Enable repeated UNDERSTAND → SELECT → IMPLEMENT → TEST → REVIEW → INTEGRATE → RECORD → CONTINUE cycles.,CONTROL_IMPLEMENTED,instructions/START_HERE.md;instructions/04_AUTONOMOUS_OPERATING_CONTRACT.md;instructions/06_TASK_EXECUTION_AND_MEANINGFUL_PROGRESS.md;instructions/12_CI_TESTING_EVIDENCE_AND_DEFINITION_OF_DONE.md;instructions/policies/definition_of_done.json;instructions/catalogs/validation_command_catalog.json;instructions/05_TASK_SELECTION_AND_SEQUENCING.md;instructions/policies/task_selection_policy.json,VAL-OPERATING-CYCLE;VAL-TESTING-POLICY;VAL-DOD;VAL-TASK-SELECTION;VAL-EXECUTION-LOOP;VAL-MEANINGFUL-PROGRESS,The referenced canonical control and validation mapping implement this obligation in the delivered repository control system.
MPR-56-003,56,IMPORTANT FINAL OPERATING PRINCIPLE,Prevent project drift and loops.,CONTROL_IMPLEMENTED,instructions/START_HERE.md;instructions/04_AUTONOMOUS_OPERATING_CONTRACT.md;instructions/06_TASK_EXECUTION_AND_MEANINGFUL_PROGRESS.md;instructions/17_BLOCKERS_LOOPS_OVERENGINEERING_AND_RECOVERY.md;instructions/18_OPERATIONAL_RUNBOOKS.md;instructions/policies/loop_and_retry_policy.json,VAL-OPERATING-CYCLE;VAL-LOOP-POLICY;VAL-BLOCKER-POLICY;VAL-OVERENGINEERING,The referenced canonical control and validation mapping implement this obligation in the delivered repository control system.
MPR-56-004,56,IMPORTANT FINAL OPERATING PRINCIPLE,Prevent overengineering and duplicate repositories.,CONTROL_IMPLEMENTED,instructions/START_HERE.md;instructions/04_AUTONOMOUS_OPERATING_CONTRACT.md;instructions/06_TASK_EXECUTION_AND_MEANINGFUL_PROGRESS.md;instructions/17_BLOCKERS_LOOPS_OVERENGINEERING_AND_RECOVERY.md;instructions/18_OPERATIONAL_RUNBOOKS.md;instructions/policies/loop_and_retry_policy.json,VAL-OPERATING-CYCLE;VAL-LOOP-POLICY;VAL-BLOCKER-POLICY;VAL-OVERENGINEERING,The referenced canonical control and validation mapping implement this obligation in the delivered repository control system.
MPR-56-005,56,IMPORTANT FINAL OPERATING PRINCIPLE,Prevent destruction of uncommitted work.,CONTROL_IMPLEMENTED,instructions/START_HERE.md;instructions/04_AUTONOMOUS_OPERATING_CONTRACT.md;instructions/06_TASK_EXECUTION_AND_MEANINGFUL_PROGRESS.md,VAL-OPERATING-CYCLE,The referenced canonical control and validation mapping implement this obligation in the delivered repository control system.
MPR-56-006,56,IMPORTANT FINAL OPERATING PRINCIPLE,"Prevent branch, PR, and Jira-ticket explosion.",CONTROL_IMPLEMENTED,instructions/START_HERE.md;instructions/04_AUTONOMOUS_OPERATING_CONTRACT.md;instructions/06_TASK_EXECUTION_AND_MEANINGFUL_PROGRESS.md;instructions/07_JIRA_OPERATING_CONTRACT.md;instructions/08_LOCAL_JIRA_MIRROR_AND_SYNC.md;instructions/policies/jira_operating_policy.json;jira/README.md;instructions/11_PULL_REQUEST_REVIEW_MERGE_AND_CLEANUP.md,VAL-OPERATING-CYCLE;VAL-JIRA-POLICY;VAL-JIRA;VAL-PR-LIFECYCLE;VAL-GITHUB-ENFORCEMENT;VAL-GIT-POLICY;VAL-WORKTREE-POLICY,The referenced canonical control and validation mapping implement this obligation in the delivered repository control system.
MPR-56-007,56,IMPORTANT FINAL OPERATING PRINCIPLE,Prevent protected-rule rewriting and invented evidence.,CONTROL_IMPLEMENTED,instructions/START_HERE.md;instructions/04_AUTONOMOUS_OPERATING_CONTRACT.md;instructions/06_TASK_EXECUTION_AND_MEANINGFUL_PROGRESS.md,VAL-OPERATING-CYCLE,The referenced canonical control and validation mapping implement this obligation in the delivered repository control system.
MPR-56-008,56,IMPORTANT FINAL OPERATING PRINCIPLE,Prevent secret leakage.,CONTROL_IMPLEMENTED,instructions/START_HERE.md;instructions/04_AUTONOMOUS_OPERATING_CONTRACT.md;instructions/06_TASK_EXECUTION_AND_MEANINGFUL_PROGRESS.md;instructions/13_SECURITY_SECRETS_DATA_RIGHTS_AND_DEPENDENCIES.md;instructions/policies/security_policy.json;instructions/14_DATA_ML_PIT_PROVENANCE_AND_EVALUATION.md;instructions/policies/protected_scope_policy.json;governance/PROTECTED_ACCEPTANCE_RULES.md,VAL-OPERATING-CYCLE;VAL-SECURITY-POLICY;VAL-SECRET;VAL-ML-GOVERNANCE;VAL-PROTECTED,The referenced canonical control and validation mapping implement this obligation in the delivered repository control system.
MPR-56-009,56,IMPORTANT FINAL OPERATING PRINCIPLE,Keep bookkeeping subordinate to product implementation.,CONTROL_IMPLEMENTED,instructions/START_HERE.md;instructions/04_AUTONOMOUS_OPERATING_CONTRACT.md;instructions/06_TASK_EXECUTION_AND_MEANINGFUL_PROGRESS.md;instructions/templates/TASK_EXECUTION_PACKET.md,VAL-OPERATING-CYCLE;VAL-EXECUTION-LOOP;VAL-MEANINGFUL-PROGRESS,The referenced canonical control and validation mapping implement this obligation in the delivered repository control system.
MPR-56-010,56,IMPORTANT FINAL OPERATING PRINCIPLE,"Require repository, Git/GitHub, Jira, W25, .codex, and .github audits before writing the system.",CONTROL_IMPLEMENTED,instructions/START_HERE.md;instructions/04_AUTONOMOUS_OPERATING_CONTRACT.md;instructions/06_TASK_EXECUTION_AND_MEANINGFUL_PROGRESS.md;instructions/07_JIRA_OPERATING_CONTRACT.md;instructions/08_LOCAL_JIRA_MIRROR_AND_SYNC.md;instructions/policies/jira_operating_policy.json;jira/README.md;instructions/11_PULL_REQUEST_REVIEW_MERGE_AND_CLEANUP.md,VAL-OPERATING-CYCLE;VAL-JIRA-POLICY;VAL-JIRA;VAL-PR-LIFECYCLE;VAL-GITHUB-ENFORCEMENT;VAL-GIT-POLICY;VAL-WORKTREE-POLICY;VAL-NO-W26,The referenced canonical control and validation mapping implement this obligation in the delivered repository control system.
MPR-56-011,56,IMPORTANT FINAL OPERATING PRINCIPLE,Continue autonomously through meaningful Ready work until a genuine human-required or global blocker.,CONTROL_IMPLEMENTED,instructions/START_HERE.md;instructions/04_AUTONOMOUS_OPERATING_CONTRACT.md;instructions/06_TASK_EXECUTION_AND_MEANINGFUL_PROGRESS.md;instructions/17_BLOCKERS_LOOPS_OVERENGINEERING_AND_RECOVERY.md;instructions/18_OPERATIONAL_RUNBOOKS.md;instructions/policies/loop_and_retry_policy.json;instructions/templates/TASK_EXECUTION_PACKET.md,VAL-OPERATING-CYCLE;VAL-LOOP-POLICY;VAL-BLOCKER-POLICY;VAL-OVERENGINEERING;VAL-EXECUTION-LOOP;VAL-MEANINGFUL-PROGRESS,The referenced canonical control and validation mapping implement this obligation in the delivered repository control system.
