local_id,jira_key,import_id,issue_type,summary,parent,epic,phase,priority,workflow_state,maturity_before,maturity_after,evidence_state,ready,blocked_by,critical_path,component,execution_lane,execution_mode,historical_classification,owner_wave,read_file_count,touch_file_count,source_ids,primary_source_refs,canonical_record,generated_markdown
EPIC-001,BAT-1,100001,Epic,[EPIC-001] Comprehensive data-universe research,,,PHASE-1,P1,DONE,CONTRACT_DEFINED,CONTRACT_DEFINED,VERIFIED,false,,true,pit-temporal,SHARED_CONTRACT,HISTORICAL_REFERENCE,HISTORICAL_SCOPED_COMPLETED,W06,2,2,EPIC-001,SRCREF-00001;SRCREF-01961,jira/records/issues/epics/EPIC-001_comprehensive_data_universe_research.json,jira/issues/epics/EPIC-001_comprehensive_data_universe_research.md
EPIC-002,BAT-2,100002,Epic,[EPIC-002] Canonical entities and identity resolution,,,PHASE-1,P1,DONE,CONTRACT_DEFINED,CONTRACT_DEFINED,VERIFIED,false,,true,entities,SHARED_CONTRACT,HISTORICAL_REFERENCE,HISTORICAL_SCOPED_COMPLETED,W07,2,2,EPIC-002,SRCREF-00002;SRCREF-01962,jira/records/issues/epics/EPIC-002_canonical_entities_and_identity_resolution.json,jira/issues/epics/EPIC-002_canonical_entities_and_identity_resolution.md
EPIC-003,BAT-3,100003,Epic,[EPIC-003] Point-in-time state architecture,,,PHASE-1,P1,DONE,CONTRACT_DEFINED,CONTRACT_DEFINED,VERIFIED,false,,true,modeling,SHARED_CONTRACT,HISTORICAL_REFERENCE,HISTORICAL_SCOPED_COMPLETED,W08,2,2,EPIC-003,SRCREF-00003;SRCREF-01963,jira/records/issues/epics/EPIC-003_point_in_time_state_architecture.json,jira/issues/epics/EPIC-003_point_in_time_state_architecture.md
EPIC-004,BAT-4,100004,Epic,[EPIC-004] Raw feature registry and schema discovery,,,PHASE-1,P1,DONE,CONTRACT_DEFINED,CONTRACT_DEFINED,VERIFIED,false,,true,validation-promotion,SHARED_CONTRACT,HISTORICAL_REFERENCE,HISTORICAL_SCOPED_COMPLETED,W09,2,2,EPIC-004,SRCREF-00004;SRCREF-01964,jira/records/issues/epics/EPIC-004_raw_feature_registry_and_schema_discovery.json,jira/issues/epics/EPIC-004_raw_feature_registry_and_schema_discovery.md
EPIC-005,BAT-5,100005,Epic,[EPIC-005] Feature engineering and lifecycle,,,PHASE-1,P1,DONE,CONTRACT_DEFINED,CONTRACT_DEFINED,VERIFIED,false,,true,validation-promotion,SHARED_CONTRACT,HISTORICAL_REFERENCE,HISTORICAL_SCOPED_COMPLETED,W10,2,2,EPIC-005,SRCREF-00005;SRCREF-01965,jira/records/issues/epics/EPIC-005_feature_engineering_and_lifecycle.json,jira/issues/epics/EPIC-005_feature_engineering_and_lifecycle.md
EPIC-006,BAT-6,100006,Epic,[EPIC-006] Team state and early-season intelligence,,,PHASE-1,P1,DONE,CONTRACT_DEFINED,CONTRACT_DEFINED,VERIFIED,false,,true,modeling,SHARED_CONTRACT,HISTORICAL_REFERENCE,HISTORICAL_SCOPED_COMPLETED,W11,2,2,EPIC-006,SRCREF-00006;SRCREF-01966,jira/records/issues/epics/EPIC-006_team_state_and_early_season_intelligence.json,jira/issues/epics/EPIC-006_team_state_and_early_season_intelligence.md
EPIC-007,BAT-7,100007,Epic,[EPIC-007] Foundation baseline model capability,,,PHASE-1,P1,DONE,CONTRACT_DEFINED,CONTRACT_DEFINED,VERIFIED,false,,true,validation-promotion,SHARED_CONTRACT,HISTORICAL_REFERENCE,HISTORICAL_SCOPED_COMPLETED,W16-W17,2,2,EPIC-007,SRCREF-00007;SRCREF-01967,jira/records/issues/epics/EPIC-007_foundation_baseline_model_capability.json,jira/issues/epics/EPIC-007_foundation_baseline_model_capability.md
EPIC-008,BAT-8,100008,Epic,[EPIC-008] Foundation implementation realization,,,PHASE-1,P1,DONE,CONTRACT_DEFINED,FUNCTIONAL_STARTER,VERIFIED,false,,true,feature-engineering,SHARED_CONTRACT,HISTORICAL_REFERENCE,HISTORICAL_SCOPED_COMPLETED,W19,2,2,EPIC-008,SRCREF-00008;SRCREF-01968,jira/records/issues/epics/EPIC-008_foundation_implementation_realization.json,jira/issues/epics/EPIC-008_foundation_implementation_realization.md
EPIC-009,BAT-9,100009,Epic,"[EPIC-009] Player, roster, depth and availability state",,,PHASE-2,P1,DONE,CONTRACT_DEFINED,CONTRACT_DEFINED,VERIFIED,false,,true,modeling,SHARED_CONTRACT,HISTORICAL_REFERENCE,HISTORICAL_SCOPED_COMPLETED,W12,2,2,EPIC-009,SRCREF-00009;SRCREF-01969,jira/records/issues/epics/EPIC-009_player_roster_depth_and_availability_state.json,jira/issues/epics/EPIC-009_player_roster_depth_and_availability_state.md
EPIC-010,BAT-10,100010,Epic,"[EPIC-010] Transfers, recruiting and prospect priors",,,PHASE-2,P1,DONE,CONTRACT_DEFINED,CONTRACT_DEFINED,VERIFIED,false,,true,serving-product,SHARED_CONTRACT,HISTORICAL_REFERENCE,HISTORICAL_SCOPED_COMPLETED,W12,2,2,EPIC-010,SRCREF-00010;SRCREF-01970,jira/records/issues/epics/EPIC-010_transfers_recruiting_and_prospect_priors.json,jira/issues/epics/EPIC-010_transfers_recruiting_and_prospect_priors.md
EPIC-011,BAT-11,100011,Epic,[EPIC-011] Coaching and staff intelligence,,,PHASE-2,P1,DONE,CONTRACT_DEFINED,CONTRACT_DEFINED,VERIFIED,false,,true,player-context-intelligence,SHARED_CONTRACT,HISTORICAL_REFERENCE,HISTORICAL_SCOPED_COMPLETED,W13,2,2,EPIC-011,SRCREF-00011;SRCREF-01971,jira/records/issues/epics/EPIC-011_coaching_and_staff_intelligence.json,jira/issues/epics/EPIC-011_coaching_and_staff_intelligence.md
EPIC-012,BAT-12,100012,Epic,"[EPIC-012] Environment, resources, venue and travel context",,,PHASE-2,P1,DONE,CONTRACT_DEFINED,CONTRACT_DEFINED,VERIFIED,false,,true,player-context-intelligence,SHARED_CONTRACT,HISTORICAL_REFERENCE,HISTORICAL_SCOPED_COMPLETED,W13,2,2,EPIC-012,SRCREF-00012;SRCREF-01972,jira/records/issues/epics/EPIC-012_environment_resources_venue_and_travel_context.json,jira/issues/epics/EPIC-012_environment_resources_venue_and_travel_context.md
EPIC-013,BAT-13,100013,Epic,"[EPIC-013] Possession, field position and special teams mechanics",,,PHASE-2,P1,DONE,CONTRACT_DEFINED,CONTRACT_DEFINED,VERIFIED,false,,true,release-readiness,SHARED_CONTRACT,HISTORICAL_REFERENCE,HISTORICAL_SCOPED_COMPLETED,W13,2,2,EPIC-013,SRCREF-00013;SRCREF-01973,jira/records/issues/epics/EPIC-013_possession_field_position_and_special_teams_mechanics.json,jira/issues/epics/EPIC-013_possession_field_position_and_special_teams_mechanics.md
EPIC-014,BAT-14,100014,Epic,"[EPIC-014] Opponent adjustment, style and schedule stress",,,PHASE-2,P1,DONE,CONTRACT_DEFINED,CONTRACT_DEFINED,VERIFIED,false,,true,release-readiness,SHARED_CONTRACT,HISTORICAL_REFERENCE,HISTORICAL_SCOPED_COMPLETED,W13,2,2,EPIC-014,SRCREF-00014;SRCREF-01974,jira/records/issues/epics/EPIC-014_opponent_adjustment_style_and_schedule_stress.json,jira/issues/epics/EPIC-014_opponent_adjustment_style_and_schedule_stress.md
EPIC-015,BAT-15,100015,Epic,[EPIC-015] Advanced intelligence implementation realization,,,PHASE-2,P1,DONE,CONTRACT_DEFINED,FUNCTIONAL_STARTER,VERIFIED,false,,true,feature-engineering,SHARED_CONTRACT,HISTORICAL_REFERENCE,HISTORICAL_SCOPED_COMPLETED,W19-W20,2,2,EPIC-015,SRCREF-00015;SRCREF-01975,jira/records/issues/epics/EPIC-015_advanced_intelligence_implementation_realization.json,jira/issues/epics/EPIC-015_advanced_intelligence_implementation_realization.md
EPIC-016,BAT-16,100016,Epic,[EPIC-016] Texas A&M high-resolution state,,,PHASE-3,P1,DONE,CONTRACT_DEFINED,CONTRACT_DEFINED,VERIFIED,false,,true,tamu-specialization,SHARED_CONTRACT,HISTORICAL_REFERENCE,HISTORICAL_SCOPED_COMPLETED,W14,2,2,EPIC-016,SRCREF-00016;SRCREF-01976,jira/records/issues/epics/EPIC-016_texas_a_and_m_high_resolution_state.json,jira/issues/epics/EPIC-016_texas_a_and_m_high_resolution_state.md
EPIC-017,BAT-17,100017,Epic,[EPIC-017] A&M specialization architecture,,,PHASE-3,P1,DONE,CONTRACT_DEFINED,CONTRACT_DEFINED,VERIFIED,false,,true,tamu-specialization,SHARED_CONTRACT,HISTORICAL_REFERENCE,HISTORICAL_SCOPED_COMPLETED,W14,2,2,EPIC-017,SRCREF-00017;SRCREF-01977,jira/records/issues/epics/EPIC-017_a_and_m_specialization_architecture.json,jira/issues/epics/EPIC-017_a_and_m_specialization_architecture.md
EPIC-018,BAT-18,100018,Epic,[EPIC-018] Scientific BAS labels and cross-fitting,,,PHASE-3,P1,DONE,CONTRACT_DEFINED,CONTRACT_DEFINED,VERIFIED,false,,true,bas-science,SHARED_CONTRACT,HISTORICAL_REFERENCE,HISTORICAL_SCOPED_COMPLETED,W15,2,2,EPIC-018,SRCREF-00018;SRCREF-01978,jira/records/issues/epics/EPIC-018_scientific_bas_labels_and_cross_fitting.json,jira/issues/epics/EPIC-018_scientific_bas_labels_and_cross_fitting.md
EPIC-019,BAT-19,100019,Epic,[EPIC-019] BAS decomposition and statistical validation,,,PHASE-3,P1,DONE,CONTRACT_DEFINED,CONTRACT_DEFINED,VERIFIED,false,,true,bas-science,SHARED_CONTRACT,HISTORICAL_REFERENCE,HISTORICAL_SCOPED_COMPLETED,W15-W17,2,2,EPIC-019,SRCREF-00019;SRCREF-01979,jira/records/issues/epics/EPIC-019_bas_decomposition_and_statistical_validation.json,jira/issues/epics/EPIC-019_bas_decomposition_and_statistical_validation.md
EPIC-020,BAT-20,100020,Epic,[EPIC-020] A&M specialization and BAS starter implementation,,,PHASE-3,P1,DONE,CONTRACT_DEFINED,FUNCTIONAL_STARTER,VERIFIED,false,,true,bas-science,SHARED_CONTRACT,HISTORICAL_REFERENCE,HISTORICAL_SCOPED_COMPLETED,W20,2,2,EPIC-020,SRCREF-00020;SRCREF-01980,jira/records/issues/epics/EPIC-020_a_and_m_specialization_and_bas_starter_implementation.json,jira/issues/epics/EPIC-020_a_and_m_specialization_and_bas_starter_implementation.md
EPIC-021,BAT-21,100021,Epic,"[EPIC-021] Model targets, joint score and simulation",,,PHASE-4,P1,DONE,CONTRACT_DEFINED,CONTRACT_DEFINED,VERIFIED,false,,true,bas-science,SHARED_CONTRACT,HISTORICAL_REFERENCE,HISTORICAL_SCOPED_COMPLETED,W16,2,2,EPIC-021,SRCREF-00021;SRCREF-01981,jira/records/issues/epics/EPIC-021_model_targets_joint_score_and_simulation.json,jira/issues/epics/EPIC-021_model_targets_joint_score_and_simulation.md
EPIC-022,BAT-22,100022,Epic,"[EPIC-022] Uncertainty, OOD and market lanes",,,PHASE-4,P1,DONE,CONTRACT_DEFINED,CONTRACT_DEFINED,VERIFIED,false,,true,modeling,SHARED_CONTRACT,HISTORICAL_REFERENCE,HISTORICAL_SCOPED_COMPLETED,W16-W17,2,2,EPIC-022,SRCREF-00022;SRCREF-01982,jira/records/issues/epics/EPIC-022_uncertainty_ood_and_market_lanes.json,jira/issues/epics/EPIC-022_uncertainty_ood_and_market_lanes.md
EPIC-023,BAT-23,100023,Epic,"[EPIC-023] Validation, benchmarking and promotion science",,,PHASE-4,P1,DONE,CONTRACT_DEFINED,CONTRACT_DEFINED,VERIFIED,false,,true,validation-promotion,SHARED_CONTRACT,HISTORICAL_REFERENCE,HISTORICAL_SCOPED_COMPLETED,W17,2,2,EPIC-023,SRCREF-00023;SRCREF-01983,jira/records/issues/epics/EPIC-023_validation_benchmarking_and_promotion_science.json,jira/issues/epics/EPIC-023_validation_benchmarking_and_promotion_science.md
EPIC-024,BAT-24,100024,Epic,[EPIC-024] Experimentation and autonomous research system,,,PHASE-4,P1,DONE,CONTRACT_DEFINED,CONTRACT_DEFINED,VERIFIED,false,,true,validation-promotion,SHARED_CONTRACT,HISTORICAL_REFERENCE,HISTORICAL_SCOPED_COMPLETED,W18,2,2,EPIC-024,SRCREF-00024;SRCREF-01984,jira/records/issues/epics/EPIC-024_experimentation_and_autonomous_research_system.json,jira/issues/epics/EPIC-024_experimentation_and_autonomous_research_system.md
EPIC-025,BAT-25,100025,Epic,"[EPIC-025] Model, calibration and forecast starter implementation",,,PHASE-4,P1,DONE,CONTRACT_DEFINED,FUNCTIONAL_STARTER,VERIFIED,false,,true,modeling,SHARED_CONTRACT,HISTORICAL_REFERENCE,HISTORICAL_SCOPED_COMPLETED,W20,2,2,EPIC-025,SRCREF-00025;SRCREF-01985,jira/records/issues/epics/EPIC-025_model_calibration_and_forecast_starter_implementation.json,jira/issues/epics/EPIC-025_model_calibration_and_forecast_starter_implementation.md
EPIC-026,BAT-26,100026,Epic,[EPIC-026] Autonomous weekly MLOps,,,PHASE-4,P1,DONE,CONTRACT_DEFINED,INTEGRATED,VERIFIED,false,,true,mlops,SHARED_CONTRACT,HISTORICAL_REFERENCE,HISTORICAL_SCOPED_COMPLETED,W21,2,2,EPIC-026,SRCREF-00026;SRCREF-01986,jira/records/issues/epics/EPIC-026_autonomous_weekly_mlops.json,jira/issues/epics/EPIC-026_autonomous_weekly_mlops.md
EPIC-027,BAT-27,100027,Epic,"[EPIC-027] API, dashboard and forecast product",,,PHASE-4,P1,DONE,CONTRACT_DEFINED,INTEGRATED,VERIFIED,false,,true,bas-science,SHARED_CONTRACT,HISTORICAL_REFERENCE,HISTORICAL_SCOPED_COMPLETED,W22,2,2,EPIC-027,SRCREF-00027;SRCREF-01987,jira/records/issues/epics/EPIC-027_api_dashboard_and_forecast_product.json,jira/issues/epics/EPIC-027_api_dashboard_and_forecast_product.md
EPIC-028,BAT-28,100028,Epic,"[EPIC-028] CI/CD, security, observability and local operations",,,PHASE-4,P1,BLOCKED,CONTRACT_DEFINED,INTEGRATED,PARTIAL,false,,true,serving-product,SHARED_CONTRACT,HISTORICAL_REFERENCE,HISTORICAL_OPEN_OR_DEFERRED,W23,2,2,EPIC-028,SRCREF-00028;SRCREF-01988,jira/records/issues/epics/EPIC-028_ci_cd_security_observability_and_local_operations.json,jira/issues/epics/EPIC-028_ci_cd_security_observability_and_local_operations.md
EPIC-029,BAT-29,100029,Epic,[EPIC-029] Advanced challenger framework,,,PHASE-5,P2,DEFERRED,CONTRACT_DEFINED,FUNCTIONAL_STARTER,PARTIAL,false,,false,advanced-challengers,SHARED_CONTRACT,HISTORICAL_REFERENCE,HISTORICAL_OPEN_OR_DEFERRED,W18+,2,2,EPIC-029,SRCREF-00029;SRCREF-01989,jira/records/issues/epics/EPIC-029_advanced_challenger_framework.json,jira/issues/epics/EPIC-029_advanced_challenger_framework.md
EPIC-030,BAT-30,100030,Epic,[EPIC-030] Future live/in-game research lane,,,PHASE-5,P3,DEFERRED,CONTRACT_DEFINED,FUNCTIONAL_STARTER,PARTIAL,false,,false,live-modeling,SHARED_CONTRACT,HISTORICAL_REFERENCE,HISTORICAL_OPEN_OR_DEFERRED,W24+,2,2,EPIC-030,SRCREF-00030;SRCREF-01990,jira/records/issues/epics/EPIC-030_future_live_in_game_research_lane.json,jira/issues/epics/EPIC-030_future_live_in_game_research_lane.md
EPIC-031,BAT-31,100031,Epic,[EPIC-031] End-to-end readiness and source refresh,,,PHASE-5,P1,DONE,CONTRACT_DEFINED,INTEGRATED,VERIFIED,false,,true,release-readiness,SHARED_CONTRACT,HISTORICAL_REFERENCE,HISTORICAL_SCOPED_COMPLETED,W24,2,2,EPIC-031,SRCREF-00031;SRCREF-01991,jira/records/issues/epics/EPIC-031_end_to_end_readiness_and_source_refresh.json,jira/issues/epics/EPIC-031_end_to_end_readiness_and_source_refresh.md
EPIC-032,BAT-32,100032,Epic,[EPIC-032] Final consolidation and Codex handoff,,,PHASE-5,P1,DONE,CONTRACT_DEFINED,INTEGRATED,VERIFIED,false,,true,modeling,SHARED_CONTRACT,HISTORICAL_REFERENCE,HISTORICAL_SCOPED_COMPLETED,W25,2,2,EPIC-032,SRCREF-00032;SRCREF-01992,jira/records/issues/epics/EPIC-032_final_consolidation_and_codex_handoff.json,jira/issues/epics/EPIC-032_final_consolidation_and_codex_handoff.md
EPIC-033,BAT-33,100033,Epic,"[EPIC-033] Program governance, packaging and adaptive control",,,PHASE-4,P1,DONE,CONTRACT_DEFINED,CONTRACT_DEFINED,VERIFIED,false,,false,release-readiness,SHARED_CONTRACT,HISTORICAL_REFERENCE,HISTORICAL_SCOPED_COMPLETED,W06-W25,2,2,EPIC-033,SRCREF-00033;SRCREF-01993,jira/records/issues/epics/EPIC-033_program_governance_packaging_and_adaptive_control.json,jira/issues/epics/EPIC-033_program_governance_packaging_and_adaptive_control.md
POST-EPIC-001,BAT-34,100034,Epic,"[POST-EPIC-001] Target environment, reproducibility, and AC-038 hardware evidence",,,PHASE-4,P0,BACKLOG,FUNCTIONAL_STARTER,EMPIRICALLY_VALIDATED,PLANNED,false,,true,operations-security,PROTECTED_GATE,AGGREGATE_GATE,ACTIONABLE_POST_WAVE,POST_W25,12,0,GAP-001;HANDOFF-001,SRCREF-01994;SRCREF-01995;SRCREF-01996;SRCREF-01997;SRCREF-01998;SRCREF-01999;SRCREF-02000;SRCREF-02001,jira/records/issues/epics/POST-EPIC-001_target_environment_reproducibility_and_ac_038_hardware_evidence.json,jira/issues/epics/POST-EPIC-001_target_environment_reproducibility_and_ac_038_hardware_evidence.md
POST-EPIC-002,BAT-35,100035,Epic,"[POST-EPIC-002] Source access, credentials, private-research acquisition, and publication governance",,,PHASE-1,P0,BACKLOG,CONTRACT_DEFINED,EMPIRICALLY_VALIDATED,PLANNED,false,,true,data-sources,PROTECTED_GATE,AGGREGATE_GATE,ACTIONABLE_POST_WAVE,POST_W25,11,0,GAP-010;HANDOFF-002;HANDOFF-012,SRCREF-02007;SRCREF-02008;SRCREF-02009;SRCREF-02010;SRCREF-02011;SRCREF-02012;SRCREF-02001;SRCREF-02002,jira/records/issues/epics/POST-EPIC-002_source_access_rights_credentials_and_acquisition_governance.json,jira/issues/epics/POST-EPIC-002_source_access_rights_credentials_and_acquisition_governance.md
POST-EPIC-003,BAT-36,100036,Epic,[POST-EPIC-003] Immutable national historical data materialization,,,PHASE-1,P0,BACKLOG,SCAFFOLD,EMPIRICALLY_VALIDATED,PLANNED,false,POST-SUBTASK-024,true,raw-snapshots,PROTECTED_GATE,AGGREGATE_GATE,ACTIONABLE_POST_WAVE,POST_W25,12,0,GAP-002;HANDOFF-003,SRCREF-02013;SRCREF-02014;SRCREF-02015;SRCREF-02016;SRCREF-02017;SRCREF-02018;SRCREF-02001;SRCREF-02002,jira/records/issues/epics/POST-EPIC-003_immutable_national_historical_data_materialization.json,jira/issues/epics/POST-EPIC-003_immutable_national_historical_data_materialization.md
POST-EPIC-004,BAT-37,100037,Epic,[POST-EPIC-004] Population schema profiling and canonical entity resolution,,,PHASE-1,P0,BACKLOG,FUNCTIONAL_STARTER,EMPIRICALLY_VALIDATED,PLANNED,false,POST-SUBTASK-033,true,entities,PROTECTED_GATE,AGGREGATE_GATE,ACTIONABLE_POST_WAVE,POST_W25,12,0,GAP-003;GAP-004,SRCREF-02019;SRCREF-02020;SRCREF-02021;SRCREF-02022;SRCREF-02023;SRCREF-02024;SRCREF-02001;SRCREF-02002,jira/records/issues/epics/POST-EPIC-004_population_schema_profiling_and_canonical_entity_resolution.json,jira/issues/epics/POST-EPIC-004_population_schema_profiling_and_canonical_entity_resolution.md
POST-EPIC-005,BAT-38,100038,Epic,[POST-EPIC-005] Point-in-time historical state and protected replay,,,PHASE-1,P0,BACKLOG,FUNCTIONAL_STARTER,EMPIRICALLY_VALIDATED,PLANNED,false,POST-SUBTASK-042,true,pit-temporal,PROTECTED_GATE,AGGREGATE_GATE,ACTIONABLE_POST_WAVE,POST_W25,12,0,GAP-005;HANDOFF-004,SRCREF-02025;SRCREF-02026;SRCREF-02027;SRCREF-02028;SRCREF-02029;SRCREF-02030;SRCREF-02031;SRCREF-02032,jira/records/issues/epics/POST-EPIC-005_point_in_time_historical_state_and_protected_replay.json,jira/issues/epics/POST-EPIC-005_point_in_time_historical_state_and_protected_replay.md
POST-EPIC-006,BAT-39,100039,Epic,[POST-EPIC-006] Production feature materialization and lifecycle,,,PHASE-1,P1,BACKLOG,FUNCTIONAL_STARTER,EMPIRICALLY_VALIDATED,PLANNED,false,POST-SUBTASK-048,true,feature-engineering,PROTECTED_GATE,AGGREGATE_GATE,ACTIONABLE_POST_WAVE,POST_W25,12,0,GAP-007;HANDOFF-005,SRCREF-02033;SRCREF-02034;SRCREF-02035;SRCREF-02036;SRCREF-02037;SRCREF-02038;SRCREF-02039;SRCREF-02040,jira/records/issues/epics/POST-EPIC-006_production_feature_materialization_and_lifecycle.json,jira/issues/epics/POST-EPIC-006_production_feature_materialization_and_lifecycle.md
POST-EPIC-007,BAT-40,100040,Epic,"[POST-EPIC-007] Player, roster, recruiting, coaching, and matchup intelligence",,,PHASE-2,P1,BACKLOG,FUNCTIONAL_STARTER,EMPIRICALLY_VALIDATED,PLANNED,false,POST-SUBTASK-030;POST-SUBTASK-048,true,player-context-intelligence,PROTECTED_GATE,AGGREGATE_GATE,ACTIONABLE_POST_WAVE,POST_W25,12,0,GAP-006;HANDOFF-008,SRCREF-02041;SRCREF-02042;SRCREF-02043;SRCREF-02044;SRCREF-02045;SRCREF-02046;SRCREF-02047;SRCREF-02048,jira/records/issues/epics/POST-EPIC-007_player_roster_recruiting_coaching_and_matchup_intelligence.json,jira/issues/epics/POST-EPIC-007_player_roster_recruiting_coaching_and_matchup_intelligence.md
POST-EPIC-008,BAT-41,100041,Epic,"[POST-EPIC-008] Reproducible baseline, coherent score, probability, and uncertainty modeling",,,PHASE-1,P1,BACKLOG,FUNCTIONAL_STARTER,EMPIRICALLY_VALIDATED,PLANNED,false,POST-SUBTASK-051;POST-SUBTASK-060,true,modeling,PROTECTED_GATE,AGGREGATE_GATE,ACTIONABLE_POST_WAVE,POST_W25,12,0,GAP-008;HANDOFF-006,SRCREF-02049;SRCREF-02050;SRCREF-02051;SRCREF-02052;SRCREF-02053;SRCREF-02054;SRCREF-02055;SRCREF-02056,jira/records/issues/epics/POST-EPIC-008_reproducible_baseline_coherent_score_probability_and_uncertainty_modeling.json,jira/issues/epics/POST-EPIC-008_reproducible_baseline_coherent_score_probability_and_uncertainty_modeling.md
POST-EPIC-009,BAT-42,100042,Epic,[POST-EPIC-009] Texas A&M high-resolution specialization and no-lift-safe evaluation,,,PHASE-3,P1,BACKLOG,FUNCTIONAL_STARTER,EMPIRICALLY_VALIDATED,PLANNED,false,POST-SUBTASK-063;POST-SUBTASK-069;POST-SUBTASK-078,true,tamu-specialization,PROTECTED_GATE,AGGREGATE_GATE,ACTIONABLE_POST_WAVE,POST_W25,12,0,GAP-009;HANDOFF-007,SRCREF-02057;SRCREF-02058;SRCREF-02059;SRCREF-02060;SRCREF-02061;SRCREF-02062;SRCREF-02063;SRCREF-02001,jira/records/issues/epics/POST-EPIC-009_texas_a_and_m_high_resolution_specialization_and_no_lift_safe_evaluation.json,jira/issues/epics/POST-EPIC-009_texas_a_and_m_high_resolution_specialization_and_no_lift_safe_evaluation.md
POST-EPIC-010,BAT-43,100043,Epic,"[POST-EPIC-010] Scientific BAS, general FBS surprise, Aggie excess, and component validation",,,PHASE-3,P1,BACKLOG,FUNCTIONAL_STARTER,EMPIRICALLY_VALIDATED,PLANNED,false,POST-SUBTASK-078;POST-SUBTASK-084,true,bas-science,PROTECTED_GATE,AGGREGATE_GATE,ACTIONABLE_POST_WAVE,POST_W25,12,0,GAP-009;HANDOFF-009,SRCREF-02064;SRCREF-02065;SRCREF-02066;SRCREF-02067;SRCREF-02068;SRCREF-02069;SRCREF-02070;SRCREF-02001,jira/records/issues/epics/POST-EPIC-010_scientific_bas_general_fbs_surprise_aggie_excess_and_component_validation.json,jira/issues/epics/POST-EPIC-010_scientific_bas_general_fbs_surprise_aggie_excess_and_component_validation.md
POST-EPIC-011,BAT-44,100044,Epic,"[POST-EPIC-011] Protected chronological evaluation, calibration, and champion promotion",,,PHASE-4,P1,BACKLOG,FUNCTIONAL_STARTER,EMPIRICALLY_VALIDATED,PLANNED,false,POST-SUBTASK-078;POST-SUBTASK-084;POST-SUBTASK-090,true,validation-promotion,PROTECTED_GATE,AGGREGATE_GATE,ACTIONABLE_POST_WAVE,POST_W25,12,0,GAP-008;GAP-009;HANDOFF-006,SRCREF-02071;SRCREF-02072;SRCREF-02073;SRCREF-02074;SRCREF-02075;SRCREF-02076;SRCREF-02077;SRCREF-02078,jira/records/issues/epics/POST-EPIC-011_protected_chronological_evaluation_calibration_and_champion_promotion.json,jira/issues/epics/POST-EPIC-011_protected_chronological_evaluation_calibration_and_champion_promotion.md
POST-EPIC-012,BAT-45,100045,Epic,[POST-EPIC-012] Autonomous weekly real-data execution and immutable forecast publication,,,PHASE-4,P2,BACKLOG,FUNCTIONAL_STARTER,OPERATING,PLANNED,false,POST-SUBTASK-105,true,mlops,PROTECTED_GATE,AGGREGATE_GATE,ACTIONABLE_POST_WAVE,POST_W25,12,0,GAP-012;HANDOFF-010,SRCREF-02079;SRCREF-02080;SRCREF-02081;SRCREF-02082;SRCREF-02083;SRCREF-02084;SRCREF-02001;SRCREF-02002,jira/records/issues/epics/POST-EPIC-012_autonomous_weekly_real_data_execution_and_immutable_forecast_publication.json,jira/issues/epics/POST-EPIC-012_autonomous_weekly_real_data_execution_and_immutable_forecast_publication.md
POST-EPIC-013,BAT-46,100046,Epic,"[POST-EPIC-013] Snapshot API, dashboard, explanations, analogs, and freshness-safe product",,,PHASE-4,P2,BACKLOG,FUNCTIONAL_STARTER,OPERATING,PLANNED,false,POST-SUBTASK-111,true,serving-product,PROTECTED_GATE,AGGREGATE_GATE,ACTIONABLE_POST_WAVE,POST_W25,12,0,GAP-012;HANDOFF-011,SRCREF-02085;SRCREF-02086;SRCREF-02087;SRCREF-02088;SRCREF-02089;SRCREF-02090;SRCREF-02091;SRCREF-02001,jira/records/issues/epics/POST-EPIC-013_snapshot_api_dashboard_explanations_analogs_and_freshness_safe_product.json,jira/issues/epics/POST-EPIC-013_snapshot_api_dashboard_explanations_analogs_and_freshness_safe_product.md
POST-EPIC-014,BAT-47,100047,Epic,"[POST-EPIC-014] Security, observability, backup/restore, drift, and incident operations",,,PHASE-4,P2,BACKLOG,FUNCTIONAL_STARTER,OPERATING,PLANNED,false,POST-SUBTASK-002;POST-SUBTASK-024,true,operations-security,PROTECTED_GATE,AGGREGATE_GATE,ACTIONABLE_POST_WAVE,POST_W25,12,0,HANDOFF-012,SRCREF-02092;SRCREF-02093;SRCREF-02094;SRCREF-02095;SRCREF-02096;SRCREF-02097;SRCREF-02098;SRCREF-02001,jira/records/issues/epics/POST-EPIC-014_security_observability_backup_restore_drift_and_incident_operations.json,jira/issues/epics/POST-EPIC-014_security_observability_backup_restore_drift_and_incident_operations.md
POST-EPIC-015,BAT-48,100048,Epic,[POST-EPIC-015] Full end-to-end release candidate and operating acceptance,,,PHASE-5,P2,BACKLOG,DESIGN_ONLY,OPERATING,PLANNED,false,POST-SUBTASK-009;POST-SUBTASK-114;POST-SUBTASK-123;POST-SUBTASK-132,true,release-readiness,PROTECTED_GATE,AGGREGATE_GATE,ACTIONABLE_POST_WAVE,POST_W25,11,0,HANDOFF-013;HANDOFF-014,SRCREF-02099;SRCREF-02100;SRCREF-02101;SRCREF-02102;SRCREF-02103;SRCREF-02104;SRCREF-02105;SRCREF-02106,jira/records/issues/epics/POST-EPIC-015_full_end_to_end_release_candidate_and_operating_acceptance.json,jira/issues/epics/POST-EPIC-015_full_end_to_end_release_candidate_and_operating_acceptance.md
POST-EPIC-016,BAT-49,100049,Epic,[POST-EPIC-016] Conditional advanced challenger research and admission,,,PHASE-5,P3,DEFERRED,CONDITIONAL,EMPIRICALLY_VALIDATED,PLANNED,false,POST-SUBTASK-141,false,advanced-challengers,PROTECTED_GATE,AGGREGATE_GATE,ACTIONABLE_POST_WAVE,POST_W25,12,0,GAP-013;HANDOFF-013;TASK-165;TASK-166;TASK-167;TASK-168,SRCREF-02107;SRCREF-02108;SRCREF-02109;SRCREF-02110;SRCREF-02111;SRCREF-02001;SRCREF-02002;SRCREF-02003,jira/records/issues/epics/POST-EPIC-016_conditional_advanced_challenger_research_and_admission.json,jira/issues/epics/POST-EPIC-016_conditional_advanced_challenger_research_and_admission.md
POST-EPIC-017,BAT-50,100050,Epic,[POST-EPIC-017] Deferred live and in-game modeling,,,PHASE-5,DEFERRED,DEFERRED,DEFERRED,EMPIRICALLY_VALIDATED,PLANNED,false,POST-SUBTASK-141,false,live-modeling,PROTECTED_GATE,AGGREGATE_GATE,ACTIONABLE_POST_WAVE,POST_W25,8,0,GAP-014;HANDOFF-014;TASK-169;TASK-170;TASK-171;TASK-172,SRCREF-02112;SRCREF-02113;SRCREF-02114;SRCREF-02115;SRCREF-02001;SRCREF-02002;SRCREF-02003;SRCREF-02004,jira/records/issues/epics/POST-EPIC-017_deferred_live_and_in_game_modeling.json,jira/issues/epics/POST-EPIC-017_deferred_live_and_in_game_modeling.md
POST-STORY-001,BAT-51,100051,Story,[POST-STORY-001] Canonical handoff and target-environment preflight,POST-EPIC-001,POST-EPIC-001,PHASE-4,P0,BACKLOG,FUNCTIONAL_STARTER,INTEGRATED,PLANNED,false,,true,operations-security,SHARED_CONTRACT,AGGREGATE_GATE,ACTIONABLE_POST_WAVE,POST_W25,12,0,GAP-001;HANDOFF-001,SRCREF-01994;SRCREF-01995;SRCREF-01996;SRCREF-01997;SRCREF-01998;SRCREF-01999;SRCREF-02000;SRCREF-02001,jira/records/issues/stories/POST-STORY-001_canonical_handoff_and_target_environment_preflight.json,jira/issues/stories/POST-STORY-001_canonical_handoff_and_target_environment_preflight.md
POST-STORY-002,BAT-52,100052,Story,"[POST-STORY-002] Local data, artifact, and secret boundary bootstrap",POST-EPIC-001,POST-EPIC-001,PHASE-4,P0,BACKLOG,FUNCTIONAL_STARTER,INTEGRATED,PLANNED,false,POST-SUBTASK-001,false,operations-security,SHARED_CONTRACT,AGGREGATE_GATE,ACTIONABLE_POST_WAVE,POST_W25,12,0,GAP-001;GAP-010;HANDOFF-001;HANDOFF-002,SRCREF-01994;SRCREF-01995;SRCREF-01996;SRCREF-01997;SRCREF-01998;SRCREF-01999;SRCREF-02000;SRCREF-02001,jira/records/issues/stories/POST-STORY-002_local_data_artifact_and_secret_boundary_bootstrap.json,jira/issues/stories/POST-STORY-002_local_data_artifact_and_secret_boundary_bootstrap.md
POST-STORY-003,BAT-53,100053,Story,[POST-STORY-003] Authoritative target-hardware benchmark and threshold governance,POST-EPIC-001,POST-EPIC-001,PHASE-4,P0,BACKLOG,FUNCTIONAL_STARTER,INTEGRATED,PLANNED,false,POST-SUBTASK-002;POST-SUBTASK-006,true,operations-security,SHARED_CONTRACT,AGGREGATE_GATE,ACTIONABLE_POST_WAVE,POST_W25,12,0,GAP-001;HANDOFF-001,SRCREF-01994;SRCREF-01995;SRCREF-01996;SRCREF-01997;SRCREF-01998;SRCREF-01999;SRCREF-02000;SRCREF-02001,jira/records/issues/stories/POST-STORY-003_authoritative_target_hardware_benchmark_and_threshold_governance.json,jira/issues/stories/POST-STORY-003_authoritative_target_hardware_benchmark_and_threshold_governance.md
POST-STORY-004,BAT-54,100054,Story,"[POST-STORY-004] Evidence-backed resource, concurrency, and degradation envelope",POST-EPIC-001,POST-EPIC-001,PHASE-4,P0,BACKLOG,FUNCTIONAL_STARTER,INTEGRATED,PLANNED,false,POST-SUBTASK-009,false,operations-security,SHARED_CONTRACT,AGGREGATE_GATE,ACTIONABLE_POST_WAVE,POST_W25,12,0,GAP-001;HANDOFF-001,SRCREF-01994;SRCREF-01995;SRCREF-01996;SRCREF-01997;SRCREF-01998;SRCREF-01999;SRCREF-02000;SRCREF-02001,jira/records/issues/stories/POST-STORY-004_evidence_backed_resource_concurrency_and_degradation_envelope.json,jira/issues/stories/POST-STORY-004_evidence_backed_resource_concurrency_and_degradation_envelope.md
POST-STORY-005,BAT-55,100055,Story,[POST-STORY-005] Reconcile the final source universe and authority decisions,POST-EPIC-002,POST-EPIC-002,PHASE-1,P0,BACKLOG,CONTRACT_DEFINED,INTEGRATED,PLANNED,false,,true,data-sources,SHARED_CONTRACT,AGGREGATE_GATE,ACTIONABLE_POST_WAVE,POST_W25,11,0,GAP-010;HANDOFF-002;HANDOFF-012,SRCREF-02007;SRCREF-02008;SRCREF-02009;SRCREF-02010;SRCREF-02011;SRCREF-02012;SRCREF-02001;SRCREF-02002,jira/records/issues/stories/POST-STORY-005_reconcile_the_final_source_universe_and_authority_decisions.json,jira/issues/stories/POST-STORY-005_reconcile_the_final_source_universe_and_authority_decisions.md
POST-STORY-006,BAT-56,100056,Story,[POST-STORY-006] Universal private-research acquisition and future-publication boundary,POST-EPIC-002,POST-EPIC-002,PHASE-1,P0,BACKLOG,CONTRACT_DEFINED,INTEGRATED,PLANNED,false,POST-SUBTASK-015,true,data-sources,SHARED_CONTRACT,AGGREGATE_GATE,ACTIONABLE_POST_WAVE,POST_W25,11,0,GAP-010;HANDOFF-002;HANDOFF-012,SRCREF-02007;SRCREF-02008;SRCREF-02009;SRCREF-02010;SRCREF-02011;SRCREF-02012;SRCREF-02001;SRCREF-02002,jira/records/issues/stories/POST-STORY-006_per_source_license_terms_and_redistribution_decisions.json,jira/issues/stories/POST-STORY-006_per_source_license_terms_and_redistribution_decisions.md
POST-STORY-007,BAT-57,100057,Story,[POST-STORY-007] Credential configuration and access smoke tests,POST-EPIC-002,POST-EPIC-002,PHASE-1,P0,BACKLOG,CONTRACT_DEFINED,INTEGRATED,PLANNED,false,POST-SUBTASK-015,true,data-sources,SHARED_CONTRACT,AGGREGATE_GATE,ACTIONABLE_POST_WAVE,POST_W25,12,0,GAP-010;HANDOFF-002;HANDOFF-012;ISSUE-003;ISSUE-004,SRCREF-02007;SRCREF-02008;SRCREF-02009;SRCREF-02010;SRCREF-02011;SRCREF-02012;SRCREF-02001;SRCREF-02002,jira/records/issues/stories/POST-STORY-007_credential_configuration_and_access_smoke_tests.json,jira/issues/stories/POST-STORY-007_credential_configuration_and_access_smoke_tests.md
POST-STORY-008,BAT-58,100058,Story,"[POST-STORY-008] Production acquisition contracts, rate limits, fallbacks, and drift hooks",POST-EPIC-002,POST-EPIC-002,PHASE-1,P0,BACKLOG,CONTRACT_DEFINED,INTEGRATED,PLANNED,false,POST-SUBTASK-018;POST-SUBTASK-021,false,data-sources,SHARED_CONTRACT,AGGREGATE_GATE,ACTIONABLE_POST_WAVE,POST_W25,11,0,GAP-010;HANDOFF-002;HANDOFF-003;HANDOFF-012,SRCREF-02007;SRCREF-02008;SRCREF-02009;SRCREF-02010;SRCREF-02011;SRCREF-02012;SRCREF-02001;SRCREF-02002,jira/records/issues/stories/POST-STORY-008_production_acquisition_contracts_rate_limits_fallbacks_and_drift_hooks.json,jira/issues/stories/POST-STORY-008_production_acquisition_contracts_rate_limits_fallbacks_and_drift_hooks.md
POST-STORY-009,BAT-59,100059,Story,[POST-STORY-009] Core national game spine,POST-EPIC-003,POST-EPIC-003,PHASE-1,P0,BACKLOG,SCAFFOLD,INTEGRATED,PLANNED,false,POST-SUBTASK-006;POST-SUBTASK-018;POST-SUBTASK-021;POST-SUBTASK-022,true,raw-snapshots,SHARED_CONTRACT,AGGREGATE_GATE,ACTIONABLE_POST_WAVE,POST_W25,12,0,GAP-002;HANDOFF-003,SRCREF-02013;SRCREF-02014;SRCREF-02015;SRCREF-02016;SRCREF-02017;SRCREF-02018;SRCREF-02001;SRCREF-02002,jira/records/issues/stories/POST-STORY-009_core_national_game_spine.json,jira/issues/stories/POST-STORY-009_core_national_game_spine.md
POST-STORY-010,BAT-60,100060,Story,[POST-STORY-010] Historical expansion across core and supporting domains,POST-EPIC-003,POST-EPIC-003,PHASE-1,P0,BACKLOG,SCAFFOLD,INTEGRATED,PLANNED,false,POST-SUBTASK-027,true,raw-snapshots,SHARED_CONTRACT,AGGREGATE_GATE,ACTIONABLE_POST_WAVE,POST_W25,12,0,GAP-002;GAP-006;GAP-010;GAP-011;HANDOFF-003;HANDOFF-008,SRCREF-02013;SRCREF-02014;SRCREF-02015;SRCREF-02016;SRCREF-02017;SRCREF-02018;SRCREF-02001;SRCREF-02002,jira/records/issues/stories/POST-STORY-010_player_roster_recruiting_market_weather_and_contextual_raw_domains.json,jira/issues/stories/POST-STORY-010_player_roster_recruiting_market_weather_and_contextual_raw_domains.md
POST-STORY-011,BAT-61,100061,Story,"[POST-STORY-011] Immutable raw store, manifests, provenance, and population audit",POST-EPIC-003,POST-EPIC-003,PHASE-1,P0,BACKLOG,SCAFFOLD,INTEGRATED,PLANNED,false,POST-SUBTASK-027;POST-SUBTASK-030,true,raw-snapshots,SHARED_CONTRACT,AGGREGATE_GATE,ACTIONABLE_POST_WAVE,POST_W25,12,0,GAP-002;HANDOFF-003,SRCREF-02013;SRCREF-02014;SRCREF-02015;SRCREF-02016;SRCREF-02017;SRCREF-02018;SRCREF-02001;SRCREF-02002,jira/records/issues/stories/POST-STORY-011_immutable_raw_store_manifests_provenance_and_population_audit.json,jira/issues/stories/POST-STORY-011_immutable_raw_store_manifests_provenance_and_population_audit.md
POST-STORY-012,BAT-62,100062,Story,[POST-STORY-012] Population schema and missingness contracts,POST-EPIC-004,POST-EPIC-004,PHASE-1,P0,BACKLOG,FUNCTIONAL_STARTER,INTEGRATED,PLANNED,false,POST-SUBTASK-033,true,entities,SHARED_CONTRACT,AGGREGATE_GATE,ACTIONABLE_POST_WAVE,POST_W25,12,0,GAP-003;GAP-004,SRCREF-02019;SRCREF-02020;SRCREF-02021;SRCREF-02022;SRCREF-02023;SRCREF-02024;SRCREF-02001;SRCREF-02002,jira/records/issues/stories/POST-STORY-012_population_schema_and_missingness_contracts.json,jira/issues/stories/POST-STORY-012_population_schema_and_missingness_contracts.md
POST-STORY-013,BAT-63,100063,Story,"[POST-STORY-013] Canonical registries, aliases, and temporal relationships",POST-EPIC-004,POST-EPIC-004,PHASE-1,P0,BACKLOG,FUNCTIONAL_STARTER,INTEGRATED,PLANNED,false,POST-SUBTASK-036,true,entities,SHARED_CONTRACT,AGGREGATE_GATE,ACTIONABLE_POST_WAVE,POST_W25,12,0,GAP-003;GAP-004;GAP-006,SRCREF-02019;SRCREF-02020;SRCREF-02021;SRCREF-02022;SRCREF-02023;SRCREF-02024;SRCREF-02001;SRCREF-02002,jira/records/issues/stories/POST-STORY-013_canonical_registries_aliases_and_temporal_relationships.json,jira/issues/stories/POST-STORY-013_canonical_registries_aliases_and_temporal_relationships.md
POST-STORY-014,BAT-64,100064,Story,"[POST-STORY-014] Population resolution, review workflow, transitions, and entity gate",POST-EPIC-004,POST-EPIC-004,PHASE-1,P0,BACKLOG,FUNCTIONAL_STARTER,INTEGRATED,PLANNED,false,POST-SUBTASK-039,true,entities,SHARED_CONTRACT,AGGREGATE_GATE,ACTIONABLE_POST_WAVE,POST_W25,12,0,GAP-003;GAP-004,SRCREF-02019;SRCREF-02020;SRCREF-02021;SRCREF-02022;SRCREF-02023;SRCREF-02024;SRCREF-02001;SRCREF-02002,jira/records/issues/stories/POST-STORY-014_population_resolution_review_workflow_transitions_and_entity_gate.json,jira/issues/stories/POST-STORY-014_population_resolution_review_workflow_transitions_and_entity_gate.md
POST-STORY-015,BAT-65,100065,Story,[POST-STORY-015] Known-at registry and timestamp normalization,POST-EPIC-005,POST-EPIC-005,PHASE-1,P0,BACKLOG,FUNCTIONAL_STARTER,INTEGRATED,PLANNED,false,POST-SUBTASK-042,true,pit-temporal,SHARED_CONTRACT,AGGREGATE_GATE,ACTIONABLE_POST_WAVE,POST_W25,12,0,AC-011;AC-012;GAP-005;HANDOFF-004;RISK-001;RISK-002,SRCREF-02025;SRCREF-02026;SRCREF-02027;SRCREF-02028;SRCREF-02029;SRCREF-02030;SRCREF-02031;SRCREF-02032,jira/records/issues/stories/POST-STORY-015_known_at_registry_and_timestamp_normalization.json,jira/issues/stories/POST-STORY-015_known_at_registry_and_timestamp_normalization.md
POST-STORY-016,BAT-66,100066,Story,[POST-STORY-016] Append-only as-of state and pregame matrices,POST-EPIC-005,POST-EPIC-005,PHASE-1,P0,BACKLOG,FUNCTIONAL_STARTER,INTEGRATED,PLANNED,false,POST-SUBTASK-045,true,pit-temporal,SHARED_CONTRACT,AGGREGATE_GATE,ACTIONABLE_POST_WAVE,POST_W25,12,0,GAP-005;GAP-006;HANDOFF-004,SRCREF-02025;SRCREF-02026;SRCREF-02027;SRCREF-02028;SRCREF-02029;SRCREF-02030;SRCREF-02031;SRCREF-02032,jira/records/issues/stories/POST-STORY-016_append_only_as_of_state_and_pregame_matrices.json,jira/issues/stories/POST-STORY-016_append_only_as_of_state_and_pregame_matrices.md
POST-STORY-017,BAT-67,100067,Story,[POST-STORY-017] Leakage battery and chronological replay infrastructure,POST-EPIC-005,POST-EPIC-005,PHASE-1,P0,BACKLOG,FUNCTIONAL_STARTER,INTEGRATED,PLANNED,false,POST-SUBTASK-048,true,pit-temporal,SHARED_CONTRACT,AGGREGATE_GATE,ACTIONABLE_POST_WAVE,POST_W25,12,0,GAP-005;HANDOFF-004,SRCREF-02025;SRCREF-02026;SRCREF-02027;SRCREF-02028;SRCREF-02029;SRCREF-02030;SRCREF-02031;SRCREF-02032,jira/records/issues/stories/POST-STORY-017_leakage_battery_and_chronological_replay_infrastructure.json,jira/issues/stories/POST-STORY-017_leakage_battery_and_chronological_replay_infrastructure.md
POST-STORY-018,BAT-68,100068,Story,[POST-STORY-018] Population feature registry and computability,POST-EPIC-006,POST-EPIC-006,PHASE-1,P1,BACKLOG,FUNCTIONAL_STARTER,INTEGRATED,PLANNED,false,POST-SUBTASK-048,false,feature-engineering,SHARED_CONTRACT,AGGREGATE_GATE,ACTIONABLE_POST_WAVE,POST_W25,12,0,GAP-007;HANDOFF-005,SRCREF-02033;SRCREF-02034;SRCREF-02035;SRCREF-02036;SRCREF-02037;SRCREF-02038;SRCREF-02039;SRCREF-02040,jira/records/issues/stories/POST-STORY-018_population_feature_registry_and_computability.json,jira/issues/stories/POST-STORY-018_population_feature_registry_and_computability.md
POST-STORY-019,BAT-69,100069,Story,[POST-STORY-019] Foundation and advanced feature materialization,POST-EPIC-006,POST-EPIC-006,PHASE-1,P1,BACKLOG,FUNCTIONAL_STARTER,INTEGRATED,PLANNED,false,POST-SUBTASK-051;POST-SUBTASK-054,false,feature-engineering,SHARED_CONTRACT,AGGREGATE_GATE,ACTIONABLE_POST_WAVE,POST_W25,12,0,GAP-006;GAP-007;HANDOFF-005;HANDOFF-008,SRCREF-02033;SRCREF-02034;SRCREF-02035;SRCREF-02036;SRCREF-02037;SRCREF-02038;SRCREF-02039;SRCREF-02040,jira/records/issues/stories/POST-STORY-019_foundation_and_advanced_feature_materialization.json,jira/issues/stories/POST-STORY-019_foundation_and_advanced_feature_materialization.md
POST-STORY-020,BAT-70,100070,Story,"[POST-STORY-020] Screening, ablation, stability, and promotion",POST-EPIC-006,POST-EPIC-006,PHASE-1,P1,BACKLOG,FUNCTIONAL_STARTER,INTEGRATED,PLANNED,false,POST-SUBTASK-057,true,feature-engineering,SHARED_CONTRACT,AGGREGATE_GATE,ACTIONABLE_POST_WAVE,POST_W25,12,0,GAP-007;HANDOFF-005,SRCREF-02033;SRCREF-02034;SRCREF-02035;SRCREF-02036;SRCREF-02037;SRCREF-02038;SRCREF-02039;SRCREF-02040,jira/records/issues/stories/POST-STORY-020_screening_ablation_stability_and_promotion.json,jira/issues/stories/POST-STORY-020_screening_ablation_stability_and_promotion.md
POST-STORY-021,BAT-71,100071,Story,"[POST-STORY-021] Historical player, roster, depth, value, replacement, and availability",POST-EPIC-007,POST-EPIC-007,PHASE-2,P1,BACKLOG,FUNCTIONAL_STARTER,INTEGRATED,PLANNED,false,POST-SUBTASK-030;POST-SUBTASK-048,false,player-context-intelligence,SHARED_CONTRACT,AGGREGATE_GATE,ACTIONABLE_POST_WAVE,POST_W25,12,0,GAP-006;HANDOFF-008,SRCREF-02041;SRCREF-02042;SRCREF-02043;SRCREF-02044;SRCREF-02045;SRCREF-02046;SRCREF-02047;SRCREF-02048,jira/records/issues/stories/POST-STORY-021_historical_player_roster_depth_value_replacement_and_availability.json,jira/issues/stories/POST-STORY-021_historical_player_roster_depth_value_replacement_and_availability.md
POST-STORY-022,BAT-72,100072,Story,"[POST-STORY-022] Recruiting, transfer, freshman, coaching, and continuity intelligence",POST-EPIC-007,POST-EPIC-007,PHASE-2,P1,BACKLOG,FUNCTIONAL_STARTER,INTEGRATED,PLANNED,false,POST-SUBTASK-063,false,player-context-intelligence,SHARED_CONTRACT,AGGREGATE_GATE,ACTIONABLE_POST_WAVE,POST_W25,12,0,GAP-006;HANDOFF-008,SRCREF-02041;SRCREF-02042;SRCREF-02043;SRCREF-02044;SRCREF-02045;SRCREF-02046;SRCREF-02047;SRCREF-02048,jira/records/issues/stories/POST-STORY-022_recruiting_transfer_freshman_coaching_and_continuity_intelligence.json,jira/issues/stories/POST-STORY-022_recruiting_transfer_freshman_coaching_and_continuity_intelligence.md
POST-STORY-023,BAT-73,100073,Story,"[POST-STORY-023] Weather, travel, rest, venue, schedule sequence, mechanics, officiating, and sparse-opponent priors",POST-EPIC-007,POST-EPIC-007,PHASE-2,P1,BACKLOG,FUNCTIONAL_STARTER,INTEGRATED,PLANNED,false,POST-SUBTASK-030;POST-SUBTASK-048,false,player-context-intelligence,SHARED_CONTRACT,AGGREGATE_GATE,ACTIONABLE_POST_WAVE,POST_W25,12,0,GAP-006;HANDOFF-008,SRCREF-02041;SRCREF-02042;SRCREF-02043;SRCREF-02044;SRCREF-02045;SRCREF-02046;SRCREF-02047;SRCREF-02048,jira/records/issues/stories/POST-STORY-023_weather_travel_rest_venue_schedule_sequence_mechanics_officiating_and_sparse_opp.json,jira/issues/stories/POST-STORY-023_weather_travel_rest_venue_schedule_sequence_mechanics_officiating_and_sparse_opp.md
POST-STORY-024,BAT-74,100074,Story,"[POST-STORY-024] Model-ready targets, splits, weights, and datasets",POST-EPIC-008,POST-EPIC-008,PHASE-1,P1,BACKLOG,FUNCTIONAL_STARTER,INTEGRATED,PLANNED,false,POST-SUBTASK-051;POST-SUBTASK-060,true,modeling,SHARED_CONTRACT,AGGREGATE_GATE,ACTIONABLE_POST_WAVE,POST_W25,12,0,AC-013;AC-015;GAP-008;HANDOFF-006,SRCREF-02049;SRCREF-02050;SRCREF-02051;SRCREF-02052;SRCREF-02053;SRCREF-02054;SRCREF-02055;SRCREF-02056,jira/records/issues/stories/POST-STORY-024_model_ready_targets_splits_weights_and_datasets.json,jira/issues/stories/POST-STORY-024_model_ready_targets_splits_weights_and_datasets.md
POST-STORY-025,BAT-75,100075,Story,"[POST-STORY-025] Simple, rating, linear, tree, market, and coherent joint-score candidates",POST-EPIC-008,POST-EPIC-008,PHASE-1,P1,BACKLOG,FUNCTIONAL_STARTER,INTEGRATED,PLANNED,false,POST-SUBTASK-072,false,modeling,SHARED_CONTRACT,AGGREGATE_GATE,ACTIONABLE_POST_WAVE,POST_W25,12,0,GAP-008;HANDOFF-006,SRCREF-02049;SRCREF-02050;SRCREF-02051;SRCREF-02052;SRCREF-02053;SRCREF-02054;SRCREF-02055;SRCREF-02056,jira/records/issues/stories/POST-STORY-025_simple_rating_linear_tree_market_and_coherent_joint_score_candidates.json,jira/issues/stories/POST-STORY-025_simple_rating_linear_tree_market_and_coherent_joint_score_candidates.md
POST-STORY-026,BAT-76,100076,Story,"[POST-STORY-026] Calibration, ensembles, OOD, abstention, and candidate artifact registry",POST-EPIC-008,POST-EPIC-008,PHASE-1,P1,BACKLOG,FUNCTIONAL_STARTER,INTEGRATED,PLANNED,false,POST-SUBTASK-075,true,modeling,SHARED_CONTRACT,AGGREGATE_GATE,ACTIONABLE_POST_WAVE,POST_W25,12,0,GAP-008;HANDOFF-006,SRCREF-02049;SRCREF-02050;SRCREF-02051;SRCREF-02052;SRCREF-02053;SRCREF-02054;SRCREF-02055;SRCREF-02056,jira/records/issues/stories/POST-STORY-026_calibration_ensembles_ood_abstention_and_candidate_artifact_registry.json,jira/issues/stories/POST-STORY-026_calibration_ensembles_ood_abstention_and_candidate_artifact_registry.md
POST-STORY-027,BAT-77,100077,Story,[POST-STORY-027] Official A&M evidence and high-resolution PIT state,POST-EPIC-009,POST-EPIC-009,PHASE-3,P1,BACKLOG,FUNCTIONAL_STARTER,INTEGRATED,PLANNED,false,POST-SUBTASK-048;POST-SUBTASK-063;POST-SUBTASK-066;POST-SUBTASK-069,false,tamu-specialization,SHARED_CONTRACT,AGGREGATE_GATE,ACTIONABLE_POST_WAVE,POST_W25,12,0,GAP-006;GAP-009;HANDOFF-007;HANDOFF-008,SRCREF-02057;SRCREF-02058;SRCREF-02059;SRCREF-02060;SRCREF-02061;SRCREF-02062;SRCREF-02063;SRCREF-02001,jira/records/issues/stories/POST-STORY-027_official_a_and_m_evidence_and_high_resolution_pit_state.json,jira/issues/stories/POST-STORY-027_official_a_and_m_evidence_and_high_resolution_pit_state.md
POST-STORY-028,BAT-78,100078,Story,"[POST-STORY-028] Peers, regimes, historical analogs, and specialization candidates",POST-EPIC-009,POST-EPIC-009,PHASE-3,P1,BACKLOG,FUNCTIONAL_STARTER,INTEGRATED,PLANNED,false,POST-SUBTASK-078;POST-SUBTASK-081,false,tamu-specialization,SHARED_CONTRACT,AGGREGATE_GATE,ACTIONABLE_POST_WAVE,POST_W25,12,0,GAP-009;HANDOFF-007,SRCREF-02057;SRCREF-02058;SRCREF-02059;SRCREF-02060;SRCREF-02061;SRCREF-02062;SRCREF-02063;SRCREF-02001,jira/records/issues/stories/POST-STORY-028_peers_regimes_historical_analogs_and_specialization_candidates.json,jira/issues/stories/POST-STORY-028_peers_regimes_historical_analogs_and_specialization_candidates.md
POST-STORY-029,BAT-79,100079,Story,"[POST-STORY-029] Protected A&M lift, calibration, stability, and integration decision",POST-EPIC-009,POST-EPIC-009,PHASE-3,P1,BACKLOG,FUNCTIONAL_STARTER,INTEGRATED,PLANNED,false,POST-SUBTASK-084;POST-SUBTASK-102,false,tamu-specialization,SHARED_CONTRACT,AGGREGATE_GATE,ACTIONABLE_POST_WAVE,POST_W25,12,0,GAP-009;HANDOFF-007,SRCREF-02057;SRCREF-02058;SRCREF-02059;SRCREF-02060;SRCREF-02061;SRCREF-02062;SRCREF-02063;SRCREF-02001,jira/records/issues/stories/POST-STORY-029_protected_a_and_m_lift_calibration_stability_and_integration_decision.json,jira/issues/stories/POST-STORY-029_protected_a_and_m_lift_calibration_stability_and_integration_decision.md
POST-STORY-030,BAT-80,100080,Story,[POST-STORY-030] Cross-fitted expectation and protected severity labels,POST-EPIC-010,POST-EPIC-010,PHASE-3,P1,BACKLOG,FUNCTIONAL_STARTER,INTEGRATED,PLANNED,false,POST-SUBTASK-051;POST-SUBTASK-078,false,bas-science,SHARED_CONTRACT,AGGREGATE_GATE,ACTIONABLE_POST_WAVE,POST_W25,12,0,AC-020;AC-021;GAP-009;HANDOFF-009,SRCREF-02064;SRCREF-02065;SRCREF-02066;SRCREF-02067;SRCREF-02068;SRCREF-02069;SRCREF-02070;SRCREF-02001,jira/records/issues/stories/POST-STORY-030_cross_fitted_expectation_and_protected_severity_labels.json,jira/issues/stories/POST-STORY-030_cross_fitted_expectation_and_protected_severity_labels.md
POST-STORY-031,BAT-81,100081,Story,"[POST-STORY-031] General FBS baseline, Aggie excess, and components",POST-EPIC-010,POST-EPIC-010,PHASE-3,P1,BACKLOG,FUNCTIONAL_STARTER,INTEGRATED,PLANNED,false,POST-SUBTASK-084;POST-SUBTASK-090,false,bas-science,SHARED_CONTRACT,AGGREGATE_GATE,ACTIONABLE_POST_WAVE,POST_W25,12,0,GAP-009;HANDOFF-009,SRCREF-02064;SRCREF-02065;SRCREF-02066;SRCREF-02067;SRCREF-02068;SRCREF-02069;SRCREF-02070;SRCREF-02001,jira/records/issues/stories/POST-STORY-031_general_fbs_baseline_aggie_excess_and_components.json,jira/issues/stories/POST-STORY-031_general_fbs_baseline_aggie_excess_and_components.md
POST-STORY-032,BAT-82,100082,Story,"[POST-STORY-032] Protected calibration, stability, scientific decision, and product semantics",POST-EPIC-010,POST-EPIC-010,PHASE-3,P1,BACKLOG,FUNCTIONAL_STARTER,INTEGRATED,PLANNED,false,POST-SUBTASK-093;POST-SUBTASK-102,false,bas-science,SHARED_CONTRACT,AGGREGATE_GATE,ACTIONABLE_POST_WAVE,POST_W25,12,0,GAP-009;HANDOFF-009,SRCREF-02064;SRCREF-02065;SRCREF-02066;SRCREF-02067;SRCREF-02068;SRCREF-02069;SRCREF-02070;SRCREF-02001,jira/records/issues/stories/POST-STORY-032_protected_calibration_stability_scientific_decision_and_product_semantics.json,jira/issues/stories/POST-STORY-032_protected_calibration_stability_scientific_decision_and_product_semantics.md
POST-STORY-033,BAT-83,100083,Story,"[POST-STORY-033] Protected split, judging rule, threshold, candidate, and access seal",POST-EPIC-011,POST-EPIC-011,PHASE-4,P1,BACKLOG,FUNCTIONAL_STARTER,INTEGRATED,PLANNED,false,POST-SUBTASK-078;POST-SUBTASK-084;POST-SUBTASK-090,true,validation-promotion,SHARED_CONTRACT,AGGREGATE_GATE,ACTIONABLE_POST_WAVE,POST_W25,12,0,AC-013;AC-015;AC-017;GAP-008;GAP-009;HANDOFF-006;HANDOFF-007;HANDOFF-009,SRCREF-02071;SRCREF-02072;SRCREF-02073;SRCREF-02074;SRCREF-02075;SRCREF-02076;SRCREF-02077;SRCREF-02078,jira/records/issues/stories/POST-STORY-033_protected_split_judging_rule_threshold_candidate_and_access_seal.json,jira/issues/stories/POST-STORY-033_protected_split_judging_rule_threshold_candidate_and_access_seal.md
POST-STORY-034,BAT-84,100084,Story,[POST-STORY-034] Sealed walk-forward predictions and complete scorecards,POST-EPIC-011,POST-EPIC-011,PHASE-4,P1,BACKLOG,FUNCTIONAL_STARTER,INTEGRATED,PLANNED,false,POST-SUBTASK-099,true,validation-promotion,SHARED_CONTRACT,AGGREGATE_GATE,ACTIONABLE_POST_WAVE,POST_W25,12,0,GAP-008;GAP-009;HANDOFF-006,SRCREF-02071;SRCREF-02072;SRCREF-02073;SRCREF-02074;SRCREF-02075;SRCREF-02076;SRCREF-02077;SRCREF-02078,jira/records/issues/stories/POST-STORY-034_sealed_walk_forward_predictions_and_complete_scorecards.json,jira/issues/stories/POST-STORY-034_sealed_walk_forward_predictions_and_complete_scorecards.md
POST-STORY-035,BAT-85,100085,Story,"[POST-STORY-035] Calibration/robustness gates, A&M/BAS decisions, and champion promotion",POST-EPIC-011,POST-EPIC-011,PHASE-4,P1,BACKLOG,FUNCTIONAL_STARTER,INTEGRATED,PLANNED,false,POST-SUBTASK-087;POST-SUBTASK-096;POST-SUBTASK-102,true,validation-promotion,SHARED_CONTRACT,AGGREGATE_GATE,ACTIONABLE_POST_WAVE,POST_W25,12,0,GAP-008;GAP-009;HANDOFF-006,SRCREF-02071;SRCREF-02072;SRCREF-02073;SRCREF-02074;SRCREF-02075;SRCREF-02076;SRCREF-02077;SRCREF-02078,jira/records/issues/stories/POST-STORY-035_calibration_robustness_gates_a_and_m_bas_decisions_and_champion_promotion.json,jira/issues/stories/POST-STORY-035_calibration_robustness_gates_a_and_m_bas_decisions_and_champion_promotion.md
POST-STORY-036,BAT-86,100086,Story,[POST-STORY-036] Production weekly acquisition-to-prediction chain,POST-EPIC-012,POST-EPIC-012,PHASE-4,P2,BACKLOG,FUNCTIONAL_STARTER,INTEGRATED,PLANNED,false,POST-SUBTASK-024;POST-SUBTASK-105,false,mlops,SHARED_CONTRACT,AGGREGATE_GATE,ACTIONABLE_POST_WAVE,POST_W25,12,0,GAP-012;HANDOFF-010,SRCREF-02079;SRCREF-02080;SRCREF-02081;SRCREF-02082;SRCREF-02083;SRCREF-02084;SRCREF-02001;SRCREF-02002,jira/records/issues/stories/POST-STORY-036_production_weekly_acquisition_to_prediction_chain.json,jira/issues/stories/POST-STORY-036_production_weekly_acquisition_to_prediction_chain.md
POST-STORY-037,BAT-87,100087,Story,"[POST-STORY-037] Governed retraining, promotion, immutable forecasts, and activation",POST-EPIC-012,POST-EPIC-012,PHASE-4,P2,BACKLOG,FUNCTIONAL_STARTER,INTEGRATED,PLANNED,false,POST-SUBTASK-108,false,mlops,SHARED_CONTRACT,AGGREGATE_GATE,ACTIONABLE_POST_WAVE,POST_W25,12,0,GAP-012;HANDOFF-010,SRCREF-02079;SRCREF-02080;SRCREF-02081;SRCREF-02082;SRCREF-02083;SRCREF-02084;SRCREF-02001;SRCREF-02002,jira/records/issues/stories/POST-STORY-037_governed_retraining_promotion_immutable_forecasts_and_activation.json,jira/issues/stories/POST-STORY-037_governed_retraining_promotion_immutable_forecasts_and_activation.md
POST-STORY-038,BAT-88,100088,Story,"[POST-STORY-038] Repeated shadow operation, failure drills, and autonomous readiness",POST-EPIC-012,POST-EPIC-012,PHASE-4,P2,BACKLOG,FUNCTIONAL_STARTER,INTEGRATED,PLANNED,false,POST-SUBTASK-111,false,mlops,SHARED_CONTRACT,AGGREGATE_GATE,ACTIONABLE_POST_WAVE,POST_W25,12,0,GAP-012;HANDOFF-010;HANDOFF-011,SRCREF-02079;SRCREF-02080;SRCREF-02081;SRCREF-02082;SRCREF-02083;SRCREF-02084;SRCREF-02001;SRCREF-02002,jira/records/issues/stories/POST-STORY-038_repeated_shadow_operation_failure_drills_and_autonomous_readiness.json,jira/issues/stories/POST-STORY-038_repeated_shadow_operation_failure_drills_and_autonomous_readiness.md
POST-STORY-039,BAT-89,100089,Story,[POST-STORY-039] Read-only forecast repository and versioned API,POST-EPIC-013,POST-EPIC-013,PHASE-4,P2,BACKLOG,FUNCTIONAL_STARTER,INTEGRATED,PLANNED,false,POST-SUBTASK-111,false,serving-product,SHARED_CONTRACT,AGGREGATE_GATE,ACTIONABLE_POST_WAVE,POST_W25,12,0,GAP-012;HANDOFF-011,SRCREF-02085;SRCREF-02086;SRCREF-02087;SRCREF-02088;SRCREF-02089;SRCREF-02090;SRCREF-02091;SRCREF-02001,jira/records/issues/stories/POST-STORY-039_read_only_forecast_repository_and_versioned_api.json,jira/issues/stories/POST-STORY-039_read_only_forecast_repository_and_versioned_api.md
POST-STORY-040,BAT-90,100090,Story,[POST-STORY-040] Prediction-first dashboard and BAS experience,POST-EPIC-013,POST-EPIC-013,PHASE-4,P2,BACKLOG,FUNCTIONAL_STARTER,INTEGRATED,PLANNED,false,POST-SUBTASK-117,false,serving-product,SHARED_CONTRACT,AGGREGATE_GATE,ACTIONABLE_POST_WAVE,POST_W25,12,0,GAP-012;HANDOFF-009;HANDOFF-011,SRCREF-02085;SRCREF-02086;SRCREF-02087;SRCREF-02088;SRCREF-02089;SRCREF-02090;SRCREF-02091;SRCREF-02001,jira/records/issues/stories/POST-STORY-040_prediction_first_dashboard_and_bas_experience.json,jira/issues/stories/POST-STORY-040_prediction_first_dashboard_and_bas_experience.md
POST-STORY-041,BAT-91,100091,Story,"[POST-STORY-041] Faithful drivers, historical analogs, provenance, and target performance",POST-EPIC-013,POST-EPIC-013,PHASE-4,P2,BACKLOG,FUNCTIONAL_STARTER,INTEGRATED,PLANNED,false,POST-SUBTASK-009;POST-SUBTASK-120,false,serving-product,SHARED_CONTRACT,AGGREGATE_GATE,ACTIONABLE_POST_WAVE,POST_W25,12,0,GAP-001;GAP-012;HANDOFF-011,SRCREF-02085;SRCREF-02086;SRCREF-02087;SRCREF-02088;SRCREF-02089;SRCREF-02090;SRCREF-02091;SRCREF-02001,jira/records/issues/stories/POST-STORY-041_faithful_drivers_historical_analogs_provenance_and_target_performance.json,jira/issues/stories/POST-STORY-041_faithful_drivers_historical_analogs_provenance_and_target_performance.md
POST-STORY-042,BAT-92,100092,Story,"[POST-STORY-042] CI, dependency, secret, license, and supply-chain controls",POST-EPIC-014,POST-EPIC-014,PHASE-4,P2,BACKLOG,FUNCTIONAL_STARTER,INTEGRATED,PLANNED,false,POST-SUBTASK-002,false,operations-security,SHARED_CONTRACT,AGGREGATE_GATE,ACTIONABLE_POST_WAVE,POST_W25,12,0,HANDOFF-012,SRCREF-02092;SRCREF-02093;SRCREF-02094;SRCREF-02095;SRCREF-02096;SRCREF-02097;SRCREF-02098;SRCREF-02001,jira/records/issues/stories/POST-STORY-042_ci_dependency_secret_license_and_supply_chain_controls.json,jira/issues/stories/POST-STORY-042_ci_dependency_secret_license_and_supply_chain_controls.md
POST-STORY-043,BAT-93,100093,Story,"[POST-STORY-043] Structured observability, alerts, drift, and incident response",POST-EPIC-014,POST-EPIC-014,PHASE-4,P2,BACKLOG,FUNCTIONAL_STARTER,INTEGRATED,PLANNED,false,POST-SUBTASK-024;POST-SUBTASK-126,false,operations-security,SHARED_CONTRACT,AGGREGATE_GATE,ACTIONABLE_POST_WAVE,POST_W25,12,0,HANDOFF-012,SRCREF-02092;SRCREF-02093;SRCREF-02094;SRCREF-02095;SRCREF-02096;SRCREF-02097;SRCREF-02098;SRCREF-02001,jira/records/issues/stories/POST-STORY-043_structured_observability_alerts_drift_and_incident_response.json,jira/issues/stories/POST-STORY-043_structured_observability_alerts_drift_and_incident_response.md
POST-STORY-044,BAT-94,100094,Story,"[POST-STORY-044] Rights-aware backup, restore, retention, and disaster recovery",POST-EPIC-014,POST-EPIC-014,PHASE-4,P2,BACKLOG,FUNCTIONAL_STARTER,INTEGRATED,PLANNED,false,POST-SUBTASK-129,false,operations-security,SHARED_CONTRACT,AGGREGATE_GATE,ACTIONABLE_POST_WAVE,POST_W25,12,0,HANDOFF-012,SRCREF-02092;SRCREF-02093;SRCREF-02094;SRCREF-02095;SRCREF-02096;SRCREF-02097;SRCREF-02098;SRCREF-02001,jira/records/issues/stories/POST-STORY-044_rights_aware_backup_restore_retention_and_disaster_recovery.json,jira/issues/stories/POST-STORY-044_rights_aware_backup_restore_retention_and_disaster_recovery.md
POST-STORY-045,BAT-95,100095,Story,"[POST-STORY-045] Final traceability, maturity, gap, risk, and evidence audit",POST-EPIC-015,POST-EPIC-015,PHASE-5,P2,BACKLOG,DESIGN_ONLY,INTEGRATED,PLANNED,false,POST-SUBTASK-105;POST-SUBTASK-114;POST-SUBTASK-123;POST-SUBTASK-132,false,release-readiness,SHARED_CONTRACT,AGGREGATE_GATE,ACTIONABLE_POST_WAVE,POST_W25,11,0,HANDOFF-013;HANDOFF-014,SRCREF-02099;SRCREF-02100;SRCREF-02101;SRCREF-02102;SRCREF-02103;SRCREF-02104;SRCREF-02105;SRCREF-02106,jira/records/issues/stories/POST-STORY-045_final_traceability_maturity_gap_risk_and_evidence_audit.json,jira/issues/stories/POST-STORY-045_final_traceability_maturity_gap_risk_and_evidence_audit.md
POST-STORY-046,BAT-96,100096,Story,[POST-STORY-046] Clean-target real-data release candidate,POST-EPIC-015,POST-EPIC-015,PHASE-5,P2,BACKLOG,DESIGN_ONLY,INTEGRATED,PLANNED,false,POST-SUBTASK-009;POST-SUBTASK-135,false,release-readiness,SHARED_CONTRACT,AGGREGATE_GATE,ACTIONABLE_POST_WAVE,POST_W25,12,0,AC-038;GAP-001;GAP-012;HANDOFF-013;HANDOFF-014,SRCREF-02099;SRCREF-02100;SRCREF-02101;SRCREF-02102;SRCREF-02103;SRCREF-02104;SRCREF-02105;SRCREF-02106,jira/records/issues/stories/POST-STORY-046_clean_target_real_data_release_candidate.json,jira/issues/stories/POST-STORY-046_clean_target_real_data_release_candidate.md
POST-STORY-047,BAT-97,100097,Story,"[POST-STORY-047] Documentation, independent handoff, go-live review, and operating authorization",POST-EPIC-015,POST-EPIC-015,PHASE-5,P2,BACKLOG,DESIGN_ONLY,INTEGRATED,PLANNED,false,POST-SUBTASK-138,false,release-readiness,SHARED_CONTRACT,AGGREGATE_GATE,ACTIONABLE_POST_WAVE,POST_W25,11,0,HANDOFF-011;HANDOFF-012;HANDOFF-013;HANDOFF-014,SRCREF-02099;SRCREF-02100;SRCREF-02101;SRCREF-02102;SRCREF-02103;SRCREF-02104;SRCREF-02105;SRCREF-02106,jira/records/issues/stories/POST-STORY-047_documentation_independent_handoff_go_live_review_and_operating_authorization.json,jira/issues/stories/POST-STORY-047_documentation_independent_handoff_go_live_review_and_operating_authorization.md
POST-STORY-048,BAT-98,100098,Story,"[POST-STORY-048] Advanced challenger proposal, feasibility, and admission",POST-EPIC-016,POST-EPIC-016,PHASE-5,P3,DEFERRED,CONDITIONAL,INTEGRATED,PLANNED,false,POST-SUBTASK-141,false,advanced-challengers,SHARED_CONTRACT,AGGREGATE_GATE,ACTIONABLE_POST_WAVE,POST_W25,12,0,GAP-013;HANDOFF-013;TASK-165;TASK-166;TASK-167;TASK-168,SRCREF-02107;SRCREF-02108;SRCREF-02109;SRCREF-02110;SRCREF-02111;SRCREF-02001;SRCREF-02002;SRCREF-02003,jira/records/issues/stories/POST-STORY-048_advanced_challenger_proposal_feasibility_and_admission.json,jira/issues/stories/POST-STORY-048_advanced_challenger_proposal_feasibility_and_admission.md
POST-STORY-049,BAT-99,100099,Story,"[POST-STORY-049] Bounded implementation, tuning, ablation, and protected admission",POST-EPIC-016,POST-EPIC-016,PHASE-5,P3,DEFERRED,CONDITIONAL,INTEGRATED,PLANNED,false,POST-SUBTASK-144,false,advanced-challengers,SHARED_CONTRACT,AGGREGATE_GATE,ACTIONABLE_POST_WAVE,POST_W25,12,0,GAP-013;HANDOFF-013;TASK-165;TASK-166;TASK-167;TASK-168,SRCREF-02107;SRCREF-02108;SRCREF-02109;SRCREF-02110;SRCREF-02111;SRCREF-02001;SRCREF-02002;SRCREF-02003,jira/records/issues/stories/POST-STORY-049_bounded_implementation_tuning_ablation_and_protected_admission.json,jira/issues/stories/POST-STORY-049_bounded_implementation_tuning_ablation_and_protected_admission.md
POST-STORY-050,BAT-100,100100,Story,[POST-STORY-050] Protected comparison and production disposition,POST-EPIC-016,POST-EPIC-016,PHASE-5,P3,DEFERRED,CONDITIONAL,INTEGRATED,PLANNED,false,POST-SUBTASK-147,false,advanced-challengers,SHARED_CONTRACT,AGGREGATE_GATE,ACTIONABLE_POST_WAVE,POST_W25,12,0,GAP-013;HANDOFF-013;TASK-165;TASK-166;TASK-167;TASK-168,SRCREF-02107;SRCREF-02108;SRCREF-02109;SRCREF-02110;SRCREF-02111;SRCREF-02001;SRCREF-02002;SRCREF-02003,jira/records/issues/stories/POST-STORY-050_protected_comparison_and_production_disposition.json,jira/issues/stories/POST-STORY-050_protected_comparison_and_production_disposition.md
POST-STORY-051,BAT-101,100101,Story,"[POST-STORY-051] Live need, source, rights, latency, cost, and value gate",POST-EPIC-017,POST-EPIC-017,PHASE-5,DEFERRED,DEFERRED,DEFERRED,INTEGRATED,PLANNED,false,POST-SUBTASK-141,false,live-modeling,SHARED_CONTRACT,AGGREGATE_GATE,ACTIONABLE_POST_WAVE,POST_W25,8,0,GAP-014;HANDOFF-014;TASK-169;TASK-170;TASK-171;TASK-172,SRCREF-02112;SRCREF-02113;SRCREF-02114;SRCREF-02115;SRCREF-02001;SRCREF-02002;SRCREF-02003;SRCREF-02004,jira/records/issues/stories/POST-STORY-051_live_need_source_rights_latency_cost_and_value_gate.json,jira/issues/stories/POST-STORY-051_live_need_source_rights_latency_cost_and_value_gate.md
POST-STORY-052,BAT-102,100102,Story,"[POST-STORY-052] Isolated event state, features, models, replay, and latency prototype",POST-EPIC-017,POST-EPIC-017,PHASE-5,DEFERRED,DEFERRED,DEFERRED,INTEGRATED,PLANNED,false,POST-SUBTASK-153,false,live-modeling,SHARED_CONTRACT,AGGREGATE_GATE,ACTIONABLE_POST_WAVE,POST_W25,8,0,GAP-014;HANDOFF-014;TASK-169;TASK-170;TASK-171;TASK-172,SRCREF-02112;SRCREF-02113;SRCREF-02114;SRCREF-02115;SRCREF-02001;SRCREF-02002;SRCREF-02003;SRCREF-02004,jira/records/issues/stories/POST-STORY-052_isolated_event_state_features_models_replay_and_latency_prototype.json,jira/issues/stories/POST-STORY-052_isolated_event_state_features_models_replay_and_latency_prototype.md
POST-STORY-053,BAT-103,100103,Story,"[POST-STORY-053] Separate protected evaluation, product integration, and operating authorization",POST-EPIC-017,POST-EPIC-017,PHASE-5,DEFERRED,DEFERRED,DEFERRED,INTEGRATED,PLANNED,false,POST-SUBTASK-156,false,live-modeling,SHARED_CONTRACT,AGGREGATE_GATE,ACTIONABLE_POST_WAVE,POST_W25,8,0,GAP-014;HANDOFF-014;TASK-169;TASK-170;TASK-171;TASK-172,SRCREF-02112;SRCREF-02113;SRCREF-02114;SRCREF-02115;SRCREF-02001;SRCREF-02002;SRCREF-02003;SRCREF-02004,jira/records/issues/stories/POST-STORY-053_separate_protected_evaluation_product_integration_and_operating_authorization.json,jira/issues/stories/POST-STORY-053_separate_protected_evaluation_product_integration_and_operating_authorization.md
POST-SUBTASK-001,BAT-351,100305,Subtask,"[POST-SUBTASK-001] Verify W25 repository identity, manifests, and no-Wave-26 state",POST-STORY-001,POST-EPIC-001,PHASE-4,P0,DONE,FUNCTIONAL_STARTER,IMPLEMENTED,VERIFIED,false,,true,operations-security,PROTECTED_GATE,ATOMIC_EXECUTION,ACTIONABLE_POST_WAVE,POST_W25,11,0,GAP-001;HANDOFF-001,SRCREF-01994;SRCREF-01995;SRCREF-01996;SRCREF-01997;SRCREF-01998;SRCREF-01999;SRCREF-02000;SRCREF-02001,jira/records/issues/subtasks/POST-SUBTASK-001_verify_w25_repository_identity_manifests_and_no_wave_26_state.json,jira/issues/subtasks/POST-SUBTASK-001_verify_w25_repository_identity_manifests_and_no_wave_26_state.md
POST-SUBTASK-002,BAT-352,100306,Subtask,[POST-SUBTASK-002] Run the full unit and governance validator suite on the target host,POST-STORY-001,POST-EPIC-001,PHASE-4,P0,DONE,FUNCTIONAL_STARTER,IMPLEMENTED,VERIFIED,false,POST-SUBTASK-001,true,operations-security,OPERATIONS,ATOMIC_EXECUTION,ACTIONABLE_POST_WAVE,POST_W25,11,0,GAP-001;HANDOFF-001,SRCREF-01994;SRCREF-01995;SRCREF-01996;SRCREF-01997;SRCREF-01998;SRCREF-01999;SRCREF-02000;SRCREF-02001,jira/records/issues/subtasks/POST-SUBTASK-002_run_the_full_unit_and_governance_validator_suite_on_the_target_host.json,jira/issues/subtasks/POST-SUBTASK-002_run_the_full_unit_and_governance_validator_suite_on_the_target_host.md
POST-SUBTASK-003,BAT-353,100307,Subtask,[POST-SUBTASK-003] Capture the authoritative target runtime and dependency manifest,POST-STORY-001,POST-EPIC-001,PHASE-4,P0,DONE,FUNCTIONAL_STARTER,INTEGRATED,VERIFIED,false,POST-SUBTASK-001;POST-SUBTASK-002,true,operations-security,OPERATIONS,ATOMIC_EXECUTION,ACTIONABLE_POST_WAVE,POST_W25,12,0,GAP-001;HANDOFF-001,SRCREF-01994;SRCREF-01995;SRCREF-01996;SRCREF-01997;SRCREF-01998;SRCREF-01999;SRCREF-02000;SRCREF-02001,jira/records/issues/subtasks/POST-SUBTASK-003_capture_the_authoritative_target_runtime_and_dependency_manifest.json,jira/issues/subtasks/POST-SUBTASK-003_capture_the_authoritative_target_runtime_and_dependency_manifest.md
POST-SUBTASK-004,BAT-354,100308,Subtask,[POST-SUBTASK-004] Configure AGGIE_ANALYTICS_DATA_ROOT and artifact roots outside the repository,POST-STORY-002,POST-EPIC-001,PHASE-4,P0,DONE,FUNCTIONAL_STARTER,IMPLEMENTED,VERIFIED,false,POST-SUBTASK-001,false,operations-security,OPERATIONS,ATOMIC_EXECUTION,ACTIONABLE_POST_WAVE,POST_W25,12,4,GAP-001;GAP-010;HANDOFF-001;HANDOFF-002,SRCREF-01994;SRCREF-01995;SRCREF-01996;SRCREF-01997;SRCREF-01998;SRCREF-01999;SRCREF-02000;SRCREF-02001,jira/records/issues/subtasks/POST-SUBTASK-004_configure_aggie_analytics_data_root_and_artifact_roots_outside_the_repository.json,jira/issues/subtasks/POST-SUBTASK-004_configure_aggie_analytics_data_root_and_artifact_roots_outside_the_repository.md
POST-SUBTASK-005,BAT-355,100309,Subtask,[POST-SUBTASK-005] Define and validate the non-repository credential inventory and redaction rules,POST-STORY-002,POST-EPIC-001,PHASE-4,P0,DONE,FUNCTIONAL_STARTER,IMPLEMENTED,VERIFIED,false,POST-SUBTASK-001;POST-SUBTASK-004,false,operations-security,PROTECTED_GATE,ATOMIC_EXECUTION,ACTIONABLE_POST_WAVE,POST_W25,10,1,GAP-001;GAP-010;HANDOFF-001;HANDOFF-002,SRCREF-01994;SRCREF-01995;SRCREF-01996;SRCREF-01997;SRCREF-01998;SRCREF-01999;SRCREF-02000;SRCREF-02001,jira/records/issues/subtasks/POST-SUBTASK-005_define_and_validate_the_non_repository_credential_inventory_and_redaction_rules.json,jira/issues/subtasks/POST-SUBTASK-005_define_and_validate_the_non_repository_credential_inventory_and_redaction_rules.md
POST-SUBTASK-006,BAT-356,100310,Subtask,"[POST-SUBTASK-006] Validate target storage permissions, free space, atomic writes, and quarantine behavior",POST-STORY-002,POST-EPIC-001,PHASE-4,P0,DONE,FUNCTIONAL_STARTER,INTEGRATED,VERIFIED,false,POST-SUBTASK-001;POST-SUBTASK-004;POST-SUBTASK-005,false,operations-security,OPERATIONS,ATOMIC_EXECUTION,ACTIONABLE_POST_WAVE,POST_W25,11,0,GAP-001;GAP-010;HANDOFF-001;HANDOFF-002,SRCREF-01994;SRCREF-01995;SRCREF-01996;SRCREF-01997;SRCREF-01998;SRCREF-01999;SRCREF-02000;SRCREF-02001,jira/records/issues/subtasks/POST-SUBTASK-006_validate_target_storage_permissions_free_space_atomic_writes_and_quarantine_beha.json,jira/issues/subtasks/POST-SUBTASK-006_validate_target_storage_permissions_free_space_atomic_writes_and_quarantine_beha.md
POST-SUBTASK-007,BAT-357,100311,Subtask,[POST-SUBTASK-007] Stage the representative AC-038 workload and benchmark input manifest,POST-STORY-003,POST-EPIC-001,PHASE-4,P0,DONE,FUNCTIONAL_STARTER,IMPLEMENTED,VERIFIED,false,POST-SUBTASK-002;POST-SUBTASK-006,true,operations-security,PROTECTED_GATE,ATOMIC_EXECUTION,ACTIONABLE_POST_WAVE,POST_W25,13,0,AC-038;GAP-001;HANDOFF-001;TASK-161,SRCREF-01994;SRCREF-01995;SRCREF-01996;SRCREF-01997;SRCREF-01998;SRCREF-01999;SRCREF-02000;SRCREF-02001,jira/records/issues/subtasks/POST-SUBTASK-007_stage_the_representative_ac_038_workload_and_benchmark_input_manifest.json,jira/issues/subtasks/POST-SUBTASK-007_stage_the_representative_ac_038_workload_and_benchmark_input_manifest.md
POST-SUBTASK-008,BAT-358,100312,Subtask,[POST-SUBTASK-008] Run scripts/benchmark_target.ps1 on the declared Windows/Ryzen 7 HX/32 GB/RTX 5060/NVMe target,POST-STORY-003,POST-EPIC-001,PHASE-4,P0,DONE,FUNCTIONAL_STARTER,EMPIRICALLY_VALIDATED,VERIFIED,false,POST-SUBTASK-002;POST-SUBTASK-006;POST-SUBTASK-007,true,operations-security,PROTECTED_GATE,ATOMIC_EXECUTION,ACTIONABLE_POST_WAVE,POST_W25,13,0,AC-038;GAP-001;HANDOFF-001;TASK-161;THR-011;THR-012,SRCREF-01994;SRCREF-01995;SRCREF-01996;SRCREF-01997;SRCREF-01998;SRCREF-01999;SRCREF-02000;SRCREF-02001,jira/records/issues/subtasks/POST-SUBTASK-008_run_scripts_benchmark_target_ps1_on_the_declared_windows_ryzen_7_hx_32_gb_rtx_50.json,jira/issues/subtasks/POST-SUBTASK-008_run_scripts_benchmark_target_ps1_on_the_declared_windows_ryzen_7_hx_32_gb_rtx_50.md
POST-SUBTASK-009,BAT-359,100313,Subtask,[POST-SUBTASK-009] Govern THR-011 and THR-012 values and clear or retain the W23 local-production gate,POST-STORY-003,POST-EPIC-001,PHASE-4,P0,BLOCKED,FUNCTIONAL_STARTER,PRODUCTION_READY,PARTIAL,false,POST-SUBTASK-002;POST-SUBTASK-006;POST-SUBTASK-007;POST-SUBTASK-008,true,operations-security,PROTECTED_GATE,ATOMIC_EXECUTION,ACTIONABLE_POST_WAVE,POST_W25,14,1,AC-038;GAP-001;HANDOFF-001;ISSUE-113;TASK-163;THR-011;THR-012,SRCREF-01994;SRCREF-01995;SRCREF-01996;SRCREF-01997;SRCREF-01998;SRCREF-01999;SRCREF-02000;SRCREF-02001,jira/records/issues/subtasks/POST-SUBTASK-009_govern_thr_011_and_thr_012_values_and_clear_or_retain_the_w23_local_production_g.json,jira/issues/subtasks/POST-SUBTASK-009_govern_thr_011_and_thr_012_values_and_clear_or_retain_the_w23_local_production_g.md
POST-SUBTASK-010,BAT-360,100314,Subtask,[POST-SUBTASK-010] Measure safe local worktree and pipeline concurrency under target resource limits,POST-STORY-004,POST-EPIC-001,PHASE-4,P0,BLOCKED,FUNCTIONAL_STARTER,IMPLEMENTED,PLANNED,false,POST-SUBTASK-009,false,operations-security,OPERATIONS,ATOMIC_EXECUTION,ACTIONABLE_POST_WAVE,POST_W25,11,0,GAP-001;HANDOFF-001,SRCREF-01994;SRCREF-01995;SRCREF-01996;SRCREF-01997;SRCREF-01998;SRCREF-01999;SRCREF-02000;SRCREF-02001,jira/records/issues/subtasks/POST-SUBTASK-010_measure_safe_local_worktree_and_pipeline_concurrency_under_target_resource_limit.json,jira/issues/subtasks/POST-SUBTASK-010_measure_safe_local_worktree_and_pipeline_concurrency_under_target_resource_limit.md
POST-SUBTASK-011,BAT-361,100315,Subtask,[POST-SUBTASK-011] Measure disk growth and define evidence-backed artifact retention budgets,POST-STORY-004,POST-EPIC-001,PHASE-4,P0,BLOCKED,FUNCTIONAL_STARTER,IMPLEMENTED,PLANNED,false,POST-SUBTASK-009;POST-SUBTASK-010,false,operations-security,OPERATIONS,ATOMIC_EXECUTION,ACTIONABLE_POST_WAVE,POST_W25,10,1,GAP-001;HANDOFF-001,SRCREF-01994;SRCREF-01995;SRCREF-01996;SRCREF-01997;SRCREF-01998;SRCREF-01999;SRCREF-02000;SRCREF-02001,jira/records/issues/subtasks/POST-SUBTASK-011_measure_disk_growth_and_define_evidence_backed_artifact_retention_budgets.json,jira/issues/subtasks/POST-SUBTASK-011_measure_disk_growth_and_define_evidence_backed_artifact_retention_budgets.md
POST-SUBTASK-012,BAT-362,100316,Subtask,[POST-SUBTASK-012] Implement and test resource stop conditions and graceful degradation,POST-STORY-004,POST-EPIC-001,PHASE-4,P0,BLOCKED,FUNCTIONAL_STARTER,OPERATING,PLANNED,false,POST-SUBTASK-009;POST-SUBTASK-010;POST-SUBTASK-011,false,operations-security,OPERATIONS,ATOMIC_EXECUTION,ACTIONABLE_POST_WAVE,POST_W25,11,1,GAP-001;HANDOFF-001,SRCREF-01994;SRCREF-01995;SRCREF-01996;SRCREF-01997;SRCREF-01998;SRCREF-01999;SRCREF-02000;SRCREF-02001,jira/records/issues/subtasks/POST-SUBTASK-012_implement_and_test_resource_stop_conditions_and_graceful_degradation.json,jira/issues/subtasks/POST-SUBTASK-012_implement_and_test_resource_stop_conditions_and_graceful_degradation.md
POST-SUBTASK-013,BAT-363,100317,Subtask,[POST-SUBTASK-013] Reconcile W06 source inventory with W24 refresh and current handoff gaps,POST-STORY-005,POST-EPIC-002,PHASE-1,P0,DONE,CONTRACT_DEFINED,IMPLEMENTED,VERIFIED,false,,true,data-sources,RESEARCH_LANE,ATOMIC_EXECUTION,ACTIONABLE_POST_WAVE,POST_W25,11,0,GAP-010;HANDOFF-002;HANDOFF-012,SRCREF-02007;SRCREF-02008;SRCREF-02009;SRCREF-02010;SRCREF-02011;SRCREF-02012;SRCREF-02001;SRCREF-02002,jira/records/issues/subtasks/POST-SUBTASK-013_reconcile_w06_source_inventory_with_w24_refresh_and_current_handoff_gaps.json,jira/issues/subtasks/POST-SUBTASK-013_reconcile_w06_source_inventory_with_w24_refresh_and_current_handoff_gaps.md
POST-SUBTASK-014,BAT-364,100318,Subtask,"[POST-SUBTASK-014] Freeze source priority, fallback, and required-versus-optional classifications",POST-STORY-005,POST-EPIC-002,PHASE-1,P0,DONE,CONTRACT_DEFINED,IMPLEMENTED,VERIFIED,false,POST-SUBTASK-013,true,data-sources,SHARED_CONTRACT,ATOMIC_EXECUTION,ACTIONABLE_POST_WAVE,POST_W25,11,0,GAP-010;GAP-011;HANDOFF-002;HANDOFF-012;ISSUE-012,SRCREF-02007;SRCREF-02008;SRCREF-02009;SRCREF-02010;SRCREF-02011;SRCREF-02012;SRCREF-02001;SRCREF-02002,jira/records/issues/subtasks/POST-SUBTASK-014_freeze_source_priority_fallback_and_required_versus_optional_classifications.json,jira/issues/subtasks/POST-SUBTASK-014_freeze_source_priority_fallback_and_required_versus_optional_classifications.md
POST-SUBTASK-015,BAT-365,100319,Subtask,[POST-SUBTASK-015] Validate source inventory completeness and unresolved decision coverage,POST-STORY-005,POST-EPIC-002,PHASE-1,P0,DONE,CONTRACT_DEFINED,CONTRACT_DEFINED,VERIFIED,false,POST-SUBTASK-013;POST-SUBTASK-014,true,data-sources,PROTECTED_GATE,ATOMIC_EXECUTION,ACTIONABLE_POST_WAVE,POST_W25,11,0,GAP-010;HANDOFF-002;HANDOFF-012,SRCREF-02007;SRCREF-02008;SRCREF-02009;SRCREF-02010;SRCREF-02011;SRCREF-02012;SRCREF-02001;SRCREF-02002,jira/records/issues/subtasks/POST-SUBTASK-015_validate_source_inventory_completeness_and_unresolved_decision_coverage.json,jira/issues/subtasks/POST-SUBTASK-015_validate_source_inventory_completeness_and_unresolved_decision_coverage.md
POST-SUBTASK-016,BAT-366,100320,Subtask,"[POST-SUBTASK-016] Reissue CFBD, SportsDataverse, Open-Meteo, and official A&M/SEC/NCAA decisions under private-research policy",POST-STORY-006,POST-EPIC-002,PHASE-1,P0,DONE,CONTRACT_DEFINED,IMPLEMENTED,VERIFIED,false,POST-SUBTASK-015,true,data-sources,PROTECTED_GATE,ATOMIC_EXECUTION,ACTIONABLE_POST_WAVE,POST_W25,11,0,GAP-010;HANDOFF-002;HANDOFF-012;ISSUE-028,SRCREF-02007;SRCREF-02008;SRCREF-02009;SRCREF-02010;SRCREF-02011;SRCREF-02012;SRCREF-02001;SRCREF-02002,jira/records/issues/subtasks/POST-SUBTASK-016_complete_rights_review_for_cfbd_sportsdataverse_open_meteo_and_official_a_and_m_.json,jira/issues/subtasks/POST-SUBTASK-016_complete_rights_review_for_cfbd_sportsdataverse_open_meteo_and_official_a_and_m_.md
POST-SUBTASK-017,BAT-367,100321,Subtask,"[POST-SUBTASK-017] Reissue recruiting, transfer, market, resources, gamebook, and officiating decisions under private-research policy",POST-STORY-006,POST-EPIC-002,PHASE-1,P0,DONE,CONTRACT_DEFINED,IMPLEMENTED,VERIFIED,false,POST-SUBTASK-015;POST-SUBTASK-016,true,data-sources,PROTECTED_GATE,ATOMIC_EXECUTION,ACTIONABLE_POST_WAVE,POST_W25,11,0,GAP-010;GAP-011;HANDOFF-002;HANDOFF-012;ISSUE-023;ISSUE-025;ISSUE-081,SRCREF-02007;SRCREF-02008;SRCREF-02009;SRCREF-02010;SRCREF-02011;SRCREF-02012;SRCREF-02001;SRCREF-02002,jira/records/issues/subtasks/POST-SUBTASK-017_complete_rights_review_for_recruiting_transfer_market_resources_gamebook_and_off.json,jira/issues/subtasks/POST-SUBTASK-017_complete_rights_review_for_recruiting_transfer_market_resources_gamebook_and_off.md
POST-SUBTASK-018,BAT-368,100322,Subtask,[POST-SUBTASK-018] Publish the private-research source-use matrix and block raw third-party publication,POST-STORY-006,POST-EPIC-002,PHASE-1,P0,DONE,CONTRACT_DEFINED,INTEGRATED,VERIFIED,false,POST-SUBTASK-015;POST-SUBTASK-016;POST-SUBTASK-017,true,data-sources,SHARED_CONTRACT,ATOMIC_EXECUTION,ACTIONABLE_POST_WAVE,POST_W25,13,3,GAP-010;HANDOFF-002;HANDOFF-012,SRCREF-02007;SRCREF-02008;SRCREF-02009;SRCREF-02010;SRCREF-02011;SRCREF-02012;SRCREF-02001;SRCREF-02002,jira/records/issues/subtasks/POST-SUBTASK-018_publish_the_approved_source_rights_matrix_and_block_disallowed_acquisition_expor.json,jira/issues/subtasks/POST-SUBTASK-018_publish_the_approved_source_rights_matrix_and_block_disallowed_acquisition_expor.md
POST-SUBTASK-019,BAT-369,100323,Subtask,"[POST-SUBTASK-019] Define credential names, scopes, owners, rotation, and non-repository storage contract",POST-STORY-007,POST-EPIC-002,PHASE-1,P0,DONE,CONTRACT_DEFINED,IMPLEMENTED,VERIFIED,false,POST-SUBTASK-015,true,data-sources,PROTECTED_GATE,ATOMIC_EXECUTION,ACTIONABLE_POST_WAVE,POST_W25,11,1,GAP-010;HANDOFF-002;HANDOFF-012;ISSUE-003;ISSUE-004,SRCREF-02007;SRCREF-02008;SRCREF-02009;SRCREF-02010;SRCREF-02011;SRCREF-02012;SRCREF-02001;SRCREF-02002,jira/records/issues/subtasks/POST-SUBTASK-019_define_credential_names_scopes_owners_rotation_and_non_repository_storage_contra.json,jira/issues/subtasks/POST-SUBTASK-019_define_credential_names_scopes_owners_rotation_and_non_repository_storage_contra.md
POST-SUBTASK-020,BAT-370,100324,Subtask,[POST-SUBTASK-020] Run authenticated and no-key source access smoke tests with rate-limit capture,POST-STORY-007,POST-EPIC-002,PHASE-1,P0,DONE,CONTRACT_DEFINED,IMPLEMENTED,VERIFIED,false,POST-SUBTASK-015;POST-SUBTASK-019,true,data-sources,DATA_MATERIALIZATION,ATOMIC_EXECUTION,ACTIONABLE_POST_WAVE,POST_W25,11,0,GAP-010;HANDOFF-002;HANDOFF-012;ISSUE-003;ISSUE-004,SRCREF-02007;SRCREF-02008;SRCREF-02009;SRCREF-02010;SRCREF-02011;SRCREF-02012;SRCREF-02001;SRCREF-02002,jira/records/issues/subtasks/POST-SUBTASK-020_run_authenticated_and_no_key_source_access_smoke_tests_with_rate_limit_capture.json,jira/issues/subtasks/POST-SUBTASK-020_run_authenticated_and_no_key_source_access_smoke_tests_with_rate_limit_capture.md
POST-SUBTASK-021,BAT-371,100325,Subtask,[POST-SUBTASK-021] Validate access readiness and generate source-specific unblock conditions,POST-STORY-007,POST-EPIC-002,PHASE-1,P0,DONE,CONTRACT_DEFINED,INTEGRATED,VERIFIED,false,POST-SUBTASK-015;POST-SUBTASK-019;POST-SUBTASK-020,true,data-sources,PROTECTED_GATE,ATOMIC_EXECUTION,ACTIONABLE_POST_WAVE,POST_W25,11,0,GAP-010;HANDOFF-002;HANDOFF-012;ISSUE-003;ISSUE-004,SRCREF-02007;SRCREF-02008;SRCREF-02009;SRCREF-02010;SRCREF-02011;SRCREF-02012;SRCREF-02001;SRCREF-02002,jira/records/issues/subtasks/POST-SUBTASK-021_validate_access_readiness_and_generate_source_specific_unblock_conditions.json,jira/issues/subtasks/POST-SUBTASK-021_validate_access_readiness_and_generate_source_specific_unblock_conditions.md
POST-SUBTASK-022,BAT-372,100326,Subtask,"[POST-SUBTASK-022] Create source-specific endpoint, parameter, pagination, season, and version acquisition specifications",POST-STORY-008,POST-EPIC-002,PHASE-1,P0,DONE,CONTRACT_DEFINED,IMPLEMENTED,VERIFIED,false,POST-SUBTASK-018;POST-SUBTASK-021,false,data-sources,SHARED_CONTRACT,ATOMIC_EXECUTION,ACTIONABLE_POST_WAVE,POST_W25,11,1,GAP-010;HANDOFF-002;HANDOFF-003;HANDOFF-012,SRCREF-02007;SRCREF-02008;SRCREF-02009;SRCREF-02010;SRCREF-02011;SRCREF-02012;SRCREF-02001;SRCREF-02002,jira/records/issues/subtasks/POST-SUBTASK-022_create_source_specific_endpoint_parameter_pagination_season_and_version_acquisit.json,jira/issues/subtasks/POST-SUBTASK-022_create_source_specific_endpoint_parameter_pagination_season_and_version_acquisit.md
POST-SUBTASK-023,BAT-373,100327,Subtask,"[POST-SUBTASK-023] Implement compliant retries, caching, rate-limit handling, and fallback activation",POST-STORY-008,POST-EPIC-002,PHASE-1,P0,DONE,CONTRACT_DEFINED,IMPLEMENTED,VERIFIED,false,POST-SUBTASK-018;POST-SUBTASK-021;POST-SUBTASK-022,false,data-sources,DATA_MATERIALIZATION,ATOMIC_EXECUTION,ACTIONABLE_POST_WAVE,POST_W25,12,3,GAP-010;HANDOFF-002;HANDOFF-003;HANDOFF-012,SRCREF-02007;SRCREF-02008;SRCREF-02009;SRCREF-02010;SRCREF-02011;SRCREF-02012;SRCREF-02001;SRCREF-02002,jira/records/issues/subtasks/POST-SUBTASK-023_implement_compliant_retries_caching_rate_limit_handling_and_fallback_activation.json,jira/issues/subtasks/POST-SUBTASK-023_implement_compliant_retries_caching_rate_limit_handling_and_fallback_activation.md
POST-SUBTASK-024,BAT-374,100328,Subtask,[POST-SUBTASK-024] Establish source API/schema/terms drift baselines and monitoring inputs,POST-STORY-008,POST-EPIC-002,PHASE-1,P0,READY,CONTRACT_DEFINED,OPERATING,PLANNED,true,POST-SUBTASK-018;POST-SUBTASK-021;POST-SUBTASK-022;POST-SUBTASK-023,false,data-sources,OPERATIONS,ATOMIC_EXECUTION,ACTIONABLE_POST_WAVE,POST_W25,13,1,GAP-010;HANDOFF-002;HANDOFF-003;HANDOFF-012;ISSUE-002;ISSUE-028,SRCREF-02007;SRCREF-02008;SRCREF-02009;SRCREF-02010;SRCREF-02011;SRCREF-02012;SRCREF-02001;SRCREF-02002,jira/records/issues/subtasks/POST-SUBTASK-024_establish_source_api_schema_terms_drift_baselines_and_monitoring_inputs.json,jira/issues/subtasks/POST-SUBTASK-024_establish_source_api_schema_terms_drift_baselines_and_monitoring_inputs.md
POST-SUBTASK-025,BAT-375,100329,Subtask,"[POST-SUBTASK-025] Acquire quality-supported national team, schedule, game, score, drive, play, box-score, and gamebook history",POST-STORY-009,POST-EPIC-003,PHASE-1,P0,DONE,SCAFFOLD,IMPLEMENTED,VERIFIED,false,POST-SUBTASK-006;POST-SUBTASK-018;POST-SUBTASK-021;POST-SUBTASK-022,true,raw-snapshots,DATA_MATERIALIZATION,ATOMIC_EXECUTION,ACTIONABLE_POST_WAVE,POST_W25,11,0,GAP-002;HANDOFF-003,SRCREF-02013;SRCREF-02014;SRCREF-02015;SRCREF-02016;SRCREF-02017;SRCREF-02018;SRCREF-02001;SRCREF-02002,jira/records/issues/subtasks/POST-SUBTASK-025_acquire_approved_national_team_schedule_game_score_drive_play_box_score_and_game.json,jira/issues/subtasks/POST-SUBTASK-025_acquire_approved_national_team_schedule_game_score_drive_play_box_score_and_game.md
POST-SUBTASK-026,BAT-376,100330,Subtask,[POST-SUBTASK-026] Normalize and reconcile core/game-event records while preserving immutable source evidence,POST-STORY-009,POST-EPIC-003,PHASE-1,P0,DONE,SCAFFOLD,EMPIRICALLY_VALIDATED,VERIFIED,false,POST-SUBTASK-006;POST-SUBTASK-018;POST-SUBTASK-021;POST-SUBTASK-022;POST-SUBTASK-025,true,raw-snapshots,DATA_MATERIALIZATION,ATOMIC_EXECUTION,ACTIONABLE_POST_WAVE,POST_W25,11,0,GAP-002;HANDOFF-003,SRCREF-02013;SRCREF-02014;SRCREF-02015;SRCREF-02016;SRCREF-02017;SRCREF-02018;SRCREF-02001;SRCREF-02002,jira/records/issues/subtasks/POST-SUBTASK-026_normalize_and_reconcile_core_game_event_records_while_preserving_immutable_sourc.json,jira/issues/subtasks/POST-SUBTASK-026_normalize_and_reconcile_core_game_event_records_while_preserving_immutable_sourc.md
POST-SUBTASK-027,BAT-377,100331,Subtask,[POST-SUBTASK-027] Approve or block the population-level core-history coverage gate,POST-STORY-009,POST-EPIC-003,PHASE-1,P0,DONE,SCAFFOLD,PRODUCTION_READY,VERIFIED,false,POST-SUBTASK-006;POST-SUBTASK-018;POST-SUBTASK-021;POST-SUBTASK-022;POST-SUBTASK-025;POST-SUBTASK-026,true,raw-snapshots,PROTECTED_GATE,ATOMIC_EXECUTION,ACTIONABLE_POST_WAVE,POST_W25,11,0,GAP-002;HANDOFF-003,SRCREF-02013;SRCREF-02014;SRCREF-02015;SRCREF-02016;SRCREF-02017;SRCREF-02018;SRCREF-02001;SRCREF-02002,jira/records/issues/subtasks/POST-SUBTASK-027_approve_or_block_the_population_level_core_history_coverage_gate.json,jira/issues/subtasks/POST-SUBTASK-027_approve_or_block_the_population_level_core_history_coverage_gate.md
POST-SUBTASK-028,BAT-378,100332,Subtask,[POST-SUBTASK-028] Expand immutable national core and supporting-domain history to the maximum quality-supported seasons,POST-STORY-010,POST-EPIC-003,PHASE-1,P0,DONE,SCAFFOLD,IMPLEMENTED,VERIFIED,false,POST-SUBTASK-027,true,raw-snapshots,DATA_MATERIALIZATION,ATOMIC_EXECUTION,ACTIONABLE_POST_WAVE,POST_W25,11,0,GAP-002;GAP-006;GAP-010;GAP-011;HANDOFF-003;HANDOFF-008,SRCREF-02013;SRCREF-02014;SRCREF-02015;SRCREF-02016;SRCREF-02017;SRCREF-02018;SRCREF-02001;SRCREF-02002,jira/records/issues/subtasks/POST-SUBTASK-028_acquire_timestamped_roster_depth_participation_injury_recruiting_transfer_coachi.json,jira/issues/subtasks/POST-SUBTASK-028_acquire_timestamped_roster_depth_participation_injury_recruiting_transfer_coachi.md
POST-SUBTASK-029,BAT-379,100333,Subtask,"[POST-SUBTASK-029] Profile supporting-domain schema, historical coverage, timestamp quality, upstream lineage, and nonblocking source-policy metadata",POST-STORY-010,POST-EPIC-003,PHASE-1,P0,DONE,SCAFFOLD,EMPIRICALLY_VALIDATED,VERIFIED,false,POST-SUBTASK-027;POST-SUBTASK-028,true,raw-snapshots,DATA_MATERIALIZATION,ATOMIC_EXECUTION,ACTIONABLE_POST_WAVE,POST_W25,11,0,GAP-002;GAP-006;GAP-010;GAP-011;HANDOFF-003;HANDOFF-008,SRCREF-02013;SRCREF-02014;SRCREF-02015;SRCREF-02016;SRCREF-02017;SRCREF-02018;SRCREF-02001;SRCREF-02002,jira/records/issues/subtasks/POST-SUBTASK-029_profile_supporting_domain_schema_historical_coverage_timestamp_quality_upstream_.json,jira/issues/subtasks/POST-SUBTASK-029_profile_supporting_domain_schema_historical_coverage_timestamp_quality_upstream_.md
POST-SUBTASK-030,BAT-380,100334,Subtask,"[POST-SUBTASK-030] Gate domain-by-domain production, experimental, conditional, rejected, or unavailable eligibility",POST-STORY-010,POST-EPIC-003,PHASE-1,P0,DONE,SCAFFOLD,PRODUCTION_READY,VERIFIED,false,POST-SUBTASK-027;POST-SUBTASK-028;POST-SUBTASK-029,true,raw-snapshots,PROTECTED_GATE,ATOMIC_EXECUTION,ACTIONABLE_POST_WAVE,POST_W25,11,0,GAP-002;GAP-006;GAP-010;GAP-011;HANDOFF-003;HANDOFF-008,SRCREF-02013;SRCREF-02014;SRCREF-02015;SRCREF-02016;SRCREF-02017;SRCREF-02018;SRCREF-02001;SRCREF-02002,jira/records/issues/subtasks/POST-SUBTASK-030_approve_domain_by_domain_production_experimental_conditional_rejected_or_banned_.json,jira/issues/subtasks/POST-SUBTASK-030_approve_domain_by_domain_production_experimental_conditional_rejected_or_banned_.md
POST-SUBTASK-031,BAT-381,100335,Subtask,"[POST-SUBTASK-031] Enforce content-addressed raw snapshots, correction lineage, quarantine, and source-policy storage metadata",POST-STORY-011,POST-EPIC-003,PHASE-1,P0,DONE,SCAFFOLD,IMPLEMENTED,VERIFIED,false,POST-SUBTASK-027;POST-SUBTASK-030,true,raw-snapshots,SHARED_CONTRACT,ATOMIC_EXECUTION,ACTIONABLE_POST_WAVE,POST_W25,11,2,GAP-002;HANDOFF-003,SRCREF-02013;SRCREF-02014;SRCREF-02015;SRCREF-02016;SRCREF-02017;SRCREF-02018;SRCREF-02001;SRCREF-02002,jira/records/issues/subtasks/POST-SUBTASK-031_enforce_content_addressed_raw_snapshots_correction_lineage_quarantine_and_source.json,jira/issues/subtasks/POST-SUBTASK-031_enforce_content_addressed_raw_snapshots_correction_lineage_quarantine_and_source.md
POST-SUBTASK-032,BAT-382,100336,Subtask,"[POST-SUBTASK-032] Build the cross-domain acquisition, schema, quality, and source-to-snapshot provenance manifests",POST-STORY-011,POST-EPIC-003,PHASE-1,P0,IN_PROGRESS,SCAFFOLD,EMPIRICALLY_VALIDATED,PLANNED,true,POST-SUBTASK-027;POST-SUBTASK-030;POST-SUBTASK-031,true,raw-snapshots,DATA_MATERIALIZATION,ATOMIC_EXECUTION,ACTIONABLE_POST_WAVE,POST_W25,11,0,GAP-002;HANDOFF-003,SRCREF-02013;SRCREF-02014;SRCREF-02015;SRCREF-02016;SRCREF-02017;SRCREF-02018;SRCREF-02001;SRCREF-02002,jira/records/issues/subtasks/POST-SUBTASK-032_build_the_cross_domain_acquisition_schema_quality_and_source_to_snapshot_provena.json,jira/issues/subtasks/POST-SUBTASK-032_build_the_cross_domain_acquisition_schema_quality_and_source_to_snapshot_provena.md
POST-SUBTASK-033,BAT-383,100337,Subtask,[POST-SUBTASK-033] Run and publish the national historical-lake readiness decision,POST-STORY-011,POST-EPIC-003,PHASE-1,P0,BLOCKED,SCAFFOLD,PRODUCTION_READY,PLANNED,false,POST-SUBTASK-027;POST-SUBTASK-030;POST-SUBTASK-031;POST-SUBTASK-032,true,raw-snapshots,PROTECTED_GATE,ATOMIC_EXECUTION,ACTIONABLE_POST_WAVE,POST_W25,11,0,GAP-002;HANDOFF-003,SRCREF-02013;SRCREF-02014;SRCREF-02015;SRCREF-02016;SRCREF-02017;SRCREF-02018;SRCREF-02001;SRCREF-02002,jira/records/issues/subtasks/POST-SUBTASK-033_run_and_publish_the_national_historical_lake_readiness_decision.json,jira/issues/subtasks/POST-SUBTASK-033_run_and_publish_the_national_historical_lake_readiness_decision.md
POST-SUBTASK-034,BAT-384,100338,Subtask,"[POST-SUBTASK-034] Profile every materialized table for rows, types, nulls, uniqueness, ranges, duplicates, timestamps, and partitions",POST-STORY-012,POST-EPIC-004,PHASE-1,P0,BLOCKED,FUNCTIONAL_STARTER,IMPLEMENTED,PLANNED,false,POST-SUBTASK-033,true,entities,DATA_MATERIALIZATION,ATOMIC_EXECUTION,ACTIONABLE_POST_WAVE,POST_W25,10,0,GAP-003;GAP-004,SRCREF-02019;SRCREF-02020;SRCREF-02021;SRCREF-02022;SRCREF-02023;SRCREF-02024;SRCREF-02001;SRCREF-02002,jira/records/issues/subtasks/POST-SUBTASK-034_profile_every_materialized_table_for_rows_types_nulls_uniqueness_ranges_duplicat.json,jira/issues/subtasks/POST-SUBTASK-034_profile_every_materialized_table_for_rows_types_nulls_uniqueness_ranges_duplicat.md
POST-SUBTASK-035,BAT-385,100339,Subtask,"[POST-SUBTASK-035] Reconcile measured fields with canonical contracts, compatibility policy, and quarantine/rejection decisions",POST-STORY-012,POST-EPIC-004,PHASE-1,P0,BLOCKED,FUNCTIONAL_STARTER,EMPIRICALLY_VALIDATED,PLANNED,false,POST-SUBTASK-033;POST-SUBTASK-034,true,entities,SHARED_CONTRACT,ATOMIC_EXECUTION,ACTIONABLE_POST_WAVE,POST_W25,11,0,GAP-003;GAP-004,SRCREF-02019;SRCREF-02020;SRCREF-02021;SRCREF-02022;SRCREF-02023;SRCREF-02024;SRCREF-02001;SRCREF-02002,jira/records/issues/subtasks/POST-SUBTASK-035_reconcile_measured_fields_with_canonical_contracts_compatibility_policy_and_quar.json,jira/issues/subtasks/POST-SUBTASK-035_reconcile_measured_fields_with_canonical_contracts_compatibility_policy_and_quar.md
POST-SUBTASK-036,BAT-386,100340,Subtask,[POST-SUBTASK-036] Approve or block schema and missingness readiness for entity resolution,POST-STORY-012,POST-EPIC-004,PHASE-1,P0,BLOCKED,FUNCTIONAL_STARTER,PRODUCTION_READY,PLANNED,false,POST-SUBTASK-033;POST-SUBTASK-034;POST-SUBTASK-035,true,entities,PROTECTED_GATE,ATOMIC_EXECUTION,ACTIONABLE_POST_WAVE,POST_W25,11,0,GAP-003;GAP-004,SRCREF-02019;SRCREF-02020;SRCREF-02021;SRCREF-02022;SRCREF-02023;SRCREF-02024;SRCREF-02001;SRCREF-02002,jira/records/issues/subtasks/POST-SUBTASK-036_approve_or_block_schema_and_missingness_readiness_for_entity_resolution.json,jira/issues/subtasks/POST-SUBTASK-036_approve_or_block_schema_and_missingness_readiness_for_entity_resolution.md
POST-SUBTASK-037,BAT-387,100341,Subtask,"[POST-SUBTASK-037] Build canonical team, conference, venue, game, season, and source registries with effective-dated aliases",POST-STORY-013,POST-EPIC-004,PHASE-1,P0,BLOCKED,FUNCTIONAL_STARTER,IMPLEMENTED,PLANNED,false,POST-SUBTASK-036,true,entities,SHARED_CONTRACT,ATOMIC_EXECUTION,ACTIONABLE_POST_WAVE,POST_W25,11,1,GAP-003;GAP-004;GAP-006,SRCREF-02019;SRCREF-02020;SRCREF-02021;SRCREF-02022;SRCREF-02023;SRCREF-02024;SRCREF-02001;SRCREF-02002,jira/records/issues/subtasks/POST-SUBTASK-037_build_canonical_team_conference_venue_game_season_and_source_registries_with_eff.json,jira/issues/subtasks/POST-SUBTASK-037_build_canonical_team_conference_venue_game_season_and_source_registries_with_eff.md
POST-SUBTASK-038,BAT-388,100342,Subtask,"[POST-SUBTASK-038] Build coach, staff, player, roster, recruiting, and transfer identity registries with confidence and review state",POST-STORY-013,POST-EPIC-004,PHASE-1,P0,BLOCKED,FUNCTIONAL_STARTER,EMPIRICALLY_VALIDATED,PLANNED,false,POST-SUBTASK-036;POST-SUBTASK-037,true,entities,SHARED_CONTRACT,ATOMIC_EXECUTION,ACTIONABLE_POST_WAVE,POST_W25,11,0,GAP-003;GAP-004;GAP-006,SRCREF-02019;SRCREF-02020;SRCREF-02021;SRCREF-02022;SRCREF-02023;SRCREF-02024;SRCREF-02001;SRCREF-02002,jira/records/issues/subtasks/POST-SUBTASK-038_build_coach_staff_player_roster_recruiting_and_transfer_identity_registries_with.json,jira/issues/subtasks/POST-SUBTASK-038_build_coach_staff_player_roster_recruiting_and_transfer_identity_registries_with.md
POST-SUBTASK-039,BAT-389,100343,Subtask,"[POST-SUBTASK-039] Validate registry uniqueness, temporal consistency, collisions, and referential completeness",POST-STORY-013,POST-EPIC-004,PHASE-1,P0,BLOCKED,FUNCTIONAL_STARTER,PRODUCTION_READY,PLANNED,false,POST-SUBTASK-036;POST-SUBTASK-037;POST-SUBTASK-038,true,entities,PROTECTED_GATE,ATOMIC_EXECUTION,ACTIONABLE_POST_WAVE,POST_W25,11,0,GAP-003;GAP-004;GAP-006,SRCREF-02019;SRCREF-02020;SRCREF-02021;SRCREF-02022;SRCREF-02023;SRCREF-02024;SRCREF-02001;SRCREF-02002,jira/records/issues/subtasks/POST-SUBTASK-039_validate_registry_uniqueness_temporal_consistency_collisions_and_referential_com.json,jira/issues/subtasks/POST-SUBTASK-039_validate_registry_uniqueness_temporal_consistency_collisions_and_referential_com.md
POST-SUBTASK-040,BAT-390,100344,Subtask,"[POST-SUBTASK-040] Run exact, alias, contextual, and bounded probabilistic resolution over the full population with evidence per decision",POST-STORY-014,POST-EPIC-004,PHASE-1,P0,BLOCKED,FUNCTIONAL_STARTER,IMPLEMENTED,PLANNED,false,POST-SUBTASK-039,true,entities,DATA_MATERIALIZATION,ATOMIC_EXECUTION,ACTIONABLE_POST_WAVE,POST_W25,11,0,GAP-003;GAP-004,SRCREF-02019;SRCREF-02020;SRCREF-02021;SRCREF-02022;SRCREF-02023;SRCREF-02024;SRCREF-02001;SRCREF-02002,jira/records/issues/subtasks/POST-SUBTASK-040_run_exact_alias_contextual_and_bounded_probabilistic_resolution_over_the_full_po.json,jira/issues/subtasks/POST-SUBTASK-040_run_exact_alias_contextual_and_bounded_probabilistic_resolution_over_the_full_po.md
POST-SUBTASK-041,BAT-391,100345,Subtask,"[POST-SUBTASK-041] Operate unresolved/collision/merge/split review and materialize temporal team, conference, staff, roster, and player transitions",POST-STORY-014,POST-EPIC-004,PHASE-1,P0,BLOCKED,FUNCTIONAL_STARTER,EMPIRICALLY_VALIDATED,PLANNED,false,POST-SUBTASK-039;POST-SUBTASK-040,true,entities,PROTECTED_GATE,ATOMIC_EXECUTION,ACTIONABLE_POST_WAVE,POST_W25,12,0,GAP-003;GAP-004,SRCREF-02019;SRCREF-02020;SRCREF-02021;SRCREF-02022;SRCREF-02023;SRCREF-02024;SRCREF-02001;SRCREF-02002,jira/records/issues/subtasks/POST-SUBTASK-041_operate_unresolved_collision_merge_split_review_and_materialize_temporal_team_co.json,jira/issues/subtasks/POST-SUBTASK-041_operate_unresolved_collision_merge_split_review_and_materialize_temporal_team_co.md
POST-SUBTASK-042,BAT-392,100346,Subtask,[POST-SUBTASK-042] Publish the canonical entity snapshot and approve or block downstream PIT consumption,POST-STORY-014,POST-EPIC-004,PHASE-1,P0,BLOCKED,FUNCTIONAL_STARTER,PRODUCTION_READY,PLANNED,false,POST-SUBTASK-039;POST-SUBTASK-040;POST-SUBTASK-041,true,entities,PROTECTED_GATE,ATOMIC_EXECUTION,ACTIONABLE_POST_WAVE,POST_W25,14,0,GAP-003;GAP-004;GAP-009;HANDOFF-004;ISSUE-034;ISSUE-039,SRCREF-02019;SRCREF-02020;SRCREF-02021;SRCREF-02022;SRCREF-02023;SRCREF-02024;SRCREF-02001;SRCREF-02002,jira/records/issues/subtasks/POST-SUBTASK-042_publish_the_canonical_entity_snapshot_and_approve_or_block_downstream_pit_consum.json,jira/issues/subtasks/POST-SUBTASK-042_publish_the_canonical_entity_snapshot_and_approve_or_block_downstream_pit_consum.md
POST-SUBTASK-043,BAT-393,100347,Subtask,"[POST-SUBTASK-043] Reconcile field temporal classes, source known-at rules, cutoffs, correction policies, and prohibited uses against real schemas",POST-STORY-015,POST-EPIC-005,PHASE-1,P0,BLOCKED,FUNCTIONAL_STARTER,IMPLEMENTED,PLANNED,false,POST-SUBTASK-042,true,pit-temporal,SHARED_CONTRACT,ATOMIC_EXECUTION,ACTIONABLE_POST_WAVE,POST_W25,14,1,AC-011;AC-012;GAP-005;HANDOFF-004;RISK-001;RISK-002,SRCREF-02025;SRCREF-02026;SRCREF-02027;SRCREF-02028;SRCREF-02029;SRCREF-02030;SRCREF-02031;SRCREF-02032,jira/records/issues/subtasks/POST-SUBTASK-043_reconcile_field_temporal_classes_source_known_at_rules_cutoffs_correction_polici.json,jira/issues/subtasks/POST-SUBTASK-043_reconcile_field_temporal_classes_source_known_at_rules_cutoffs_correction_polici.md
POST-SUBTASK-044,BAT-394,100348,Subtask,"[POST-SUBTASK-044] Normalize observed, published, effective, retrieved, and corrected timestamps with source-specific precedence and timezone rules",POST-STORY-015,POST-EPIC-005,PHASE-1,P0,BLOCKED,FUNCTIONAL_STARTER,EMPIRICALLY_VALIDATED,PLANNED,false,POST-SUBTASK-042;POST-SUBTASK-043,true,pit-temporal,DATA_MATERIALIZATION,ATOMIC_EXECUTION,ACTIONABLE_POST_WAVE,POST_W25,12,0,AC-011;AC-012;GAP-005;HANDOFF-004;RISK-001;RISK-002,SRCREF-02025;SRCREF-02026;SRCREF-02027;SRCREF-02028;SRCREF-02029;SRCREF-02030;SRCREF-02031;SRCREF-02032,jira/records/issues/subtasks/POST-SUBTASK-044_normalize_observed_published_effective_retrieved_and_corrected_timestamps_with_s.json,jira/issues/subtasks/POST-SUBTASK-044_normalize_observed_published_effective_retrieved_and_corrected_timestamps_with_s.md
POST-SUBTASK-045,BAT-395,100349,Subtask,[POST-SUBTASK-045] Validate fail-closed cutoff eligibility and deliberate future/same-game/postgame rejection,POST-STORY-015,POST-EPIC-005,PHASE-1,P0,BLOCKED,FUNCTIONAL_STARTER,PRODUCTION_READY,PLANNED,false,POST-SUBTASK-042;POST-SUBTASK-043;POST-SUBTASK-044,true,pit-temporal,PROTECTED_GATE,ATOMIC_EXECUTION,ACTIONABLE_POST_WAVE,POST_W25,13,0,AC-011;AC-012;GAP-005;HANDOFF-004;RISK-001;RISK-002,SRCREF-02025;SRCREF-02026;SRCREF-02027;SRCREF-02028;SRCREF-02029;SRCREF-02030;SRCREF-02031;SRCREF-02032,jira/records/issues/subtasks/POST-SUBTASK-045_validate_fail_closed_cutoff_eligibility_and_deliberate_future_same_game_postgame.json,jira/issues/subtasks/POST-SUBTASK-045_validate_fail_closed_cutoff_eligibility_and_deliberate_future_same_game_postgame.md
POST-SUBTASK-046,BAT-396,100350,Subtask,"[POST-SUBTASK-046] Materialize append-only game, team, conference, venue, player, roster, staff, availability, weather, market, and context as-of state",POST-STORY-016,POST-EPIC-005,PHASE-1,P0,BLOCKED,FUNCTIONAL_STARTER,IMPLEMENTED,PLANNED,false,POST-SUBTASK-045,true,pit-temporal,DATA_MATERIALIZATION,ATOMIC_EXECUTION,ACTIONABLE_POST_WAVE,POST_W25,13,0,GAP-005;GAP-006;HANDOFF-004,SRCREF-02025;SRCREF-02026;SRCREF-02027;SRCREF-02028;SRCREF-02029;SRCREF-02030;SRCREF-02031;SRCREF-02032,jira/records/issues/subtasks/POST-SUBTASK-046_materialize_append_only_game_team_conference_venue_player_roster_staff_availabil.json,jira/issues/subtasks/POST-SUBTASK-046_materialize_append_only_game_team_conference_venue_player_roster_staff_availabil.md
POST-SUBTASK-047,BAT-397,100351,Subtask,"[POST-SUBTASK-047] Build national pregame matrices at configured cutoffs with row/cell lineage, missingness class, fallback, and pinned versions",POST-STORY-016,POST-EPIC-005,PHASE-1,P0,BLOCKED,FUNCTIONAL_STARTER,EMPIRICALLY_VALIDATED,PLANNED,false,POST-SUBTASK-045;POST-SUBTASK-046,true,pit-temporal,DATA_MATERIALIZATION,ATOMIC_EXECUTION,ACTIONABLE_POST_WAVE,POST_W25,12,1,GAP-005;GAP-006;HANDOFF-004,SRCREF-02025;SRCREF-02026;SRCREF-02027;SRCREF-02028;SRCREF-02029;SRCREF-02030;SRCREF-02031;SRCREF-02032,jira/records/issues/subtasks/POST-SUBTASK-047_build_national_pregame_matrices_at_configured_cutoffs_with_row_cell_lineage_miss.json,jira/issues/subtasks/POST-SUBTASK-047_build_national_pregame_matrices_at_configured_cutoffs_with_row_cell_lineage_miss.md
POST-SUBTASK-048,BAT-398,100352,Subtask,[POST-SUBTASK-048] Approve or block immutable matrix versions for feature/model experimentation,POST-STORY-016,POST-EPIC-005,PHASE-1,P0,BLOCKED,FUNCTIONAL_STARTER,PRODUCTION_READY,PLANNED,false,POST-SUBTASK-045;POST-SUBTASK-046;POST-SUBTASK-047,true,pit-temporal,PROTECTED_GATE,ATOMIC_EXECUTION,ACTIONABLE_POST_WAVE,POST_W25,12,0,GAP-005;GAP-006;HANDOFF-004,SRCREF-02025;SRCREF-02026;SRCREF-02027;SRCREF-02028;SRCREF-02029;SRCREF-02030;SRCREF-02031;SRCREF-02032,jira/records/issues/subtasks/POST-SUBTASK-048_approve_or_block_immutable_matrix_versions_for_feature_model_experimentation.json,jira/issues/subtasks/POST-SUBTASK-048_approve_or_block_immutable_matrix_versions_for_feature_model_experimentation.md
POST-SUBTASK-049,BAT-399,100353,Subtask,"[POST-SUBTASK-049] Run static, future-append, value-mutation, same-game, normalization, entity-correction, weather, market, roster, and label leakage tests on real matrices",POST-STORY-017,POST-EPIC-005,PHASE-1,P0,BLOCKED,FUNCTIONAL_STARTER,IMPLEMENTED,PLANNED,false,POST-SUBTASK-048,true,pit-temporal,PROTECTED_GATE,ATOMIC_EXECUTION,ACTIONABLE_POST_WAVE,POST_W25,12,0,GAP-005;HANDOFF-004,SRCREF-02025;SRCREF-02026;SRCREF-02027;SRCREF-02028;SRCREF-02029;SRCREF-02030;SRCREF-02031;SRCREF-02032,jira/records/issues/subtasks/POST-SUBTASK-049_run_static_future_append_value_mutation_same_game_normalization_entity_correctio.json,jira/issues/subtasks/POST-SUBTASK-049_run_static_future_append_value_mutation_same_game_normalization_entity_correctio.md
POST-SUBTASK-050,BAT-400,100354,Subtask,"[POST-SUBTASK-050] Implement deterministic walk-forward replay with frozen train/tune/protected boundaries, fold-local transforms, checkpoint/resume, and evidence identities",POST-STORY-017,POST-EPIC-005,PHASE-1,P0,BLOCKED,FUNCTIONAL_STARTER,EMPIRICALLY_VALIDATED,PLANNED,false,POST-SUBTASK-048;POST-SUBTASK-049,true,pit-temporal,PROTECTED_GATE,ATOMIC_EXECUTION,ACTIONABLE_POST_WAVE,POST_W25,12,1,GAP-005;HANDOFF-004,SRCREF-02025;SRCREF-02026;SRCREF-02027;SRCREF-02028;SRCREF-02029;SRCREF-02030;SRCREF-02031;SRCREF-02032,jira/records/issues/subtasks/POST-SUBTASK-050_implement_deterministic_walk_forward_replay_with_frozen_train_tune_protected_bou.json,jira/issues/subtasks/POST-SUBTASK-050_implement_deterministic_walk_forward_replay_with_frozen_train_tune_protected_bou.md
POST-SUBTASK-051,BAT-401,100355,Subtask,[POST-SUBTASK-051] Open or retain-blocked the protected experimentation lane through the PIT/replay readiness gate,POST-STORY-017,POST-EPIC-005,PHASE-1,P0,BLOCKED,FUNCTIONAL_STARTER,PRODUCTION_READY,PLANNED,false,POST-SUBTASK-048;POST-SUBTASK-049;POST-SUBTASK-050,true,pit-temporal,PROTECTED_GATE,ATOMIC_EXECUTION,ACTIONABLE_POST_WAVE,POST_W25,14,0,GAP-003;GAP-005;HANDOFF-004;HANDOFF-005;ISSUE-041,SRCREF-02025;SRCREF-02026;SRCREF-02027;SRCREF-02028;SRCREF-02029;SRCREF-02030;SRCREF-02031;SRCREF-02032,jira/records/issues/subtasks/POST-SUBTASK-051_open_or_retain_blocked_the_protected_experimentation_lane_through_the_pit_replay.json,jira/issues/subtasks/POST-SUBTASK-051_open_or_retain_blocked_the_protected_experimentation_lane_through_the_pit_replay.md
POST-SUBTASK-052,BAT-402,100356,Subtask,"[POST-SUBTASK-052] Reconcile feature IDs, source fields, transformations, temporal classes, missingness, code paths, aliases, duplicates, and lifecycle states",POST-STORY-018,POST-EPIC-006,PHASE-1,P1,BLOCKED,FUNCTIONAL_STARTER,IMPLEMENTED,PLANNED,false,POST-SUBTASK-048,false,feature-engineering,SHARED_CONTRACT,ATOMIC_EXECUTION,ACTIONABLE_POST_WAVE,POST_W25,12,0,GAP-007;HANDOFF-005,SRCREF-02033;SRCREF-02034;SRCREF-02035;SRCREF-02036;SRCREF-02037;SRCREF-02038;SRCREF-02039;SRCREF-02040,jira/records/issues/subtasks/POST-SUBTASK-052_reconcile_feature_ids_source_fields_transformations_temporal_classes_missingness.json,jira/issues/subtasks/POST-SUBTASK-052_reconcile_feature_ids_source_fields_transformations_temporal_classes_missingness.md
POST-SUBTASK-053,BAT-403,100357,Subtask,"[POST-SUBTASK-053] Measure feature computability, missingness class, fallback use, and coverage by season/team/cutoff/regime/A&M segment",POST-STORY-018,POST-EPIC-006,PHASE-1,P1,BLOCKED,FUNCTIONAL_STARTER,EMPIRICALLY_VALIDATED,PLANNED,false,POST-SUBTASK-048;POST-SUBTASK-052,false,feature-engineering,DATA_MATERIALIZATION,ATOMIC_EXECUTION,ACTIONABLE_POST_WAVE,POST_W25,13,0,GAP-007;HANDOFF-005,SRCREF-02033;SRCREF-02034;SRCREF-02035;SRCREF-02036;SRCREF-02037;SRCREF-02038;SRCREF-02039;SRCREF-02040,jira/records/issues/subtasks/POST-SUBTASK-053_measure_feature_computability_missingness_class_fallback_use_and_coverage_by_sea.json,jira/issues/subtasks/POST-SUBTASK-053_measure_feature_computability_missingness_class_fallback_use_and_coverage_by_sea.md
POST-SUBTASK-054,BAT-404,100358,Subtask,[POST-SUBTASK-054] Freeze the experiment-eligible production feature-registry version,POST-STORY-018,POST-EPIC-006,PHASE-1,P1,BLOCKED,FUNCTIONAL_STARTER,PRODUCTION_READY,PLANNED,false,POST-SUBTASK-048;POST-SUBTASK-052;POST-SUBTASK-053,false,feature-engineering,PROTECTED_GATE,ATOMIC_EXECUTION,ACTIONABLE_POST_WAVE,POST_W25,13,1,GAP-007;HANDOFF-005,SRCREF-02033;SRCREF-02034;SRCREF-02035;SRCREF-02036;SRCREF-02037;SRCREF-02038;SRCREF-02039;SRCREF-02040,jira/records/issues/subtasks/POST-SUBTASK-054_freeze_the_experiment_eligible_production_feature_registry_version.json,jira/issues/subtasks/POST-SUBTASK-054_freeze_the_experiment_eligible_production_feature_registry_version.md
POST-SUBTASK-055,BAT-405,100359,Subtask,"[POST-SUBTASK-055] Materialize team/opponent form, efficiency, scoring, schedule strength, recency, continuity, rest, travel, venue, sequence, cold-start, and lower-division prior features",POST-STORY-019,POST-EPIC-006,PHASE-1,P1,BLOCKED,FUNCTIONAL_STARTER,IMPLEMENTED,PLANNED,false,POST-SUBTASK-051;POST-SUBTASK-054,false,feature-engineering,SOLO_WORKTREE,ATOMIC_EXECUTION,ACTIONABLE_POST_WAVE,POST_W25,13,0,GAP-006;GAP-007;HANDOFF-005;HANDOFF-008,SRCREF-02033;SRCREF-02034;SRCREF-02035;SRCREF-02036;SRCREF-02037;SRCREF-02038;SRCREF-02039;SRCREF-02040,jira/records/issues/subtasks/POST-SUBTASK-055_materialize_team_opponent_form_efficiency_scoring_schedule_strength_recency_cont.json,jira/issues/subtasks/POST-SUBTASK-055_materialize_team_opponent_form_efficiency_scoring_schedule_strength_recency_cont.md
POST-SUBTASK-056,BAT-406,100360,Subtask,"[POST-SUBTASK-056] Materialize supported player value/depth/replacement/availability, recruiting/transfer, coaching, weather, market, resource, officiating, and game-mechanics candidates",POST-STORY-019,POST-EPIC-006,PHASE-1,P1,BLOCKED,FUNCTIONAL_STARTER,EMPIRICALLY_VALIDATED,PLANNED,false,POST-SUBTASK-051;POST-SUBTASK-054;POST-SUBTASK-055,false,feature-engineering,SOLO_WORKTREE,ATOMIC_EXECUTION,ACTIONABLE_POST_WAVE,POST_W25,13,0,GAP-006;GAP-007;HANDOFF-005;HANDOFF-008,SRCREF-02033;SRCREF-02034;SRCREF-02035;SRCREF-02036;SRCREF-02037;SRCREF-02038;SRCREF-02039;SRCREF-02040,jira/records/issues/subtasks/POST-SUBTASK-056_materialize_supported_player_value_depth_replacement_availability_recruiting_tra.json,jira/issues/subtasks/POST-SUBTASK-056_materialize_supported_player_value_depth_replacement_availability_recruiting_tra.md
POST-SUBTASK-057,BAT-407,100361,Subtask,"[POST-SUBTASK-057] Validate feature values, home/away orientation, future-append invariance, lineage, missingness, and candidate eligibility",POST-STORY-019,POST-EPIC-006,PHASE-1,P1,BLOCKED,FUNCTIONAL_STARTER,PRODUCTION_READY,PLANNED,false,POST-SUBTASK-051;POST-SUBTASK-054;POST-SUBTASK-055;POST-SUBTASK-056,false,feature-engineering,PROTECTED_GATE,ATOMIC_EXECUTION,ACTIONABLE_POST_WAVE,POST_W25,13,0,GAP-006;GAP-007;HANDOFF-005;HANDOFF-008,SRCREF-02033;SRCREF-02034;SRCREF-02035;SRCREF-02036;SRCREF-02037;SRCREF-02038;SRCREF-02039;SRCREF-02040,jira/records/issues/subtasks/POST-SUBTASK-057_validate_feature_values_home_away_orientation_future_append_invariance_lineage_m.json,jira/issues/subtasks/POST-SUBTASK-057_validate_feature_values_home_away_orientation_future_append_invariance_lineage_m.md
POST-SUBTASK-058,BAT-408,100362,Subtask,[POST-SUBTASK-058] Run staged univariate/multivariate screening and bounded feature tournaments on permitted tuning history,POST-STORY-020,POST-EPIC-006,PHASE-1,P1,BLOCKED,FUNCTIONAL_STARTER,IMPLEMENTED,PLANNED,false,POST-SUBTASK-057,true,feature-engineering,RESEARCH_LANE,ATOMIC_EXECUTION,ACTIONABLE_POST_WAVE,POST_W25,12,0,GAP-007;HANDOFF-005,SRCREF-02033;SRCREF-02034;SRCREF-02035;SRCREF-02036;SRCREF-02037;SRCREF-02038;SRCREF-02039;SRCREF-02040,jira/records/issues/subtasks/POST-SUBTASK-058_run_staged_univariate_multivariate_screening_and_bounded_feature_tournaments_on_.json,jira/issues/subtasks/POST-SUBTASK-058_run_staged_univariate_multivariate_screening_and_bounded_feature_tournaments_on_.md
POST-SUBTASK-059,BAT-409,100363,Subtask,"[POST-SUBTASK-059] Run ablation, interaction, redundancy, missingness sensitivity, regime stability, A&M/peer, and market-lane analyses",POST-STORY-020,POST-EPIC-006,PHASE-1,P1,BLOCKED,FUNCTIONAL_STARTER,EMPIRICALLY_VALIDATED,PLANNED,false,POST-SUBTASK-057;POST-SUBTASK-058,true,feature-engineering,RESEARCH_LANE,ATOMIC_EXECUTION,ACTIONABLE_POST_WAVE,POST_W25,13,0,GAP-007;HANDOFF-005,SRCREF-02033;SRCREF-02034;SRCREF-02035;SRCREF-02036;SRCREF-02037;SRCREF-02038;SRCREF-02039;SRCREF-02040,jira/records/issues/subtasks/POST-SUBTASK-059_run_ablation_interaction_redundancy_missingness_sensitivity_regime_stability_a_a.json,jira/issues/subtasks/POST-SUBTASK-059_run_ablation_interaction_redundancy_missingness_sensitivity_regime_stability_a_a.md
POST-SUBTASK-060,BAT-410,100364,Subtask,[POST-SUBTASK-060] Publish the evidence-backed production feature lifecycle decision,POST-STORY-020,POST-EPIC-006,PHASE-1,P1,BLOCKED,FUNCTIONAL_STARTER,PRODUCTION_READY,PLANNED,false,POST-SUBTASK-057;POST-SUBTASK-058;POST-SUBTASK-059,true,feature-engineering,PROTECTED_GATE,ATOMIC_EXECUTION,ACTIONABLE_POST_WAVE,POST_W25,14,1,GAP-004;GAP-007;HANDOFF-005;ISSUE-007,SRCREF-02033;SRCREF-02034;SRCREF-02035;SRCREF-02036;SRCREF-02037;SRCREF-02038;SRCREF-02039;SRCREF-02040,jira/records/issues/subtasks/POST-SUBTASK-060_publish_the_evidence_backed_production_feature_lifecycle_decision.json,jira/issues/subtasks/POST-SUBTASK-060_publish_the_evidence_backed_production_feature_lifecycle_decision.md
POST-SUBTASK-061,BAT-411,100365,Subtask,"[POST-SUBTASK-061] Materialize effective-dated roster, depth, position, participation, eligibility, transfer, and role state",POST-STORY-021,POST-EPIC-007,PHASE-2,P1,BLOCKED,FUNCTIONAL_STARTER,IMPLEMENTED,PLANNED,false,POST-SUBTASK-030;POST-SUBTASK-048,false,player-context-intelligence,DATA_MATERIALIZATION,ATOMIC_EXECUTION,ACTIONABLE_POST_WAVE,POST_W25,12,0,GAP-006;HANDOFF-008,SRCREF-02041;SRCREF-02042;SRCREF-02043;SRCREF-02044;SRCREF-02045;SRCREF-02046;SRCREF-02047;SRCREF-02048,jira/records/issues/subtasks/POST-SUBTASK-061_materialize_effective_dated_roster_depth_position_participation_eligibility_tran.json,jira/issues/subtasks/POST-SUBTASK-061_materialize_effective_dated_roster_depth_position_participation_eligibility_tran.md
POST-SUBTASK-062,BAT-412,100366,Subtask,"[POST-SUBTASK-062] Estimate leakage-safe player value, replacement distributions, and timestamped availability probabilities",POST-STORY-021,POST-EPIC-007,PHASE-2,P1,BLOCKED,FUNCTIONAL_STARTER,EMPIRICALLY_VALIDATED,PLANNED,false,POST-SUBTASK-030;POST-SUBTASK-048;POST-SUBTASK-061,false,player-context-intelligence,RESEARCH_LANE,ATOMIC_EXECUTION,ACTIONABLE_POST_WAVE,POST_W25,12,0,GAP-006;HANDOFF-008,SRCREF-02041;SRCREF-02042;SRCREF-02043;SRCREF-02044;SRCREF-02045;SRCREF-02046;SRCREF-02047;SRCREF-02048,jira/records/issues/subtasks/POST-SUBTASK-062_estimate_leakage_safe_player_value_replacement_distributions_and_timestamped_ava.json,jira/issues/subtasks/POST-SUBTASK-062_estimate_leakage_safe_player_value_replacement_distributions_and_timestamped_ava.md
POST-SUBTASK-063,BAT-413,100367,Subtask,"[POST-SUBTASK-063] Validate player-state coverage, uncertainty, double-counting controls, and production eligibility",POST-STORY-021,POST-EPIC-007,PHASE-2,P1,BLOCKED,FUNCTIONAL_STARTER,PRODUCTION_READY,PLANNED,false,POST-SUBTASK-030;POST-SUBTASK-048;POST-SUBTASK-061;POST-SUBTASK-062,false,player-context-intelligence,PROTECTED_GATE,ATOMIC_EXECUTION,ACTIONABLE_POST_WAVE,POST_W25,12,0,GAP-006;HANDOFF-008,SRCREF-02041;SRCREF-02042;SRCREF-02043;SRCREF-02044;SRCREF-02045;SRCREF-02046;SRCREF-02047;SRCREF-02048,jira/records/issues/subtasks/POST-SUBTASK-063_validate_player_state_coverage_uncertainty_double_counting_controls_and_producti.json,jira/issues/subtasks/POST-SUBTASK-063_validate_player_state_coverage_uncertainty_double_counting_controls_and_producti.md
POST-SUBTASK-064,BAT-414,100368,Subtask,"[POST-SUBTASK-064] Materialize recruiting class, prospect, commitment, signing, enrollment, transfer, coach, coordinator, role, tenure, and transition events",POST-STORY-022,POST-EPIC-007,PHASE-2,P1,BLOCKED,FUNCTIONAL_STARTER,IMPLEMENTED,PLANNED,false,POST-SUBTASK-063,false,player-context-intelligence,DATA_MATERIALIZATION,ATOMIC_EXECUTION,ACTIONABLE_POST_WAVE,POST_W25,12,0,GAP-006;HANDOFF-008,SRCREF-02041;SRCREF-02042;SRCREF-02043;SRCREF-02044;SRCREF-02045;SRCREF-02046;SRCREF-02047;SRCREF-02048,jira/records/issues/subtasks/POST-SUBTASK-064_materialize_recruiting_class_prospect_commitment_signing_enrollment_transfer_coa.json,jira/issues/subtasks/POST-SUBTASK-064_materialize_recruiting_class_prospect_commitment_signing_enrollment_transfer_coa.md
POST-SUBTASK-065,BAT-415,100369,Subtask,"[POST-SUBTASK-065] Build PIT roster-talent, experience, retention, transfer/freshman, staff/QB/system continuity, prior-performance, and bounded scheme-proxy candidates",POST-STORY-022,POST-EPIC-007,PHASE-2,P1,BLOCKED,FUNCTIONAL_STARTER,EMPIRICALLY_VALIDATED,PLANNED,false,POST-SUBTASK-063;POST-SUBTASK-064,false,player-context-intelligence,SOLO_WORKTREE,ATOMIC_EXECUTION,ACTIONABLE_POST_WAVE,POST_W25,11,2,GAP-006;HANDOFF-008,SRCREF-02041;SRCREF-02042;SRCREF-02043;SRCREF-02044;SRCREF-02045;SRCREF-02046;SRCREF-02047;SRCREF-02048,jira/records/issues/subtasks/POST-SUBTASK-065_build_pit_roster_talent_experience_retention_transfer_freshman_staff_qb_system_c.json,jira/issues/subtasks/POST-SUBTASK-065_build_pit_roster_talent_experience_retention_transfer_freshman_staff_qb_system_c.md
POST-SUBTASK-066,BAT-416,100370,Subtask,"[POST-SUBTASK-066] Validate identity, timing, source-scale compatibility, sparse-history shrinkage, and experimental eligibility",POST-STORY-022,POST-EPIC-007,PHASE-2,P1,BLOCKED,FUNCTIONAL_STARTER,PRODUCTION_READY,PLANNED,false,POST-SUBTASK-063;POST-SUBTASK-064;POST-SUBTASK-065,false,player-context-intelligence,PROTECTED_GATE,ATOMIC_EXECUTION,ACTIONABLE_POST_WAVE,POST_W25,10,0,GAP-006;HANDOFF-008,SRCREF-02041;SRCREF-02042;SRCREF-02043;SRCREF-02044;SRCREF-02045;SRCREF-02046;SRCREF-02047;SRCREF-02048,jira/records/issues/subtasks/POST-SUBTASK-066_validate_identity_timing_source_scale_compatibility_sparse_history_shrinkage_and.json,jira/issues/subtasks/POST-SUBTASK-066_validate_identity_timing_source_scale_compatibility_sparse_history_shrinkage_and.md
POST-SUBTASK-067,BAT-417,100371,Subtask,"[POST-SUBTASK-067] Materialize forecast-time weather, venue, coordinates, travel, rest, opponent sequence, neutral-site, schedule-change, and local-time state",POST-STORY-023,POST-EPIC-007,PHASE-2,P1,BLOCKED,FUNCTIONAL_STARTER,IMPLEMENTED,PLANNED,false,POST-SUBTASK-030;POST-SUBTASK-048,false,player-context-intelligence,DATA_MATERIALIZATION,ATOMIC_EXECUTION,ACTIONABLE_POST_WAVE,POST_W25,10,0,GAP-006;HANDOFF-008,SRCREF-02041;SRCREF-02042;SRCREF-02043;SRCREF-02044;SRCREF-02045;SRCREF-02046;SRCREF-02047;SRCREF-02048,jira/records/issues/subtasks/POST-SUBTASK-067_materialize_forecast_time_weather_venue_coordinates_travel_rest_opponent_sequenc.json,jira/issues/subtasks/POST-SUBTASK-067_materialize_forecast_time_weather_venue_coordinates_travel_rest_opponent_sequenc.md
POST-SUBTASK-068,BAT-418,100372,Subtask,[POST-SUBTASK-068] Materialize supported mechanics/officiating/resource candidates and FCS/DII/DIII/NAIA decreasing-information opponent priors,POST-STORY-023,POST-EPIC-007,PHASE-2,P1,BLOCKED,FUNCTIONAL_STARTER,EMPIRICALLY_VALIDATED,PLANNED,false,POST-SUBTASK-030;POST-SUBTASK-048;POST-SUBTASK-067,false,player-context-intelligence,SOLO_WORKTREE,ATOMIC_EXECUTION,ACTIONABLE_POST_WAVE,POST_W25,12,0,GAP-006;HANDOFF-008,SRCREF-02041;SRCREF-02042;SRCREF-02043;SRCREF-02044;SRCREF-02045;SRCREF-02046;SRCREF-02047;SRCREF-02048,jira/records/issues/subtasks/POST-SUBTASK-068_materialize_supported_mechanics_officiating_resource_candidates_and_fcs_dii_diii.json,jira/issues/subtasks/POST-SUBTASK-068_materialize_supported_mechanics_officiating_resource_candidates_and_fcs_dii_diii.md
POST-SUBTASK-069,BAT-419,100373,Subtask,"[POST-SUBTASK-069] Validate context correctness, forecast-versus-realized isolation, fallback behavior, and production eligibility",POST-STORY-023,POST-EPIC-007,PHASE-2,P1,BLOCKED,FUNCTIONAL_STARTER,PRODUCTION_READY,PLANNED,false,POST-SUBTASK-030;POST-SUBTASK-048;POST-SUBTASK-067;POST-SUBTASK-068,false,player-context-intelligence,PROTECTED_GATE,ATOMIC_EXECUTION,ACTIONABLE_POST_WAVE,POST_W25,13,0,GAP-006;GAP-008;GAP-011;HANDOFF-008;ISSUE-001;ISSUE-008;ISSUE-013;ISSUE-018;ISSUE-022;ISSUE-023;ISSUE-035;ISSUE-077;ISSUE-078;ISSUE-080;ISSUE-082,SRCREF-02041;SRCREF-02042;SRCREF-02043;SRCREF-02044;SRCREF-02045;SRCREF-02046;SRCREF-02047;SRCREF-02048,jira/records/issues/subtasks/POST-SUBTASK-069_validate_context_correctness_forecast_versus_realized_isolation_fallback_behavio.json,jira/issues/subtasks/POST-SUBTASK-069_validate_context_correctness_forecast_versus_realized_isolation_fallback_behavio.md
POST-SUBTASK-070,BAT-420,100374,Subtask,"[POST-SUBTASK-070] Materialize official score, margin, win, distribution, market-lane, and BAS-support target tables with game lineage",POST-STORY-024,POST-EPIC-008,PHASE-1,P1,BLOCKED,FUNCTIONAL_STARTER,IMPLEMENTED,PLANNED,false,POST-SUBTASK-051;POST-SUBTASK-060,true,modeling,DATA_MATERIALIZATION,ATOMIC_EXECUTION,ACTIONABLE_POST_WAVE,POST_W25,14,0,AC-013;AC-015;GAP-008;HANDOFF-006,SRCREF-02049;SRCREF-02050;SRCREF-02051;SRCREF-02052;SRCREF-02053;SRCREF-02054;SRCREF-02055;SRCREF-02056,jira/records/issues/subtasks/POST-SUBTASK-070_materialize_official_score_margin_win_distribution_market_lane_and_bas_support_t.json,jira/issues/subtasks/POST-SUBTASK-070_materialize_official_score_margin_win_distribution_market_lane_and_bas_support_t.md
POST-SUBTASK-071,BAT-421,100375,Subtask,"[POST-SUBTASK-071] Materialize chronological train/tune/protected assignments, sample weights, cold-start rules, and feature/target separation",POST-STORY-024,POST-EPIC-008,PHASE-1,P1,BLOCKED,FUNCTIONAL_STARTER,EMPIRICALLY_VALIDATED,PLANNED,false,POST-SUBTASK-051;POST-SUBTASK-060;POST-SUBTASK-070,true,modeling,PROTECTED_GATE,ATOMIC_EXECUTION,ACTIONABLE_POST_WAVE,POST_W25,13,0,AC-013;AC-015;GAP-008;HANDOFF-006,SRCREF-02049;SRCREF-02050;SRCREF-02051;SRCREF-02052;SRCREF-02053;SRCREF-02054;SRCREF-02055;SRCREF-02056,jira/records/issues/subtasks/POST-SUBTASK-071_materialize_chronological_train_tune_protected_assignments_sample_weights_cold_s.json,jira/issues/subtasks/POST-SUBTASK-071_materialize_chronological_train_tune_protected_assignments_sample_weights_cold_s.md
POST-SUBTASK-072,BAT-422,100376,Subtask,"[POST-SUBTASK-072] Approve model dataset identity, leakage isolation, duplicate handling, and reproducibility",POST-STORY-024,POST-EPIC-008,PHASE-1,P1,BLOCKED,FUNCTIONAL_STARTER,PRODUCTION_READY,PLANNED,false,POST-SUBTASK-051;POST-SUBTASK-060;POST-SUBTASK-070;POST-SUBTASK-071;POST-SUBTASK-033,true,modeling,PROTECTED_GATE,ATOMIC_EXECUTION,ACTIONABLE_POST_WAVE,POST_W25,13,0,AC-013;AC-015;GAP-008;HANDOFF-006,SRCREF-02049;SRCREF-02050;SRCREF-02051;SRCREF-02052;SRCREF-02053;SRCREF-02054;SRCREF-02055;SRCREF-02056,jira/records/issues/subtasks/POST-SUBTASK-072_approve_model_dataset_identity_leakage_isolation_duplicate_handling_and_reproduc.json,jira/issues/subtasks/POST-SUBTASK-072_approve_model_dataset_identity_leakage_isolation_duplicate_handling_and_reproduc.md
POST-SUBTASK-073,BAT-423,100377,Subtask,"[POST-SUBTASK-073] Train naive, historical-average, home-field, rating, regularized linear, tree-boosting, market-free, and market-aware baselines with bounded searches",POST-STORY-025,POST-EPIC-008,PHASE-1,P1,BLOCKED,FUNCTIONAL_STARTER,IMPLEMENTED,PLANNED,false,POST-SUBTASK-072,false,modeling,RESEARCH_LANE,ATOMIC_EXECUTION,ACTIONABLE_POST_WAVE,POST_W25,12,0,GAP-008;HANDOFF-006,SRCREF-02049;SRCREF-02050;SRCREF-02051;SRCREF-02052;SRCREF-02053;SRCREF-02054;SRCREF-02055;SRCREF-02056,jira/records/issues/subtasks/POST-SUBTASK-073_train_naive_historical_average_home_field_rating_regularized_linear_tree_boostin.json,jira/issues/subtasks/POST-SUBTASK-073_train_naive_historical_average_home_field_rating_regularized_linear_tree_boostin.md
POST-SUBTASK-074,BAT-424,100378,Subtask,"[POST-SUBTASK-074] Train joint/separate score-distribution candidates and deterministic-seed simulations deriving margin, win, score, total, interval, and severity outputs coherently",POST-STORY-025,POST-EPIC-008,PHASE-1,P1,BLOCKED,FUNCTIONAL_STARTER,EMPIRICALLY_VALIDATED,PLANNED,false,POST-SUBTASK-072;POST-SUBTASK-073,false,modeling,RESEARCH_LANE,ATOMIC_EXECUTION,ACTIONABLE_POST_WAVE,POST_W25,14,0,GAP-008;HANDOFF-006,SRCREF-02049;SRCREF-02050;SRCREF-02051;SRCREF-02052;SRCREF-02053;SRCREF-02054;SRCREF-02055;SRCREF-02056,jira/records/issues/subtasks/POST-SUBTASK-074_train_joint_separate_score_distribution_candidates_and_deterministic_seed_simula.json,jira/issues/subtasks/POST-SUBTASK-074_train_joint_separate_score_distribution_candidates_and_deterministic_seed_simula.md
POST-SUBTASK-075,BAT-425,100379,Subtask,"[POST-SUBTASK-075] Validate artifacts, tuning predictions, orientation, distribution tails, score-margin-win coherence, runtime, and candidate admission",POST-STORY-025,POST-EPIC-008,PHASE-1,P1,BLOCKED,FUNCTIONAL_STARTER,PRODUCTION_READY,PLANNED,false,POST-SUBTASK-072;POST-SUBTASK-073;POST-SUBTASK-074,false,modeling,PROTECTED_GATE,ATOMIC_EXECUTION,ACTIONABLE_POST_WAVE,POST_W25,14,0,GAP-008;HANDOFF-006,SRCREF-02049;SRCREF-02050;SRCREF-02051;SRCREF-02052;SRCREF-02053;SRCREF-02054;SRCREF-02055;SRCREF-02056,jira/records/issues/subtasks/POST-SUBTASK-075_validate_artifacts_tuning_predictions_orientation_distribution_tails_score_margi.json,jira/issues/subtasks/POST-SUBTASK-075_validate_artifacts_tuning_predictions_orientation_distribution_tails_score_margi.md
POST-SUBTASK-076,BAT-426,100380,Subtask,[POST-SUBTASK-076] Train precommitted task/cutoff/lane calibration and ensemble candidates using permitted tuning predictions,POST-STORY-026,POST-EPIC-008,PHASE-1,P1,BLOCKED,FUNCTIONAL_STARTER,IMPLEMENTED,PLANNED,false,POST-SUBTASK-075,true,modeling,RESEARCH_LANE,ATOMIC_EXECUTION,ACTIONABLE_POST_WAVE,POST_W25,12,0,GAP-008;HANDOFF-006,SRCREF-02049;SRCREF-02050;SRCREF-02051;SRCREF-02052;SRCREF-02053;SRCREF-02054;SRCREF-02055;SRCREF-02056,jira/records/issues/subtasks/POST-SUBTASK-076_train_precommitted_task_cutoff_lane_calibration_and_ensemble_candidates_using_pe.json,jira/issues/subtasks/POST-SUBTASK-076_train_precommitted_task_cutoff_lane_calibration_and_ensemble_candidates_using_pe.md
POST-SUBTASK-077,BAT-427,100381,Subtask,"[POST-SUBTASK-077] Implement sparse-history, missingness, source/regime shift, feature-pattern OOD, uncertainty, and abstention diagnostics",POST-STORY-026,POST-EPIC-008,PHASE-1,P1,BLOCKED,FUNCTIONAL_STARTER,EMPIRICALLY_VALIDATED,PLANNED,false,POST-SUBTASK-075;POST-SUBTASK-076,true,modeling,PROTECTED_GATE,ATOMIC_EXECUTION,ACTIONABLE_POST_WAVE,POST_W25,13,0,GAP-008;HANDOFF-006,SRCREF-02049;SRCREF-02050;SRCREF-02051;SRCREF-02052;SRCREF-02053;SRCREF-02054;SRCREF-02055;SRCREF-02056,jira/records/issues/subtasks/POST-SUBTASK-077_implement_sparse_history_missingness_source_regime_shift_feature_pattern_ood_unc.json,jira/issues/subtasks/POST-SUBTASK-077_implement_sparse_history_missingness_source_regime_shift_feature_pattern_ood_unc.md
POST-SUBTASK-078,BAT-428,100382,Subtask,[POST-SUBTASK-078] Publish the immutable candidate artifact registry for sealed protected evaluation,POST-STORY-026,POST-EPIC-008,PHASE-1,P1,BLOCKED,FUNCTIONAL_STARTER,PRODUCTION_READY,PLANNED,false,POST-SUBTASK-075;POST-SUBTASK-076;POST-SUBTASK-077,true,modeling,PROTECTED_GATE,ATOMIC_EXECUTION,ACTIONABLE_POST_WAVE,POST_W25,14,0,GAP-005;GAP-008;HANDOFF-006;ISSUE-015;ISSUE-016;ISSUE-017;ISSUE-019;ISSUE-020;ISSUE-021;ISSUE-025;ISSUE-029;ISSUE-032;ISSUE-079;ISSUE-083,SRCREF-02049;SRCREF-02050;SRCREF-02051;SRCREF-02052;SRCREF-02053;SRCREF-02054;SRCREF-02055;SRCREF-02056,jira/records/issues/subtasks/POST-SUBTASK-078_publish_the_immutable_candidate_artifact_registry_for_sealed_protected_evaluatio.json,jira/issues/subtasks/POST-SUBTASK-078_publish_the_immutable_candidate_artifact_registry_for_sealed_protected_evaluatio.md
POST-SUBTASK-079,BAT-429,100383,Subtask,"[POST-SUBTASK-079] Acquire quality-supported A&M schedules, rosters, depth, staff, media-guide, participation, availability, and official evidence",POST-STORY-027,POST-EPIC-009,PHASE-3,P1,BLOCKED,FUNCTIONAL_STARTER,IMPLEMENTED,PLANNED,false,POST-SUBTASK-048;POST-SUBTASK-063;POST-SUBTASK-066;POST-SUBTASK-069,false,tamu-specialization,DATA_MATERIALIZATION,ATOMIC_EXECUTION,ACTIONABLE_POST_WAVE,POST_W25,13,0,GAP-006;GAP-009;HANDOFF-007;HANDOFF-008,SRCREF-02057;SRCREF-02058;SRCREF-02059;SRCREF-02060;SRCREF-02061;SRCREF-02062;SRCREF-02063;SRCREF-02001,jira/records/issues/subtasks/POST-SUBTASK-079_acquire_approved_a_and_m_schedules_rosters_depth_staff_media_guide_participation.json,jira/issues/subtasks/POST-SUBTASK-079_acquire_approved_a_and_m_schedules_rosters_depth_staff_media_guide_participation.md
POST-SUBTASK-080,BAT-430,100384,Subtask,[POST-SUBTASK-080] Build high-resolution A&M team/player/staff/context as-of snapshots reconciled with national state,POST-STORY-027,POST-EPIC-009,PHASE-3,P1,BLOCKED,FUNCTIONAL_STARTER,EMPIRICALLY_VALIDATED,PLANNED,false,POST-SUBTASK-048;POST-SUBTASK-063;POST-SUBTASK-066;POST-SUBTASK-069;POST-SUBTASK-079,false,tamu-specialization,DATA_MATERIALIZATION,ATOMIC_EXECUTION,ACTIONABLE_POST_WAVE,POST_W25,13,1,GAP-006;GAP-009;HANDOFF-007;HANDOFF-008,SRCREF-02057;SRCREF-02058;SRCREF-02059;SRCREF-02060;SRCREF-02061;SRCREF-02062;SRCREF-02063;SRCREF-02001,jira/records/issues/subtasks/POST-SUBTASK-080_build_high_resolution_a_and_m_team_player_staff_context_as_of_snapshots_reconcil.json,jira/issues/subtasks/POST-SUBTASK-080_build_high_resolution_a_and_m_team_player_staff_context_as_of_snapshots_reconcil.md
POST-SUBTASK-081,BAT-431,100385,Subtask,"[POST-SUBTASK-081] Validate A&M coverage, source conflicts, rights, identity, PIT integrity, and snapshot reproducibility",POST-STORY-027,POST-EPIC-009,PHASE-3,P1,BLOCKED,FUNCTIONAL_STARTER,PRODUCTION_READY,PLANNED,false,POST-SUBTASK-048;POST-SUBTASK-063;POST-SUBTASK-066;POST-SUBTASK-069;POST-SUBTASK-079;POST-SUBTASK-080,false,tamu-specialization,PROTECTED_GATE,ATOMIC_EXECUTION,ACTIONABLE_POST_WAVE,POST_W25,13,0,GAP-006;GAP-009;HANDOFF-007;HANDOFF-008,SRCREF-02057;SRCREF-02058;SRCREF-02059;SRCREF-02060;SRCREF-02061;SRCREF-02062;SRCREF-02063;SRCREF-02001,jira/records/issues/subtasks/POST-SUBTASK-081_validate_a_and_m_coverage_source_conflicts_rights_identity_pit_integrity_and_sna.json,jira/issues/subtasks/POST-SUBTASK-081_validate_a_and_m_coverage_source_conflicts_rights_identity_pit_integrity_and_sna.md
POST-SUBTASK-082,BAT-432,100386,Subtask,[POST-SUBTASK-082] Materialize pregame-observable peer/regime candidates and prior-only historical analog index with distance diagnostics,POST-STORY-028,POST-EPIC-009,PHASE-3,P1,BLOCKED,FUNCTIONAL_STARTER,IMPLEMENTED,PLANNED,false,POST-SUBTASK-078;POST-SUBTASK-081,false,tamu-specialization,RESEARCH_LANE,ATOMIC_EXECUTION,ACTIONABLE_POST_WAVE,POST_W25,13,0,GAP-009;HANDOFF-007,SRCREF-02057;SRCREF-02058;SRCREF-02059;SRCREF-02060;SRCREF-02061;SRCREF-02062;SRCREF-02063;SRCREF-02001,jira/records/issues/subtasks/POST-SUBTASK-082_materialize_pregame_observable_peer_regime_candidates_and_prior_only_historical_.json,jira/issues/subtasks/POST-SUBTASK-082_materialize_pregame_observable_peer_regime_candidates_and_prior_only_historical_.md
POST-SUBTASK-083,BAT-433,100387,Subtask,"[POST-SUBTASK-083] Train global-only, no-adjustment, residual, hierarchical, calibration, shrinkage, and feature-interaction A&M candidates on permitted history",POST-STORY-028,POST-EPIC-009,PHASE-3,P1,BLOCKED,FUNCTIONAL_STARTER,EMPIRICALLY_VALIDATED,PLANNED,false,POST-SUBTASK-078;POST-SUBTASK-081;POST-SUBTASK-082,false,tamu-specialization,RESEARCH_LANE,ATOMIC_EXECUTION,ACTIONABLE_POST_WAVE,POST_W25,11,0,GAP-009;HANDOFF-007,SRCREF-02057;SRCREF-02058;SRCREF-02059;SRCREF-02060;SRCREF-02061;SRCREF-02062;SRCREF-02063;SRCREF-02001,jira/records/issues/subtasks/POST-SUBTASK-083_train_global_only_no_adjustment_residual_hierarchical_calibration_shrinkage_and_.json,jira/issues/subtasks/POST-SUBTASK-083_train_global_only_no_adjustment_residual_hierarchical_calibration_shrinkage_and_.md
POST-SUBTASK-084,BAT-434,100388,Subtask,"[POST-SUBTASK-084] Validate peer/analog anti-selection, tuning lift/stability/uncertainty, and seal admissible candidates plus the no-adjustment fallback",POST-STORY-028,POST-EPIC-009,PHASE-3,P1,BLOCKED,FUNCTIONAL_STARTER,PRODUCTION_READY,PLANNED,false,POST-SUBTASK-078;POST-SUBTASK-081;POST-SUBTASK-082;POST-SUBTASK-083,false,tamu-specialization,PROTECTED_GATE,ATOMIC_EXECUTION,ACTIONABLE_POST_WAVE,POST_W25,13,0,GAP-009;HANDOFF-007,SRCREF-02057;SRCREF-02058;SRCREF-02059;SRCREF-02060;SRCREF-02061;SRCREF-02062;SRCREF-02063;SRCREF-02001,jira/records/issues/subtasks/POST-SUBTASK-084_validate_peer_analog_anti_selection_tuning_lift_stability_uncertainty_and_seal_a.json,jira/issues/subtasks/POST-SUBTASK-084_validate_peer_analog_anti_selection_tuning_lift_stability_uncertainty_and_seal_a.md
POST-SUBTASK-085,BAT-435,100389,Subtask,[POST-SUBTASK-085] Generate sealed global-only and A&M candidate predictions inside identical protected chronological replay,POST-STORY-029,POST-EPIC-009,PHASE-3,P1,BLOCKED,FUNCTIONAL_STARTER,IMPLEMENTED,PLANNED,false,POST-SUBTASK-084;POST-SUBTASK-102,false,tamu-specialization,PROTECTED_GATE,ATOMIC_EXECUTION,ACTIONABLE_POST_WAVE,POST_W25,13,0,GAP-009;HANDOFF-007,SRCREF-02057;SRCREF-02058;SRCREF-02059;SRCREF-02060;SRCREF-02061;SRCREF-02062;SRCREF-02063;SRCREF-02001,jira/records/issues/subtasks/POST-SUBTASK-085_generate_sealed_global_only_and_a_and_m_candidate_predictions_inside_identical_p.json,jira/issues/subtasks/POST-SUBTASK-085_generate_sealed_global_only_and_a_and_m_candidate_predictions_inside_identical_p.md
POST-SUBTASK-086,BAT-436,100390,Subtask,"[POST-SUBTASK-086] Measure incremental accuracy, calibration, stability, uncertainty, data-quality sensitivity, and multiple-comparison context",POST-STORY-029,POST-EPIC-009,PHASE-3,P1,BLOCKED,FUNCTIONAL_STARTER,EMPIRICALLY_VALIDATED,PLANNED,false,POST-SUBTASK-084;POST-SUBTASK-085;POST-SUBTASK-102,false,tamu-specialization,SCIENTIFIC,ATOMIC_EXECUTION,ACTIONABLE_POST_WAVE,POST_W25,13,0,GAP-009;HANDOFF-007,SRCREF-02057;SRCREF-02058;SRCREF-02059;SRCREF-02060;SRCREF-02061;SRCREF-02062;SRCREF-02063;SRCREF-02001,jira/records/issues/subtasks/POST-SUBTASK-086_measure_incremental_accuracy_calibration_stability_uncertainty_data_quality_sens.json,jira/issues/subtasks/POST-SUBTASK-086_measure_incremental_accuracy_calibration_stability_uncertainty_data_quality_sens.md
POST-SUBTASK-087,BAT-437,100391,Subtask,[POST-SUBTASK-087] Publish the protected A&M specialization admission or no-adjustment decision and integrate it consistently,POST-STORY-029,POST-EPIC-009,PHASE-3,P1,BLOCKED,FUNCTIONAL_STARTER,PRODUCTION_READY,PLANNED,false,POST-SUBTASK-084;POST-SUBTASK-085;POST-SUBTASK-086;POST-SUBTASK-102,false,tamu-specialization,PROTECTED_GATE,ATOMIC_EXECUTION,ACTIONABLE_POST_WAVE,POST_W25,14,0,GAP-006;GAP-009;HANDOFF-007;HANDOFF-008;ISSUE-009,SRCREF-02057;SRCREF-02058;SRCREF-02059;SRCREF-02060;SRCREF-02061;SRCREF-02062;SRCREF-02063;SRCREF-02001,jira/records/issues/subtasks/POST-SUBTASK-087_publish_the_protected_a_and_m_specialization_admission_or_no_adjustment_decision.json,jira/issues/subtasks/POST-SUBTASK-087_publish_the_protected_a_and_m_specialization_admission_or_no_adjustment_decision.md
POST-SUBTASK-088,BAT-438,100392,Subtask,[POST-SUBTASK-088] Generate out-of-fold or chronological cross-fitted pregame expected margins for every eligible historical game,POST-STORY-030,POST-EPIC-010,PHASE-3,P1,BLOCKED,FUNCTIONAL_STARTER,IMPLEMENTED,PLANNED,false,POST-SUBTASK-051;POST-SUBTASK-078,false,bas-science,SCIENTIFIC,ATOMIC_EXECUTION,ACTIONABLE_POST_WAVE,POST_W25,14,0,AC-020;AC-021;GAP-009;HANDOFF-009,SRCREF-02064;SRCREF-02065;SRCREF-02066;SRCREF-02067;SRCREF-02068;SRCREF-02069;SRCREF-02070;SRCREF-02001,jira/records/issues/subtasks/POST-SUBTASK-088_generate_out_of_fold_or_chronological_cross_fitted_pregame_expected_margins_for_.json,jira/issues/subtasks/POST-SUBTASK-088_generate_out_of_fold_or_chronological_cross_fitted_pregame_expected_margins_for_.md
POST-SUBTASK-089,BAT-439,100393,Subtask,"[POST-SUBTASK-089] Materialize general surprise and A&M BAS severity labels at protected ≥3, ≥7, ≥14, and ≥21 thresholds",POST-STORY-030,POST-EPIC-010,PHASE-3,P1,BLOCKED,FUNCTIONAL_STARTER,EMPIRICALLY_VALIDATED,PLANNED,false,POST-SUBTASK-051;POST-SUBTASK-078;POST-SUBTASK-088,false,bas-science,PROTECTED_GATE,ATOMIC_EXECUTION,ACTIONABLE_POST_WAVE,POST_W25,13,0,AC-020;AC-021;GAP-009;HANDOFF-009,SRCREF-02064;SRCREF-02065;SRCREF-02066;SRCREF-02067;SRCREF-02068;SRCREF-02069;SRCREF-02070;SRCREF-02001,jira/records/issues/subtasks/POST-SUBTASK-089_materialize_general_surprise_and_a_and_m_bas_severity_labels_at_protected_3_7_14.json,jira/issues/subtasks/POST-SUBTASK-089_materialize_general_surprise_and_a_and_m_bas_severity_labels_at_protected_3_7_14.md
POST-SUBTASK-090,BAT-440,100394,Subtask,"[POST-SUBTASK-090] Validate direction, thresholds, row lineage, fold isolation, and anti-circularity",POST-STORY-030,POST-EPIC-010,PHASE-3,P1,BLOCKED,FUNCTIONAL_STARTER,PRODUCTION_READY,PLANNED,false,POST-SUBTASK-051;POST-SUBTASK-078;POST-SUBTASK-088;POST-SUBTASK-089,false,bas-science,PROTECTED_GATE,ATOMIC_EXECUTION,ACTIONABLE_POST_WAVE,POST_W25,13,0,AC-020;AC-021;GAP-009;HANDOFF-009,SRCREF-02064;SRCREF-02065;SRCREF-02066;SRCREF-02067;SRCREF-02068;SRCREF-02069;SRCREF-02070;SRCREF-02001,jira/records/issues/subtasks/POST-SUBTASK-090_validate_direction_thresholds_row_lineage_fold_isolation_and_anti_circularity.json,jira/issues/subtasks/POST-SUBTASK-090_validate_direction_thresholds_row_lineage_fold_isolation_and_anti_circularity.md
POST-SUBTASK-091,BAT-441,100395,Subtask,[POST-SUBTASK-091] Estimate out-of-sample general FBS severity probabilities and residual distributions across seasons/regimes/contexts,POST-STORY-031,POST-EPIC-010,PHASE-3,P1,BLOCKED,FUNCTIONAL_STARTER,IMPLEMENTED,PLANNED,false,POST-SUBTASK-084;POST-SUBTASK-090,false,bas-science,SCIENTIFIC,ATOMIC_EXECUTION,ACTIONABLE_POST_WAVE,POST_W25,13,0,GAP-009;HANDOFF-009,SRCREF-02064;SRCREF-02065;SRCREF-02066;SRCREF-02067;SRCREF-02068;SRCREF-02069;SRCREF-02070;SRCREF-02001,jira/records/issues/subtasks/POST-SUBTASK-091_estimate_out_of_sample_general_fbs_severity_probabilities_and_residual_distribut.json,jira/issues/subtasks/POST-SUBTASK-091_estimate_out_of_sample_general_fbs_severity_probabilities_and_residual_distribut.md
POST-SUBTASK-092,BAT-442,100396,Subtask,"[POST-SUBTASK-092] Estimate A&M excess versus FBS, precommitted peers/regimes, and matched contexts plus offensive/defensive/special-teams/collapse component evidence",POST-STORY-031,POST-EPIC-010,PHASE-3,P1,BLOCKED,FUNCTIONAL_STARTER,EMPIRICALLY_VALIDATED,PLANNED,false,POST-SUBTASK-084;POST-SUBTASK-090;POST-SUBTASK-091,false,bas-science,SCIENTIFIC,ATOMIC_EXECUTION,ACTIONABLE_POST_WAVE,POST_W25,12,0,GAP-009;HANDOFF-009,SRCREF-02064;SRCREF-02065;SRCREF-02066;SRCREF-02067;SRCREF-02068;SRCREF-02069;SRCREF-02070;SRCREF-02001,jira/records/issues/subtasks/POST-SUBTASK-092_estimate_a_and_m_excess_versus_fbs_precommitted_peers_regimes_and_matched_contex.json,jira/issues/subtasks/POST-SUBTASK-092_estimate_a_and_m_excess_versus_fbs_precommitted_peers_regimes_and_matched_contex.md
POST-SUBTASK-093,BAT-443,100397,Subtask,"[POST-SUBTASK-093] Validate peer sensitivity, multiple comparisons, component coherence, uncertainty, coverage, and null-result handling",POST-STORY-031,POST-EPIC-010,PHASE-3,P1,BLOCKED,FUNCTIONAL_STARTER,PRODUCTION_READY,PLANNED,false,POST-SUBTASK-084;POST-SUBTASK-090;POST-SUBTASK-091;POST-SUBTASK-092,false,bas-science,PROTECTED_GATE,ATOMIC_EXECUTION,ACTIONABLE_POST_WAVE,POST_W25,12,0,GAP-009;HANDOFF-009,SRCREF-02064;SRCREF-02065;SRCREF-02066;SRCREF-02067;SRCREF-02068;SRCREF-02069;SRCREF-02070;SRCREF-02001,jira/records/issues/subtasks/POST-SUBTASK-093_validate_peer_sensitivity_multiple_comparisons_component_coherence_uncertainty_c.json,jira/issues/subtasks/POST-SUBTASK-093_validate_peer_sensitivity_multiple_comparisons_component_coherence_uncertainty_c.md
POST-SUBTASK-094,BAT-444,100398,Subtask,"[POST-SUBTASK-094] Evaluate ≥3/7/14/21 calibration, discrimination, reliability, uncertainty, and national/A&M/peer/regime scorecards on sealed predictions",POST-STORY-032,POST-EPIC-010,PHASE-3,P1,BLOCKED,FUNCTIONAL_STARTER,IMPLEMENTED,PLANNED,false,POST-SUBTASK-093;POST-SUBTASK-102,false,bas-science,SCIENTIFIC,ATOMIC_EXECUTION,ACTIONABLE_POST_WAVE,POST_W25,13,0,GAP-009;HANDOFF-009,SRCREF-02064;SRCREF-02065;SRCREF-02066;SRCREF-02067;SRCREF-02068;SRCREF-02069;SRCREF-02070;SRCREF-02001,jira/records/issues/subtasks/POST-SUBTASK-094_evaluate_3_7_14_21_calibration_discrimination_reliability_uncertainty_and_nation.json,jira/issues/subtasks/POST-SUBTASK-094_evaluate_3_7_14_21_calibration_discrimination_reliability_uncertainty_and_nation.md
POST-SUBTASK-095,BAT-445,100399,Subtask,"[POST-SUBTASK-095] Run precommitted temporal, peer, regime, model, cutoff, missingness, data-quality, and specification sensitivity analyses",POST-STORY-032,POST-EPIC-010,PHASE-3,P1,BLOCKED,FUNCTIONAL_STARTER,EMPIRICALLY_VALIDATED,PLANNED,false,POST-SUBTASK-093;POST-SUBTASK-094;POST-SUBTASK-102,false,bas-science,SCIENTIFIC,ATOMIC_EXECUTION,ACTIONABLE_POST_WAVE,POST_W25,13,0,GAP-009;HANDOFF-009,SRCREF-02064;SRCREF-02065;SRCREF-02066;SRCREF-02067;SRCREF-02068;SRCREF-02069;SRCREF-02070;SRCREF-02001,jira/records/issues/subtasks/POST-SUBTASK-095_run_precommitted_temporal_peer_regime_model_cutoff_missingness_data_quality_and_.json,jira/issues/subtasks/POST-SUBTASK-095_run_precommitted_temporal_peer_regime_model_cutoff_missingness_data_quality_and_.md
POST-SUBTASK-096,BAT-446,100400,Subtask,[POST-SUBTASK-096] Publish the final BAS scientific decision and prediction-first product language contract,POST-STORY-032,POST-EPIC-010,PHASE-3,P1,BLOCKED,FUNCTIONAL_STARTER,PRODUCTION_READY,PLANNED,false,POST-SUBTASK-093;POST-SUBTASK-094;POST-SUBTASK-095;POST-SUBTASK-102,false,bas-science,PROTECTED_GATE,ATOMIC_EXECUTION,ACTIONABLE_POST_WAVE,POST_W25,14,0,GAP-007;GAP-009;HANDOFF-009;ISSUE-027;ISSUE-031;ISSUE-043;ISSUE-084;ISSUE-106;ISSUE-107;ISSUE-109;ISSUE-110;ISSUE-111;ISSUE-112;ISSUE-114,SRCREF-02064;SRCREF-02065;SRCREF-02066;SRCREF-02067;SRCREF-02068;SRCREF-02069;SRCREF-02070;SRCREF-02001,jira/records/issues/subtasks/POST-SUBTASK-096_publish_the_final_bas_scientific_decision_and_prediction_first_product_language_.json,jira/issues/subtasks/POST-SUBTASK-096_publish_the_final_bas_scientific_decision_and_prediction_first_product_language_.md
POST-SUBTASK-097,BAT-447,100401,Subtask,"[POST-SUBTASK-097] Verify protected split, judging-rule, threshold, feature, model, A&M, BAS, peer, and candidate seal hashes",POST-STORY-033,POST-EPIC-011,PHASE-4,P1,BLOCKED,FUNCTIONAL_STARTER,IMPLEMENTED,PLANNED,false,POST-SUBTASK-078;POST-SUBTASK-084;POST-SUBTASK-090,true,validation-promotion,PROTECTED_GATE,ATOMIC_EXECUTION,ACTIONABLE_POST_WAVE,POST_W25,13,0,AC-013;AC-015;AC-017;GAP-008;GAP-009;HANDOFF-006;HANDOFF-007;HANDOFF-009,SRCREF-02071;SRCREF-02072;SRCREF-02073;SRCREF-02074;SRCREF-02075;SRCREF-02076;SRCREF-02077;SRCREF-02078,jira/records/issues/subtasks/POST-SUBTASK-097_verify_protected_split_judging_rule_threshold_feature_model_a_and_m_bas_peer_and.json,jira/issues/subtasks/POST-SUBTASK-097_verify_protected_split_judging_rule_threshold_feature_model_a_and_m_bas_peer_and.md
POST-SUBTASK-098,BAT-448,100402,Subtask,"[POST-SUBTASK-098] Establish protected-outcome access isolation, audit logging, one-way evidence, and failure preservation",POST-STORY-033,POST-EPIC-011,PHASE-4,P1,BLOCKED,FUNCTIONAL_STARTER,EMPIRICALLY_VALIDATED,PLANNED,false,POST-SUBTASK-078;POST-SUBTASK-084;POST-SUBTASK-090;POST-SUBTASK-097,true,validation-promotion,SECURITY,ATOMIC_EXECUTION,ACTIONABLE_POST_WAVE,POST_W25,14,0,AC-013;AC-015;AC-017;GAP-008;GAP-009;HANDOFF-006;HANDOFF-007;HANDOFF-009,SRCREF-02071;SRCREF-02072;SRCREF-02073;SRCREF-02074;SRCREF-02075;SRCREF-02076;SRCREF-02077;SRCREF-02078,jira/records/issues/subtasks/POST-SUBTASK-098_establish_protected_outcome_access_isolation_audit_logging_one_way_evidence_and_.json,jira/issues/subtasks/POST-SUBTASK-098_establish_protected_outcome_access_isolation_audit_logging_one_way_evidence_and_.md
POST-SUBTASK-099,BAT-449,100403,Subtask,[POST-SUBTASK-099] Authorize or block the exact sealed protected evaluation run,POST-STORY-033,POST-EPIC-011,PHASE-4,P1,BLOCKED,FUNCTIONAL_STARTER,PRODUCTION_READY,PLANNED,false,POST-SUBTASK-078;POST-SUBTASK-084;POST-SUBTASK-090;POST-SUBTASK-097;POST-SUBTASK-098,true,validation-promotion,PROTECTED_GATE,ATOMIC_EXECUTION,ACTIONABLE_POST_WAVE,POST_W25,13,0,AC-013;AC-015;AC-017;GAP-008;GAP-009;HANDOFF-006;HANDOFF-007;HANDOFF-009,SRCREF-02071;SRCREF-02072;SRCREF-02073;SRCREF-02074;SRCREF-02075;SRCREF-02076;SRCREF-02077;SRCREF-02078,jira/records/issues/subtasks/POST-SUBTASK-099_authorize_or_block_the_exact_sealed_protected_evaluation_run.json,jira/issues/subtasks/POST-SUBTASK-099_authorize_or_block_the_exact_sealed_protected_evaluation_run.md
POST-SUBTASK-100,BAT-450,100404,Subtask,"[POST-SUBTASK-100] Execute the sealed national, A&M-candidate, and BAS-support chronological replay once",POST-STORY-034,POST-EPIC-011,PHASE-4,P1,BLOCKED,FUNCTIONAL_STARTER,IMPLEMENTED,PLANNED,false,POST-SUBTASK-099,true,validation-promotion,PROTECTED_GATE,ATOMIC_EXECUTION,ACTIONABLE_POST_WAVE,POST_W25,13,0,GAP-008;GAP-009;HANDOFF-006,SRCREF-02071;SRCREF-02072;SRCREF-02073;SRCREF-02074;SRCREF-02075;SRCREF-02076;SRCREF-02077;SRCREF-02078,jira/records/issues/subtasks/POST-SUBTASK-100_execute_the_sealed_national_a_and_m_candidate_and_bas_support_chronological_repl.json,jira/issues/subtasks/POST-SUBTASK-100_execute_the_sealed_national_a_and_m_candidate_and_bas_support_chronological_repl.md
POST-SUBTASK-101,BAT-451,100405,Subtask,"[POST-SUBTASK-101] Compute complete score, margin, win, distribution, calibration, BAS, A&M, OOD, coherence, robustness, market-lane, and segment scorecards",POST-STORY-034,POST-EPIC-011,PHASE-4,P1,BLOCKED,FUNCTIONAL_STARTER,EMPIRICALLY_VALIDATED,PLANNED,false,POST-SUBTASK-099;POST-SUBTASK-100,true,validation-promotion,SCIENTIFIC,ATOMIC_EXECUTION,ACTIONABLE_POST_WAVE,POST_W25,13,0,GAP-008;GAP-009;HANDOFF-006,SRCREF-02071;SRCREF-02072;SRCREF-02073;SRCREF-02074;SRCREF-02075;SRCREF-02076;SRCREF-02077;SRCREF-02078,jira/records/issues/subtasks/POST-SUBTASK-101_compute_complete_score_margin_win_distribution_calibration_bas_a_and_m_ood_coher.json,jira/issues/subtasks/POST-SUBTASK-101_compute_complete_score_margin_win_distribution_calibration_bas_a_and_m_ood_coher.md
POST-SUBTASK-102,BAT-452,100406,Subtask,"[POST-SUBTASK-102] Validate prediction coverage, scorecard completeness, hashes, ordering, no-early-access, and independent reproducibility",POST-STORY-034,POST-EPIC-011,PHASE-4,P1,BLOCKED,FUNCTIONAL_STARTER,PRODUCTION_READY,PLANNED,false,POST-SUBTASK-099;POST-SUBTASK-100;POST-SUBTASK-101,true,validation-promotion,PROTECTED_GATE,ATOMIC_EXECUTION,ACTIONABLE_POST_WAVE,POST_W25,13,0,GAP-008;GAP-009;HANDOFF-006,SRCREF-02071;SRCREF-02072;SRCREF-02073;SRCREF-02074;SRCREF-02075;SRCREF-02076;SRCREF-02077;SRCREF-02078,jira/records/issues/subtasks/POST-SUBTASK-102_validate_prediction_coverage_scorecard_completeness_hashes_ordering_no_early_acc.json,jira/issues/subtasks/POST-SUBTASK-102_validate_prediction_coverage_scorecard_completeness_hashes_ordering_no_early_acc.md
POST-SUBTASK-103,BAT-453,100407,Subtask,"[POST-SUBTASK-103] Evaluate task-specific calibration, intervals, tails, coherence, OOD, missingness, season/regime/source shift, market ablation, and resource robustness",POST-STORY-035,POST-EPIC-011,PHASE-4,P1,BLOCKED,FUNCTIONAL_STARTER,IMPLEMENTED,PLANNED,false,POST-SUBTASK-087;POST-SUBTASK-096;POST-SUBTASK-102,true,validation-promotion,SCIENTIFIC,ATOMIC_EXECUTION,ACTIONABLE_POST_WAVE,POST_W25,14,0,GAP-008;GAP-009;HANDOFF-006,SRCREF-02071;SRCREF-02072;SRCREF-02073;SRCREF-02074;SRCREF-02075;SRCREF-02076;SRCREF-02077;SRCREF-02078,jira/records/issues/subtasks/POST-SUBTASK-103_evaluate_task_specific_calibration_intervals_tails_coherence_ood_missingness_sea.json,jira/issues/subtasks/POST-SUBTASK-103_evaluate_task_specific_calibration_intervals_tails_coherence_ood_missingness_sea.md
POST-SUBTASK-104,BAT-454,100408,Subtask,"[POST-SUBTASK-104] Apply the precommitted multi-task promotion policy, uncertainty, simplicity, operational compatibility, A&M decision, and BAS scientific decision",POST-STORY-035,POST-EPIC-011,PHASE-4,P1,BLOCKED,FUNCTIONAL_STARTER,EMPIRICALLY_VALIDATED,PLANNED,false,POST-SUBTASK-087;POST-SUBTASK-096;POST-SUBTASK-102;POST-SUBTASK-103,true,validation-promotion,PROTECTED_GATE,ATOMIC_EXECUTION,ACTIONABLE_POST_WAVE,POST_W25,13,0,GAP-008;GAP-009;HANDOFF-006,SRCREF-02071;SRCREF-02072;SRCREF-02073;SRCREF-02074;SRCREF-02075;SRCREF-02076;SRCREF-02077;SRCREF-02078,jira/records/issues/subtasks/POST-SUBTASK-104_apply_the_precommitted_multi_task_promotion_policy_uncertainty_simplicity_operat.json,jira/issues/subtasks/POST-SUBTASK-104_apply_the_precommitted_multi_task_promotion_policy_uncertainty_simplicity_operat.md
POST-SUBTASK-105,BAT-455,100409,Subtask,[POST-SUBTASK-105] Publish signed champion/retain-incumbent/no-champion artifacts and the full promotion gate matrix,POST-STORY-035,POST-EPIC-011,PHASE-4,P1,BLOCKED,FUNCTIONAL_STARTER,PRODUCTION_READY,PLANNED,false,POST-SUBTASK-087;POST-SUBTASK-096;POST-SUBTASK-102;POST-SUBTASK-103;POST-SUBTASK-104,true,validation-promotion,PROTECTED_GATE,ATOMIC_EXECUTION,ACTIONABLE_POST_WAVE,POST_W25,14,0,GAP-008;GAP-009;HANDOFF-006;HANDOFF-007;ISSUE-030;ISSUE-038,SRCREF-02071;SRCREF-02072;SRCREF-02073;SRCREF-02074;SRCREF-02075;SRCREF-02076;SRCREF-02077;SRCREF-02078,jira/records/issues/subtasks/POST-SUBTASK-105_publish_signed_champion_retain_incumbent_no_champion_artifacts_and_the_full_prom.json,jira/issues/subtasks/POST-SUBTASK-105_publish_signed_champion_retain_incumbent_no_champion_artifacts_and_the_full_prom.md
POST-SUBTASK-106,BAT-456,100410,Subtask,"[POST-SUBTASK-106] Wire approved adapters through immutable raw capture, normalization, entities, PIT state, features, approved model, calibration, and prediction",POST-STORY-036,POST-EPIC-012,PHASE-4,P2,BLOCKED,FUNCTIONAL_STARTER,IMPLEMENTED,PLANNED,false,POST-SUBTASK-024;POST-SUBTASK-105,false,mlops,SHARED_CONTRACT,ATOMIC_EXECUTION,ACTIONABLE_POST_WAVE,POST_W25,12,0,GAP-012;HANDOFF-010,SRCREF-02079;SRCREF-02080;SRCREF-02081;SRCREF-02082;SRCREF-02083;SRCREF-02084;SRCREF-02001;SRCREF-02002,jira/records/issues/subtasks/POST-SUBTASK-106_wire_approved_adapters_through_immutable_raw_capture_normalization_entities_pit_.json,jira/issues/subtasks/POST-SUBTASK-106_wire_approved_adapters_through_immutable_raw_capture_normalization_entities_pit_.md
POST-SUBTASK-107,BAT-457,100411,Subtask,"[POST-SUBTASK-107] Implement deterministic run identities, checkpoints, retries, resume, quarantine, rerun, and failure propagation",POST-STORY-036,POST-EPIC-012,PHASE-4,P2,BLOCKED,FUNCTIONAL_STARTER,EMPIRICALLY_VALIDATED,PLANNED,false,POST-SUBTASK-024;POST-SUBTASK-105;POST-SUBTASK-106,false,mlops,OPERATIONS,ATOMIC_EXECUTION,ACTIONABLE_POST_WAVE,POST_W25,11,2,GAP-012;HANDOFF-010,SRCREF-02079;SRCREF-02080;SRCREF-02081;SRCREF-02082;SRCREF-02083;SRCREF-02084;SRCREF-02001;SRCREF-02002,jira/records/issues/subtasks/POST-SUBTASK-107_implement_deterministic_run_identities_checkpoints_retries_resume_quarantine_rer.json,jira/issues/subtasks/POST-SUBTASK-107_implement_deterministic_run_identities_checkpoints_retries_resume_quarantine_rer.md
POST-SUBTASK-108,BAT-458,100412,Subtask,"[POST-SUBTASK-108] Validate representative real end-to-end run lineage, resources, blockers, and no-fixture production behavior",POST-STORY-036,POST-EPIC-012,PHASE-4,P2,BLOCKED,FUNCTIONAL_STARTER,PRODUCTION_READY,PLANNED,false,POST-SUBTASK-024;POST-SUBTASK-105;POST-SUBTASK-106;POST-SUBTASK-107,false,mlops,PROTECTED_GATE,ATOMIC_EXECUTION,ACTIONABLE_POST_WAVE,POST_W25,12,0,GAP-012;HANDOFF-010,SRCREF-02079;SRCREF-02080;SRCREF-02081;SRCREF-02082;SRCREF-02083;SRCREF-02084;SRCREF-02001;SRCREF-02002,jira/records/issues/subtasks/POST-SUBTASK-108_validate_representative_real_end_to_end_run_lineage_resources_blockers_and_no_fi.json,jira/issues/subtasks/POST-SUBTASK-108_validate_representative_real_end_to_end_run_lineage_resources_blockers_and_no_fi.md
POST-SUBTASK-109,BAT-459,100413,Subtask,[POST-SUBTASK-109] Implement season/week/data-drift/performance retraining triggers and execute reproducible challenger runs against the current champion,POST-STORY-037,POST-EPIC-012,PHASE-4,P2,BLOCKED,FUNCTIONAL_STARTER,IMPLEMENTED,PLANNED,false,POST-SUBTASK-108,false,mlops,RESEARCH_LANE,ATOMIC_EXECUTION,ACTIONABLE_POST_WAVE,POST_W25,11,1,GAP-012;HANDOFF-010,SRCREF-02079;SRCREF-02080;SRCREF-02081;SRCREF-02082;SRCREF-02083;SRCREF-02084;SRCREF-02001;SRCREF-02002,jira/records/issues/subtasks/POST-SUBTASK-109_implement_season_week_data_drift_performance_retraining_triggers_and_execute_rep.json,jira/issues/subtasks/POST-SUBTASK-109_implement_season_week_data_drift_performance_retraining_triggers_and_execute_rep.md
POST-SUBTASK-110,BAT-460,100414,Subtask,[POST-SUBTASK-110] Build immutable forecast snapshots containing coherent scores/probabilities/uncertainty/A&M/BAS outputs plus exact state/run/model identities,POST-STORY-037,POST-EPIC-012,PHASE-4,P2,BLOCKED,FUNCTIONAL_STARTER,EMPIRICALLY_VALIDATED,PLANNED,false,POST-SUBTASK-108;POST-SUBTASK-109,false,mlops,SHARED_CONTRACT,ATOMIC_EXECUTION,ACTIONABLE_POST_WAVE,POST_W25,10,0,GAP-012;HANDOFF-010,SRCREF-02079;SRCREF-02080;SRCREF-02081;SRCREF-02082;SRCREF-02083;SRCREF-02084;SRCREF-02001;SRCREF-02002,jira/records/issues/subtasks/POST-SUBTASK-110_build_immutable_forecast_snapshots_containing_coherent_scores_probabilities_unce.json,jira/issues/subtasks/POST-SUBTASK-110_build_immutable_forecast_snapshots_containing_coherent_scores_probabilities_unce.md
POST-SUBTASK-111,BAT-461,100415,Subtask,"[POST-SUBTASK-111] Apply promotion/rollback policy, atomically activate approved snapshots, and validate immutability/freshness/consumer compatibility",POST-STORY-037,POST-EPIC-012,PHASE-4,P2,BLOCKED,FUNCTIONAL_STARTER,PRODUCTION_READY,PLANNED,false,POST-SUBTASK-108;POST-SUBTASK-109;POST-SUBTASK-110,false,mlops,PROTECTED_GATE,ATOMIC_EXECUTION,ACTIONABLE_POST_WAVE,POST_W25,10,0,GAP-012;HANDOFF-010,SRCREF-02079;SRCREF-02080;SRCREF-02081;SRCREF-02082;SRCREF-02083;SRCREF-02084;SRCREF-02001;SRCREF-02002,jira/records/issues/subtasks/POST-SUBTASK-111_apply_promotion_rollback_policy_atomically_activate_approved_snapshots_and_valid.json,jira/issues/subtasks/POST-SUBTASK-111_apply_promotion_rollback_policy_atomically_activate_approved_snapshots_and_valid.md
POST-SUBTASK-112,BAT-462,100416,Subtask,"[POST-SUBTASK-112] Execute repeated real-source shadow weekly runs with timeliness, freshness, resource, coverage, intervention, and failure ledger",POST-STORY-038,POST-EPIC-012,PHASE-4,P2,BLOCKED,FUNCTIONAL_STARTER,IMPLEMENTED,PLANNED,false,POST-SUBTASK-111,false,mlops,OPERATIONS,ATOMIC_EXECUTION,ACTIONABLE_POST_WAVE,POST_W25,12,0,GAP-012;HANDOFF-010;HANDOFF-011,SRCREF-02079;SRCREF-02080;SRCREF-02081;SRCREF-02082;SRCREF-02083;SRCREF-02084;SRCREF-02001;SRCREF-02002,jira/records/issues/subtasks/POST-SUBTASK-112_execute_repeated_real_source_shadow_weekly_runs_with_timeliness_freshness_resour.json,jira/issues/subtasks/POST-SUBTASK-112_execute_repeated_real_source_shadow_weekly_runs_with_timeliness_freshness_resour.md
POST-SUBTASK-113,BAT-463,100417,Subtask,"[POST-SUBTASK-113] Run source outage, schema drift, disk pressure, corrupt artifact, stale forecast, interrupted run, and rollback drills",POST-STORY-038,POST-EPIC-012,PHASE-4,P2,BLOCKED,FUNCTIONAL_STARTER,EMPIRICALLY_VALIDATED,PLANNED,false,POST-SUBTASK-111;POST-SUBTASK-112,false,mlops,OPERATIONS,ATOMIC_EXECUTION,ACTIONABLE_POST_WAVE,POST_W25,11,0,GAP-012;HANDOFF-010;HANDOFF-011,SRCREF-02079;SRCREF-02080;SRCREF-02081;SRCREF-02082;SRCREF-02083;SRCREF-02084;SRCREF-02001;SRCREF-02002,jira/records/issues/subtasks/POST-SUBTASK-113_run_source_outage_schema_drift_disk_pressure_corrupt_artifact_stale_forecast_int.json,jira/issues/subtasks/POST-SUBTASK-113_run_source_outage_schema_drift_disk_pressure_corrupt_artifact_stale_forecast_int.md
POST-SUBTASK-114,BAT-464,100418,Subtask,[POST-SUBTASK-114] Approve or retain-blocked the autonomous weekly operating maturity decision,POST-STORY-038,POST-EPIC-012,PHASE-4,P2,BLOCKED,FUNCTIONAL_STARTER,PRODUCTION_READY,PLANNED,false,POST-SUBTASK-111;POST-SUBTASK-112;POST-SUBTASK-113,false,mlops,PROTECTED_GATE,ATOMIC_EXECUTION,ACTIONABLE_POST_WAVE,POST_W25,12,0,GAP-012;HANDOFF-010;HANDOFF-011;ISSUE-010;ISSUE-033;ISSUE-081,SRCREF-02079;SRCREF-02080;SRCREF-02081;SRCREF-02082;SRCREF-02083;SRCREF-02084;SRCREF-02001;SRCREF-02002,jira/records/issues/subtasks/POST-SUBTASK-114_approve_or_retain_blocked_the_autonomous_weekly_operating_maturity_decision.json,jira/issues/subtasks/POST-SUBTASK-114_approve_or_retain_blocked_the_autonomous_weekly_operating_maturity_decision.md
POST-SUBTASK-115,BAT-465,100419,Subtask,"[POST-SUBTASK-115] Implement approved active/archive snapshot repository, model/run lookup, and atomic read behavior",POST-STORY-039,POST-EPIC-013,PHASE-4,P2,BLOCKED,FUNCTIONAL_STARTER,IMPLEMENTED,PLANNED,false,POST-SUBTASK-111,false,serving-product,SOLO_WORKTREE,ATOMIC_EXECUTION,ACTIONABLE_POST_WAVE,POST_W25,12,2,GAP-012;HANDOFF-011,SRCREF-02085;SRCREF-02086;SRCREF-02087;SRCREF-02088;SRCREF-02089;SRCREF-02090;SRCREF-02091;SRCREF-02001,jira/records/issues/subtasks/POST-SUBTASK-115_implement_approved_active_archive_snapshot_repository_model_run_lookup_and_atomi.json,jira/issues/subtasks/POST-SUBTASK-115_implement_approved_active_archive_snapshot_repository_model_run_lookup_and_atomi.md
POST-SUBTASK-116,BAT-466,100420,Subtask,[POST-SUBTASK-116] Implement versioned forecast/game/team/A&M/BAS/health/freshness endpoints and OpenAPI contract,POST-STORY-039,POST-EPIC-013,PHASE-4,P2,BLOCKED,FUNCTIONAL_STARTER,EMPIRICALLY_VALIDATED,PLANNED,false,POST-SUBTASK-111;POST-SUBTASK-115,false,serving-product,SHARED_CONTRACT,ATOMIC_EXECUTION,ACTIONABLE_POST_WAVE,POST_W25,12,2,GAP-012;HANDOFF-011,SRCREF-02085;SRCREF-02086;SRCREF-02087;SRCREF-02088;SRCREF-02089;SRCREF-02090;SRCREF-02091;SRCREF-02001,jira/records/issues/subtasks/POST-SUBTASK-116_implement_versioned_forecast_game_team_a_and_m_bas_health_freshness_endpoints_an.json,jira/issues/subtasks/POST-SUBTASK-116_implement_versioned_forecast_game_team_a_and_m_bas_health_freshness_endpoints_an.md
POST-SUBTASK-117,BAT-467,100421,Subtask,"[POST-SUBTASK-117] Validate schema, authorization, snapshot consistency, stale/no-champion/null-BAS states, and restricted-data protection",POST-STORY-039,POST-EPIC-013,PHASE-4,P2,BLOCKED,FUNCTIONAL_STARTER,PRODUCTION_READY,PLANNED,false,POST-SUBTASK-111;POST-SUBTASK-115;POST-SUBTASK-116,false,serving-product,PROTECTED_GATE,ATOMIC_EXECUTION,ACTIONABLE_POST_WAVE,POST_W25,12,0,GAP-012;HANDOFF-011,SRCREF-02085;SRCREF-02086;SRCREF-02087;SRCREF-02088;SRCREF-02089;SRCREF-02090;SRCREF-02091;SRCREF-02001,jira/records/issues/subtasks/POST-SUBTASK-117_validate_schema_authorization_snapshot_consistency_stale_no_champion_null_bas_st.json,jira/issues/subtasks/POST-SUBTASK-117_validate_schema_authorization_snapshot_consistency_stale_no_champion_null_bas_st.md
POST-SUBTASK-118,BAT-468,100422,Subtask,"[POST-SUBTASK-118] Build game/A&M views for score, win probability, margin, distributions, intervals, scenarios, cutoff, freshness, and model identity",POST-STORY-040,POST-EPIC-013,PHASE-4,P2,BLOCKED,FUNCTIONAL_STARTER,IMPLEMENTED,PLANNED,false,POST-SUBTASK-117,false,serving-product,SOLO_WORKTREE,ATOMIC_EXECUTION,ACTIONABLE_POST_WAVE,POST_W25,12,2,GAP-012;HANDOFF-009;HANDOFF-011,SRCREF-02085;SRCREF-02086;SRCREF-02087;SRCREF-02088;SRCREF-02089;SRCREF-02090;SRCREF-02091;SRCREF-02001,jira/records/issues/subtasks/POST-SUBTASK-118_build_game_a_and_m_views_for_score_win_probability_margin_distributions_interval.json,jira/issues/subtasks/POST-SUBTASK-118_build_game_a_and_m_views_for_score_win_probability_margin_distributions_interval.md
POST-SUBTASK-119,BAT-469,100423,Subtask,"[POST-SUBTASK-119] Build BAS ≥3/7/14/21, component, witty-copy, scientific caveat, no-effect, and unavailable presentation",POST-STORY-040,POST-EPIC-013,PHASE-4,P2,BLOCKED,FUNCTIONAL_STARTER,EMPIRICALLY_VALIDATED,PLANNED,false,POST-SUBTASK-117;POST-SUBTASK-118,false,serving-product,SOLO_WORKTREE,ATOMIC_EXECUTION,ACTIONABLE_POST_WAVE,POST_W25,12,1,GAP-012;HANDOFF-009;HANDOFF-011,SRCREF-02085;SRCREF-02086;SRCREF-02087;SRCREF-02088;SRCREF-02089;SRCREF-02090;SRCREF-02091;SRCREF-02001,jira/records/issues/subtasks/POST-SUBTASK-119_build_bas_3_7_14_21_component_witty_copy_scientific_caveat_no_effect_and_unavail.json,jira/issues/subtasks/POST-SUBTASK-119_build_bas_3_7_14_21_component_witty_copy_scientific_caveat_no_effect_and_unavail.md
POST-SUBTASK-120,BAT-470,100424,Subtask,"[POST-SUBTASK-120] Validate prediction-first hierarchy, accessibility, responsive/loading/stale/blocked/no-data states, and snapshot-only values",POST-STORY-040,POST-EPIC-013,PHASE-4,P2,BLOCKED,FUNCTIONAL_STARTER,PRODUCTION_READY,PLANNED,false,POST-SUBTASK-117;POST-SUBTASK-118;POST-SUBTASK-119,false,serving-product,PROTECTED_GATE,ATOMIC_EXECUTION,ACTIONABLE_POST_WAVE,POST_W25,12,0,GAP-012;HANDOFF-009;HANDOFF-011,SRCREF-02085;SRCREF-02086;SRCREF-02087;SRCREF-02088;SRCREF-02089;SRCREF-02090;SRCREF-02091;SRCREF-02001,jira/records/issues/subtasks/POST-SUBTASK-120_validate_prediction_first_hierarchy_accessibility_responsive_loading_stale_block.json,jira/issues/subtasks/POST-SUBTASK-120_validate_prediction_first_hierarchy_accessibility_responsive_loading_stale_block.md
POST-SUBTASK-121,BAT-471,100425,Subtask,[POST-SUBTASK-121] Generate model-compatible global/per-game driver explanations and serve prior-only historical analog/peer/regime context,POST-STORY-041,POST-EPIC-013,PHASE-4,P2,BLOCKED,FUNCTIONAL_STARTER,IMPLEMENTED,PLANNED,false,POST-SUBTASK-009;POST-SUBTASK-120,false,serving-product,SOLO_WORKTREE,ATOMIC_EXECUTION,ACTIONABLE_POST_WAVE,POST_W25,12,0,GAP-001;GAP-012;HANDOFF-011,SRCREF-02085;SRCREF-02086;SRCREF-02087;SRCREF-02088;SRCREF-02089;SRCREF-02090;SRCREF-02091;SRCREF-02001,jira/records/issues/subtasks/POST-SUBTASK-121_generate_model_compatible_global_per_game_driver_explanations_and_serve_prior_on.json,jira/issues/subtasks/POST-SUBTASK-121_generate_model_compatible_global_per_game_driver_explanations_and_serve_prior_on.md
POST-SUBTASK-122,BAT-472,100426,Subtask,"[POST-SUBTASK-122] Run explanation faithfulness/stability/privacy tests plus target-host cold/warm load, API, snapshot, dashboard, concurrency, memory, CPU, and disk benchmarks",POST-STORY-041,POST-EPIC-013,PHASE-4,P2,BLOCKED,FUNCTIONAL_STARTER,EMPIRICALLY_VALIDATED,PLANNED,false,POST-SUBTASK-009;POST-SUBTASK-120;POST-SUBTASK-121,false,serving-product,OPERATIONS,ATOMIC_EXECUTION,ACTIONABLE_POST_WAVE,POST_W25,12,0,GAP-001;GAP-012;HANDOFF-011,SRCREF-02085;SRCREF-02086;SRCREF-02087;SRCREF-02088;SRCREF-02089;SRCREF-02090;SRCREF-02091;SRCREF-02001,jira/records/issues/subtasks/POST-SUBTASK-122_run_explanation_faithfulness_stability_privacy_tests_plus_target_host_cold_warm_.json,jira/issues/subtasks/POST-SUBTASK-122_run_explanation_faithfulness_stability_privacy_tests_plus_target_host_cold_warm_.md
POST-SUBTASK-123,BAT-473,100427,Subtask,"[POST-SUBTASK-123] Publish product readiness, freshness/cache transitions, supported envelope, and safe failure decision",POST-STORY-041,POST-EPIC-013,PHASE-4,P2,BLOCKED,FUNCTIONAL_STARTER,PRODUCTION_READY,PLANNED,false,POST-SUBTASK-009;POST-SUBTASK-120;POST-SUBTASK-121;POST-SUBTASK-122,false,serving-product,PROTECTED_GATE,ATOMIC_EXECUTION,ACTIONABLE_POST_WAVE,POST_W25,14,0,GAP-001;GAP-012;HANDOFF-011;ISSUE-005;ISSUE-006;ISSUE-011;ISSUE-026;ISSUE-037;ISSUE-040,SRCREF-02085;SRCREF-02086;SRCREF-02087;SRCREF-02088;SRCREF-02089;SRCREF-02090;SRCREF-02091;SRCREF-02001,jira/records/issues/subtasks/POST-SUBTASK-123_publish_product_readiness_freshness_cache_transitions_supported_envelope_and_saf.json,jira/issues/subtasks/POST-SUBTASK-123_publish_product_readiness_freshness_cache_transitions_supported_envelope_and_saf.md
POST-SUBTASK-124,BAT-474,100428,Subtask,"[POST-SUBTASK-124] Establish clean-environment CI for repository tests, Jira validators, static checks, import dry-run, and deterministic packaging",POST-STORY-042,POST-EPIC-014,PHASE-4,P2,DONE,FUNCTIONAL_STARTER,IMPLEMENTED,VERIFIED,false,POST-SUBTASK-002,false,operations-security,OPERATIONS,ATOMIC_EXECUTION,ACTIONABLE_POST_WAVE,POST_W25,12,0,HANDOFF-012,SRCREF-02092;SRCREF-02093;SRCREF-02094;SRCREF-02095;SRCREF-02096;SRCREF-02097;SRCREF-02098;SRCREF-02001,jira/records/issues/subtasks/POST-SUBTASK-124_establish_clean_environment_ci_for_repository_tests_jira_validators_static_check.json,jira/issues/subtasks/POST-SUBTASK-124_establish_clean_environment_ci_for_repository_tests_jira_validators_static_check.md
POST-SUBTASK-125,BAT-475,100429,Subtask,"[POST-SUBTASK-125] Implement dependency-lock, vulnerability, secret, license/notice, restricted-data pattern, and artifact-integrity checks",POST-STORY-042,POST-EPIC-014,PHASE-4,P2,DONE,FUNCTIONAL_STARTER,EMPIRICALLY_VALIDATED,VERIFIED,false,POST-SUBTASK-002;POST-SUBTASK-124,false,operations-security,SECURITY,ATOMIC_EXECUTION,ACTIONABLE_POST_WAVE,POST_W25,13,0,HANDOFF-012,SRCREF-02092;SRCREF-02093;SRCREF-02094;SRCREF-02095;SRCREF-02096;SRCREF-02097;SRCREF-02098;SRCREF-02001,jira/records/issues/subtasks/POST-SUBTASK-125_implement_dependency_lock_vulnerability_secret_license_notice_restricted_data_pa.json,jira/issues/subtasks/POST-SUBTASK-125_implement_dependency_lock_vulnerability_secret_license_notice_restricted_data_pa.md
POST-SUBTASK-126,BAT-476,100430,Subtask,[POST-SUBTASK-126] Validate protected-branch/release blocking and auditable exception behavior,POST-STORY-042,POST-EPIC-014,PHASE-4,P2,READY,FUNCTIONAL_STARTER,PRODUCTION_READY,PLANNED,true,POST-SUBTASK-002;POST-SUBTASK-124;POST-SUBTASK-125,false,operations-security,PROTECTED_GATE,ATOMIC_EXECUTION,ACTIONABLE_POST_WAVE,POST_W25,12,0,HANDOFF-012,SRCREF-02092;SRCREF-02093;SRCREF-02094;SRCREF-02095;SRCREF-02096;SRCREF-02097;SRCREF-02098;SRCREF-02001,jira/records/issues/subtasks/POST-SUBTASK-126_validate_protected_branch_release_blocking_and_auditable_exception_behavior.json,jira/issues/subtasks/POST-SUBTASK-126_validate_protected_branch_release_blocking_and_auditable_exception_behavior.md
POST-SUBTASK-127,BAT-477,100431,Subtask,"[POST-SUBTASK-127] Instrument run/stage/source/snapshot/entity/matrix/feature/model/product identifiers, metrics, structured events, health, and redaction",POST-STORY-043,POST-EPIC-014,PHASE-4,P2,BLOCKED,FUNCTIONAL_STARTER,IMPLEMENTED,PLANNED,false,POST-SUBTASK-024;POST-SUBTASK-126,false,operations-security,OPERATIONS,ATOMIC_EXECUTION,ACTIONABLE_POST_WAVE,POST_W25,11,2,HANDOFF-012,SRCREF-02092;SRCREF-02093;SRCREF-02094;SRCREF-02095;SRCREF-02096;SRCREF-02097;SRCREF-02098;SRCREF-02001,jira/records/issues/subtasks/POST-SUBTASK-127_instrument_run_stage_source_snapshot_entity_matrix_feature_model_product_identif.json,jira/issues/subtasks/POST-SUBTASK-127_instrument_run_stage_source_snapshot_entity_matrix_feature_model_product_identif.md
POST-SUBTASK-128,BAT-478,100432,Subtask,[POST-SUBTASK-128] Implement source/API/terms/schema/entity/feature/data/model/concept/freshness/security/governance drift detectors plus alert severity/dedup/ack/escalation,POST-STORY-043,POST-EPIC-014,PHASE-4,P2,BLOCKED,FUNCTIONAL_STARTER,EMPIRICALLY_VALIDATED,PLANNED,false,POST-SUBTASK-024;POST-SUBTASK-126;POST-SUBTASK-127,false,operations-security,OPERATIONS,ATOMIC_EXECUTION,ACTIONABLE_POST_WAVE,POST_W25,13,0,HANDOFF-012,SRCREF-02092;SRCREF-02093;SRCREF-02094;SRCREF-02095;SRCREF-02096;SRCREF-02097;SRCREF-02098;SRCREF-02001,jira/records/issues/subtasks/POST-SUBTASK-128_implement_source_api_terms_schema_entity_feature_data_model_concept_freshness_se.json,jira/issues/subtasks/POST-SUBTASK-128_implement_source_api_terms_schema_entity_feature_data_model_concept_freshness_se.md
POST-SUBTASK-129,BAT-479,100433,Subtask,"[POST-SUBTASK-129] Run outage, schema, stale forecast, disk, corrupt artifact, model, security, and governance-conflict game days through incident/rollback/substitution runbooks",POST-STORY-043,POST-EPIC-014,PHASE-4,P2,BLOCKED,FUNCTIONAL_STARTER,PRODUCTION_READY,PLANNED,false,POST-SUBTASK-024;POST-SUBTASK-126;POST-SUBTASK-127;POST-SUBTASK-128,false,operations-security,PROTECTED_GATE,ATOMIC_EXECUTION,ACTIONABLE_POST_WAVE,POST_W25,13,0,HANDOFF-012,SRCREF-02092;SRCREF-02093;SRCREF-02094;SRCREF-02095;SRCREF-02096;SRCREF-02097;SRCREF-02098;SRCREF-02001,jira/records/issues/subtasks/POST-SUBTASK-129_run_outage_schema_stale_forecast_disk_corrupt_artifact_model_security_and_govern.json,jira/issues/subtasks/POST-SUBTASK-129_run_outage_schema_stale_forecast_disk_corrupt_artifact_model_security_and_govern.md
POST-SUBTASK-130,BAT-480,100434,Subtask,"[POST-SUBTASK-130] Finalize authority/retention/frequency/encryption/access/rights/deletion rules for raw, curated, model, forecast, log, evidence, and Jira metadata",POST-STORY-044,POST-EPIC-014,PHASE-4,P2,BLOCKED,FUNCTIONAL_STARTER,IMPLEMENTED,PLANNED,false,POST-SUBTASK-129,false,operations-security,SHARED_CONTRACT,ATOMIC_EXECUTION,ACTIONABLE_POST_WAVE,POST_W25,11,1,HANDOFF-012,SRCREF-02092;SRCREF-02093;SRCREF-02094;SRCREF-02095;SRCREF-02096;SRCREF-02097;SRCREF-02098;SRCREF-02001,jira/records/issues/subtasks/POST-SUBTASK-130_finalize_authority_retention_frequency_encryption_access_rights_deletion_rules_f.json,jira/issues/subtasks/POST-SUBTASK-130_finalize_authority_retention_frequency_encryption_access_rights_deletion_rules_f.md
POST-SUBTASK-131,BAT-481,100435,Subtask,"[POST-SUBTASK-131] Implement content-hashed verified backups, catalog, integrity checking, last-known-good protection, and restricted-destination enforcement",POST-STORY-044,POST-EPIC-014,PHASE-4,P2,BLOCKED,FUNCTIONAL_STARTER,EMPIRICALLY_VALIDATED,PLANNED,false,POST-SUBTASK-129;POST-SUBTASK-130,false,operations-security,OPERATIONS,ATOMIC_EXECUTION,ACTIONABLE_POST_WAVE,POST_W25,12,1,HANDOFF-012,SRCREF-02092;SRCREF-02093;SRCREF-02094;SRCREF-02095;SRCREF-02096;SRCREF-02097;SRCREF-02098;SRCREF-02001,jira/records/issues/subtasks/POST-SUBTASK-131_implement_content_hashed_verified_backups_catalog_integrity_checking_last_known_.json,jira/issues/subtasks/POST-SUBTASK-131_implement_content_hashed_verified_backups_catalog_integrity_checking_last_known_.md
POST-SUBTASK-132,BAT-482,100436,Subtask,[POST-SUBTASK-132] Execute clean-location restore of representative raw-to-forecast lineage and Jira metadata with measured RPO/RTO/manual steps,POST-STORY-044,POST-EPIC-014,PHASE-4,P2,BLOCKED,FUNCTIONAL_STARTER,PRODUCTION_READY,PLANNED,false,POST-SUBTASK-129;POST-SUBTASK-130;POST-SUBTASK-131,false,operations-security,PROTECTED_GATE,ATOMIC_EXECUTION,ACTIONABLE_POST_WAVE,POST_W25,14,0,HANDOFF-012,SRCREF-02092;SRCREF-02093;SRCREF-02094;SRCREF-02095;SRCREF-02096;SRCREF-02097;SRCREF-02098;SRCREF-02001,jira/records/issues/subtasks/POST-SUBTASK-132_execute_clean_location_restore_of_representative_raw_to_forecast_lineage_and_jir.json,jira/issues/subtasks/POST-SUBTASK-132_execute_clean_location_restore_of_representative_raw_to_forecast_lineage_and_jir.md
POST-SUBTASK-133,BAT-483,100437,Subtask,"[POST-SUBTASK-133] Regenerate bidirectional source, requirement, acceptance, ADR, gap, risk, test, artifact, issue, and evidence traceability",POST-STORY-045,POST-EPIC-015,PHASE-5,P2,BLOCKED,DESIGN_ONLY,IMPLEMENTED,PLANNED,false,POST-SUBTASK-105;POST-SUBTASK-114;POST-SUBTASK-123;POST-SUBTASK-132,false,release-readiness,PROTECTED_GATE,ATOMIC_EXECUTION,ACTIONABLE_POST_WAVE,POST_W25,10,0,HANDOFF-013;HANDOFF-014,SRCREF-02099;SRCREF-02100;SRCREF-02101;SRCREF-02102;SRCREF-02103;SRCREF-02104;SRCREF-02105;SRCREF-02106,jira/records/issues/subtasks/POST-SUBTASK-133_regenerate_bidirectional_source_requirement_acceptance_adr_gap_risk_test_artifac.json,jira/issues/subtasks/POST-SUBTASK-133_regenerate_bidirectional_source_requirement_acceptance_adr_gap_risk_test_artifac.md
POST-SUBTASK-134,BAT-484,100438,Subtask,"[POST-SUBTASK-134] Audit every component maturity and completion claim against actual repository/runtime artifacts, tests, real-data runs, and applicable scope",POST-STORY-045,POST-EPIC-015,PHASE-5,P2,BLOCKED,DESIGN_ONLY,EMPIRICALLY_VALIDATED,PLANNED,false,POST-SUBTASK-105;POST-SUBTASK-114;POST-SUBTASK-123;POST-SUBTASK-132;POST-SUBTASK-133,false,release-readiness,PROTECTED_GATE,ATOMIC_EXECUTION,ACTIONABLE_POST_WAVE,POST_W25,10,0,HANDOFF-013;HANDOFF-014,SRCREF-02099;SRCREF-02100;SRCREF-02101;SRCREF-02102;SRCREF-02103;SRCREF-02104;SRCREF-02105;SRCREF-02106,jira/records/issues/subtasks/POST-SUBTASK-134_audit_every_component_maturity_and_completion_claim_against_actual_repository_ru.json,jira/issues/subtasks/POST-SUBTASK-134_audit_every_component_maturity_and_completion_claim_against_actual_repository_ru.md
POST-SUBTASK-135,BAT-485,100439,Subtask,[POST-SUBTASK-135] Publish final coverage metrics and unresolved release-blocker register,POST-STORY-045,POST-EPIC-015,PHASE-5,P2,BLOCKED,DESIGN_ONLY,PRODUCTION_READY,PLANNED,false,POST-SUBTASK-105;POST-SUBTASK-114;POST-SUBTASK-123;POST-SUBTASK-132;POST-SUBTASK-133;POST-SUBTASK-134,false,release-readiness,PROTECTED_GATE,ATOMIC_EXECUTION,ACTIONABLE_POST_WAVE,POST_W25,10,0,HANDOFF-013;HANDOFF-014,SRCREF-02099;SRCREF-02100;SRCREF-02101;SRCREF-02102;SRCREF-02103;SRCREF-02104;SRCREF-02105;SRCREF-02106,jira/records/issues/subtasks/POST-SUBTASK-135_publish_final_coverage_metrics_and_unresolved_release_blocker_register.json,jira/issues/subtasks/POST-SUBTASK-135_publish_final_coverage_metrics_and_unresolved_release_blocker_register.md
POST-SUBTASK-136,BAT-486,100440,Subtask,"[POST-SUBTASK-136] Stage the signed release candidate, dependency/runtime, Jira pack, private-research source configuration, and clean external roots",POST-STORY-046,POST-EPIC-015,PHASE-5,P2,BLOCKED,DESIGN_ONLY,IMPLEMENTED,PLANNED,false,POST-SUBTASK-009;POST-SUBTASK-135,false,release-readiness,PROTECTED_GATE,ATOMIC_EXECUTION,ACTIONABLE_POST_WAVE,POST_W25,12,0,AC-038;GAP-001;GAP-012;HANDOFF-013;HANDOFF-014,SRCREF-02099;SRCREF-02100;SRCREF-02101;SRCREF-02102;SRCREF-02103;SRCREF-02104;SRCREF-02105;SRCREF-02106,jira/records/issues/subtasks/POST-SUBTASK-136_stage_the_signed_release_candidate_dependency_runtime_jira_pack_approved_source_.json,jira/issues/subtasks/POST-SUBTASK-136_stage_the_signed_release_candidate_dependency_runtime_jira_pack_approved_source_.md
POST-SUBTASK-137,BAT-487,100441,Subtask,"[POST-SUBTASK-137] Execute quality-valid source acquisition through immutable raw, entities, PIT, features, champion/no-champion handling, predictions, publication, API, and dashboard on representative real weekly data",POST-STORY-046,POST-EPIC-015,PHASE-5,P2,BLOCKED,DESIGN_ONLY,EMPIRICALLY_VALIDATED,PLANNED,false,POST-SUBTASK-009;POST-SUBTASK-135;POST-SUBTASK-136,false,release-readiness,PROTECTED_GATE,ATOMIC_EXECUTION,ACTIONABLE_POST_WAVE,POST_W25,12,0,AC-038;GAP-001;GAP-012;HANDOFF-013;HANDOFF-014,SRCREF-02099;SRCREF-02100;SRCREF-02101;SRCREF-02102;SRCREF-02103;SRCREF-02104;SRCREF-02105;SRCREF-02106,jira/records/issues/subtasks/POST-SUBTASK-137_execute_approved_source_acquisition_through_immutable_raw_entities_pit_features_.json,jira/issues/subtasks/POST-SUBTASK-137_execute_approved_source_acquisition_through_immutable_raw_entities_pit_features_.md
POST-SUBTASK-138,BAT-488,100442,Subtask,"[POST-SUBTASK-138] Validate outputs, lineage, protected decisions, rollback, clean re-execution, target performance/resources/freshness, and all release-blocking controls",POST-STORY-046,POST-EPIC-015,PHASE-5,P2,BLOCKED,DESIGN_ONLY,PRODUCTION_READY,PLANNED,false,POST-SUBTASK-009;POST-SUBTASK-135;POST-SUBTASK-136;POST-SUBTASK-137,false,release-readiness,PROTECTED_GATE,ATOMIC_EXECUTION,ACTIONABLE_POST_WAVE,POST_W25,10,0,AC-038;GAP-001;GAP-012;HANDOFF-013;HANDOFF-014,SRCREF-02099;SRCREF-02100;SRCREF-02101;SRCREF-02102;SRCREF-02103;SRCREF-02104;SRCREF-02105;SRCREF-02106,jira/records/issues/subtasks/POST-SUBTASK-138_validate_outputs_lineage_protected_decisions_rollback_clean_re_execution_target_.json,jira/issues/subtasks/POST-SUBTASK-138_validate_outputs_lineage_protected_decisions_rollback_clean_re_execution_target_.md
POST-SUBTASK-139,BAT-489,100443,Subtask,"[POST-SUBTASK-139] Finalize verified operator/developer installation, credentials/rights, weekly run, monitoring, backup, restore, incident, rollback, and Jira maintenance guides",POST-STORY-047,POST-EPIC-015,PHASE-5,P2,BLOCKED,DESIGN_ONLY,IMPLEMENTED,PLANNED,false,POST-SUBTASK-138,false,release-readiness,OPERATIONS,ATOMIC_EXECUTION,ACTIONABLE_POST_WAVE,POST_W25,11,1,HANDOFF-011;HANDOFF-012;HANDOFF-013;HANDOFF-014,SRCREF-02099;SRCREF-02100;SRCREF-02101;SRCREF-02102;SRCREF-02103;SRCREF-02104;SRCREF-02105;SRCREF-02106,jira/records/issues/subtasks/POST-SUBTASK-139_finalize_verified_operator_developer_installation_credentials_rights_weekly_run_.json,jira/issues/subtasks/POST-SUBTASK-139_finalize_verified_operator_developer_installation_credentials_rights_weekly_run_.md
POST-SUBTASK-140,BAT-490,100444,Subtask,"[POST-SUBTASK-140] Finalize production system/data/model/A&M/BAS cards, limitations, protected results, null findings, provenance, reproduction, API/product, and release manifest",POST-STORY-047,POST-EPIC-015,PHASE-5,P2,BLOCKED,DESIGN_ONLY,EMPIRICALLY_VALIDATED,PLANNED,false,POST-SUBTASK-138;POST-SUBTASK-139,false,release-readiness,SCIENTIFIC,ATOMIC_EXECUTION,ACTIONABLE_POST_WAVE,POST_W25,10,1,HANDOFF-011;HANDOFF-012;HANDOFF-013;HANDOFF-014,SRCREF-02099;SRCREF-02100;SRCREF-02101;SRCREF-02102;SRCREF-02103;SRCREF-02104;SRCREF-02105;SRCREF-02106,jira/records/issues/subtasks/POST-SUBTASK-140_finalize_production_system_data_model_a_and_m_bas_cards_limitations_protected_re.json,jira/issues/subtasks/POST-SUBTASK-140_finalize_production_system_data_model_a_and_m_bas_cards_limitations_protected_re.md
POST-SUBTASK-141,BAT-491,100445,Subtask,[POST-SUBTASK-141] Conduct technical/scientific/security/rights/operations/product review and publish operating authorization or blocked/no-release decision plus post-release baseline,POST-STORY-047,POST-EPIC-015,PHASE-5,P2,BLOCKED,DESIGN_ONLY,PRODUCTION_READY,PLANNED,false,POST-SUBTASK-138;POST-SUBTASK-139;POST-SUBTASK-140,false,release-readiness,PROTECTED_GATE,ATOMIC_EXECUTION,ACTIONABLE_POST_WAVE,POST_W25,12,0,HANDOFF-011;HANDOFF-012;HANDOFF-013;HANDOFF-014;ISSUE-003;ISSUE-004;ISSUE-012;ISSUE-014;ISSUE-024;ISSUE-036;ISSUE-042;ISSUE-108,SRCREF-02099;SRCREF-02100;SRCREF-02101;SRCREF-02102;SRCREF-02103;SRCREF-02104;SRCREF-02105;SRCREF-02106,jira/records/issues/subtasks/POST-SUBTASK-141_conduct_technical_scientific_security_rights_operations_product_review_and_publi.json,jira/issues/subtasks/POST-SUBTASK-141_conduct_technical_scientific_security_rights_operations_product_review_and_publi.md
POST-SUBTASK-142,BAT-492,100446,Subtask,"[POST-SUBTASK-142] Precommit challenger hypothesis, exact baseline deficiency, success/failure criteria, required data, architecture, risks, simpler alternatives, and expected value of information",POST-STORY-048,POST-EPIC-016,PHASE-5,P3,DEFERRED,CONDITIONAL,IMPLEMENTED,PLANNED,false,POST-SUBTASK-141,false,advanced-challengers,RESEARCH_LANE,ATOMIC_EXECUTION,ACTIONABLE_POST_WAVE,POST_W25,12,0,GAP-013;HANDOFF-013;TASK-165;TASK-166;TASK-167;TASK-168,SRCREF-02107;SRCREF-02108;SRCREF-02109;SRCREF-02110;SRCREF-02111;SRCREF-02001;SRCREF-02002;SRCREF-02003,jira/records/issues/subtasks/POST-SUBTASK-142_precommit_challenger_hypothesis_exact_baseline_deficiency_success_failure_criter.json,jira/issues/subtasks/POST-SUBTASK-142_precommit_challenger_hypothesis_exact_baseline_deficiency_success_failure_criter.md
POST-SUBTASK-143,BAT-493,100447,Subtask,"[POST-SUBTASK-143] Measure real data sufficiency, identity quality, local RAM/GPU/disk/runtime, reproducibility, maintenance, rights, and protected-evaluation feasibility",POST-STORY-048,POST-EPIC-016,PHASE-5,P3,DEFERRED,CONDITIONAL,EMPIRICALLY_VALIDATED,PLANNED,false,POST-SUBTASK-141;POST-SUBTASK-142,false,advanced-challengers,PROTECTED_GATE,ATOMIC_EXECUTION,ACTIONABLE_POST_WAVE,POST_W25,12,0,GAP-013;HANDOFF-013;TASK-165;TASK-166;TASK-167;TASK-168,SRCREF-02107;SRCREF-02108;SRCREF-02109;SRCREF-02110;SRCREF-02111;SRCREF-02001;SRCREF-02002;SRCREF-02003,jira/records/issues/subtasks/POST-SUBTASK-143_measure_real_data_sufficiency_identity_quality_local_ram_gpu_disk_runtime_reprod.json,jira/issues/subtasks/POST-SUBTASK-143_measure_real_data_sufficiency_identity_quality_local_ram_gpu_disk_runtime_reprod.md
POST-SUBTASK-144,BAT-494,100448,Subtask,[POST-SUBTASK-144] Apply the existing advanced-challenger admission gate and retain rejection/no-admission as valid completion,POST-STORY-048,POST-EPIC-016,PHASE-5,P3,DEFERRED,CONDITIONAL,PRODUCTION_READY,PLANNED,false,POST-SUBTASK-141;POST-SUBTASK-142;POST-SUBTASK-143,false,advanced-challengers,PROTECTED_GATE,ATOMIC_EXECUTION,ACTIONABLE_POST_WAVE,POST_W25,12,0,GAP-013;HANDOFF-013;TASK-165;TASK-166;TASK-167;TASK-168,SRCREF-02107;SRCREF-02108;SRCREF-02109;SRCREF-02110;SRCREF-02111;SRCREF-02001;SRCREF-02002;SRCREF-02003,jira/records/issues/subtasks/POST-SUBTASK-144_apply_the_existing_advanced_challenger_admission_gate_and_retain_rejection_no_ad.json,jira/issues/subtasks/POST-SUBTASK-144_apply_the_existing_advanced_challenger_admission_gate_and_retain_rejection_no_ad.md
POST-SUBTASK-145,BAT-495,100449,Subtask,[POST-SUBTASK-145] Implement the admitted neural/Bayesian/graph/sequence challenger against pinned matrices/splits within fixed scope and compute,POST-STORY-049,POST-EPIC-016,PHASE-5,P3,DEFERRED,CONDITIONAL,IMPLEMENTED,PLANNED,false,POST-SUBTASK-144,false,advanced-challengers,RESEARCH_LANE,ATOMIC_EXECUTION,ACTIONABLE_POST_WAVE,POST_W25,12,0,GAP-013;HANDOFF-013;TASK-165;TASK-166;TASK-167;TASK-168,SRCREF-02107;SRCREF-02108;SRCREF-02109;SRCREF-02110;SRCREF-02111;SRCREF-02001;SRCREF-02002;SRCREF-02003,jira/records/issues/subtasks/POST-SUBTASK-145_implement_the_admitted_neural_bayesian_graph_sequence_challenger_against_pinned_.json,jira/issues/subtasks/POST-SUBTASK-145_implement_the_admitted_neural_bayesian_graph_sequence_challenger_against_pinned_.md
POST-SUBTASK-146,BAT-496,100450,Subtask,"[POST-SUBTASK-146] Run bounded tuning, ablation, calibration, OOD, robustness, stability, runtime, memory, maintainability, and simple-baseline comparisons retaining all failures",POST-STORY-049,POST-EPIC-016,PHASE-5,P3,DEFERRED,CONDITIONAL,EMPIRICALLY_VALIDATED,PLANNED,false,POST-SUBTASK-144;POST-SUBTASK-145,false,advanced-challengers,RESEARCH_LANE,ATOMIC_EXECUTION,ACTIONABLE_POST_WAVE,POST_W25,12,0,GAP-013;HANDOFF-013;TASK-165;TASK-166;TASK-167;TASK-168,SRCREF-02107;SRCREF-02108;SRCREF-02109;SRCREF-02110;SRCREF-02111;SRCREF-02001;SRCREF-02002;SRCREF-02003,jira/records/issues/subtasks/POST-SUBTASK-146_run_bounded_tuning_ablation_calibration_ood_robustness_stability_runtime_memory_.json,jira/issues/subtasks/POST-SUBTASK-146_run_bounded_tuning_ablation_calibration_ood_robustness_stability_runtime_memory_.md
POST-SUBTASK-147,BAT-497,100451,Subtask,[POST-SUBTASK-147] Decide whether tuning evidence warrants a one-time sealed protected comparison,POST-STORY-049,POST-EPIC-016,PHASE-5,P3,DEFERRED,CONDITIONAL,PRODUCTION_READY,PLANNED,false,POST-SUBTASK-144;POST-SUBTASK-145;POST-SUBTASK-146,false,advanced-challengers,PROTECTED_GATE,ATOMIC_EXECUTION,ACTIONABLE_POST_WAVE,POST_W25,12,0,GAP-013;HANDOFF-013;TASK-165;TASK-166;TASK-167;TASK-168,SRCREF-02107;SRCREF-02108;SRCREF-02109;SRCREF-02110;SRCREF-02111;SRCREF-02001;SRCREF-02002;SRCREF-02003,jira/records/issues/subtasks/POST-SUBTASK-147_decide_whether_tuning_evidence_warrants_a_one_time_sealed_protected_comparison.json,jira/issues/subtasks/POST-SUBTASK-147_decide_whether_tuning_evidence_warrants_a_one_time_sealed_protected_comparison.md
POST-SUBTASK-148,BAT-498,100452,Subtask,[POST-SUBTASK-148] Generate challenger predictions on identical sealed protected games/cutoffs/metrics and complete scientific/resource scorecards,POST-STORY-050,POST-EPIC-016,PHASE-5,P3,DEFERRED,CONDITIONAL,IMPLEMENTED,PLANNED,false,POST-SUBTASK-147,false,advanced-challengers,PROTECTED_GATE,ATOMIC_EXECUTION,ACTIONABLE_POST_WAVE,POST_W25,12,0,GAP-013;HANDOFF-013;TASK-165;TASK-166;TASK-167;TASK-168,SRCREF-02107;SRCREF-02108;SRCREF-02109;SRCREF-02110;SRCREF-02111;SRCREF-02001;SRCREF-02002;SRCREF-02003,jira/records/issues/subtasks/POST-SUBTASK-148_generate_challenger_predictions_on_identical_sealed_protected_games_cutoffs_metr.json,jira/issues/subtasks/POST-SUBTASK-148_generate_challenger_predictions_on_identical_sealed_protected_games_cutoffs_metr.md
POST-SUBTASK-149,BAT-499,100453,Subtask,"[POST-SUBTASK-149] Apply champion/challenger promotion, reproducibility, operational-compatibility, publication, product, and rollback policy",POST-STORY-050,POST-EPIC-016,PHASE-5,P3,DEFERRED,CONDITIONAL,EMPIRICALLY_VALIDATED,PLANNED,false,POST-SUBTASK-147;POST-SUBTASK-148,false,advanced-challengers,PROTECTED_GATE,ATOMIC_EXECUTION,ACTIONABLE_POST_WAVE,POST_W25,12,0,GAP-013;HANDOFF-013;TASK-165;TASK-166;TASK-167;TASK-168,SRCREF-02107;SRCREF-02108;SRCREF-02109;SRCREF-02110;SRCREF-02111;SRCREF-02001;SRCREF-02002;SRCREF-02003,jira/records/issues/subtasks/POST-SUBTASK-149_apply_champion_challenger_promotion_reproducibility_operational_compatibility_pu.json,jira/issues/subtasks/POST-SUBTASK-149_apply_champion_challenger_promotion_reproducibility_operational_compatibility_pu.md
POST-SUBTASK-150,BAT-500,100454,Subtask,"[POST-SUBTASK-150] Reconcile registries, artifacts, documentation, Jira state, operating baseline, and close-by-disposition evidence",POST-STORY-050,POST-EPIC-016,PHASE-5,P3,DEFERRED,CONDITIONAL,PRODUCTION_READY,PLANNED,false,POST-SUBTASK-147;POST-SUBTASK-148;POST-SUBTASK-149,false,advanced-challengers,OPERATIONS,ATOMIC_EXECUTION,ACTIONABLE_POST_WAVE,POST_W25,14,0,GAP-013;HANDOFF-013;TASK-165;TASK-166;TASK-167;TASK-168,SRCREF-02107;SRCREF-02108;SRCREF-02109;SRCREF-02110;SRCREF-02111;SRCREF-02001;SRCREF-02002;SRCREF-02003,jira/records/issues/subtasks/POST-SUBTASK-150_reconcile_registries_artifacts_documentation_jira_state_operating_baseline_and_c.json,jira/issues/subtasks/POST-SUBTASK-150_reconcile_registries_artifacts_documentation_jira_state_operating_baseline_and_c.md
POST-SUBTASK-151,BAT-501,100455,Subtask,"[POST-SUBTASK-151] Research licensed live play/state/market feeds, authentication, terms, history, replayability, latency, reliability, cost, retention, and redistribution",POST-STORY-051,POST-EPIC-017,PHASE-5,DEFERRED,DEFERRED,DEFERRED,IMPLEMENTED,PLANNED,false,POST-SUBTASK-141,false,live-modeling,RESEARCH_LANE,ATOMIC_EXECUTION,ACTIONABLE_POST_WAVE,POST_W25,8,0,GAP-014;HANDOFF-014;TASK-169;TASK-170;TASK-171;TASK-172,SRCREF-02112;SRCREF-02113;SRCREF-02114;SRCREF-02115;SRCREF-02001;SRCREF-02002;SRCREF-02003;SRCREF-02004,jira/records/issues/subtasks/POST-SUBTASK-151_research_licensed_live_play_state_market_feeds_authentication_terms_history_repl.json,jira/issues/subtasks/POST-SUBTASK-151_research_licensed_live_play_state_market_feeds_authentication_terms_history_repl.md
POST-SUBTASK-152,BAT-502,100456,Subtask,"[POST-SUBTASK-152] Define exact live use cases, incremental value versus pregame, latency/reliability/resource/failure targets, isolation, and no-build criteria",POST-STORY-051,POST-EPIC-017,PHASE-5,DEFERRED,DEFERRED,DEFERRED,EMPIRICALLY_VALIDATED,PLANNED,false,POST-SUBTASK-141;POST-SUBTASK-151,false,live-modeling,RESEARCH_LANE,ATOMIC_EXECUTION,ACTIONABLE_POST_WAVE,POST_W25,8,0,GAP-014;HANDOFF-014;TASK-169;TASK-170;TASK-171;TASK-172,SRCREF-02112;SRCREF-02113;SRCREF-02114;SRCREF-02115;SRCREF-02001;SRCREF-02002;SRCREF-02003;SRCREF-02004,jira/records/issues/subtasks/POST-SUBTASK-152_define_exact_live_use_cases_incremental_value_versus_pregame_latency_reliability.json,jira/issues/subtasks/POST-SUBTASK-152_define_exact_live_use_cases_incremental_value_versus_pregame_latency_reliability.md
POST-SUBTASK-153,BAT-503,100457,Subtask,[POST-SUBTASK-153] Apply the separate live-scope admission gate without creating Wave 26,POST-STORY-051,POST-EPIC-017,PHASE-5,DEFERRED,DEFERRED,DEFERRED,PRODUCTION_READY,PLANNED,false,POST-SUBTASK-141;POST-SUBTASK-151;POST-SUBTASK-152,false,live-modeling,PROTECTED_GATE,ATOMIC_EXECUTION,ACTIONABLE_POST_WAVE,POST_W25,8,0,GAP-014;HANDOFF-014;TASK-169;TASK-170;TASK-171;TASK-172,SRCREF-02112;SRCREF-02113;SRCREF-02114;SRCREF-02115;SRCREF-02001;SRCREF-02002;SRCREF-02003;SRCREF-02004,jira/records/issues/subtasks/POST-SUBTASK-153_apply_the_separate_live_scope_admission_gate_without_creating_wave_26.json,jira/issues/subtasks/POST-SUBTASK-153_apply_the_separate_live_scope_admission_gate_without_creating_wave_26.md
POST-SUBTASK-154,BAT-504,100458,Subtask,"[POST-SUBTASK-154] Build immutable event-stream snapshots and event-time as-of game-state reconstruction handling duplicates, delay, correction, and sequence",POST-STORY-052,POST-EPIC-017,PHASE-5,DEFERRED,DEFERRED,DEFERRED,IMPLEMENTED,PLANNED,false,POST-SUBTASK-153,false,live-modeling,DATA_MATERIALIZATION,ATOMIC_EXECUTION,ACTIONABLE_POST_WAVE,POST_W25,8,0,GAP-014;HANDOFF-014;TASK-169;TASK-170;TASK-171;TASK-172,SRCREF-02112;SRCREF-02113;SRCREF-02114;SRCREF-02115;SRCREF-02001;SRCREF-02002;SRCREF-02003;SRCREF-02004,jira/records/issues/subtasks/POST-SUBTASK-154_build_immutable_event_stream_snapshots_and_event_time_as_of_game_state_reconstru.json,jira/issues/subtasks/POST-SUBTASK-154_build_immutable_event_stream_snapshots_and_event_time_as_of_game_state_reconstru.md
POST-SUBTASK-155,BAT-505,100459,Subtask,[POST-SUBTASK-155] Build live features/model candidates and historical streaming replay with calibration/OOD/partial-feed/latency/resource evidence,POST-STORY-052,POST-EPIC-017,PHASE-5,DEFERRED,DEFERRED,DEFERRED,EMPIRICALLY_VALIDATED,PLANNED,false,POST-SUBTASK-153;POST-SUBTASK-154,false,live-modeling,RESEARCH_LANE,ATOMIC_EXECUTION,ACTIONABLE_POST_WAVE,POST_W25,8,0,GAP-014;HANDOFF-014;TASK-169;TASK-170;TASK-171;TASK-172,SRCREF-02112;SRCREF-02113;SRCREF-02114;SRCREF-02115;SRCREF-02001;SRCREF-02002;SRCREF-02003;SRCREF-02004,jira/records/issues/subtasks/POST-SUBTASK-155_build_live_features_model_candidates_and_historical_streaming_replay_with_calibr.json,jira/issues/subtasks/POST-SUBTASK-155_build_live_features_model_candidates_and_historical_streaming_replay_with_calibr.md
POST-SUBTASK-156,BAT-506,100460,Subtask,"[POST-SUBTASK-156] Validate event-time integrity, replay determinism, latency, failure behavior, and pregame isolation",POST-STORY-052,POST-EPIC-017,PHASE-5,DEFERRED,DEFERRED,DEFERRED,PRODUCTION_READY,PLANNED,false,POST-SUBTASK-153;POST-SUBTASK-154;POST-SUBTASK-155,false,live-modeling,PROTECTED_GATE,ATOMIC_EXECUTION,ACTIONABLE_POST_WAVE,POST_W25,8,0,GAP-014;HANDOFF-014;TASK-169;TASK-170;TASK-171;TASK-172,SRCREF-02112;SRCREF-02113;SRCREF-02114;SRCREF-02115;SRCREF-02001;SRCREF-02002;SRCREF-02003;SRCREF-02004,jira/records/issues/subtasks/POST-SUBTASK-156_validate_event_time_integrity_replay_determinism_latency_failure_behavior_and_pr.json,jira/issues/subtasks/POST-SUBTASK-156_validate_event_time_integrity_replay_determinism_latency_failure_behavior_and_pr.md
POST-SUBTASK-157,BAT-507,100461,Subtask,[POST-SUBTASK-157] Run sealed event-time chronological evaluation with precommitted accuracy/calibration/latency/reliability/outage metrics and simple/pregame baselines,POST-STORY-053,POST-EPIC-017,PHASE-5,DEFERRED,DEFERRED,DEFERRED,IMPLEMENTED,PLANNED,false,POST-SUBTASK-156,false,live-modeling,PROTECTED_GATE,ATOMIC_EXECUTION,ACTIONABLE_POST_WAVE,POST_W25,8,0,GAP-014;HANDOFF-014;TASK-169;TASK-170;TASK-171;TASK-172,SRCREF-02112;SRCREF-02113;SRCREF-02114;SRCREF-02115;SRCREF-02001;SRCREF-02002;SRCREF-02003;SRCREF-02004,jira/records/issues/subtasks/POST-SUBTASK-157_run_sealed_event_time_chronological_evaluation_with_precommitted_accuracy_calibr.json,jira/issues/subtasks/POST-SUBTASK-157_run_sealed_event_time_chronological_evaluation_with_precommitted_accuracy_calibr.md
POST-SUBTASK-158,BAT-508,100462,Subtask,"[POST-SUBTASK-158] Implement timestamped live snapshot/stream API and UI states for stale, disconnected, corrected, suspended, halftime, final, replay, and restricted data",POST-STORY-053,POST-EPIC-017,PHASE-5,DEFERRED,DEFERRED,DEFERRED,EMPIRICALLY_VALIDATED,PLANNED,false,POST-SUBTASK-156;POST-SUBTASK-157,false,live-modeling,SHARED_CONTRACT,ATOMIC_EXECUTION,ACTIONABLE_POST_WAVE,POST_W25,8,0,GAP-014;HANDOFF-014;TASK-169;TASK-170;TASK-171;TASK-172,SRCREF-02112;SRCREF-02113;SRCREF-02114;SRCREF-02115;SRCREF-02001;SRCREF-02002;SRCREF-02003;SRCREF-02004,jira/records/issues/subtasks/POST-SUBTASK-158_implement_timestamped_live_snapshot_stream_api_and_ui_states_for_stale_disconnec.json,jira/issues/subtasks/POST-SUBTASK-158_implement_timestamped_live_snapshot_stream_api_and_ui_states_for_stale_disconnec.md
POST-SUBTASK-159,BAT-509,100463,Subtask,[POST-SUBTASK-159] Conduct rights/science/security/product/target-resource/backup/incident review and authorize or reject live operation separately,POST-STORY-053,POST-EPIC-017,PHASE-5,DEFERRED,DEFERRED,DEFERRED,PRODUCTION_READY,PLANNED,false,POST-SUBTASK-156;POST-SUBTASK-157;POST-SUBTASK-158,false,live-modeling,PROTECTED_GATE,ATOMIC_EXECUTION,ACTIONABLE_POST_WAVE,POST_W25,10,0,GAP-014;HANDOFF-014;TASK-169;TASK-170;TASK-171;TASK-172,SRCREF-02112;SRCREF-02113;SRCREF-02114;SRCREF-02115;SRCREF-02001;SRCREF-02002;SRCREF-02003;SRCREF-02004,jira/records/issues/subtasks/POST-SUBTASK-159_conduct_rights_science_security_product_target_resource_backup_incident_review_a.json,jira/issues/subtasks/POST-SUBTASK-159_conduct_rights_science_security_product_target_resource_backup_incident_review_a.md
TASK-001,BAT-104,100104,Task,[TASK-001] Freeze W06 research method and stopping rules,EPIC-001,EPIC-001,PHASE-1,P1,DONE,DESIGN_ONLY,CONTRACT_DEFINED,VERIFIED,false,,false,release-readiness,SHARED_CONTRACT,HISTORICAL_REFERENCE,HISTORICAL_SCOPED_COMPLETED,W06,3,2,TASK-001,SRCREF-00034;SRCREF-02116;SRCREF-02117,jira/records/issues/tasks/TASK-001_freeze_w06_research_method_and_stopping_rules.json,jira/issues/tasks/TASK-001_freeze_w06_research_method_and_stopping_rules.md
TASK-002,BAT-105,100105,Task,[TASK-002] Execute multi-pass domain and source discovery,EPIC-001,EPIC-001,PHASE-1,P1,DONE,DESIGN_ONLY,CONTRACT_DEFINED,VERIFIED,false,TASK-001,false,release-readiness,RESEARCH_LANE,HISTORICAL_REFERENCE,HISTORICAL_SCOPED_COMPLETED,W06,3,2,TASK-002,SRCREF-00035;SRCREF-02116;SRCREF-02117,jira/records/issues/tasks/TASK-002_execute_multi_pass_domain_and_source_discovery.json,jira/issues/tasks/TASK-002_execute_multi_pass_domain_and_source_discovery.md
TASK-003,BAT-106,100106,Task,"[TASK-003] Audit access, licensing, historical depth and PIT feasibility",EPIC-001,EPIC-001,PHASE-1,P1,DONE,DESIGN_ONLY,CONTRACT_DEFINED,VERIFIED,false,TASK-002,false,player-context-intelligence,RESEARCH_LANE,HISTORICAL_REFERENCE,HISTORICAL_SCOPED_COMPLETED,W06,3,2,TASK-003,SRCREF-00036;SRCREF-02116;SRCREF-02117,jira/records/issues/tasks/TASK-003_audit_access_licensing_historical_depth_and_pit_feasibility.json,jira/issues/tasks/TASK-003_audit_access_licensing_historical_depth_and_pit_feasibility.md
TASK-004,BAT-107,100107,Task,"[TASK-004] Inventory schemas/endpoints, redundancy and source risks",EPIC-001,EPIC-001,PHASE-1,P1,DONE,DESIGN_ONLY,CONTRACT_DEFINED,VERIFIED,false,TASK-002,false,release-readiness,RESEARCH_LANE,HISTORICAL_REFERENCE,HISTORICAL_SCOPED_COMPLETED,W06,3,3,TASK-004,SRCREF-00037;SRCREF-02116;SRCREF-02117,jira/records/issues/tasks/TASK-004_inventory_schemas_endpoints_redundancy_and_source_risks.json,jira/issues/tasks/TASK-004_inventory_schemas_endpoints_redundancy_and_source_risks.md
TASK-005,BAT-108,100108,Task,[TASK-005] Decide source priorities and acquisition strategy,EPIC-001,EPIC-001,PHASE-1,P1,DONE,DESIGN_ONLY,CONTRACT_DEFINED,VERIFIED,false,TASK-003;TASK-004,false,raw-snapshots,SHARED_CONTRACT,HISTORICAL_REFERENCE,HISTORICAL_SCOPED_COMPLETED,W06,3,3,TASK-005,SRCREF-00038;SRCREF-02116;SRCREF-02117,jira/records/issues/tasks/TASK-005_decide_source_priorities_and_acquisition_strategy.json,jira/issues/tasks/TASK-005_decide_source_priorities_and_acquisition_strategy.md
TASK-006,BAT-109,100109,Task,[TASK-006] Run W06 architecture/backlog replan gate,EPIC-001,EPIC-001,PHASE-1,P1,DONE,DESIGN_ONLY,CONTRACT_DEFINED,VERIFIED,false,TASK-005,true,mlops,PROTECTED_GATE,HISTORICAL_REFERENCE,HISTORICAL_SCOPED_COMPLETED,W06,3,4,TASK-006,SRCREF-00039;SRCREF-02116;SRCREF-02117,jira/records/issues/tasks/TASK-006_run_w06_architecture_backlog_replan_gate.json,jira/issues/tasks/TASK-006_run_w06_architecture_backlog_replan_gate.md
TASK-007,BAT-110,100110,Task,[TASK-007] Define canonical entity semantics and stable ID policy,EPIC-002,EPIC-002,PHASE-1,P1,DONE,DESIGN_ONLY,CONTRACT_DEFINED,VERIFIED,false,TASK-006,false,entities,SHARED_CONTRACT,HISTORICAL_REFERENCE,HISTORICAL_SCOPED_COMPLETED,W07,3,5,TASK-007,SRCREF-00040;SRCREF-02116;SRCREF-02117,jira/records/issues/tasks/TASK-007_define_canonical_entity_semantics_and_stable_id_policy.json,jira/issues/tasks/TASK-007_define_canonical_entity_semantics_and_stable_id_policy.md
TASK-008,BAT-111,100111,Task,"[TASK-008] Define source mapping, aliases and temporal identity contracts",EPIC-002,EPIC-002,PHASE-1,P1,DONE,DESIGN_ONLY,CONTRACT_DEFINED,VERIFIED,false,TASK-007,false,entities,SOLO_WORKTREE,HISTORICAL_REFERENCE,HISTORICAL_SCOPED_COMPLETED,W07,3,3,TASK-008,SRCREF-00041;SRCREF-02116;SRCREF-02117,jira/records/issues/tasks/TASK-008_define_source_mapping_aliases_and_temporal_identity_contracts.json,jira/issues/tasks/TASK-008_define_source_mapping_aliases_and_temporal_identity_contracts.md
TASK-009,BAT-112,100112,Task,[TASK-009] Design deterministic/fuzzy entity-resolution pipeline,EPIC-002,EPIC-002,PHASE-1,P1,DONE,DESIGN_ONLY,CONTRACT_DEFINED,VERIFIED,false,TASK-008,false,entities,SOLO_WORKTREE,HISTORICAL_REFERENCE,HISTORICAL_SCOPED_COMPLETED,W07,3,3,TASK-009,SRCREF-00042;SRCREF-02116;SRCREF-02117,jira/records/issues/tasks/TASK-009_design_deterministic_fuzzy_entity_resolution_pipeline.json,jira/issues/tasks/TASK-009_design_deterministic_fuzzy_entity_resolution_pipeline.md
TASK-010,BAT-113,100113,Task,"[TASK-010] Define confidence, quarantine and unresolved-review workflow",EPIC-002,EPIC-002,PHASE-1,P1,DONE,DESIGN_ONLY,CONTRACT_DEFINED,VERIFIED,false,TASK-009,false,entities,SOLO_WORKTREE,HISTORICAL_REFERENCE,HISTORICAL_SCOPED_COMPLETED,W07,3,2,TASK-010,SRCREF-00043;SRCREF-02116;SRCREF-02117,jira/records/issues/tasks/TASK-010_define_confidence_quarantine_and_unresolved_review_workflow.json,jira/issues/tasks/TASK-010_define_confidence_quarantine_and_unresolved_review_workflow.md
TASK-011,BAT-114,100114,Task,[TASK-011] Evaluate DuckDB/Parquet versus relational transaction need,EPIC-002,EPIC-002,PHASE-1,P1,DONE,DESIGN_ONLY,CONTRACT_DEFINED,VERIFIED,false,TASK-006;TASK-007,false,entities,SHARED_CONTRACT,HISTORICAL_REFERENCE,HISTORICAL_SCOPED_COMPLETED,W07,3,3,TASK-011,SRCREF-00044;SRCREF-02116;SRCREF-02117,jira/records/issues/tasks/TASK-011_evaluate_duckdb_parquet_versus_relational_transaction_need.json,jira/issues/tasks/TASK-011_evaluate_duckdb_parquet_versus_relational_transaction_need.md
TASK-012,BAT-115,100115,Task,[TASK-012] Freeze canonical identity contracts and acceptance evidence plan,EPIC-002,EPIC-002,PHASE-1,P1,DONE,DESIGN_ONLY,CONTRACT_DEFINED,VERIFIED,false,TASK-010;TASK-011,true,modeling,PROTECTED_GATE,HISTORICAL_REFERENCE,HISTORICAL_SCOPED_COMPLETED,W07,3,4,TASK-012,SRCREF-00045;SRCREF-02116;SRCREF-02117,jira/records/issues/tasks/TASK-012_freeze_canonical_identity_contracts_and_acceptance_evidence_plan.json,jira/issues/tasks/TASK-012_freeze_canonical_identity_contracts_and_acceptance_evidence_plan.md
TASK-013,BAT-116,100116,Task,[TASK-013] Define observation/effective/known-at temporal contract,EPIC-003,EPIC-003,PHASE-1,P1,DONE,DESIGN_ONLY,CONTRACT_DEFINED,VERIFIED,false,TASK-012,false,pit-temporal,SHARED_CONTRACT,HISTORICAL_REFERENCE,HISTORICAL_SCOPED_COMPLETED,W08,3,1,TASK-013,SRCREF-00046;SRCREF-02116;SRCREF-02117,jira/records/issues/tasks/TASK-013_define_observation_effective_known_at_temporal_contract.json,jira/issues/tasks/TASK-013_define_observation_effective_known_at_temporal_contract.md
TASK-014,BAT-117,100117,Task,[TASK-014] Define temporal join and as-of query interfaces,EPIC-003,EPIC-003,PHASE-1,P1,DONE,DESIGN_ONLY,CONTRACT_DEFINED,VERIFIED,false,TASK-013,false,pit-temporal,SOLO_WORKTREE,HISTORICAL_REFERENCE,HISTORICAL_SCOPED_COMPLETED,W08,3,2,TASK-014,SRCREF-00047;SRCREF-02116;SRCREF-02117,jira/records/issues/tasks/TASK-014_define_temporal_join_and_as_of_query_interfaces.json,jira/issues/tasks/TASK-014_define_temporal_join_and_as_of_query_interfaces.md
TASK-015,BAT-118,100118,Task,[TASK-015] Specify market/weather/availability snapshot semantics,EPIC-003,EPIC-003,PHASE-1,P1,DONE,DESIGN_ONLY,CONTRACT_DEFINED,VERIFIED,false,TASK-013,false,player-context-intelligence,SOLO_WORKTREE,HISTORICAL_REFERENCE,HISTORICAL_SCOPED_COMPLETED,W08,3,1,TASK-015,SRCREF-00048;SRCREF-02116;SRCREF-02117,jira/records/issues/tasks/TASK-015_specify_market_weather_availability_snapshot_semantics.json,jira/issues/tasks/TASK-015_specify_market_weather_availability_snapshot_semantics.md
TASK-016,BAT-119,100119,Task,[TASK-016] Implement leakage/PIT synthetic test fixtures and battery,EPIC-003,EPIC-003,PHASE-1,P1,DONE,DESIGN_ONLY,CONTRACT_DEFINED,VERIFIED,false,TASK-014;TASK-015,false,pit-temporal,PROTECTED_GATE,HISTORICAL_REFERENCE,HISTORICAL_SCOPED_COMPLETED,W08,3,2,TASK-016,SRCREF-00049;SRCREF-02116;SRCREF-02117,jira/records/issues/tasks/TASK-016_implement_leakage_pit_synthetic_test_fixtures_and_battery.json,jira/issues/tasks/TASK-016_implement_leakage_pit_synthetic_test_fixtures_and_battery.md
TASK-017,BAT-120,100120,Task,[TASK-017] Define forecast/training cutoff provenance and replay contract,EPIC-003,EPIC-003,PHASE-1,P1,DONE,DESIGN_ONLY,CONTRACT_DEFINED,VERIFIED,false,TASK-014,false,modeling,SOLO_WORKTREE,HISTORICAL_REFERENCE,HISTORICAL_SCOPED_COMPLETED,W08,3,1,TASK-017,SRCREF-00050;SRCREF-02116;SRCREF-02117,jira/records/issues/tasks/TASK-017_define_forecast_training_cutoff_provenance_and_replay_contract.json,jira/issues/tasks/TASK-017_define_forecast_training_cutoff_provenance_and_replay_contract.md
TASK-018,BAT-121,100121,Task,[TASK-018] Freeze PIT gateway as mandatory feature-entry boundary,EPIC-003,EPIC-003,PHASE-1,P1,DONE,DESIGN_ONLY,CONTRACT_DEFINED,VERIFIED,false,TASK-016;TASK-017,true,feature-engineering,PROTECTED_GATE,HISTORICAL_REFERENCE,HISTORICAL_SCOPED_COMPLETED,W08,3,2,TASK-018,SRCREF-00051;SRCREF-02116;SRCREF-02117,jira/records/issues/tasks/TASK-018_freeze_pit_gateway_as_mandatory_feature_entry_boundary.json,jira/issues/tasks/TASK-018_freeze_pit_gateway_as_mandatory_feature_entry_boundary.md
TASK-019,BAT-122,100122,Task,[TASK-019] Ingest recon/W06 schema inventories into registry staging,EPIC-004,EPIC-004,PHASE-1,P1,DONE,DESIGN_ONLY,CONTRACT_DEFINED,VERIFIED,false,TASK-018,false,feature-engineering,SOLO_WORKTREE,HISTORICAL_REFERENCE,HISTORICAL_SCOPED_COMPLETED,W09,3,1,TASK-019,SRCREF-00052;SRCREF-02116;SRCREF-02117,jira/records/issues/tasks/TASK-019_ingest_recon_w06_schema_inventories_into_registry_staging.json,jira/issues/tasks/TASK-019_ingest_recon_w06_schema_inventories_into_registry_staging.md
TASK-020,BAT-123,100123,Task,[TASK-020] Implement automated schema/column scanner,EPIC-004,EPIC-004,PHASE-1,P1,DONE,DESIGN_ONLY,CONTRACT_DEFINED,VERIFIED,false,TASK-019,false,feature-engineering,SOLO_WORKTREE,HISTORICAL_REFERENCE,HISTORICAL_SCOPED_COMPLETED,W09,3,2,TASK-020,SRCREF-00053;SRCREF-02116;SRCREF-02117,jira/records/issues/tasks/TASK-020_implement_automated_schema_column_scanner.json,jira/issues/tasks/TASK-020_implement_automated_schema_column_scanner.md
TASK-021,BAT-124,100124,Task,"[TASK-021] Assign temporal safety, lineage, missingness and join metadata",EPIC-004,EPIC-004,PHASE-1,P1,DONE,DESIGN_ONLY,CONTRACT_DEFINED,VERIFIED,false,TASK-020,false,feature-engineering,SHARED_CONTRACT,HISTORICAL_REFERENCE,HISTORICAL_SCOPED_COMPLETED,W09,3,1,TASK-021,SRCREF-00054;SRCREF-02116;SRCREF-02117,jira/records/issues/tasks/TASK-021_assign_temporal_safety_lineage_missingness_and_join_metadata.json,jira/issues/tasks/TASK-021_assign_temporal_safety_lineage_missingness_and_join_metadata.md
TASK-022,BAT-125,100125,Task,[TASK-022] Cluster redundancies and preserve verified prior classifications,EPIC-004,EPIC-004,PHASE-1,P1,DONE,DESIGN_ONLY,CONTRACT_DEFINED,VERIFIED,false,TASK-021,false,feature-engineering,SOLO_WORKTREE,HISTORICAL_REFERENCE,HISTORICAL_SCOPED_COMPLETED,W09,3,2,TASK-022,SRCREF-00055;SRCREF-02116;SRCREF-02117,jira/records/issues/tasks/TASK-022_cluster_redundancies_and_preserve_verified_prior_classifications.json,jira/issues/tasks/TASK-022_cluster_redundancies_and_preserve_verified_prior_classifications.md
TASK-023,BAT-126,100126,Task,[TASK-023] Freeze registry schema and source-to-feature-candidate handoff,EPIC-004,EPIC-004,PHASE-1,P1,DONE,DESIGN_ONLY,CONTRACT_DEFINED,VERIFIED,false,TASK-022,true,modeling,PROTECTED_GATE,HISTORICAL_REFERENCE,HISTORICAL_SCOPED_COMPLETED,W09,3,1,TASK-023,SRCREF-00056;SRCREF-02116;SRCREF-02117,jira/records/issues/tasks/TASK-023_freeze_registry_schema_and_source_to_feature_candidate_handoff.json,jira/issues/tasks/TASK-023_freeze_registry_schema_and_source_to_feature_candidate_handoff.md
TASK-024,BAT-127,100127,Task,[TASK-024] Implement PIT-safe rolling/trend/recency transformation contracts,EPIC-005,EPIC-005,PHASE-1,P1,DONE,DESIGN_ONLY,CONTRACT_DEFINED,VERIFIED,false,TASK-023,false,validation-promotion,SOLO_WORKTREE,HISTORICAL_REFERENCE,HISTORICAL_SCOPED_COMPLETED,W10,3,1,TASK-024,SRCREF-00057;SRCREF-02116;SRCREF-02117,jira/records/issues/tasks/TASK-024_implement_pit_safe_rolling_trend_recency_transformation_contracts.json,jira/issues/tasks/TASK-024_implement_pit_safe_rolling_trend_recency_transformation_contracts.md
TASK-025,BAT-128,100128,Task,[TASK-025] Implement opponent-adjustment and matchup transformation framework,EPIC-005,EPIC-005,PHASE-1,P1,DONE,DESIGN_ONLY,CONTRACT_DEFINED,VERIFIED,false,TASK-024,false,validation-promotion,SOLO_WORKTREE,HISTORICAL_REFERENCE,HISTORICAL_SCOPED_COMPLETED,W10,3,1,TASK-025,SRCREF-00058;SRCREF-02116;SRCREF-02117,jira/records/issues/tasks/TASK-025_implement_opponent_adjustment_and_matchup_transformation_framework.json,jira/issues/tasks/TASK-025_implement_opponent_adjustment_and_matchup_transformation_framework.md
TASK-026,BAT-129,100129,Task,[TASK-026] Implement screening/redundancy/regularization evidence pipeline,EPIC-005,EPIC-005,PHASE-1,P1,DONE,DESIGN_ONLY,CONTRACT_DEFINED,VERIFIED,false,TASK-024,false,validation-promotion,SOLO_WORKTREE,HISTORICAL_REFERENCE,HISTORICAL_SCOPED_COMPLETED,W10,3,2,TASK-026,SRCREF-00059;SRCREF-02116;SRCREF-02117,jira/records/issues/tasks/TASK-026_implement_screening_redundancy_regularization_evidence_pipeline.json,jira/issues/tasks/TASK-026_implement_screening_redundancy_regularization_evidence_pipeline.md
TASK-027,BAT-130,100130,Task,[TASK-027] Implement feature-family ablation and temporal stability tests,EPIC-005,EPIC-005,PHASE-1,P1,DONE,DESIGN_ONLY,CONTRACT_DEFINED,VERIFIED,false,TASK-025;TASK-026,false,validation-promotion,PROTECTED_GATE,HISTORICAL_REFERENCE,HISTORICAL_SCOPED_COMPLETED,W10,3,1,TASK-027,SRCREF-00060;SRCREF-02116;SRCREF-02117,jira/records/issues/tasks/TASK-027_implement_feature_family_ablation_and_temporal_stability_tests.json,jira/issues/tasks/TASK-027_implement_feature_family_ablation_and_temporal_stability_tests.md
TASK-028,BAT-131,100131,Task,[TASK-028] Implement feature lifecycle promotion/demotion registry,EPIC-005,EPIC-005,PHASE-1,P1,DONE,DESIGN_ONLY,CONTRACT_DEFINED,VERIFIED,false,TASK-027,false,validation-promotion,SHARED_CONTRACT,HISTORICAL_REFERENCE,HISTORICAL_SCOPED_COMPLETED,W10,3,1,TASK-028,SRCREF-00061;SRCREF-02116;SRCREF-02117,jira/records/issues/tasks/TASK-028_implement_feature_lifecycle_promotion_demotion_registry.json,jira/issues/tasks/TASK-028_implement_feature_lifecycle_promotion_demotion_registry.md
TASK-029,BAT-132,100132,Task,[TASK-029] Freeze target-specific feature lifecycle gate,EPIC-005,EPIC-005,PHASE-1,P1,DONE,DESIGN_ONLY,CONTRACT_DEFINED,VERIFIED,false,TASK-028,true,validation-promotion,PROTECTED_GATE,HISTORICAL_REFERENCE,HISTORICAL_SCOPED_COMPLETED,W10,3,1,TASK-029,SRCREF-00062;SRCREF-02116;SRCREF-02117,jira/records/issues/tasks/TASK-029_freeze_target_specific_feature_lifecycle_gate.json,jira/issues/tasks/TASK-029_freeze_target_specific_feature_lifecycle_gate.md
TASK-030,BAT-133,100133,Task,[TASK-030] Define latent/available team-strength state interface,EPIC-006,EPIC-006,PHASE-1,P1,DONE,DESIGN_ONLY,CONTRACT_DEFINED,VERIFIED,false,TASK-029,false,serving-product,SOLO_WORKTREE,HISTORICAL_REFERENCE,HISTORICAL_SCOPED_COMPLETED,W11,3,1,TASK-030,SRCREF-00063;SRCREF-02116;SRCREF-02117,jira/records/issues/tasks/TASK-030_define_latent_available_team_strength_state_interface.json,jira/issues/tasks/TASK-030_define_latent_available_team_strength_state_interface.md
TASK-031,BAT-134,100134,Task,[TASK-031] Build Week-1 priors and early-season blending candidates,EPIC-006,EPIC-006,PHASE-1,P1,DONE,DESIGN_ONLY,CONTRACT_DEFINED,VERIFIED,false,TASK-030,false,release-readiness,SOLO_WORKTREE,HISTORICAL_REFERENCE,HISTORICAL_SCOPED_COMPLETED,W11,3,1,TASK-031,SRCREF-00064;SRCREF-02116;SRCREF-02117,jira/records/issues/tasks/TASK-031_build_week_1_priors_and_early_season_blending_candidates.json,jira/issues/tasks/TASK-031_build_week_1_priors_and_early_season_blending_candidates.md
TASK-032,BAT-135,100135,Task,[TASK-032] Build recency/regime/change-point candidate framework,EPIC-006,EPIC-006,PHASE-1,P1,DONE,DESIGN_ONLY,CONTRACT_DEFINED,VERIFIED,false,TASK-030,false,release-readiness,SOLO_WORKTREE,HISTORICAL_REFERENCE,HISTORICAL_SCOPED_COMPLETED,W11,3,1,TASK-032,SRCREF-00065;SRCREF-02116;SRCREF-02117,jira/records/issues/tasks/TASK-032_build_recency_regime_change_point_candidate_framework.json,jira/issues/tasks/TASK-032_build_recency_regime_change_point_candidate_framework.md
TASK-033,BAT-136,100136,Task,[TASK-033] Build FBS/FCS/lower-division strength translation hierarchy,EPIC-006,EPIC-006,PHASE-1,P1,DONE,DESIGN_ONLY,CONTRACT_DEFINED,VERIFIED,false,TASK-030,false,modeling,SOLO_WORKTREE,HISTORICAL_REFERENCE,HISTORICAL_SCOPED_COMPLETED,W11,3,1,TASK-033,SRCREF-00066;SRCREF-02116;SRCREF-02117,jira/records/issues/tasks/TASK-033_build_fbs_fcs_lower_division_strength_translation_hierarchy.json,jira/issues/tasks/TASK-033_build_fbs_fcs_lower_division_strength_translation_hierarchy.md
TASK-034,BAT-137,100137,Task,[TASK-034] Evaluate team-state alternatives through chronological evidence,EPIC-006,EPIC-006,PHASE-1,P1,DONE,DESIGN_ONLY,CONTRACT_DEFINED,VERIFIED,false,TASK-031;TASK-032;TASK-033,false,validation-promotion,PROTECTED_GATE,HISTORICAL_REFERENCE,HISTORICAL_SCOPED_COMPLETED,W11,3,1,TASK-034,SRCREF-00067;SRCREF-02116;SRCREF-02117,jira/records/issues/tasks/TASK-034_evaluate_team_state_alternatives_through_chronological_evidence.json,jira/issues/tasks/TASK-034_evaluate_team_state_alternatives_through_chronological_evidence.md
TASK-035,BAT-138,100138,Task,[TASK-035] Freeze team-state/early-season interface for downstream intelligence,EPIC-006,EPIC-006,PHASE-1,P1,DONE,DESIGN_ONLY,CONTRACT_DEFINED,VERIFIED,false,TASK-034,true,modeling,PROTECTED_GATE,HISTORICAL_REFERENCE,HISTORICAL_SCOPED_COMPLETED,W11,3,1,TASK-035,SRCREF-00068;SRCREF-02116;SRCREF-02117,jira/records/issues/tasks/TASK-035_freeze_team_state_early_season_interface_for_downstream_intelligence.json,jira/issues/tasks/TASK-035_freeze_team_state_early_season_interface_for_downstream_intelligence.md
TASK-036,BAT-139,100139,Task,[TASK-036] Define Elo/logistic/simple score baseline contracts,EPIC-007,EPIC-007,PHASE-1,P1,DONE,DESIGN_ONLY,CONTRACT_DEFINED,VERIFIED,false,TASK-035,false,modeling,SOLO_WORKTREE,HISTORICAL_REFERENCE,HISTORICAL_SCOPED_COMPLETED,W16,3,1,TASK-036,SRCREF-00069;SRCREF-02116;SRCREF-02117,jira/records/issues/tasks/TASK-036_define_elo_logistic_simple_score_baseline_contracts.json,jira/issues/tasks/TASK-036_define_elo_logistic_simple_score_baseline_contracts.md
TASK-037,BAT-140,100140,Task,[TASK-037] Define boosted-tree baseline candidate contract,EPIC-007,EPIC-007,PHASE-1,P1,DONE,DESIGN_ONLY,CONTRACT_DEFINED,VERIFIED,false,TASK-036,false,modeling,SOLO_WORKTREE,HISTORICAL_REFERENCE,HISTORICAL_SCOPED_COMPLETED,W16,3,1,TASK-037,SRCREF-00070;SRCREF-02116;SRCREF-02117,jira/records/issues/tasks/TASK-037_define_boosted_tree_baseline_candidate_contract.json,jira/issues/tasks/TASK-037_define_boosted_tree_baseline_candidate_contract.md
TASK-038,BAT-141,100141,Task,[TASK-038] Define baseline probability calibration interface,EPIC-007,EPIC-007,PHASE-1,P1,DONE,DESIGN_ONLY,CONTRACT_DEFINED,VERIFIED,false,TASK-036,false,modeling,SOLO_WORKTREE,HISTORICAL_REFERENCE,HISTORICAL_SCOPED_COMPLETED,W16,3,1,TASK-038,SRCREF-00071;SRCREF-02116;SRCREF-02117,jira/records/issues/tasks/TASK-038_define_baseline_probability_calibration_interface.json,jira/issues/tasks/TASK-038_define_baseline_probability_calibration_interface.md
TASK-039,BAT-142,100142,Task,[TASK-039] Freeze protected baseline benchmark protocol,EPIC-007,EPIC-007,PHASE-1,P1,DONE,DESIGN_ONLY,CONTRACT_DEFINED,VERIFIED,false,TASK-037;TASK-038;TASK-129,false,validation-promotion,PROTECTED_GATE,HISTORICAL_REFERENCE,HISTORICAL_SCOPED_COMPLETED,W17,3,3,TASK-039,SRCREF-00072;SRCREF-02116;SRCREF-02117,jira/records/issues/tasks/TASK-039_freeze_protected_baseline_benchmark_protocol.json,jira/issues/tasks/TASK-039_freeze_protected_baseline_benchmark_protocol.md
TASK-040,BAT-143,100143,Task,[TASK-040] Freeze minimum baseline comparison bar methodology,EPIC-007,EPIC-007,PHASE-1,P1,DONE,DESIGN_ONLY,CONTRACT_DEFINED,VERIFIED,false,TASK-039,true,modeling,PROTECTED_GATE,HISTORICAL_REFERENCE,HISTORICAL_SCOPED_COMPLETED,W17,3,2,TASK-040,SRCREF-00073;SRCREF-02116;SRCREF-02117,jira/records/issues/tasks/TASK-040_freeze_minimum_baseline_comparison_bar_methodology.json,jira/issues/tasks/TASK-040_freeze_minimum_baseline_comparison_bar_methodology.md
TASK-041,BAT-144,100144,Task,[TASK-041] Implement approved source-adapter and raw snapshot starters,EPIC-008,EPIC-008,PHASE-1,P1,DONE,DESIGN_ONLY,FUNCTIONAL_STARTER,VERIFIED,false,TASK-006;TASK-018;TASK-139,false,modeling,SOLO_WORKTREE,HISTORICAL_REFERENCE,HISTORICAL_SCOPED_COMPLETED,W19,3,2,TASK-041,SRCREF-00074;SRCREF-02116;SRCREF-02117,jira/records/issues/tasks/TASK-041_implement_approved_source_adapter_and_raw_snapshot_starters.json,jira/issues/tasks/TASK-041_implement_approved_source_adapter_and_raw_snapshot_starters.md
TASK-042,BAT-145,100145,Task,[TASK-042] Implement canonical/entity-resolution starter,EPIC-008,EPIC-008,PHASE-1,P1,DONE,DESIGN_ONLY,FUNCTIONAL_STARTER,VERIFIED,false,TASK-012;TASK-041,false,modeling,SOLO_WORKTREE,HISTORICAL_REFERENCE,HISTORICAL_SCOPED_COMPLETED,W19,3,1,TASK-042,SRCREF-00075;SRCREF-02116;SRCREF-02117,jira/records/issues/tasks/TASK-042_implement_canonical_entity_resolution_starter.json,jira/issues/tasks/TASK-042_implement_canonical_entity_resolution_starter.md
TASK-043,BAT-146,100146,Task,[TASK-043] Implement PIT state and lineage starter,EPIC-008,EPIC-008,PHASE-1,P1,DONE,DESIGN_ONLY,FUNCTIONAL_STARTER,VERIFIED,false,TASK-018;TASK-042,false,modeling,PROTECTED_GATE,HISTORICAL_REFERENCE,HISTORICAL_SCOPED_COMPLETED,W19,3,2,TASK-043,SRCREF-00076;SRCREF-02116;SRCREF-02117,jira/records/issues/tasks/TASK-043_implement_pit_state_and_lineage_starter.json,jira/issues/tasks/TASK-043_implement_pit_state_and_lineage_starter.md
TASK-044,BAT-147,100147,Task,[TASK-044] Implement feature registry/factory starter,EPIC-008,EPIC-008,PHASE-1,P1,DONE,DESIGN_ONLY,FUNCTIONAL_STARTER,VERIFIED,false,TASK-023;TASK-029;TASK-043,false,modeling,SOLO_WORKTREE,HISTORICAL_REFERENCE,HISTORICAL_SCOPED_COMPLETED,W19,3,1,TASK-044,SRCREF-00077;SRCREF-02116;SRCREF-02117,jira/records/issues/tasks/TASK-044_implement_feature_registry_factory_starter.json,jira/issues/tasks/TASK-044_implement_feature_registry_factory_starter.md
TASK-045,BAT-148,100148,Task,[TASK-045] Create synthetic end-to-end foundation fixture,EPIC-008,EPIC-008,PHASE-1,P1,DONE,DESIGN_ONLY,FUNCTIONAL_STARTER,VERIFIED,false,TASK-044,false,modeling,SOLO_WORKTREE,HISTORICAL_REFERENCE,HISTORICAL_SCOPED_COMPLETED,W19,3,1,TASK-045,SRCREF-00078;SRCREF-02116;SRCREF-02117,jira/records/issues/tasks/TASK-045_create_synthetic_end_to_end_foundation_fixture.json,jira/issues/tasks/TASK-045_create_synthetic_end_to_end_foundation_fixture.md
TASK-046,BAT-149,100149,Task,[TASK-046] Pass foundation implementation gate,EPIC-008,EPIC-008,PHASE-1,P1,DONE,DESIGN_ONLY,FUNCTIONAL_STARTER,VERIFIED,false,TASK-045,true,modeling,PROTECTED_GATE,HISTORICAL_REFERENCE,HISTORICAL_SCOPED_COMPLETED,W19,3,1,TASK-046,SRCREF-00079;SRCREF-02116;SRCREF-02117,jira/records/issues/tasks/TASK-046_pass_foundation_implementation_gate.json,jira/issues/tasks/TASK-046_pass_foundation_implementation_gate.md
TASK-047,BAT-150,100150,Task,[TASK-047] Define player/roster/depth effective-dated state contracts,EPIC-009,EPIC-009,PHASE-2,P1,DONE,DESIGN_ONLY,CONTRACT_DEFINED,VERIFIED,false,TASK-018;TASK-035,false,player-context-intelligence,SOLO_WORKTREE,HISTORICAL_REFERENCE,HISTORICAL_SCOPED_COMPLETED,W12,3,1,TASK-047,SRCREF-00080;SRCREF-02116;SRCREF-02117,jira/records/issues/tasks/TASK-047_define_player_roster_depth_effective_dated_state_contracts.json,jira/issues/tasks/TASK-047_define_player_roster_depth_effective_dated_state_contracts.md
TASK-048,BAT-151,100151,Task,[TASK-048] Define position-aware player-value evidence interfaces,EPIC-009,EPIC-009,PHASE-2,P1,DONE,DESIGN_ONLY,CONTRACT_DEFINED,VERIFIED,false,TASK-047,false,player-context-intelligence,SOLO_WORKTREE,HISTORICAL_REFERENCE,HISTORICAL_SCOPED_COMPLETED,W12,3,1,TASK-048,SRCREF-00081;SRCREF-02116;SRCREF-02117,jira/records/issues/tasks/TASK-048_define_position_aware_player_value_evidence_interfaces.json,jira/issues/tasks/TASK-048_define_position_aware_player_value_evidence_interfaces.md
TASK-049,BAT-152,100152,Task,[TASK-049] Define availability probability/effectiveness/usage representation,EPIC-009,EPIC-009,PHASE-2,P1,DONE,DESIGN_ONLY,CONTRACT_DEFINED,VERIFIED,false,TASK-047,false,modeling,SHARED_CONTRACT,HISTORICAL_REFERENCE,HISTORICAL_SCOPED_COMPLETED,W12,3,1,TASK-049,SRCREF-00082;SRCREF-02116;SRCREF-02117,jira/records/issues/tasks/TASK-049_define_availability_probability_effectiveness_usage_representation.json,jira/issues/tasks/TASK-049_define_availability_probability_effectiveness_usage_representation.md
TASK-050,BAT-153,100153,Task,[TASK-050] Define replacement-player and depth uncertainty mechanics,EPIC-009,EPIC-009,PHASE-2,P1,DONE,DESIGN_ONLY,CONTRACT_DEFINED,VERIFIED,false,TASK-048;TASK-049,false,modeling,SOLO_WORKTREE,HISTORICAL_REFERENCE,HISTORICAL_SCOPED_COMPLETED,W12,3,1,TASK-050,SRCREF-00083;SRCREF-02116;SRCREF-02117,jira/records/issues/tasks/TASK-050_define_replacement_player_and_depth_uncertainty_mechanics.json,jira/issues/tasks/TASK-050_define_replacement_player_and_depth_uncertainty_mechanics.md
TASK-051,BAT-154,100154,Task,[TASK-051] Design sparse/ambiguous injury evidence confidence rules,EPIC-009,EPIC-009,PHASE-2,P1,DONE,DESIGN_ONLY,CONTRACT_DEFINED,VERIFIED,false,TASK-049,false,player-context-intelligence,SOLO_WORKTREE,HISTORICAL_REFERENCE,HISTORICAL_SCOPED_COMPLETED,W12,3,1,TASK-051,SRCREF-00084;SRCREF-02116;SRCREF-02117,jira/records/issues/tasks/TASK-051_design_sparse_ambiguous_injury_evidence_confidence_rules.json,jira/issues/tasks/TASK-051_design_sparse_ambiguous_injury_evidence_confidence_rules.md
TASK-052,BAT-155,100155,Task,[TASK-052] Freeze player/availability downstream interface,EPIC-009,EPIC-009,PHASE-2,P1,DONE,DESIGN_ONLY,CONTRACT_DEFINED,VERIFIED,false,TASK-050;TASK-051,true,modeling,PROTECTED_GATE,HISTORICAL_REFERENCE,HISTORICAL_SCOPED_COMPLETED,W12,3,1,TASK-052,SRCREF-00085;SRCREF-02116;SRCREF-02117,jira/records/issues/tasks/TASK-052_freeze_player_availability_downstream_interface.json,jira/issues/tasks/TASK-052_freeze_player_availability_downstream_interface.md
TASK-053,BAT-156,100156,Task,[TASK-053] Define recruiting/prospect prior contracts,EPIC-010,EPIC-010,PHASE-2,P1,DONE,DESIGN_ONLY,CONTRACT_DEFINED,VERIFIED,false,TASK-047,false,player-context-intelligence,SOLO_WORKTREE,HISTORICAL_REFERENCE,HISTORICAL_SCOPED_COMPLETED,W12,3,1,TASK-053,SRCREF-00086;SRCREF-02116;SRCREF-02117,jira/records/issues/tasks/TASK-053_define_recruiting_prospect_prior_contracts.json,jira/issues/tasks/TASK-053_define_recruiting_prospect_prior_contracts.md
TASK-054,BAT-157,100157,Task,[TASK-054] Define transfer episode and same-player identity contract,EPIC-010,EPIC-010,PHASE-2,P1,DONE,DESIGN_ONLY,CONTRACT_DEFINED,VERIFIED,false,TASK-012;TASK-047,false,player-context-intelligence,SOLO_WORKTREE,HISTORICAL_REFERENCE,HISTORICAL_SCOPED_COMPLETED,W12,3,1,TASK-054,SRCREF-00087;SRCREF-02116;SRCREF-02117,jira/records/issues/tasks/TASK-054_define_transfer_episode_and_same_player_identity_contract.json,jira/issues/tasks/TASK-054_define_transfer_episode_and_same_player_identity_contract.md
TASK-055,BAT-158,100158,Task,[TASK-055] Build historical transfer translation training design,EPIC-010,EPIC-010,PHASE-2,P1,DONE,DESIGN_ONLY,CONTRACT_DEFINED,VERIFIED,false,TASK-053;TASK-054,false,player-context-intelligence,SOLO_WORKTREE,HISTORICAL_REFERENCE,HISTORICAL_SCOPED_COMPLETED,W12,3,1,TASK-055,SRCREF-00088;SRCREF-02116;SRCREF-02117,jira/records/issues/tasks/TASK-055_build_historical_transfer_translation_training_design.json,jira/issues/tasks/TASK-055_build_historical_transfer_translation_training_design.md
TASK-056,BAT-159,100159,Task,[TASK-056] Add preseason-honor and lagged draft-development candidate lanes,EPIC-010,EPIC-010,PHASE-2,P1,DONE,DESIGN_ONLY,CONTRACT_DEFINED,VERIFIED,false,TASK-053,false,release-readiness,SOLO_WORKTREE,HISTORICAL_REFERENCE,HISTORICAL_SCOPED_COMPLETED,W12,3,1,TASK-056,SRCREF-00089;SRCREF-02116;SRCREF-02117,jira/records/issues/tasks/TASK-056_add_preseason_honor_and_lagged_draft_development_candidate_lanes.json,jira/issues/tasks/TASK-056_add_preseason_honor_and_lagged_draft_development_candidate_lanes.md
TASK-057,BAT-160,100160,Task,[TASK-057] Define transfer/freshman uncertainty outputs,EPIC-010,EPIC-010,PHASE-2,P1,DONE,DESIGN_ONLY,CONTRACT_DEFINED,VERIFIED,false,TASK-055;TASK-056,false,modeling,SOLO_WORKTREE,HISTORICAL_REFERENCE,HISTORICAL_SCOPED_COMPLETED,W12,3,1,TASK-057,SRCREF-00090;SRCREF-02116;SRCREF-02117,jira/records/issues/tasks/TASK-057_define_transfer_freshman_uncertainty_outputs.json,jira/issues/tasks/TASK-057_define_transfer_freshman_uncertainty_outputs.md
TASK-058,BAT-161,100161,Task,[TASK-058] Freeze advanced player-input contract,EPIC-010,EPIC-010,PHASE-2,P1,DONE,DESIGN_ONLY,CONTRACT_DEFINED,VERIFIED,false,TASK-052;TASK-057,true,modeling,PROTECTED_GATE,HISTORICAL_REFERENCE,HISTORICAL_SCOPED_COMPLETED,W12,3,1,TASK-058,SRCREF-00091;SRCREF-02116;SRCREF-02117,jira/records/issues/tasks/TASK-058_freeze_advanced_player_input_contract.json,jira/issues/tasks/TASK-058_freeze_advanced_player_input_contract.md
TASK-059,BAT-162,100162,Task,[TASK-059] Define coach/staff role-episode canonical contracts,EPIC-011,EPIC-011,PHASE-2,P1,DONE,DESIGN_ONLY,CONTRACT_DEFINED,VERIFIED,false,TASK-012;TASK-018,false,player-context-intelligence,SOLO_WORKTREE,HISTORICAL_REFERENCE,HISTORICAL_SCOPED_COMPLETED,W13,3,1,TASK-059,SRCREF-00092;SRCREF-02116;SRCREF-02117,jira/records/issues/tasks/TASK-059_define_coach_staff_role_episode_canonical_contracts.json,jira/issues/tasks/TASK-059_define_coach_staff_role_episode_canonical_contracts.md
TASK-060,BAT-163,100163,Task,[TASK-060] Define role-conditioned development residual framework,EPIC-011,EPIC-011,PHASE-2,P1,DONE,DESIGN_ONLY,CONTRACT_DEFINED,VERIFIED,false,TASK-052;TASK-059,false,modeling,SOLO_WORKTREE,HISTORICAL_REFERENCE,HISTORICAL_SCOPED_COMPLETED,W13,3,1,TASK-060,SRCREF-00093;SRCREF-02116;SRCREF-02117,jira/records/issues/tasks/TASK-060_define_role_conditioned_development_residual_framework.json,jira/issues/tasks/TASK-060_define_role_conditioned_development_residual_framework.md
TASK-061,BAT-164,100164,Task,[TASK-061] Define scheme/play-caller/tendency evidence representation,EPIC-011,EPIC-011,PHASE-2,P1,DONE,DESIGN_ONLY,CONTRACT_DEFINED,VERIFIED,false,TASK-059,false,feature-engineering,SOLO_WORKTREE,HISTORICAL_REFERENCE,HISTORICAL_SCOPED_COMPLETED,W13,3,1,TASK-061,SRCREF-00094;SRCREF-02116;SRCREF-02117,jira/records/issues/tasks/TASK-061_define_scheme_play_caller_tendency_evidence_representation.json,jira/issues/tasks/TASK-061_define_scheme_play_caller_tendency_evidence_representation.md
TASK-062,BAT-165,100165,Task,[TASK-062] Define fourth-down/clock/halftime decision evidence candidates,EPIC-011,EPIC-011,PHASE-2,P1,DONE,DESIGN_ONLY,CONTRACT_DEFINED,VERIFIED,false,TASK-061,false,feature-engineering,SOLO_WORKTREE,HISTORICAL_REFERENCE,HISTORICAL_SCOPED_COMPLETED,W13,3,1,TASK-062,SRCREF-00095;SRCREF-02116;SRCREF-02117,jira/records/issues/tasks/TASK-062_define_fourth_down_clock_halftime_decision_evidence_candidates.json,jira/issues/tasks/TASK-062_define_fourth_down_clock_halftime_decision_evidence_candidates.md
TASK-063,BAT-166,100166,Task,[TASK-063] Design hierarchical pooling and confound controls,EPIC-011,EPIC-011,PHASE-2,P1,DONE,DESIGN_ONLY,CONTRACT_DEFINED,VERIFIED,false,TASK-060;TASK-062,false,player-context-intelligence,SOLO_WORKTREE,HISTORICAL_REFERENCE,HISTORICAL_SCOPED_COMPLETED,W13,3,1,TASK-063,SRCREF-00096;SRCREF-02116;SRCREF-02117,jira/records/issues/tasks/TASK-063_design_hierarchical_pooling_and_confound_controls.json,jira/issues/tasks/TASK-063_design_hierarchical_pooling_and_confound_controls.md
TASK-064,BAT-167,100167,Task,[TASK-064] Freeze coaching intelligence interface,EPIC-011,EPIC-011,PHASE-2,P1,DONE,DESIGN_ONLY,CONTRACT_DEFINED,VERIFIED,false,TASK-063,true,modeling,PROTECTED_GATE,HISTORICAL_REFERENCE,HISTORICAL_SCOPED_COMPLETED,W13,3,1,TASK-064,SRCREF-00097;SRCREF-02116;SRCREF-02117,jira/records/issues/tasks/TASK-064_freeze_coaching_intelligence_interface.json,jira/issues/tasks/TASK-064_freeze_coaching_intelligence_interface.md
TASK-065,BAT-168,100168,Task,[TASK-065] Define weather forecast versus observed-weather contracts,EPIC-012,EPIC-012,PHASE-2,P1,DONE,DESIGN_ONLY,CONTRACT_DEFINED,VERIFIED,false,TASK-018,false,modeling,SOLO_WORKTREE,HISTORICAL_REFERENCE,HISTORICAL_SCOPED_COMPLETED,W13,3,1,TASK-065,SRCREF-00098;SRCREF-02116;SRCREF-02117,jira/records/issues/tasks/TASK-065_define_weather_forecast_versus_observed_weather_contracts.json,jira/issues/tasks/TASK-065_define_weather_forecast_versus_observed_weather_contracts.md
TASK-066,BAT-169,100169,Task,[TASK-066] Define venue/travel/timezone/rest context contracts,EPIC-012,EPIC-012,PHASE-2,P1,DONE,DESIGN_ONLY,CONTRACT_DEFINED,VERIFIED,false,TASK-012;TASK-018,false,player-context-intelligence,SOLO_WORKTREE,HISTORICAL_REFERENCE,HISTORICAL_SCOPED_COMPLETED,W13,3,1,TASK-066,SRCREF-00099;SRCREF-02116;SRCREF-02117,jira/records/issues/tasks/TASK-066_define_venue_travel_timezone_rest_context_contracts.json,jira/issues/tasks/TASK-066_define_venue_travel_timezone_rest_context_contracts.md
TASK-067,BAT-170,100170,Task,[TASK-067] Define program-resource public/private asymmetric lanes,EPIC-012,EPIC-012,PHASE-2,P1,DONE,DESIGN_ONLY,CONTRACT_DEFINED,VERIFIED,false,TASK-006,false,raw-snapshots,SOLO_WORKTREE,HISTORICAL_REFERENCE,HISTORICAL_SCOPED_COMPLETED,W13,3,1,TASK-067,SRCREF-00100;SRCREF-02116;SRCREF-02117,jira/records/issues/tasks/TASK-067_define_program_resource_public_private_asymmetric_lanes.json,jira/issues/tasks/TASK-067_define_program_resource_public_private_asymmetric_lanes.md
TASK-068,BAT-171,100171,Task,[TASK-068] Design learned hierarchical home-field/venue effect experiment,EPIC-012,EPIC-012,PHASE-2,P1,DONE,DESIGN_ONLY,CONTRACT_DEFINED,VERIFIED,false,TASK-035;TASK-066,false,player-context-intelligence,SOLO_WORKTREE,HISTORICAL_REFERENCE,HISTORICAL_SCOPED_COMPLETED,W13,3,1,TASK-068,SRCREF-00101;SRCREF-02116;SRCREF-02117,jira/records/issues/tasks/TASK-068_design_learned_hierarchical_home_field_venue_effect_experiment.json,jira/issues/tasks/TASK-068_design_learned_hierarchical_home_field_venue_effect_experiment.md
TASK-069,BAT-172,100172,Task,[TASK-069] Define rivalry/stakes/look-ahead/rule-era context,EPIC-012,EPIC-012,PHASE-2,P1,DONE,DESIGN_ONLY,CONTRACT_DEFINED,VERIFIED,false,TASK-018,false,feature-engineering,SOLO_WORKTREE,HISTORICAL_REFERENCE,HISTORICAL_SCOPED_COMPLETED,W13,3,1,TASK-069,SRCREF-00102;SRCREF-02116;SRCREF-02117,jira/records/issues/tasks/TASK-069_define_rivalry_stakes_look_ahead_rule_era_context.json,jira/issues/tasks/TASK-069_define_rivalry_stakes_look_ahead_rule_era_context.md
TASK-070,BAT-173,100173,Task,[TASK-070] Freeze context interface and missingness behavior,EPIC-012,EPIC-012,PHASE-2,P1,DONE,DESIGN_ONLY,CONTRACT_DEFINED,VERIFIED,false,TASK-065;TASK-067;TASK-068;TASK-069,true,modeling,PROTECTED_GATE,HISTORICAL_REFERENCE,HISTORICAL_SCOPED_COMPLETED,W13,3,1,TASK-070,SRCREF-00103;SRCREF-02116;SRCREF-02117,jira/records/issues/tasks/TASK-070_freeze_context_interface_and_missingness_behavior.json,jira/issues/tasks/TASK-070_freeze_context_interface_and_missingness_behavior.md
TASK-071,BAT-174,100174,Task,[TASK-071] Define expected possession/tempo state,EPIC-013,EPIC-013,PHASE-2,P1,DONE,DESIGN_ONLY,CONTRACT_DEFINED,VERIFIED,false,TASK-029;TASK-035,false,release-readiness,SOLO_WORKTREE,HISTORICAL_REFERENCE,HISTORICAL_SCOPED_COMPLETED,W13,3,1,TASK-071,SRCREF-00104;SRCREF-02116;SRCREF-02117,jira/records/issues/tasks/TASK-071_define_expected_possession_tempo_state.json,jira/issues/tasks/TASK-071_define_expected_possession_tempo_state.md
TASK-072,BAT-175,100175,Task,[TASK-072] Define field-position and hidden-yard accounting,EPIC-013,EPIC-013,PHASE-2,P1,DONE,DESIGN_ONLY,CONTRACT_DEFINED,VERIFIED,false,TASK-071,false,release-readiness,SOLO_WORKTREE,HISTORICAL_REFERENCE,HISTORICAL_SCOPED_COMPLETED,W13,3,1,TASK-072,SRCREF-00105;SRCREF-02116;SRCREF-02117,jira/records/issues/tasks/TASK-072_define_field_position_and_hidden_yard_accounting.json,jira/issues/tasks/TASK-072_define_field_position_and_hidden_yard_accounting.md
TASK-073,BAT-176,100176,Task,[TASK-073] Define kicking/punting/kickoff/return specialist features,EPIC-013,EPIC-013,PHASE-2,P1,DONE,DESIGN_ONLY,CONTRACT_DEFINED,VERIFIED,false,TASK-065;TASK-072,false,feature-engineering,SOLO_WORKTREE,HISTORICAL_REFERENCE,HISTORICAL_SCOPED_COMPLETED,W13,3,1,TASK-073,SRCREF-00106;SRCREF-02116;SRCREF-02117,jira/records/issues/tasks/TASK-073_define_kicking_punting_kickoff_return_specialist_features.json,jira/issues/tasks/TASK-073_define_kicking_punting_kickoff_return_specialist_features.md
TASK-074,BAT-177,100177,Task,[TASK-074] Define score-state/garbage-time/leverage policy candidates,EPIC-013,EPIC-013,PHASE-2,P1,DONE,DESIGN_ONLY,CONTRACT_DEFINED,VERIFIED,false,TASK-029,false,release-readiness,SOLO_WORKTREE,HISTORICAL_REFERENCE,HISTORICAL_SCOPED_COMPLETED,W13,3,1,TASK-074,SRCREF-00107;SRCREF-02116;SRCREF-02117,jira/records/issues/tasks/TASK-074_define_score_state_garbage_time_leverage_policy_candidates.json,jira/issues/tasks/TASK-074_define_score_state_garbage_time_leverage_policy_candidates.md
TASK-075,BAT-178,100178,Task,[TASK-075] Define penalty/turnover/field-position interactions,EPIC-013,EPIC-013,PHASE-2,P1,DONE,DESIGN_ONLY,CONTRACT_DEFINED,VERIFIED,false,TASK-072;TASK-074,false,release-readiness,SOLO_WORKTREE,HISTORICAL_REFERENCE,HISTORICAL_SCOPED_COMPLETED,W13,3,1,TASK-075,SRCREF-00108;SRCREF-02116;SRCREF-02117,jira/records/issues/tasks/TASK-075_define_penalty_turnover_field_position_interactions.json,jira/issues/tasks/TASK-075_define_penalty_turnover_field_position_interactions.md
TASK-076,BAT-179,100179,Task,[TASK-076] Freeze mechanics feature interfaces,EPIC-013,EPIC-013,PHASE-2,P1,DONE,DESIGN_ONLY,CONTRACT_DEFINED,VERIFIED,false,TASK-073;TASK-075,true,modeling,PROTECTED_GATE,HISTORICAL_REFERENCE,HISTORICAL_SCOPED_COMPLETED,W13,3,1,TASK-076,SRCREF-00109;SRCREF-02116;SRCREF-02117,jira/records/issues/tasks/TASK-076_freeze_mechanics_feature_interfaces.json,jira/issues/tasks/TASK-076_freeze_mechanics_feature_interfaces.md
TASK-077,BAT-180,100180,Task,[TASK-077] Define opponent-adjusted efficiency framework,EPIC-014,EPIC-014,PHASE-2,P1,DONE,DESIGN_ONLY,CONTRACT_DEFINED,VERIFIED,false,TASK-029;TASK-035,false,release-readiness,SOLO_WORKTREE,HISTORICAL_REFERENCE,HISTORICAL_SCOPED_COMPLETED,W13,3,1,TASK-077,SRCREF-00110;SRCREF-02116;SRCREF-02117,jira/records/issues/tasks/TASK-077_define_opponent_adjusted_efficiency_framework.json,jira/issues/tasks/TASK-077_define_opponent_adjusted_efficiency_framework.md
TASK-078,BAT-181,100181,Task,[TASK-078] Define style/scheme similarity representation,EPIC-014,EPIC-014,PHASE-2,P1,DONE,DESIGN_ONLY,CONTRACT_DEFINED,VERIFIED,false,TASK-061;TASK-077,false,release-readiness,SOLO_WORKTREE,HISTORICAL_REFERENCE,HISTORICAL_SCOPED_COMPLETED,W13,3,1,TASK-078,SRCREF-00111;SRCREF-02116;SRCREF-02117,jira/records/issues/tasks/TASK-078_define_style_scheme_similarity_representation.json,jira/issues/tasks/TASK-078_define_style_scheme_similarity_representation.md
TASK-079,BAT-182,100182,Task,[TASK-079] Define schedule stress/workload/rest/travel aggregates,EPIC-014,EPIC-014,PHASE-2,P1,DONE,DESIGN_ONLY,CONTRACT_DEFINED,VERIFIED,false,TASK-066;TASK-071,false,feature-engineering,SOLO_WORKTREE,HISTORICAL_REFERENCE,HISTORICAL_SCOPED_COMPLETED,W13,3,1,TASK-079,SRCREF-00112;SRCREF-02116;SRCREF-02117,jira/records/issues/tasks/TASK-079_define_schedule_stress_workload_rest_travel_aggregates.json,jira/issues/tasks/TASK-079_define_schedule_stress_workload_rest_travel_aggregates.md
TASK-080,BAT-183,100183,Task,[TASK-080] Define previous-opponent and look-ahead context safeguards,EPIC-014,EPIC-014,PHASE-2,P1,DONE,DESIGN_ONLY,CONTRACT_DEFINED,VERIFIED,false,TASK-018;TASK-079,false,release-readiness,SOLO_WORKTREE,HISTORICAL_REFERENCE,HISTORICAL_SCOPED_COMPLETED,W13,3,1,TASK-080,SRCREF-00113;SRCREF-02116;SRCREF-02117,jira/records/issues/tasks/TASK-080_define_previous_opponent_and_look_ahead_context_safeguards.json,jira/issues/tasks/TASK-080_define_previous_opponent_and_look_ahead_context_safeguards.md
TASK-081,BAT-184,100184,Task,[TASK-081] Evaluate experimental officiating lane eligibility,EPIC-014,EPIC-014,PHASE-2,P1,DONE,DESIGN_ONLY,CONTRACT_DEFINED,VERIFIED,false,TASK-006;TASK-018,false,player-context-intelligence,SOLO_WORKTREE,HISTORICAL_REFERENCE,HISTORICAL_SCOPED_COMPLETED,W13,3,2,TASK-081,SRCREF-00114;SRCREF-02116;SRCREF-02117,jira/records/issues/tasks/TASK-081_evaluate_experimental_officiating_lane_eligibility.json,jira/issues/tasks/TASK-081_evaluate_experimental_officiating_lane_eligibility.md
TASK-082,BAT-185,100185,Task,[TASK-082] Freeze matchup/context adjustment interfaces,EPIC-014,EPIC-014,PHASE-2,P1,DONE,DESIGN_ONLY,CONTRACT_DEFINED,VERIFIED,false,TASK-077;TASK-078;TASK-080;TASK-081,true,modeling,PROTECTED_GATE,HISTORICAL_REFERENCE,HISTORICAL_SCOPED_COMPLETED,W13,3,1,TASK-082,SRCREF-00115;SRCREF-02116;SRCREF-02117,jira/records/issues/tasks/TASK-082_freeze_matchup_context_adjustment_interfaces.json,jira/issues/tasks/TASK-082_freeze_matchup_context_adjustment_interfaces.md
TASK-083,BAT-186,100186,Task,[TASK-083] Implement player/roster/availability starter,EPIC-015,EPIC-015,PHASE-2,P1,DONE,DESIGN_ONLY,FUNCTIONAL_STARTER,VERIFIED,false,TASK-046;TASK-052,false,player-context-intelligence,SOLO_WORKTREE,HISTORICAL_REFERENCE,HISTORICAL_SCOPED_COMPLETED,W19,3,1,TASK-083,SRCREF-00116;SRCREF-02116;SRCREF-02117,jira/records/issues/tasks/TASK-083_implement_player_roster_availability_starter.json,jira/issues/tasks/TASK-083_implement_player_roster_availability_starter.md
TASK-084,BAT-187,100187,Task,[TASK-084] Implement transfer/recruiting prior starter,EPIC-015,EPIC-015,PHASE-2,P1,DONE,DESIGN_ONLY,FUNCTIONAL_STARTER,VERIFIED,false,TASK-046;TASK-058,false,player-context-intelligence,SOLO_WORKTREE,HISTORICAL_REFERENCE,HISTORICAL_SCOPED_COMPLETED,W19,3,1,TASK-084,SRCREF-00117;SRCREF-02116;SRCREF-02117,jira/records/issues/tasks/TASK-084_implement_transfer_recruiting_prior_starter.json,jira/issues/tasks/TASK-084_implement_transfer_recruiting_prior_starter.md
TASK-085,BAT-188,100188,Task,[TASK-085] Implement coaching/context/mechanics starter features,EPIC-015,EPIC-015,PHASE-2,P1,DONE,DESIGN_ONLY,FUNCTIONAL_STARTER,VERIFIED,false,TASK-046;TASK-064;TASK-070;TASK-076;TASK-082,false,feature-engineering,SOLO_WORKTREE,HISTORICAL_REFERENCE,HISTORICAL_SCOPED_COMPLETED,W19,3,1,TASK-085,SRCREF-00118;SRCREF-02116;SRCREF-02117,jira/records/issues/tasks/TASK-085_implement_coaching_context_mechanics_starter_features.json,jira/issues/tasks/TASK-085_implement_coaching_context_mechanics_starter_features.md
TASK-086,BAT-189,100189,Task,[TASK-086] Create advanced-state synthetic integration fixtures,EPIC-015,EPIC-015,PHASE-2,P1,DONE,DESIGN_ONLY,FUNCTIONAL_STARTER,VERIFIED,false,TASK-083;TASK-084;TASK-085,false,pit-temporal,SOLO_WORKTREE,HISTORICAL_REFERENCE,HISTORICAL_SCOPED_COMPLETED,W19,3,1,TASK-086,SRCREF-00119;SRCREF-02116;SRCREF-02117,jira/records/issues/tasks/TASK-086_create_advanced_state_synthetic_integration_fixtures.json,jira/issues/tasks/TASK-086_create_advanced_state_synthetic_integration_fixtures.md
TASK-087,BAT-190,100190,Task,[TASK-087] Run advanced feature family ablation readiness gate,EPIC-015,EPIC-015,PHASE-2,P1,DONE,DESIGN_ONLY,FUNCTIONAL_STARTER,VERIFIED,false,TASK-040;TASK-086,true,feature-engineering,PROTECTED_GATE,HISTORICAL_REFERENCE,HISTORICAL_SCOPED_COMPLETED,W20,3,1,TASK-087,SRCREF-00120;SRCREF-02116;SRCREF-02117,jira/records/issues/tasks/TASK-087_run_advanced_feature_family_ablation_readiness_gate.json,jira/issues/tasks/TASK-087_run_advanced_feature_family_ablation_readiness_gate.md
TASK-088,BAT-191,100191,Task,[TASK-088] Define A&M high-resolution evidence acquisition/state overlay,EPIC-016,EPIC-016,PHASE-3,P1,DONE,DESIGN_ONLY,CONTRACT_DEFINED,VERIFIED,false,TASK-058;TASK-064;TASK-070;TASK-076;TASK-082,false,modeling,SOLO_WORKTREE,HISTORICAL_REFERENCE,HISTORICAL_SCOPED_COMPLETED,W14,3,1,TASK-088,SRCREF-00121;SRCREF-02116;SRCREF-02117,jira/records/issues/tasks/TASK-088_define_a_and_m_high_resolution_evidence_acquisition_state_overlay.json,jira/issues/tasks/TASK-088_define_a_and_m_high_resolution_evidence_acquisition_state_overlay.md
TASK-089,BAT-192,100192,Task,[TASK-089] Define A&M unit/QB/OL/receiver/depth state,EPIC-016,EPIC-016,PHASE-3,P1,DONE,DESIGN_ONLY,CONTRACT_DEFINED,VERIFIED,false,TASK-052;TASK-088,false,modeling,SOLO_WORKTREE,HISTORICAL_REFERENCE,HISTORICAL_SCOPED_COMPLETED,W14,3,1,TASK-089,SRCREF-00122;SRCREF-02116;SRCREF-02117,jira/records/issues/tasks/TASK-089_define_a_and_m_unit_qb_ol_receiver_depth_state.json,jira/issues/tasks/TASK-089_define_a_and_m_unit_qb_ol_receiver_depth_state.md
TASK-090,BAT-193,100193,Task,[TASK-090] Define A&M regime/staff/availability current-state layer,EPIC-016,EPIC-016,PHASE-3,P1,DONE,DESIGN_ONLY,CONTRACT_DEFINED,VERIFIED,false,TASK-064;TASK-088,false,modeling,SOLO_WORKTREE,HISTORICAL_REFERENCE,HISTORICAL_SCOPED_COMPLETED,W14,3,1,TASK-090,SRCREF-00123;SRCREF-02116;SRCREF-02117,jira/records/issues/tasks/TASK-090_define_a_and_m_regime_staff_availability_current_state_layer.json,jira/issues/tasks/TASK-090_define_a_and_m_regime_staff_availability_current_state_layer.md
TASK-091,BAT-194,100194,Task,[TASK-091] Define A&M frequent forecast snapshot schedule candidates,EPIC-016,EPIC-016,PHASE-3,P1,DONE,DESIGN_ONLY,CONTRACT_DEFINED,VERIFIED,false,TASK-018;TASK-088,false,modeling,SOLO_WORKTREE,HISTORICAL_REFERENCE,HISTORICAL_SCOPED_COMPLETED,W14,3,1,TASK-091,SRCREF-00124;SRCREF-02116;SRCREF-02117,jira/records/issues/tasks/TASK-091_define_a_and_m_frequent_forecast_snapshot_schedule_candidates.json,jira/issues/tasks/TASK-091_define_a_and_m_frequent_forecast_snapshot_schedule_candidates.md
TASK-092,BAT-195,100195,Task,[TASK-092] Define A&M peer cohort/analog evidence interface,EPIC-016,EPIC-016,PHASE-3,P1,DONE,DESIGN_ONLY,CONTRACT_DEFINED,VERIFIED,false,TASK-035;TASK-088,false,modeling,SOLO_WORKTREE,HISTORICAL_REFERENCE,HISTORICAL_SCOPED_COMPLETED,W14,3,1,TASK-092,SRCREF-00125;SRCREF-02116;SRCREF-02117,jira/records/issues/tasks/TASK-092_define_a_and_m_peer_cohort_analog_evidence_interface.json,jira/issues/tasks/TASK-092_define_a_and_m_peer_cohort_analog_evidence_interface.md
TASK-093,BAT-196,100196,Task,[TASK-093] Freeze A&M state interface,EPIC-016,EPIC-016,PHASE-3,P1,DONE,DESIGN_ONLY,CONTRACT_DEFINED,VERIFIED,false,TASK-089;TASK-090;TASK-091;TASK-092,true,modeling,PROTECTED_GATE,HISTORICAL_REFERENCE,HISTORICAL_SCOPED_COMPLETED,W14,3,1,TASK-093,SRCREF-00126;SRCREF-02116;SRCREF-02117,jira/records/issues/tasks/TASK-093_freeze_a_and_m_state_interface.json,jira/issues/tasks/TASK-093_freeze_a_and_m_state_interface.md
TASK-094,BAT-197,100197,Task,[TASK-094] Define specialization input/output semantic contract,EPIC-017,EPIC-017,PHASE-3,P1,DONE,DESIGN_ONLY,CONTRACT_DEFINED,VERIFIED,false,TASK-093,false,tamu-specialization,SOLO_WORKTREE,HISTORICAL_REFERENCE,HISTORICAL_SCOPED_COMPLETED,W14,3,1,TASK-094,SRCREF-00127;SRCREF-02116;SRCREF-02117,jira/records/issues/tasks/TASK-094_define_specialization_input_output_semantic_contract.json,jira/issues/tasks/TASK-094_define_specialization_input_output_semantic_contract.md
TASK-095,BAT-198,100198,Task,[TASK-095] Design residual-adapter challenger,EPIC-017,EPIC-017,PHASE-3,P1,DONE,DESIGN_ONLY,CONTRACT_DEFINED,VERIFIED,false,TASK-094,false,modeling,SOLO_WORKTREE,HISTORICAL_REFERENCE,HISTORICAL_SCOPED_COMPLETED,W14,3,1,TASK-095,SRCREF-00128;SRCREF-02116;SRCREF-02117,jira/records/issues/tasks/TASK-095_design_residual_adapter_challenger.json,jira/issues/tasks/TASK-095_design_residual_adapter_challenger.md
TASK-096,BAT-199,100199,Task,[TASK-096] Design hierarchical/multi-task specialization challengers,EPIC-017,EPIC-017,PHASE-3,P1,DONE,DESIGN_ONLY,CONTRACT_DEFINED,VERIFIED,false,TASK-094,false,modeling,SOLO_WORKTREE,HISTORICAL_REFERENCE,HISTORICAL_SCOPED_COMPLETED,W14,3,1,TASK-096,SRCREF-00129;SRCREF-02116;SRCREF-02117,jira/records/issues/tasks/TASK-096_design_hierarchical_multi_task_specialization_challengers.json,jira/issues/tasks/TASK-096_design_hierarchical_multi_task_specialization_challengers.md
TASK-097,BAT-200,100200,Task,[TASK-097] Define shrinkage/no-adjustment fallback and overfit guard,EPIC-017,EPIC-017,PHASE-3,P1,DONE,DESIGN_ONLY,CONTRACT_DEFINED,VERIFIED,false,TASK-095;TASK-096,false,validation-promotion,PROTECTED_GATE,HISTORICAL_REFERENCE,HISTORICAL_SCOPED_COMPLETED,W14,3,1,TASK-097,SRCREF-00130;SRCREF-02116;SRCREF-02117,jira/records/issues/tasks/TASK-097_define_shrinkage_no_adjustment_fallback_and_overfit_guard.json,jira/issues/tasks/TASK-097_define_shrinkage_no_adjustment_fallback_and_overfit_guard.md
TASK-098,BAT-201,100201,Task,[TASK-098] Define A&M-specific evaluation weighting/subgroups,EPIC-017,EPIC-017,PHASE-3,P1,DONE,DESIGN_ONLY,CONTRACT_DEFINED,VERIFIED,false,TASK-094,false,validation-promotion,SOLO_WORKTREE,HISTORICAL_REFERENCE,HISTORICAL_SCOPED_COMPLETED,W14,3,1,TASK-098,SRCREF-00131;SRCREF-02116;SRCREF-02117,jira/records/issues/tasks/TASK-098_define_a_and_m_specific_evaluation_weighting_subgroups.json,jira/issues/tasks/TASK-098_define_a_and_m_specific_evaluation_weighting_subgroups.md
TASK-099,BAT-202,100202,Task,[TASK-099] Freeze specialization candidates for W16/W17 comparison,EPIC-017,EPIC-017,PHASE-3,P1,DONE,DESIGN_ONLY,CONTRACT_DEFINED,VERIFIED,false,TASK-097;TASK-098,true,modeling,PROTECTED_GATE,HISTORICAL_REFERENCE,HISTORICAL_SCOPED_COMPLETED,W14,3,1,TASK-099,SRCREF-00132;SRCREF-02116;SRCREF-02117,jira/records/issues/tasks/TASK-099_freeze_specialization_candidates_for_w16_w17_comparison.json,jira/issues/tasks/TASK-099_freeze_specialization_candidates_for_w16_w17_comparison.md
TASK-100,BAT-203,100203,Task,[TASK-100] Implement/verify primary BAS residual definition contract,EPIC-018,EPIC-018,PHASE-3,P1,DONE,DESIGN_ONLY,CONTRACT_DEFINED,VERIFIED,false,TASK-099,false,bas-science,SOLO_WORKTREE,HISTORICAL_REFERENCE,HISTORICAL_SCOPED_COMPLETED,W15,3,1,TASK-100,SRCREF-00133;SRCREF-02116;SRCREF-02117,jira/records/issues/tasks/TASK-100_implement_verify_primary_bas_residual_definition_contract.json,jira/issues/tasks/TASK-100_implement_verify_primary_bas_residual_definition_contract.md
TASK-101,BAT-204,100204,Task,[TASK-101] Design cross-fitted expected-margin label generator,EPIC-018,EPIC-018,PHASE-3,P1,DONE,DESIGN_ONLY,CONTRACT_DEFINED,VERIFIED,false,TASK-018;TASK-100,false,bas-science,PROTECTED_GATE,HISTORICAL_REFERENCE,HISTORICAL_SCOPED_COMPLETED,W15,3,1,TASK-101,SRCREF-00134;SRCREF-02116;SRCREF-02117,jira/records/issues/tasks/TASK-101_design_cross_fitted_expected_margin_label_generator.json,jira/issues/tasks/TASK-101_design_cross_fitted_expected_margin_label_generator.md
TASK-102,BAT-205,100205,Task,[TASK-102] Define ≥3/7/14/21 severity label production,EPIC-018,EPIC-018,PHASE-3,P1,DONE,DESIGN_ONLY,CONTRACT_DEFINED,VERIFIED,false,TASK-101,false,bas-science,SOLO_WORKTREE,HISTORICAL_REFERENCE,HISTORICAL_SCOPED_COMPLETED,W15,3,1,TASK-102,SRCREF-00135;SRCREF-02116;SRCREF-02117,jira/records/issues/tasks/TASK-102_define_3_7_14_21_severity_label_production.json,jira/issues/tasks/TASK-102_define_3_7_14_21_severity_label_production.md
TASK-103,BAT-206,100206,Task,[TASK-103] Build anti-circularity/leakage tests for BAS labels,EPIC-018,EPIC-018,PHASE-3,P1,DONE,DESIGN_ONLY,CONTRACT_DEFINED,VERIFIED,false,TASK-101;TASK-102,false,bas-science,PROTECTED_GATE,HISTORICAL_REFERENCE,HISTORICAL_SCOPED_COMPLETED,W15,3,1,TASK-103,SRCREF-00136;SRCREF-02116;SRCREF-02117,jira/records/issues/tasks/TASK-103_build_anti_circularity_leakage_tests_for_bas_labels.json,jira/issues/tasks/TASK-103_build_anti_circularity_leakage_tests_for_bas_labels.md
TASK-104,BAT-207,100207,Task,[TASK-104] Freeze BAS labeling contract,EPIC-018,EPIC-018,PHASE-3,P1,DONE,DESIGN_ONLY,CONTRACT_DEFINED,VERIFIED,false,TASK-103,true,bas-science,PROTECTED_GATE,HISTORICAL_REFERENCE,HISTORICAL_SCOPED_COMPLETED,W15,3,1,TASK-104,SRCREF-00137;SRCREF-02116;SRCREF-02117,jira/records/issues/tasks/TASK-104_freeze_bas_labeling_contract.json,jira/issues/tasks/TASK-104_freeze_bas_labeling_contract.md
TASK-105,BAT-208,100208,Task,[TASK-105] Define general FBS underperformance baseline comparison,EPIC-019,EPIC-019,PHASE-3,P1,DONE,DESIGN_ONLY,CONTRACT_DEFINED,VERIFIED,false,TASK-104,false,bas-science,SOLO_WORKTREE,HISTORICAL_REFERENCE,HISTORICAL_SCOPED_COMPLETED,W15,3,1,TASK-105,SRCREF-00138;SRCREF-02116;SRCREF-02117,jira/records/issues/tasks/TASK-105_define_general_fbs_underperformance_baseline_comparison.json,jira/issues/tasks/TASK-105_define_general_fbs_underperformance_baseline_comparison.md
TASK-106,BAT-209,100209,Task,[TASK-106] Define Aggie Excess and peer-cohort significance tests,EPIC-019,EPIC-019,PHASE-3,P1,DONE,DESIGN_ONLY,CONTRACT_DEFINED,VERIFIED,false,TASK-092;TASK-105,false,bas-science,SOLO_WORKTREE,HISTORICAL_REFERENCE,HISTORICAL_SCOPED_COMPLETED,W15,3,1,TASK-106,SRCREF-00139;SRCREF-02116;SRCREF-02117,jira/records/issues/tasks/TASK-106_define_aggie_excess_and_peer_cohort_significance_tests.json,jira/issues/tasks/TASK-106_define_aggie_excess_and_peer_cohort_significance_tests.md
TASK-107,BAT-210,100210,Task,[TASK-107] Define offensive/defensive/ST/coaching/collapse candidate decompositions,EPIC-019,EPIC-019,PHASE-3,P1,DONE,DESIGN_ONLY,CONTRACT_DEFINED,VERIFIED,false,TASK-104,false,bas-science,SOLO_WORKTREE,HISTORICAL_REFERENCE,HISTORICAL_SCOPED_COMPLETED,W15,3,1,TASK-107,SRCREF-00140;SRCREF-02116;SRCREF-02117,jira/records/issues/tasks/TASK-107_define_offensive_defensive_st_coaching_collapse_candidate_decompositions.json,jira/issues/tasks/TASK-107_define_offensive_defensive_st_coaching_collapse_candidate_decompositions.md
TASK-108,BAT-211,100211,Task,[TASK-108] Define regime/stability/calibration validation,EPIC-019,EPIC-019,PHASE-3,P1,DONE,DESIGN_ONLY,CONTRACT_DEFINED,VERIFIED,false,TASK-106;TASK-107,false,bas-science,PROTECTED_GATE,HISTORICAL_REFERENCE,HISTORICAL_SCOPED_COMPLETED,W15,3,1,TASK-108,SRCREF-00141;SRCREF-02116;SRCREF-02117,jira/records/issues/tasks/TASK-108_define_regime_stability_calibration_validation.json,jira/issues/tasks/TASK-108_define_regime_stability_calibration_validation.md
TASK-109,BAT-212,100212,Task,[TASK-109] Freeze protected BAS scientific evaluation protocol,EPIC-019,EPIC-019,PHASE-3,P1,DONE,DESIGN_ONLY,CONTRACT_DEFINED,VERIFIED,false,TASK-108;TASK-128;TASK-129,false,bas-science,PROTECTED_GATE,HISTORICAL_REFERENCE,HISTORICAL_SCOPED_COMPLETED,W17,3,1,TASK-109,SRCREF-00142;SRCREF-02116;SRCREF-02117,jira/records/issues/tasks/TASK-109_freeze_protected_bas_scientific_evaluation_protocol.json,jira/issues/tasks/TASK-109_freeze_protected_bas_scientific_evaluation_protocol.md
TASK-110,BAT-213,100213,Task,[TASK-110] Freeze BAS component promotion/rejection decision rule,EPIC-019,EPIC-019,PHASE-3,P1,DONE,DESIGN_ONLY,CONTRACT_DEFINED,VERIFIED,false,TASK-109,true,bas-science,PROTECTED_GATE,HISTORICAL_REFERENCE,HISTORICAL_SCOPED_COMPLETED,W17,3,2,TASK-110,SRCREF-00143;SRCREF-02116;SRCREF-02117,jira/records/issues/tasks/TASK-110_freeze_bas_component_promotion_rejection_decision_rule.json,jira/issues/tasks/TASK-110_freeze_bas_component_promotion_rejection_decision_rule.md
TASK-111,BAT-214,100214,Task,[TASK-111] Implement A&M high-resolution state adapter starter,EPIC-020,EPIC-020,PHASE-3,P1,DONE,DESIGN_ONLY,FUNCTIONAL_STARTER,VERIFIED,false,TASK-046;TASK-093,false,release-readiness,SOLO_WORKTREE,HISTORICAL_REFERENCE,HISTORICAL_SCOPED_COMPLETED,W20,3,1,TASK-111,SRCREF-00144;SRCREF-02116;SRCREF-02117,jira/records/issues/tasks/TASK-111_implement_a_and_m_high_resolution_state_adapter_starter.json,jira/issues/tasks/TASK-111_implement_a_and_m_high_resolution_state_adapter_starter.md
TASK-112,BAT-215,100215,Task,[TASK-112] Implement approved specialization candidate starter,EPIC-020,EPIC-020,PHASE-3,P1,DONE,DESIGN_ONLY,FUNCTIONAL_STARTER,VERIFIED,false,TASK-099;TASK-111,false,tamu-specialization,SOLO_WORKTREE,HISTORICAL_REFERENCE,HISTORICAL_SCOPED_COMPLETED,W20,3,1,TASK-112,SRCREF-00145;SRCREF-02116;SRCREF-02117,jira/records/issues/tasks/TASK-112_implement_approved_specialization_candidate_starter.json,jira/issues/tasks/TASK-112_implement_approved_specialization_candidate_starter.md
TASK-113,BAT-216,100216,Task,[TASK-113] Implement BAS label/model interface starter,EPIC-020,EPIC-020,PHASE-3,P1,DONE,DESIGN_ONLY,FUNCTIONAL_STARTER,VERIFIED,false,TASK-104,false,bas-science,SOLO_WORKTREE,HISTORICAL_REFERENCE,HISTORICAL_SCOPED_COMPLETED,W20,3,1,TASK-113,SRCREF-00146;SRCREF-02116;SRCREF-02117,jira/records/issues/tasks/TASK-113_implement_bas_label_model_interface_starter.json,jira/issues/tasks/TASK-113_implement_bas_label_model_interface_starter.md
TASK-114,BAT-217,100217,Task,[TASK-114] Integrate A&M/BAS output into forecast snapshot contract,EPIC-020,EPIC-020,PHASE-3,P1,DONE,DESIGN_ONLY,FUNCTIONAL_STARTER,VERIFIED,false,TASK-112;TASK-113,false,bas-science,SOLO_WORKTREE,HISTORICAL_REFERENCE,HISTORICAL_SCOPED_COMPLETED,W20,3,1,TASK-114,SRCREF-00147;SRCREF-02116;SRCREF-02117,jira/records/issues/tasks/TASK-114_integrate_a_and_m_bas_output_into_forecast_snapshot_contract.json,jira/issues/tasks/TASK-114_integrate_a_and_m_bas_output_into_forecast_snapshot_contract.md
TASK-115,BAT-218,100218,Task,[TASK-115] Pass A&M/BAS starter integration gate,EPIC-020,EPIC-020,PHASE-3,P1,DONE,DESIGN_ONLY,FUNCTIONAL_STARTER,VERIFIED,false,TASK-110;TASK-114,true,bas-science,PROTECTED_GATE,HISTORICAL_REFERENCE,HISTORICAL_SCOPED_COMPLETED,W20,3,1,TASK-115,SRCREF-00148;SRCREF-02116;SRCREF-02117,jira/records/issues/tasks/TASK-115_pass_a_and_m_bas_starter_integration_gate.json,jira/issues/tasks/TASK-115_pass_a_and_m_bas_starter_integration_gate.md
TASK-116,BAT-219,100219,Task,[TASK-116] Freeze model target schemas and label semantics,EPIC-021,EPIC-021,PHASE-4,P1,DONE,DESIGN_ONLY,CONTRACT_DEFINED,VERIFIED,false,TASK-099;TASK-104,false,modeling,SHARED_CONTRACT,HISTORICAL_REFERENCE,HISTORICAL_SCOPED_COMPLETED,W16,3,1,TASK-116,SRCREF-00149;SRCREF-02116;SRCREF-02117,jira/records/issues/tasks/TASK-116_freeze_model_target_schemas_and_label_semantics.json,jira/issues/tasks/TASK-116_freeze_model_target_schemas_and_label_semantics.md
TASK-117,BAT-220,100220,Task,[TASK-117] Compare joint-score/margin statistical families,EPIC-021,EPIC-021,PHASE-4,P1,DONE,DESIGN_ONLY,CONTRACT_DEFINED,VERIFIED,false,TASK-116,false,release-readiness,SOLO_WORKTREE,HISTORICAL_REFERENCE,HISTORICAL_SCOPED_COMPLETED,W16,3,1,TASK-117,SRCREF-00150;SRCREF-02116;SRCREF-02117,jira/records/issues/tasks/TASK-117_compare_joint_score_margin_statistical_families.json,jira/issues/tasks/TASK-117_compare_joint_score_margin_statistical_families.md
TASK-118,BAT-221,100221,Task,[TASK-118] Define coherent win/score/margin derivation contract,EPIC-021,EPIC-021,PHASE-4,P1,DONE,DESIGN_ONLY,CONTRACT_DEFINED,VERIFIED,false,TASK-117,false,modeling,SOLO_WORKTREE,HISTORICAL_REFERENCE,HISTORICAL_SCOPED_COMPLETED,W16,3,1,TASK-118,SRCREF-00151;SRCREF-02116;SRCREF-02117,jira/records/issues/tasks/TASK-118_define_coherent_win_score_margin_derivation_contract.json,jira/issues/tasks/TASK-118_define_coherent_win_score_margin_derivation_contract.md
TASK-119,BAT-222,100222,Task,[TASK-119] Define Monte Carlo/scenario engine interfaces,EPIC-021,EPIC-021,PHASE-4,P1,DONE,DESIGN_ONLY,CONTRACT_DEFINED,VERIFIED,false,TASK-052;TASK-070;TASK-118,false,modeling,SOLO_WORKTREE,HISTORICAL_REFERENCE,HISTORICAL_SCOPED_COMPLETED,W16,3,1,TASK-119,SRCREF-00152;SRCREF-02116;SRCREF-02117,jira/records/issues/tasks/TASK-119_define_monte_carlo_scenario_engine_interfaces.json,jira/issues/tasks/TASK-119_define_monte_carlo_scenario_engine_interfaces.md
TASK-120,BAT-223,100223,Task,[TASK-120] Define player/weather scenario propagation,EPIC-021,EPIC-021,PHASE-4,P1,DONE,DESIGN_ONLY,CONTRACT_DEFINED,VERIFIED,false,TASK-119,false,player-context-intelligence,SOLO_WORKTREE,HISTORICAL_REFERENCE,HISTORICAL_SCOPED_COMPLETED,W16,3,1,TASK-120,SRCREF-00153;SRCREF-02116;SRCREF-02117,jira/records/issues/tasks/TASK-120_define_player_weather_scenario_propagation.json,jira/issues/tasks/TASK-120_define_player_weather_scenario_propagation.md
TASK-121,BAT-224,100224,Task,[TASK-121] Freeze model/joint-score architecture candidates,EPIC-021,EPIC-021,PHASE-4,P1,DONE,DESIGN_ONLY,CONTRACT_DEFINED,VERIFIED,false,TASK-118;TASK-120,true,modeling,PROTECTED_GATE,HISTORICAL_REFERENCE,HISTORICAL_SCOPED_COMPLETED,W16,3,1,TASK-121,SRCREF-00154;SRCREF-02116;SRCREF-02117,jira/records/issues/tasks/TASK-121_freeze_model_joint_score_architecture_candidates.json,jira/issues/tasks/TASK-121_freeze_model_joint_score_architecture_candidates.md
TASK-122,BAT-225,100225,Task,[TASK-122] Define epistemic/aleatoric/data uncertainty interface,EPIC-022,EPIC-022,PHASE-4,P1,DONE,DESIGN_ONLY,CONTRACT_DEFINED,VERIFIED,false,TASK-121,false,modeling,SOLO_WORKTREE,HISTORICAL_REFERENCE,HISTORICAL_SCOPED_COMPLETED,W16,3,1,TASK-122,SRCREF-00155;SRCREF-02116;SRCREF-02117,jira/records/issues/tasks/TASK-122_define_epistemic_aleatoric_data_uncertainty_interface.json,jira/issues/tasks/TASK-122_define_epistemic_aleatoric_data_uncertainty_interface.md
TASK-123,BAT-226,100226,Task,[TASK-123] Define OOD/model-disagreement detection candidates,EPIC-022,EPIC-022,PHASE-4,P1,DONE,DESIGN_ONLY,CONTRACT_DEFINED,VERIFIED,false,TASK-122,false,modeling,SOLO_WORKTREE,HISTORICAL_REFERENCE,HISTORICAL_SCOPED_COMPLETED,W16,3,1,TASK-123,SRCREF-00156;SRCREF-02116;SRCREF-02117,jira/records/issues/tasks/TASK-123_define_ood_model_disagreement_detection_candidates.json,jira/issues/tasks/TASK-123_define_ood_model_disagreement_detection_candidates.md
TASK-124,BAT-227,100227,Task,[TASK-124] Define pure-football forecast lane,EPIC-022,EPIC-022,PHASE-4,P1,DONE,DESIGN_ONLY,CONTRACT_DEFINED,VERIFIED,false,TASK-121,false,modeling,SOLO_WORKTREE,HISTORICAL_REFERENCE,HISTORICAL_SCOPED_COMPLETED,W16,3,1,TASK-124,SRCREF-00157;SRCREF-02116;SRCREF-02117,jira/records/issues/tasks/TASK-124_define_pure_football_forecast_lane.json,jira/issues/tasks/TASK-124_define_pure_football_forecast_lane.md
TASK-125,BAT-228,100228,Task,[TASK-125] Define timestamp-safe market-augmented lane,EPIC-022,EPIC-022,PHASE-4,P1,DONE,DESIGN_ONLY,CONTRACT_DEFINED,VERIFIED,false,TASK-015;TASK-121,false,pit-temporal,SOLO_WORKTREE,HISTORICAL_REFERENCE,HISTORICAL_SCOPED_COMPLETED,W16,3,1,TASK-125,SRCREF-00158;SRCREF-02116;SRCREF-02117,jira/records/issues/tasks/TASK-125_define_timestamp_safe_market_augmented_lane.json,jira/issues/tasks/TASK-125_define_timestamp_safe_market_augmented_lane.md
TASK-126,BAT-229,100229,Task,[TASK-126] Freeze uncertainty/OOD/market protected benchmark protocol,EPIC-022,EPIC-022,PHASE-4,P1,DONE,DESIGN_ONLY,CONTRACT_DEFINED,VERIFIED,false,TASK-123;TASK-124;TASK-125;TASK-128;TASK-129,false,validation-promotion,PROTECTED_GATE,HISTORICAL_REFERENCE,HISTORICAL_SCOPED_COMPLETED,W17,3,2,TASK-126,SRCREF-00159;SRCREF-02116;SRCREF-02117,jira/records/issues/tasks/TASK-126_freeze_uncertainty_ood_market_protected_benchmark_protocol.json,jira/issues/tasks/TASK-126_freeze_uncertainty_ood_market_protected_benchmark_protocol.md
TASK-127,BAT-230,100230,Task,[TASK-127] Freeze uncertainty/market promotion and warning decision rules,EPIC-022,EPIC-022,PHASE-4,P1,DONE,DESIGN_ONLY,CONTRACT_DEFINED,VERIFIED,false,TASK-126,true,validation-promotion,PROTECTED_GATE,HISTORICAL_REFERENCE,HISTORICAL_SCOPED_COMPLETED,W17,3,1,TASK-127,SRCREF-00160;SRCREF-02116;SRCREF-02117,jira/records/issues/tasks/TASK-127_freeze_uncertainty_market_promotion_and_warning_decision_rules.json,jira/issues/tasks/TASK-127_freeze_uncertainty_market_promotion_and_warning_decision_rules.md
TASK-128,BAT-231,100231,Task,[TASK-128] Freeze walk-forward/protected-period split specification,EPIC-023,EPIC-023,PHASE-4,P1,DONE,DESIGN_ONLY,CONTRACT_DEFINED,VERIFIED,false,TASK-121,false,validation-promotion,PROTECTED_GATE,HISTORICAL_REFERENCE,HISTORICAL_SCOPED_COMPLETED,W17,3,3,TASK-128,SRCREF-00161;SRCREF-02116;SRCREF-02117,jira/records/issues/tasks/TASK-128_freeze_walk_forward_protected_period_split_specification.json,jira/issues/tasks/TASK-128_freeze_walk_forward_protected_period_split_specification.md
TASK-129,BAT-232,100232,Task,[TASK-129] Implement proper scoring/calibration/error metrics,EPIC-023,EPIC-023,PHASE-4,P1,DONE,DESIGN_ONLY,CONTRACT_DEFINED,VERIFIED,false,TASK-128,false,modeling,SOLO_WORKTREE,HISTORICAL_REFERENCE,HISTORICAL_SCOPED_COMPLETED,W17,3,1,TASK-129,SRCREF-00162;SRCREF-02116;SRCREF-02117,jira/records/issues/tasks/TASK-129_implement_proper_scoring_calibration_error_metrics.json,jira/issues/tasks/TASK-129_implement_proper_scoring_calibration_error_metrics.md
TASK-130,BAT-233,100233,Task,[TASK-130] Define subgroup/A&M/early-season/injury/travel scorecards,EPIC-023,EPIC-023,PHASE-4,P1,DONE,DESIGN_ONLY,CONTRACT_DEFINED,VERIFIED,false,TASK-128,false,validation-promotion,SOLO_WORKTREE,HISTORICAL_REFERENCE,HISTORICAL_SCOPED_COMPLETED,W17,3,1,TASK-130,SRCREF-00163;SRCREF-02116;SRCREF-02117,jira/records/issues/tasks/TASK-130_define_subgroup_a_and_m_early_season_injury_travel_scorecards.json,jira/issues/tasks/TASK-130_define_subgroup_a_and_m_early_season_injury_travel_scorecards.md
TASK-131,BAT-234,100234,Task,[TASK-131] Freeze evidence-backed promotion threshold methodology,EPIC-023,EPIC-023,PHASE-4,P1,DONE,DESIGN_ONLY,CONTRACT_DEFINED,VERIFIED,false,TASK-040;TASK-129;TASK-130,false,validation-promotion,SHARED_CONTRACT,HISTORICAL_REFERENCE,HISTORICAL_SCOPED_COMPLETED,W17,3,2,TASK-131,SRCREF-00164;SRCREF-02116;SRCREF-02117,jira/records/issues/tasks/TASK-131_freeze_evidence_backed_promotion_threshold_methodology.json,jira/issues/tasks/TASK-131_freeze_evidence_backed_promotion_threshold_methodology.md
TASK-132,BAT-235,100235,Task,[TASK-132] Implement fail-closed champion/challenger decision gate contract,EPIC-023,EPIC-023,PHASE-4,P1,DONE,DESIGN_ONLY,CONTRACT_DEFINED,VERIFIED,false,TASK-131,false,validation-promotion,PROTECTED_GATE,HISTORICAL_REFERENCE,HISTORICAL_SCOPED_COMPLETED,W17,3,3,TASK-132,SRCREF-00165;SRCREF-02116;SRCREF-02117,jira/records/issues/tasks/TASK-132_implement_fail_closed_champion_challenger_decision_gate_contract.json,jira/issues/tasks/TASK-132_implement_fail_closed_champion_challenger_decision_gate_contract.md
TASK-133,BAT-236,100236,Task,[TASK-133] Freeze W17 validation/promotion science protocol gate,EPIC-023,EPIC-023,PHASE-4,P1,DONE,DESIGN_ONLY,CONTRACT_DEFINED,VERIFIED,false,TASK-110;TASK-127;TASK-132,true,validation-promotion,PROTECTED_GATE,HISTORICAL_REFERENCE,HISTORICAL_SCOPED_COMPLETED,W17,3,2,TASK-133,SRCREF-00166;SRCREF-02116;SRCREF-02117,jira/records/issues/tasks/TASK-133_freeze_w17_validation_promotion_science_protocol_gate.json,jira/issues/tasks/TASK-133_freeze_w17_validation_promotion_science_protocol_gate.md
TASK-134,BAT-237,100237,Task,[TASK-134] Define experiment identity/config/data/model lineage schema,EPIC-024,EPIC-024,PHASE-4,P1,DONE,DESIGN_ONLY,CONTRACT_DEFINED,VERIFIED,false,TASK-133,false,modeling,SOLO_WORKTREE,HISTORICAL_REFERENCE,HISTORICAL_SCOPED_COMPLETED,W18,3,1,TASK-134,SRCREF-00167;SRCREF-02116;SRCREF-02117,jira/records/issues/tasks/TASK-134_define_experiment_identity_config_data_model_lineage_schema.json,jira/issues/tasks/TASK-134_define_experiment_identity_config_data_model_lineage_schema.md
TASK-135,BAT-238,100238,Task,"[TASK-135] Select/validate experiment tracking, HPO, search-space and persistence tools",EPIC-024,EPIC-024,PHASE-4,P1,DONE,DESIGN_ONLY,CONTRACT_DEFINED,VERIFIED,false,TASK-134,false,release-readiness,SOLO_WORKTREE,HISTORICAL_REFERENCE,HISTORICAL_SCOPED_COMPLETED,W18,3,1,TASK-135,SRCREF-00168;SRCREF-02116;SRCREF-02117,jira/records/issues/tasks/TASK-135_select_validate_experiment_tracking_hpo_search_space_and_persistence_tools.json,jira/issues/tasks/TASK-135_select_validate_experiment_tracking_hpo_search_space_and_persistence_tools.md
TASK-136,BAT-239,100239,Task,"[TASK-136] Implement hypothesis/experiment queue, isolated worktree, resource and deduplication contracts",EPIC-024,EPIC-024,PHASE-4,P1,DONE,DESIGN_ONLY,CONTRACT_DEFINED,VERIFIED,false,TASK-134;TASK-135,false,release-readiness,SOLO_WORKTREE,HISTORICAL_REFERENCE,HISTORICAL_SCOPED_COMPLETED,W18,3,1,TASK-136,SRCREF-00169;SRCREF-02116;SRCREF-02117,jira/records/issues/tasks/TASK-136_implement_hypothesis_experiment_queue_isolated_worktree_resource_and_deduplicati.json,jira/issues/tasks/TASK-136_implement_hypothesis_experiment_queue_isolated_worktree_resource_and_deduplicati.md
TASK-137,BAT-240,100240,Task,[TASK-137] Implement immutable judging-rule boundary,EPIC-024,EPIC-024,PHASE-4,P1,DONE,DESIGN_ONLY,CONTRACT_DEFINED,VERIFIED,false,TASK-133;TASK-136,false,validation-promotion,PROTECTED_GATE,HISTORICAL_REFERENCE,HISTORICAL_SCOPED_COMPLETED,W18,3,1,TASK-137,SRCREF-00170;SRCREF-02116;SRCREF-02117,jira/records/issues/tasks/TASK-137_implement_immutable_judging_rule_boundary.json,jira/issues/tasks/TASK-137_implement_immutable_judging_rule_boundary.md
TASK-138,BAT-241,100241,Task,"[TASK-138] Implement feature/model tournaments, artifact manifests, replay/comparison/adopt-reject evidence flow",EPIC-024,EPIC-024,PHASE-4,P1,DONE,DESIGN_ONLY,CONTRACT_DEFINED,VERIFIED,false,TASK-137,false,serving-product,SOLO_WORKTREE,HISTORICAL_REFERENCE,HISTORICAL_SCOPED_COMPLETED,W18,3,1,TASK-138,SRCREF-00171;SRCREF-02116;SRCREF-02117,jira/records/issues/tasks/TASK-138_implement_feature_model_tournaments_artifact_manifests_replay_comparison_adopt_r.json,jira/issues/tasks/TASK-138_implement_feature_model_tournaments_artifact_manifests_replay_comparison_adopt_r.md
TASK-139,BAT-242,100242,Task,[TASK-139] Pass corrected autonomous research/tournament governance gate,EPIC-024,EPIC-024,PHASE-4,P1,DONE,DESIGN_ONLY,CONTRACT_DEFINED,VERIFIED,false,TASK-138,true,release-readiness,PROTECTED_GATE,HISTORICAL_REFERENCE,HISTORICAL_SCOPED_COMPLETED,W18,3,1,TASK-139,SRCREF-00172;SRCREF-02116;SRCREF-02117,jira/records/issues/tasks/TASK-139_pass_corrected_autonomous_research_tournament_governance_gate.json,jira/issues/tasks/TASK-139_pass_corrected_autonomous_research_tournament_governance_gate.md
TASK-140,BAT-243,100243,Task,[TASK-140] Implement common model artifact/runtime interface,EPIC-025,EPIC-025,PHASE-4,P1,DONE,DESIGN_ONLY,FUNCTIONAL_STARTER,VERIFIED,false,TASK-046;TASK-121;TASK-133,false,modeling,SOLO_WORKTREE,HISTORICAL_REFERENCE,HISTORICAL_SCOPED_COMPLETED,W20,3,1,TASK-140,SRCREF-00173;SRCREF-02116;SRCREF-02117,jira/records/issues/tasks/TASK-140_implement_common_model_artifact_runtime_interface.json,jira/issues/tasks/TASK-140_implement_common_model_artifact_runtime_interface.md
TASK-141,BAT-244,100244,Task,[TASK-141] Implement selected baseline and boosting model starters,EPIC-025,EPIC-025,PHASE-4,P1,DONE,DESIGN_ONLY,FUNCTIONAL_STARTER,VERIFIED,false,TASK-040;TASK-140,false,modeling,SOLO_WORKTREE,HISTORICAL_REFERENCE,HISTORICAL_SCOPED_COMPLETED,W20,3,1,TASK-141,SRCREF-00174;SRCREF-02116;SRCREF-02117,jira/records/issues/tasks/TASK-141_implement_selected_baseline_and_boosting_model_starters.json,jira/issues/tasks/TASK-141_implement_selected_baseline_and_boosting_model_starters.md
TASK-142,BAT-245,100245,Task,[TASK-142] Implement score/margin/joint-distribution starter,EPIC-025,EPIC-025,PHASE-4,P1,DONE,DESIGN_ONLY,FUNCTIONAL_STARTER,VERIFIED,false,TASK-121;TASK-140,false,modeling,SOLO_WORKTREE,HISTORICAL_REFERENCE,HISTORICAL_SCOPED_COMPLETED,W20,3,1,TASK-142,SRCREF-00175;SRCREF-02116;SRCREF-02117,jira/records/issues/tasks/TASK-142_implement_score_margin_joint_distribution_starter.json,jira/issues/tasks/TASK-142_implement_score_margin_joint_distribution_starter.md
TASK-143,BAT-246,100246,Task,[TASK-143] Implement calibration/ensemble/uncertainty starter,EPIC-025,EPIC-025,PHASE-4,P1,DONE,DESIGN_ONLY,FUNCTIONAL_STARTER,VERIFIED,false,TASK-127;TASK-141;TASK-142,false,modeling,SOLO_WORKTREE,HISTORICAL_REFERENCE,HISTORICAL_SCOPED_COMPLETED,W20,3,1,TASK-143,SRCREF-00176;SRCREF-02116;SRCREF-02117,jira/records/issues/tasks/TASK-143_implement_calibration_ensemble_uncertainty_starter.json,jira/issues/tasks/TASK-143_implement_calibration_ensemble_uncertainty_starter.md
TASK-144,BAT-247,100247,Task,[TASK-144] Implement model registry abstraction and immutable metadata,EPIC-025,EPIC-025,PHASE-4,P1,DONE,DESIGN_ONLY,FUNCTIONAL_STARTER,VERIFIED,false,TASK-133;TASK-140,false,modeling,SOLO_WORKTREE,HISTORICAL_REFERENCE,HISTORICAL_SCOPED_COMPLETED,W20,3,1,TASK-144,SRCREF-00177;SRCREF-02116;SRCREF-02117,jira/records/issues/tasks/TASK-144_implement_model_registry_abstraction_and_immutable_metadata.json,jira/issues/tasks/TASK-144_implement_model_registry_abstraction_and_immutable_metadata.md
TASK-145,BAT-248,100248,Task,[TASK-145] Pass starter forecast-model integration gate,EPIC-025,EPIC-025,PHASE-4,P1,DONE,DESIGN_ONLY,FUNCTIONAL_STARTER,VERIFIED,false,TASK-115;TASK-143;TASK-144,true,modeling,PROTECTED_GATE,HISTORICAL_REFERENCE,HISTORICAL_SCOPED_COMPLETED,W20,3,1,TASK-145,SRCREF-00178;SRCREF-02116;SRCREF-02117,jira/records/issues/tasks/TASK-145_pass_starter_forecast_model_integration_gate.json,jira/issues/tasks/TASK-145_pass_starter_forecast_model_integration_gate.md
TASK-146,BAT-249,100249,Task,[TASK-146] Select orchestrator based on local operational requirements,EPIC-026,EPIC-026,PHASE-4,P1,DONE,DESIGN_ONLY,INTEGRATED,VERIFIED,false,TASK-139;TASK-145,false,mlops,SOLO_WORKTREE,HISTORICAL_REFERENCE,HISTORICAL_SCOPED_COMPLETED,W21,3,2,TASK-146,SRCREF-00179;SRCREF-02116;SRCREF-02117,jira/records/issues/tasks/TASK-146_select_orchestrator_based_on_local_operational_requirements.json,jira/issues/tasks/TASK-146_select_orchestrator_based_on_local_operational_requirements.md
TASK-147,BAT-250,100250,Task,[TASK-147] Implement resumable ingestion/QA/quarantine/state workflow,EPIC-026,EPIC-026,PHASE-4,P1,DONE,DESIGN_ONLY,INTEGRATED,VERIFIED,false,TASK-046;TASK-146,false,mlops,SOLO_WORKTREE,HISTORICAL_REFERENCE,HISTORICAL_SCOPED_COMPLETED,W21,3,1,TASK-147,SRCREF-00180;SRCREF-02116;SRCREF-02117,jira/records/issues/tasks/TASK-147_implement_resumable_ingestion_qa_quarantine_state_workflow.json,jira/issues/tasks/TASK-147_implement_resumable_ingestion_qa_quarantine_state_workflow.md
TASK-148,BAT-251,100251,Task,[TASK-148] Implement feature/train/calibrate/challenger workflow,EPIC-026,EPIC-026,PHASE-4,P1,DONE,DESIGN_ONLY,INTEGRATED,VERIFIED,false,TASK-133;TASK-145;TASK-146,false,mlops,SOLO_WORKTREE,HISTORICAL_REFERENCE,HISTORICAL_SCOPED_COMPLETED,W21,3,1,TASK-148,SRCREF-00181;SRCREF-02116;SRCREF-02117,jira/records/issues/tasks/TASK-148_implement_feature_train_calibrate_challenger_workflow.json,jira/issues/tasks/TASK-148_implement_feature_train_calibrate_challenger_workflow.md
TASK-149,BAT-252,100252,Task,[TASK-149] Implement promotion/rollback/prediction snapshot workflow,EPIC-026,EPIC-026,PHASE-4,P1,DONE,DESIGN_ONLY,INTEGRATED,VERIFIED,false,TASK-148,false,mlops,PROTECTED_GATE,HISTORICAL_REFERENCE,HISTORICAL_SCOPED_COMPLETED,W21,3,1,TASK-149,SRCREF-00182;SRCREF-02116;SRCREF-02117,jira/records/issues/tasks/TASK-149_implement_promotion_rollback_prediction_snapshot_workflow.json,jira/issues/tasks/TASK-149_implement_promotion_rollback_prediction_snapshot_workflow.md
TASK-150,BAT-253,100253,Task,[TASK-150] Implement result scoring/postmortem/research-queue workflow,EPIC-026,EPIC-026,PHASE-4,P1,DONE,DESIGN_ONLY,INTEGRATED,VERIFIED,false,TASK-139;TASK-149,false,mlops,SOLO_WORKTREE,HISTORICAL_REFERENCE,HISTORICAL_SCOPED_COMPLETED,W21,3,1,TASK-150,SRCREF-00183;SRCREF-02116;SRCREF-02117,jira/records/issues/tasks/TASK-150_implement_result_scoring_postmortem_research_queue_workflow.json,jira/issues/tasks/TASK-150_implement_result_scoring_postmortem_research_queue_workflow.md
TASK-151,BAT-254,100254,Task,[TASK-151] Pass weekly pipeline idempotency/resume gate,EPIC-026,EPIC-026,PHASE-4,P1,DONE,DESIGN_ONLY,INTEGRATED,VERIFIED,false,TASK-147;TASK-150,true,mlops,PROTECTED_GATE,HISTORICAL_REFERENCE,HISTORICAL_SCOPED_COMPLETED,W21,3,1,TASK-151,SRCREF-00184;SRCREF-02116;SRCREF-02117,jira/records/issues/tasks/TASK-151_pass_weekly_pipeline_idempotency_resume_gate.json,jira/issues/tasks/TASK-151_pass_weekly_pipeline_idempotency_resume_gate.md
TASK-152,BAT-255,100255,Task,[TASK-152] Freeze snapshot-serving API contract,EPIC-027,EPIC-027,PHASE-4,P1,DONE,DESIGN_ONLY,INTEGRATED,VERIFIED,false,TASK-151,false,serving-product,SHARED_CONTRACT,HISTORICAL_REFERENCE,HISTORICAL_SCOPED_COMPLETED,W22,3,1,TASK-152,SRCREF-00185;SRCREF-02116;SRCREF-02117,jira/records/issues/tasks/TASK-152_freeze_snapshot_serving_api_contract.json,jira/issues/tasks/TASK-152_freeze_snapshot_serving_api_contract.md
TASK-153,BAT-256,100256,Task,[TASK-153] Select product framework against actual requirements,EPIC-027,EPIC-027,PHASE-4,P1,DONE,DESIGN_ONLY,INTEGRATED,VERIFIED,false,TASK-152,false,serving-product,SOLO_WORKTREE,HISTORICAL_REFERENCE,HISTORICAL_SCOPED_COMPLETED,W22,3,1,TASK-153,SRCREF-00186;SRCREF-02116;SRCREF-02117,jira/records/issues/tasks/TASK-153_select_product_framework_against_actual_requirements.json,jira/issues/tasks/TASK-153_select_product_framework_against_actual_requirements.md
TASK-154,BAT-257,100257,Task,[TASK-154] Implement A&M forecast dashboard starter,EPIC-027,EPIC-027,PHASE-4,P1,DONE,DESIGN_ONLY,INTEGRATED,VERIFIED,false,TASK-115;TASK-145;TASK-152;TASK-153,false,serving-product,SOLO_WORKTREE,HISTORICAL_REFERENCE,HISTORICAL_SCOPED_COMPLETED,W22,3,1,TASK-154,SRCREF-00187;SRCREF-02116;SRCREF-02117,jira/records/issues/tasks/TASK-154_implement_a_and_m_forecast_dashboard_starter.json,jira/issues/tasks/TASK-154_implement_a_and_m_forecast_dashboard_starter.md
TASK-155,BAT-258,100258,Task,[TASK-155] Implement uncertainty/BAS/availability/matchup explanation views,EPIC-027,EPIC-027,PHASE-4,P1,DONE,DESIGN_ONLY,INTEGRATED,VERIFIED,false,TASK-154,false,bas-science,SOLO_WORKTREE,HISTORICAL_REFERENCE,HISTORICAL_SCOPED_COMPLETED,W22,3,1,TASK-155,SRCREF-00188;SRCREF-02116;SRCREF-02117,jira/records/issues/tasks/TASK-155_implement_uncertainty_bas_availability_matchup_explanation_views.json,jira/issues/tasks/TASK-155_implement_uncertainty_bas_availability_matchup_explanation_views.md
TASK-156,BAT-259,100259,Task,[TASK-156] Implement source/model/data snapshot lineage display,EPIC-027,EPIC-027,PHASE-4,P1,DONE,DESIGN_ONLY,INTEGRATED,VERIFIED,false,TASK-152,false,serving-product,SOLO_WORKTREE,HISTORICAL_REFERENCE,HISTORICAL_SCOPED_COMPLETED,W22,3,1,TASK-156,SRCREF-00189;SRCREF-02116;SRCREF-02117,jira/records/issues/tasks/TASK-156_implement_source_model_data_snapshot_lineage_display.json,jira/issues/tasks/TASK-156_implement_source_model_data_snapshot_lineage_display.md
TASK-157,BAT-260,100260,Task,[TASK-157] Pass snapshot-only serving and product acceptance gate,EPIC-027,EPIC-027,PHASE-4,P1,DONE,DESIGN_ONLY,INTEGRATED,VERIFIED,false,TASK-155;TASK-156,true,serving-product,PROTECTED_GATE,HISTORICAL_REFERENCE,HISTORICAL_SCOPED_COMPLETED,W22,3,1,TASK-157,SRCREF-00190;SRCREF-02116;SRCREF-02117,jira/records/issues/tasks/TASK-157_pass_snapshot_only_serving_and_product_acceptance_gate.json,jira/issues/tasks/TASK-157_pass_snapshot_only_serving_and_product_acceptance_gate.md
TASK-158,BAT-261,100261,Task,[TASK-158] Extend CI for real dependency/data/model surfaces,EPIC-028,EPIC-028,PHASE-4,P1,DONE,DESIGN_ONLY,INTEGRATED,VERIFIED,false,TASK-157,false,operations-security,SOLO_WORKTREE,HISTORICAL_REFERENCE,HISTORICAL_SCOPED_COMPLETED,W23,3,1,TASK-158,SRCREF-00191;SRCREF-02116;SRCREF-02117,jira/records/issues/tasks/TASK-158_extend_ci_for_real_dependency_data_model_surfaces.json,jira/issues/tasks/TASK-158_extend_ci_for_real_dependency_data_model_surfaces.md
TASK-159,BAT-262,100262,Task,[TASK-159] Implement dependency/security/provenance scans,EPIC-028,EPIC-028,PHASE-4,P1,DONE,DESIGN_ONLY,INTEGRATED,VERIFIED,false,TASK-158,false,operations-security,SOLO_WORKTREE,HISTORICAL_REFERENCE,HISTORICAL_SCOPED_COMPLETED,W23,3,1,TASK-159,SRCREF-00192;SRCREF-02116;SRCREF-02117,jira/records/issues/tasks/TASK-159_implement_dependency_security_provenance_scans.json,jira/issues/tasks/TASK-159_implement_dependency_security_provenance_scans.md
TASK-160,BAT-263,100263,Task,[TASK-160] Implement structured logs/metrics/run status and audit traces,EPIC-028,EPIC-028,PHASE-4,P1,DONE,DESIGN_ONLY,INTEGRATED,VERIFIED,false,TASK-151;TASK-157,false,operations-security,SOLO_WORKTREE,HISTORICAL_REFERENCE,HISTORICAL_SCOPED_COMPLETED,W23,3,1,TASK-160,SRCREF-00193;SRCREF-02116;SRCREF-02117,jira/records/issues/tasks/TASK-160_implement_structured_logs_metrics_run_status_and_audit_traces.json,jira/issues/tasks/TASK-160_implement_structured_logs_metrics_run_status_and_audit_traces.md
TASK-161,BAT-265,100264,Task,[TASK-161] Benchmark CPU/GPU/RAM/runtime on target hardware,EPIC-028,EPIC-028,PHASE-4,P1,BLOCKED,DESIGN_ONLY,FUNCTIONAL_STARTER,BLOCKED,false,TASK-145;TASK-151,false,operations-security,PROTECTED_GATE,HISTORICAL_REFERENCE,HISTORICAL_OPEN_OR_DEFERRED,W23,3,2,TASK-161,SRCREF-00194;SRCREF-02116;SRCREF-02117,jira/records/issues/tasks/TASK-161_benchmark_cpu_gpu_ram_runtime_on_target_hardware.json,jira/issues/tasks/TASK-161_benchmark_cpu_gpu_ram_runtime_on_target_hardware.md
TASK-162,BAT-267,100265,Task,[TASK-162] Implement backup/restore/artifact retention runbooks,EPIC-028,EPIC-028,PHASE-4,P1,DONE,DESIGN_ONLY,INTEGRATED,VERIFIED,false,TASK-160,false,operations-security,SOLO_WORKTREE,HISTORICAL_REFERENCE,HISTORICAL_SCOPED_COMPLETED,W23,3,1,TASK-162,SRCREF-00195;SRCREF-02116;SRCREF-02117,jira/records/issues/tasks/TASK-162_implement_backup_restore_artifact_retention_runbooks.json,jira/issues/tasks/TASK-162_implement_backup_restore_artifact_retention_runbooks.md
TASK-163,BAT-268,100266,Task,[TASK-163] Pass local production operations gate,EPIC-028,EPIC-028,PHASE-4,P1,BLOCKED,DESIGN_ONLY,FUNCTIONAL_STARTER,BLOCKED,false,TASK-159;TASK-161;TASK-162,true,operations-security,PROTECTED_GATE,HISTORICAL_REFERENCE,HISTORICAL_OPEN_OR_DEFERRED,W23,3,2,TASK-163,SRCREF-00196;SRCREF-02116;SRCREF-02117,jira/records/issues/tasks/TASK-163_pass_local_production_operations_gate.json,jira/issues/tasks/TASK-163_pass_local_production_operations_gate.md
TASK-164,BAT-270,100267,Task,[TASK-164] Define advanced challenger admission criteria,EPIC-029,EPIC-029,PHASE-5,P2,DONE,DESIGN_ONLY,CONTRACT_DEFINED,VERIFIED,false,TASK-133;TASK-139,false,advanced-challengers,SOLO_WORKTREE,HISTORICAL_REFERENCE,HISTORICAL_SCOPED_COMPLETED,W18,3,1,TASK-164,SRCREF-00197;SRCREF-02116;SRCREF-02117,jira/records/issues/tasks/TASK-164_define_advanced_challenger_admission_criteria.json,jira/issues/tasks/TASK-164_define_advanced_challenger_admission_criteria.md
TASK-165,BAT-272,100268,Task,[TASK-165] Implement small PyTorch tabular challenger only if admitted,EPIC-029,EPIC-029,PHASE-5,P3,DEFERRED,DESIGN_ONLY,FUNCTIONAL_STARTER,PLANNED,false,TASK-164,false,advanced-challengers,RESEARCH_LANE,HISTORICAL_REFERENCE,HISTORICAL_OPEN_OR_DEFERRED,W18+,3,1,TASK-165,SRCREF-00198;SRCREF-02116;SRCREF-02117,jira/records/issues/tasks/TASK-165_implement_small_pytorch_tabular_challenger_only_if_admitted.json,jira/issues/tasks/TASK-165_implement_small_pytorch_tabular_challenger_only_if_admitted.md
TASK-166,BAT-274,100269,Task,[TASK-166] Evaluate temporal/sequence challengers only after baseline saturation evidence,EPIC-029,EPIC-029,PHASE-5,P3,DEFERRED,DESIGN_ONLY,FUNCTIONAL_STARTER,PLANNED,false,TASK-040;TASK-164,false,advanced-challengers,RESEARCH_LANE,HISTORICAL_REFERENCE,HISTORICAL_OPEN_OR_DEFERRED,W18+,3,1,TASK-166,SRCREF-00199;SRCREF-02116;SRCREF-02117,jira/records/issues/tasks/TASK-166_evaluate_temporal_sequence_challengers_only_after_baseline_saturation_evidence.json,jira/issues/tasks/TASK-166_evaluate_temporal_sequence_challengers_only_after_baseline_saturation_evidence.md
TASK-167,BAT-276,100270,Task,[TASK-167] Evaluate graph methods only if relational signal justifies complexity,EPIC-029,EPIC-029,PHASE-5,P3,DEFERRED,DESIGN_ONLY,FUNCTIONAL_STARTER,PLANNED,false,TASK-164,false,advanced-challengers,RESEARCH_LANE,HISTORICAL_REFERENCE,HISTORICAL_OPEN_OR_DEFERRED,W18+,3,1,TASK-167,SRCREF-00200;SRCREF-02116;SRCREF-02117,jira/records/issues/tasks/TASK-167_evaluate_graph_methods_only_if_relational_signal_justifies_complexity.json,jira/issues/tasks/TASK-167_evaluate_graph_methods_only_if_relational_signal_justifies_complexity.md
TASK-168,BAT-278,100271,Task,[TASK-168] Promote or reject advanced challengers via unchanged W17 gate,EPIC-029,EPIC-029,PHASE-5,P2,DEFERRED,DESIGN_ONLY,FUNCTIONAL_STARTER,PLANNED,false,TASK-165;TASK-166;TASK-167,false,advanced-challengers,PROTECTED_GATE,HISTORICAL_REFERENCE,HISTORICAL_OPEN_OR_DEFERRED,W18+,3,1,TASK-168,SRCREF-00201;SRCREF-02116;SRCREF-02117,jira/records/issues/tasks/TASK-168_promote_or_reject_advanced_challengers_via_unchanged_w17_gate.json,jira/issues/tasks/TASK-168_promote_or_reject_advanced_challengers_via_unchanged_w17_gate.md
TASK-169,BAT-280,100272,Task,[TASK-169] Define isolated live observation/replay contract,EPIC-030,EPIC-030,PHASE-5,P3,DEFERRED,DESIGN_ONLY,DESIGN_ONLY,PLANNED,false,TASK-163,false,release-readiness,SOLO_WORKTREE,HISTORICAL_REFERENCE,HISTORICAL_OPEN_OR_DEFERRED,W24+,3,1,TASK-169,SRCREF-00202;SRCREF-02116;SRCREF-02117,jira/records/issues/tasks/TASK-169_define_isolated_live_observation_replay_contract.json,jira/issues/tasks/TASK-169_define_isolated_live_observation_replay_contract.md
TASK-170,BAT-282,100273,Task,[TASK-170] Inventory legitimate historical/live source requirements,EPIC-030,EPIC-030,PHASE-5,P3,DEFERRED,DESIGN_ONLY,FUNCTIONAL_STARTER,PLANNED,false,TASK-169,false,release-readiness,RESEARCH_LANE,HISTORICAL_REFERENCE,HISTORICAL_OPEN_OR_DEFERRED,W24+,3,1,TASK-170,SRCREF-00203;SRCREF-02116;SRCREF-02117,jira/records/issues/tasks/TASK-170_inventory_legitimate_historical_live_source_requirements.json,jira/issues/tasks/TASK-170_inventory_legitimate_historical_live_source_requirements.md
TASK-171,BAT-284,100274,Task,[TASK-171] Prototype live-state feature/replay harness if evidence supports,EPIC-030,EPIC-030,PHASE-5,P3,DEFERRED,DESIGN_ONLY,FUNCTIONAL_STARTER,PLANNED,false,TASK-170,false,feature-engineering,RESEARCH_LANE,HISTORICAL_REFERENCE,HISTORICAL_OPEN_OR_DEFERRED,W24+,3,1,TASK-171,SRCREF-00204;SRCREF-02116;SRCREF-02117,jira/records/issues/tasks/TASK-171_prototype_live_state_feature_replay_harness_if_evidence_supports.json,jira/issues/tasks/TASK-171_prototype_live_state_feature_replay_harness_if_evidence_supports.md
TASK-172,BAT-286,100275,Task,[TASK-172] Prove pregame/live isolation through leakage tests,EPIC-030,EPIC-030,PHASE-5,P3,DEFERRED,DESIGN_ONLY,FUNCTIONAL_STARTER,PLANNED,false,TASK-171,false,validation-promotion,PROTECTED_GATE,HISTORICAL_REFERENCE,HISTORICAL_OPEN_OR_DEFERRED,W24+,3,1,TASK-172,SRCREF-00205;SRCREF-02116;SRCREF-02117,jira/records/issues/tasks/TASK-172_prove_pregame_live_isolation_through_leakage_tests.json,jira/issues/tasks/TASK-172_prove_pregame_live_isolation_through_leakage_tests.md
TASK-173,BAT-288,100276,Task,[TASK-173] Run synthetic end-to-end and historical replay readiness battery,EPIC-031,EPIC-031,PHASE-5,P1,DONE,DESIGN_ONLY,INTEGRATED,VERIFIED,false,TASK-162,false,validation-promotion,PROTECTED_GATE,HISTORICAL_REFERENCE,HISTORICAL_SCOPED_COMPLETED,W24,3,1,TASK-173,SRCREF-00206;SRCREF-02116;SRCREF-02117,jira/records/issues/tasks/TASK-173_run_synthetic_end_to_end_and_historical_replay_readiness_battery.json,jira/issues/tasks/TASK-173_run_synthetic_end_to_end_and_historical_replay_readiness_battery.md
TASK-174,BAT-290,100277,Task,[TASK-174] Run leakage/source-contract/packaging acceptance battery,EPIC-031,EPIC-031,PHASE-5,P1,DONE,DESIGN_ONLY,INTEGRATED,VERIFIED,false,TASK-173,false,validation-promotion,PROTECTED_GATE,HISTORICAL_REFERENCE,HISTORICAL_SCOPED_COMPLETED,W24,3,1,TASK-174,SRCREF-00207;SRCREF-02116;SRCREF-02117,jira/records/issues/tasks/TASK-174_run_leakage_source_contract_packaging_acceptance_battery.json,jira/issues/tasks/TASK-174_run_leakage_source_contract_packaging_acceptance_battery.md
TASK-175,BAT-293,100278,Task,[TASK-175] Refresh source landscape against W06 baseline,EPIC-031,EPIC-031,PHASE-5,P1,DONE,DESIGN_ONLY,INTEGRATED,VERIFIED,false,TASK-173,false,modeling,RESEARCH_LANE,HISTORICAL_REFERENCE,HISTORICAL_SCOPED_COMPLETED,W24,3,1,TASK-175,SRCREF-00208;SRCREF-02116;SRCREF-02117,jira/records/issues/tasks/TASK-175_refresh_source_landscape_against_w06_baseline.json,jira/issues/tasks/TASK-175_refresh_source_landscape_against_w06_baseline.md
TASK-176,BAT-295,100279,Task,[TASK-176] Perform final architecture challenge KEEP/REVISE/DEFER/REJECT,EPIC-031,EPIC-031,PHASE-5,P1,DONE,DESIGN_ONLY,INTEGRATED,VERIFIED,false,TASK-174;TASK-175,false,release-readiness,SHARED_CONTRACT,HISTORICAL_REFERENCE,HISTORICAL_SCOPED_COMPLETED,W24,3,1,TASK-176,SRCREF-00209;SRCREF-02116;SRCREF-02117,jira/records/issues/tasks/TASK-176_perform_final_architecture_challenge_keep_revise_defer_reject.json,jira/issues/tasks/TASK-176_perform_final_architecture_challenge_keep_revise_defer_reject.md
TASK-177,BAT-296,100280,Task,[TASK-177] Resolve material W24 revisions without unnecessary churn,EPIC-031,EPIC-031,PHASE-5,P1,DONE,DESIGN_ONLY,INTEGRATED,VERIFIED,false,TASK-176,false,operations-security,SOLO_WORKTREE,HISTORICAL_REFERENCE,HISTORICAL_SCOPED_COMPLETED,W24,3,1,TASK-177,SRCREF-00210;SRCREF-02116;SRCREF-02117,jira/records/issues/tasks/TASK-177_resolve_material_w24_revisions_without_unnecessary_churn.json,jira/issues/tasks/TASK-177_resolve_material_w24_revisions_without_unnecessary_churn.md
TASK-178,BAT-298,100281,Task,[TASK-178] Pass W24 end-to-end readiness gate,EPIC-031,EPIC-031,PHASE-5,P1,DONE,DESIGN_ONLY,INTEGRATED,VERIFIED,false,TASK-177,true,modeling,PROTECTED_GATE,HISTORICAL_REFERENCE,HISTORICAL_SCOPED_COMPLETED,W24,3,1,TASK-178,SRCREF-00211;SRCREF-02116;SRCREF-02117,jira/records/issues/tasks/TASK-178_pass_w24_end_to_end_readiness_gate.json,jira/issues/tasks/TASK-178_pass_w24_end_to_end_readiness_gate.md
TASK-179,BAT-300,100282,Task,[TASK-179] Audit requirements/ADR/risk/acceptance completeness,EPIC-032,EPIC-032,PHASE-5,P1,DONE,DESIGN_ONLY,INTEGRATED,VERIFIED,false,TASK-178,false,validation-promotion,PROTECTED_GATE,HISTORICAL_REFERENCE,HISTORICAL_SCOPED_COMPLETED,W25,3,1,TASK-179,SRCREF-00212;SRCREF-02116;SRCREF-02117,jira/records/issues/tasks/TASK-179_audit_requirements_adr_risk_acceptance_completeness.json,jira/issues/tasks/TASK-179_audit_requirements_adr_risk_acceptance_completeness.md
TASK-180,BAT-302,100283,Task,[TASK-180] Audit data/PIT/feature/model/repository readiness,EPIC-032,EPIC-032,PHASE-5,P1,DONE,DESIGN_ONLY,INTEGRATED,VERIFIED,false,TASK-179,false,validation-promotion,PROTECTED_GATE,HISTORICAL_REFERENCE,HISTORICAL_SCOPED_COMPLETED,W25,3,1,TASK-180,SRCREF-00213;SRCREF-02116;SRCREF-02117,jira/records/issues/tasks/TASK-180_audit_data_pit_feature_model_repository_readiness.json,jira/issues/tasks/TASK-180_audit_data_pit_feature_model_repository_readiness.md
TASK-181,BAT-304,100284,Task,[TASK-181] Produce final known-gap/risk/backlog registers,EPIC-032,EPIC-032,PHASE-5,P1,DONE,DESIGN_ONLY,INTEGRATED,VERIFIED,false,TASK-180,false,validation-promotion,SOLO_WORKTREE,HISTORICAL_REFERENCE,HISTORICAL_SCOPED_COMPLETED,W25,3,1,TASK-181,SRCREF-00214;SRCREF-02116;SRCREF-02117,jira/records/issues/tasks/TASK-181_produce_final_known_gap_risk_backlog_registers.json,jira/issues/tasks/TASK-181_produce_final_known_gap_risk_backlog_registers.md
TASK-182,BAT-306,100285,Task,[TASK-182] Produce final architecture rationale and rejected alternatives,EPIC-032,EPIC-032,PHASE-5,P1,DONE,DESIGN_ONLY,INTEGRATED,VERIFIED,false,TASK-180,false,validation-promotion,SOLO_WORKTREE,HISTORICAL_REFERENCE,HISTORICAL_SCOPED_COMPLETED,W25,3,2,TASK-182,SRCREF-00215;SRCREF-02116;SRCREF-02117,jira/records/issues/tasks/TASK-182_produce_final_architecture_rationale_and_rejected_alternatives.json,jira/issues/tasks/TASK-182_produce_final_architecture_rationale_and_rejected_alternatives.md
TASK-183,BAT-308,100286,Task,[TASK-183] Produce final implementation priority and first-72-hour queue,EPIC-032,EPIC-032,PHASE-5,P1,DONE,DESIGN_ONLY,INTEGRATED,VERIFIED,false,TASK-181;TASK-182,false,validation-promotion,SOLO_WORKTREE,HISTORICAL_REFERENCE,HISTORICAL_SCOPED_COMPLETED,W25,3,2,TASK-183,SRCREF-00216;SRCREF-02116;SRCREF-02117,jira/records/issues/tasks/TASK-183_produce_final_implementation_priority_and_first_72_hour_queue.json,jira/issues/tasks/TASK-183_produce_final_implementation_priority_and_first_72_hour_queue.md
TASK-184,BAT-310,100287,Task,[TASK-184] Freeze final cumulative/hydration Codex handoff,EPIC-032,EPIC-032,PHASE-5,P1,DONE,DESIGN_ONLY,INTEGRATED,VERIFIED,false,TASK-183,true,operations-security,PROTECTED_GATE,HISTORICAL_REFERENCE,HISTORICAL_SCOPED_COMPLETED,W25,3,1,TASK-184,SRCREF-00217;SRCREF-02116;SRCREF-02117,jira/records/issues/tasks/TASK-184_freeze_final_cumulative_hydration_codex_handoff.json,jira/issues/tasks/TASK-184_freeze_final_cumulative_hydration_codex_handoff.md
TASK-185,BAT-312,100288,Task,[TASK-185] Verify prior-wave pair before every mutation,EPIC-033,EPIC-033,PHASE-4,P1,DONE,DESIGN_ONLY,CONTRACT_DEFINED,VERIFIED,false,,false,release-readiness,PROTECTED_GATE,HISTORICAL_REFERENCE,HISTORICAL_SCOPED_COMPLETED,W06-W25,3,1,TASK-185,SRCREF-00218;SRCREF-02116;SRCREF-02117,jira/records/issues/tasks/TASK-185_verify_prior_wave_pair_before_every_mutation.json,jira/issues/tasks/TASK-185_verify_prior_wave_pair_before_every_mutation.md
TASK-186,BAT-314,100289,Task,[TASK-186] Maintain cumulative manifests/hydration/secret/forbidden-artifact gates,EPIC-033,EPIC-033,PHASE-4,P1,DONE,DESIGN_ONLY,CONTRACT_DEFINED,VERIFIED,false,TASK-185,false,operations-security,SHARED_CONTRACT,HISTORICAL_REFERENCE,HISTORICAL_SCOPED_COMPLETED,W06-W25,3,1,TASK-186,SRCREF-00219;SRCREF-02116;SRCREF-02117,jira/records/issues/tasks/TASK-186_maintain_cumulative_manifests_hydration_secret_forbidden_artifact_gates.json,jira/issues/tasks/TASK-186_maintain_cumulative_manifests_hydration_secret_forbidden_artifact_gates.md
TASK-187,BAT-316,100290,Task,[TASK-187] Maintain REQ/ADR/RISK/AC/task traceability,EPIC-033,EPIC-033,PHASE-4,P1,DONE,DESIGN_ONLY,CONTRACT_DEFINED,VERIFIED,false,TASK-185,false,release-readiness,SHARED_CONTRACT,HISTORICAL_REFERENCE,HISTORICAL_SCOPED_COMPLETED,W06-W25,3,1,TASK-187,SRCREF-00220;SRCREF-02116;SRCREF-02117,jira/records/issues/tasks/TASK-187_maintain_req_adr_risk_ac_task_traceability.json,jira/issues/tasks/TASK-187_maintain_req_adr_risk_ac_task_traceability.md
TASK-188,BAT-318,100291,Task,[TASK-188] Run start/end adaptive reviews and controlled plan revisions,EPIC-033,EPIC-033,PHASE-4,P1,DONE,DESIGN_ONLY,CONTRACT_DEFINED,VERIFIED,false,TASK-185,false,release-readiness,SHARED_CONTRACT,HISTORICAL_REFERENCE,HISTORICAL_SCOPED_COMPLETED,W06-W25,3,1,TASK-188,SRCREF-00221;SRCREF-02116;SRCREF-02117,jira/records/issues/tasks/TASK-188_run_start_end_adaptive_reviews_and_controlled_plan_revisions.json,jira/issues/tasks/TASK-188_run_start_end_adaptive_reviews_and_controlled_plan_revisions.md
TASK-189,BAT-320,100292,Task,[TASK-189] Protect judging rules from research-agent mutation,EPIC-033,EPIC-033,PHASE-4,P1,DONE,DESIGN_ONLY,CONTRACT_DEFINED,VERIFIED,false,TASK-187,false,validation-promotion,PROTECTED_GATE,HISTORICAL_REFERENCE,HISTORICAL_SCOPED_COMPLETED,W06-W25,3,1,TASK-189,SRCREF-00222;SRCREF-02116;SRCREF-02117,jira/records/issues/tasks/TASK-189_protect_judging_rules_from_research_agent_mutation.json,jira/issues/tasks/TASK-189_protect_judging_rules_from_research_agent_mutation.md
TASK-190,BAT-322,100293,Task,[TASK-190] Define source publication/report-version evidence identity,EPIC-002,EPIC-002,PHASE-1,P1,DONE,DESIGN_ONLY,CONTRACT_DEFINED,VERIFIED,false,TASK-007,false,mlops,SHARED_CONTRACT,HISTORICAL_REFERENCE,HISTORICAL_SCOPED_COMPLETED,W07,3,3,TASK-190,SRCREF-00223;SRCREF-02116;SRCREF-02117,jira/records/issues/tasks/TASK-190_define_source_publication_report_version_evidence_identity.json,jira/issues/tasks/TASK-190_define_source_publication_report_version_evidence_identity.md
TASK-191,BAT-324,100294,Task,[TASK-191] Implement availability report version and policy-scope PIT semantics,EPIC-003,EPIC-003,PHASE-1,P1,DONE,DESIGN_ONLY,CONTRACT_DEFINED,VERIFIED,false,TASK-015;TASK-190,false,player-context-intelligence,SHARED_CONTRACT,HISTORICAL_REFERENCE,HISTORICAL_SCOPED_COMPLETED,W08,3,1,TASK-191,SRCREF-00224;SRCREF-02116;SRCREF-02117,jira/records/issues/tasks/TASK-191_implement_availability_report_version_and_policy_scope_pit_semantics.json,jira/issues/tasks/TASK-191_implement_availability_report_version_and_policy_scope_pit_semantics.md
TASK-192,BAT-325,100295,Task,[TASK-192] Implement weather model-run initialization/lead-time PIT semantics,EPIC-003,EPIC-003,PHASE-1,P1,DONE,DESIGN_ONLY,CONTRACT_DEFINED,VERIFIED,false,TASK-015,false,modeling,SHARED_CONTRACT,HISTORICAL_REFERENCE,HISTORICAL_SCOPED_COMPLETED,W08,3,1,TASK-192,SRCREF-00225;SRCREF-02116;SRCREF-02117,jira/records/issues/tasks/TASK-192_implement_weather_model_run_initialization_lead_time_pit_semantics.json,jira/issues/tasks/TASK-192_implement_weather_model_run_initialization_lead_time_pit_semantics.md
TASK-193,BAT-328,100296,Task,[TASK-193] Materialize official conference availability source lane and A&M SEC priority,EPIC-009,EPIC-009,PHASE-2,P1,DONE,DESIGN_ONLY,CONTRACT_DEFINED,VERIFIED,false,TASK-052;TASK-191,false,player-context-intelligence,SOLO_WORKTREE,HISTORICAL_REFERENCE,HISTORICAL_SCOPED_COMPLETED,W12,3,1,TASK-193,SRCREF-00226;SRCREF-02116;SRCREF-02117,jira/records/issues/tasks/TASK-193_materialize_official_conference_availability_source_lane_and_a_and_m_sec_priorit.json,jira/issues/tasks/TASK-193_materialize_official_conference_availability_source_lane_and_a_and_m_sec_priorit.md
TASK-194,BAT-329,100297,Task,[TASK-194] Materialize bounded official lower-division strength source design,EPIC-006,EPIC-006,PHASE-1,P1,DONE,DESIGN_ONLY,CONTRACT_DEFINED,VERIFIED,false,TASK-033,false,release-readiness,SOLO_WORKTREE,HISTORICAL_REFERENCE,HISTORICAL_SCOPED_COMPLETED,W11,3,1,TASK-194,SRCREF-00227;SRCREF-02116;SRCREF-02117,jira/records/issues/tasks/TASK-194_materialize_bounded_official_lower_division_strength_source_design.json,jira/issues/tasks/TASK-194_materialize_bounded_official_lower_division_strength_source_design.md
TASK-195,BAT-331,100298,Task,[TASK-195] Expand rule-era into effective-dated regulatory environment,EPIC-012,EPIC-012,PHASE-2,P1,DONE,DESIGN_ONLY,CONTRACT_DEFINED,VERIFIED,false,TASK-069;TASK-190,false,release-readiness,SHARED_CONTRACT,HISTORICAL_REFERENCE,HISTORICAL_SCOPED_COMPLETED,W13,3,1,TASK-195,SRCREF-00228;SRCREF-02116;SRCREF-02117,jira/records/issues/tasks/TASK-195_expand_rule_era_into_effective_dated_regulatory_environment.json,jira/issues/tasks/TASK-195_expand_rule_era_into_effective_dated_regulatory_environment.md
TASK-196,BAT-333,100299,Task,[TASK-196] Evaluate timestamped market snapshot provider lane,EPIC-022,EPIC-022,PHASE-4,P2,DONE,DESIGN_ONLY,CONTRACT_DEFINED,VERIFIED,false,TASK-125,false,pit-temporal,RESEARCH_LANE,HISTORICAL_REFERENCE,HISTORICAL_SCOPED_COMPLETED,W16-W17,3,1,TASK-196,SRCREF-00229;SRCREF-02116;SRCREF-02117,jira/records/issues/tasks/TASK-196_evaluate_timestamped_market_snapshot_provider_lane.json,jira/issues/tasks/TASK-196_evaluate_timestamped_market_snapshot_provider_lane.md
TASK-197,BAT-335,100300,Task,[TASK-197] Add upstream provenance and access/license fields to source registry,EPIC-004,EPIC-004,PHASE-1,P1,DONE,DESIGN_ONLY,CONTRACT_DEFINED,VERIFIED,false,TASK-023;TASK-190,false,data-sources,SHARED_CONTRACT,HISTORICAL_REFERENCE,HISTORICAL_SCOPED_COMPLETED,W09,3,1,TASK-197,SRCREF-00230;SRCREF-02116;SRCREF-02117,jira/records/issues/tasks/TASK-197_add_upstream_provenance_and_access_license_fields_to_source_registry.json,jira/issues/tasks/TASK-197_add_upstream_provenance_and_access_license_fields_to_source_registry.md
TASK-198,BAT-347,100301,Task,[TASK-198] Define private-school resource proxy lane without football-spend fabrication,EPIC-012,EPIC-012,PHASE-2,P2,DONE,DESIGN_ONLY,CONTRACT_DEFINED,VERIFIED,false,TASK-067,false,release-readiness,RESEARCH_LANE,HISTORICAL_REFERENCE,HISTORICAL_SCOPED_COMPLETED,W13,3,1,TASK-198,SRCREF-00231;SRCREF-02116;SRCREF-02117,jira/records/issues/tasks/TASK-198_define_private_school_resource_proxy_lane_without_football_spend_fabrication.json,jira/issues/tasks/TASK-198_define_private_school_resource_proxy_lane_without_football_spend_fabrication.md
TASK-199,BAT-348,100302,Task,[TASK-199] Refresh official availability/weather/rules/vendor source landscape against W06,EPIC-031,EPIC-031,PHASE-5,P1,DONE,DESIGN_ONLY,INTEGRATED,VERIFIED,false,TASK-175,false,player-context-intelligence,RESEARCH_LANE,HISTORICAL_REFERENCE,HISTORICAL_SCOPED_COMPLETED,W24,3,1,TASK-199,SRCREF-00232;SRCREF-02116;SRCREF-02117,jira/records/issues/tasks/TASK-199_refresh_official_availability_weather_rules_vendor_source_landscape_against_w06.json,jira/issues/tasks/TASK-199_refresh_official_availability_weather_rules_vendor_source_landscape_against_w06.md
TASK-200,BAT-349,100303,Task,[TASK-200] Audit transfer/recruiting upstream rights and snapshot semantics,EPIC-010,EPIC-010,PHASE-2,P1,DONE,DESIGN_ONLY,CONTRACT_DEFINED,VERIFIED,false,TASK-054;TASK-197,false,player-context-intelligence,RESEARCH_LANE,HISTORICAL_REFERENCE,HISTORICAL_SCOPED_COMPLETED,W12,3,1,TASK-200,SRCREF-00233;SRCREF-02116;SRCREF-02117,jira/records/issues/tasks/TASK-200_audit_transfer_recruiting_upstream_rights_and_snapshot_semantics.json,jira/issues/tasks/TASK-200_audit_transfer_recruiting_upstream_rights_and_snapshot_semantics.md
TASK-201,BAT-350,100304,Task,[TASK-201] Resolve officiating assignment gap/fallback policy before feature experiments,EPIC-014,EPIC-014,PHASE-2,P2,DONE,DESIGN_ONLY,CONTRACT_DEFINED,VERIFIED,false,TASK-081,false,feature-engineering,RESEARCH_LANE,HISTORICAL_REFERENCE,HISTORICAL_SCOPED_COMPLETED,W13,3,1,TASK-201,SRCREF-00234;SRCREF-02116;SRCREF-02117,jira/records/issues/tasks/TASK-201_resolve_officiating_assignment_gap_fallback_policy_before_feature_experiments.json,jira/issues/tasks/TASK-201_resolve_officiating_assignment_gap_fallback_policy_before_feature_experiments.md
